Date,Close,High,Low,Open,Volume
2015-01-01,1126.5362548828125,1152.0272315982863,1101.0019833683973,1107.9264743700662,111455
2015-01-02,1114.8511962890625,1145.1460366574693,1111.3888922405965,1137.1395240113243,50549
2015-01-05,1115.110595703125,1137.3556235745248,1112.2541867824784,1123.506643290802,39947
2015-01-06,1104.9833984375,1114.8075917935682,1083.0844972614684,1113.5092135880964,64200
2015-01-07,1089.05712890625,1118.2267661505914,1084.6426889056202,1114.764462549781,45574
2015-01-08,1114.8511962890625,1142.5493959090297,1094.0776047660272,1094.0776047660272,76715
2015-01-09,1094.986572265625,1127.7482891194902,1087.1531215493362,1120.8669750354977,137732
2015-01-12,1096.6741943359375,1107.883358070994,1090.0959449731076,1101.781002371598,38742
2015-01-13,1100.39599609375,1128.7000848971586,1095.8084935510933,1096.674040305279,90929
2015-01-14,1092.779052734375,1126.9689069901538,1085.421730539196,1099.2708281508026,58719
2015-01-15,1097.66943359375,1113.9854025102147,1091.5239005519356,1092.3461524824793,47663
2015-01-16,1104.8536376953125,1114.8510113355244,1085.335133173163,1091.4806665573044,74290
2015-01-19,1101.953857421875,1133.8933075137186,1098.6214389193688,1108.7918735814196,104746
2015-01-20,1102.9927978515625,1126.9690400106779,1094.9431071135632,1103.6852819098447,73156
2015-01-21,1100.6558837890625,1118.2269405525678,1096.6742747614999,1103.598883043103,49776
2015-01-22,1104.3775634765625,1124.372193210281,1099.4871139313914,1104.46415306394,56419
2015-01-23,1122.121826171875,1141.51056411106,1110.5232425246431,1110.5232425246431,169680
2015-01-27,1140.0390625,1161.5051349860441,1126.6659747054148,1130.3879306487665,171146
2015-01-28,1154.4508056640625,1170.2473552672438,1142.5492749631687,1142.5492749631687,125523
2015-01-29,1130.6475830078125,1152.7195498846118,1126.060080274418,1151.204813905843,46328
2015-01-30,1111.3021240234375,1142.5492122765638,1101.8674663011993,1139.9524555615994,45507
2015-02-02,1090.5721435546875,1120.9102825554435,1087.1531338780997,1107.926728022959,65479
2015-02-03,1094.2073974609375,1107.9266131700492,1086.8500739320034,1094.077629431724,47495
2015-02-04,1097.4095458984375,1115.672961932495,1093.2980543596343,1102.040342083719,45751
2015-02-05,1095.3323974609375,1103.5986776091092,1086.5036341100497,1102.6465412380312,265480
2015-02-06,1108.31591796875,1115.6732399572245,1099.2707972667085,1100.0497544305415,56040
2015-02-09,1097.62646484375,1112.1680498372389,1087.153078685328,1110.5234291037723,31316
2015-02-10,1180.591064453125,1204.0045908926895,1077.804897792267,1090.5719763227373,645300
2015-02-11,1176.9989013671875,1218.6759685875522,1166.1793904007704,1190.1555170162412,193402
2015-02-12,1178.7301025390625,1190.0690346724234,1160.7262148340305,1180.6342591756613,73308
2015-02-13,1190.8477783203125,1203.0522551686706,1177.1718603597155,1178.902953858366,119644
2015-02-16,1247.93212890625,1258.5352816448894,1187.4289251352566,1194.48330082207,263145
2015-02-18,1259.96337890625,1263.468860696557,1250.7450790827754,1250.7450790827754,177840
2015-02-19,1231.7462158203125,1321.1160078247576,1221.3161244269656,1263.728974141825,184309
2015-02-20,1225.080810546875,1250.7448429033718,1216.987711386711,1231.7023524896742,65515
2015-02-23,1222.13818359375,1248.5812973751279,1212.7035250957906,1229.105969563211,44148
2015-02-24,1190.8912353515625,1228.2404497328032,1186.6932690343208,1226.5093559983243,41261
2015-02-25,1229.0194091796875,1249.0139240217811,1194.4831962301637,1194.4831962301637,201309
2015-02-26,1197.7724609375,1238.6271546102946,1190.631496131579,1233.4337574015879,121805
2015-02-27,1220.1474609375,1224.691669265811,1202.446521281689,1202.446521281689,150537
2015-03-02,1212.2271728515625,1233.4335904092939,1204.869851436667,1215.2567608316806,59739
2015-03-03,1202.4896240234375,1233.433646898335,1196.517270141227,1216.1223632148517,64532
2015-03-04,1202.6195068359375,1218.7190018044084,1201.0181813827044,1206.6011148801674,215097
2015-03-05,1189.4197998046875,1209.1979589797368,1185.8276115316137,1206.6013183654309,50304
2015-03-09,1159.6441650390625,1193.4013047776384,1155.5326722773157,1185.8275084472555,36288
2015-03-10,1149.8199462890625,1179.0760558619254,1131.296756425358,1158.2158780589464,157934
2015-03-11,1136.6632080078125,1186.6930166878599,1130.4310856747315,1153.8014280399364,55572
2015-03-12,1140.0390625,1156.3982110712761,1129.7820362572377,1139.5196413187873,264459
2015-03-13,1141.20751953125,1172.5843752511532,1134.8889234218973,1146.833748061178,79198
2015-03-16,1110.653076171875,1152.4166110766414,1108.0996141959954,1145.1458783256317,175362
2015-03-17,1105.719482421875,1120.9101391918584,1102.3437679858919,1116.6255830378755,64091
2015-03-18,1097.8426513671875,1116.1494850794697,1095.02953682807,1115.1107590333143,56449
2015-03-19,1108.229248046875,1139.2165644661454,1099.2707175848038,1107.9263008855899,172522
2015-03-20,1101.6512451171875,1115.5436392180063,1090.615260479758,1115.5436392180063,110965
2015-03-23,1077.198974609375,1103.5554994419367,1069.8848300592856,1102.733130989539,56015
2015-03-24,1056.208740234375,1081.8727768878855,1052.5300793427039,1081.8727768878855,66896
2015-03-25,1035.7381591796875,1071.5726338134202,1032.66539246307,1058.589082969832,65606
2015-03-26,1054.0882568359375,1073.2605211069335,1022.8412823013538,1039.5466740362579,70491
2015-03-27,1039.24365234375,1064.3019127261584,1026.433280547702,1062.0513979680939,55394
2015-03-30,1052.227294921875,1069.149160917734,1036.0845025724896,1047.3368445745778,129074
2015-03-31,1090.7015380859375,1097.8856799153507,1052.5299654250553,1056.0787415503544,93726
2015-04-01,1105.719482421875,1111.3888903625761,1095.808696746627,1095.8519915499432,77428
2015-04-06,1163.4527587890625,1194.4833781361615,1104.2912244753304,1110.5233485036342,158371
2015-04-07,1165.010498046875,1185.6543164329662,1146.8768465648989,1166.7850026271349,80299
2015-04-08,1196.949951171875,1211.7944786338824,1162.8898679456474,1165.919339594251,184364
2015-04-09,1178.383544921875,1203.0521488244126,1173.2334432923562,1200.2390348498786,36660
2015-04-10,1172.3680419921875,1189.636150048135,1159.6009638539851,1172.8441684180418,41138
2015-04-13,1206.99072265625,1231.0102590324914,1172.93074959862,1181.4998613637442,114902
2015-04-15,1207.38037109375,1239.925727443196,1203.182404424254,1209.198054582638,99041
2015-04-16,1196.863525390625,1222.1814390936142,1176.6093573656476,1211.7946444814684,41936
2015-04-17,1173.3201904296875,1194.9594442214811,1164.188478866133,1194.9594442214811,29120
2015-04-20,1146.5306396484375,1176.2195760809177,1134.0231008079045,1176.2195760809177,28530
2015-04-21,1182.45166015625,1196.2142832726906,1122.640951811808,1144.280201177906,67662
2015-04-22,1179.2926025390625,1206.6012626405286,1160.3366963097433,1185.827556766111,41494
2015-04-23,1177.5615234375,1200.758809573103,1159.8606988798163,1189.289992725264,33540
2015-04-24,1153.58544921875,1188.3812054405366,1133.80717146774,1171.9787587148637,53253
2015-04-27,1140.8179931640625,1160.0768452376742,1125.4108649516288,1156.7444261617682,24442
2015-04-28,1163.4146728515625,1166.3668000198068,1138.1052053312887,1149.4793063958882,54483
2015-04-29,1163.327880859375,1172.1405994049967,1128.7279759644523,1162.5463908287154,70917
2015-04-30,1159.85498046875,1166.9312369722925,1141.9255375884923,1162.5899624216065,64960
2015-05-04,1198.8826904296875,1210.2567903528459,1161.2873482939892,1161.2873482939892,64768
2015-05-05,1217.8541259765625,1228.577024611368,1196.1044418366926,1206.00253803647,130955
2015-05-06,1187.8125,1206.8706291786116,1134.5017831523667,1172.140555088235,119615
2015-05-07,1194.8023681640625,1201.401139712382,1157.6411847463899,1157.6411847463899,82223
2015-05-08,1181.9085693359375,1213.8168093199813,1172.2709303561385,1196.4518276140195,45530
2015-05-11,1154.5150146484375,1193.8468207789858,1150.4341985011276,1182.6464368465936,40388
2015-05-12,1148.437255859375,1169.3187058772492,1114.8358712168838,1159.984955491878,51291
2015-05-13,1172.010498046875,1179.9551031427218,1137.4107044088505,1152.8656236870152,44341
2015-05-14,1166.9744873046875,1175.4833187435231,1157.380279022006,1171.1854739409698,17155
2015-05-15,1174.2679443359375,1180.8232852130468,1155.6005572741058,1167.9297489064857,35806
2015-05-18,1164.326416015625,1176.482008007043,1156.4253571053648,1176.482008007043,26202
2015-05-19,1166.84423828125,1175.6136445061854,1158.2485483945475,1158.2485483945475,20326
2015-05-20,1163.97900390625,1182.4727897851833,1149.9133503555995,1170.4909151411377,26739
2015-05-21,1165.845703125,1175.613627922431,1157.3803006113892,1165.8022740410545,17305
2015-05-22,1212.9486083984375,1219.5908077565762,1162.1124051485313,1172.1407894505633,78691
2015-05-25,1202.8333740234375,1234.3944127210564,1195.062485967458,1212.0802673329624,159059
2015-05-26,1188.072998046875,1206.8272410266459,1177.393529379952,1193.9337062746067,19913
2015-05-27,1177.0897216796875,1188.5939934871956,1167.7993993613068,1187.7691910646747,29781
2015-05-28,1165.4986572265625,1206.8709400022374,1156.5123371133095,1180.8234069122534,24756
2015-05-29,1160.0718994140625,1179.6509453846254,1155.9043416168365,1176.395048152096,19747
2015-06-01,1156.2950439453125,1172.1407072453135,1149.73981997479,1172.1407072453135,13965
2015-06-02,1143.184326171875,1171.2723188618104,1137.497217752688,1162.937087104929,18687
2015-06-03,1099.9453125,1142.967184883061,1093.9977469158262,1130.5511382640002,31168
2015-06-04,1111.1458740234375,1126.991536190886,1101.8555521028368,1101.8555521028368,28763
2015-06-05,1099.2510986328125,1127.8600148819696,1089.8304873912157,1108.7584513192812,27339
2015-06-08,1095.604248046875,1107.890009774004,1080.9741328547486,1099.2508903870305,17036
2015-06-09,1129.7698974609375,1146.093045362568,1085.3153272625057,1096.7328566514411,30198
2015-06-10,1122.7371826171875,1150.434436456055,1115.704354799196,1130.4646424219827,35357
2015-06-11,1098.122314453125,1141.7086655554099,1089.6569096390274,1130.4647325725193,26439
2015-06-12,1096.9066162109375,1114.6624594766213,1087.0519486649098,1093.6507186704082,15827
2015-06-15,1098.078857421875,1107.021864366004,1089.6567660683195,1102.6371607015574,9090
2015-06-16,1095.083251953125,1102.6805404911227,1076.7197523853447,1095.7778838727434,12970
2015-06-17,1142.055908203125,1154.775729154938,1095.0833748440575,1095.0833748440575,47911
2015-06-18,1138.5390625,1154.6017508932698,1128.988284272502,1133.503157286376,19158
2015-06-19,1152.2579345703125,1167.799596428377,1138.2790196465735,1138.2790196465735,45281
2015-06-22,1160.6363525390625,1167.7126090346103,1151.1724300667945,1159.9851496827089,21034
2015-06-23,1164.369873046875,1189.5057433526686,1154.9493795047285,1160.4193434969425,41223
2015-06-24,1146.7442626953125,1179.9550236416396,1139.0169203217397,1160.8534629152573,30983
2015-06-25,1186.25,1197.3202166952317,1142.707194363375,1146.9616113549346,86784
2015-06-26,1176.3082275390625,1192.978692749945,1166.9311638234772,1192.978692749945,28280
2015-06-29,1146.87451171875,1154.775570182574,1121.7386434364118,1154.775570182574,19343
2015-06-30,1149.826416015625,1162.5897798696942,1146.093032563328,1146.093032563328,89542
2015-07-01,1153.3428955078125,1162.0688723890662,1133.2428183695497,1133.2428183695497,17728
2015-07-02,1181.951904296875,1190.3739950539784,1141.1006605431855,1157.3803806719031,64315
2015-07-03,1211.6029052734375,1215.9874923967243,1185.42508608549,1190.374134660466,87216
2015-07-06,1217.420166015625,1231.1819344543494,1191.2423472456692,1204.2661713660573,65222
2015-07-07,1211.559326171875,1226.7536692621147,1198.1881875076074,1220.7627901993505,70301
2015-07-08,1235.7835693359375,1241.6008489647031,1186.0761763363466,1198.1882220712637,122130
2015-07-09,1206.5670166015625,1241.600985490222,1198.0147541972583,1241.600985490222,49897
2015-07-10,1194.0643310546875,1223.6716506628395,1181.6917083271132,1198.622635021456,54848
2015-07-13,1209.73583984375,1215.292660770932,1193.8467502809453,1201.6610661925577,39834
2015-07-14,1201.444091796875,1218.1578676691934,1193.8468042009752,1210.343668149494,21021
2015-07-15,1219.6773681640625,1228.5769450006303,1203.3542196587027,1206.0024598885398,156590
2015-07-16,1240.47216796875,1247.3313955189376,1219.026370533437,1219.026370533437,97572
2015-07-17,1226.1895751953125,1254.6248922453963,1218.1582278871954,1242.4692985443692,52867
2015-07-20,1210.5609130859375,1232.918372295988,1206.046038851417,1229.445445997834,28142
2015-07-21,1206.783935546875,1241.4707020284975,1199.4906505146319,1211.212068170658,41181
2015-07-22,1207.0008544921875,1231.138200460085,1202.5292936187664,1222.4990822774012,14066
2015-07-23,1224.018798828125,1239.7776047333994,1206.870845747484,1215.509965923728,46492
2015-07-24,1189.5057373046875,1239.8644525860445,1180.8233048550233,1225.625081246604,250471
2015-07-27,1140.57958984375,1219.8945256022428,1137.4105507965437,1189.505606756567,51758
2015-07-28,1146.700927734375,1176.0912125129298,1136.5856861660086,1150.347570151963,35310
2015-07-29,1189.332275390625,1193.8471501267763,1147.5693630328049,1154.6890495268497,50590
2015-07-30,1195.887451171875,1213.730035653656,1185.3815808974894,1198.1882589434895,31183
2015-07-31,1203.9188232421875,1223.3675839760272,1198.1882847446532,1198.1882847446532,42831
2015-08-03,1192.4580078125,1211.212255615541,1185.1647216515619,1194.107729715756,18945
2015-08-04,1182.2557373046875,1206.002457430438,1173.8770760162117,1200.7929518963542,44825
2015-08-05,1192.71826171875,1214.6850913816568,1186.9009820738024,1192.1104879759175,33799
2015-08-06,1195.322998046875,1214.337699233843,1187.5955394821772,1201.227018752619,30835
2015-08-07,1201.48779296875,1223.280908534508,1194.7154229207538,1196.4518861528497,52403
2015-08-10,1186.9444580078125,1211.2120963357181,1179.086711384043,1200.7930841202735,16002
2015-08-11,1174.3551025390625,1206.871123949744,1172.1410356213555,1198.622746942797,12653
2015-08-12,1152.8656005859375,1177.8711836248601,1148.0901518058492,1173.8772249837257,50406
2015-08-13,1116.6593017578125,1171.2289999365023,1113.0995175843168,1154.7755635436245,47365
2015-08-14,1117.83154296875,1137.3238501262763,1102.7673687162337,1126.9916956744128,31317
2015-08-17,1111.406494140625,1146.0932629834654,1108.107167364997,1120.04561453256,15408
2015-08-18,1135.32666015625,1146.0929862275661,1113.2295467026927,1123.5183863703514,19390
2015-08-19,1147.69921875,1170.3606778948479,1124.5169608392648,1139.1469581820004,41169
2015-08-20,1108.410888671875,1158.2485658290468,1107.0217416693563,1155.6438714200046,56882
2015-08-21,1103.2882080078125,1110.0171476259814,1083.0578433245544,1105.2851286533723,51056
2015-08-24,1025.8399658203125,1087.2688837562898,975.9154932645828,1083.5788127766832,66164
2015-08-25,1037.3446044921875,1060.9610411421454,997.8390741875643,1042.7711395746348,66258
2015-08-26,1033.263671875,1041.034559837238,1020.3267072152423,1037.5615170658994,28350
2015-08-27,1041.8592529296875,1059.2243482193237,1021.0646610605029,1041.9895401771948,137067
2015-08-28,1078.890380859375,1095.7344459324481,1047.5030584041936,1052.321819224788,93718
2015-08-31,1065.8232421875,1095.734562567974,1059.3114467213331,1076.6330001135423,36698
2015-09-01,1035.955322265625,1072.291695668091,1023.3223600239228,1041.9028896013936,25759
2015-09-02,1006.7386474609375,1085.3155335079964,1001.3989705886883,1041.9029028280868,37908
2015-09-03,1034.913330078125,1040.1662646280602,1007.2595103519033,1040.1662646280602,33353
2015-09-04,1033.78466796875,1044.02996283085,1005.4362156385395,1037.5614807275163,37936
2015-09-07,1008.6054077148438,1047.1124193232054,1005.4363681831056,1042.771144538633,12647
2015-09-08,1005.0455932617188,1024.451041939815,985.4665449651366,999.5756292236999,38978
2015-09-09,1025.3626708984375,1031.4838376199696,1010.3853555209565,1021.0213963770212,21946
2015-09-10,1013.0335083007812,1017.591811655409,1003.9169015915261,1013.250537009611,61848
2015-09-11,998.6639404296875,1024.5811836166592,994.0622081034119,1014.1187423447165,166686
2015-09-14,999.4452514648438,1008.0409418163257,994.1488875248253,1007.1727103127677,27757
2015-09-15,956.8140869140625,1001.9632355733106,956.8140869140625,999.3584242371187,67672
2015-09-16,952.7333374023438,983.7299154668025,946.3950837292332,972.3992428892583,46055
2015-09-18,973.7449951171875,982.1235985348193,952.6464555803938,972.3992187543437,129547
2015-09-21,961.3291625976562,986.2480066348471,959.418982899012,968.1015329874834,34553
2015-09-22,957.4652709960938,974.1357363356188,955.0776051479211,974.1357363356188,13607
2015-09-23,954.5567016601562,959.332092081342,939.7964146078426,955.0776756301238,15296
2015-09-24,945.3532104492188,961.1553866286015,942.05382547625,948.1316214667401,17678
2015-09-28,915.702392578125,951.9953954825911,911.6650631318574,946.4385731885568,39496
2015-09-29,907.7145385742188,911.9690137749778,884.4019874624904,907.3238518414387,97769
2015-09-30,920.1304931640625,940.1437151891256,903.0693401755967,940.1437151891256,59984
2015-10-01,916.3102416992188,945.5269300026089,908.2354659123712,924.5151880178644,25472
2015-10-05,960.6778564453125,963.7601543908459,916.0063091525415,924.6887999356728,95998
2015-10-06,950.2153930664062,994.148936673155,944.6152003584682,968.1014065544007,63224
2015-10-07,993.8016357421875,1002.7446426214958,950.1719783538169,961.9802544502429,72267
2015-10-08,988.0711669921875,998.490178701088,974.1791124653671,995.0605649708102,32868
2015-10-09,972.3124389648438,1008.9092095300457,964.6284089280435,990.6759970663579,90259
2015-10-12,955.8589477539062,990.8495405324497,950.8231000674975,976.7838869303382,21528
2015-10-13,966.7555541992188,982.8616158675051,953.2976160513983,963.7166272804031,55318
2015-10-14,956.0760498046875,969.8378751378634,951.2572307278774,966.7555774317609,15692
2015-10-15,980.4306640625,982.8617592542761,948.2184776541604,968.9697033406477,28214
2015-10-16,1017.5918579101562,1026.6217235932536,981.1253126706771,981.1253126706771,60685
2015-10-19,1009.0396118164062,1026.4480238182343,993.7149790844078,1019.3283376301815,25111
2015-10-20,1043.11865234375,1049.1963914618025,996.7974310013178,1009.3436543935526,71736
2015-10-21,1077.587890625,1084.447117561488,1035.4342437908706,1047.1122311697197,72740
2015-10-23,1087.6165771484375,1090.5251591623007,1066.2140879915178,1076.6331018154415,64168
2015-10-26,1098.25244140625,1118.3090922962624,1081.2780884155159,1089.6567505597966,87826
2015-10-27,1104.5908203125,1111.1027331632117,1078.369686012933,1089.6569315739032,51105
2015-10-28,1105.5892333984375,1113.4902928598049,1081.4084517421277,1102.6372225597581,36817
2015-10-29,1107.1085205078125,1120.045485054341,1093.9979563594225,1102.6370757526681,45620
2015-10-30,1074.93994140625,1115.1399864303403,1063.6092681207188,1102.6806237488531,16491
2015-11-02,1107.065185546875,1118.7431745520178,1067.9504017197426,1067.9504017197426,38505
2015-11-03,1099.4678955078125,1124.8209084885682,1057.0972186377796,1117.006591680841,557381
2015-11-04,1086.3572998046875,1106.8480057572776,1068.8186041457852,1098.4259154861027,60716
2015-11-05,1076.7633056640625,1093.9981179089198,1072.2917435037507,1093.9981179089198,47760
2015-11-06,1077.9786376953125,1084.5772901384435,1059.6584520217991,1079.2376141637092,20059
2015-11-09,1084.230224609375,1089.569901242348,1043.5091487361954,1068.8187349876434,23190
2015-11-10,1041.5989990234375,1082.7108211345178,1025.4495646488429,1082.7108211345178,36016
2015-11-13,1047.677001953125,1062.7411798437413,1028.8793222301229,1062.7411798437413,19661
2015-11-16,1042.6846923828125,1054.9270299645007,1032.3089890663978,1043.6396656950856,9394
2015-11-17,1036.866943359375,1054.9265546098313,1033.914816309733,1054.9265546098313,11033
2015-11-18,1022.0199584960938,1052.3219065058177,1015.855362423919,1046.244168616313,18110
2015-11-19,1024.711669921875,1040.9913942119856,1017.2446669343926,1040.9913942119856,24390
2015-11-20,1019.8057861328125,1038.4297429441472,1016.7234884168594,1038.4297429441472,37906
2015-11-23,1020.4136962890625,1027.620240533703,1016.3763083577433,1024.5379424056434,15861
2015-11-24,1007.2595825195312,1024.537821637025,1000.6608128598143,1024.537821637025,153455
2015-11-26,999.7926635742188,1015.8553565419352,995.7987048778314,1007.1728071815621,129503
2015-11-27,1005.5664672851562,1030.5721662398828,1001.1817637199194,1007.1727598554234,109506
2015-11-30,1016.2894287109375,1020.0229296598715,1008.9961431799244,1011.5140965403561,42878
2015-12-01,1019.45849609375,1033.220263448249,1015.85528273404,1018.1126613474197,32695
2015-12-02,1019.328125,1028.0106730154782,1007.606825272925,1020.1964731974282,61031
2015-12-03,1011.2101440429688,1029.747360309932,1005.4796057161841,1010.038025622219,65400
2015-12-04,1001.7894287109375,1011.4704954256313,994.6264316732921,999.4017630317225,44228
2015-12-07,998.4901733398438,1011.5139962784694,994.1488990269685,1003.6996791663223,16705
2015-12-08,1000.44384765625,1006.3045566899149,990.676038181764,990.762779617433,18692
2015-12-09,983.0787353515625,1007.1727740095822,968.318506995449,1007.1727740095822,16715
2015-12-10,978.4769897460938,993.9319082096794,958.1599395975949,988.0711993384547,18562
2015-12-11,966.4083862304688,989.807735992877,958.5506975199442,980.7345580501144,18257
2015-12-14,964.0206909179688,972.4427829658773,949.7813768519399,967.2332763960512,16672
2015-12-15,1033.003173828125,1041.902750727553,963.7600502602293,964.0205080275762,130967
2015-12-16,1037.9088134765625,1070.8155691484735,1016.7234747854873,1038.4297290217557,118738
2015-12-17,1024.23388671875,1056.6630386134557,1011.5139512138228,1041.9027533052188,42355
2015-12-18,987.6805419921875,1047.9806700636675,981.1253173483968,1024.5379492418137,88970
2015-12-21,991.5443115234375,1001.9633243011278,976.784023964231,993.2807747380955,41114
2015-12-22,983.0787353515625,1001.0950363554432,977.8258585386706,995.0172987013043,27504
2015-12-23,983.6863403320312,996.7535907911622,979.3884956219227,985.4663489780634,52550
2015-12-24,971.4876098632812,990.2418552559783,961.1553974241014,989.807681102013,47217
2015-12-28,971.4876098632812,982.7748536728598,968.1014250459211,968.3618828403542,21858
2015-12-29,969.4905395507812,977.6521139436254,965.366352454767,976.783882462073,50699
2015-12-30,966.7123413085938,974.656830391547,963.7602719008627,972.6164801240558,18524
2015-12-31,967.6672973632812,976.3497880044476,964.6284285574947,969.1867317661746,23733
2016-01-01,969.3604125976562,976.7839851745546,964.6284512924866,971.3573919131582,18199
2016-01-04,972.572998046875,977.522046729579,963.7602193991205,968.9697258948814,62948
2016-01-05,950.3458251953125,985.7706021518578,939.666353074517,971.3575701399519,76877
2016-01-06,935.6287841796875,959.3320779463788,931.2440805212572,946.6555702158464,35978
2016-01-07,914.6604614257812,937.6257522502531,908.0617498445923,933.3713359126585,35920
2016-01-08,916.48388671875,929.0301668253912,911.6651251612398,912.1426700820411,29299
2016-01-11,874.1998291015625,916.5271353622417,868.2523208683691,916.4837062764178,56582
2016-01-12,891.1309204101562,907.3238433849381,878.9319564046165,883.4034602910981,46758
2016-01-13,885.4872436523438,906.4555561409893,872.5937067950156,894.3000219750612,52335
2016-01-14,880.0606079101562,894.2999789357054,869.1206218500786,881.2761554310058,28885
2016-01-15,880.1040649414062,894.0394911567396,872.5936925038152,881.2761834101722,29830
2016-01-18,872.1595458984375,884.1414806260279,860.4381857231325,872.593720074042,37950
2016-01-19,885.1397094726562,898.2937592632994,865.6474655442272,876.9347069622071,32137
2016-01-20,862.695556640625,883.8808965360229,851.7555707281016,879.5396804654408,24757
2016-01-21,837.4295043945312,880.5816796671593,830.5703342832833,871.5084429699239,28247
2016-01-22,840.6419677734375,858.0504371095832,829.3547237188183,842.4219184005256,35431
2016-01-25,851.799072265625,862.9560878257879,837.8635871229775,850.8874115597437,45341
2016-01-27,845.070068359375,855.2286226443148,842.2047991780237,855.2286226443148,27697
2016-01-28,841.2930908203125,849.9756393053491,836.5611299147332,843.9847018647481,23433
2016-01-29,843.159912109375,850.0190816273417,835.2587946572792,840.3815010298973,20531
2016-02-01,867.21044921875,891.9122015987941,846.3723678732309,850.4531843413325,126960
2016-02-02,880.928955078125,889.5246464612269,868.4261047152332,868.4261047152332,181397
2016-02-03,873.3751831054688,901.7670114194486,863.9112014191836,868.2524763510128,49593
2016-02-04,999.8358764648438,1040.1661997827346,877.8030171575022,877.8030171575022,1861038
2016-02-05,984.5114135742188,1011.6876329967632,964.6284208548935,995.8855153328534,281084
2016-02-08,959.2886352539062,1010.6458099351256,937.7125499874255,984.5981628936888,149318
2016-02-09,973.5278930664062,1004.5678387377345,946.3949889264899,953.3410156551643,220147
2016-02-10,916.1364135742188,980.2567712023824,894.7339888512504,968.9695288806736,342905
2016-02-11,942.9655151367188,976.7839932537189,929.0300889033156,938.3637826921715,284067
2016-02-12,902.461669921875,959.4189862239593,889.9588187652246,939.449190998195,87456
2016-02-15,962.1538696289062,972.4426524795879,916.8744925704071,916.8744925704071,128338
2016-02-16,951.6915893554688,983.9037780835898,943.443155024795,969.8380631615352,117886
2016-02-17,957.6389770507812,967.580444356753,921.2591758758449,953.3411316103571,45977
2016-02-18,950.1287231445312,996.1461104748745,932.4597943140079,960.2872787912623,85471
2016-02-19,957.5521240234375,968.1014235230049,933.848888711637,945.5268775669272,31942
2016-02-22,960.4608154296875,969.3169640871131,948.1316238055771,964.498144697743,41907
2016-02-23,941.4459838867188,970.1851233510549,932.5029777166596,962.4142939031931,36083
2016-02-24,939.8397827148438,951.6045708282177,934.2395317977024,942.0537906055697,35872
2016-02-25,911.968994140625,945.4401000532818,898.7281406466058,938.5809300367864,49924
2016-02-26,889.8717651367188,929.0734026003053,869.1205426228892,924.0374966187834,79187
2016-02-29,879.8001708984375,949.86810484907,870.8137348028496,892.5634785412344,98488
2016-03-01,894.2999267578125,909.6679862289692,881.4497619876097,885.6173782612624,100895
2016-03-02,892.60693359375,916.8745729453069,887.3539981746961,901.2459955904668,99527
2016-03-03,935.3682861328125,946.395071694453,890.4362247021303,900.3776916683594,169365
2016-03-04,991.9349365234375,1002.4406894686206,916.6140149743038,941.1855385369457,231074
2016-03-08,1001.5289916992188,1007.6068454788452,963.8034762535415,991.9348996992628,119351
2016-03-09,1021.5422973632812,1037.2142444590024,976.7839514835564,998.4902070355885,78487
2016-03-10,999.4452514648438,1024.624548792313,995.2776935498224,1024.5378073633572,53075
2016-03-11,992.8031616210938,1021.0647564445006,989.8076053522001,1000.2267335462045,43591
2016-03-14,984.250732421875,1007.1726498121507,972.4425745420559,986.6819439285954,46984
2016-03-15,990.4154663085938,1002.7013458376371,981.2120014930573,988.0712293867583,37199
2016-03-16,977.7390747070312,999.7927066699431,968.8829253454516,989.8077511261423,30645
2016-03-17,997.0576782226562,1002.2671844725749,981.2120140182057,983.3826513510775,47341
2016-03-18,1003.7431640625,1011.5140525193048,981.2119888191814,998.490228856546,42469
2016-03-21,1022.4539184570312,1026.2742771919086,996.7537054055747,1002.8314427157356,66003
2016-03-22,1026.9254150390625,1033.2201806420867,1008.0408847402884,1027.185872800897,43716
2016-03-23,1047.5032958984375,1069.687159129656,1015.8555084864023,1033.2204930596113,115723
2016-03-28,1079.1510009765625,1085.2287392762398,1038.6470663502996,1044.5077759235248,172455
2016-03-29,1049.7606201171875,1092.2181598134302,1044.5076848320384,1076.63295357503,62921
2016-03-30,1076.2420654296875,1082.623688547189,1052.3216317055874,1052.3216317055874,40282
2016-03-31,1113.229736328125,1125.949672751657,1068.8621357731922,1080.9741817010397,127940
2016-04-01,1124.3433837890625,1142.0992266303401,1098.208995675331,1107.021831835277,153984
2016-04-04,1133.4603271484375,1151.9974302110109,1126.1234948555132,1137.4108573093138,83272
2016-04-05,1111.970947265625,1140.8837511391691,1107.1087564390602,1127.7297551009074,34956
2016-04-06,1135.84765625,1139.9717848301138,1108.0201202534793,1113.0994551983808,43881
2016-04-07,1135.84765625,1142.3161381680877,1126.8612214016089,1138.2787510117134,49683
2016-04-08,1167.0181884765625,1172.1408368184873,1128.728204584849,1135.6741743744865,117761
2016-04-11,1199.2303466796875,1245.0740752937752,1151.3895801961921,1166.931358718509,228283
2016-04-12,1183.1239013671875,1219.8944416057618,1172.3141458949594,1206.6970205549478,95766
2016-04-13,1177.3118896484375,1202.2619291326355,1172.2173158228902,1195.2514452001285,56256
2016-04-18,1169.4739990234375,1195.2078702843971,1158.2398959025402,1187.239432182665,46131
2016-04-20,1152.7967529296875,1191.3321512175835,1147.1797029718625,1171.3024559802325,65491
2016-04-21,1158.588134765625,1166.6000143233125,1154.2338371240453,1158.2397769028892,34882
2016-04-22,1164.640625,1177.3986019274896,1149.531261848224,1158.239739757014,76485
2016-04-25,1171.8251953125,1200.9118485251477,1154.8434806638086,1175.134536594357,318260
2016-04-26,1122.53466796875,1134.726724688749,1076.4663023251333,1121.6638318662672,319708
2016-04-27,1109.080078125,1140.8228005654312,1101.1551995369337,1128.2823848195198,85479
2016-04-28,1108.9056396484375,1127.6725833973776,1093.7962774641092,1101.634035884755,62362
2016-04-29,1129.7628173828125,1140.8226816595168,1094.6671977966782,1105.9884182867565,62604
2016-05-02,1104.6822509765625,1126.8891011901878,1100.8939905250354,1126.8891011901878,36638
2016-05-03,1079.86279296875,1117.396806014864,1075.6391728910278,1103.3759564310994,125300
2016-05-04,1067.1480712890625,1085.9586924744444,1062.4455330877918,1081.604395025429,64099
2016-05-05,1080.29833984375,1105.857975943244,1060.7911154095436,1071.1542661834424,42980
2016-05-06,1083.9122314453125,1090.3130002635519,1066.7999552237825,1090.3130002635519,21202
2016-05-09,1090.7047119140625,1107.686423910757,1080.7333644443813,1086.7423319640116,108360
2016-05-10,1118.3546142578125,1149.531296314154,1088.6148059240613,1092.9255441869116,286034
2016-05-11,1110.6910400390625,1126.7148000523025,1102.505039638858,1109.4718459987112,62423
2016-05-12,1118.485107421875,1128.1080975802133,1107.1204451542278,1109.8636314191722,39739
2016-05-13,1100.5892333984375,1142.5645471862385,1097.2800088482438,1123.4056815249528,90642
2016-05-16,1100.5020751953125,1111.2137001396077,1097.2799695131575,1111.2137001396077,14675
2016-05-17,1096.626953125,1114.6971873247514,1092.925810943536,1103.376080974128,46348
2016-05-18,1095.36376953125,1101.54685720016,1089.659717762149,1092.925381954222,24168
2016-05-19,1081.03857421875,1104.2469422937968,1077.9905884820814,1095.4513430387117,15951
2016-05-20,1052.8658447265625,1097.2795273346878,1045.0716471725555,1080.733177654474,19796
2016-05-23,1062.0970458984375,1071.1538804457834,1046.4650895154105,1061.0955318462118,45363
2016-05-24,1036.885986328125,1069.847901226596,1032.3138916730284,1062.6632981493856,33161
2016-05-25,1059.9637451171875,1070.936492028637,1038.5841718754878,1040.6742021783698,82838
2016-05-26,1082.7364501953125,1087.7003445116375,1062.5325150891217,1062.5325150891217,52012
2016-05-27,1092.01123046875,1109.341303556927,1074.9859558957658,1081.4302840877106,56374
2016-05-30,1056.1318359375,1096.6702705642915,1051.995335056145,1096.6702705642915,97737
2016-05-31,1077.25,1082.475133046515,1055.5656334546768,1058.0911397977563,44332
2016-06-01,1074.9423828125,1085.2185305472794,1061.5312483150722,1079.8627183657245,46957
2016-06-02,1060.9212646484375,1078.991488974582,1051.9949923290103,1078.991488974582,31633
2016-06-03,1056.1754150390625,1074.637562838005,1049.382729181332,1061.6182287615075,60007
2016-06-06,1057.9171142578125,1063.316485841317,1053.867614843956,1060.703860247182,28396
2016-06-07,1054.3468017578125,1065.0583106177303,1049.4700248521658,1061.5749654537565,30170
2016-06-08,1074.376220703125,1084.2168906696002,1040.6740337792685,1055.478598096277,241156
2016-06-09,1054.2158203125,1088.397042386758,1047.5973727290627,1073.7665987840442,107882
2016-06-10,1051.8211669921875,1070.283315664705,1048.0764660094446,1054.6079130424782,64654
2016-06-13,1055.173828125,1061.5747133889122,1042.4158511558012,1051.1243290930618,41451
2016-06-14,1060.7474365234375,1064.1002202196082,1054.6079067934886,1061.5748304254787,24371
2016-06-15,1079.0789794921875,1082.9106819459391,1060.703833339482,1060.703833339482,66766
2016-06-16,1072.8087158203125,1081.1689531393092,1058.1783883333771,1081.1689531393092,79476
2016-06-17,1078.861328125,1092.490142476755,1071.8072858521575,1079.8627253149564,72397
2016-06-20,1063.7518310546875,1075.8567697606964,1061.5747992156698,1068.5416055477497,29827
2016-06-21,1077.380615234375,1083.7379407759718,1059.9199838681482,1066.8432298831578,28678
2016-06-22,1072.3734130859375,1083.3461592819951,1064.187295715314,1077.2501891730742,27713
2016-06-23,1071.8509521484375,1078.991996783799,1066.800055036913,1078.991996783799,17347
2016-06-24,1055.7835693359375,1062.4456946257956,1026.653471880382,1062.4456946257956,103150
2016-06-27,1056.3494873046875,1067.801268961905,1052.0823084260453,1055.47865120018,24587
2016-06-28,1043.5914306640625,1068.976939347849,1033.7507609509457,1068.976939347849,100404
2016-06-29,1054.564208984375,1063.3163632011708,1049.3826348614027,1053.7369322860225,28584
2016-06-30,1065.885498046875,1075.5083718567234,1057.742940259223,1058.0912981271263,64461
2016-07-01,1064.6229248046875,1079.8628522595682,1058.5703961053764,1071.154255373864,42758
2016-07-04,1058.352783203125,1074.11530709206,1057.3077093565519,1064.6665514728418,36965
2016-07-05,1050.47119140625,1069.4123742283582,1049.3826755554205,1059.832942941729,32129
2016-07-07,1059.9637451171875,1072.4604846552274,1050.253634586262,1055.9142455393642,46518
2016-07-08,1094.4931640625,1101.5470891952414,1048.5119140351057,1059.920137071038,132849
2016-07-11,1114.3922119140625,1121.6639340773395,1104.2467420602306,1108.601040064508,124674
2016-07-12,1112.7374267578125,1119.0510755837026,1098.150543188243,1114.3919800304961,72115
2016-07-13,1099.1956787109375,1112.1278926429616,1093.8398672167882,1112.1278926429616,21899
2016-07-14,1096.3656005859375,1104.2468031267626,1090.3130721615369,1099.1959061547468,21534
2016-07-15,1106.989501953125,1131.9396456596367,1097.4971921689712,1099.8920200195296,73978
2016-07-18,1107.5557861328125,1125.147093825419,1085.7407425948745,1110.2554127002522,69377
2016-07-19,1127.6292724609375,1136.4684289382385,1106.8592980484664,1106.8592980484664,127725
2016-07-20,1133.3333740234375,1143.870760933182,1120.8800772946327,1128.8485150832205,160026
2016-07-21,1109.2977294921875,1153.014711799529,1101.6342073409696,1131.2433393904992,382372
2016-07-22,1121.4462890625,1142.4773874837497,1115.393760785228,1125.5827903282027,152183
2016-07-25,1131.5482177734375,1146.9188225331475,1119.0513608388521,1133.1593291875802,95693
2016-07-26,1120.880126953125,1140.3002309537812,1113.6520810815641,1140.3002309537812,67965
2016-07-27,1118.31103515625,1134.6831518112936,1113.521261006996,1131.896406059476,92400
2016-07-28,1099.631103515625,1132.9849341606152,1092.0547006276486,1119.2254427281089,35288
2016-07-29,1101.3729248046875,1118.1804016283165,1098.1942617014163,1104.2466723137304,54446
2016-08-01,1092.228759765625,1114.740404510728,1088.5711780872043,1110.3426648802874,28853
2016-08-02,1074.4632568359375,1099.8487642217326,1066.799736157883,1093.1430811702537,44939
2016-08-03,1045.20263671875,1084.2169612822759,1039.803265438684,1084.2169612822759,50501
2016-08-04,1053.0401611328125,1062.4454711774415,1045.0718417615692,1050.2534156116337,32622
2016-08-05,1061.9666748046875,1075.0731287122512,1045.986473092251,1055.4787869135378,68477
2016-08-08,1057.04638671875,1072.6783483272204,1053.7371621085163,1061.57492260128,37500
2016-08-09,1048.2506103515625,1067.2352356292392,1045.9863427946982,1056.3494915415367,47465
2016-08-10,1027.7855224609375,1063.5777443436032,1019.8607609792808,1056.1319017788762,76284
2016-08-11,1040.151611328125,1047.3797735000476,1017.1609291988242,1028.5691515242124,23464
2016-08-12,1039.541748046875,1051.1240877886914,1032.9667439135599,1040.1513448753917,15652
2016-08-16,1018.7285766601562,1043.2432535523856,1016.4644259874386,1039.8033510744983,32579
2016-08-17,1020.5572509765625,1039.8032320623809,1011.0649385398566,1022.7779591164765,35313
2016-08-18,1017.1175537109375,1035.8845004543498,1014.6356062396335,1026.7404279887148,28086
2016-08-19,1011.0651245117188,1027.6114816351794,1008.4526157628136,1016.2902591046277,38796
2016-08-22,1004.31591796875,1017.8577308841523,993.7785308608272,1017.8577308841523,20933
2016-08-23,1002.269287109375,1015.8546572296281,999.7437806212383,1015.8546572296281,28627
2016-08-24,1010.3248291015625,1018.0319103609378,1002.4435103588777,1007.9734427424638,27260
2016-08-25,1008.7137451171875,1027.5242510229225,1002.356418706238,1018.8156552844134,27699
2016-08-26,999.9180297851562,1018.8156544188455,996.4781274456625,1008.4525051234824,21811
2016-08-29,1000.7020263671875,1011.0216179619758,996.2606090383514,1000.6149076091423,15658
2016-08-30,1005.5787353515625,1016.2902435386991,1001.3985574842014,1001.4856762363602,28899
2016-08-31,1008.8441772460938,1019.2510016877544,1004.968915868915,1005.5785128089238,35843
2016-09-01,1007.712158203125,1018.0318644864544,1004.2286967398173,1010.1069867300525,41714
2016-09-02,998.873046875,1013.6776123891162,997.1312575176973,1011.8488213852606,20026
2016-09-06,1017.030517578125,1023.7360853945453,1001.4856750904174,1005.8399733620167,82250
2016-09-07,1027.611328125,1044.1575656815949,1017.1609434052187,1023.2570304321948,114249
2016-09-08,1032.183349609375,1044.8978853633896,1019.033337229469,1027.6113719654022,121364
2016-09-09,1032.74951171875,1039.8034376617131,1023.3441990647322,1031.9656771166983,30383
2016-09-12,1019.2947998046875,1031.9656604134639,1001.4856891785954,1031.9656604134639,56330
2016-09-14,1018.2932739257812,1022.7345738666561,1000.7019603815913,1000.7019603815913,28492
2016-09-15,1025.956787109375,1028.5258535173236,1004.3595333985793,1024.0844365230898,43725
2016-09-16,1019.7298583984375,1036.3196528672127,1007.8861610612453,1031.9653558195703,57820
2016-09-19,1009.06201171875,1027.6112768095836,1001.7467310706952,1018.9026818588509,34851
2016-09-20,1008.2781982421875,1016.7691136241699,1006.7106464346688,1014.4612867343226,15913
2016-09-21,1002.008056640625,1021.5151588521002,999.090632925207,1010.1940560193588,39897
2016-09-22,1008.4525146484375,1018.9027827864397,1003.7934182301893,1018.9027827864397,26704
2016-09-23,1003.05322265625,1013.2422524633013,1001.4856706016963,1008.5395962996399,9848
2016-09-26,994.1268310546875,1010.0200295407756,984.9393166722384,1010.0200295407756,13745
2016-09-27,1002.9661254882812,1020.2091984594413,995.3897213074752,999.3085429806439,46463
2016-09-28,1007.5381469726562,1014.3742754381807,998.4376336513344,1003.2274083191592,54153
2016-09-29,978.146728515625,1017.1176152730669,964.0388188010292,1007.5381826928883,33102
2016-09-30,994.4317016601562,1007.1462379519262,964.0387925164497,979.6706944588399,19994
2016-10-03,1018.6414794921875,1022.8215396460893,990.207983867474,1001.4855280851451,27091
2016-10-04,1020.9930419921875,1029.3532817967136,1008.6704206485858,1018.0321749571965,24077
2016-10-05,1020.078369140625,1034.534576616594,1000.6147075996593,1028.3079285630845,70378
2016-10-06,1019.120361328125,1027.6112765313128,1011.9357587862085,1020.0783161400522,86420
2016-10-07,999.3084716796875,1018.9028128376669,990.2080754366818,1018.9028128376669,33168
2016-10-10,1001.1371459960938,1008.887786226676,998.8729955904716,1005.752682639578,58713
2016-10-13,1010.8909301757812,1019.7736466246447,987.8566865985957,1005.8399163641285,77561
2016-10-14,1006.1881713867188,1016.1159605007811,1001.4855159492558,1010.1941111086143,34172
2016-10-17,1005.0995483398438,1009.1054876344833,994.1702461872093,1005.8397062504987,40812
2016-10-18,994.7364501953125,1014.4613515131284,990.4692710948931,1007.189746712732,87077
2016-10-19,999.787353515625,1006.362241832931,988.814491372679,1003.2272554585902,99805
2016-10-20,983.7637329101562,1004.9690680166086,979.8012936526682,999.7439338690328,38324
2016-10-21,979.0174560546875,993.1688650259524,973.6181433023623,988.4227671853902,41872
2016-10-24,951.06298828125,988.3792606596191,948.5375399774613,980.4108813946613,78817
2016-10-25,941.048095703125,966.6512867567932,937.0421558388788,953.5884521011078,51293
2016-10-26,919.189697265625,954.9383611177154,914.3999809885108,944.8799510810211,90315
2016-10-27,928.5078125,944.8799311177721,898.28908220091,918.7107003728087,277101
2016-10-28,948.450439453125,952.7176187207604,914.4870086156941,923.9793806293185,85179
2016-11-01,956.2881469726562,967.60931017464,939.6547893382946,965.5192213531367,57537
2016-11-02,948.7117309570312,953.5885660795918,932.7315289606545,949.3213280289078,33362
2016-11-03,945.6636352539062,954.4157315707114,933.558755432996,947.4924262561454,34611
2016-11-04,947.9277954101562,950.1049441712115,909.1747113964794,949.2341080858047,39280
2016-11-07,958.1168212890625,978.5819961765478,947.1005164987927,954.4592394817828,46266
2016-11-08,947.7973022460938,963.8646224330214,929.4222134322999,963.8646224330214,49626
2016-11-09,915.8367309570312,930.8590341905086,811.0726426447272,913.5289626070081,100309
2016-11-10,925.0242919921875,947.4923782345822,902.7303261290028,947.4923782345822,139087
2016-11-11,932.6007080078125,944.0089295017826,911.1340784522035,923.1083375199659,65524
2016-11-15,933.1668701171875,942.6592418718366,902.730402766711,934.4296235326618,29076
2016-11-16,918.10107421875,953.5884970410298,907.4330676857118,944.8799011618006,57061
2016-11-17,917.0995483398438,943.6606951787147,906.6928396270501,923.1084583434451,27166
2016-11-18,917.1867065429688,926.5484005595306,909.1312668194514,926.5048411854988,21613
2016-11-21,914.051513671875,919.6250052942844,902.2513740702808,913.0935588216097,21056
2016-11-22,931.2510986328125,942.3109647136586,905.8655842219907,912.2228526686965,18390
2016-11-23,927.375732421875,939.6112326749071,920.4959274428656,931.2510530074148,20959
2016-11-24,919.3638305664062,929.2045017869528,915.2707717549569,923.1520323154723,14941
2016-11-25,923.5437622070312,928.2899767589753,918.1444498912043,918.7541053833884,17293
2016-11-28,923.2825317382812,930.9461115323777,921.3666807004096,927.4626502039148,35135
2016-11-29,915.7061157226562,930.9461573261588,914.0515037113901,923.3696958937285,35995
2016-11-30,924.0664672851562,925.7210795009421,915.2708108048579,918.7977735624089,23280
2016-12-01,916.5769653320312,924.0663076578033,914.138518982966,922.9777333110442,27941
2016-12-02,914.1385498046875,923.0648831680933,910.1326101249557,923.0648831680933,20486
2016-12-05,908.1296997070312,917.4043329838858,904.3850574466322,906.692825922971,114833
2016-12-06,913.7467651367188,922.9342798135306,907.4330566202858,922.8907789888966,11368
2016-12-07,908.086181640625,916.0980613722054,903.0787275346165,913.7902929396859,16388
2016-12-08,916.228759765625,922.8472671329912,910.045670499821,910.045670499821,13840
2016-12-09,914.2691650390625,920.4522530605261,911.7872179573462,916.0543964604555,20478
2016-12-12,913.7467651367188,918.275241964402,894.0653644505792,911.7873545068031,8923
2016-12-13,914.5740966796875,916.1415900485971,910.9164560254504,913.7467613494645,7794
2016-12-14,912.3097534179688,918.7976403111652,907.9554559102459,918.7976403111652,5031
2016-12-15,914.9660034179688,918.4929661413704,907.9555787979027,918.4929661413704,9545
2016-12-16,927.9852905273438,940.5255887761609,908.521628216156,914.8788960846434,26692
2016-12-19,915.6627197265625,929.2045329522144,911.0906833030862,929.2045329522144,10151
2016-12-20,916.0980834960938,923.1084491567573,908.303883334562,923.0649483325756,10533
2016-12-21,908.47802734375,919.5814512834797,906.1266995741795,914.4433776864645,6309
2016-12-22,896.8519897460938,910.8728364218347,893.5427659518152,908.4779494874558,10900
2016-12-23,893.8475341796875,905.6911732568592,889.1448792026664,903.9494426860143,8200
2016-12-26,898.59375,904.8203976871249,886.1405131732874,895.240966728873,21012
2016-12-27,900.9887084960938,910.0456034024838,888.2741730016556,900.5097310554262,10846
2016-12-28,898.5068359375,910.9165154146641,893.499381352779,910.9165154146641,13116
2016-12-29,895.2845458984375,908.1296416764177,890.0158529001128,908.1296416764177,21034
2016-12-30,908.9569091796875,914.3997806995601,897.0697105669049,898.7678817973024,10829
2017-01-02,902.99169921875,920.3217134860066,901.3370285501964,920.3217134860066,15404
2017-01-03,910.3504028320312,918.7541999165536,903.1222989385404,905.8654854717108,26738
2017-01-04,904.5156860351562,917.8833195826488,903.0787536892218,917.8833195826488,15662
2017-01-05,901.990234375,918.5800915091183,898.0278535228493,914.1386746314897,39323
2017-01-06,909.4794921875,913.5289325986455,900.0306807997528,910.001970409564,29055
2017-01-09,902.904541015625,917.8832852896243,900.9015710995535,917.8832852896243,19713
2017-01-10,1023.6922607421875,1044.1574338964056,896.2423604056462,904.8203351454357,1264609
2017-01-11,986.2457275390625,1018.3802513893763,978.0596094898062,1011.0650866522409,418739
2017-01-12,979.9754638671875,1001.0502377618827,960.9036599961377,986.6810311627404,146630
2017-01-13,986.2457275390625,997.0877965194192,966.6513857280428,982.326788919802,72081
2017-01-16,980.75927734375,992.7770393976677,975.359964093199,987.5519050968179,46322
2017-01-17,968.0010375976562,986.6373627782384,962.2969266703914,974.4889244082315,39731
2017-01-18,999.0037231445312,1000.6148345752493,962.5584013326583,967.4351779055594,154576
2017-01-19,1001.0935668945312,1010.1940789914479,984.9392475082998,998.8729759012615,76723
2017-01-20,985.679443359375,999.7438503960769,977.9724209006064,999.7438503960769,32249
2017-01-23,973.3568725585938,1000.353435443303,968.8283960739675,1000.353435443303,31893
2017-01-24,971.9198608398438,982.5008053792168,969.4379137773999,972.8342562262669,60142
2017-01-25,962.9937744140625,982.2396991932168,911.3084111338422,979.6271320731181,69885
2017-01-27,967.2173461914062,978.7562471572465,964.038741560248,973.2698154948863,37189
2017-01-30,960.5552978515625,977.1015352404247,950.975866443516,972.6601773997041,35249
2017-01-31,954.2850952148438,971.0055701654685,950.3662741497251,969.0896604553818,50262
2017-02-01,965.3885498046875,978.799742558595,951.4983796080468,953.5884683170235,45620
2017-02-02,964.2999267578125,983.9813260992868,956.2009871059628,974.9244316102453,84467
2017-02-03,963.6469116210938,974.4455377815812,962.2970394403745,974.4455377815812,22588
2017-02-06,979.8449096679688,994.4317384608819,964.9096644181866,964.9096644181866,110481
2017-02-07,1030.3544921875,1040.630522107772,975.403352517273,982.3266575954544,415864
2017-02-08,1051.6903076171875,1055.4784498037313,1031.965293993192,1032.8362470265918,204235
2017-02-09,1067.3223876953125,1071.154090109173,1028.6998624841349,1053.737016120087,389503
2017-02-10,1095.5380859375,1101.6341730660386,1066.7999080383302,1071.1540887085957,201580
2017-02-13,1062.9246826171875,1097.2800337143058,1055.4788393891943,1097.2800337143058,67139
2017-02-14,1039.455078125,1067.6708989481674,1033.0543086619793,1065.929109332478,45741
2017-02-15,1019.2510986328125,1043.3737394240018,1014.5920024067221,1043.2867377779191,45485
2017-02-16,1068.8026123046875,1076.3791311023058,1019.7733882179667,1024.127685139459,199796
2017-02-17,1072.7216796875,1079.4273640637991,1063.7518446991535,1075.508425675094,71233
2017-02-20,1070.84912109375,1079.3400355237832,1065.1450692047067,1079.3400355237832,34786
2017-02-21,1067.5401611328125,1075.5084822569147,1058.0914067394667,1075.2472431029416,18166
2017-02-22,1053.43212890625,1070.1090434688122,1041.1530711153994,1065.0580303769395,33803
2017-02-23,1040.630615234375,1054.5207860030691,1036.3634359929738,1043.7221597799949,36735
2017-02-27,1041.2838134765625,1053.5628734059835,1023.2571408618003,1040.6742164175855,55246
2017-02-28,1043.4608154296875,1060.7037681495447,1036.7988080952255,1047.7279942408534,35714
2017-03-01,1076.2486572265625,1081.8221489760049,1033.3589532163621,1044.1575788440214,145924
2017-03-02,1055.3482666015625,1083.3462902098822,1051.2116480448149,1082.4754539598036,46586
2017-03-03,1069.7606201171875,1075.5082314495407,1053.7368628560173,1055.347973874085,26813
2017-03-06,1045.3768310546875,1078.0775082589494,1038.5405855520512,1071.1541440098852,29512
2017-03-07,1048.5118408203125,1066.7998673176924,1045.899215422796,1051.9953023186417,31277
2017-03-08,1047.2926025390625,1066.7998221710563,1032.8363960111349,1048.3375589777838,68512
2017-03-09,1042.8511962890625,1057.1768419456803,1038.9759347843808,1047.2926124810122,12572
2017-03-10,1039.71630859375,1056.0014266149049,1036.3199652404496,1056.0014266149049,12015
2017-03-14,1042.8511962890625,1065.841877490217,1033.5330044165876,1058.0041186500337,110298
2017-03-15,1054.041748046875,1070.1090659948507,1040.6740570760053,1040.6740570760053,114377
2017-03-16,1049.6876220703125,1065.7985020190843,1045.9864803034377,1058.0914199527108,28937
2017-03-17,1057.7430419921875,1066.7999961435216,1046.7701779306547,1057.2205636876217,65327
2017-03-20,1058.962158203125,1064.9711266439886,1051.9953519727128,1062.5326215135058,34959
2017-03-21,1042.1546630859375,1063.3165571125744,1038.1052804957494,1060.8781688453232,24154
2017-03-22,1036.53759765625,1054.5642682280059,1031.965503136995,1041.9804111952556,36803
2017-03-23,1036.5810546875,1048.4246354510658,1034.6651451669754,1048.4246354510658,16967
2017-03-24,1043.9833984375,1049.3390930251016,1029.6577526454591,1036.7116771207689,63950
2017-03-27,1032.052978515625,1048.4251012553145,1027.7857981118188,1048.4251012553145,19062
2017-03-28,1037.103759765625,1040.6742233935404,1027.6114459129112,1032.052745760189,79352
2017-03-29,1057.699462890625,1064.1873505825022,1034.5782175610639,1036.3198899405281,86136
2017-03-30,1100.066650390625,1109.3412837999208,1046.3347597376799,1057.6994233432047,298049
2017-03-31,1114.60986328125,1125.1472490246547,1081.604391760995,1084.2168999654743,216387
2017-04-03,1150.881103515625,1158.2398270360823,1116.8741147456833,1119.0512636607089,128947
2017-04-05,1150.184326171875,1160.8523904127899,1136.4683941272285,1149.7054072999529,483185
2017-04-06,1134.9444580078125,1154.8870389477172,1128.1953315261746,1149.5313439718827,31927
2017-04-07,1201.6522216796875,1209.4028630588239,1132.5497227979135,1132.5497227979135,177274
2017-04-10,1224.38134765625,1270.580272655348,1181.4480871980625,1196.7316876453083,323368
2017-04-11,1260.73974609375,1267.0970726181529,1219.374032692701,1225.731359217104,169389
2017-04-12,1269.448486328125,1273.4544268434079,1249.723582300753,1263.6137545185893,709749
2017-04-13,1265.26806640625,1278.679198759004,1254.4694421204317,1254.4694421204317,67176
2017-04-17,1268.6644287109375,1278.417979665557,1233.7866082418639,1263.6134157693982,65713
2017-04-18,1229.99853515625,1292.351903606833,1220.070745231115,1267.967905425572,95891
2017-04-19,1225.818359375,1258.3884751919916,1219.1999108121402,1258.3884751919916,51548
2017-04-20,1227.56005859375,1245.3254898464406,1220.9850527917367,1224.4249549385506,230446
2017-04-21,1219.722412109375,1240.9713068409562,1213.2345244471956,1227.4730532241679,40680
2017-04-24,1218.8948974609375,1236.6167675229228,1212.4505704297549,1220.070531937054,32961
2017-04-25,1228.1260986328125,1245.9786486598148,1222.4219289248501,1222.4219289248501,89817
2017-04-26,1240.100341796875,1255.6016224157286,1231.4788653921905,1232.2625827493991,52398
2017-04-27,1225.2960205078125,1249.680021498491,1216.58742363362,1249.680021498491,163046
2017-04-28,1231.3701171875,1243.0321033123955,1212.3701452521116,1230.0597499936425,60493
2017-05-02,1232.9423828125,1246.569918053498,1227.307898538145,1240.367639387185,38742
2017-05-03,1240.1055908203125,1253.6457369515733,1232.5929451130062,1236.9607569215098,60440
2017-05-04,1241.3724365234375,1247.356361244861,1236.0873900450695,1239.5816638018196,30734
2017-05-05,1236.87353515625,1259.7171023880185,1230.0597666063848,1249.1907050444256,48054
2017-05-08,1228.3126220703125,1266.6618860047029,1217.043652595209,1248.9285874170052,91221
2017-05-09,1338.5994873046875,1392.2797891458501,1224.6872827425304,1224.7309773089778,1634968
2017-05-10,1399.3992919921875,1415.1670399835673,1337.6822442843586,1353.8431259124602,854801
2017-05-11,1338.64306640625,1399.4428757882495,1327.8109259095663,1398.5693369101866,322460
2017-05-12,1350.0430908203125,1371.4890178808405,1345.28226250871,1345.28226250871,283677
2017-05-15,1370.7030029296875,1376.2500990503734,1332.0479909058631,1354.0180199977551,130840
2017-05-16,1353.6246337890625,1370.615358081729,1341.787870985186,1367.1210851874057,144570
2017-05-17,1363.4085693359375,1386.3395242017232,1349.693761456896,1353.0569509432967,145128
2017-05-18,1313.79052734375,1361.006383945619,1281.2067129346522,1361.006383945619,62324
2017-05-19,1333.7947998046875,1360.9187858735954,1319.6867422155126,1328.6408383943638,165209
2017-05-22,1313.7467041015625,1353.1005885725042,1308.5926249462702,1338.9925301991834,41855
2017-05-23,1266.7928466796875,1320.9535528188892,1262.2940682976757,1319.9490476434898,68940
2017-05-24,1286.185791015625,1327.8108499698026,1264.0409885577958,1266.661722500602,83292
2017-05-25,1291.7330322265625,1314.7076815547694,1265.6135487941551,1286.1859367083368,57942
2017-05-26,1295.88232421875,1318.201789172788,1285.8801452998935,1299.8571199983767,106725
2017-05-29,1279.32861328125,1307.6755829517606,1273.6504334497627,1295.489496295082,23695
2017-05-30,1273.6502685546875,1296.362867481594,1255.436565324039,1275.4847355011698,41299
2017-05-31,1275.0479736328125,1292.8248479666574,1271.029600845721,1292.8248479666574,32941
2017-06-01,1265.2640380859375,1281.861746594147,1257.9261705639826,1274.1743225709542,24653
2017-06-02,1264.9149169921875,1282.429863343198,1253.5586738120141,1278.018355825217,144620
2017-06-05,1255.5677490234375,1266.661940714443,1253.5585036600112,1259.3239548855333,22116
2017-06-06,1234.777099609375,1266.2252100117068,1202.0186219089815,1257.9701074592629,98996
2017-06-07,1242.1148681640625,1268.3653192823288,1224.6000417155428,1236.0872495552123,103371
2017-06-08,1291.8203125,1312.0869560517344,1236.9171513818262,1254.431976980181,65221
2017-06-09,1274.9171142578125,1292.0389255425096,1266.662011877335,1290.2481529170097,58015
2017-06-12,1276.926025390625,1301.604054388692,1262.5559186620123,1276.2708419267924,73869
2017-06-13,1271.772216796875,1296.362979356653,1266.66194913595,1278.0181908501847,48790
2017-06-14,1273.6502685546875,1292.8685943870303,1270.2433845885766,1292.8685943870303,40927
2017-06-15,1315.2318115234375,1343.7972515888289,1270.287134460733,1279.7652140968971,72178
2017-06-16,1319.294189453125,1332.1791562337157,1310.3402075879021,1319.0757165711043,71479
2017-06-19,1319.599609375,1343.2730196543052,1306.1467338694372,1320.8225873792774,99131
2017-06-20,1309.37890625,1329.9511761533572,1303.6570326248773,1322.5696138489434,29566
2017-06-21,1320.909912109375,1361.8797907136884,1313.5282324194409,1329.55814684898,182517
2017-06-22,1301.6044921875,1335.192816165945,1298.197607504749,1323.9239621897875,28045
2017-06-23,1260.852783203125,1315.5812858740467,1243.9930229847728,1312.0870125336369,119271
2017-06-27,1258.5814208984375,1271.9032124997445,1247.0504017100275,1259.6733151887622,77539
2017-06-28,1268.4090576171875,1275.1354371632442,1243.9493781730075,1261.4206281153583,54399
2017-06-29,1259.4986572265625,1292.8686194232605,1253.5584280883238,1268.4089422046663,38409
2017-06-30,1267.229736328125,1279.634295227539,1251.418293188147,1257.9263171535645,50827
2017-07-03,1265.2640380859375,1285.8801193978607,1258.7997094415723,1269.893899849814,79534
2017-07-04,1268.0157470703125,1285.88012818356,1259.6732569258043,1259.6732569258043,22111
2017-07-05,1253.6021728515625,1270.7675599360514,1249.1906660216787,1267.1860149587676,54805
2017-07-06,1267.7974853515625,1275.1790480317968,1252.2917872830483,1257.8388829347691,52963
2017-07-07,1273.6502685546875,1284.1329703798733,1263.1675667295015,1266.6618398240655,40978
2017-07-10,1267.9283447265625,1288.5006120376509,1266.6616723654743,1268.5398336278815,6984
2017-07-11,1279.4156494140625,1305.928144585456,1268.4961210042388,1283.0408882118982,175427
2017-07-12,1277.1444091796875,1293.916777343703,1275.1351641847043,1282.8225876870815,647664
2017-07-13,1287.2777099609375,1314.7075579339753,1284.0456044888997,1301.6041228847473,364112
2017-07-14,1281.0755615234375,1300.5996323963427,1275.441076832735,1300.5996323963427,31811
2017-07-17,1260.852783203125,1288.50087303827,1249.1906796988299,1288.50087303827,82599
2017-07-18,1247.5311279296875,1266.66206808104,1180.2232808231495,1266.66206808104,110731
2017-07-19,1269.8941650390625,1277.013678692998,1249.1908077368944,1249.1908077368944,140137
2017-07-20,1277.319091796875,1353.711983219051,1257.9261068460946,1278.017969846947,1070563
2017-07-21,1277.7125244140625,1296.3630585777357,1262.8183138255245,1274.5239953405596,174827
2017-07-24,1267.3170166015625,1279.6341853074432,1250.9377804048797,1275.3974570191735,71904
2017-07-25,1249.278076171875,1266.487158112694,1244.822874700219,1266.487158112694,74793
2017-07-26,1258.7998046875,1284.1330213469219,1250.3263477293926,1250.3263477293926,107917
2017-07-27,1248.5792236328125,1263.866567124451,1243.949361254422,1258.7998765200352,48051
2017-07-28,1239.3194580078125,1261.3768747951058,1231.7195398103236,1247.4435935509482,42258
2017-07-31,1241.32861328125,1257.7515439855817,1231.9378058100815,1257.7515439855817,22592
2017-08-01,1246.395263671875,1252.6412375211435,1236.0872220922538,1252.6412375211435,25260
2017-08-02,1235.781494140625,1252.6849488700193,1232.2436437032034,1250.1516036431167,28932
2017-08-03,1231.58837890625,1248.8848486825464,1211.627597835774,1236.9171189531155,63601
2017-08-04,1245.8712158203125,1256.1792578304198,1208.1334386662961,1217.7426024991207,65975
2017-08-07,1228.1378173828125,1257.9262346139185,1223.0275500865375,1257.9262346139185,29470
2017-08-08,1215.777099609375,1240.4551350440972,1214.335766088102,1240.4551350440972,32169
2017-08-09,1211.0599365234375,1222.1105525234714,1195.6853196432126,1215.1220048808016,41215
2017-08-10,1171.9681396484375,1208.9633459812908,1164.4554924981305,1201.1449542948321,52599
2017-08-11,1173.2347412109375,1179.3059369951018,1137.3750085976044,1163.843932842575,52987
2017-08-14,1179.26220703125,1191.7978493354792,1170.5702770950318,1179.3059015979563,64761
2017-08-16,1185.9449462890625,1201.144900736062,1163.0141071001817,1180.2668840673712,52237
2017-08-17,1192.9337158203125,1201.1451248919911,1180.4854597529034,1201.1451248919911,44337
2017-08-18,1198.9609375,1203.7655779529166,1163.145018041129,1194.9862588962537,52290
2017-08-21,1184.634765625,1201.8875435986197,1176.2485793216415,1192.409462847651,38966
2017-08-22,1185.770263671875,1191.186393298708,1161.8346847595465,1184.5472856042863,67856
2017-08-23,1179.1749267578125,1192.3657538633731,1175.6807706008765,1180.1795495092672,48855
2017-08-24,1179.0438232421875,1183.7173798894528,1164.4553588639171,1183.6736853237994,65201
2017-08-28,1191.8414306640625,1200.271310688406,1179.305905773957,1179.305905773957,46574
2017-08-29,1180.3975830078125,1191.535467002402,1176.0734661030542,1184.547039135764,10933
2017-08-30,1178.0830078125,1191.4921900342501,1170.5703608060517,1183.673798497505,24289
2017-08-31,1170.832275390625,1185.42073947696,1166.202413401663,1183.4553062714572,76092
2017-09-01,1164.6302490234375,1204.3772769063098,1155.632573023675,1182.1015010489284,87002
2017-09-04,1151.52685546875,1174.2393407316515,1134.5797044768385,1164.455515382528,88893
2017-09-05,1168.6485595703125,1192.4094798308452,1146.1107349471404,1150.6532085458769,112892
2017-09-06,1166.77001953125,1171.8804034495502,1144.3632858867088,1154.103413588307,79635
2017-09-07,1175.767822265625,1191.535568967572,1162.70819877462,1162.70819877462,114152
2017-09-08,1171.61865234375,1198.9609986484306,1161.8347101308693,1182.8002334678886,221448
2017-09-11,1192.19091796875,1198.5242812495578,1171.6623404339462,1171.6623404339462,195008
2017-09-12,1220.8873291015625,1245.3470060213601,1196.951752039219,1197.6506301548293,172151
2017-09-13,1208.0897216796875,1228.9677378058086,1201.625392306074,1215.9953844909974,35138
2017-09-14,1245.9146728515625,1253.3836236186855,1205.5124743963934,1209.006747158096,213120
2017-09-15,1245.346923828125,1257.0526029287382,1224.5124876380603,1244.8227065467624,92491
2017-09-18,1241.415771484375,1259.6731674503615,1233.466415512592,1245.3468723689111,42788
2017-09-19,1259.9791259765625,1271.9032794186003,1242.901010391031,1250.9378743064408,112189
2017-09-20,1279.546875,1304.2249084959303,1268.8895117768386,1274.5238791674444,139755
2017-09-21,1265.220458984375,1292.8686658612828,1249.190660869333,1281.51242449927,47043
2017-09-22,1248.491943359375,1267.491917324138,1216.0392093124387,1267.491917324138,61276
2017-09-25,1253.0343017578125,1265.7882986908298,1205.5999762424672,1250.9377848881606,72524
2017-09-26,1250.63232421875,1271.0299380444228,1232.5932777243809,1267.9724924451284,44946
2017-09-27,1257.9698486328125,1267.011216687248,1233.4664785264151,1250.6319812070678,59938
2017-09-28,1230.583740234375,1257.9698953282373,1224.7309004096567,1257.9698953282373,40313
2017-09-29,1222.0230712890625,1249.190757492808,1215.9954523379454,1231.7632017312637,31689
2017-10-03,1219.096435546875,1240.3677012343226,1209.3563063564682,1225.6044590147837,31850
2017-10-04,1205.9930419921875,1229.9721945975366,1201.6252302420894,1222.9837662724792,30220
2017-10-05,1210.710205078125,1223.0274908962406,1202.5424932206483,1205.5125489036395,30209
2017-10-06,1198.611328125,1238.7076610693944,1196.7767440590458,1218.6158000410453,54422
2017-10-09,1201.4505615234375,1221.8481714316379,1191.5356537877099,1221.8481714316379,69526
2017-10-10,1182.4072265625,1214.6853007320112,1179.7864918174812,1209.8806595189872,53319
2017-10-11,1187.3424072265625,1195.6412018384226,1168.0366950841972,1188.0412852351476,100944
2017-10-12,1189.7886962890625,1196.7771259582642,1170.7014515858905,1190.6185407453024,77585
2017-10-13,1175.3748779296875,1189.6574802110752,1172.3173154899332,1187.1242525541206,42449
2017-10-16,1181.6204833984375,1201.1445500288253,1176.859656134356,1181.0089945319417,90592
2017-10-17,1173.49658203125,1186.0757995794938,1170.5701036222254,1182.7999996056112,24526
2017-10-18,1167.0323486328125,1187.9540575068913,1161.9219640061933,1173.6276436770497,30328
2017-10-19,1170.8760986328125,1178.43244016583,1161.834729026644,1167.731264208187,7290
2017-10-23,1165.1978759765625,1187.9541714191218,1162.7956144061445,1174.9381234206714,71497
2017-10-24,1185.0714111328125,1192.4093971555658,1167.2945342003836,1170.570334821269,194495
2017-10-25,1211.933349609375,1216.1263833858209,1165.328868024537,1188.0414671127216,200700
2017-10-26,1220.800048828125,1236.087274854555,1203.3724936994777,1215.1218691848696,196019
2017-10-27,1226.82763671875,1236.9173240670668,1218.5725340816482,1220.8001350194925,190955
2017-10-30,1222.2410888671875,1242.8134733991233,1211.0158159808636,1227.351472810957,85001
2017-10-31,1210.6229248046875,1230.9768386472877,1180.8345092270058,1222.9837876391916,132499
2017-11-01,1216.6939697265625,1225.6042530715372,1204.6388528578352,1222.983636774068,41526
2017-11-02,1209.8367919921875,1226.0413686207357,1205.5126742478894,1224.731001435551,21247
2017-11-03,1207.478271484375,1228.2253220335072,1205.512720630972,1217.7426190657275,150152
2017-11-06,1195.0299072265625,1213.1126445229347,1192.4092904560566,1205.5126092256014,26821
2017-11-07,1165.3291015625,1216.8255053595053,1158.821076770905,1196.7772135637285,41505
2017-11-08,1157.030029296875,1185.5954672635823,1142.4852603945105,1160.174863242008,56072
2017-11-09,1177.907958984375,1190.5309884253966,1161.834468821469,1161.834468821469,21852
2017-11-10,1184.066650390625,1188.0413283386144,1140.0829081476497,1183.6735168142213,29804
2017-11-13,1187.5172119140625,1195.2919076909395,1180.2667334363985,1184.1103280324423,14379
2017-11-14,1193.7630615234375,1199.3538507731237,1188.041306056402,1191.5354612435876,10513
2017-11-15,1187.299072265625,1200.271426618787,1153.3613109730325,1200.271426618787,49432
2017-11-16,1193.108154296875,1198.5242840245735,1171.7059202569785,1192.409393572751,11456
2017-11-17,1204.4207763671875,1207.259866107257,1182.5817148732012,1196.7770461150353,38092
2017-11-20,1206.7354736328125,1214.2481190931564,1168.2988249483044,1197.3447842658793,36310
2017-11-21,1210.0987548828125,1214.24821151788,1200.271236617949,1211.6275947945526,10701
2017-11-22,1230.583740234375,1235.5630411605318,1209.83669219489,1210.7539256571556,134081
2017-11-23,1231.5010986328125,1236.698872904804,1214.2920164639158,1229.9723760406139,38545
2017-11-24,1230.1907958984375,1240.280364572402,1223.4642993239497,1229.9723230671639,19286
2017-11-27,1211.845947265625,1229.9722612988717,1201.1447726600109,1229.9722612988717,27633
2017-11-28,1232.4619140625,1238.402143074102,1203.9838644249285,1203.9838644249285,97023
2017-11-29,1233.160888671875,1264.9147410613527,1223.6828087251997,1232.5930942106177,133646
2017-11-30,1221.935546875,1243.9492681740012,1207.0850327205994,1231.8067599344774,72233
2017-12-01,1220.5379638671875,1234.1218060861243,1206.3862097334008,1217.7862632613574,24449
2017-12-04,1208.91943359375,1227.3516090416838,1201.2758215671495,1217.7424464403136,42320
2017-12-05,1194.767822265625,1209.8803858287918,1186.2942482932287,1209.8803858287918,26002
2017-12-06,1176.4228515625,1200.2710352913004,1171.8366849720549,1200.2710352913004,30754
2017-12-07,1195.0736083984375,1201.144803790072,1175.3748768410114,1176.6415493975699,36690
2017-12-08,1173.1473388671875,1213.374765951673,1168.8232211013246,1197.6507120265821,69817
2017-12-11,1200.1839599609375,1212.5012473279205,1181.0530214913813,1181.0530214913813,60996
2017-12-12,1198.873779296875,1208.7449936198302,1191.4485212692698,1195.9036056107188,13788
2017-12-13,1184.809326171875,1229.011431985255,1174.6323680590174,1198.436863079112,34601
2017-12-14,1176.9036865234375,1198.9174094574544,1167.949706292279,1184.8093494878267,27081
2017-12-15,1204.15869140625,1212.9378928572155,1183.542608558752,1183.542608558752,47209
2017-12-18,1213.6802978515625,1236.9606888759965,1186.9930232005893,1211.6274757470624,60326
2017-12-19,1216.4320068359375,1242.1583537321553,1213.6803066704874,1213.6803066704874,91720
2017-12-20,1208.220703125,1236.0871461602433,1205.5125798321149,1209.8803918016338,80999
2017-12-21,1200.271240234375,1231.7194632186001,1196.7769671342376,1215.9952929972344,54255
2017-12-22,1204.0274658203125,1222.1102013822012,1197.912576483827,1209.8803052507337,116445
2017-12-26,1217.174560546875,1224.7307828798896,1200.7079369114947,1212.4573099971215,86220
2017-12-27,1212.7633056640625,1229.0551544360544,1201.2759800975498,1222.9839585763634,38222
2017-12-28,1211.7586669921875,1257.8389348980854,1206.3862319247337,1214.3794014031942,105658
2017-12-29,1225.5172119140625,1230.8458346253497,1207.3470853501194,1207.3470853501194,87166
2018-01-01,1222.677978515625,1234.3399626512762,1214.2917943473324,1233.4664238238802,49258
2018-01-02,1223.15869140625,1244.6483157659877,1216.0391778574715,1222.9840305802386,69302
2018-01-03,1235.606689453125,1244.3860075906864,1223.857315679976,1223.857315679976,63302
2018-01-04,1252.0733642578125,1266.6181334599971,1236.087144283602,1240.4549562464897,170003
2018-01-05,1253.645751953125,1273.6502269119715,1249.1905509667586,1250.937746186168,109218
2018-01-08,1255.8299560546875,1264.434498130807,1249.190847561615,1261.4207471672125,144080
2018-01-09,1239.843505859375,1261.9446162861097,1233.641226774053,1261.9446162861097,95526
2018-01-10,1236.4365234375,1246.5699030805788,1221.7170941516126,1240.6296744004806,74134
2018-01-11,1222.634521484375,1240.4550928925516,1219.0965534688087,1240.4550928925516,35345
2018-01-12,1290.9468994140625,1326.9375996415158,1225.6919960608543,1225.6919960608543,339454
2018-01-15,1323.2684326171875,1332.178716967975,1291.8202112882022,1297.2363401812693,316891
2018-01-16,1318.4202880859375,1344.3212982604464,1286.4042706070863,1329.558173501641,144577
2018-01-17,1352.7073974609375,1360.7441428796576,1297.7167345246366,1323.4430822685663,100599
2018-01-18,1346.9422607421875,1367.1215198717316,1305.9723708000902,1355.765276177521,110240
2018-01-19,1385.3348388671875,1415.1669496167137,1321.3466174743548,1345.7625991634377,115760
2018-01-22,1399.705078125,1407.479774665829,1367.1212639614173,1393.3281379080802,87953
2018-01-23,1432.3760986328125,1441.3737728174112,1380.2246379813012,1408.1785885993277,250981
2018-01-24,1456.7923583984375,1463.2129935926828,1355.7651089441024,1355.7651089441024,141799
2018-01-25,1449.497802734375,1473.6954284679393,1419.5347264929128,1443.120863271723,91143
2018-01-29,1416.739501953125,1449.58536612648,1406.431460149116,1449.58536612648,105080
2018-01-30,1402.7623291015625,1428.270321355664,1395.5991225792875,1419.5346979158896,43457
2018-01-31,1444.169189453125,1454.477230920981,1385.0728761004782,1397.7394844694443,138100
2018-02-01,1485.4449462890625,1504.182867808497,1430.0175664693172,1441.3738077953758,220831
2018-02-02,1466.31396484375,1528.0310112286134,1441.3737647950463,1478.5001676528084,161982
2018-02-05,1422.0244140625,1471.9483892221094,1410.8428343354324,1433.1186046627456,104230
2018-02-06,1413.98779296875,1422.1556231255502,1358.3856339170713,1387.21312466879,49393
2018-02-07,1378.9141845703125,1451.2450125862422,1371.4889279137492,1414.2933900957617,49980
2018-02-08,1393.197021484375,1430.0175634053044,1381.0982074706983,1389.4406982752357,115493
2018-02-09,1389.6590576171875,1412.4590468770816,1360.1765012232147,1380.2246724594997,168280
2018-02-12,1406.9990234375,1412.5462358065213,1369.741775943658,1389.6588606574408,40140
2018-02-14,1373.323486328125,1427.3969207870884,1364.0637621716178,1416.9141011687032,47423
2018-02-15,1354.4547119140625,1386.994832872642,1352.2708056604017,1386.994832872642,38513
2018-02-16,1323.1375732421875,1371.0087326969383,1316.454888210809,1362.6662413208062,55865
2018-02-19,1299.2894287109375,1323.0503484614958,1285.1814853852522,1319.075552007069,32413
2018-02-20,1318.4638671875,1338.0316321822993,1289.6364957396383,1304.093876028035,50915
2018-02-21,1320.2984619140625,1340.87073221822,1315.7121770284184,1331.6110082343328,38791
2018-02-22,1324.5352783203125,1332.1788912069283,1301.7789830142804,1327.8110788550005,35629
2018-02-23,1330.650146484375,1339.997260063601,1315.5812763419679,1315.5812763419679,37973
2018-02-26,1326.1513671875,1347.5971774682894,1321.7835549108165,1340.9144928109013,69694
2018-02-27,1335.105224609375,1346.1557205294653,1328.029406957141,1329.5581293678551,45379
2018-02-28,1338.0751953125,1354.017719392734,1319.075226605042,1326.9373109739715,130752
2018-03-01,1332.309814453125,1352.7074228557585,1315.8868842728407,1327.8109189398883,81630
2018-03-05,1302.041015625,1337.1144802180272,1294.1790474630268,1332.3099571699897,42759
2018-03-06,1288.8939208984375,1331.3052511082537,1267.5353835474084,1310.3398473782515,80176
2018-03-07,1254.0391845703125,1284.1332345804901,1242.4644686335696,1276.31495989653,76147
2018-03-08,1245.477783203125,1266.530572936815,1240.4984829376058,1266.530572936815,27063
2018-03-09,1255.9169921875,1267.0113006439292,1250.0641521922068,1250.937808574735,173412
2018-03-12,1252.3353271484375,1266.6617399943837,1243.5997038297633,1266.486961751252,17781
2018-03-13,1232.4180908203125,1257.794998339283,1224.7307847967343,1256.7031041837804,42171
2018-03-14,1214.466796875,1234.3403099891812,1206.3863548954203,1234.3403099891812,54371
2018-03-15,1199.4852294921875,1223.2023363493067,1195.903566848285,1220.3632464675054,61594
2018-03-16,1167.77490234375,1208.1334130785413,1158.9083114443933,1206.3862176723396,112192
2018-03-19,1150.7403564453125,1174.9379824348428,1144.3634169152042,1170.5701705808228,58597
2018-03-20,1139.7337646484375,1158.3406042817996,1133.007267380025,1153.0118634436892,127983
2018-03-21,1133.007080078125,1148.5564717728241,1129.6001961656236,1148.5564717728241,54322
2018-03-22,1126.717529296875,1147.8140163030885,1113.7888717494723,1143.9266096510594,60640
2018-03-23,1116.322021484375,1125.8439119147586,1109.420982473491,1114.6623329370022,39366
2018-03-26,1119.81640625,1137.0691816900592,1112.7405882896735,1118.1566000781672,38588
2018-03-27,1113.745361328125,1144.3199324615744,1107.0188640611177,1123.0050865721093,57101
2018-03-28,1130.9544677734375,1135.628025062244,1112.0418832184803,1122.0878760254634,74764
2018-04-02,1129.29443359375,1154.6277659018585,1124.2715556617695,1154.5840713390194,33019
2018-04-03,1120.908447265625,1135.6715725626927,1115.7106732486477,1135.6278779967,75294
2018-04-04,1110.600341796875,1135.6278125285928,1107.280847016403,1131.1726114733115,48921
2018-04-05,1116.933349609375,1135.6275712948743,1113.7886337508094,1131.2597602943656,110672
2018-04-06,1128.0716552734375,1135.6279969776285,1121.0395309575727,1123.7475372062534,41396
2018-04-09,1127.678466796875,1135.6278235048533,1123.7910601121732,1127.3727223081066,98762
2018-04-10,1126.411865234375,1142.1359188437627,1124.271653678177,1135.584200475223,38524
2018-04-11,1116.365966796875,1135.4969061587028,1113.8326213878108,1131.2601772591786,50442
2018-04-12,1111.3868408203125,1121.6948849088515,1108.5477504288533,1113.7892203568033,74054
2018-04-13,1110.9061279296875,1129.0761369642712,1107.6302101313738,1109.4211000084226,55440
2018-04-16,1098.4580078125,1115.6235137556607,1090.2029053895571,1105.5338266690972,170991
2018-04-17,1104.6162109375,1114.662199978385,1100.9909723517985,1100.9909723517985,35496
2018-04-18,1096.88525390625,1112.8713539179587,1095.4439208184933,1112.8713539179587,29674
2018-04-19,1091.6441650390625,1109.4211588474725,1090.202831606467,1098.1958835246571,52542
2018-04-20,1113.2647705078125,1135.4095769718913,1091.1637760703345,1091.9499259203028,259743
2018-04-23,1164.7174072265625,1179.3058715851334,1118.6371418424244,1125.145165487285,278307
2018-04-24,1182.494384765625,1193.2828312779786,1166.2024198552886,1170.570231938255,216733
2018-04-25,1182.0574951171875,1206.29881567976,1147.8575729198933,1179.2184056650167,245780
2018-04-26,1172.1861572265625,1209.0066921238208,1155.9378894639913,1185.1585077183784,114256
2018-04-27,1174.594482421875,1208.1292659420333,1167.4053081868822,1181.5643918527833,74053
2018-04-30,1191.033203125,1201.1154948473538,1174.9452950265857,1182.879616663785,57374
2018-05-02,1178.408203125,1200.9838710069007,1170.4299118532492,1197.1700782613862,144475
2018-05-03,1147.4598388671875,1179.1096546744643,1137.9912530571285,1179.1096546744643,76008
2018-05-04,1127.4703369140625,1163.7669134676162,1124.8402202544771,1147.63515405906,121216
2018-05-07,1126.5059814453125,1147.5912380612897,1116.2920145529545,1131.8539203913297,117509
2018-05-08,1123.1741943359375,1145.0047127240612,1114.538463475935,1132.68674847508,201144
2018-05-09,1111.03173828125,1135.40478953395,1097.6616542493691,1116.6427953516138,426064
2018-05-10,1111.82080078125,1123.0867673252417,1108.927566467576,1123.0867673252417,89302
2018-05-11,1091.6561279296875,1118.7031481321349,1083.0203956286616,1117.8264425909815,152628
2018-05-14,1097.354736328125,1109.0591144596765,1068.2913061377783,1091.5245326836184,86414
2018-05-15,1087.8421630859375,1107.9630059293502,1082.7133716445617,1095.9080414044108,25054
2018-05-16,1082.406494140625,1091.4366656767045,1074.47205697738,1087.9298441465187,33647
2018-05-17,1077.1024169921875,1089.727235322927,1071.4036545126635,1076.9708581214923,69005
2018-05-18,1066.40625,1079.7763321577308,1064.3897213897376,1076.9708040158134,19594
2018-05-21,1052.2471923828125,1081.7490325604078,1050.318369637815,1069.606361319211,22311
2018-05-22,1059.655517578125,1062.5924867806257,1039.9729670886202,1047.6881402200347,15631
2018-05-23,1047.38134765625,1072.8502499881622,1038.5264686992418,1058.9541669611617,178637
2018-05-24,1021.8246459960938,1058.2088056990497,1014.0656201717956,1047.688104705183,47016
2018-05-25,1021.8246459960938,1028.9262311570255,1015.2492962881416,1025.200144643186,33619
2018-05-28,1054.9652099609375,1067.8530301817907,1021.2550122919916,1021.38657118344,61479
2018-05-29,1074.779052734375,1079.3818450182669,1045.8032109982155,1062.2418222317121,43162
2018-05-30,1086.65869140625,1097.4862456527107,1062.5924955089704,1067.8528462274303,55578
2018-05-31,1079.99560546875,1100.248010430032,1069.6064620555883,1089.113602468385,45809
2018-06-01,1055.447021484375,1091.5243246633308,1044.3126160476388,1080.609066091742,44897
2018-06-04,1039.14013671875,1065.1350378418151,1029.233140771217,1065.1350378418151,63553
2018-06-05,1018.010986328125,1036.3784193234187,1007.3587263154124,1031.4686566215146,56471
2018-06-06,1048.91552734375,1052.0717612532271,1010.8218093084183,1017.0904241724787,56787
2018-06-07,1103.5794677734375,1111.6891998290769,1053.869076008481,1059.96239723161,118872
2018-06-08,1094.9876708984375,1122.2099854223077,1083.7217039378045,1097.661640517641,71651
2018-06-11,1095.3382568359375,1122.2098626212564,1078.4173817664564,1095.908109488795,39852
2018-06-12,1125.979736328125,1134.440173368047,1091.52440048026,1105.2013348860862,118467
2018-06-13,1106.8232421875,1150.92257077566,1096.3463950947037,1130.5387291774,66975
2018-06-14,1098.406982421875,1111.6017732587763,1094.1548953541806,1106.4290097286842,14706
2018-06-15,1064.959716796875,1109.0151977261721,1060.8390714549766,1094.855997821702,87858
2018-06-18,1062.548828125,1082.5820880407575,1059.4364465297556,1069.6065618613563,41074
2018-06-19,1059.56787109375,1072.2365428039354,1045.496376253197,1062.548693419336,28432
2018-06-20,1055.929443359375,1082.7571967534523,1050.318386855197,1073.9900241144292,53612
2018-06-21,1056.9378662109375,1074.4285988750064,1052.0720729248585,1069.5189526210424,31949
2018-06-22,1062.8118896484375,1067.8529761991551,1048.9595406925241,1057.3322734817277,34386
2018-06-25,1042.64697265625,1063.469229185293,1037.1674748954524,1063.469229185293,28743
2018-06-26,1041.6827392578125,1046.7676785795932,1021.51792227331,1021.51792227331,22366
2018-06-27,1039.7100830078125,1049.6609328081872,1030.1537919701948,1044.1814346275848,25255
2018-06-28,1015.0301513671875,1035.4141150984199,1009.1122416238362,1034.9757033867902,35919
2018-06-29,1033.2222900390625,1061.7158683562996,1016.9589720493972,1016.9589720493972,88436
2018-07-02,1035.852294921875,1043.173027029296,1019.676684595924,1040.9373515262084,24749
2018-07-03,1028.882568359375,1042.0772410526029,1025.7701868635463,1030.6798325168404,21611
2018-07-04,1033.96728515625,1043.1729866566357,1026.6905241695063,1030.6357574500814,22869
2018-07-05,1036.5538330078125,1042.427889862391,1026.6029833578355,1037.07983276067,30836
2018-07-06,1029.4962158203125,1043.260740478928,1025.857716864409,1043.260740478928,25670
2018-07-09,1053.0802001953125,1057.3322871451082,1030.4606772721122,1030.4606772721122,85503
2018-07-10,1076.970703125,1082.7570528012627,1056.6305965304928,1062.0225054200228,98429
2018-07-11,1094.3739013671875,1099.590399304637,1062.5925312074053,1076.576319931594,90249
2018-07-12,1078.2860107421875,1104.5877655810757,1072.061248343816,1100.291826043892,46393
2018-07-13,1068.3790283203125,1081.0038472299655,1037.3429218423462,1070.5708510756904,66872
2018-07-16,1047.3375244140625,1082.7135419402896,1044.751260752347,1076.970926141173,39130
2018-07-17,1037.0797119140625,1055.1841450452011,1030.1536563608336,1043.7867384608082,36926
2018-07-18,1040.23583984375,1052.071656888036,1037.1673121484575,1044.8386313866888,33343
2018-07-19,1014.8987426757812,1059.0857877813214,1009.1122737427322,1052.071907477802,83645
2018-07-20,995.040771484375,1034.493460132973,989.8241559280626,1021.2986716665071,205744
2018-07-23,1002.4490966796875,1010.8218283463297,990.7009841498146,999.4244215779247,70493
2018-07-24,1024.2357177734375,1031.907037572623,1003.895609711803,1007.2709904234447,61857
2018-07-25,1029.4083251953125,1047.688051077804,1009.6820413126014,1030.1535896136475,68520
2018-07-26,1030.898681640625,1039.7975297008422,1017.002601329975,1029.1891239020538,43759
2018-07-27,1041.901611328125,1046.8112553992585,1030.1535007624072,1041.5509056252913,37174
2018-07-30,1060.444580078125,1069.1241651017117,1033.6605604813815,1048.5649079266755,50390
2018-07-31,1068.1595458984375,1087.1406822967497,1056.4552878576162,1056.4552878576162,43829
2018-08-01,1063.4691162109375,1076.1379041890916,1058.2087659117865,1068.1596138926918,22679
2018-08-02,1056.4114990234375,1090.2092761192882,1045.5400927195046,1090.2092761192882,37061
2018-08-03,1055.66650390625,1064.3022360544148,1052.0718580015598,1057.3322090396666,13596
2018-08-06,1047.3375244140625,1069.6064581401386,1043.5677023785092,1060.839166966926,27864
2018-08-07,1059.786865234375,1074.5159165585774,1037.3864944102131,1051.1949873944202,39264
2018-08-08,1063.206298828125,1069.6940613809222,1056.0171246792681,1067.502238556462,28352
2018-08-09,1052.3349609375,1071.2722501062806,1045.05819826617,1071.2722501062806,29534
2018-08-10,1057.7266845703125,1065.222710733841,1052.5540398570104,1052.5540398570104,147347
2018-08-13,1044.18115234375,1057.8142325528172,1041.550918482164,1057.770379603888,429783
2018-08-14,1058.340576171875,1067.8530147690171,1046.8116085741663,1049.354137364311,67598
2018-08-16,1050.5814208984375,1073.1132356769442,1047.7758925550484,1057.332182951991,25639
2018-08-17,1075.4364013671875,1086.2639538308924,1047.7756822222743,1054.6141488187482,94497
2018-08-20,1077.5845947265625,1112.8290521609686,1057.8583081499464,1085.3874741714685,267153
2018-08-21,1113.5743408203125,1123.9636030472632,1077.6285851237847,1082.7573778494764,442881
2018-08-23,1165.432373046875,1171.3064286880992,1117.826222370748,1130.933185714775,242773
2018-08-24,1156.708984375,1187.964351347871,1153.3336037305978,1166.0461268092722,141371
2018-08-27,1158.330810546875,1170.4296265532719,1155.525282869264,1161.618602762034,54148
2018-08-28,1146.1009521484375,1166.4409464713162,1142.374864931658,1165.9587996503649,58046
2018-08-29,1161.5750732421875,1196.7318259540707,1141.4979623185536,1156.4023101525106,183002
2018-08-30,1148.1170654296875,1172.095552708453,1139.6566287017984,1170.254436058978,71161
2018-08-31,1147.10888671875,1161.6625270785432,1141.4978304493975,1153.7720602452134,45623
2018-09-03,1144.6102294921875,1165.95860257997,1141.4978485104782,1165.95860257997,89324
2018-09-04,1119.755126953125,1144.128177122396,1100.5986927433544,1144.128177122396,62825
2018-09-05,1111.82080078125,1131.8539404150124,1096.784894403037,1131.8539404150124,62672
2018-09-06,1136.23779296875,1147.6353204658303,1113.5305617922359,1122.867707162036,184562
2018-09-07,1180.863037109375,1207.077086157431,1144.1720211495094,1146.7582847453257,361782
2018-09-10,1204.359130859375,1223.91012150602,1163.6351797000796,1184.0628757681566,276319
2018-09-11,1219.08837890625,1226.0582883297864,1189.411123473423,1206.375853539235,183730
2018-09-12,1283.220703125,1297.5551968837738,1207.4277068977508,1216.8964087488687,623557
2018-09-14,1269.8505859375,1329.9940875155287,1239.691188182108,1284.4042261905008,465053
2018-09-17,1263.888916015625,1272.1302070253976,1250.5188330166925,1264.2396217909659,451996
2018-09-18,1265.42333984375,1279.144011187546,1252.8861089688937,1255.0340787651435,80784
2018-09-19,1261.8287353515625,1287.7360505177994,1198.6605500091673,1265.4233813724484,219937
2018-09-21,1255.4285888671875,1285.3248709049788,1163.5038313577923,1264.9410261677174,160324
2018-09-24,1217.2034912109375,1268.755007768831,1183.5809995310242,1260.3822745716548,92670
2018-09-25,1252.8861083984375,1271.2535429976087,1179.1972230916263,1241.444847848517,142041
2018-09-26,1258.979248046875,1288.7879416818166,1244.6447538973653,1265.2917161196883,117517
2018-09-27,1247.8885498046875,1268.4039507889684,1214.5290672583637,1268.4039507889684,107819
2018-09-28,1236.009033203125,1258.1025537704295,1187.9644643441159,1241.00638415789,121238
2018-10-01,1247.4940185546875,1271.2095066841093,1201.3782772197906,1221.7182668449284,65120
2018-10-03,1246.8804931640625,1283.4838034954728,1229.959734666405,1253.7189612973598,133875
2018-10-04,1212.4251708984375,1244.9516890384873,1207.2525257037707,1231.8008701961837,59713
2018-10-05,1205.27978515625,1221.499249338559,1168.6764762373377,1221.499249338559,113963
2018-10-08,1208.6551513671875,1218.6498531902548,1169.2463146273165,1206.3757406947632,64540
2018-10-09,1187.52587890625,1217.2907154945872,1178.4955897201514,1214.178334842506,40339
2018-10-10,1176.0408935546875,1203.7454696214159,1170.5175431003313,1192.8302096944044,49958
2018-10-11,1130.9771728515625,1166.8791873402056,1117.913943024424,1161.6625716931705,61397
2018-10-12,1147.415771484375,1165.1694991804286,1135.8430707551627,1135.8430707551627,261569
2018-10-15,1130.1441650390625,1157.2788853059326,1125.5413735279476,1157.2788853059326,65209
2018-10-16,1137.4210205078125,1151.0542201468395,1126.593466844184,1130.9771118543167,127574
2018-10-17,1126.6812744140625,1151.1419120395522,1122.2099230926708,1151.1419120395522,32502
2018-10-19,1114.8455810546875,1138.2980748300545,1106.6044069244397,1126.681401407219,34032
2018-10-22,1095.4698486328125,1127.6457803141077,1088.0615273571734,1122.210017117287,38870
2018-10-23,1091.8751220703125,1106.7794678374257,1074.954247744826,1095.9080613027752,81905
2018-10-24,1086.0010986328125,1109.0590294628528,1072.937869218401,1100.2917392467373,35498
2018-10-25,1069.518798828125,1086.2204114372773,1056.543273341533,1073.113327065948,27218
2018-10-26,1080.6968994140625,1100.2917436134458,1056.455410243183,1083.6339864441468,32757
2018-10-29,1079.0311279296875,1099.4150905222195,1074.1653358354831,1082.0120680567868,42167
2018-10-30,1059.260986328125,1109.0590840371995,1043.304522064984,1086.3518578445457,407977
2018-10-31,1121.46484375,1129.6184294091445,1065.2228325009826,1093.8041173841752,406064
2018-11-01,1155.131103515625,1191.4715342989562,1124.7087006627733,1130.9773165193365,455074
2018-11-02,1155.656982421875,1206.3756336471868,1146.9773985318755,1187.96434865338,203584
2018-11-05,1145.837646484375,1170.9996943123786,1139.7444433560395,1161.6625513201375,74360
2018-11-06,1144.2593994140625,1166.922887160653,1141.7607243091131,1156.4020692189933,108438
2018-11-07,1162.539306640625,1165.8708343363062,1148.5116664952807,1149.6952246872993,17391
2018-11-09,1146.80224609375,1166.0463878899382,1143.2515707271182,1166.0463878899382,74936
2018-11-12,1146.232177734375,1158.155701740938,1139.7444160463085,1158.155701740938,87266
2018-11-13,1137.7279052734375,1157.45430837339,1134.0895246088091,1144.1280790371754,41140
2018-11-14,1128.9168701171875,1153.6405058544344,1126.900341504311,1148.467861226561,319781
2018-11-15,1132.4239501953125,1152.8077963197943,1126.5936284074608,1136.1937722757386,168342
2018-11-16,1159.821533203125,1166.0024427684896,1136.2376003444354,1136.2376003444354,61777
2018-11-19,1184.1944580078125,1191.4713371295002,1161.6625270223292,1161.6625270223292,212514
2018-11-20,1177.1805419921875,1183.5807154754002,1172.0956034524693,1181.82730465264,41394
2018-11-21,1175.86572265625,1182.5287791092253,1159.953110305221,1181.3890736885508,31080
2018-11-22,1179.5037841796875,1193.4437168637417,1165.1692928475584,1175.8654041037419,71423
2018-11-26,1182.441162109375,1197.4769506623313,1169.9039312518557,1183.6247204609763,52835
2018-11-27,1188.8411865234375,1195.3289486874514,1178.32048475021,1182.7041301364372,37254
2018-11-28,1226.628173828125,1231.7570842264731,1179.1973053054219,1188.8851554811747,296500
2018-11-29,1215.406005859375,1242.8037320473088,1205.4990091946847,1233.9927057299726,96469
2018-11-30,1235.0445556640625,1238.0254956250483,1204.6660107174062,1218.8689453628556,150394
2018-12-03,1217.9483642578125,1244.0748224914914,1209.882485734951,1236.184355784157,38145
2018-12-04,1211.679931640625,1227.4172502351275,1206.3758453408973,1220.4033700141824,25208
2018-12-05,1203.4825439453125,1211.7675701374594,1194.583694225007,1211.5922761896254,24683
2018-12-06,1208.4361572265625,1227.3295929971807,1186.2549281331192,1198.3976011778527,54793
2018-12-07,1223.8223876953125,1235.3074995880654,1205.630367491452,1215.975774150757,61052
2018-12-10,1224.56787109375,1242.1900418319913,1200.2825259213598,1208.5675525902632,88064
2018-12-11,1227.3731689453125,1243.8556311486927,1209.8824424915406,1218.4305853172918,63494
2018-12-12,1253.631103515625,1270.3766839177454,1225.0498231328406,1246.7050481878498,205421
2018-12-13,1261.302490234375,1280.0206276018957,1251.9653480265213,1270.8149263652026,92886
2018-12-14,1253.806640625,1265.9931654521579,1231.8446784687726,1260.294402833834,47630
2018-12-17,1227.110107421875,1283.527399275148,1218.6496709261073,1275.4615214460932,458848
2018-12-18,1169.5093994140625,1226.4966743961152,1158.287285526484,1226.4966743961152,602448
2018-12-19,1169.640869140625,1193.487800391905,1122.2975945215658,1159.9091672083248,796046
2018-12-20,1152.1500244140625,1179.5915985948736,1136.5881206422873,1179.0217459864898,274938
2018-12-21,1142.111572265625,1161.6625639192296,1135.360810500192,1152.8953913690773,213522
2018-12-24,1141.6295166015625,1155.5255999605706,1138.8678411135495,1143.5144865530428,72811
2018-12-26,1135.6239013671875,1155.5256003793215,1126.5936103574584,1140.7966644379146,138249
2018-12-27,1147.6351318359375,1159.9092451115937,1141.892516064613,1148.511837372156,80301
2018-12-28,1151.4049072265625,1160.2160509599898,1147.6788204352995,1157.2352286806972,55788
2018-12-31,1171.9639892578125,1179.153161906541,1144.9169743360064,1152.8952643367165,114838
2019-01-01,1156.57763671875,1171.9641302058183,1150.4405805064887,1170.4298661527528,72796
2019-01-02,1156.6214599609375,1166.0461909349863,1149.6514335244392,1157.2790185216857,62468
2019-01-03,1147.5911865234375,1166.0462079111994,1141.6732772748362,1156.314623992741,56553
2019-01-04,1142.944580078125,1156.3585160204798,1135.8868473898267,1152.8077231976263,58653
2019-01-07,1141.3223876953125,1155.3061735907283,1138.8675656330975,1155.3061735907283,33171
2019-01-08,1139.218505859375,1147.6788259721782,1132.730743661625,1145.881562004396,44003
2019-01-09,1139.3939208984375,1152.2380056695938,1133.2568638272944,1146.4953894928044,54070
2019-01-10,1140.2705078125,1143.2514479970066,1138.473243840776,1140.7966254240575,25099
2019-01-11,1179.72314453125,1190.5945516627266,1144.0842480174936,1144.128100973468,177402
2019-01-14,1146.1885986328125,1190.0687948334369,1140.7090999349678,1183.5810315952829,119975
2019-01-15,1133.782470703125,1163.1528643099725,1115.634305669849,1148.511520453904,118002
2019-01-16,1128.7415771484375,1139.7445439997311,1122.6922264414188,1125.4539019230099,59285
2019-01-17,1128.084228515625,1137.114402354071,1121.4210537177023,1128.3472284090165,48524
2019-01-18,1118.790771484375,1134.7472372205486,1116.949654424544,1130.9772971787122,35395
2019-01-21,1123.1741943359375,1142.3745965394824,1117.8262560620096,1123.2619002407075,245561
2019-01-22,1147.7666015625,1154.4736289568543,1123.0429625544475,1125.7169321894971,239930
2019-01-23,1133.782470703125,1150.966342431656,1130.976943030799,1147.7662561174006,26729
2019-01-24,1103.228759765625,1138.5170691638164,1095.9081451824566,1138.2979222634926,159506
2019-01-25,1099.941162109375,1116.9496269561432,1091.7437235795994,1109.0153061864191,37819
2019-01-28,1082.888671875,1108.5328649997207,1062.5924171023576,1101.1683981141446,67321
2019-01-29,1103.7109375,1108.1822883740008,1071.4035707578794,1085.431211075615,235088
2019-01-30,1108.752197265625,1129.8374528235559,1089.7710583910598,1104.8506988201846,82500
2019-01-31,1115.458984375,1129.3113299552854,1097.0477001639288,1104.6752844001237,88732
2019-02-01,1115.37158203125,1135.360988494091,1105.5522906512206,1130.9773425896326,107796
2019-02-04,1116.335693359375,1134.703124679077,1102.7026124894578,1116.204252390487,102593
2019-02-05,1102.702880859375,1134.4404009510488,1097.6616764095807,1117.9140822479078,83967
2019-02-06,1104.5877685546875,1117.7825579101411,1099.4589764481234,1105.9467387297045,74708
2019-02-07,1110.374267578125,1127.4703203246358,1103.7987991994592,1106.4289158203455,46269
2019-02-08,1100.423095703125,1119.491818743021,1097.6613031279282,1111.6013533072935,50995
2019-02-11,1081.7049560546875,1106.4285872159908,1070.4828455495026,1106.4285872159908,55727
2019-02-12,1098.669677734375,1109.0589369934237,1075.743307680497,1090.8229465721272,44666
2019-02-14,1103.0972900390625,1118.6591951267537,1081.4421817836371,1104.675407025722,377954
2019-02-15,1093.190673828125,1114.933495543075,1085.3877920976392,1103.2729669761852,75404
2019-02-18,1077.05859375,1096.3904394493904,1073.814653692949,1088.4121481810873,29203
2019-02-19,1089.72705078125,1101.2121618248364,1074.0774420333644,1078.373380701807,60315
2019-02-20,1096.346435546875,1117.3878364097425,1092.0066436718016,1100.2916687375928,70442
2019-02-21,1092.13818359375,1111.6891752789766,1086.2641272854023,1103.7987081826484,55594
2019-02-22,1094.417724609375,1108.664512808851,1087.140845161732,1094.8560184062344,55699
2019-02-25,1092.883544921875,1108.6207454373027,1090.6478691555649,1095.9082203140174,36809
2019-02-26,1083.4146728515625,1095.0313436990145,1076.663911531629,1095.0313436990145,88921
2019-02-27,1074.03369140625,1091.5244183926536,1069.6063113518708,1087.1407734076402,223301
2019-02-28,1075.787353515625,1082.3628218084248,1071.5790019391418,1077.4969116142317,235050
2019-03-01,1091.0863037109375,1106.4289457924754,1082.9327179851468,1092.3137150774605,216894
2019-03-05,1081.617431640625,1099.7657173054222,1071.5788774732234,1096.1710718050867,296798
2019-03-06,1091.1300048828125,1096.7849147389943,1073.9900992449257,1085.38750699196,187191
2019-03-07,1114.056396484375,1135.2730929415454,1091.305318121057,1097.6615211018168,191884
2019-03-08,1109.9359130859375,1121.99088012614,1094.8561526319745,1114.319558897703,138564
2019-03-11,1110.1109619140625,1119.5796630688267,1105.9904347837169,1109.9356679893951,44003
2019-03-12,1099.63427734375,1123.0867689447718,1090.6478394476605,1116.686594655382,63201
2019-03-13,1137.0706787109375,1154.5612916983084,1094.15489558585,1102.5276287171764,561331
2019-03-14,1148.1611328125,1161.6626574302056,1131.8978148205094,1145.0926044902942,315481
2019-03-15,1143.0758056640625,1154.999328229122,1136.3250449497416,1154.999328229122,240159
2019-03-18,1144.7855224609375,1161.6624248541505,1139.744319276197,1152.8952533535348,81145
2019-03-19,1156.928466796875,1161.6627004497143,1140.6651482026098,1147.4159107614616,102642
2019-03-20,1173.673583984375,1178.320228220678,1157.0157115664015,1160.610356584987,121312
2019-03-22,1174.813232421875,1182.7038155954365,1170.2981472477422,1178.6708770587857,78801
2019-03-25,1170.123046875,1174.8135450814439,1158.1119339604666,1172.9724281650037,50755
2019-03-26,1166.879150390625,1178.320409895074,1157.322742755906,1170.4298251242708,38874
2019-03-27,1162.933837890625,1181.8273890164846,1157.235193367719,1170.4298642020901,201412
2019-03-28,1152.8076171875,1167.5366689604762,1147.1527081191125,1158.243261489008,169781
2019-04-01,1155.350341796875,1164.2929271614075,1148.5118733620614,1157.279164767577,107242
2019-04-02,1159.3831787109375,1180.2492879642089,1146.7582424854731,1155.5255331122028,214217
2019-04-03,1167.93115234375,1174.8134728203913,1157.366598260717,1164.9941832033464,76579
2019-04-04,1162.0572509765625,1173.0163652299427,1148.5118729937687,1170.429983616226,45078
2019-04-05,1207.7344970703125,1209.8824665865359,1156.226845865572,1156.226845865572,175660
2019-04-08,1223.91015625,1244.074853052505,1201.7289308251009,1203.745459447495,267659
2019-04-09,1234.7379150390625,1241.4449426905805,1209.3128634558987,1219.7021253234782,101794
2019-04-10,1211.24169921875,1233.554369560804,1201.992260619148,1231.8009583588148,75853
2019-04-11,1234.7379150390625,1243.3736478387743,1205.2799234262638,1212.4690978937535,66836
2019-04-12,1253.061279296875,1256.7873658246033,1230.0472015804019,1233.4664353103676,112640
2019-04-15,1247.844970703125,1260.732908045129,1242.321619506968,1253.0614690550512,41164
2019-04-16,1237.6309814453125,1259.7683545806765,1236.1844233096174,1255.4724152455774,175260
2019-04-18,1259.6806640625,1270.3767774589774,1239.7789662640243,1239.7789662640243,105257
2019-04-22,1261.7410888671875,1275.6372910415494,1233.0283617293962,1244.9517700168567,165460
2019-04-23,1296.064697265625,1309.390925791123,1265.9930066493935,1265.9930066493935,337954
2019-04-24,1307.5059814453125,1319.473358097386,1280.6343769962152,1284.4041984855735,138939
2019-04-25,1310.179931640625,1314.9142822656831,1293.1714696368404,1313.3361653906636,51968
2019-04-26,1303.130126953125,1314.4801022263844,1294.7276671471707,1314.4801022263844,81370
2019-04-30,1301.54638671875,1310.080872372328,1295.563456859746,1302.5142223064452,65056
2019-05-02,1299.390869140625,1337.2680121169763,1285.753389375931,1306.5615600127703,290208
2019-05-03,1313.8203125,1335.4202848649297,1295.5635788937263,1298.643002279707,125491
2019-05-06,1301.3265380859375,1325.8300166171803,1294.2437462468765,1302.1623477459168,193479
2019-05-07,1301.1063232421875,1317.0314231608736,1289.4485249895138,1297.7629667402005,63275
2019-05-08,1278.8907470703125,1317.119725909315,1274.0075597719247,1302.3823832894043,193212
2019-05-09,1219.36962890625,1275.7673253872367,1214.3545338736587,1275.7673253872367,166605
2019-05-10,1211.6708984375,1230.7194333303994,1180.4365775206704,1214.6184141773788,136872
2019-05-13,1185.53955078125,1230.0153872284732,1178.9847450229388,1230.0153872284732,32774
2019-05-14,1209.427001953125,1214.178161975353,1153.7332229848644,1192.9300269868738,182310
2019-05-15,1212.6824951171875,1240.573453230466,1193.2820131801393,1199.2209338077494,38926
2019-05-16,1220.55712890625,1235.206451186806,1197.5053474684973,1213.2984215988497,67967
2019-05-17,1223.9447021484375,1235.1186438199145,1207.6236396722913,1218.5776563282336,23821
2019-05-20,1264.4173583984375,1268.728551420681,1236.1745604241419,1248.316338412505,54114
2019-05-21,1257.1585693359375,1282.76191044718,1244.0929651043537,1266.9688338268386,115365
2019-05-22,1282.057861328125,1285.8850762915424,1232.8307510180086,1253.7709440444899,47943
2019-05-23,1264.9449462890625,1310.9606101762856,1250.2517336483543,1310.9606101762856,84054
2019-05-24,1317.075439453125,1319.7590210436847,1271.2358104650584,1287.9528296775968,84808
2019-05-27,1419.445068359375,1425.2959730421535,1300.4028127222382,1300.4028127222382,360765
2019-05-28,1402.90380859375,1423.5800691213094,1370.4817323113346,1421.8203143789137,191315
2019-05-29,1397.096923828125,1407.8308954717663,1387.6386117155625,1403.3437870275216,190067
2019-05-30,1385.131103515625,1397.0969629745746,1374.3970132683753,1390.146197678358,34614
2019-05-31,1380.7320556640625,1406.2913881030738,1373.4294568545495,1389.9264354734933,48943
2019-06-03,1401.89208984375,1421.3805916032666,1364.894884526336,1382.3156890663786,98299
2019-06-04,1374.0013427734375,1416.3655964757509,1365.5108649070278,1401.8921881360457,107290
2019-06-06,1345.9783935546875,1389.61842276067,1340.875281736801,1372.5494506884263,62948
2019-06-07,1376.2008056640625,1385.7470172554351,1334.716374607273,1347.07807564213,46049
2019-06-10,1375.5408935546875,1433.258367204518,1365.686621485978,1375.320850263239,216299
2019-06-11,1360.7154541015625,1393.445472101795,1355.4804352283184,1372.5492869616241,111838
2019-06-12,1325.5218505859375,1385.4389232919343,1319.8029733100357,1361.7712584149783,203937
2019-06-13,1327.5458984375,1367.2705810643452,1321.5189589506076,1328.5576245439265,243741
2019-06-14,1329.8331298828125,1358.7799423066897,1321.51868789248,1331.1969250374711,121838
2019-06-17,1349.40966796875,1354.9526293798917,1328.249429935629,1331.1529366141121,107112
2019-06-18,1354.600830078125,1361.1116277776878,1347.0341793855832,1353.9849454079347,56831
2019-06-19,1367.6663818359375,1376.0248332264177,1354.9527292581174,1357.5921841853392,65686
2019-06-20,1378.6644287109375,1386.8908542515644,1350.553541210575,1368.9421818876021,42270
2019-06-21,1371.7137451171875,1387.9467904698429,1347.1222477377921,1377.8285833881475,120159
2019-06-24,1373.3414306640625,1383.987504773485,1363.7512095541579,1372.6815373272211,80440
2019-06-25,1371.7137451171875,1379.5883384431029,1355.7446334470603,1376.0689466360532,30243
2019-06-26,1409.0628662109375,1415.6616813053038,1364.6310338601088,1369.9540709380597,152297
2019-06-27,1410.25048828125,1442.9366182018648,1397.1848853658832,1407.7430594607722,193979
2019-06-28,1409.8985595703125,1423.3161125384115,1397.184790184985,1398.944544899009,59272
2019-07-01,1408.9307861328125,1436.1617345645175,1395.8211748741846,1407.8309246002311,171308
2019-07-02,1408.1390380859375,1420.0608902488573,1404.7076637038003,1416.5414985407313,70439
2019-07-03,1414.561767578125,1421.3364982058354,1407.743028292686,1414.7376839061976,64420
2019-07-04,1453.49462890625,1464.9325026090175,1412.1421069835233,1414.7816800010771,203731
2019-07-05,1356.66845703125,1469.331938508319,1338.3238239622417,1461.8533048766778,252154
2019-07-08,1304.097900390625,1385.7469733626317,1282.0139538283238,1360.231652846735,137689
2019-07-09,1347.5621337890625,1370.7898343703375,1297.3232890651077,1306.649576226853,222793
2019-07-10,1332.2528076171875,1363.0471562008386,1307.925247392506,1340.8751920958134,68287
2019-07-11,1326.7537841796875,1350.5534779695554,1322.4866004450446,1338.2356671119242,30315
2019-07-12,1320.5068359375,1335.5081093392996,1307.4412336139019,1335.5081093392996,42720
2019-07-15,1316.8995361328125,1328.5573345681673,1309.288877845552,1321.8706214594104,46973
2019-07-16,1337.751953125,1341.7111949739192,1300.006833810246,1316.8997725431634,42607
2019-07-17,1310.168701171875,1350.0255195556392,1303.0420197742812,1336.343914387227,123941
2019-07-18,1279.3743896484375,1319.759076444416,1271.3678898022945,1313.600112106078,69760
2019-07-19,1245.060546875,1292.1759517545013,1241.4972655218908,1285.7531726063723,53263
2019-07-22,1235.20654296875,1248.8440220785972,1212.7266357855274,1248.8440220785972,50040
2019-07-23,1209.7352294921875,1271.323928759507,1198.2092196185865,1240.573587785298,260200
2019-07-24,1198.2972412109375,1224.2085225835249,1188.663012145126,1215.146169486918,68906
2019-07-25,1234.23876953125,1244.0050250367908,1201.9485970486046,1214.1783911856594,491229
2019-07-26,1215.98193359375,1256.410629192546,1205.3798693219726,1240.5735457718206,102877
2019-07-29,1226.9798583984375,1249.3717456872712,1205.3797719804177,1222.976608784293,164411
2019-07-30,1195.085693359375,1235.9103467325226,1190.3786600157714,1230.0153162833478,320587
2019-07-31,1199.30908203125,1208.899302409929,1177.137117154782,1197.461428150115,58743
2019-08-01,1190.114501953125,1224.6922891515712,1181.1401677173974,1195.7015896151124,56036
2019-08-02,1203.4443359375,1222.9767273083912,1178.9847493380798,1192.622228201051,50578
2019-08-05,1213.386474609375,1222.9766945547126,1170.3623333735707,1187.1672521823687,63900
2019-08-06,1218.1815185546875,1231.7751066210424,1208.9432496185955,1209.7790591977157,26854
2019-08-07,1223.4605712890625,1230.1033943091159,1201.8165926811862,1221.8329607547907,58978
2019-08-08,1227.3319091796875,1258.0383587757603,1205.3798700433554,1227.023966876624,72135
2019-08-09,1228.8717041015625,1251.747571699727,1222.9767912852653,1244.6208895875723,35155
2019-08-13,1213.386474609375,1237.9339595658632,1207.1396113022313,1224.5604147102451,60991
2019-08-14,1186.859375,1225.6163348251941,1153.9094288313086,1214.4422758084147,84588
2019-08-16,1195.481689453125,1204.0161747956026,1178.588753397432,1186.8152964415428,48801
2019-08-19,1205.64404296875,1215.9381659767478,1188.6630876355086,1201.8607176363846,48128
2019-08-20,1200.9368896484375,1213.8704676642776,1198.341324991654,1210.6591366429288,40192
2019-08-21,1196.0098876953125,1208.0196394670133,1189.542979976918,1200.936965345241,47032
2019-08-22,1187.2991943359375,1200.1008636216447,1178.9847520050396,1197.9452674617824,53912
2019-08-23,1178.8089599609375,1190.3788612323142,1168.866787721482,1180.0847379884278,61859
2019-08-26,1232.8309326171875,1256.4107019359153,1172.4299924921188,1196.7575541309382,58490
2019-08-27,1212.8587646484375,1246.6006359064631,1207.1398856287324,1236.6584627446332,50102
2019-08-28,1197.8133544921875,1223.0207333260535,1189.630819870936,1209.9111217897587,201330
2019-08-29,1172.210205078125,1200.1010518575497,1165.8753232783786,1200.1010518575497,148029
2019-08-30,1177.6209716796875,1191.302577708061,1167.590901347012,1175.4653754925782,28457
2019-09-03,1169.96630859375,1183.3838613595253,1160.376089182572,1177.2250157104052,31173
2019-09-04,1161.035888671875,1178.9845569154074,1157.03263932313,1171.374017778491,53962
2019-09-05,1158.00048828125,1172.8258452880077,1155.2290076473591,1169.6584050484637,23432
2019-09-06,1160.7720947265625,1178.1048805403348,1152.8975027332642,1161.2119446887198,31140
2019-09-09,1168.2945556640625,1176.345181858627,1152.5894994678713,1160.2440477723326,34565
2019-09-11,1168.7786865234375,1184.2638197900403,1161.3880708693112,1170.1863721372877,38834
2019-09-12,1173.8377685546875,1184.2637985507936,1165.91916742239,1175.02552914882,25701
2019-09-13,1186.0675048828125,1200.9808809756084,1166.0512534805498,1179.2927736389697,57731
2019-09-16,1183.0760498046875,1205.29202355422,1171.066299461849,1194.689958814083,126526
2019-09-17,1175.685546875,1193.8981539527174,1171.1103020463643,1188.2231657324749,31702
2019-09-18,1166.5791015625,1178.5449618474968,1164.907363958568,1172.913982690187,29287
2019-09-19,1166.1832275390625,1173.2659015152985,1159.5844122637036,1170.1864780473697,21440
2019-09-20,1239.781494140625,1350.7732105098603,1158.7043049169772,1168.9544171333273,339606
2019-09-23,1366.6103515625,1408.6227646709526,1249.3717673976428,1249.3717673976428,789590
2019-09-24,1384.2952880859375,1391.026010063939,1359.351843351347,1381.3477727401732,151947
2019-09-25,1354.600830078125,1385.7471328881566,1328.5575209770175,1382.2277412144163,91106
2019-09-26,1284.4775390625,1393.5776076414813,1236.1743683086947,1355.4365331465174,613384
2019-09-27,1359.659912109375,1363.70717106472,1293.363938869666,1293.363938869666,301724
2019-09-30,1333.2646484375,1350.5095371837358,1324.1584045423458,1350.5095371837358,171868
2019-10-01,1307.001220703125,1368.149940246914,1273.1713446175468,1346.1540141358653,149768
2019-10-03,1285.533203125,1307.441232956783,1275.8549660416982,1302.5581649098644,200548
2019-10-04,1288.12890625,1322.2667325088069,1282.8058693654548,1293.5839691188357,53695
2019-10-07,1289.6243896484375,1306.517324407297,1268.7282053181318,1284.6533045988745,31044
2019-10-09,1307.4412841796875,1328.0295283287985,1289.4045957957205,1297.6750294003875,103172
2019-10-10,1288.48095703125,1314.3482328187863,1279.5506288520173,1306.5616567139086,34796
2019-10-11,1304.9337158203125,1324.9940923474571,1293.5838593400938,1297.719016923658,104808
2019-10-14,1300.754638671875,1323.630387829927,1290.7244497213032,1303.0421426059695,138056
2019-10-15,1316.855712890625,1337.355941667239,1289.5367440760017,1302.0743624959362,54563
2019-10-16,1336.916015625,1350.1135266275535,1322.5306257087377,1331.197019265422,110260
2019-10-17,1336.7401123046875,1350.553627602588,1325.918121460711,1338.9397174050082,55887
2019-10-18,1369.2939453125,1379.5440580651764,1336.7398436905514,1342.3708221516144,211825
2019-10-22,1354.2490234375,1390.1464910881657,1338.2359020027668,1369.9101938370572,124405
2019-10-23,1351.9173583984375,1380.3360703843846,1346.1543530879578,1354.9527730688872,34697
2019-10-24,1331.98876953125,1362.739228079809,1325.0821311265893,1354.072834853043,65081
2019-10-25,1315.5797119140625,1344.5264048240172,1303.569962874939,1337.3557150035103,30088
2019-10-27,1333.484619140625,1341.227185614453,1320.6389410281422,1327.677605558118,6810
2019-10-29,1293.0557861328125,1337.3116937718746,1287.2048828098018,1333.616386409973,120860
2019-10-30,1274.139404296875,1304.625811283639,1268.4204080821037,1304.625811283639,132618
2019-10-31,1283.3336181640625,1317.9993085524895,1274.5793261307779,1285.3573065858163,312278
2019-11-01,1283.5538330078125,1302.162399390011,1277.2189515573373,1283.333789691575,82118
2019-11-04,1281.662109375,1300.7546518424017,1278.1427178139527,1291.3403474407405,39270
2019-11-05,1274.3154296875,1296.883355865193,1271.8518909971585,1282.1460140830236,44741
2019-11-06,1286.1053466796875,1292.396100956794,1258.170375392288,1271.8518638857308,61128
2019-11-07,1304.581787109375,1313.6001313082775,1281.969972775873,1288.9646285033343,58865
2019-11-08,1286.941162109375,1302.0743449956453,1268.4204952780658,1297.323302345901,80822
2019-11-11,1282.2340087890625,1292.4841230313732,1271.9838945467518,1284.5656397529224,48351
2019-11-13,1317.69140625,1353.1929072974285,1247.9641820460938,1282.2339138612726,393686
2019-11-14,1292.3961181640625,1315.3600038197565,1288.9647438295663,1315.3600038197565,217995
2019-11-15,1290.152587890625,1300.1387682900345,1280.4303411555177,1295.0356564373485,57855
2019-11-18,1280.738037109375,1296.8830609129109,1271.3677431634896,1290.152339707987,37153
2019-11-19,1297.3670654296875,1302.1622345738615,1276.91084759741,1276.91084759741,48125
2019-11-20,1275.458984375,1297.7628530567895,1266.3086155732562,1294.6834304559206,702601
2019-11-21,1266.2647705078125,1283.1577066459402,1263.4492811514579,1275.7670914490755,36146
2019-11-22,1240.6173095703125,1266.9245469081498,1235.2943919512838,1266.9245469081498,42342
2019-11-25,1238.3740234375,1253.6832405875869,1234.4146635915943,1236.2623175318763,52675
2019-11-26,1244.620849609375,1260.8098845794138,1237.1422167525016,1240.5735908668653,72123
2019-11-27,1265.9571533203125,1269.6084531989104,1243.2573163126178,1250.603924738646,50905
2019-11-28,1273.1275634765625,1281.9259828144059,1258.2583152415427,1258.2583152415427,34827
2019-11-29,1273.83154296875,1302.1623555870303,1268.1125463904025,1277.5268509229359,64771
2019-12-02,1301.634521484375,1314.480200631317,1269.564391431339,1271.368036792715,87071
2019-12-03,1285.1815185546875,1301.1945196864133,1280.3423403040504,1300.4027186833205,90214
2019-12-04,1275.503173828125,1297.7630370133825,1273.391468057202,1289.7565371162107,61052
2019-12-05,1267.1007080078125,1280.9141029491961,1263.449290736367,1280.9141029491961,165078
2019-12-06,1269.2564697265625,1274.4474808834773,1250.295833883881,1266.9688473390593,97503
2019-12-09,1275.8990478515625,1288.9646509177053,1263.5373467271047,1265.209084262894,40473
2019-12-10,1276.1190185546875,1288.8766785834705,1271.411866829567,1277.5267040551325,83975
2019-12-11,1283.597900390625,1293.1881220286896,1266.9688949738447,1276.2071655926873,85909
2019-12-12,1306.121826171875,1312.720642233773,1271.6761695867344,1283.5980235070579,92182
2019-12-13,1308.5411376953125,1339.995379679477,1293.9797137811904,1313.1602722575446,102917
2019-12-16,1302.5142822265625,1334.7164368440472,1294.2437298431828,1310.9607509508676,137410
2019-12-17,1297.2353515625,1315.360059668404,1290.9884872959299,1304.0100831943728,48808
2019-12-18,1277.0430908203125,1297.6752284903837,1268.9485723045839,1291.2084390714062,133234
2019-12-19,1298.64306640625,1305.681850181371,1273.1717500681184,1273.1717500681184,99303
2019-12-20,1223.051025390625,1283.137525845632,1218.9806968744979,1283.137525845632,81105
2019-12-23,1222.3724365234375,1239.5261125741224,1190.3909183725805,1224.9890588691874,49583
2019-12-24,1221.2579345703125,1230.8039097372323,1194.0735961719058,1225.909720885248,18108
2019-12-26,1232.8875732421875,1240.4952745073072,1162.9643198506005,1221.2579300436814,21839
2019-12-27,1238.6536865234375,1240.495070053614,1213.3592403961914,1232.8873700423667,19077
2019-12-30,1255.4683837890625,1261.4771037135192,1225.9582117058976,1244.856381767767,29393
2019-12-31,1245.583251953125,1257.0675010298783,1235.6495983195755,1235.6495983195755,46306
2020-01-01,1250.1866455078125,1256.9220998814633,1235.6495914902798,1256.9220998814633,6827
2020-01-02,1254.257080078125,1259.878122097859,1237.1034021983976,1237.5879707068968,7048
2020-01-03,1281.44140625,1288.6614296239318,1245.3410527746266,1255.0324228351296,32674
2020-01-06,1247.2794189453125,1298.6436840611645,1235.6497740134216,1281.1507124882987,31293
2020-01-07,1266.419677734375,1274.4150573718794,1249.217497302169,1257.9397296339919,27246
2020-01-08,1270.247802734375,1277.3225500672704,1245.3895336367307,1259.8780842848646,16798
2020-01-09,1281.2958984375,1297.6743360481921,1245.3409423614091,1278.29159764568,49113
2020-01-10,1330.043701171875,1362.4129020613,1290.4059724615997,1296.1239046745743,147240
2020-01-13,1334.356201171875,1367.4522520525695,1327.8145266847348,1336.8275477437132,37463
2020-01-14,1326.9422607421875,1367.4522324549775,1319.9645220437133,1329.6558915153998,96552
2020-01-15,1286.0931396484375,1331.4002886377757,1274.4149929621346,1331.4002886377757,89843
2020-01-16,1266.0321044921875,1303.489273445448,1255.1293131715472,1290.890492363819,68577
2020-01-17,1262.543212890625,1274.1728567629625,1252.1734944255995,1266.8074393043864,35098
2020-01-20,1250.76806640625,1275.3841674631442,1240.4952388699276,1262.7853876933714,38416
2020-01-21,1269.7149658203125,1278.7278696598619,1246.3102817367665,1250.1868300469898,37591
2020-01-22,1263.0762939453125,1274.7543237629707,1255.0324095590427,1274.4151494750124,14625
2020-01-23,1275.77197265625,1279.260842201683,1261.8163761716603,1268.6003351833358,13495
2020-01-24,1288.031494140625,1322.7265255223615,1261.283220022617,1277.3224836598185,198401
2020-01-27,1298.2557373046875,1318.0261532642191,1271.5075831490112,1271.5075831490112,45579
2020-01-28,1288.7098388671875,1310.2731356634235,1283.1373014928793,1299.4672351813692,18818
2020-01-29,1300.823974609375,1313.3258639972378,1289.9211847309205,1289.9211847309205,17111
2020-01-30,1290.6483154296875,1305.2822617807442,1282.168365919637,1282.168365919637,22645
2020-01-31,1270.247802734375,1307.365796692525,1255.0323993453073,1307.365796692525,16129
2020-02-03,1252.4156494140625,1274.415009480923,1242.4334921327325,1242.4334921327325,20304
2020-02-04,1270.8294677734375,1283.1374610530274,1253.8695693078573,1260.8473087839793,21892
2020-02-05,1297.1898193359375,1306.3966204444107,1273.3974596765845,1277.322511680811,38870
2020-02-06,1298.1104736328125,1318.946918591945,1283.4281431062182,1298.3527578765234,25507
2020-02-07,1287.9344482421875,1298.6434584106673,1275.3841725883867,1291.8595000458356,35789
2020-02-10,1300.533203125,1336.439772245779,1276.3532850237063,1290.8903383838854,186488
2020-02-11,1293.0224609375,1322.8719260778319,1281.1990375640246,1307.3657350029268,45537
2020-02-12,1235.1165771484375,1302.520101445419,1216.4606902787766,1298.4497734495437,290668
2020-02-13,1229.4957275390625,1238.7025294047037,1188.3074034032995,1233.7114499959155,208984
2020-02-14,1195.042724609375,1240.4952702826447,1191.4084611222188,1229.6893698535973,56198
2020-02-17,1185.7391357421875,1215.2978146470805,1175.563197102798,1215.2978146470805,85129
2020-02-18,1167.9068603515625,1189.1309822279356,1163.6426343097362,1182.8315923465327,41542
2020-02-19,1172.4134521484375,1191.0693388637567,1164.9026406136986,1172.6557363914935,40075
2020-02-20,1192.9107666015625,1208.416958726882,1175.9023647929596,1176.4354374684106,48608
2020-02-24,1155.16259765625,1187.192617221608,1153.2728281581335,1187.192617221608,44916
2020-02-25,1163.157958984375,1180.3117516054751,1155.2110844160693,1155.2110844160693,24401
2020-02-26,1164.321044921875,1174.933046196387,1153.2728610795368,1158.118545369787,25367
2020-02-27,1161.607421875,1165.871647738435,1152.3037316384034,1161.0259634169952,40112
2020-02-28,1148.4273681640625,1158.1187383595397,1138.735997968585,1151.3347792227057,39171
2020-03-02,1153.467041015625,1161.8986055854307,1145.568667526569,1148.427574927811,99510
2020-03-03,1125.16796875,1167.6645992063018,1118.3840102820843,1161.9951718615416,45482
2020-03-04,1121.436767578125,1142.2732105580562,1114.5074152056259,1132.8725118133123,41444
2020-03-05,1144.114501953125,1148.4271134123167,1124.1986932981329,1131.7580076948911,27103
2020-03-06,1155.114501953125,1183.3163671408724,1119.3533202683927,1131.9521022281237,36939
2020-03-09,1094.979248046875,1155.937979669029,1062.8523377579038,1143.5814848119505,81699
2020-03-11,1075.208984375,1107.7235776544146,1062.658707697345,1095.1247968062016,55300
2020-03-12,1006.5455932617188,1054.3724771643256,969.1369313713542,1054.3724771643256,57759
2020-03-13,975.7269897460938,998.1624728155248,805.2558496536277,977.5683734612855,113239
2020-03-16,934.1025390625,987.017447121365,917.7726066283606,969.1368602200216,492095
2020-03-17,919.5171508789062,949.7542363564585,891.6060178040223,949.7542363564585,48671
2020-03-18,877.1658325195312,943.9393922433087,871.5448500222894,943.9393922433087,32581
2020-03-19,868.249755859375,896.4516154525015,809.2292961111771,852.8404557818393,280603
2020-03-20,920.2439575195312,940.0143744977104,824.7839701771513,870.7695292094252,42124
2020-03-23,836.4136352539062,968.1678158126495,780.155246976159,799.5379860314673,58987
2020-03-24,804.5291748046875,872.2233765340031,795.8553860633127,872.2233765340031,34599
2020-03-25,808.7932739257812,823.7664524506104,776.2787393093399,776.2787393093399,58627
2020-03-26,834.7176513671875,843.3429939671024,803.9475529037952,809.9077688651486,29477
2020-03-27,826.189208984375,886.9056595574026,809.2293131987719,886.9056595574026,34666
2020-03-30,854.1973266601562,861.5627437787977,800.5071162669143,813.6389100364074,30325
2020-03-31,906.5307006835938,919.7109391649028,839.9994273142039,881.9145991992219,141102
2020-04-01,900.958251953125,919.7110295806305,876.9721107707007,906.5307898035873,14021
2020-04-03,905.3192749023438,919.7109344628207,865.4392670972591,886.0818716042327,40418
2020-04-07,902.605712890625,1017.5938405312244,882.8837987847099,939.9659912141278,162721
2020-04-08,901.9757080078125,935.2170912338185,881.9145627179013,906.1429847705909,87733
2020-04-09,898.2445068359375,918.7417758112832,888.0685694456226,913.8960913397048,75668
2020-04-13,879.2009887695312,905.1738453056182,869.8003492096277,901.2972977882494,62956
2020-04-15,887.5840454101562,905.5615830203848,873.192385470027,886.7603026693394,32470
2020-04-16,872.3685913085938,899.4074749283114,871.2056152154893,886.5664111930047,140790
2020-04-17,896.3547973632812,904.204783073445,885.597341623642,890.055407127507,40359
2020-04-20,878.764892578125,942.7279285970455,872.5623926975394,907.4028764199481,165835
2020-04-21,866.8929443359375,900.3281668955684,860.1574311494377,872.2231972077627,99664
2020-04-22,880.0247192382812,893.3503511442256,859.6728450546572,873.0469219736118,158811
2020-04-23,873.9676513671875,893.4957837141937,868.5405083456698,877.0689013015217,86092
2020-04-24,865.8754272460938,878.571097739586,862.5318929095861,873.9676971875404,62319
2020-04-27,856.0870361328125,879.0071469209219,852.8888962708816,872.2231887859202,47484
2020-04-28,846.4442138671875,878.4741774048083,841.2108508121645,864.9547054721852,138274
2020-04-29,852.9859008789062,864.227865715448,847.9948219803947,853.8096436168317,60887
2020-04-30,872.7562255859375,884.9673860464698,862.6287331260384,872.2232121199264,145626
2020-05-04,852.35595703125,867.3775799237849,843.1491559035674,867.3775799237849,47410
2020-05-05,846.2503051757812,868.3950584310917,843.1975004524122,866.2145005290905,24424
2020-05-06,842.7129516601562,860.5450936902535,839.3209726224741,844.1182119489087,45865
2020-05-07,832.0040283203125,845.0873764651282,829.5811860712726,837.8188497180083,30256
2020-05-08,820.4712524414062,841.6469285923437,815.0441096170098,837.2858126669257,35925
2020-05-11,840.1448364257812,845.0874111561476,820.4228642181517,823.3787200530345,83316
2020-05-12,825.7047119140625,833.7969820850437,823.7664379424333,833.4578078005795,18231
2020-05-13,829.2420043945312,849.7392141470878,825.7046310820267,841.9376740052943,62936
2020-05-14,810.2952880859375,837.3342295765821,807.290987543163,814.1233904333827,90247
2020-05-15,797.3089599609375,819.8898384812595,795.6614153582908,814.0750169317471,62438
2020-05-18,775.11572265625,802.7361257981183,772.4505960372978,797.3089825255494,90489
2020-05-19,760.2879028320312,793.6746810773107,755.9267867546009,793.6746810773107,131999
2020-05-20,750.4510498046875,764.5520374227391,749.1427387985292,764.5520374227391,64779
2020-05-21,726.6103515625,775.3094781593865,722.6369141475006,750.1119201192064,191499
2020-05-22,707.56689453125,735.429583064348,706.50086750012,726.8527443416872,126820
2020-05-26,703.544921875,725.8835148749807,700.9766855116033,714.5446016774907,524000
2020-05-27,713.914794921875,718.1305172125515,699.7169142071015,712.3156952108304,109664
2020-05-28,717.0159301757812,748.1737059696733,714.4961978317897,719.0511532087809,268491
2020-05-29,721.2801513671875,730.6323462883458,716.1921825466599,718.1304563830513,214975
2020-06-01,796.049072265625,808.2601735288737,731.1169000516747,733.6366323277666,541641
2020-06-02,799.4410400390625,818.4360993231157,792.0755642227442,802.8330191363164,321593
2020-06-03,810.0531005859375,817.8547003987742,799.5379882794387,804.3836730568898,245789
2020-06-04,809.2293090820312,816.497835810313,803.4144876994059,810.1984459791355,317234
2020-06-05,850.4176635742188,862.4349852727604,812.1851995182896,814.0750283787394,357750
2020-06-08,851.3383178710938,885.742677668975,843.149099272018,872.3686003383929,256663
2020-06-09,826.4798583984375,859.4305098850422,807.2909614218157,858.6552122685819,232007
2020-06-10,804.722900390625,820.8590554240545,799.5380409974557,812.1368222495369,101410
2020-06-11,785.0492553710938,814.0264694388218,783.0625367554011,808.2600936311936,123269
2020-06-12,782.481201171875,789.8466183697218,755.9268249428012,761.7416466731305,116248
2020-06-15,781.2213134765625,797.1636289861756,777.1994304100208,788.2960609107198,66773
2020-06-16,770.4154663085938,798.5688841941329,765.2790520633588,794.6438911931244,107848
2020-06-17,760.4334106445312,776.2787777660752,756.8960367481957,773.7590450943235,139361
2020-06-18,763.1953735351562,775.309585813492,760.3364076071836,763.5345478183788,107016
2020-06-19,787.9082641601562,804.3835907170106,763.6798427530174,765.1335480374457,1355729
2020-06-22,806.6126708984375,813.8811980166225,796.6790171702513,799.5379830003558,175107
2020-06-23,828.4666137695312,833.3608021903004,806.4672545635996,812.1366814837959,226465
2020-06-24,841.0654907226562,861.0781926940103,828.854388634274,834.4269261784389,569892
2020-06-25,853.3250732421875,868.3466957694492,844.118272338382,844.118272338382,455476
2020-06-26,886.1303100585938,898.389915631502,863.7432710966302,867.6198187368956,603457
2020-06-29,893.8834228515625,900.3282070903351,858.2676407088608,891.6059747288572,224329
2020-06-30,912.103271484375,919.4686887030067,875.2275629193352,898.3899598710801,259932
2020-07-01,924.8473510742188,934.2479910300129,890.6852746387333,910.0680130418456,174484
2020-07-02,933.6665649414062,948.7850777599529,925.6226809038128,936.1862973606889,161432
2020-07-03,949.2695922851562,957.5072559241801,910.9886847861632,935.2171072538803,320566
2020-07-06,953.0492553710938,985.6122316957532,946.0714578296888,951.6924400444735,398732
2020-07-07,931.728271484375,958.4279821707802,927.7063295499663,957.0227217869854,298448
2020-07-08,915.4952392578125,941.5165425847892,912.9270026915815,938.1245632754255,194584
2020-07-09,899.8436889648438,925.5258190214602,897.4692915255504,917.7727231553118,124766
2020-07-10,888.650146484375,907.8390464444285,886.6634275484887,901.2973719704494,109164
2020-07-13,886.6633911132812,896.7908245986579,881.9145965482215,893.5442395796266,76563
2020-07-14,880.1216430664062,886.760206745959,873.2407360259418,884.8219330700115,53845
2020-07-15,877.84423828125,904.204775175604,873.0955027127692,887.7294470105609,137247
2020-07-16,882.5696411132812,895.381710043617,871.0242097703957,886.5156037307858,144234
2020-07-17,888.7077026367188,899.5224080451179,883.6900342235818,890.5101337159358,101310
2020-07-20,875.8469848632812,908.7296094116282,871.0241880362133,890.0230377752582,286602
2020-07-21,883.5438232421875,890.4613880767761,877.9903614940762,879.7927924871937,126509
2020-07-22,901.8607177734375,906.0988985121177,878.8185015676669,886.6129006946528,145317
2020-07-23,910.7755737304688,920.7134450304566,901.2274461938331,906.098945902989,161417
2020-07-24,889.1461181640625,895.3816616838454,871.9984626844849,886.6129620590852,242174
2020-07-27,870.585693359375,888.6589452257176,867.1269404900559,888.6589452257176,106000
2020-07-28,871.5112915039062,876.2853849700888,868.1012417327897,875.408491242325,52148
2020-07-29,858.3095092773438,878.8185102904807,852.512412975799,873.9470107877619,118544
2020-07-30,842.9155883789062,870.0011139018433,840.4310760426675,851.3432468950404,108002
2020-07-31,871.94970703125,874.3367536785545,843.2565630950195,848.1280625929687,151889
2020-08-03,858.9428100585938,895.7713956528736,847.1051013746177,876.9673590900553,119427
2020-08-04,882.0337524414062,886.3206961032865,858.9428312199918,859.9171311916418,294577
2020-08-05,876.96728515625,898.3044759974715,872.972679494289,886.6128776113873,92645
2020-08-06,866.5424194335938,880.7671752472047,863.3759445225833,880.7671752472047,62322
2020-08-07,859.1376953125,881.1081475805541,856.7994110816865,866.5424107097858,95492
2020-08-10,869.0755615234375,875.8956612214914,852.1227184873693,863.8630805408307,199347
2020-08-11,880.1826171875,894.0176291961636,869.0755737365338,873.8009048071132,165785
2020-08-12,884.8104248046875,901.0324814850005,880.2312036565368,880.2312036565368,192428
2020-08-13,908.4373168945312,915.1112479103446,885.2002269024774,886.1258237683879,220323
2020-08-14,925.00048828125,934.3537449445419,909.5577968584897,920.7135442884171,370796
2020-08-17,905.9041137695312,935.3279851971693,899.278885767695,929.4821852896869,129296
2020-08-18,909.1192016601562,915.3547447296589,906.1475988952159,910.9703952338809,44972
2020-08-19,937.13037109375,940.7352927557944,909.8987354139805,909.8987354139805,188952
2020-08-20,943.9017944335938,949.1630380325233,925.0978169977242,934.3536666675276,120059
2020-08-21,957.5906372070312,972.3513045446026,949.9424067444766,951.8910065531832,306358
2020-08-24,946.2886962890625,970.8897666430381,941.4171972090672,960.6596185750482,92187
2020-08-25,944.3402709960938,962.7058021316046,938.6893429133637,947.0195959847337,202487
2020-08-26,934.59716796875,953.8395907650835,925.584894000847,947.9937914345518,450210
2020-08-27,945.9478149414062,959.685420009749,937.1791156722817,939.2251217151249,515635
2020-08-28,960.2699584960938,969.1361232738026,947.0195036310841,947.0195036310841,248761
2020-08-31,926.3156127929688,983.0685809183334,917.254635783859,967.4797828066452,297074
2020-09-01,921.2979736328125,936.4483848480472,912.2369963383039,927.7283887363537,82705
2020-09-02,949.6989135742188,959.6854884540708,926.5592888526104,927.8745700501652,106158
2020-09-03,956.1292114257812,965.3363576470648,946.7759558950937,954.716524102135,56835
2020-09-04,923.2466430664062,943.9992803441322,920.7621899950952,935.5715616775213,142690
2020-09-07,901.2762451171875,932.7461246907583,896.9405980217828,931.2846746226368,712824
2020-09-08,877.990478515625,919.446932081693,876.870009716588,904.8324319197499,183578
2020-09-09,878.6237182617188,890.997340016383,871.7062121258505,875.8956901855968,366227
2020-09-10,876.1392822265625,888.5616073290242,872.9241040933537,883.6901072888431,230526
2020-09-11,875.3110961914062,879.7928521610888,870.5857057684187,879.7928521610888,172447
2020-09-14,884.225830078125,889.5357762326253,878.8184777237985,879.5004995222146,357441
2020-09-15,891.4844360351562,899.2788354759008,888.5615362448771,890.2178580193449,142131
2020-09-16,885.2001953125,897.2815383103375,883.1541892327036,895.5765134216575,70043
2020-09-17,892.7510986328125,898.7917706650101,878.8186202057876,884.3234391189754,155361
2020-09-18,877.6494140625,901.0326136883208,875.359832885759,899.1814793978745,79802
2020-09-21,875.6521606445312,882.6184297147232,873.2651136540529,880.7672358527469,98225
2020-09-22,870.001220703125,877.1135990044629,843.7438230912135,869.0756237844831,69644
2020-09-23,861.5734252929688,876.9186493523194,859.3812504273471,874.2393245165598,76188
2020-09-24,836.5338745117188,862.1580095823314,833.269993617113,857.3839162619812,107682
2020-09-25,830.3958740234375,853.4380926967546,824.8423521574349,842.7207927494541,173616
2020-09-28,839.1158447265625,850.4664631036785,828.0575639121419,833.0264699462537,79765
2020-09-29,832.9777221679688,852.3662547487172,831.0778254450954,845.5949179294072,532383
2020-09-30,837.4107666015625,842.6232472958261,833.0751201400426,839.1644945335967,340893
2020-10-01,838.8722534179688,850.5638527687418,837.8005472641009,843.7924562514424,226679
2020-10-05,848.3716430664062,855.4353173842144,842.7694186074549,842.7694186074549,59773
2020-10-06,849.6868896484375,857.2864761791246,847.7870524823103,849.5894834484213,82327
2020-10-07,854.217529296875,863.9605293458842,842.7695042392893,853.1945261850396,85730
2020-10-08,842.720703125,864.2040038412738,837.897906768315,856.360901607275,79316
2020-10-09,848.322998046875,858.2608696608311,841.6977701264212,841.7951763370621,642606
2020-10-12,844.1822509765625,862.2555041706711,842.2336509671372,852.4150979096947,176524
2020-10-13,839.4080810546875,849.9792708272233,834.9750283285166,844.7180274922099,188240
2020-10-14,837.1185913085938,845.4001415006677,826.2064191621973,837.8493163255415,82809
2020-10-15,836.4852905273438,845.7411409414096,831.0779371787532,838.3851875056473,163287
2020-10-16,841.6002807617188,844.7180524796363,828.8369752663509,833.1238593452568,32846
2020-10-19,873.4113159179688,877.2598131154215,835.0238690976333,843.7438666800749,130070
2020-10-20,862.1093139648438,872.8753763226854,859.3325828070199,871.9984825536087,33584
2020-10-21,878.4776611328125,881.2543924800411,859.3326414233237,859.3326414233237,150828
2020-10-22,893.6278686523438,899.5710741791032,874.9212989202061,878.4775172959768,113581
2020-10-23,894.4073486328125,900.6915951652092,881.9363212423533,896.2585423131167,45456
2020-10-26,866.201416015625,893.8228571071969,857.4327158849458,891.4845132857278,55576
2020-10-27,905.6604614257812,912.8703044825428,861.4272815834817,864.0091406421859,239401
2020-10-28,883.73876953125,913.1139372018353,879.6466977934074,909.8012935410698,50003
2020-10-29,864.0092163085938,876.8699880262898,859.3325882657639,876.8699880262898,156213
2020-10-30,870.7318725585938,885.6386498206815,861.1349824224114,865.470629070069,47972
2020-11-02,853.1458129882812,877.2597378243928,846.2769504617228,865.1783941198817,86892
2020-11-03,854.8507080078125,869.8061868457625,852.5123645925984,857.4325669177956,58871
2020-11-04,856.2147827148438,866.1039509771949,848.8588299981268,862.1580480796958,25456
2020-11-05,871.1702880859375,881.7414183200618,858.3582204861597,869.8062444256743,70353
2020-11-06,913.7471313476562,917.5469247189884,881.8388098349969,890.5101026739106,251858
2020-11-09,924.9030151367188,930.2129622426219,911.0679426894981,911.0679426894981,121810
2020-11-10,924.3671264648438,945.0710014976531,915.842001451334,928.1181576841669,107797
2020-11-11,919.9827880859375,934.1101382868866,911.9448129716045,922.6134100166663,41822
2020-11-12,942.8301391601562,950.4783705136036,925.0004607269368,925.0004607269368,173796
2020-11-13,974.54345703125,980.1456813530992,933.9638431568022,942.8300077634822,222825
2020-11-14,960.805908203125,984.0429379512959,947.0682433894201,980.1457381970334,36544
2020-11-17,957.5906372070312,980.681556833514,954.8139062662431,971.3770046402493,94002
2020-11-18,1051.17236328125,1061.8896639897873,955.1550443601545,955.1550443601545,695220
2020-11-19,1017.7050170898438,1061.9381377933075,1006.7927867537908,1050.295301458907,190460
2020-11-20,1087.367431640625,1105.830366844215,1017.1690775201413,1022.0405769335518,249798
2020-11-23,1045.18017578125,1133.1107382275402,1023.0148539457585,1099.9845429569157,176903
2020-11-24,1044.7418212890625,1059.8921132429077,1024.0865922282135,1047.2749772204904,267122
2020-11-25,999.1446533203125,1057.1155035129586,985.504453274984,1050.0030659160807,141568
2020-11-26,1049.272216796875,1058.4794220982292,1003.821222168646,1007.3773216133336,292405
2020-11-27,1046.1544189453125,1076.4551191905464,1033.732096392062,1063.9353904431025,253387
2020-12-01,1108.802001953125,1115.5733383989927,1046.2518796542195,1053.36431619716,280795
2020-12-02,1160.1964111328125,1169.1599229690025,1087.3674909312017,1112.6505266921674,294829
2020-12-03,1141.8795166015625,1207.1088492642236,1139.9309167438807,1151.7686846659171,295720
2020-12-04,1124.780517578125,1166.8703463242189,1120.4449304206062,1153.5711283634764,162427
2020-12-07,1125.267578125,1143.8280380706772,1110.7018427602827,1143.8280380706772,155809
2020-12-08,1125.121826171875,1159.4171428233167,1118.4965377824938,1135.059639822827,225515
2020-12-09,1125.46240234375,1146.7508285172898,1122.3933342837026,1133.0618691847828,111606
2020-12-10,1129.018798828125,1156.2991966837833,1114.7939247997692,1137.2515856077548,310277
2020-12-11,1145.9716796875,1152.986711459098,1122.3936658768732,1137.2029791728369,168483
2020-12-14,1131.552001953125,1149.673957496535,1125.316458397032,1149.673957496535,119428
2020-12-15,1124.6832275390625,1136.5697593885318,1121.5655149838863,1129.2137465122955,56631
2020-12-16,1164.191162109375,1175.7365940003194,1127.8984849794708,1129.506103860438,323251
2020-12-17,1201.0194091796875,1207.9370334435005,1165.019076346482,1173.0082877538366,402509
2020-12-18,1214.9031982421875,1227.617859358783,1170.1829285120195,1212.4188048866738,378273
2020-12-21,1184.0667724609375,1222.649026552663,1150.6482367253939,1212.5162833232455,145777
2020-12-22,1155.1787109375,1193.5173885715258,1127.4598071655128,1182.800089572108,327649
2020-12-23,1170.13427734375,1205.0629078808374,1159.6605525465432,1166.237077419208,171273
2020-12-24,1175.541748046875,1198.389036163082,1169.1600352810556,1186.6974358102714,246220
2020-12-28,1186.2589111328125,1196.4402976889305,1180.8514990219737,1189.9611794563575,169125
2020-12-29,1172.13134765625,1196.3426723647626,1159.4166884990602,1191.7633922352163,154970
2020-12-30,1177.8314208984375,1208.0347241579846,1170.3780013074418,1174.7135892020972,197431
2020-12-31,1180.900390625,1186.6000219737712,1171.3034402505443,1182.8002280968876,296434
2021-01-01,1201.0194091796875,1206.670396031878,1180.851449326311,1180.851449326311,95451
2021-01-04,1230.4434814453125,1256.8469873938652,1203.260487931336,1207.255094104649,99581
2021-01-05,1260.3543701171875,1271.4614131450744,1193.5174184695143,1227.1307661733495,150290
2021-01-06,1264.30029296875,1282.1786724029475,1257.8211748269036,1261.7183744390707,108081
2021-01-07,1269.171875,1283.0556495210076,1258.0648315965734,1268.5385562352285,109031
2021-01-08,1281.2044677734375,1295.818967405834,1266.5899681410408,1273.9459805292547,285838
2021-01-11,1263.5697021484375,1280.230208472069,1254.8984083044331,1280.230208472069,92160
2021-01-12,1236.6790771484375,1267.5643405635603,1232.489539441125,1254.8984401582366,162360
2021-01-13,1247.5911865234375,1260.7442369084952,1232.489536081334,1244.9606240196695,159570
2021-01-14,1241.64794921875,1265.2747243221156,1232.5869116058664,1251.0499680465043,45754
2021-01-15,1251.6343994140625,1259.769779851543,1227.6178829179769,1246.5193249019044,94356
2021-01-18,1309.9461669921875,1314.7202601118374,1253.6315872864502,1257.8211242743876,370993
2021-01-19,1355.4951171875,1382.531947018194,1308.485133788185,1309.459433962264,715853
2021-01-20,1357.2974853515625,1372.0581560863193,1337.7140765535355,1356.2257789967382,330542
2021-01-21,1341.9034423828125,1372.5451299193944,1336.7396047910624,1367.430054901061,69623
2021-01-22,1342.439208984375,1368.8914773329818,1331.8680779460399,1344.5339777363095,223509
2021-01-25,1319.9814453125,1355.6407949811955,1315.0611836422904,1355.6407949811955,100682
2021-01-27,1353.1077880859375,1363.9224935041648,1311.4077035786956,1315.353665861811,184995
2021-01-28,1319.9814453125,1382.9698336055396,1310.3844969273766,1338.6879543059877,235173
2021-01-29,1352.620849609375,1368.8916133838227,1329.2376476725694,1330.3093539747167,166513
2021-02-01,1347.4080810546875,1362.6072555652777,1322.2712134662122,1352.62068098309,62919
2021-02-02,1408.2532958984375,1468.6111355587116,1354.179643897465,1354.179643897465,415804
2021-02-03,1410.250244140625,1427.3492537640702,1384.480061159552,1419.262517585893,321671
2021-02-04,1479.0360107421875,1494.5760465736764,1405.914755675238,1410.7862551751523,282242
2021-02-05,1456.87109375,1484.6872922813475,1443.5231100430224,1478.987660065743,79091
2021-02-08,1443.8638916015625,1466.077980008293,1437.141316495811,1457.5528546884243,90255
2021-02-09,1421.16259765625,1460.4755755188542,1402.212392911575,1455.311738385743,244781
2021-02-10,1407.8634033203125,1449.2223879068986,1393.3463105305977,1424.4265021829044,356376
2021-02-11,1386.769775390625,1422.4778914524022,1368.891395541524,1407.8633925676172,299192
2021-02-12,1429.1517333984375,1441.9638004116862,1388.9618639612875,1392.2745072893917,224960
2021-02-15,1436.2642822265625,1465.1035367018717,1427.3494139772183,1437.092413390032,139523
2021-02-16,1461.937255859375,1476.0646068823412,1436.1183039898158,1442.7435920427974,170927
2021-02-17,1460.427001953125,1466.077989776046,1441.9640637106152,1441.9640637106152,93001
2021-02-18,1493.455810546875,1529.6510812562162,1463.3986777368386,1470.9982657137766,310358
2021-02-19,1482.494873046875,1592.9805180880433,1471.1930167051653,1502.370617059182,425564
2021-02-22,1418.9703369140625,1490.63002010689,1393.2487968774005,1482.4946400795732,161553
2021-02-23,1441.9639892578125,1478.5002389856286,1425.4496519540814,1439.2359017048936,86666
2021-02-24,1530.4305419921875,1558.8800554305512,1447.712445264282,1456.2375705674178,216975
2021-02-25,1498.375732421875,1549.9162172181839,1472.50802436079,1544.0704182378784,184689
2021-02-26,1488.87646484375,1523.805093618658,1461.4498979718587,1481.9101965434647,139972
2021-03-01,1486.0020751953125,1519.761588592427,1476.0642643550675,1507.2418593777486,61354
2021-03-02,1481.91015625,1509.1905536037148,1470.2185573841223,1487.1713995262637,56964
2021-03-03,1493.3094482421875,1510.5546282834134,1471.1928875065528,1493.455617017632,154956
2021-03-04,1473.9210205078125,1507.1446252094718,1467.29573323603,1482.8845325267182,201501
2021-03-05,1450.58642578125,1488.7302917954828,1446.8353948405052,1475.8208177337744,63126
2021-03-08,1457.065673828125,1473.6775366730294,1438.8463111034168,1465.3472239635573,96026
2021-03-09,1438.5052490234375,1470.8520817683896,1426.8624110981343,1469.2444629129304,54450
2021-03-10,1428.5673828125,1484.735801906293,1413.7093077312447,1440.0154078751066,131725
2021-03-12,1433.292724609375,1443.1818935229214,1417.6065181946672,1435.1439184197557,61753
2021-03-15,1410.4454345703125,1438.9437098892245,1403.1868281292213,1433.1953160382757,49333
2021-03-16,1404.9892578125,1431.2465932814223,1389.302933835641,1416.6320943711287,87214
2021-03-17,1402.7484130859375,1412.734988001118,1388.5723006330984,1410.6889818051166,47127
2021-03-18,1390.6182861328125,1429.8338568621778,1379.7548185292394,1417.460176849827,45465
2021-03-19,1377.513916015625,1396.1717832419392,1298.7417913897452,1385.4544841381978,157876
2021-03-22,1352.9130859375,1391.300533404903,1349.4056293878084,1377.6603320970116,77105
2021-03-23,1361.4378662109375,1383.5057815125258,1349.4052868977803,1359.9277728092793,68727
2021-03-24,1340.2470703125,1365.8224455815475,1332.8424140212255,1354.2770142467132,62821
2021-03-25,1355.88427734375,1368.8911552816976,1296.01348606073,1339.6621626422307,88150
2021-03-26,1416.19384765625,1459.7937737363397,1339.9548707676013,1362.071433742247,175036
2021-03-30,1402.358642578125,1443.4741728052475,1394.2720241607763,1416.1937735568279,135595
2021-03-31,1373.811767578125,1401.0434051040893,1361.0971049585623,1400.7024238894683,180576
2021-04-01,1361.5841064453125,1388.0850160780235,1355.3485633161179,1377.465242344173,80643
2021-04-05,1346.6773681640625,1364.0199551672872,1330.065625069922,1354.276955487521,88800
2021-04-06,1339.1263427734375,1359.6841641640856,1325.0477579187839,1348.4309536467624,100694
2021-04-07,1339.662353515625,1354.1794457148856,1331.6243793945312,1339.662353515625,37217
2021-04-08,1360.4151611328125,1369.3786737147998,1339.8573356303093,1342.4392544616437,47375
2021-04-09,1344.923828125,1371.765723448356,1339.6625840084532,1360.4638665262528,83100
2021-04-12,1275.7972412109375,1342.5855618348219,1265.1774650773175,1342.5855618348219,69205
2021-04-13,1285.68603515625,1300.6902763630853,1272.2894124596264,1281.2042797134511,169333
2021-04-15,1314.76904296875,1328.8963924910433,1275.4074194462205,1282.6659066275377,426291
2021-04-16,1336.1060791015625,1339.613534784371,1310.725639300707,1317.1559945413705,142921
2021-04-19,1364.2686767578125,1380.7456817348816,1285.3548823917793,1326.9630949817522,177488
2021-04-20,1364.5133056640625,1386.613038253392,1350.5297836945715,1364.1221356583087,173676
2021-04-22,1360.845947265625,1369.0110967188248,1338.1105844094016,1364.1217713734004,93857
2021-04-23,1350.138427734375,1362.7529126304994,1338.6974526938843,1356.2990262135993,155372
2021-04-26,1338.7952880859375,1371.8960028798897,1329.9945008478714,1351.3608326577353,189659
2021-04-27,1353.707763671875,1370.8693469206469,1344.7602725709626,1347.4983430763555,444609
2021-04-28,1357.1793212890625,1404.459086326727,1331.8525852581388,1376.9321532937247,474157
2021-04-29,1350.7254638671875,1373.9008250549462,1346.5205950894385,1373.9008250549462,110440
2021-04-30,1350.6763916015625,1368.4246699603434,1329.8967548076923,1344.5647337210125,167258
2021-05-03,1361.1885986328125,1368.0336562408797,1322.1229247455324,1354.9302363746274,163384
2021-05-04,1346.96044921875,1368.6201885142427,1334.8838371800166,1361.1884364418158,95411
2021-05-05,1340.31103515625,1356.836981833456,1332.8303420845332,1347.596083556047,51196
2021-05-06,1350.040771484375,1354.3434025574995,1343.7335882234024,1344.2713425023435,27868
2021-05-07,1341.582275390625,1363.5842450473938,1337.7197551315444,1354.3434655388808,160890
2021-05-10,1344.906982421875,1366.0777895043936,1336.986297566129,1354.441168855424,136672
2021-05-11,1338.5509033203125,1354.343451922167,1332.5370078009284,1338.6976069902144,66321
2021-05-12,1370.8692626953125,1402.2587120837766,1340.750966459717,1350.4318559188948,603531
2021-05-14,1360.992919921875,1392.4311926126004,1347.7427978693565,1382.701480999289,107932
2021-05-17,1389.3021240234375,1393.4580515455912,1351.4098436743907,1360.210631368363,112679
2021-05-18,1417.7581787109375,1437.462191122785,1379.5726050507542,1379.5726050507542,327604
2021-05-19,1418.1002197265625,1449.000858906351,1409.1039066541707,1415.9489637996107,161989
2021-05-20,1397.61376953125,1427.4875976943001,1384.7059972626107,1415.9487411448313,109513
2021-05-21,1401.378662109375,1411.7440098576644,1393.2135111676323,1400.303034210949,141945
2021-05-24,1443.0355224609375,1450.4184519288467,1401.378491858165,1404.458790886773,234226
2021-05-25,1462.5443115234375,1483.763941536278,1433.5505804797685,1448.2185604983201,131448
2021-05-26,1468.117919921875,1485.7684348390867,1450.1251760523169,1457.5081061892622,100456
2021-05-27,1544.293701171875,1564.5844051765077,1459.4638904537112,1471.6872061191527,247167
2021-05-28,1553.58349609375,1564.5844807238395,1489.3866152453854,1530.3591952080055,181421
2021-05-31,1631.9105224609375,1691.707010911024,1564.5845187616408,1564.5845187616408,1174066
2021-06-01,1655.7703857421875,1715.1757015158996,1614.455577652651,1647.7029971803254,717658
2021-06-02,1662.9088134765625,1678.9946492353047,1631.0792515576518,1660.41520931948,314707
2021-06-03,1654.4991455078125,1679.4347106415375,1643.7915682271303,1673.1275272079831,146129
2021-06-04,1613.966552734375,1661.3440751051837,1603.698967879052,1654.4990185349684,194307
2021-06-07,1648.3387451171875,1660.41535827218,1600.765572138727,1622.2786097606281,269594
2021-06-08,1643.05810546875,1660.0240438803908,1624.3319618392604,1649.7076369936028,128082
2021-06-09,1637.7777099609375,1682.9062184251432,1628.1457604171198,1654.6948277714605,224477
2021-06-10,1634.355224609375,1652.592437213234,1623.2564767893305,1642.8137837385996,87950
2021-06-11,1612.0596923828125,1711.3130082849702,1608.588223241867,1646.8227279571154,124172
2021-06-14,1623.843017578125,1635.2841126755611,1565.5622722897224,1622.278457044753,124292
2021-06-15,1656.4547119140625,1660.4151137312404,1623.7941096474487,1623.842931286584,103988
2021-06-16,1682.2218017578125,1689.7513171714884,1636.702122173483,1661.3932221495131,207324
2021-06-17,1678.505859375,1737.3733052101768,1654.8415658482995,1687.0621811166436,416009
2021-06-18,1704.859130859375,1714.1977917907302,1620.2737863129414,1691.7068909286727,128040
2021-06-21,1681.341552734375,1699.5298227055464,1657.5305575154723,1662.3709428074965,152232
2021-06-22,1700.7523193359375,1728.5237193022529,1689.7513340879689,1689.7513340879689,125176
2021-06-23,1766.5625,1810.1263248932817,1699.774256249874,1713.21990332218,747874
2021-06-24,1769.3983154296875,1789.4934950476334,1760.1575361124262,1787.5377644519529,180859
2021-06-25,1783.6751708984375,1799.1743113579585,1754.3392131700127,1783.2350599115207,448519
2021-06-28,1769.7406005859375,1815.8957932485905,1752.4812548216773,1798.3431595264444,142851
2021-06-29,1749.2542724609375,1775.3144059007009,1731.7994011843246,1764.997879507131,84656
2021-06-30,1768.1759033203125,1815.8957754300445,1761.135321243678,1761.135321243678,248720
2021-07-01,1753.9967041015625,1786.5107209376977,1739.4266085929473,1775.8031450953758,69271
2021-07-02,1747.5919189453125,1789.4934213586534,1727.5456811650652,1769.9361162071928,92544
2021-07-05,1734.4884033203125,1761.1352300943668,1722.0206219856634,1755.1702762314517,99623
2021-07-06,1718.842529296875,1744.7559567048495,1707.4015543772816,1731.8481840074462,76698
2021-07-07,1703.5390625,1718.7937368339185,1691.902441916706,1714.197817813577,69427
2021-07-08,1665.549072265625,1711.7532076917519,1657.579446196766,1703.539115297887,127100
2021-07-09,1675.5233154296875,1686.8177078294418,1646.236296307748,1673.3231184194753,163245
2021-07-12,1687.7464599609375,1697.5740533512242,1663.7887616273517,1680.4124706751459,468250
2021-07-13,1747.4942626953125,1764.0690320730591,1677.576892521685,1691.7069986066476,235129
2021-07-14,1765.535888671875,1799.272243232484,1746.0275226950282,1764.0690906475006,155095
2021-07-15,1739.67138671875,1778.2481267640173,1730.8216576146883,1766.5137426445958,87502
2021-07-16,1724.1719970703125,1744.5116424425307,1712.6820801427903,1739.6223160903935,107459
2021-07-19,1700.312255859375,1738.5467657660074,1692.8315623330432,1733.2662691963424,103293
2021-07-20,1680.9503173828125,1705.250244286906,1672.1495303808083,1700.752088137322,111360
2021-07-22,1673.225341796875,1696.5963470506617,1664.5712575025873,1688.235550734292,131419
2021-07-23,1658.263916015625,1678.8968486347449,1653.6678777824995,1678.8968486347449,42756
2021-07-26,1674.3985595703125,1687.9419681493457,1641.0044405154592,1650.6363884583352,69698
2021-07-27,1632.203857421875,1740.8936072631775,1588.1021571287329,1688.9688653548315,240727
2021-07-28,1661.442138671875,1670.6829183041018,1617.1447914225394,1638.0711333832446,107633
2021-07-29,1649.169677734375,1669.2159145523738,1633.2793680615712,1668.2380493417397,103286
2021-07-30,1661.539794921875,1686.8175882400992,1645.5027806440735,1657.383867530559,85831
2021-08-02,1646.187255859375,1696.2540297552569,1624.6253980826853,1664.5222298369958,223836
2021-08-03,1633.719482421875,1660.170786104486,1628.0479353950066,1647.6052410772859,127132
2021-08-04,1600.2276611328125,1651.6145316377288,1592.9426122189816,1645.747339695854,75011
2021-08-05,1629.4658203125,1640.5157459602124,1594.9472468110575,1608.392894698692,72531
2021-08-06,1627.021240234375,1658.7530424923325,1614.5046353637517,1629.4659036116445,93434
2021-08-09,1607.8551025390625,1649.609905257547,1600.1299423965456,1634.7953406923245,50984
2021-08-10,1614.3577880859375,1621.691777565368,1592.9914559428598,1607.8549602071787,40981
2021-08-11,1637.484130859375,1678.9944586327047,1582.2347500132785,1622.0827547828083,136424
2021-08-12,1680.3148193359375,1686.230952165711,1629.1235946036588,1639.8801129353756,78404
2021-08-13,1709.2596435546875,1720.9940274304415,1675.376705608108,1686.817682139638,116726
2021-08-16,1719.4783935546875,1755.268240205548,1692.6848600533724,1722.5097521571436,103044
2021-08-17,1706.81494140625,1729.843716985695,1686.1820074345792,1719.4783686716557,124149
2021-08-18,1722.314208984375,1726.7146028557013,1667.2603445802322,1700.507764941363,79837
2021-08-20,1676.6966552734375,1767.1002488365298,1645.7961376067087,1724.9542809256711,161033
2021-08-23,1637.87548828125,1693.5649904982802,1588.3955264102387,1677.0390425320254,82244
2021-08-24,1659.33935546875,1686.817341623861,1625.2607797159803,1642.715648333906,76587
2021-08-25,1692.7825927734375,1708.1351495664946,1651.3700212944332,1664.2289738313232,82301
2021-08-26,1697.91650390625,1736.3954821739376,1684.275329801692,1704.9082651448634,91908
2021-08-27,1809.099609375,1823.718646758527,1696.5961673598092,1711.264145751969,540087
2021-08-30,1879.1639404296875,1882.3909440811617,1791.449459509968,1833.4976728063264,656830
2021-08-31,1853.7880859375,1882.3906450901688,1844.253899553277,1882.3906450901688,149686
2021-09-01,1841.515625,1868.9447905364912,1816.3845380884406,1867.7224590842109,130632
2021-09-02,1852.4189453125,1875.4965405022597,1830.905910592361,1864.3000315429667,199503
2021-09-03,1807.779541015625,1857.9440788930672,1802.205756526275,1857.9440788930672,202306
2021-09-06,1810.8597412109375,1831.2971488307294,1799.2720618601213,1813.9400406252853,87428
2021-09-07,1828.9014892578125,1856.966175174255,1794.4317379808813,1827.2390466532515,238450
2021-09-08,1835.2086181640625,1855.9882548423554,1817.5092809140976,1818.8293751352903,238158
2021-09-09,1828.0701904296875,1871.0962625256454,1811.1042517836952,1843.5205095205638,227286
2021-09-13,1819.8072509765625,1834.9152215138072,1798.3431562419255,1823.718712021112,80818
2021-09-14,1865.0823974609375,1874.567642426988,1829.2436129743644,1846.2095508096781,163938
2021-09-15,1863.71337890625,1882.3905810576262,1848.360823065726,1876.5233896361478,159852
2021-09-16,1865.8160400390625,1900.8724891737866,1840.2448371090675,1857.944176176876,248127
2021-09-17,1802.401123046875,1872.6118934846425,1794.431617010507,1858.9217804252248,115350
2021-09-20,1833.644287109375,1842.9340081987486,1799.2722952050256,1802.4014166667448,105956
2021-09-21,1833.4974365234375,1862.8333955078126,1813.1089689029614,1829.5859753255208,118562
2021-09-22,1827.77685546875,1861.8554355493382,1823.816453459882,1828.6080170573855,138187
2021-09-23,1856.0859375,1863.7133339111017,1815.895701106839,1848.1652531458944,119769
2021-09-24,1837.1153564453125,1875.789973967386,1829.6836045847633,1860.8775292375526,56336
2021-09-27,1813.9400634765625,1865.8158634435295,1804.2591734959349,1846.209617166442,134399
2021-09-28,1760.793212890625,1828.5103863221216,1750.3789233556538,1828.5103863221216,87735
2021-09-29,1780.2525634765625,1798.0986036358872,1757.3215525823607,1761.037488143682,152524
2021-09-30,1829.19482421875,1837.408916692851,1780.9861360776595,1794.0894357313155,70990
2021-10-01,1817.7537841796875,1832.3728222985035,1779.030343150388,1828.608064862157,67958
2021-10-04,1831.737060546875,1851.4900093766719,1804.1613094185343,1818.9270501910617,169391
2021-10-05,1836.382080078125,1863.4200793155499,1816.8737152212216,1816.8737152212216,159998
2021-10-06,1831.8839111328125,1853.9836427405833,1818.9271960828562,1837.4088738768355,60478
2021-10-07,1830.0750732421875,1855.9885060185263,1821.7632174460034,1838.3869290383716,64748
2021-10-08,1799.027587890625,1845.7206534276695,1786.559805993299,1836.3331709315814,62953
2021-10-11,1790.080322265625,1828.6571827291864,1780.2528469191268,1805.5306428573806,66749
2021-10-12,1787.195556640625,1818.8294755267943,1778.736997840451,1799.4676946528893,83711
2021-10-13,1766.855712890625,1835.452980549889,1760.15736014374,1794.3337011392068,132820
2021-10-14,1778.7369384765625,1805.6282335882202,1771.5007115546705,1784.0174348448793,92662
2021-10-18,1789.004638671875,1817.8027251737306,1786.5599753230476,1797.120968737313,92011
2021-10-19,1805.3836669921875,1822.740774691097,1780.6925701247249,1802.107842370563,93823
2021-10-20,1789.738037109375,1816.7760376125032,1775.0700570210588,1815.8959349335387,93490
2021-10-21,1833.4974365234375,1837.1154903841814,1784.653112561782,1798.9787437044938,114209
2021-10-22,1867.0380859375,1896.0806348141991,1838.7288165971368,1846.209509298199,338028
2021-10-25,1809.2462158203125,1926.394519094286,1789.4933857576361,1877.5012571883397,335087
2021-10-26,1804.7481689453125,1827.4835371090755,1777.8568732677431,1823.6210169318083,206780
2021-10-27,1838.0933837890625,1890.0669491247475,1824.7456177417357,1877.5503447210224,529236
2021-10-28,1939.7425537109375,1954.752762405015,1837.2133994264404,1838.0933827142544,1355503
2021-10-29,2072.976318359375,2106.077150496769,1911.041986326934,1953.7257063258137,960349
2021-11-01,2033.66650390625,2121.9677920316735,1987.1201375030919,2058.406544804918,485302
2021-11-02,2016.7979736328125,2068.1848361022016,1996.116220766436,2043.7382068338543,118552
2021-11-03,2023.1541748046875,2097.2764053352803,2006.7749325669602,2020.4650454820755,385323
2021-11-04,2059.0419921875,2076.6925087604477,2014.4025363309418,2030.2928476005427,42743
2021-11-08,2040.70703125,2077.3282783017025,2025.3545935452762,2063.295815530803,194599
2021-11-09,2136.6845703125,2159.517581278382,2038.311227995091,2048.5788133990563,595914
2021-11-10,2122.652099609375,2172.914517865932,2103.3882014853584,2136.6845617666595,207186
2021-11-11,2124.216552734375,2156.1926959887905,2084.955122987214,2133.5552128384743,123304
2021-11-12,2162.353271484375,2182.595032506264,2105.8326176085307,2112.384266419359,258341
2021-11-15,2100.552001953125,2181.616918816114,2089.6976044419703,2180.6390537695806,91793
2021-11-16,2128.763427734375,2141.4756743092903,2092.8268845322104,2100.5521622312353,384464
2021-11-17,2143.187255859375,2161.0822379754586,2102.459263022954,2109.4509041805727,216359
2021-11-18,2101.970703125,2173.69698986692,2076.9861933996226,2151.3039667981025,110299
2021-11-22,2053.321533203125,2136.2932577775655,1934.4619623787653,2110.379828229714,240928
2021-11-23,2056.64599609375,2107.2994600977145,2033.3240548237331,2033.9595716952417,107742
2021-11-24,2039.6312255859375,2063.1976330132134,2010.1973883840608,2058.4061891601705,214763
2021-11-25,2001.64111328125,2054.9347664120337,1994.8449979229053,2047.7963027407698,248082
2021-11-26,1950.841064453125,2017.5314230194367,1931.283760548833,1997.7785938234258,87944
2021-11-29,2037.235595703125,2072.0963952008824,1910.7975753746418,1911.7264995836363,141832
2021-11-30,2016.2115478515625,2116.5893196044967,1977.2435224025373,2059.384202858429,239856
2021-12-01,1973.234375,2041.4893000134387,1963.8468921732267,2010.4910183436973,122697
2021-12-02,2066.082763671875,2091.653845389436,1973.2343832057554,1973.2343832057554,299002
2021-12-03,2032.39501953125,2083.341894035164,2018.4117375871106,2044.0317591304304,54725
2021-12-06,2009.0733642578125,2040.6584637796404,1989.95604833118,2032.0042596718388,57116
2021-12-07,2019.9761962890625,2051.512350556465,1989.955780904319,2019.0962130599742,132978
2021-12-08,2046.42724609375,2072.5361972572896,2031.5637438993074,2031.5637438993074,176891
2021-12-09,2249.481201171875,2322.430046767089,2053.6636782813025,2057.819605733412,1034082
2021-12-10,2214.27783203125,2319.4962215560095,2185.871039362786,2249.08992815296,481269
2021-12-13,2256.52197265625,2303.8505558124107,2214.424825406493,2218.7273370619127,264261
2021-12-14,2222.248046875,2268.3543046657915,2210.0247294610394,2253.9797311343077,71628
2021-12-15,2182.64404296875,2242.831693102167,2172.2785764701616,2233.3462097790766,63111
2021-12-16,2185.43115234375,2224.6436479629456,2145.4365554420674,2170.958936304568,270580
2021-12-17,2151.058837890625,2212.566459592628,2121.967350027347,2180.639258323034,169226
2021-12-20,2074.687744140625,2165.971562129543,2030.6351049385414,2165.971562129543,102709
2021-12-21,2152.28125,2170.8606883234893,2053.6147493451685,2079.9192270558838,240790
2021-12-22,2233.88427734375,2280.3818188677333,2154.23719852728,2154.23719852728,961653
2021-12-23,2213.69140625,2255.886196398685,2205.0861442810883,2226.550238825101,93625
2021-12-24,2194.867431640625,2293.4849960307533,2182.5951753580207,2232.9552342876523,220693
2021-12-27,2146.903564453125,2217.5543421947505,2127.150730395882,2199.61041595186,134745
2021-12-28,2158.246337890625,2208.8995633102445,2137.173295478976,2163.331189087826,182668
2021-12-29,2177.315185546875,2200.735014026412,2143.774354727238,2143.774354727238,182349
2021-12-30,2185.919921875,2195.356464941451,2163.6247847816276,2177.314898516608,197252
2021-12-31,2184.159912109375,2233.1997587723276,2172.8165797447673,2195.3074804351945,198115
2022-01-03,2156.6328125,2218.3851446941712,2137.222331027787,2201.614612845225,113948
2022-01-04,2170.6162109375,2188.1199019844835,2141.5247221322784,2174.674255898037,353471
2022-01-05,2176.923828125,2200.099189531461,2151.303803305692,2180.19977259288,222632
2022-01-06,2175.99462890625,2237.111206507257,2151.3524725648504,2165.7759848786877,423469
2022-01-07,2177.8037109375,2213.8379007874696,2167.4382441870944,2187.435540041676,111305
2022-01-10,2230.412841796875,2245.863161107712,2173.794537068296,2193.3029018331185,289826
2022-01-11,2287.6669921875,2296.0277884831826,2220.0477002998728,2231.488676881867,255404
2022-01-12,2265.17578125,2308.2997318068255,2244.6406121727723,2301.894667037795,231632
2022-01-13,2255.4462890625,2275.3946454633015,2245.178703528073,2268.6474704639063,128523
2022-01-14,2289.720458984375,2301.8948337861716,2239.3114568268193,2239.3114568268193,190526
2022-01-17,2269.038330078125,2333.0885011154533,2262.780088250043,2297.6898283810788,135524
2022-01-18,2316.122802734375,2350.3970277472426,2252.023687376315,2282.239628329741,320744
2022-01-19,2292.2138671875,2316.122623125126,2253.001377919173,2316.122623125126,242338
2022-01-20,2336.364990234375,2361.5450251819675,2290.8453064944015,2296.8103811417063,209114
2022-01-21,2304.584228515625,2336.3648532856505,2274.2214607956985,2336.3648532856505,415539
2022-01-24,2355.090576171875,2380.1240221044386,2234.422099633789,2296.7120684057936,276068
2022-01-25,2347.023681640625,2413.469830447752,2307.8603610684995,2377.044342166482,390068
2022-01-27,2175.212158203125,2351.7657647107503,2088.622148516036,2351.7657647107503,794479
2022-01-28,2220.243408203125,2264.5896999373936,2141.525242882556,2191.3963786757113,265768
2022-01-31,2250.11669921875,2281.897317272604,2146.5119321105076,2225.621128940687,415951
2022-02-01,2236.4755859375,2321.403034993618,2183.132991732366,2260.677749545764,725023
2022-02-02,2245.863037109375,2324.5811885139833,2213.7890096593014,2236.47567409689,324514
2022-02-03,2254.76171875,2281.310664528538,2222.345342793242,2247.134322128608,161075
2022-02-04,2283.706298828125,2312.6512043218977,2229.5326620946835,2253.9792921615112,203322
2022-02-07,2208.019775390625,2292.605121082073,2174.5768309686173,2292.1161884480184,191104
2022-02-08,2172.08349609375,2234.3734736480133,2147.392395012662,2220.3412485528406,122629
2022-02-09,2191.39599609375,2200.1967832266564,2162.744496902628,2191.39599609375,123789
2022-02-10,2188.46240234375,2268.54946983031,2162.060040921372,2162.060040921372,369714
2022-02-11,2131.01318359375,2200.0992789541456,2122.01686961615,2174.772660462315,242245
2022-02-14,2044.7164306640625,2089.1114217079694,1962.1357502576013,2048.6278920330997,289217
2022-02-15,2000.565673828125,2088.6713123260574,1980.715080120112,2063.2957558720213,378170
2022-02-16,1988.29345703125,2037.8711773706273,1966.7804215695637,2013.4245461641658,565198
2022-02-17,2010.393310546875,2022.225576970623,1978.5150428559693,1988.293696516369,350822
2022-02-18,2019.927001953125,2033.0305378830058,1985.0662057071456,1985.0662057071456,177031
2022-02-21,2054.5927734375,2071.998583908087,1980.1771323755484,2000.7123026372205,375444
2022-02-22,2021.5408935546875,2076.252406936815,1985.0664717210573,1985.0664717210573,306750
2022-02-23,2050.779052734375,2073.0744292491,2030.0483561892129,2030.0483561892129,192678
2022-02-24,2000.2723388671875,2052.49024847913,1955.7305283369853,1994.845138903725,360203
2022-02-25,2084.7109375,2102.361453911691,2019.6341927766682,2022.8122550015535,313838
2022-02-28,2111.6513671875,2123.532574909557,2042.9563235888188,2049.605855983427,180990
2022-03-02,2130.964111328125,2163.527075052518,2105.344087045456,2105.344087045456,157039
2022-03-03,2111.6513671875,2189.440606654052,2098.4991254486804,2151.303856471154,217987
2022-03-04,2107.690673828125,2150.325694414397,2078.0615476092667,2097.5209706770715,88675
2022-03-07,2062.269287109375,2101.23732067467,2034.1556555025893,2090.6763260976545,139363
2022-03-08,2087.791259765625,2110.233219613352,2057.428495860284,2057.428495860284,132359
2022-03-09,2095.321044921875,2115.8562179207593,2054.495165269331,2102.4105689333946,310556
2022-03-10,2110.184326171875,2129.643988420783,2094.587422755362,2112.188997736499,145468
2022-03-11,2073.02587890625,2126.808480366637,2063.2961651166634,2107.3001117660706,78426
2022-03-14,2032.492919921875,2078.5015276318304,2017.7760001780007,2078.5015276318304,237058
2022-03-15,2045.4007568359375,2048.725642027333,1995.8719759371613,2032.4929828973168,178988
2022-03-16,2142.4541015625,2153.846376454906,2055.4730239618743,2055.4730239618743,231640
2022-03-17,2054.837158203125,2159.1263875414916,2043.7382925551258,2156.192791906245,603010
2022-03-21,2045.15625,2077.8170929215153,2033.3729258712842,2073.3677582417963,208149
2022-03-22,2031.172607421875,2054.6413722534935,2012.4465843112946,2053.516922766627,96849
2022-03-23,2005.40625,2049.8991221486717,1984.430967223202,2043.6895818596365,512732
2022-03-24,1993.525146484375,2008.5353551823011,1938.1290525663685,1947.1743067218877,251286
2022-03-25,1945.2674560546875,2009.3665731301953,1939.1068570218133,2004.0370163462433,100470
2022-03-28,1958.5662841796875,1974.309890437797,1901.5566937812855,1941.0624727682157,184576
2022-03-29,1993.671875,2009.513245538668,1955.7306525923775,1965.4115431963749,149014
2022-03-30,2037.382080078125,2049.0675211030284,1990.5912556044198,2006.5303862417861,149949
2022-03-31,2110.184326171875,2130.768437994366,1987.022242315077,2019.2917964471624,1052222
2022-04-01,2067.50048828125,2107.2995551012664,2054.4948330708867,2107.2995551012664,180591
2022-04-04,2083.390869140625,2096.4452270676384,2049.60557679489,2049.60557679489,105731
2022-04-05,2158.6865234375,2214.8158944122865,2080.8483524904486,2092.631676735281,350006
2022-04-06,2160.544677734375,2194.281034306879,2125.7328124551855,2169.8833401271418,202906
2022-04-07,2143.62744140625,2188.3160790969305,2133.359855183838,2161.082433479013,98294
2022-04-08,2189.3916015625,2196.921117092457,2139.5204681674704,2159.860115417089,161106
2022-04-11,2165.776123046875,2207.921974407294,2153.846214085402,2190.4182809603494,178038
2022-04-12,2157.659912109375,2182.35101239524,2102.4105193905084,2164.7983769690563,103405
2022-04-13,2177.41259765625,2182.5463904385597,2151.30364211069,2152.2815074025584,65098
2022-04-18,2135.168701171875,2174.772242457637,2094.196244077058,2174.772242457637,127137
2022-04-19,2104.561279296875,2200.1965364972775,2077.963395580762,2151.401162138046,76918
2022-04-20,2090.13818359375,2129.644085822468,2080.603996709577,2117.078420947128,55650
2022-04-21,2096.054443359375,2121.674468584291,2076.203728385452,2097.6191234630332,122239
2022-04-22,2113.264892578125,2155.068636076953,2087.791452593496,2092.8273636255926,163274
2022-04-25,2053.516845703125,2111.1619494101833,2048.676460885576,2102.4101039341517,171418
2022-04-26,2041.6361083984375,2081.826227929328,2016.8471282008047,2064.3714760254284,132818
2022-04-27,2043.5965576171875,2053.6447027239633,1997.865339278951,2040.998840225111,111258
2022-04-28,2056.536865234375,2068.4474979849397,2012.7660198408837,2058.6444292741103,115355
2022-04-29,2055.26220703125,2086.7299107566055,2019.431946712122,2050.801763360077,101104
2022-05-02,2010.952392578125,2055.2131476031054,2001.247211935204,2048.8411535847795,48561
2022-05-04,1974.7791748046875,2032.0780648939758,1960.6137880525553,2026.0002100175604,70125
2022-05-05,2177.359130859375,2248.8233877717107,2046.9292871153227,2057.614533547342,2654230
2022-05-06,2209.807373046875,2230.1978008065025,2135.1080484204667,2143.93080895113,1542537
2022-05-09,2260.293212890625,2313.2297770927707,2182.456953111662,2209.5132756598045,1109904
2022-05-10,2186.62353515625,2260.5876405774616,2036.489394525198,2249.8042650152966,495998
2022-05-11,2225.296630859375,2244.9027685761976,2141.9705455628787,2190.985889854935,425040
2022-05-12,2189.46630859375,2228.286555982723,2176.330292402882,2210.591969293231,185292
2022-05-13,2245.49072265625,2262.106874093974,2200.984652896535,2204.70986638881,234536
2022-05-16,2207.455078125,2302.7408589027027,2180.7907788812217,2262.5482768614042,154711
2022-05-17,2249.1669921875,2273.576535664524,2215.4933580260104,2230.884126850179,139859
2022-05-18,2234.119384765625,2298.8196389975387,2212.0134167031742,2267.106615621984,270494
2022-05-19,2230.246826171875,2252.744817276835,2184.221474050969,2204.709788535945,147689
2022-05-20,2244.069091796875,2277.2525708809326,2230.1978470745253,2247.1572016462915,142509
2022-05-23,2251.81396484375,2291.957483682419,2223.3360021350413,2255.8821426595364,131873
2022-05-24,2238.138427734375,2268.7730135497313,2192.995254210325,2244.95151175317,113498
2022-05-25,2170.88916015625,2253.7250752762334,2155.743469696116,2238.9223485572206,144343
2022-05-26,2148.048095703125,2167.0661901905023,2129.4222675140854,2162.5076202183004,105221
2022-05-27,2239.167724609375,2260.8816642471766,2140.8919660167553,2154.714387896037,171237
2022-05-30,2338.766845703125,2344.893762934874,2248.823700741054,2261.5186253786965,411157
2022-05-31,2379.44970703125,2419.397209580029,2298.8194718254326,2344.8938919430425,474302
2022-06-01,2407.976806640625,2438.8564721579933,2352.7364203709094,2379.4497818105374,351443
2022-06-02,2370.77392578125,2416.456319480997,2344.9920477941405,2411.554785364403,164924
2022-06-03,2270.1455078125,2401.702634575531,2262.401179703757,2379.2046410281496,195149
2022-06-06,2316.906005859375,2330.1401473581586,2245.9318908878718,2270.1454204302154,193033
2022-06-07,2305.28955078125,2326.2189572178863,2265.5380624477048,2299.799737005866,54080
2022-06-08,2259.90087890625,2322.5914388326237,2225.7861609663278,2322.5914388326237,113410
2022-06-09,2306.073486328125,2309.504559928369,2244.7064278205225,2261.3225792465932,101910
2022-06-10,2287.39892578125,2316.3667997265816,2251.9606920081646,2274.31173450693,175206
2022-06-13,2291.41796875,2307.9362332481837,2207.6508046890626,2249.803995009502,157963
2022-06-14,2275.635498046875,2317.445491231299,2257.94091079085,2284.11505692425,151551
2022-06-15,2259.313232421875,2293.6730366446113,2249.8043034936995,2293.6730366446113,283896
2022-06-16,2199.759521484375,2311.563566269066,2142.509696831498,2276.419469751095,359448
2022-06-17,2130.353515625,2234.168143932451,2090.0139886411102,2186.182176440651,188864
2022-06-20,2144.862060546875,2160.694157824995,2078.250266156191,2105.698854577122,184960
2022-06-21,2183.976806640625,2219.806832102716,2135.157475517487,2146.8720950187358,160680
2022-06-22,2172.310791015625,2201.2789046277703,2144.9112640060393,2187.1135193293735,95802
2022-06-23,2245.637939453125,2264.508846507353,2170.0561848171255,2189.0252182904414,292754
2022-06-24,2245.245849609375,2264.508783135425,2205.739436392026,2247.7945037743093,190440
2022-06-27,2247.40283203125,2313.5244904707365,2228.286845775242,2258.627299171431,289818
2022-06-28,2239.804931640625,2256.911236724827,2228.1391376046786,2246.8140292369308,72430
2022-06-29,2264.70458984375,2279.2131775068933,2186.0840369205903,2235.0503108675853,248063
2022-06-30,2255.587890625,2283.085545087809,2231.9135764008774,2268.4300058379845,122566
2022-07-01,2230.638916015625,2265.9790217379527,2215.836427892016,2215.836427892016,97053
2022-07-04,2314.99462890625,2325.9740177721837,2221.4734510430435,2233.5310338455665,192539
2022-07-05,2318.180419921875,2357.6377671686687,2298.0841312620173,2334.1104048351767,376434
2022-07-06,2467.43212890625,2480.176116858487,2323.327034369413,2328.0325547106268,1037060
2022-07-07,2511.9873046875,2538.455590319984,2476.794383598142,2489.9794632040735,667857
2022-07-08,2538.112548828125,2560.8556197719017,2503.7036828259697,2519.339529141521,534204
2022-07-11,2559.43408203125,2578.2068613532656,2525.3684210304796,2548.7976576115934,187883
2022-07-12,2490.763427734375,2557.6202999351312,2479.2938866744144,2555.6596864434214,204632
2022-07-13,2494.586669921875,2521.594170169866,2465.4716057837354,2491.939889424356,187311
2022-07-14,2498.1650390625,2520.3688933230965,2453.4138880804458,2493.9006085624105,204252
2022-07-15,2509.046142578125,2524.4369111721435,2471.353394718008,2480.2742821575316,389496
2022-07-18,2535.612548828125,2546.3468601989957,2503.8016416942983,2528.2111847750566,205877
2022-07-19,2539.876708984375,2586.7354203522073,2505.6640985209087,2519.3883932702406,210716
2022-07-20,2547.376220703125,2575.069887125797,2524.436898544543,2535.171449208171,258551
2022-07-21,2718.145751953125,2779.1698518752537,2542.9159067952055,2548.7977477515556,1136196
2022-07-22,2643.299072265625,2745.250976089934,2633.93733410177,2745.250976089934,355041
2022-07-25,2610.458984375,2659.5724527144266,2584.578979573014,2659.5724527144266,292148
2022-07-26,2659.964599609375,2708.5388535104985,2583.500662763826,2623.840434583907,544688
2022-07-27,2674.423828125,2695.8436268569285,2637.417247429055,2659.9643032173126,250057
2022-07-28,2668.639892578125,2693.8827898997843,2633.054711788239,2690.8928066223316,335265
2022-07-29,2682.2666015625,2755.6426680181703,2648.1521132538646,2704.2256194999604,248397
2022-08-01,2691.5791015625,2752.897335938915,2670.355556401275,2689.9616911766147,363460
2022-08-02,2705.20556640625,2768.7294922968795,2675.600350131935,2690.843928778033,366158
2022-08-03,2618.98779296875,2713.489274572658,2614.233209164247,2705.5486936068974,461656
2022-08-04,2615.8017578125,2662.5132813190503,2589.970577777957,2636.044997594597,303228
2022-08-05,2635.2607421875,2688.0012969005984,2622.6639431667186,2630.7514744210694,272399
2022-08-08,2667.512939453125,2741.9181301256654,2623.399133283781,2641.8777729350877,382934
2022-08-10,2715.842041015625,2793.874563143894,2690.942342396487,2793.874563143894,1043450
2022-08-11,2743.1923828125,2781.081142365009,2725.2527217059537,2739.9082595190916,326247
2022-08-12,2742.1630859375,2781.8164465350474,2731.2327612904933,2756.4265971699865,386571
2022-08-16,2840.92919921875,2847.79134704295,2751.7212775041517,2764.416203112377,833499
2022-08-17,2834.802001953125,2866.5150205748305,2813.4803304592265,2851.8104195445558,481683
2022-08-18,2833.5771484375,2877.2008063186518,2817.40208427932,2822.2545556602254,459776
2022-08-19,2831.4697265625,2867.15280446216,2758.0936542796094,2846.7623716626017,335377
2022-08-22,2813.039306640625,2859.652940872522,2795.9330015718247,2818.3819306077576,232574
2022-08-23,2811.617919921875,2853.5748578707517,2788.9727379858145,2788.9727379858145,574029
2022-08-24,3000.179931640625,3029.049919355936,2811.618060158093,2813.480547365771,843342
2022-08-25,3082.476806640625,3111.4939855407,2981.1131726620256,2989.935934435771,810380
2022-08-26,3108.20947265625,3146.490498759304,3044.832737582912,3088.9465409284467,519283
2022-08-29,3133.501708984375,3158.499533070376,3024.785777614031,3078.163436472301,501630
2022-08-30,3198.49609375,3208.7893154140484,3093.7502137499014,3137.9130840893404,574816
2022-09-01,3336.670166015625,3361.8151787241854,3180.899513155744,3190.800468113631,1034069
2022-09-02,3302.555419921875,3378.4313083971856,3293.8307853010365,3323.2399887412244,560330
2022-09-05,3224.425048828125,3321.2794076375817,3189.5750945443697,3284.0277495826144,587410
2022-09-06,3295.84033203125,3309.515563224836,3241.433307813543,3252.5596457431293,407055
2022-09-07,3245.10986328125,3313.4372039095247,3200.701914427396,3285.0083048227266,382798
2022-09-08,3252.903076171875,3312.456714950581,3246.7761586020492,3270.940625764355,363161
2022-09-09,3249.373779296875,3290.840804042957,3239.9139145834447,3267.362504480067,215708
2022-09-12,3264.029541015625,3284.0277035369154,3245.060509144201,3264.4215679934114,179592
2022-09-13,3292.70361328125,3366.0303709532054,3275.450117750957,3293.8308703758216,435755
2022-09-14,3223.885986328125,3289.860684377182,3206.583666374419,3244.717506630924,299457
2022-09-15,3232.0224609375,3281.037801006413,3202.7113833093763,3251.3835202647206,288585
2022-09-16,3117.5224609375,3250.5012171221792,3038.950969507352,3238.933549436223,482246
2022-09-19,3095.61279296875,3159.8228869595646,3044.8819171821137,3125.218009812477,342412
2022-09-20,3088.505615234375,3155.4115538713922,3069.438695972859,3121.4928430930204,252096
2022-09-21,3068.01708984375,3136.981769158173,3063.458758943528,3100.3672143381937,199589
2022-09-22,3082.182861328125,3156.538992265044,3038.9512335309328,3074.536420035276,334012
2022-09-23,3063.115478515625,3109.925127170795,3049.195170132881,3109.925127170795,162047
2022-09-26,2943.0771484375,3063.8999665190645,2907.6391518894657,3062.4785694670027,295539
2022-09-27,2973.025390625,2989.9356826003627,2909.550526543566,2941.900650322521,398174
2022-09-28,2950.42919921875,3009.051591164668,2932.685790513411,2967.3885539845087,344491
2022-09-29,2937.1953125,2989.9358684727194,2914.45224162931,2989.9358684727194,291653
2022-09-30,3027.57958984375,3092.8681220032813,2933.0781049235557,2955.4782122534057,310742
2022-10-03,2935.82275390625,3063.556773522816,2924.696176366853,3014.1982320674483,388862
2022-10-04,3020.129150390625,3053.6555941192287,2980.132586235138,2999.199505079871,313948
2022-10-06,3126.0517578125,3173.5475793119454,3020.129549264929,3047.529079288567,507339
2022-10-07,3231.189208984375,3244.7172508129734,3115.1207449427284,3140.902860610158,601549
2022-10-10,3166.929931640625,3217.3176014663486,3145.8533370975465,3217.3176014663486,204689
2022-10-11,3134.08984375,3226.1896180079953,3122.277099166048,3175.2136653685493,294944
2022-10-12,3183.54638671875,3195.653271636126,3110.513528886403,3153.6470288142323,223256
2022-10-13,3201.53466796875,3241.5800522641207,3174.4290446556442,3194.8194714748283,393950
2022-10-14,3131.394287109375,3269.323416045717,3112.474316625233,3246.7763580040223,307787
2022-10-17,3133.599853515625,3168.106606155516,3091.201583007007,3127.227859103925,303859
2022-10-18,3148.353515625,3209.4264397582947,3122.865538007243,3166.3910655906316,210090
2022-10-19,3174.527587890625,3184.722682972549,3140.0696599498756,3163.4500730808486,263584
2022-10-20,3071.10546875,3171.2927849074213,3010.0323017181568,3171.2927849074213,438628
2022-10-21,2981.35791015625,3112.817141360586,2960.526391671804,3083.6039522782107,364038
2022-10-24,2992.6806640625,3016.305914478306,2986.798823228781,2999.738825196419,16594
2022-10-25,2995.082275390625,3025.471785426501,2961.1147413578024,3014.3942709984944,263091
2022-10-27,2979.54443359375,3017.384372332699,2946.9492320407735,3013.463145078206,250705
2022-10-28,2903.7666015625,2975.2308649918295,2887.0032610876237,2975.2308649918295,336034
2022-10-31,2989.690673828125,3001.5524818829817,2903.276724836906,2903.6687518252006,319759
2022-11-01,3090.07373046875,3131.295675894665,2999.7385619902584,3011.9433327827974,504156
2022-11-02,3108.40576171875,3122.277006532745,3075.1732192112913,3098.7496444740996,199216
2022-11-03,3161.734375,3223.4446376229557,3073.359816394271,3096.9360024860484,362379
2022-11-04,3156.48974609375,3203.152445159534,3137.9620434447343,3171.292474396662,226208
2022-11-07,3198.10400390625,3218.3472437146524,3144.82423327341,3176.1940510616732,289197
2022-11-09,3042.77392578125,3227.1697151406834,3029.1477581363038,3227.1697151406834,251189
2022-11-10,3104.533935546875,3176.1944682014323,2994.347531827554,3042.7745986651803,507653
2022-11-11,3093.701171875,3158.5483680559155,3043.950604004473,3136.9816194223868,692497
2022-11-14,2965.623779296875,3150.2646418705663,2951.8015984343037,3093.847943450923,560133
2022-11-15,2968.22216796875,3019.3450740577746,2955.0368494746226,2967.3888114197675,383627
2022-11-16,2975.868408203125,3029.1481814975073,2952.6842468189298,2984.005002964955,468068
2022-11-17,3060.713623046875,3073.261597051295,2954.546356373109,2970.3293904514912,632485
2022-11-18,3031.74609375,3096.0543232939362,3002.4350126394374,3063.4591182754853,485570
2022-11-21,3022.236572265625,3058.556984320976,2994.8370471476223,3036.9902363546103,374330
2022-11-22,2999.199462890625,3054.1457045429574,2983.1225277925387,3028.1675754560088,318799
2022-11-23,3038.264892578125,3047.6268703214123,2996.209587542648,3010.522162459029,331230
2022-11-24,3063.409423828125,3107.5722892436947,3039.980189052394,3052.675113156109,549566
2022-11-25,3029.9814453125,3096.7892596927577,3019.3450205298177,3078.2615564362313,340177
2022-11-28,3042.23486328125,3070.222427825057,3026.353703431166,3038.9507401354476,321071
2022-11-29,2955.821044921875,3052.1852521878286,2950.7234973776663,3043.8526443048686,383945
2022-11-30,2941.606689453125,3013.463228753513,2920.3340788733617,2962.3891466124664,6409415
2022-12-01,2934.891357421875,2970.329349472103,2906.070196371935,2950.6741519498164,499243
2022-12-02,2919.45166015625,2949.743043332767,2864.652368626317,2936.3619517805405,440688
2022-12-05,2917.0009765625,2942.831916848427,2888.9641066690033,2916.41269675612,216805
2022-12-06,2886.121337890625,2935.920731731204,2878.866923990407,2916.363658990076,238124
2022-12-07,2910.580322265625,2936.019239091707,2863.4765266734144,2867.3977543717,428075
2022-12-08,2929.5,2935.4797280405796,2902.0023456567424,2931.0192841145326,224644
2022-12-09,2918.030029296875,2976.015317907004,2882.1018821789844,2950.7233555641983,329565
2022-12-12,2932.48974609375,2940.479390332177,2887.0036050611884,2920.284973966063,197711
2022-12-13,2934.205078125,2956.2131563168923,2920.3338332269436,2923.323816706557,120072
2022-12-14,2947.48828125,2969.349169818739,2939.3516872925065,2945.8218076280327,307596
2022-12-15,2872.494873046875,2954.5955657048844,2858.5745646657306,2945.7728047028295,258936
2022-12-16,2782.600341796875,2870.28872111855,2769.366202422467,2862.495331353488,425206
2022-12-19,2840.193603515625,2846.3205204271694,2775.5424241315445,2780.149817782488,397439
2022-12-20,2867.250244140625,2878.180568481992,2823.577531312957,2836.125505363614,380570
2022-12-21,2785.051513671875,2893.081271087502,2775.444459527972,2872.2988155785265,195307
2022-12-22,2747.603759765625,2796.2268301342497,2723.4881183950697,2796.2268301342497,234442
2022-12-23,2627.957763671875,2729.1253894828187,2613.743313397421,2725.253225033223,209507
2022-12-26,2670.992431640625,2690.5985647393622,2588.0095690332923,2632.1233685054503,171579
2022-12-27,2688.638427734375,2703.24514308019,2655.2591716866273,2695.990728948896,117811
2022-12-28,2670.698974609375,2708.3426606770286,2654.6708624064404,2681.188209692517,127712
2022-12-29,2631.33935546875,2683.0996002267684,2626.1927449823816,2671.335919115069,225208
2022-12-30,2630.1630859375,2674.227827751499,2624.0852317791396,2641.4366138869154,155615
2023-01-02,2627.173095703125,2659.572282506952,2610.0667903334906,2632.123692787013,135840
2023-01-03,2636.436767578125,2641.0444005768004,2623.3007534099715,2640.309170545015,155374
2023-01-04,2651.92578125,2682.119277119198,2637.0251664658786,2637.0251664658786,313367
2023-01-05,2750.740966796875,2758.681547858209,2666.5815296526985,2671.8753301378283,361324
2023-01-06,2787.6005859375,2801.7169084977522,2754.9563207676056,2765.445555938474,630345
2023-01-09,2805.736083984375,2825.5872959483486,2774.9052448013226,2804.706714015998,179843
2023-01-10,2785.68896484375,2808.579226348304,2746.378802343368,2803.6776919218673,140490
2023-01-11,2843.08544921875,2851.712196062721,2769.366433096317,2791.91348724188,457133
2023-01-12,2856.760986328125,2877.2004789903253,2825.146091797482,2850.7321951972285,212709
2023-01-13,2842.840576171875,2865.534821547906,2827.155667816691,2864.0643613896077,103382
2023-01-16,2815.833251953125,2859.3099557386736,2804.85386328782,2843.821059907555,97665
2023-01-17,2818.3330078125,2839.801870492243,2779.169798726965,2822.0091583399167,88725
2023-01-18,2862.839111328125,2867.397442298178,2820.3427150399516,2831.1260900366283,152461
2023-01-19,2861.172119140625,2920.3337255610513,2853.182715087425,2863.1817957877615,258856
2023-01-20,2875.975341796875,2887.837150912413,2853.771486446306,2877.102598988558,131815
2023-01-23,2889.650146484375,2893.914576561326,2860.19188090903,2882.1018324088923,260669
2023-01-24,2887.052734375,2899.2084435731344,2862.495999933681,2899.2084435731344,147969
2023-01-25,2816.7646484375,2888.9641487531653,2806.0300974773177,2885.0429215407416,191195
2023-01-27,2747.99609375,2840.782280016589,2705.6468860094405,2831.0770986736593,149121
2023-01-30,2759.41650390625,2811.519711047002,2731.2815091949556,2757.6028407166027,176771
2023-01-31,2783.581298828125,2808.5791234874373,2747.3099454008875,2759.5637810181975,236077
2023-02-01,2734.173828125,2904.207996989078,2699.6180129635445,2803.6774854400596,623110
2023-02-02,2775.8369140625,2796.7663212720677,2697.8534579115562,2720.7925419880835,236358
2023-02-03,2750.593994140625,2792.894137806038,2721.331739750636,2788.972910515331,194330
2023-02-06,2874.259765625,2882.1022206471694,2727.3118603801986,2748.7804852702934,197958
2023-02-07,2963.95751953125,2975.2310473879093,2843.869940188575,2891.8559087205963,370039
2023-02-08,3018.8056640625,3029.147948452074,2949.792162523407,2972.2410920393695,408409
2023-02-09,3066.44873046875,3078.16334885022,3008.3655526281846,3022.2858613073977,262690
2023-02-10,3103.945556640625,3108.552950864608,3036.059308817423,3073.212841856888,300374
2023-02-13,3019.001708984375,3146.7847947471455,2946.361119471615,3132.0801929025324,1255147
2023-02-14,3016.697998046875,3108.5526923022912,2963.1240907656643,3033.069072842412,613928
2023-02-15,3087.57421875,3127.1785155016423,3013.9040232883262,3019.246647180245,619722
2023-02-16,3125.610107421875,3141.8832960455557,3073.261820000879,3103.0142271333357,252897
2023-02-17,3074.388916015625,3174.2332541626865,3059.733377980457,3129.139143695891,353966
2023-02-20,3111.640869140625,3161.391441409529,3077.183179351509,3091.936845201246,305386
2023-02-21,3106.984130859375,3144.0888372369077,3083.0647417912774,3132.717183155725,314522
2023-02-22,3110.3173828125,3126.1001782864473,3067.6740381106124,3107.523412771362,218407
2023-02-23,3076.5458984375,3117.375580352746,3060.61591316054,3115.414966780197,155736
2023-02-24,3080.1240234375,3111.493841626552,3070.41908166835,3091.8877052583944,141718
2023-02-27,3046.842529296875,3116.3952473309723,2992.9747197111246,3087.672210868395,220001
2023-02-28,3153.989990234375,3183.0559893843392,3043.656418621236,3062.086233226435,923123
2023-03-01,3246.23681640625,3254.324347285548,3143.5496819084997,3168.3514911382213,556560
2023-03-02,3257.95166015625,3274.077899159404,3221.2882800302013,3252.6580989471113,351509
2023-03-03,3263.196533203125,3297.7523507909314,3245.8451492596246,3270.254694886428,446442
2023-03-06,3253.099365234375,3298.4876223029814,3236.3362609429764,3274.1269002486947,294806
2023-03-08,3313.2900390625,3331.964692166479,3235.0124452230325,3253.099057845691,448991
2023-03-09,3321.27978515625,3366.3739026642743,3313.437329937463,3326.8674866330875,333450
2023-03-10,3310.88818359375,3319.9560217484764,3261.4808152189235,3313.2901267873954,194714
2023-03-13,3209.965576171875,3334.0725136656433,3200.7507879195714,3326.180996003101,276376
2023-03-14,3245.94287109375,3257.4614763699274,3169.9690916125787,3222.268556833674,330853
2023-03-15,3237.218017578125,3282.0179889116203,3221.288032632817,3278.1458250529945,228737
2023-03-16,3262.41162109375,3278.7826950504477,3187.957375398926,3217.415639480328,257895
2023-03-17,3247.315185546875,3297.751920169249,3221.876273149328,3281.135768556934,256724
2023-03-20,3233.884765625,3263.4409160981018,3202.122685803828,3235.0120225664573,175472
2023-03-21,3345.150146484375,3365.3443238205987,3234.0322702619865,3234.0322702619865,278420
2023-03-22,3244.7177734375,3359.707822830896,3236.0422008094174,3345.836575668811,288396
2023-03-23,3294.271728515625,3317.358000052745,3236.3357439228344,3244.815301470031,369001
2023-03-24,3280.79296875,3325.2009180277064,3264.4218918137567,3310.839518050568,180779
2023-03-27,3259.1279296875,3302.5553274182876,3248.5405688790393,3287.9488525185347,171779
2023-03-28,3272.901123046875,3318.338437862657,3237.953282203946,3290.889848125536,184543
2023-03-29,3324.661376953125,3348.3847531325328,3267.3624936012475,3274.1265146415953,1031003
2023-03-31,3298.87939453125,3352.6493192588846,3284.1259683790495,3324.220421522479,329944
2023-04-03,3307.310302734375,3350.6888817328177,3272.2643321311134,3321.2796756321786,323147
2023-04-05,3307.7021484375,3323.2401072087164,3281.135977315787,3322.210737185073,221406
2023-04-06,3330.2001953125,3399.654785766982,3299.712559295964,3313.4859171619432,733361
2023-04-10,3330.739501953125,3352.5513295541195,3303.339973125388,3352.5513295541195,193423
2023-04-11,3212.90673828125,3316.378177405604,3202.7607056656534,3316.378177405604,493329
2023-04-12,3140.461669921875,3236.286652692835,3133.5995228180723,3229.032239297768,498526
2023-04-13,3166.390869140625,3192.5159488448785,3110.513383214614,3153.450867634827,402975
2023-04-17,3165.410888671875,3205.603470410973,3149.72597872491,3185.9973329772665,286059
2023-04-18,3144.530029296875,3195.653171781707,3139.8245088579647,3176.1939863483094,277893
2023-04-19,3138.010986328125,3179.134806838668,3123.306385001397,3149.725604185211,266982
2023-04-20,3121.59130859375,3168.1068231181534,3115.4153272590675,3148.7457618490007,276392
2023-04-21,3091.201416015625,3149.284592707609,3079.290545043719,3135.021081197719,267054
2023-04-24,3154.039306640625,3168.351883033463,3098.4068903775837,3102.377181166868,314556
2023-04-25,3270.401611328125,3288.929314115691,3146.8338913172356,3164.4303505113116,690245
2023-04-26,3333.190185546875,3339.905383092169,3264.421756881985,3279.1263593904623,361730
2023-04-27,3349.833251953125,3359.9465792022693,3314.926834945217,3343.3526487281947,327674
2023-04-28,3356.068115234375,3376.9825276003303,3324.6966165456765,3347.280202541114,251132
2023-05-02,3379.829833984375,3401.5298097296795,3329.016766898134,3358.080955264633,331768
2023-05-03,3391.072998046875,3416.99493268248,3345.463779079943,3380.664814145339,359375
2023-05-04,3579.351318359375,3596.4361968278295,3392.4474943799473,3420.9224516410236,1282221
2023-05-05,3651.520751953125,3685.690510250295,3583.8680345556513,3586.8628626067707,978769
2023-05-08,3733.754150390625,3749.2679001440306,3652.6495247328326,3660.9464898220704,321297
2023-05-09,3738.12353515625,3747.746154428453,3696.8839437500665,3745.8804100325597,395444
2023-05-10,3746.37158203125,3769.9862069455353,3722.364294968231,3740.4310687786447,253030
2023-05-11,3790.556884765625,3800.081219276238,3736.2091349001635,3745.929800486365,221052
2023-05-12,3871.17041015625,3884.3768507466707,3780.295974563873,3781.425057992761,404269
2023-05-15,3785.6474609375,3867.6848454744872,3775.386704963037,3863.7572650271914,227276
2023-05-16,3839.70068359375,3862.5297440447293,3775.9757892338307,3781.277926740706,268910
2023-05-17,3847.948486328125,3874.6070812582116,3806.8071788646444,3833.809293236266,187846
2023-05-18,3826.935791015625,3863.7568537899892,3820.111668658868,3849.519376183902,141795
2023-05-19,3824.235595703125,3853.9379197983867,3775.9755517803314,3819.669879788237,154467
2023-05-22,3822.713623046875,3856.7364291363797,3740.5290582657176,3799.933706651352,275112
2023-05-23,3841.909912109375,3896.110471704335,3802.1923047100863,3824.432132024063,279818
2023-05-24,3821.19189453125,3883.0512846090896,3812.7477406703715,3841.173555309664,205631
2023-05-25,3870.5810546875,3885.358622791566,3811.6673530530566,3814.662180830234,339853
2023-05-26,3932.244384765625,3939.6577406827487,3878.485628272481,3883.395103751307,327697
2023-05-29,3958.166259765625,3984.62852397416,3939.65768132162,3953.0604532886746,277673
2023-05-30,3956.64453125,3986.4449032538328,3935.582689895864,3955.0734032254722,179306
2023-05-31,4051.20068359375,4221.166812330122,3917.3194376002098,3940.099354774994,1169176
2023-06-01,3873.232177734375,4065.0454698889403,3865.5244454945237,4056.7482650158113,421490
2023-06-02,3948.739990234375,3955.2694962698824,3867.1935603710695,3904.9965188766646,397566
2023-06-05,3959.98291015625,3995.331133505029,3905.97868004006,3961.9467003422933,316713
2023-06-06,3984.186279296875,4017.8653268266517,3959.93351995915,3971.7654030346566,240261
2023-06-07,4075.94482421875,4086.647384864681,3985.4139046950013,3994.9384788916627,241488
2023-06-08,4037.846923828125,4096.417348585521,4011.0413800657566,4094.502461413514,171143
2023-06-09,4076.04296875,4088.709319147935,4032.6430152800785,4062.983476774931,140674
2023-06-12,4076.28857421875,4098.135740030537,4022.9713830224855,4082.179944774737,197995
2023-06-13,4241.58984375,4251.458176198347,4065.8306381480693,4080.41187483619,484212
2023-06-14,4271.0966796875,4290.243634958161,4210.906219813085,4248.660279802656,282696
2023-06-15,4235.5517578125,4269.525424606551,4202.511083152081,4261.4247899252405,144416
2023-06-16,4258.38037109375,4271.243291607235,4210.365801014212,4222.1485411289905,153331
2023-06-19,4249.29833984375,4331.433771123643,4233.686303251699,4289.899799131832,177825
2023-06-20,4296.7724609375,4304.627620829525,4233.734611027638,4233.734611027638,231190
2023-06-21,4287.396484375,4363.443979889349,4245.272796775999,4314.398602353326,304147
2023-06-22,4193.18310546875,4293.827355160952,4183.855101838741,4272.323947944179,188292
2023-06-23,4162.94091796875,4225.880011395221,4140.209662464806,4202.412813994741,204714
2023-06-26,4207.76416015625,4222.1488271325925,4139.964017488536,4160.289437339719,138748
2023-06-27,4216.748046875,4268.297534000611,4192.691619549715,4237.122367977027,217841
2023-06-28,4331.2373046875,4363.541555599317,4223.130564948844,4246.450572137296,339541
2023-06-30,4342.921875,4363.541671376894,4296.085288596105,4340.958084868867,209317
2023-07-03,4331.38427734375,4407.4322361431305,4309.5860167757655,4369.432708230023,247575
2023-07-04,4281.74951171875,4361.675664974816,4271.243043949229,4331.38410979794,103281
2023-07-05,4311.10888671875,4348.764661131147,4281.750317994859,4290.881750997476,89263
2023-07-06,4320.4853515625,4364.768913623438,4304.627842601687,4339.97606393692,159465
2023-07-07,4320.0927734375,4349.795098887011,4274.189179560984,4320.3382472015455,121844
2023-07-10,4290.537109375,4346.456217732714,4271.242969779003,4334.918952239633,117305
2023-07-11,4417.7919921875,4440.866529458469,4300.897560044382,4302.615876649667,300170
2023-07-12,4446.46240234375,4472.531521632008,4396.434662592166,4435.219513328601,204362
2023-07-13,4327.505859375,4475.477635093589,4315.42874204395,4462.467525689247,226427
2023-07-14,4304.43115234375,4382.491805625731,4276.4965269784625,4345.867313535208,273514
2023-07-17,4338.9453125,4376.011850548024,4297.90181184451,4314.34855389231,194300
2023-07-18,4409.54345703125,4462.712977809372,4340.957992276179,4340.957992276179,350377
2023-07-19,4412.14599609375,4530.80812461307,4403.799887054739,4414.109786455871,422756
2023-07-20,4127.88671875,4423.5354090757755,4066.1256170622173,4418.527648519267,1566115
2023-07-21,4149.2919921875,4239.479150193415,4123.173966896152,4127.886871452542,413021
2023-07-24,4243.79931640625,4271.24347487753,4173.053969707931,4173.053969707931,291808
2023-07-25,4254.64990234375,4290.341886363921,4193.821306997183,4256.515407210732,230780
2023-07-26,4318.86474609375,4340.417531067043,4253.028884391507,4256.858178638553,214947
2023-07-27,4320.43701171875,4410.231036899928,4288.918081031759,4322.302516644186,334733
2023-07-28,4434.4345703125,4459.718367586161,4330.402599074209,4344.836647934965,415070
2023-07-31,4470.37158203125,4524.572380448415,4423.977041020793,4423.977041020793,254120
2023-08-01,4437.82177734375,4506.210670308817,4416.563845828162,4495.851869516607,119691
2023-08-02,4328.19287109375,4474.49521632809,4300.699812928908,4426.382364539615,217964
2023-08-03,4293.77783203125,4357.649908517406,4246.695776101347,4328.193059203408,195937
2023-08-04,4357.69921875,4368.451161530823,4232.949642022786,4232.949642022786,199490
2023-08-07,4444.0078125,4458.932328652331,4337.619394667164,4379.497120015156,235866
2023-08-08,4395.6005859375,4465.609993951933,4364.52370203505,4465.609993951933,151125
2023-08-09,4439.099609375,4474.496742055703,4335.60746444128,4406.647683061053,392322
2023-08-10,4423.53515625,4467.622144823928,4398.005886851006,4438.018107159045,169628
2023-08-11,4444.6953125,4476.4597145442585,4405.763268076352,4434.778076204504,212151
2023-08-14,4275.859375,4418.5285609815,4177.178903804746,4418.5285609815,753925
2023-08-16,4222.00146484375,4320.338156773952,4178.061661999287,4275.858503436267,295770
2023-08-17,4235.6015625,4263.290719779265,4198.141876656086,4231.821170050309,183884
2023-08-18,4202.0205078125,4264.812897620127,4192.692503413804,4236.681216591248,230500
2023-08-21,4239.03759765625,4252.784128667628,4174.035952097499,4220.970344774249,294745
2023-08-22,4246.00830078125,4261.178770107742,4208.401914553092,4261.178770107742,216566
2023-08-23,4224.701171875,4268.395495744617,4216.060208928392,4265.351525609344,144208
2023-08-24,4258.4296875,4310.519025173625,4238.104269340697,4255.532905490317,233683
2023-08-25,4172.94482421875,4271.750562193537,4149.054673623808,4266.785888772871,220479
2023-08-28,4192.21533203125,4237.341447726792,4173.437226357362,4188.085944169022,197684
2023-08-29,4246.04248046875,4256.955451542084,4172.552623622993,4202.833202049236,187724
2023-08-30,4272.68603515625,4291.414697658763,4250.61430591699,4261.920438568324,187244
2023-08-31,4307.68505859375,4315.992799396083,4272.734557215347,4286.498543363763,432110
2023-09-01,4219.1044921875,4324.841211347508,4198.999048343989,4307.488852849552,164901
2023-09-04,4236.6533203125,4255.038266394696,4173.683271814251,4227.510292397687,298303
2023-09-05,4365.93603515625,4374.981131988339,4242.355395480255,4266.2949949877075,306152
2023-09-06,4424.43359375,4463.464521786417,4368.148716245094,4394.546174019361,504897
2023-09-07,4373.60498046875,4431.020369162394,4367.656684177662,4430.97140408922,193416
2023-09-08,4383.38720703125,4438.885760329248,4360.234406879339,4389.63025422129,231272
2023-09-11,4540.984375,4599.13711359224,4384.861176829436,4409.3417904819335,684497
2023-09-12,4327.69189453125,4563.645932044571,4310.093751909992,4563.645932044571,433279
2023-09-13,4267.91748046875,4348.633528026483,4188.184574829991,4344.5041399468855,362583
2023-09-14,4292.59423828125,4313.534968158052,4243.5350747745415,4286.547531721986,138301
2023-09-15,4305.57080078125,4322.775781073949,4267.4250936378785,4315.992199139905,223156
2023-09-18,4247.4677734375,4311.863568113207,4233.114285686996,4303.212111382786,105351
2023-09-20,4256.0703125,4353.253986748086,4212.861513392114,4229.47651573547,275335
2023-09-21,4204.11181640625,4282.763172739187,4188.184724728917,4271.751790832664,146287
2023-09-22,4116.41455078125,4244.222979632829,4094.785432052521,4244.222979632829,250138
2023-09-25,4106.4853515625,4148.514668252802,4053.4940985757908,4148.17047257404,274277
2023-09-26,4134.30810546875,4151.8078375569685,4081.3163782027646,4089.9683141062583,179832
2023-09-27,4161.98388671875,4168.767469864996,4098.521788611709,4153.774555787892,217834
2023-09-28,4032.552978515625,4178.352717801617,4018.788753067421,4178.352717801617,259081
2023-09-29,4029.160888671875,4078.0232282344878,4020.656808097418,4050.5442228580796,270878
2023-10-03,4022.967041015625,4079.989505447716,3989.7368001664368,4034.764982641976,303772
2023-10-04,3930.109375,4020.902616921449,3911.282305398622,3986.8366092808324,438394
2023-10-05,3999.224365234375,4037.9108520476657,3930.1094469060768,3964.027839881251,310894
2023-10-06,4063.42333984375,4075.1226308802475,3999.4207146974295,4011.2676210141253,207353
2023-10-09,4030.5869140625,4052.6091959274586,3991.5559898268093,4052.6091959274586,122211
2023-10-10,4122.01904296875,4134.947262337909,4019.133103940641,4050.446027973213,244817
2023-10-11,4114.84228515625,4155.05269552315,4099.701994902061,4142.271849975494,158952
2023-10-12,4144.9755859375,4165.523637523813,4119.463339382164,4131.211598107327,246829
2023-10-13,4157.9033203125,4163.605350496375,4119.363971329352,4129.195388922024,149733
2023-10-16,4209.27294921875,4226.920057746548,4154.659130337816,4168.472561634228,264960
2023-10-17,4211.38671875,4235.227909711211,4182.531408112768,4215.663482004539,130579
2023-10-18,4029.210205078125,4266.245810138251,4014.2175313202742,4225.5438320101775,621225
2023-10-19,4025.1298828125,4052.1173170972415,3964.273501729733,4029.209825250616,388946
2023-10-20,3947.609619140625,4024.9828367069344,3933.5506423215547,4021.0010641077583,204827
2023-10-23,3876.2333984375,3973.0728725224126,3863.747544707668,3953.9016060792064,162161
2023-10-25,3864.239013671875,3952.4759940756535,3829.6324688053937,3882.427137766247,261645
2023-10-26,3891.521240234375,3927.9958989962183,3785.096134630795,3863.747482882863,302100
2023-10-27,3940.924072265625,4016.625994072898,3902.1391746173913,3922.686743097991,262816
2023-10-30,4001.583984375,4031.8648019238058,3923.276830574358,3968.5505616148334,114014
2023-10-31,4040.024169921875,4055.4596872970346,3960.9307047776106,4029.8980019952837,205697
2023-11-01,3986.64013671875,4077.0891854433185,3976.710308185782,4050.544355926326,187184
2023-11-02,4008.219970703125,4043.367530579541,3998.978533661189,4020.7550288320026,170196
2023-11-03,4097.24365234375,4109.532925446161,4009.3016620278718,4036.288857755793,183990
2023-11-06,4132.83349609375,4152.348477347849,4071.485061961386,4124.279970166722,231433
2023-11-07,4137.84716796875,4161.78676768895,4102.650882254466,4142.95969753662,122172
2023-11-08,4203.4716796875,4215.71198696805,4146.941026877177,4167.538039355775,216669
2023-11-09,4237.8330078125,4299.2304092832455,4144.926101597843,4212.664480066094,522498
2023-11-10,4167.83251953125,4309.061212257401,4151.807501446081,4255.037382490797,640836
2023-11-13,4190.88818359375,4235.227979816025,4131.702848496643,4164.490727257837,157036
2023-11-15,4187.00439453125,4232.376775769628,4180.319221850163,4220.33328788918,95758
2023-11-16,4161.39306640625,4214.630093908431,4139.07555760476,4212.7622206723245,130755
2023-11-17,4212.8115234375,4225.543401602274,4144.679989600927,4170.48746151625,121481
2023-11-20,4273.7177734375,4291.758523034425,4222.594395425365,4243.240375007189,243547
2023-11-21,4272.0458984375,4355.219791251505,4261.968694924005,4319.876131348635,345900
2023-11-22,4163.01611328125,4301.8849115909,4149.153715988704,4286.597246522561,176385
2023-11-23,4188.72509765625,4207.798434864013,4148.858884987472,4178.353142463687,82762
2023-11-24,4190.49462890625,4204.357024566348,4152.791044131523,4193.099858717081,116246
2023-11-28,4183.51416015625,4216.695196030822,4124.820402456012,4216.695196030822,184551
2023-11-29,4172.5029296875,4202.145040172417,4160.312066894139,4191.379445015736,78223
2023-11-30,4345.2412109375,4389.72837984862,4162.721021680057,4184.251732281237,558962
2023-12-01,4313.28857421875,4373.997576317561,4302.031409340072,4373.997576317561,150704
2023-12-04,4552.68408203125,4604.053243244041,4344.602207310339,4345.241153497299,798523
2023-12-05,4764.8955078125,4783.034187378032,4514.243294738862,4584.095812993725,860640
2023-12-06,4658.51953125,4803.090837173781,4642.1503144552335,4773.153973988491,248801
2023-12-07,4664.8115234375,4709.495515083845,4620.324352192253,4669.973018443854,177991
2023-12-08,4666.77734375,4761.699973373865,4605.478836040537,4709.150851698866,231897
2023-12-11,4706.15234375,4752.015811953911,4679.803855914581,4697.451442953509,148181
2023-12-12,4641.70751953125,4738.498028667664,4610.984336088984,4717.213103188809,201663
2023-12-13,4686.9814453125,4696.763418795986,4596.237163545965,4651.1951775953,166968
2023-12-14,4711.609375,4753.442352912071,4654.882372637314,4720.457652530901,150017
2023-12-15,4753.58935546875,4846.446817135061,4683.2947117072345,4725.028796092443,371899
2023-12-18,4805.99072265625,4873.434352370582,4701.237146218396,4752.507899810247,356079
2023-12-19,4757.37451171875,4842.56365816882,4719.129909194312,4839.024251450782,223298
2023-12-20,4536.56103515625,4812.479720246864,4485.240834679369,4772.170901343878,347680
2023-12-21,4605.52783203125,4626.124845073882,4452.747690001347,4521.6660272377585,191984
2023-12-22,4678.77197265625,4684.670823640898,4607.101029202727,4643.378866748365,155535
2023-12-26,4690.9140625,4742.676386001448,4667.220247397466,4690.9140625,121004
2023-12-27,4653.80078125,4741.595164435417,4644.362522619987,4719.032344951707,165313
2023-12-28,4564.6787109375,4685.06414419293,4544.081696860222,4666.679679360098,478064
2023-12-29,4596.04052734375,4608.968745968939,4540.738801242906,4590.289051819321,147991
2024-01-01,4603.2666015625,4635.5134596970365,4575.3449911695325,4596.040413521008,84544
2024-01-02,4622.34033203125,4633.5480543577405,4522.453012952601,4620.7182438083,178550
2024-01-03,4695.04296875,4748.476825434183,4619.882060762453,4634.5307786263975,291954
2024-01-04,4743.4130859375,4783.967682506218,4689.635041013173,4737.661610777819,266936
2024-01-05,4750.88525390625,4817.394698995711,4721.046805015797,4774.087495813393,118877
2024-01-08,4672.82470703125,4774.13729260671,4660.092826803089,4774.13729260671,60882
2024-01-09,4837.451171875,4889.803476568699,4699.418149030577,4703.350716519306,571239
2024-01-10,4852.4931640625,4874.023873427223,4791.292587141364,4846.840098724403,241276
2024-01-11,4789.71923828125,4905.926305284224,4778.068912515489,4864.536421583867,87455
2024-01-12,4703.3017578125,4827.128188751619,4691.2088247384445,4827.128188751619,145377
2024-01-15,4672.77490234375,4727.929257312995,4645.34534015469,4727.929257312995,104057
2024-01-16,4728.224609375,4760.66829524322,4669.973446111604,4689.587320951859,192280
2024-01-17,4692.58544921875,4781.707650205446,4651.637683388249,4717.115032665296,163852
2024-01-18,4630.94189453125,4716.524192891342,4586.356319615724,4684.670495813274,151382
2024-01-19,4739.18603515625,4762.437242487321,4658.568408350209,4658.568408350209,132723
2024-01-23,4690.126953125,4814.445426580687,4656.061185538654,4670.857757756767,348426
2024-01-24,4651.48974609375,4733.729463507477,4536.01954706119,4684.621817520424,293735
2024-01-25,4659.40380859375,4714.11603460051,4586.356563809552,4687.620170684661,114581
2024-01-29,4710.77294921875,4726.110057469684,4635.906796372828,4670.906740830161,87854
2024-01-30,4650.015625,4778.069863629156,4636.448458147878,4743.659895475448,152802
2024-01-31,4592.84521484375,4682.458491678597,4552.929562744966,4668.940292264271,292837
2024-02-01,4469.41162109375,4618.800210734122,4267.13019424008,4612.901359890272,825760
2024-02-02,4404.91845703125,4517.488208137455,4387.762438314369,4469.412183668875,315504
2024-02-05,4294.560546875,4461.9894168101,4270.522535919108,4424.138454477349,290961
2024-02-06,4328.77392578125,4349.026745586592,4288.514071653519,4304.195377485876,177927
2024-02-07,4497.97265625,4551.258659834536,4359.74280745437,4359.791772530051,281178
2024-02-08,4375.3740234375,4532.283545445957,4365.247855258223,4532.283545445957,132187
2024-02-09,4413.76611328125,4425.563814793715,4338.309980691109,4388.744962637016,203496
2024-02-12,4353.74560546875,4475.556793988922,4325.824470803517,4409.293124241568,149594
2024-02-13,4389.58056640625,4409.734972409391,4302.031504982307,4373.014531803487,290402
2024-02-14,4481.5537109375,4543.1968969236095,4353.204734499822,4366.968720393395,371445
2024-02-15,4393.26708984375,4510.555702452713,4385.45092132096,4497.873270552235,286311
2024-02-16,4447.880859375,4463.169002329226,4394.103291175574,4433.969498974632,185797
2024-02-19,4413.17626953125,4479.046771692367,4374.145347126343,4463.463877783114,155541
2024-02-20,4448.22509765625,4470.345788273394,4386.385574118711,4438.639465055488,169172
2024-02-21,4900.66748046875,5047.450369911211,4561.77828523335,4561.77828523335,4404765
2024-02-22,5333.544921875,5358.123469902073,4995.934082185068,5112.337989631336,4222692
2024-02-23,5301.14990234375,5425.075222484671,5230.953669176934,5328.628909496566,1578299
2024-02-26,5206.916015625,5340.721236281539,5049.465465588776,5268.706096354974,1164768
2024-02-27,5358.61474609375,5382.455936368546,5157.070663358364,5181.157639099911,656105
2024-02-28,5337.083984375,5458.403593597387,5289.548979548332,5348.2917055421085,785448
2024-02-29,5353.158203125,5392.532840689364,5260.251301858792,5353.158203125,527441
2024-03-01,5397.30126953125,5431.465448111697,5363.038680757894,5405.313779432979,345570
2024-03-04,5536.6123046875,5569.49859165725,5396.318250434993,5397.448767554863,484602
2024-03-05,5585.08154296875,5598.992904306641,5477.525919271736,5525.257264653788,340244
2024-03-06,5604.5966796875,5623.571124503792,5494.239012078138,5564.582616204801,401305
2024-03-07,5673.4658203125,5694.357584586059,5579.329988350463,5601.008074082664,289128
2024-03-11,5742.875,5833.864574449232,5673.465098342108,5703.254100530925,693540
2024-03-12,5621.60498046875,5756.295411095581,5594.077009245748,5751.3797019486165,310813
2024-03-13,5502.89013671875,5711.414597014371,5478.754198879058,5652.966628206267,454668
2024-03-14,5530.56591796875,5562.911187952318,5426.942865780636,5520.242928821885,354416
2024-03-15,5521.865234375,5692.19456200903,5491.338871572172,5554.751521687006,810054
2024-03-18,5669.533203125,5687.475541696472,5521.865106807303,5549.835684161898,306134
2024-03-19,5533.71240234375,5689.93354882331,5516.900580427128,5689.93354882331,245880
2024-03-20,5637.04052734375,5672.581008643737,5466.268598706012,5584.245618821969,272707
2024-03-21,5766.0283203125,5777.924432254087,5653.065422062447,5662.896840187773,381358
2024-03-22,5866.80029296875,5932.326598059025,5736.681379470232,5775.958086478167,514271
2024-03-26,5829.833984375,5885.67672598154,5776.252756911423,5781.8568571247415,383434
2024-03-27,6173.4921875,6234.987521342281,5983.401605071932,6006.997010678525,1232034
2024-03-28,6253.6181640625,6362.845323650531,6117.895138616322,6174.131046537808,722060
2024-04-01,6394.9931640625,6457.570043140167,6289.20701118804,6314.179196755301,396061
2024-04-02,6321.455078125,6434.663772551925,6265.219169101281,6434.663772551925,280233
2024-04-03,6394.40380859375,6410.085113736979,6323.421252265961,6349.130316643161,217760
2024-04-04,6392.19091796875,6510.8073556275185,6380.639002261966,6481.853638708513,325004
2024-04-05,6557.4091796875,6571.025791182648,6405.169558559671,6411.166820234584,382254
2024-04-08,6586.80419921875,6634.142380337416,6518.72163034739,6557.555731003256,179056
2024-04-09,6419.71923828125,6608.286126625293,6386.145041273829,6605.729861893677,317551
2024-04-10,6529.5859375,6553.623949135319,6449.410907039857,6467.746407587268,234204
2024-04-12,6639.10791015625,6658.918122310951,6530.0281305002545,6537.893265255449,418148
2024-04-15,6450.44287109375,6615.610707736222,6436.678884706877,6547.724952612296,333967
2024-04-16,6532.83056640625,6553.623921632802,6415.000913389445,6458.947548448199,268622
2024-04-18,6262.12158203125,6531.994001258438,6203.62464598747,6531.453465298082,1041299
2024-04-19,6186.51806640625,6262.12157334636,6139.72042162619,6262.12157334636,286043
2024-04-22,6415.294921875,6433.7782755326425,6201.658403207348,6267.528903051179,384870
2024-04-23,6201.11865234375,6459.045549228238,6189.271504260004,6459.045549228238,550348
2024-04-24,6236.90478515625,6273.91998136575,6193.842882273492,6259.467603539051,239797
2024-04-25,6323.27294921875,6352.2756306773645,6238.525938835064,6266.545478549318,260935
2024-04-26,6302.3818359375,6380.541612660109,6270.281870639941,6360.927740821148,163903
2024-04-29,6343.1328125,6354.979959834469,6242.164432431454,6351.68633862365,158748
2024-04-30,6430.48486328125,6530.519543530284,6345.197310341657,6390.421834090605,393914
2024-05-02,6569.84521484375,6634.19203900902,6434.663214538324,6473.988887354448,317802
2024-05-03,6609.1630859375,6699.3929525032745,6549.520031259143,6620.312585654152,337954
2024-05-06,6847.73681640625,6934.217102672558,6620.460551925564,6620.460551925564,689802
2024-05-07,6796.5302734375,6946.057787796687,6735.455885601074,6883.898463843393,384249
2024-05-08,7090.84912109375,7121.682117237233,6712.022404570229,6813.450917743171,545654
2024-05-09,6891.8896484375,7108.855166392471,6868.160286962948,7108.855166392471,412297
2024-05-10,7082.5615234375,7113.78908652802,6936.191023341467,6946.057582407387,509593
2024-05-13,7877.70654296875,8079.67517721245,7301.252893880922,7449.251263351481,3294820
2024-05-14,7973.01806640625,8011.54678485796,7810.268990332527,7927.779799077693,856307
2024-05-15,7976.421875,8016.578961705166,7858.911546032255,7972.179447455722,460611
2024-05-16,8194.326171875,8265.858729326525,7920.479519771901,7976.422623919453,1059012
2024-05-17,8259.640625,8278.140421203148,8125.11049242312,8189.243119260704,319044
2024-05-21,8435.2177734375,8485.04390040582,8238.577429415307,8238.577429415307,375839
2024-05-22,8300.9345703125,8475.375160894506,8272.666490096779,8440.842200401921,326374
2024-05-23,8311.14453125,8376.708003916197,8245.038590583052,8347.108328990698,203242
2024-05-24,8309.8134765625,8395.208351619773,8264.032257594565,8364.671158944964,163314
2024-05-27,8286.28125,8356.97553113928,8150.862726782897,8347.059831981527,229846
2024-05-28,8123.7802734375,8262.94790462539,8068.033729637022,8253.475429240558,328008
2024-05-29,8088.9501953125,8138.38223513927,8016.53022873316,8024.472616201575,226167
2024-05-30,8154.3662109375,8181.005920700064,8000.940734057888,8033.648281357698,319976
2024-05-31,8206.9541015625,8239.562884227342,8057.919448515323,8216.869800005425,516112
2024-06-03,8611.5322265625,8648.038492875838,8283.222493704036,8387.068021527788,537121
2024-06-04,7564.44384765625,8633.23881266406,6889.225810566378,8633.23881266406,1346607
2024-06-05,7708.4462890625,7794.532011272118,7141.562886014218,7745.248359260794,1097810
2024-06-06,7880.91357421875,8036.016066000674,7696.951398925602,7696.951398925602,483840
2024-06-07,7965.51953125,7993.096755622337,7814.314518626327,7942.530642102186,323673
2024-06-10,7954.3701171875,8090.577761056138,7887.622465246355,8068.920473001729,271789
2024-06-11,7987.22607421875,8223.185215154435,7964.385086773567,8036.312204627618,434290
2024-06-12,8170.4970703125,8213.909927587438,8011.645478920119,8011.793380944082,436181
2024-06-13,8333.8876953125,8376.610668431324,8194.226739411415,8238.577116716024,386195
2024-06-14,8899.63671875,9022.96871318944,8340.251932064235,8393.13726939859,1242412
2024-06-18,8748.677734375,9027.852209808352,8683.656726125586,9027.852209808352,517839
2024-06-19,8429.98828125,8794.804312030921,8407.295194818733,8785.184416695927,601292
2024-06-20,8425.3505859375,8549.965034167024,8273.701380469385,8485.240792141756,409555
2024-06-21,8287.3173828125,8525.199718555523,8243.509478448168,8475.373599026902,318529
2024-06-24,8352.337890625,8451.05261944988,8140.651062696553,8277.105379213237,435447
2024-06-25,8287.564453125,8483.11887784046,8273.158699149159,8381.592565842571,244800
2024-06-26,8278.8798828125,8322.441118894629,8125.800823753086,8313.561217285851,336425
2024-06-27,8527.7158203125,8574.877778169131,8216.425893480258,8268.669514477346,654170
2024-06-28,8377.5966796875,8603.787537012702,8324.415543087141,8603.639153220325,400414
2024-07-01,8472.8095703125,8530.478838947387,8348.440818753375,8377.597272487448,251582
2024-07-02,8400.5859375,8554.306735496226,8301.771962749594,8475.32512264577,240074
2024-07-03,8502.8525390625,8527.371517382335,8416.175199820322,8422.095135482565,235527
2024-07-04,8599.4951171875,8691.155833755913,8465.655825324411,8564.173029426736,329126
2024-07-05,8563.580078125,8599.642152138698,8489.630038889227,8599.642152138698,222477
2024-07-08,8445.330078125,8583.90608808076,8378.681666664575,8583.90608808076,161299
2024-07-09,8476.3603515625,8598.656536071323,8452.828995107315,8500.040091806652,195613
2024-07-10,8428.8525390625,8509.857562430627,8269.754283319793,8509.857562430627,178905
2024-07-11,8345.0859375,8475.373648198272,8314.54874660848,8470.489509094083,134239
2024-07-12,8099.7041015625,8386.574274541676,8081.697633267161,8287.908694841186,406193
2024-07-15,8141.0458984375,8154.710696709195,8006.465653493156,8100.740428369579,279190
2024-07-16,8122.447265625,8189.194923434743,8075.729493638928,8178.390848500127,212920
2024-07-18,7787.822265625,8139.8122101063955,7610.421742434055,8124.814848981734,715249
2024-07-19,7518.8115234375,7804.152611436451,7498.5850768486325,7794.58185619792,355166
2024-07-22,7613.974609375,7656.302052072296,7325.92022026391,7424.733714491187,363722
2024-07-23,7402.92822265625,7707.804890191053,6959.081459555658,7663.307095325774,714300
2024-07-24,7422.2177734375,7536.028627913031,7335.786620200782,7449.202908669229,388681
2024-07-25,7522.06689453125,7662.369553173777,7311.169200481431,7350.586295537553,304924
2024-07-26,7746.4814453125,7764.981241790718,7547.275733188155,7596.2139578249735,237187
2024-07-29,7867.89013671875,7887.820779076288,7707.805213158161,7793.595138398098,207473
2024-07-30,7738.78662109375,7941.593554123645,7725.5159061732065,7883.3808544475,136915
2024-07-31,7791.4736328125,7841.940985048367,7686.049354998337,7694.140125972985,274082
2024-08-01,7666.1181640625,7841.940423125144,7631.78273438261,7791.473074505572,143518
2024-08-02,7477.66748046875,7676.133698527425,7446.834483848346,7592.366227896653,195829
2024-08-05,7366.07666015625,7496.512272485526,7140.230754109539,7303.32525269637,335130
2024-08-06,7366.07666015625,7547.917137842767,7328.879542470075,7347.379339376552,271285
2024-08-07,7765.37646484375,7809.3814141432695,7370.664966491481,7455.171947601584,470318
2024-08-08,7836.31640625,8045.191638176471,7672.235734419946,7775.834596574537,630662
2024-08-09,7865.7197265625,8153.477828193674,7815.30151288726,8041.245717716345,1288936
2024-08-12,7572.2880859375,7883.3313525591475,7529.023129183564,7883.3313525591475,499233
2024-08-13,7444.12060546875,7684.8154844111505,7424.585013024414,7684.8154844111505,485092
2024-08-14,7653.4404296875,7710.715610131388,7351.5728740996765,7498.584598464306,505429
2024-08-16,7805.63232421875,7819.247982889665,7621.27557353088,7736.3688875505195,383686
2024-08-19,7718.21435546875,7877.85508357209,7704.746599108324,7848.798357069984,140445
2024-08-20,7696.65576171875,7775.83489511976,7632.325606423792,7763.945884617484,180753
2024-08-21,7815.84326171875,7824.180696150372,7662.171616898394,7720.581834473727,139006
2024-08-22,7754.67138671875,7843.914607888319,7726.107986734284,7843.914607888319,112842
2024-08-23,7702.1689453125,7819.592353107174,7675.6411592307795,7765.4498889827555,141683
2024-08-26,7696.88330078125,7738.576921476225,7607.568566304971,7726.128076429204,186052
2024-08-27,7812.0341796875,7927.925902899904,7734.723502440167,7734.723502440167,465311
2024-08-28,7843.1064453125,7860.446062564546,7750.876932866027,7834.758169527321,153307
2024-08-29,7781.94921875,7918.24343758305,7695.795788700237,7858.024898283264,261097
2024-08-30,7840.78466796875,7864.447362737902,7749.148048258457,7836.437582493422,328066
2024-09-02,7606.8271484375,7851.949018539336,7544.978510927821,7849.627131777243,278992
2024-09-03,7674.6533203125,7734.822174649584,7588.500366552664,7655.634399075959,199718
2024-09-04,7547.35009765625,7671.788377703635,7484.069151462335,7661.809522351041,301420
2024-09-05,7558.267578125,7585.832567422621,7520.03194358903,7563.108661581162,165098
2024-09-06,7426.171875,7558.168216413757,7410.018046445656,7558.168216413757,170226
2024-09-09,7509.658203125,7538.408981307016,7342.340995109653,7409.969509803751,197525
2024-09-10,7445.24072265625,7549.128392630168,7419.849035651521,7509.6577643793635,175153
2024-09-11,7478.091796875,7563.0097554437125,7442.128360003076,7469.150144484311,137928
2024-09-12,7627.52587890625,7662.8959379468815,7523.637727643507,7530.603387951857,267442
2024-09-13,7592.1552734375,7775.42850506527,7560.4405099171345,7680.926797747644,282303
2024-09-16,7671.9853515625,7802.203007961326,7606.6787312307115,7637.207705652912,355094
2024-09-17,7779.1337890625,7789.013748021238,7669.367348546951,7725.63390778491,157996
2024-09-18,7691.794921875,7822.457376955822,7666.848025914389,7779.133661150155,164835
2024-09-19,7412.63720703125,7738.8239646388665,7261.819243397079,7736.008079773363,438617
2024-09-20,7603.36962890625,7676.530534079545,7426.37025568051,7469.249182279993,474901
2024-09-23,7844.34130859375,7863.459125152064,7656.967988431776,7656.967988431776,267031
2024-09-24,7981.228515625,8002.766632854119,7775.527580316286,7775.527580316286,333336
2024-09-25,8080.17626953125,8096.230720296196,7896.507930380959,8001.778699310972,302067
2024-09-26,7973.52197265625,8115.39827962899,7866.966518921487,8115.39827962899,231382
2024-09-27,8035.8154296875,8088.969416032821,7968.186917500345,7992.886814950749,339640
2024-09-30,7958.30712890625,8097.614553509078,7879.26745537273,7879.26745537273,266470
2024-10-01,8168.84765625,8203.576094420692,7987.9952187318295,8002.7659488522695,368953
2024-10-03,8012.9423828125,8160.845551452647,7949.216651811447,8102.5537975136995,320792
2024-10-04,7835.20263671875,8006.916614639181,7785.407739538671,7992.936086632916,305714
2024-10-07,7665.16796875,7963.246508055448,7580.052223215485,7808.131160441962,193223
2024-10-08,8056.76025390625,8078.842057616308,7652.077057654683,7676.678540231707,190857
2024-10-09,8356.5185546875,8476.80705588187,7983.797100267981,8054.883598459216,567692
2024-10-10,8408.1416015625,8516.22874264472,8342.63766412643,8396.977440479694,321074
2024-10-11,8451.0205078125,8504.6684908498,8320.258674870101,8403.250328358878,226675
2024-10-14,8467.619140625,8584.696658641926,8436.74426773024,8489.453464800263,181469
2024-10-15,8544.484375,8573.828044913544,8442.424595965225,8516.524285221796,192358
2024-10-16,8664.08203125,8833.2763402858,8514.055229874471,8575.804977697757,660651
2024-10-17,8586.3759765625,8709.18367132521,8318.974506038501,8669.663836174557,407941
2024-10-18,8677.568359375,8743.76408749502,8457.294471118115,8564.986028805906,197602
2024-10-21,8180.3095703125,8764.807539104086,8160.845858770976,8724.101916428956,337458
2024-10-22,8079.38525390625,8277.429214607304,8057.15534732608,8171.9606578324965,267921
2024-10-23,7611.322265625,8101.4675876047,7528.775405006991,8052.215415388377,553732
2024-10-24,7556.291015625,7810.1070482616415,7490.243397803108,7681.667590162462,482630
2024-10-25,7431.359375,7644.470286759586,7326.08860326119,7624.068267605883,287311
2024-10-28,7250.85302734375,7496.617018452966,7229.166323401531,7429.729500065535,497757
2024-10-29,7402.55908203125,7417.823811244423,7113.619495864768,7251.39571338917,352099
2024-10-30,7337.74658203125,7440.8932565064915,7301.28963015895,7413.377956894358,262509
2024-10-31,7340.2666015625,7390.061500265671,7230.203468328008,7370.449684447071,520624
2024-11-01,7341.20458984375,7409.969200508442,7295.361676873911,7384.281307280013,39200
2024-11-04,7272.4892578125,7362.544981927389,7173.8377769424005,7354.641015226447,331535
2024-11-05,7047.22607421875,7349.206899819874,6851.751004940623,7312.107849783406,2177411
2024-11-06,7078.05126953125,7111.544713804053,6952.625489488344,7064.170121212047,658234
2024-11-07,6915.724609375,7153.633839734662,6891.370605838108,7103.690837730812,418991
2024-11-08,6960.8759765625,7033.443986694705,6865.583578082098,6945.660453613723,565723
2024-11-11,7150.91650390625,7180.902275837201,6911.377188345994,6955.491108623388,408263
2024-11-12,6880.650390625,7221.014975407325,6851.998509757982,7208.4672346114085,547081
2024-11-13,6720.34814453125,6914.983337779215,6700.58822643501,6856.691579395307,509564
2024-11-14,6599.9609375,6752.112311231658,6550.264935021836,6726.276314059253,599381
2024-11-18,6546.36181640625,6664.477013521434,6525.712798961639,6619.918302770516,327357
2024-11-19,6621.1533203125,6706.911170174373,6546.756940709827,6592.15554459978,415057
2024-11-21,6679.642578125,6748.012088297962,6536.086964880698,6621.15350950559,337186
2024-11-22,6821.765625,6855.703379805969,6679.939010045889,6693.62284940496,254886
2024-11-25,7172.7021484375,7212.320880607244,6966.359107739734,7004.890947932877,745341
2024-11-26,7241.71337890625,7301.289335727808,7163.414707748411,7212.369709176319,456499
2024-11-27,7406.21484375,7449.587766018107,7228.671792701224,7241.713531170932,475285
2024-11-28,7306.08154296875,7429.729132783696,7252.5816617213095,7429.729132783696,358113
2024-11-29,7332.16455078125,7382.25613572826,7286.469740543941,7345.7494943653155,191937
2024-12-02,7400.830078125,7418.8117959632,7251.9389072478425,7289.433543557888,353136
2024-12-03,7447.06787109375,7543.348258931746,7390.258110139123,7442.572682977452,339612
2024-12-04,7572.1982421875,7629.798209219228,7484.06881642417,7484.06881642417,395551
2024-12-05,7398.50830078125,7589.78440091227,7330.929478621329,7558.168532540858,424954
2024-12-06,7461.73974609375,7483.080552894927,7400.088901661342,7449.4886940622855,228818
2024-12-09,7478.8818359375,7548.288546723802,7442.128196119013,7485.007603380535,209644
2024-12-10,7600.89990234375,7617.448834636898,7479.327192704438,7544.337133759708,265407
2024-12-11,7635.97314453125,7693.52390444313,7558.168469113901,7610.532250664624,173332
2024-12-12,7565.13330078125,7661.907685600191,7542.607188754772,7651.039731436219,118184
2024-12-13,7610.77978515625,7625.94561943949,7470.5832566425115,7523.589142759854,132883
2024-12-16,7795.6337890625,7848.39267528318,7596.996917723463,7610.779653926063,340801
2024-12-17,7723.60888671875,7864.447511945244,7687.596242518334,7795.633692699699,213086
2024-12-18,7565.232421875,7720.940666285206,7529.022469999221,7718.272884488579,201768
2024-12-19,7263.64697265625,7528.528770365281,7247.048834476937,7528.528770365281,233391
2024-12-20,6838.16650390625,7318.530295096948,6803.33964903716,7271.451905345108,557249
2024-12-23,6875.6611328125,6971.2989411919725,6810.255612476795,6882.3793118400345,167980
2024-12-24,6795.6337890625,6931.73022822711,6759.720040573923,6923.77657154995,159850
2024-12-26,6861.927734375,6871.95627870039,6760.90515355476,6797.411795044058,119925
2024-12-27,6764.708984375,6922.838016526754,6740.157189946066,6885.145587266906,155724
2024-12-30,6621.4990234375,6802.697367035613,6588.055267211008,6730.227774477375,901044
2024-12-31,6829.27490234375,6864.990858913368,6621.499550161734,6621.499550161734,362642
2025-01-01,6845.2802734375,6864.299194198859,6764.066818828841,6829.027548182575,74460
2025-01-02,6808.97119140625,6854.616310217592,6713.431799757436,6827.545320415565,323524
2025-01-03,6718.5205078125,6848.688973157538,6685.768538822566,6817.171999094977,149381
2025-01-06,6540.8291015625,6744.998841412078,6494.887291947276,6718.421365612747,208851
2025-01-07,6625.6982421875,6660.969406070871,6548.0908754390175,6548.0908754390175,207775
2025-01-08,6577.0888671875,6637.307411733504,6488.614025146195,6619.523485098477,162710
2025-01-09,6404.63427734375,6611.668627238598,6379.9835864305505,6558.316848118621,193962
2025-01-10,6338.6357421875,6467.371896248446,6286.617855005586,6402.213374263114,259956
2025-01-13,6035.9140625,6307.267044915337,6007.015181896305,6275.750071612719,389091
2025-01-14,6072.8154296875,6180.3091859358,5988.292094689179,6061.305374440136,254776
2025-01-15,6119.39990234375,6155.1655486259115,6033.395048046478,6116.139708683619,252993
2025-01-16,6232.52490234375,6276.786924035183,6145.532059580489,6163.217089043009,170841
2025-01-17,6449.14306640625,6475.028751268464,6176.604308127079,6224.37400511059,385172
2025-01-20,6446.92041015625,6500.667291996858,6377.562903247379,6468.952526317676,131130
2025-01-21,6205.7998046875,6463.666724807669,6188.213188882564,6446.920001969854,337700
2025-01-22,6204.2685546875,6263.894205636806,6040.607125120415,6247.740375672992,303115
2025-01-23,6254.2607421875,6411.055876869456,6185.051825722126,6204.268055591814,243034
2025-01-24,6104.72802734375,6303.315211614312,6078.447238812025,6283.654188859563,145838
2025-01-27,6010.27490234375,6103.640509252328,5936.867004377218,6026.774625844738,241956
2025-01-28,5926.93798828125,6110.507427060399,5838.462669104083,6026.774777487923,270318
2025-01-29,6037.4951171875,6065.504898713158,5942.79560937213,5942.79560937213,119869
2025-01-30,5650.6943359375,6060.317524499669,5609.840609792569,6051.474768400754,854672
2025-01-31,5804.13037109375,5876.451868348211,5641.555828811114,5671.096811537057,511763
2025-02-01,5433.48291015625,5872.054149942557,5340.117306917817,5848.935144672243,510445
2025-02-03,5134.9609375,5432.989824573501,5044.213411412987,5414.316797274169,1444875
2025-02-04,5561.97216796875,5582.176877244604,5201.798452865989,5208.072323362443,1337087
2025-02-05,5675.9873046875,5735.859470987944,5572.346147636204,5607.864793622252,699315
2025-02-06,5613.19970703125,5803.833705414809,5574.519764738227,5725.386928874684,384010
2025-02-07,5617.49755859375,5689.720153698521,5533.814114829887,5644.222654103132,284417
2025-02-10,5513.51123046875,5655.584850768677,5491.775320233052,5606.827638062234,376402
2025-02-11,5371.58544921875,5528.824895647998,5343.723772680886,5528.824895647998,350160
2025-02-12,5384.13330078125,5443.8578507506445,5163.563198207733,5357.902200475634,348968
2025-02-13,5377.41455078125,5502.1490300492915,5339.03081453836,5384.676416949342,297830
2025-02-14,5200.56298828125,5429.975810245413,5160.302158687811,5389.517188520393,296054
2025-02-17,5178.97509765625,5212.616644163883,5080.274413527344,5199.821905560952,252290
2025-02-18,5080.32421875,5448.797489449637,5031.863211925114,5374.697795576795,3924895
2025-02-19,5062.3427734375,5131.601380934567,4959.492306105267,5028.849809674056,938108
2025-02-20,5280.4921875,5291.706037442707,5011.115201999517,5038.779087184057,757479
2025-02-21,5227.88134765625,5301.53673059206,5122.807888435702,5263.054097769016,597090
2025-02-24,5325.2490234375,5344.070153528277,5132.540121775226,5185.20059595319,557026
2025-02-25,5238.15625,5327.174773341154,5178.5310858711655,5324.309681835271,415818
2025-02-27,5082.9423828125,5253.865662856644,5043.916547195484,5238.156143090123,541660
2025-02-28,4876.1552734375,5057.551432230026,4858.964239833418,5048.659468391372,784607
2025-03-03,5027.21923828125,5083.238797589983,4831.299848438292,4895.321788431248,558162
2025-03-04,5129.08203125,5149.434844117097,4939.9797046403455,4939.9797046403455,506485
2025-03-05,5248.52978515625,5291.705393677519,5038.7784741888245,5038.7784741888245,445752
2025-03-06,5305.5380859375,5366.793832925978,5220.175335005276,5277.874200200768,532908
2025-03-07,5262.60986328125,5305.587688974586,5216.618842777382,5305.538482142906,482112
2025-03-10,5098.3544921875,5345.798231247162,5077.952475567873,5264.041579464008,342786
2025-03-11,5067.7275390625,5119.795119681411,5019.019530679577,5038.779450091701,549888
2025-03-12,5078.0029296875,5116.43587529905,4974.559561722065,5092.476973735643,222937
2025-03-13,5057.1064453125,5241.022276191985,5049.647268904557,5090.155102601502,367022
2025-03-17,5125.376953125,5155.8075170033,5039.767202886739,5098.058962339849,276511
2025-03-18,5125.376953125,5125.376953125,5125.376953125,5125.376953125,0
2025-03-19,5409.87060546875,5446.623764576652,5282.567233529537,5367.386780520553,580679
2025-03-20,5395.14892578125,5439.509841274378,5276.539739049838,5433.97696824093,442929
2025-03-21,5391.98779296875,5505.755427929638,5368.176994549721,5404.288535276598,685475
2025-03-24,5465.79150390625,5530.801445832133,5405.474060422856,5405.474060422856,310148
2025-03-25,5349.158203125,5527.788161235789,5332.708166958704,5525.861376155634,265207
2025-03-26,5457.39306640625,5555.352761982202,5342.636958354771,5388.727352355168,729146
2025-03-27,5473.84326171875,5511.486002547477,5379.686961609214,5419.157591363855,403518
2025-03-28,5479.67236328125,5557.477041867393,5437.682536742696,5493.208100333396,420034
2025-04-01,5334.33837890625,5481.4016764611115,5308.502380610229,5473.00371066264,380081
2025-04-02,5249.3701171875,5366.694625788516,5148.5453324482105,5360.075342965676,682715
2025-04-03,5263.35009765625,5289.877882707272,5179.7660346992925,5186.978211434872,224578
2025-04-04,5034.72802734375,5267.055158301073,5014.770800341,5261.077976291257,457097
2025-04-07,4903.96728515625,4962.061738606487,4628.217991297585,4628.217991297585,765239
2025-04-08,5003.60595703125,5058.489414533221,4910.339247683956,4980.536158045588,304029
2025-04-09,4975.7451171875,5029.788203168407,4910.3395959992,5013.091169034194,353532
2025-04-11,5081.55908203125,5111.84154207885,4991.404456821039,5087.684849534029,416323
2025-04-15,5183.52001953125,5225.015843570192,5096.576388211561,5157.338130554298,334196
2025-04-16,5314.923828125,5391.987506644147,5189.448351561774,5216.6182382191655,566818
2025-04-17,5504.61865234375,5577.236344338234,5230.943813126444,5357.407276735886,1143784
2025-04-21,5561.42919921875,5630.588915677324,5452.7496447838475,5610.334998714456,684672
2025-04-22,5614.28662109375,5635.528532638583,5524.3789954853855,5581.188758919242,325345
2025-04-23,5644.42041015625,5722.472083953265,5541.668839588028,5646.396401897947,376059
2025-04-24,5620.21484375,5664.1806626032785,5554.019116487761,5651.336715522545,374809
2025-04-25,5432.98876953125,5639.973884500662,5320.357251123073,5629.599928857803,638225
2025-04-28,5469.54541015625,5491.775318344205,5393.469724357473,5432.989561136058,205197
2025-04-29,5516.47509765625,5557.47692743197,5493.257194048312,5514.993103808934,224766
2025-04-30,5456.20751953125,5536.729187768787,5403.349737313972,5522.8972447586575,316444
2025-05-02,5408.494140625,5497.95645870187,5387.6195997403975,5472.111789035219,203903
2025-05-05,5454.7158203125,5471.6142565667715,5383.145972647352,5466.147115425683,241475
2025-05-06,5302.1328125,5467.141070256843,5278.276196920698,5467.141070256843,400370
2025-05-07,5365.25390625,5412.47012867647,5238.515625,5239.012637867647,270305
2025-05-08,5255.9111328125,5407.003046228576,5178.874137485224,5369.727080747636,345691
2025-05-09,5407.9970703125,5435.332778323454,5158.993620976357,5158.993620976357,321841
2025-05-12,5553.62158203125,5680.856871542615,5439.8056394605355,5482.0517316811065,669665
2025-05-13,5602.826171875,5664.95278160483,5494.974377384015,5556.603974236006,638165
2025-05-14,5601.3349609375,5710.677790698481,5558.094841895658,5586.4245750610025,400038
2025-05-15,5700.73779296875,5713.16311509815,5574.496520134046,5606.30534478531,356216
2025-05-16,5785.22998046875,5830.955165881389,5666.94091385779,5710.67804773075,418266
2025-05-19,5803.1220703125,5877.6739982456,5789.205710431655,5834.433880044402,181786
2025-05-20,5704.216796875,5862.7639048477395,5675.887062848524,5862.266891970082,444180
2025-05-21,5851.33251953125,5864.254854153505,5687.815285272711,5715.648005997568,266662
2025-05-22,5888.6083984375,5923.3992988334,5791.690890191778,5858.290613806787,286074
2025-05-23,5925.38720703125,5953.716939525863,5839.900996696627,5914.4529243140305,208138
2025-05-26,5960.67529296875,6011.867618089719,5929.363482457866,5929.363482457866,219984
2025-05-27,5978.56787109375,6013.855785205285,5922.40541624018,5964.15449772425,244514
2025-05-28,5979.064453125,6025.783659990649,5945.267580073255,5978.567440286004,160963
2025-05-29,6007.39453125,6033.736213235294,5950.735064338235,5979.064797794118,160875
2025-05-30,5935.32763671875,6081.4494190998685,5909.979980591414,6043.676441341484,296253
2025-06-02,5938.80712890625,5954.711541670917,5855.805974790647,5924.393754838271,159034
2025-06-03,5959.18408203125,6043.676266680567,5930.357336680307,5938.806555145238,197089
2025-06-04,6005.40673828125,6013.855957394945,5934.3338951484,5973.100900493591,171316
2025-06-05,5995.46630859375,6043.676557448396,5974.094754977773,6004.909553214763,135626
2025-06-06,6015.3466796875,6138.60586968688,5990.496036542464,6033.239142751926,336263
2025-06-09,6177.86962890625,6203.217283859928,6034.729930344303,6057.095508244607,270782
2025-06-10,6131.15087890625,6222.601248695383,6123.19867283763,6222.601248695383,207893
2025-06-11,6040.6943359375,6157.989371586772,5997.9512297263245,6153.019242957565,294907
2025-06-12,5985.02880859375,6062.562814086245,5939.3036258674065,6042.6822998574,369396
2025-06-13,5963.16064453125,5981.550121431371,5849.841705795367,5854.811834687292,220342
2025-06-16,5978.07080078125,6008.885598723421,5905.506921756137,5965.148466160339,133245
2025-06-17,5998.4482421875,6047.652515613348,5978.070714809118,6003.915383679261,101944
2025-06-18,6007.8916015625,6053.119772950834,5964.154468791363,5965.148494536162,165662
2025-06-19,5833.93701171875,6032.245144933589,5815.050522841147,6007.891514538785,130952
2025-06-20,5932.8427734375,5955.208353131283,5818.529810558165,5861.769931299478,241725
2025-06-23,5888.111328125,5923.3992410393985,5844.871209483414,5864.751723801384,88496
2025-06-24,5967.63330078125,6030.753932845814,5905.009681567589,5939.303568279832,228616
2025-06-25,5930.8544921875,6028.766026165623,5905.506836183012,6014.849666006296,138938
2025-06-26,5976.57958984375,5989.004911236357,5917.435060014943,5949.243882780016,110098
2025-06-27,6033.2392578125,6138.108973884536,5993.975240894534,6023.796013237294,241168
2025-06-30,6044.17333984375,6096.856702562559,6023.7958127544,6053.616584104669,157658
2025-07-01,5913.9560546875,6107.791071187048,5886.123334369617,6077.970299417887,365605
2025-07-02,5870.7158203125,5953.716966773065,5807.098175121169,5943.279696858862,284183
2025-07-03,5836.421875,5903.021596642681,5827.475643734566,5894.572378225326,193225
2025-07-04,5826.978515625,5866.242529846629,5806.103976418564,5856.7992859199085,153889
2025-07-07,5809.08642578125,5826.978889105012,5767.337344692473,5826.978889105012,89857
2025-07-08,5805.10986328125,5849.841018049684,5787.217401373877,5813.062068573417,242940
2025-07-09,5862.76416015625,5904.513243697546,5786.224173663874,5805.607676736619,204872
2025-07-10,5858.29052734375,5893.578440081631,5791.690804711692,5862.7636430429175,189571
2025-07-11,5722.109375,5861.769996417094,5683.839382654391,5844.871558238513,280804
2025-07-14,5613.76025390625,5747.95372611118,5543.681440643675,5722.10905739023,456678
2025-07-15,5574.49609375,5690.7970999855115,5557.100644099389,5645.568930893924,454138
2025-07-16,5517.8369140625,5584.43663902056,5469.6266653988305,5574.496381564132,590118
2025-07-17,5603.8203125,5630.1619955654105,5435.33294345898,5534.735521064302,1071876
2025-07-18,5612.7666015625,5693.2826902416045,5596.862188983911,5650.042568543567,425486
2025-07-21,5801.13427734375,5810.57752196931,5601.83211445694,5632.1498998337365,428913
2025-07-22,5720.6181640625,5836.919176259774,5696.76154617588,5815.547622736343,346363
2025-07-23,5676.88134765625,5753.421334308243,5641.096418831942,5737.019908597102,186980
2025-07-24,5664.95263671875,5700.240550142775,5621.215504587564,5676.8809454818,116292
2025-07-25,5609.287109375,5675.886832275607,5576.981273639631,5664.952549411329,340538
2025-07-28,5512.3701171875,5610.2816592563795,5491.992588127479,5606.305556025156,265335
2025-07-29,5545.669921875,5558.59225723696,5445.273316370541,5511.873044774489,209954
2025-07-30,5520.81884765625,5576.484287963911,5437.320687194758,5576.484287963911,331867
2025-07-31,5477.08154296875,5541.1961998692,5456.704016356978,5477.08154296875,255793
2025-08-01,5355.3134765625,5505.908370613399,5328.474782573231,5505.908370613399,382061
2025-08-04,5062.076171875,5331.954165132548,4984.542162762335,5278.276774208395,1957165
2025-08-05,5053.626953125,5068.537339493386,4989.51229174094,5039.710592514506,614211
2025-08-06,5066.54931640625,5093.388012019938,4994.48244855468,5093.388012019938,385429
2025-08-07,5087.9208984375,5109.292452470207,4987.027282887748,5062.07622844446,355953
2025-08-08,5001.5439453125,5122.549040763609,4985.111154572226,5122.549040763609,348746
2025-08-11,5026.4423828125,5101.634853567868,4982.123641771256,5036.401650462218,429040
2025-08-12,5050.84228515625,5068.768965848908,4996.564279725704,5058.809698797431,273262
2025-08-13,5066.279296875,5081.218197887999,5017.976850266304,5076.736527584099,231709
2025-08-14,5009.51171875,5084.704190870403,5003.038194660165,5079.226593563619,237754
2025-08-18,5016.98095703125,5069.267110925869,4983.119447842354,5069.267110925869,307068
2025-08-19,5047.35693359375,5061.299908548429,4987.103363253888,5017.479130119438,204663
2025-08-20,5100.638671875,5119.561279463719,5049.348446042419,5063.2914200551595,312054
2025-08-21,5120.55712890625,5173.839207365159,5091.177291251337,5129.022505857665,377717
2025-08-22,5042.376953125,5148.941111526023,5030.425832556662,5148.941111526023,219900
2025-08-25,5079.72412109375,5092.671168162512,5024.450189377114,5079.226157744952,246352
2025-08-26,5001.5439453125,5088.687532571529,4990.58875148565,5079.724192167743,482397
2025-08-28,4980.1318359375,5018.972980143391,4932.825314148273,5001.544261589466,335387
2025-08-29,4978.6376953125,5039.887188863554,4919.380055210261,4982.621402210129,251338
2025-09-01,5106.5146484375,5119.561385936368,4997.162087351714,5021.4626024494055,242505
2025-09-02,5127.23046875,5153.423148676997,5076.238822844072,5106.514899847803,306762
2025-09-03,5167.26611328125,5188.678537829589,5127.230150784879,5129.022624369662,213167
2025-09-04,5141.7705078125,5200.530186947356,5124.04320591249,5198.737713287307,350954
2025-09-05,5096.55517578125,5164.079297531263,5049.348347659234,5141.770150511685,259197
2025-09-08,5087.4921875,5166.170397115594,5076.836063542657,5119.063258533572,101582
2025-09-09,5110.99609375,5129.022464134843,5070.262789303007,5090.1813231443075,150868
2025-09-10,5140.8740234375,5173.839295030039,5100.140717968975,5108.904678562003,184147
2025-09-11,5196.84521484375,5215.668132230913,5136.093686093304,5160.593580192115,178386
2025-09-12,5227.22119140625,5243.554292704351,5179.81498126407,5202.721296312921,196396
2025-09-15,5317.0537109375,5361.372452750777,5219.851646016886,5227.221406947586,435154
2025-09-16,5327.2119140625,5354.998171711931,5294.943986266634,5348.126374745863,154462
2025-09-17,5363.86181640625,5393.7396173509005,5309.9825710699315,5353.70365586047,196332
2025-09-18,5413.85791015625,5449.013930545211,5374.02083944134,5388.063504126819,293576
2025-09-19,5414.75390625,5442.440960941322,5395.930988432542,5436.5646042382405,272034
2025-09-22,5340.95556640625,5433.0787870904815,5319.24455864301,5407.882035841892,155891
2025-09-23,5277.1171875,5353.504476331493,5263.4727967077715,5338.366681728482,167342
2025-09-24,5215.966796875,5328.008552461198,5202.322892636797,5276.419743072667,137979
2025-09-25,5179.5166015625,5243.554499027981,5162.884429812167,5215.668549175602,308529
2025-09-26,5152.3271484375,5188.778163311554,5100.14068604961,5179.71513298473,348241
2025-09-29,5186.5869140625,5224.631508815184,5146.052988832798,5152.327132574638,228230
2025-09-30,5162.18701171875,5211.2864930582355,5154.020704012925,5179.815109993991,215173
2025-10-01,5177.8232421875,5186.786583056838,5122.051343444953,5163.880267501863,94280
2025-10-03,5162.38623046875,5187.284398841803,5127.528794746476,5168.859754245744,291382
2025-10-06,5196.74560546875,5223.137663449763,5154.916683385636,5169.357620771473,156474
2025-10-07,5198.23974609375,5321.236701480775,5188.280478451076,5211.68475741136,382453
2025-10-08,5107.6103515625,5215.170440861271,5080.222365861424,5215.170440861271,399870
2025-10-09,5125.537109375,5140.973974272564,5054.32834549269,5099.145050034004,212517
2025-10-10,5164.8759765625,5188.7782178732405,5126.532797793187,5130.01854131767,180079
2025-10-13,5126.53271484375,5154.418662588408,5080.222123053515,5138.981798658329,284296
2025-10-14,5098.64697265625,5148.443309922157,5060.80175633416,5148.443309922157,299352
2025-10-15,5152.4267578125,5206.704762702958,5076.736328974432,5098.646716269662,218559
2025-10-16,5190.77001953125,5238.57450167582,5056.817876855319,5168.859631881655,542569
2025-10-17,5180.81103515625,5205.709204298678,5154.916939248126,5187.284559133282,145812
2025-10-20,5210.19091796875,5252.019842475046,5182.304968297885,5206.7051742598915,141485
2025-10-21,5218.65625,5240.566638835878,5198.7377146946565,5226.623664122138,26961
2025-10-23,5160.39453125,5257.995354189786,5143.9617396325875,5222.639954043231,333500
2025-10-24,5159.896484375,5188.778360083719,5130.516645291992,5176.827239100801,245669
2025-10-27,5216.6640625,5218.655915903017,5150.932900200459,5176.826994439672,72330
2025-10-28,5154.4189453125,5253.513657911977,5120.557435479513,5238.5747565150705,236636
2025-10-29,5267.45654296875,5278.411737140173,5154.418857654522,5154.418857654522,193168
2025-10-30,5257.4970703125,5284.387091319971,5215.668148745323,5275.9217143361375,121312
2025-10-31,5198.73779296875,5273.930264878547,5183.300927874686,5262.477106905531,146857
2025-11-03,5234.5908203125,5257.497134784948,5183.798557786637,5193.7578249485705,79178
2025-11-04,5222.6396484375,5249.031706157483,5204.2150043688325,5241.562255859375,101847
2025-11-06,5206.705078125,5258.991232792476,5150.933179813026,5236.582880792129,302941
2025-11-07,4996.06640625,5130.018550502094,4942.28636320455,5078.230360902771,1147124
2025-11-10,4971.66650390625,4988.597259228046,4901.4536656599785,4943.780553964469,207748
2025-11-11,4958.22119140625,5006.025674119417,4920.873939286589,5001.046040503462,202095
2025-11-12,4903.943359375,4979.633793029041,4890.996311513124,4973.658232477406,322415
2025-11-13,4892.98828125,4938.800913234022,4876.057525951557,4912.906816895227,308690
2025-11-14,4932.3271484375,4942.784379140901,4879.045068186838,4892.988042458039,120184
2025-11-17,5020.96484375,5039.389489115342,4905.935301063671,4934.817177582317,201519
2025-11-18,5059.8056640625,5074.2466013971925,4978.13967361803,5020.96452226574,185933
2025-11-19,5062.29541015625,5078.2302373375405,5016.482782010039,5060.801520108003,241340
2025-11-20,5126.03515625,5150.9333258451525,5062.29584208641,5062.29584208641,315841
2025-11-21,5071.2587890625,5111.095857319079,5047.85451146176,5109.10400390625,195539
2025-11-24,5036.4013671875,5079.226215672583,5004.03374914645,5071.25880200094,453211
2025-11-25,5049.8466796875,5071.259105210285,5014.491279405693,5021.960730169455,179842
2025-11-26,5176.3291015625,5185.292441998106,5037.397324810606,5049.846408748948,157689
2025-11-27,5219.154296875,5243.0565396237835,5167.3661042526355,5213.676699578404,123457
2025-11-28,5153.9208984375,5239.07263502038,5148.941264719203,5238.57467164855,82669
2025-12-01,5168.36181640625,5198.239618601488,5127.528820072758,5196.745728491726,68252
2025-12-02,5161.88818359375,5200.231362267947,5139.977795779923,5149.937062968026,149427
2025-12-03,5086.19775390625,5161.888184549852,5067.7731096048465,5161.888184549852,81229
2025-12-04,5151.43115234375,5160.892456538485,5074.246828649861,5079.226462436563,90233
2025-12-05,5152.4267578125,5172.843255064874,5119.561176869654,5151.430831117263,99564
2025-12-08,5036.8994140625,5172.843412089101,5028.434036896008,5150.435060766034,130551
2025-12-09,5096.1572265625,5107.112420913132,4960.711187318314,5030.426060458703,113585
2025-12-10,5131.0146484375,5170.851718689344,5077.234603597511,5088.687761294916,118196
2025-12-11,5221.14599609375,5236.084897370127,5126.034991300817,5133.006478563126,197330
2025-12-12,5256.50146484375,5277.415926905463,5208.696980131264,5248.534050725003,200377
2025-12-15,5263.47265625,5276.419703464995,5179.316849352531,5266.4604363765375,191017
2025-12-16,5220.64794921875,5258.493165180274,5205.709048181306,5258.493165180274,71299
2025-12-17,5149.93701171875,5241.064305583044,5131.014404249661,5216.664101215009,85858
2025-12-18,5076.736328125,5163.879913943722,5054.825940833435,5163.879913943722,362593
2025-12-19,5155.91259765625,5170.353535007229,5079.226240688985,5085.201800972149,351488
2025-12-22,5159.896484375,5211.6846753009795,5148.941290140659,5159.398521000711,67499
2025-12-23,5182.802734375,5193.757928471488,5130.018617364648,5163.880126390157,64953
2025-12-24,5193.7578125,5244.550074904123,5180.810765220518,5191.267995715484,103441
2025-12-26,5161.88818359375,5223.137676800583,5143.46353929576,5193.7578385956795,54254
2025-12-29,5143.96142578125,5197.243504441327,5134.002158741983,5197.243504441327,53679
2025-12-30,5117.5693359375,5147.945100216199,5079.226158077503,5134.002126448927,107504
2025-12-31,5148.94140625,5186.288660163806,5120.557493275507,5129.022870829303,106827
2026-01-01,5155.41455078125,5174.3371580380535,5125.038786500591,5161.888074316473,37884
2026-01-02,5184.296875,5198.737813370473,5135.496462575641,5135.496462575641,63490
2026-01-05,5147.447265625,5228.117330153515,5110.100013528466,5208.696759063317,101498
2026-01-06,5203.21923828125,5233.0970403959855,5139.479927103147,5147.447341000409,122892
2026-01-07,5277.416015625,5285.8813932684825,5160.394618788628,5193.758165971763,123203
2026-01-08,5000.54833984375,5346.134930946276,4963.201085762064,5290.363031517626,681840
2026-01-09,5072.2548828125,5117.0715860770915,4963.200904868661,5029.430033026335,329338
2026-01-12,5027.43798828125,5054.825972567647,4930.833098252866,5054.328009216986,172796
2026-01-13,4945.77197265625,5060.801506051698,4902.947124725477,5029.429815125667,113004
2026-01-14,4914.8984375,4971.666261398176,4904.939170149442,4940.294569243921,107017
2026-01-15,4914.8984375,4914.8984375,4914.8984375,4914.8984375,0
2026-01-16,4852.65283203125,4939.79641803489,4832.236334738969,4914.898250605279,186282
2026-01-19,4845.681640625,4921.870037605333,4819.289581540309,4857.632761719954,238177
2026-01-20,4672.39013671875,4835.224152993612,4653.9654926754165,4835.224152993612,413609
2026-01-21,4688.3251953125,4732.145972496515,4618.610322519749,4673.386293999768,349292
2026-01-22,4736.12939453125,4787.4196192854,4699.7780701909305,4705.753630356462,145026
2026-01-23,4675.3779296875,4755.550029664036,4649.483835285141,4740.61112904729,114255
2026-01-27,4688.3251953125,4757.54210472816,4630.561443569935,4675.378147508132,178884
2026-01-28,5022.95654296875,5054.328235464738,4730.652043045814,4739.615383758954,419235
2026-01-29,5451.703125,5524.9037424072885,4963.201045567684,5029.43017560285,2492153
2026-01-30,5555.77734375,5582.667365849355,5378.004419870933,5417.841489647755,634906
2026-02-02,5445.7275390625,5514.44648569661,5346.632826162588,5467.63792784439,156864
2026-02-03,5645.41064453125,5745.501280462341,5585.157077627458,5618.520622937822,646658
2026-02-04,5731.55859375,5843.102392620547,5559.761224953844,5637.9414768407905,509746
2026-02-05,5746.4970703125,5816.70990280072,5639.932913202719,5726.578536273289,205411
2026-02-06,5792.31005859375,5821.19193474561,5703.174613228526,5745.50150069246,304093
2026-02-09,5791.81201171875,5826.171484576509,5724.586956127483,5821.191850829007,137449
2026-02-10,5846.08984375,5860.03281782368,5782.350533698893,5826.171309359029,155125
2026-02-11,5801.77099609375,5837.1263939757055,5757.452257903694,5827.167126966704,91365
2026-02-12,5764.921875,5840.612306458927,5736.537963202903,5795.297640256544,169801
2026-02-13,5756.95458984375,5831.151132866561,5703.174545236611,5764.922003859622,152957
2026-02-16,5864.0166015625,5889.910696610161,5719.109261968862,5757.452441174051,188248
2026-02-17,5812.228515625,5915.804897671779,5782.350713111507,5898.376179538907,116120
2026-02-18,5857.54296875,5884.930953386678,5747.991030203286,5812.228303260223,178419
2026-02-19,5696.203125,5883.935319958038,5671.802919289274,5861.029004392867,136031
2026-02-20,5962.61328125,6220.558302102472,5696.202883265304,5701.6804802332135,4034978
2026-02-23,5893.396484375,6065.19384703739,5751.476923914765,6065.19384703739,831004
2026-02-24,6031.33251953125,6050.25512816254,5857.5432981544,5857.5432981544,782563
2026-02-25,6142.3779296875,6154.827013452574,6021.870798841584,6076.148804057306,363747
2026-02-26,6108.0185546875,6180.223241662038,6085.61020355747,6144.867843212436,283878
2026-02-27,6048.26318359375,6103.039155123086,6014.40167392107,6103.039155123086,602254
2026-03-02,5958.6298828125,6048.263292381801,5811.23272040965,5816.212354274611,275442
2026-03-04,5806.7509765625,5887.421044155599,5769.901686427381,5875.967886410899,275613
2026-03-05,5904.849609375,5976.058370898075,5809.738606221802,5820.19583693498,268401
2026-03-06,6037.30810546875,6093.080004826429,5845.094238039606,5875.967968041178,377080
2026-03-09,5958.1318359375,5975.560554220644,5829.159320642238,5957.633872557982,249926
2026-03-10,6199.14599609375,6224.542127975892,6007.430098552093,6007.928061922331,474110
2026-03-11,6254.419921875,6299.236625136843,6155.823174698945,6204.623584917396,599883
2026-03-12,6382.89453125,6403.311029594613,6120.965796389843,6216.574764247543,596298
2026-03-13,6366.4619140625,6527.304088348162,6313.677794947082,6413.2704725233425,1070957
2026-03-16,6192.67236328125,6390.861781147601,6137.39843015772,6373.93102685751,371084
2026-03-17,6284.7958984375,6311.685921297465,6151.341710910263,6212.093244038334,297126
2026-03-18,6311.685546875,6389.367830528847,6254.917724204882,6294.754792745316,280678
2026-03-19,6188.68896484375,6296.24905628294,6153.333564416979,6235.497523155249,212355
2026-03-20,6271.3505859375,6354.012504094211,6224.542029872856,6224.542029872856,274862
2026-03-23,6016.8916015625,6238.485308646445,5950.6624711306695,6238.485308646445,274731
2026-03-24,6136.900390625,6219.064344248266,6020.376965486551,6174.745605627231,280421
2026-03-25,6187.19482421875,6264.379145969568,6160.304802447497,6174.745740065393,231844
2026-03-27,6080.1328125,6164.786586302212,5962.613455927519,6164.786586302212,425645
2026-03-30,5917.298828125,6075.153219147101,5886.923062029265,5970.580909637192,342351
2026-04-01,6038.3037109375,6163.29251445435,5987.51144815376,6154.827137323726,339497
2026-04-02,6116.98193359375,6132.916761164167,5892.400457523188,5996.972763454049,275527
2026-04-06,6168.2724609375,6222.052506612906,6063.202186516105,6124.949646365645,259645
2026-04-07,6243.46484375,6254.420038084224,6056.728576689365,6149.847728530268,253657
2026-04-08,6538.25927734375,6557.679849454672,6344.053556234529,6372.935432707183,626418
2026-04-09,6587.0595703125,6614.945519506445,6457.091128533579,6548.218426792362,591302
2026-04-10,6831.5595703125,6877.37220100488,6585.565662029508,6614.945501277881,798909
2026-04-13,6800.685546875,6850.481882430941,6660.757843962802,6697.6071322742,320237
2026-04-15,6845.00439453125,6964.51560176881,6816.12251944884,6861.935148889904,499662
2026-04-16,6855.4619140625,6878.866193132809,6705.076971951156,6845.502646373007,548523
2026-04-17,7000.8671875,7054.149269373711,6805.66554175706,6851.9761362828085,558816
2026-04-20,7128.84375,7289.685921783319,6965.013797935876,7025.765330312238,559841
2026-04-21,7225.4482421875,7270.264943896451,7154.737446157822,7170.672273432116,260767
2026-04-22,7556.09619140625,7790.636939142663,7131.831399322546,7223.456659584755,1729200
2026-04-23,7544.64306640625,7618.839609003738,7502.8141430627,7556.096223988412,376857
2026-04-24,7298.64892578125,7563.067468429121,7274.248721280787,7544.642824214486,343502
2026-04-27,7400.2333984375,7444.55213691142,7252.83624576019,7300.640727709588,267337
2026-04-28,7258.31396484375,7459.491163100945,7221.962639416089,7418.658167415079,296110
2026-04-29,7234.90966796875,7342.967717246003,7182.6235150926595,7310.1021354381755,361430
2026-04-30,7230.0,7305.0,7102.0,7250.0,327820
2026-05-01,7230.0,7230.0,7230.0,7230.0,0
2026-05-04,7236.5,7363.0,7185.0,7269.0,364239
2026-05-05,7328.0,7349.0,7215.0,7248.0,324323
2026-05-06,7182.5,7389.0,7135.0,7389.0,282411
2026-05-07,7188.0,7279.5,7000.0,7183.0,367185
2026-05-08,7012.5,7210.0,6991.5,7210.0,443952
2026-05-11,6387.5,6687.0,6323.5,6662.0,2419336
2026-05-12,6328.5,6403.0,6171.5,6360.0,976463
2026-05-13,6305.0,6395.0,6212.5,6344.0,367052
2026-05-14,6429.0,6439.0,6220.0,6350.0,327209
2026-05-15,6381.0,6433.5,6307.0,6425.0,249403
2026-05-18,6413.5,6445.0,6225.0,6310.0,370285
2026-05-19,6329.0,6463.5,6310.0,6430.5,344676
2026-05-20,6605.0,6624.0,6259.5,6260.0,546490
2026-05-21,6598.0,6718.0,6566.0,6673.0,498808
2026-05-22,6689.5,6741.0,6594.0,6600.5,371775
2026-05-25,6755.0,6826.0,6712.5,6734.0,263153
2026-05-26,6804.0,6822.0,6722.0,6755.0,200573
2026-05-27,7219.0,7244.0,6808.0,6841.5,636096
2026-05-28,7219.0,7219.0,7219.0,7219.0,0
2026-05-29,7253.0,7340.0,7121.0,7280.0,1105117
2026-06-01,7027.5,7254.0,7004.0,7253.0,452205
2026-06-02,7146.0,7169.0,6957.0,6970.0,511846
2026-06-03,7196.0,7247.0,7083.0,7146.0,309040
2026-06-04,7156.0,7327.0,7122.5,7192.0,298566
2026-06-05,7167.5,7217.0,7108.5,7175.0,249982
2026-06-08,6958.0,7129.5,6893.0,7105.5,240753
2026-06-09,6931.0,7063.5,6908.0,7000.0,254364
2026-06-10,6801.0,6951.5,6769.0,6905.5,463997
2026-06-11,6719.0,6815.5,6653.0,6782.0,262862
2026-06-12,6770.5,6854.5,6722.0,6783.0,188800
2026-06-15,6922.5,6977.5,6821.0,6880.0,227935
2026-06-16,7021.0,7079.5,6939.0,6955.0,366666
2026-06-17,7164.0,7187.5,6980.0,7021.0,298071
2026-06-18,7229.0,7254.0,7089.5,7175.0,239735
2026-06-19,7248.0,7304.0,7183.0,7288.0,241827
2026-06-22,7259.0,7290.5,7200.0,7250.0,128671
