Date,Close,High,Low,Open,Volume
2015-01-01,21.183242797851562,21.325821695085885,20.836978873714823,20.979557770949146,19139868
2015-01-02,21.753557205200195,21.814661768825676,21.28508111410588,21.386923607474806,37322834
2015-01-05,23.545988082885742,23.72930491232037,22.22203544829276,22.40535227772739,99572192
2015-01-06,23.036773681640625,23.40340731107516,22.71087798547285,23.22009049635789,74056464
2015-01-07,24.299625396728516,24.54404681813327,23.01640904936979,23.13861976007217,71420438
2015-01-08,24.9514102935791,25.1550952755675,24.645882820596498,24.8495678025849,73075262
2015-01-09,23.912620544433594,25.21620492248322,23.444144398667955,25.053256292479528,43954762
2015-01-12,24.564411163330078,24.706991598478023,23.647828645638707,23.91261977234685,32287946
2015-01-13,24.36072540283203,24.84956970788413,24.177408594188343,24.5236740225138,30674496
2015-01-14,24.014461517333984,24.564410389016135,23.912619018578532,24.442199701308237,29585050
2015-01-15,24.544044494628906,24.91067814602153,24.218148778942876,24.482938368065682,27608456
2015-01-16,24.584781646728516,25.256942844013327,24.319992049308286,24.564413455233638,47524270
2015-01-19,24.64588737487793,24.951414904318565,24.564413056228418,24.76809807585551,23327814
2015-01-20,24.890308380126953,25.053257014828873,24.564412664716468,24.686623363746232,20251702
2015-01-21,25.96983528137207,26.051309585210287,25.093989234599146,25.1347271635148,51568158
2015-01-22,25.70504379272461,26.153150126052168,25.562464928663953,26.051309190289604,25004992
2015-01-23,26.193893432617188,26.43831482211868,25.623574785122646,26.010575059501125,30527812
2015-01-27,26.927160263061523,27.00863613960755,26.214262660215034,26.33647492104062,28211706
2015-01-28,27.762266159057617,27.864108659195036,26.927156414736203,26.927156414736203,50045012
2015-01-29,26.866050720214844,28.169636607492116,26.540156579385403,27.86410910222211,78452344
2015-01-30,26.76420783996582,27.456738706909487,26.58089258259081,26.78457758322369,43952700
2015-02-02,26.90679168701172,27.27342222710891,26.682736927630838,26.764209690322062,27759348
2015-02-03,26.438316345214844,27.27342306645384,26.21426157893863,27.15121391865599,25599636
2015-02-04,26.030948638916016,26.621634009572713,25.62357856039773,26.580897623318297,22464336
2015-02-05,25.440256118774414,26.43831290242398,25.195833193027255,25.94946860492285,24979136
2015-02-06,24.8088321685791,25.542097814834126,24.442198568455023,25.542097814834126,23715336
2015-02-09,23.362668991088867,24.503306239785132,23.158983990106424,24.442200117893105,27799830
2015-02-10,24.788467407226562,25.216207211313105,22.812723247561884,23.19972511345314,63270534
2015-02-11,26.193893432617188,26.397578441866198,25.0532561376281,25.093992517880583,41848540
2015-02-12,27.375263214111328,27.477105715812613,26.377207940633316,26.458680698799743,37518906
2015-02-13,27.293792724609375,27.741899147744416,26.96789544888202,27.477107999714285,31811408
2015-02-16,26.967891693115234,27.57894666901349,26.804946185931428,27.354895042642593,21129060
2015-02-18,28.19000816345215,28.393693202517515,26.927161542844274,27.00863742326265,47888084
2015-02-19,28.55663299560547,28.98437268813033,27.843735580054762,28.454790507669653,47853518
2015-02-20,27.782634735107422,28.719587045019022,27.619689209893814,28.53627177516038,28722720
2015-02-23,27.538209915161133,28.251107377281357,27.29378854974574,27.904843517277364,24295532
2015-02-24,27.19194793701172,27.47710569840001,26.906790175623424,27.47710569840001,26188530
2015-02-25,27.293792724609375,27.741899147744416,27.191950214442922,27.45674136247305,18299182
2015-02-26,26.438316345214844,27.477108087437028,26.27536770683094,27.477108087437028,30723414
2015-02-27,27.2530517578125,27.37526088466298,26.43831181353103,26.621627057799866,24294596
2015-03-02,29.717641830444336,29.819484335837203,28.841798770454957,29.208429303479992,63660414
2015-03-03,30.125009536743164,30.349064274582283,29.391745419061863,30.02316703917745,38748270
2015-03-04,29.31026840209961,30.51201169084713,28.943637911688548,30.51201169084713,35766150
2015-03-05,30.063905715942383,30.165748210768765,29.045480767678566,29.4324810048243,31083584
2015-03-09,29.595430374145508,30.165748981339032,29.412112013983464,29.738009248947296,30293510
2015-03-10,30.34906768798828,30.674964960047276,29.534327615827525,30.063909905926707,41815670
2015-03-11,30.573118209838867,31.000854823594413,30.226851240816284,30.593484844025532,39081148
2015-03-12,30.552757263183594,30.817548447728623,30.267599438588753,30.73607256356782,20021614
2015-03-13,29.49359130859375,30.756437802047355,29.371379054265095,30.71570141993338,25511980
2015-03-16,29.839853286743164,30.00280191263668,28.862164639368608,29.452853019734285,25844542
2015-03-17,29.31026840209961,30.186114468274795,29.12695315689408,30.1250083505442,61031872
2015-03-18,28.943645477294922,29.310276063539895,28.71959068971227,29.310276063539895,22097732
2015-03-19,28.862163543701172,29.636167156322692,28.597372425174548,29.167691040158108,28175518
2015-03-20,28.128904342651367,28.61774717938921,27.904849562820793,28.556641047800237,23886052
2015-03-23,27.945581436157227,28.495530315696506,27.721529800486056,28.271478680025332,15893376
2015-03-24,27.456735610961914,28.149263291831566,27.334523381167923,27.80299945139674,20527748
2015-03-25,27.456735610961914,27.741893336499743,27.415999237025954,27.701156962563783,16096746
2015-03-26,27.884475708007812,28.06779407576598,27.253054062582567,27.41600268681655,22462698
2015-03-27,28.352954864501953,28.678852147766793,27.293793355871472,28.128903201745853,22599830
2015-03-30,30.186120986938477,30.328699887108808,28.801062153883308,28.801062153883308,32640552
2015-03-31,29.8602237701416,30.83790933374785,29.676905395975474,30.634224323332113,35511474
2015-04-01,30.165752410888672,30.450910192911888,29.615800375864765,29.615800375864765,34466398
2015-04-06,30.043540954589844,30.5323837676054,29.575064779124304,30.5323837676054,20277498
2015-04-07,29.880590438842773,30.26759382384494,29.513956798098945,30.186117954798192,23224114
2015-04-08,29.839853286743164,30.267593041215324,29.738010784058037,30.186117174275303,22495416
2015-04-09,30.674964904785156,31.04159545020762,29.636170071456927,29.900961216029486,42305532
2015-04-10,30.715702056884766,30.98049320809667,30.45091090567286,30.797174822802216,20174426
2015-04-13,30.919382095336914,31.20453983806621,30.613854610418535,30.756433481783187,24182148
2015-04-15,30.532379150390625,31.347119120866545,30.186115284535624,30.960118878085016,24988374
2015-04-16,30.267597198486328,30.71570365025126,29.941699901937124,30.59349138704857,17131954
2015-04-17,29.717641830444336,30.349066607074764,29.41211431426573,30.267593845955115,13545746
2015-04-20,28.780696868896484,29.65654316539401,28.43443292134734,29.65654316539401,17510906
2015-04-21,28.658483505249023,29.147329448963948,28.230746800983788,28.638116866752746,28175182
2015-04-22,28.882537841796875,29.065853125387584,28.14927049146024,28.943643972322747,22509168
2015-04-23,28.55663299560547,29.452848754232296,28.47516024845125,29.31026678473329,27460096
2015-04-24,27.47710609436035,28.67884949578367,27.253054452322697,28.67884949578367,26346874
2015-04-27,26.723474502563477,27.619690472129253,25.990208727638233,27.51784796022315,34652698
2015-04-28,27.884475708007812,28.006687953179927,26.214259302579112,26.479050428461022,28167198
2015-04-29,28.027057647705078,28.43442765358459,27.680790656318294,28.027057647705078,19586344
2015-04-30,28.352954864501953,28.597376272957167,27.660427022547708,27.986321197825713,31928000
2015-05-04,29.04548454284668,29.31027257742189,28.51590225772286,28.55663863935084,29305502
2015-05-05,28.73995590209961,29.33064118272372,28.43442838977957,29.22879867861704,21631960
2015-05-06,27.2530517578125,28.76031941153873,26.988260654323774,28.597370801085187,24930638
2015-05-07,26.743844985961914,27.47710922712341,26.234632412383,27.049372530109263,35480898
2015-05-08,27.98631477355957,28.149263377787094,27.191944601431302,27.232680975491654,20837378
2015-05-11,30.267597198486328,30.4509124853034,28.312219635165036,28.35295602023695,49352296
2015-05-12,29.31026840209961,30.756433053783258,28.332582950355107,30.552748066672113,73266554
2015-05-13,28.373321533203125,29.636167929925683,27.7418967808486,29.45285267046095,71714356
2015-05-14,29.065847396850586,29.228796010142016,27.76226470649173,28.23074080420973,40880092
2015-05-15,28.495534896850586,29.24917200595758,28.108534577028312,29.24917200595758,31683884
2015-05-18,28.841798782348633,28.90290179922026,28.515901521762416,28.76032291320877,17401406
2015-05-19,28.719585418701172,29.1676918036368,28.577006538219813,28.84179766367748,17568614
2015-05-20,28.862163543701172,29.1269546622278,28.47516329138362,28.923269664589842,14453376
2015-05-21,28.59737205505371,28.943639032945814,28.271477927842707,28.943639032945814,17800954
2015-05-22,28.19000816345215,28.67885412200126,28.128905138122175,28.515905469151555,14055828
2015-05-25,28.08816146850586,28.35295260152602,27.823373443472278,28.19000397289926,12765854
2015-05-26,28.230743408203125,28.393688928538296,27.986318911727206,28.21037366416794,10586036
2015-05-27,28.92327117919922,28.9843773032878,27.92521588170317,28.10853114598234,17465584
2015-05-28,28.719585418701172,29.432482929094466,28.617742917216418,29.2084281826334,24870398
2015-05-29,29.10658836364746,29.208430874518147,28.57700917191196,28.8010608310354,17495748
2015-06-01,29.31026840209961,29.738008118227523,29.04548040524412,29.147322898799697,18377756
2015-06-02,28.19000816345215,29.51396091737704,27.864113965739786,29.43248814494571,21139628
2015-06-03,27.497474670410156,28.1696357839508,26.62162855931092,28.088159920135514,24815304
2015-06-04,27.212316513061523,27.782632011370243,26.78457678134362,27.538210639525595,20947802
2015-06-05,27.558584213256836,27.90484813050516,26.886423016253147,27.21232029600851,17789372
2015-06-08,27.090106964111328,27.86411064182613,26.967894712056008,27.680792263743147,12824140
2015-06-09,27.008630752563477,27.354894611855567,26.804945763805037,26.96789126842277,10419576
2015-06-10,27.456735610961914,27.578944732769795,27.069732288605017,27.069732288605017,9457600
2015-06-11,26.743844985961914,27.823376263546592,26.417947695676652,27.70116400269289,28126096
2015-06-12,26.804950714111328,26.967896248821646,26.336474531852044,26.45868368288478,14693710
2015-06-15,26.621627807617188,27.334525278942746,26.438312558185146,27.008631156842856,13711066
2015-06-16,26.458681106567383,26.601263097535785,26.071680837332842,26.601263097535785,12797818
2015-06-17,26.930429458618164,27.1355355426447,26.397152388280983,26.745832105192,17354070
2015-06-18,28.079017639160156,28.181570666519647,27.053487365565264,27.13553166525487,24900262
2015-06-19,28.612295150756836,28.858421794936856,28.222594891610974,28.366168506576813,24129440
2015-06-22,28.85842514038086,29.001998771990625,28.386680525374103,28.755872099278104,12512270
2015-06-23,29.35067367553711,29.637820861077635,28.6328025820162,28.960970346966857,22847956
2015-06-24,28.612295150756836,29.432719384470293,28.427700950039338,29.432719384470293,20466364
2015-06-25,28.673828125,29.084040249450158,28.263616000549845,28.550763235796897,34672718
2015-06-26,29.268630981445312,29.37118400039198,28.366165666582535,28.591780430463345,25886928
2015-06-29,29.104543685913086,29.22760855273982,28.09952541561653,28.509737465479542,18668590
2015-06-30,29.760892868041992,29.82242218708209,29.145574640278234,29.166083370068147,27551078
2015-07-01,30.39672088623047,30.724891871023505,29.90446753871137,29.9249762692169,32143696
2015-07-02,30.33518409729004,31.340205638451575,30.21212234284394,31.340205638451575,30152360
2015-07-03,29.822418212890625,30.335183334361712,29.69935646153952,30.314674607304827,15897408
2015-07-06,30.232633590698242,30.314677896838443,28.85842354197019,28.85842354197019,15085182
2015-07-07,29.92497444152832,30.560804512104646,29.760892088823702,30.355698441553606,13577568
2015-07-08,29.227617263793945,30.007021016762554,29.12506422076309,29.535276392886516,14626662
2015-07-09,29.20709991455078,29.51475898582626,29.02250572365346,29.43271781868743,9849898
2015-07-10,29.391700744628906,29.637827405104016,29.227615261088737,29.514762510031318,8745094
2015-07-13,29.84292984008789,30.007015303630602,29.248123555624204,29.53527076957152,14172314
2015-07-14,30.458250045776367,30.704376692939526,29.69935824632741,29.863443720992887,35006088
2015-07-15,30.540294647216797,30.950506815102425,30.294167972419515,30.581318367741737,33294542
2015-07-16,30.51978302001953,30.745397813141444,30.31467695554315,30.68386849753467,15803710
2015-07-17,30.827438354492188,31.135097413659434,30.396714419790122,30.622332315047355,19179850
2015-07-20,31.85297203063965,32.01705750605059,30.80692986335628,30.868462307844148,32062016
2015-07-21,32.52982711791992,33.124633526906365,32.058082485101075,32.20165612213189,46048004
2015-07-22,33.37076187133789,33.49382678330675,32.427275688369264,32.427275688369264,25077320
2015-07-23,33.67842102050781,34.088633220829884,33.47331492034678,33.61688856452536,28211564
2015-07-24,33.02207565307617,33.71943500506191,32.7759490070618,33.71943500506191,16996298
2015-07-27,33.186161041259766,33.719434917968506,32.50931041921589,32.919522538070346,24044752
2015-07-28,34.17067337036133,34.33475572673787,33.186163583750385,33.432290247985534,29554534
2015-07-29,34.827003479003906,35.0731300817136,34.150152974300084,34.45781201010459,28295846
2015-07-30,34.519344329833984,35.44232143421634,34.39627946404852,35.1551711239401,35043580
2015-07-31,34.642417907714844,35.011609501601896,34.31425003622572,34.7654828155674,27226720
2015-08-03,34.8475227355957,35.3807998106976,34.70394910142842,35.11416127314666,15992936
2015-08-04,36.09866714477539,36.26275262136749,34.53985981165566,34.97058379650116,37064630
2015-08-05,35.873046875,36.44734444064371,35.72947326600656,36.44734444064371,19562936
2015-08-06,35.77050018310547,36.283265398629744,35.483352914280076,35.93458567800734,11730702
2015-08-07,35.83203125,36.13969036742359,35.5448839922728,35.6884576211364,13602128
2015-08-10,35.99611282348633,36.570410406148326,35.729474324785755,35.975600966020885,16768514
2015-08-11,35.58590316772461,36.30377441318303,34.90905251035833,36.13968893114419,16120484
2015-08-12,36.13969039916992,36.89858226354733,34.53986236122783,35.606416472969485,70950814
2015-08-13,36.262752532958984,37.08317678424914,35.9140728520947,36.71398524523455,50318776
2015-08-14,36.52938461303711,36.837043653136796,36.22172557293742,36.590913917321366,27668590
2015-08-17,37.595943450927734,37.73951707473452,35.64743577587351,36.52939250735842,44395666
2015-08-18,39.91364288330078,40.877640796255385,37.80104971469583,37.8830908916693,86030910
2015-08-19,39.15475082397461,40.67253774819513,39.072709640901294,39.72904849449939,48435702
2015-08-20,39.21627426147461,40.118742716183384,38.949635783272704,39.23678611736314,37294632
2015-08-21,39.01117706298828,39.17526255827642,37.92411417758368,38.53943243766132,25995626
2015-08-24,34.642417907714844,37.59594752914064,33.247698976962496,37.28828838917986,44483430
2015-08-25,35.48334884643555,36.09866703452402,31.93501333585796,35.0936485791809,62014036
2015-08-26,35.8935546875,36.54989334728037,34.41679192057678,35.48334263392857,44133100
2015-08-27,37.5344123840332,37.6984978728483,36.59092317059918,36.91909414822938,46300836
2015-08-28,37.801048278808594,38.6624931229889,37.493389182339186,38.25228099436302,34043752
2015-08-31,37.04216003417969,38.334325860058826,36.85756268071805,37.90360496132261,26964038
2015-09-01,35.873046875,37.82155434901513,34.66292243247964,37.04215386314504,53785720
2015-09-02,35.25773239135742,36.796027925529565,35.073138179124875,36.57041312498649,31711674
2015-09-03,35.95509338378906,36.262752477552795,35.585901845338554,35.68845487659313,25241604
2015-09-04,34.8680305480957,36.81653813754811,34.53985959695145,36.50887904447668,44843956
2015-09-07,33.616878509521484,35.2372180939431,33.083604686410524,35.073132636959045,42659656
2015-09-08,33.63739776611328,34.27322787819459,33.06310010514799,33.63739776611328,57180098
2015-09-09,35.8935546875,36.07814885973931,34.047600446428575,34.37577134115355,49573168
2015-09-10,35.79100799560547,35.95509347194915,34.498839172695426,34.86803071205117,37058138
2015-09-11,35.975608825683594,37.1242042419435,35.77050272489937,36.38582102725203,41250738
2015-09-14,36.71398162841797,36.8575552323158,35.975598623129336,36.242237104465225,22714418
2015-09-15,35.70896911621094,36.89858185436546,35.52437176983947,36.75500822696788,22835288
2015-09-16,35.77050018310547,36.34479785042676,35.442332322972234,36.2422448073219,17442566
2015-09-18,36.07815170288086,36.8780671481843,35.9550899549133,36.42683447963022,24241562
2015-09-21,36.16020202636719,36.344796243928364,35.68845742300262,35.77049860199195,17663598
2015-09-22,36.42683410644531,37.862576392380234,36.09866318922084,36.52938712686923,63705372
2015-09-23,37.16521453857422,37.37032058252846,35.791004670014786,36.07815187968278,27687506
2015-09-24,37.370330810546875,37.69850182255989,36.93960987815935,37.24726902829504,29054900
2015-09-28,37.14470672607422,38.10870453044818,37.06266242867158,37.677980575676656,23065076
2015-09-29,37.206241607666016,37.636965626926795,35.89356394938523,36.63194708821217,33345192
2015-09-30,37.842063903808594,37.9446169225181,37.411339973360754,37.51389299207026,24486440
2015-10-01,38.662498474121094,38.929137020566394,38.067692057156705,38.3343274739314,40271376
2015-10-05,38.84708023071289,39.462398311218394,38.51891246557838,39.093209966650775,31140024
2015-10-06,38.70351028442383,39.154742960041446,38.58044853452987,39.11372237674346,28181140
2015-10-07,38.17023849487305,38.76504480885518,38.06768546627819,38.76504480885518,32772344
2015-10-08,37.595943450927734,38.477900182412654,37.32930493261784,38.45738832343871,22117868
2015-10-09,37.82155990600586,38.1087102958527,37.390839015741214,37.84207176587721,20656472
2015-10-12,38.498409271240234,38.703515344214,37.82155860449278,37.94462350014515,22553710
2015-10-13,38.580448150634766,39.01116896548256,38.272789084456406,38.68300117269422,22657240
2015-10-14,38.90861892700195,39.01117195692535,38.4163656352377,38.518918665161095,23450410
2015-10-15,38.970157623291016,39.27781676242226,38.84709271577028,39.23679616980555,21074008
2015-10-16,39.44189453125,39.58546814210082,38.92912939987564,39.09321486784943,19891546
2015-10-19,39.400875091552734,39.70853417931706,39.25729834685998,39.523936848856415,14537558
2015-10-20,39.48291778564453,39.872618059972424,39.2778117192256,39.33934416508532,19223472
2015-10-21,39.29832077026367,39.872615211472926,38.84708495264214,39.585467990868295,19058388
2015-10-23,38.970157623291016,39.66751708678693,38.80607212315356,39.66751708678693,19153442
2015-10-26,38.02666473388672,39.154748136916126,37.84207051980458,39.154748136916126,16842702
2015-10-27,38.108707427978516,38.457387111858665,37.41134493054804,37.924110092039484,18053568
2015-10-28,37.32929992675781,38.190744683749024,37.24725876120431,38.14972410097227,35354712
2015-10-29,38.47789764404297,38.60095940075748,36.71398429743771,37.30879061239968,22949542
2015-10-30,38.43687438964844,38.99066325534874,38.026662269674944,38.559939277508526,28015300
2015-11-02,37.04216003417969,38.82658233961941,36.63194786604778,38.559943804399566,36889952
2015-11-03,37.04216003417969,37.37032789088293,36.590924145498214,37.12420121593788,30012662
2015-11-04,37.82155990600586,38.35483696595685,37.53441264582943,37.6574775457167,39486736
2015-11-05,35.60641098022461,37.53440656848656,35.44232551683276,37.32930052166422,95522324
2015-11-06,35.9345817565918,36.078155375336806,34.49883930980138,35.11415750128299,37450162
2015-11-09,36.488365173339844,36.713983081012934,33.94505139613207,34.04760442149803,27286546
2015-11-10,36.71398162841797,37.00112883621364,36.20121652187582,36.38581070836306,19931550
2015-11-13,37.04216003417969,37.493392793190694,36.75500963868507,37.12420121593788,31036828
2015-11-16,37.206241607666016,37.390838957207954,36.919094347939094,37.04215924763372,15903076
2015-11-17,37.718997955322266,37.92410398690024,37.247256586428655,37.308785892166306,26650944
2015-11-18,37.61644744873047,38.08819197876137,37.431853259864845,37.862577206777814,18405846
2015-11-19,38.19075012207031,38.31381501759473,37.71900552878711,38.108708944834234,17821616
2015-11-20,38.41636657714844,38.51891960958628,37.944622002000344,38.14972806687602,21376266
2015-11-23,39.421382904052734,39.52393593092575,38.416364492565194,38.416364492565194,28625156
2015-11-24,38.88811492919922,39.70853926838342,38.68300884440317,39.48292132323957,21390214
2015-11-26,38.600955963134766,39.175253499001734,38.41636177966707,38.929126877821545,39257324
2015-11-27,40.036705017089844,40.20079050221663,39.175260132262125,39.790578354234825,39853170
2015-11-30,38.724029541015625,40.87764343724633,38.088199424545984,40.364878223858064,266841450
2015-12-01,38.313812255859375,39.17525707342475,38.14972678354452,39.17525707342475,41959816
2015-12-02,38.08819580078125,38.53942851969791,37.78053670201941,38.35483431230888,36002292
2015-12-03,37.718997955322266,38.272786744318545,37.554915633795616,37.94461584192591,28854172
2015-12-04,37.02164077758789,38.10870343189425,36.93959961222018,37.698491345715986,33262794
2015-12-07,36.939598083496094,37.47287189565669,36.65244775725296,37.32929829736998,17568502
2015-12-08,36.755008697509766,37.431859383529584,36.63194692802368,36.96011477632362,23317848
2015-12-09,35.50386047363281,36.83704987248591,35.380795584947556,36.734496841804905,20307390
2015-12-10,36.549903869628906,36.672968772997315,35.19620558092887,35.770500117526794,23666526
2015-12-11,35.421817779541016,36.81653968606123,34.92956446179048,36.81653968606123,26530996
2015-12-14,35.29875183105469,35.74998450712077,34.74496300213687,35.0731339281867,19038786
2015-12-15,35.8115234375,35.95509707004209,35.216713917439236,35.48335245197196,17382134
2015-12-16,36.13969039916992,36.570414415809466,35.77049883200323,36.03713735993864,18029684
2015-12-17,36.59092330932617,36.69347634901562,36.05764938074329,36.488370269636725,11710320
2015-12-18,36.77552032470703,37.26777365887935,36.30377572048418,36.30377572048418,30596542
2015-12-21,36.65245056152344,37.103683246235256,36.365303342980454,36.75500358667021,9419276
2015-12-22,36.262752532958984,36.8780707214266,36.1396876433974,36.83705013479613,9425774
2015-12-23,36.057647705078125,36.44734798591977,35.85254163523089,36.44734798591977,10138162
2015-12-24,36.057647705078125,36.28326250410793,35.81152104719549,36.262753774925365,8354592
2015-12-28,36.488365173339844,36.713983081012934,35.99611190345123,36.22172981112433,10673366
2015-12-29,36.81653594970703,36.898577117782686,36.42683570684274,36.693471067923596,15044842
2015-12-30,36.71398162841797,37.14470556978131,36.61142860710954,36.91908767103483,8702286
2015-12-31,36.057647705078125,36.93960443135529,35.97560339933708,36.755007090690626,17250134
2016-01-01,36.42683410644531,36.508875270916526,35.934577730608595,36.037130751032514,6947296
2016-01-04,37.73951721191406,37.8625821068645,37.001134101551976,37.226752032404356,35004326
2016-01-05,38.19075012207031,38.293303158450556,37.88309101292957,38.14972953345227,20760226
2016-01-06,38.02666473388672,38.62147422419532,37.76002934236147,38.25228266636073,16303364
2016-01-07,37.472877502441406,37.90360149141725,37.062665371862586,37.698495426127835,18829878
2016-01-08,37.226749420166016,37.98564120665412,37.0421552203638,37.78053514924274,13926216
2016-01-11,37.903602600097656,38.10870867138642,37.0421577266189,37.739517117132586,19231778
2016-01-12,37.78053283691406,38.53942457695477,37.41134133023564,38.293297949059124,13137556
2016-01-13,37.00113296508789,38.231769358113034,35.442328745058155,38.170240042197925,23362098
2016-01-14,36.344791412353516,37.22674805276063,35.749985119576834,36.09866477843455,16308636
2016-01-15,34.9090461730957,36.775512324324154,34.66291955955352,36.631938727230356,13890588
2016-01-18,34.088623046875,35.01160022213156,33.432284348182066,34.950067784513834,26802690
2016-01-19,35.60641098022461,35.74998458706626,34.170668652468294,34.211689235898774,22883632
2016-01-20,34.232200622558594,35.15517790497274,33.67841487904414,34.9910955585019,19639682
2016-01-21,34.29372787475586,34.97057840530867,33.73994221509253,34.86802538945732,15485222
2016-01-22,35.155174255371094,35.48334517358431,34.53985613097368,34.8680270491869,15159440
2016-01-25,35.58590316772461,35.79100923785558,35.31926465062028,35.647435614697955,13816992
2016-01-27,36.221736907958984,36.42684299887682,35.196206453369776,35.77050100420327,20436012
2016-01-28,36.16020202636719,36.713987808721086,35.97560467913564,36.3037756544337,22970374
2016-01-29,36.755008697509766,36.87807359666623,35.99611683183256,36.26275536022465,12714386
2016-02-01,37.5344123840332,37.944624541235754,36.75500865941428,36.83705296865703,23319072
2016-02-02,37.124202728271484,38.149733190378434,36.919096635850096,37.657479820435334,13928426
2016-02-03,35.62692642211914,36.87807479542156,35.13467306883289,36.32428899055691,18432938
2016-02-04,35.9345817565918,36.59092053490481,35.60641393227037,36.22173212375198,18220006
2016-02-05,37.16521453857422,37.37032058252846,35.95509013111215,36.11917559220951,16710910
2016-02-08,36.59092330932617,37.92411282528897,36.36530849981163,37.2677739972106,12622200
2016-02-09,36.20121765136719,36.54989730876081,35.60641136108805,36.09866462685906,13377058
2016-02-10,35.83203125,36.18071095714599,35.01160693687043,36.01662859825638,16364684
2016-02-11,33.186161041259766,36.09866645919241,31.87348038312344,36.07815460138165,34885826
2016-02-12,34.12964630126953,34.66292329615532,32.96054241366457,34.66292329615532,39229396
2016-02-15,36.77552032470703,36.91909395303476,34.7449682794879,34.86803317786616,24889662
2016-02-16,35.79100799560547,37.32930346819596,35.647434377431054,37.12419740518389,17102256
2016-02-17,36.919097900390625,37.12420399983724,34.909057499879665,35.893567403157554,22467920
2016-02-18,36.8370475769043,37.370321425411326,35.585899428696,37.28828025784715,19986904
2016-02-19,37.41133499145508,37.534399849386375,36.447337369891045,36.65244337999698,16367394
2016-02-22,37.82155990600586,38.02666598603771,37.45237146568485,37.698498135788995,17029472
2016-02-23,36.59092330932617,37.98564527503672,36.44734967969503,37.88309223534727,20681668
2016-02-24,35.8935546875,36.59091392670359,35.79100167410714,36.32427859561784,21545770
2016-02-25,35.25773239135742,36.20122157085112,35.175691214736354,36.09866853523964,25473672
2016-02-26,35.09364700317383,35.93457994466086,34.80649665049264,35.85253877513481,18233384
2016-02-29,35.95509338378906,36.50887912662975,34.64241270592838,35.21671030688804,32550946
2016-03-01,37.34981918334961,37.472880956062916,36.18071199971513,36.18071199971513,35165976
2016-03-02,38.33432388305664,38.703515441269275,37.73951752180929,37.94462359529739,24881372
2016-03-03,38.662498474121094,38.990669474310785,37.862585964455796,38.64198661298276,21785092
2016-03-04,38.37534713745117,38.908621044269616,38.08819676023791,38.908621044269616,13301202
2016-03-08,37.718997955322266,38.53942208163418,37.308785892166306,38.498401501252516,20408974
2016-03-09,39.852108001708984,39.975169759653014,37.28828225699881,37.41134401494284,41746662
2016-03-10,39.605987548828125,40.20079396273505,39.09322231971161,40.03670846348365,32527506
2016-03-11,39.83159637451172,40.40589397058605,39.27781063638187,39.40087552470855,30987114
2016-03-14,39.872615814208984,40.262319196257636,39.60598044661836,40.15976616882431,16741788
2016-03-15,39.35984802246094,40.05721043977673,38.97014779636521,39.97516614556144,14326026
2016-03-16,39.48291778564453,39.77006502676296,38.64198166145883,39.38036475243507,15978150
2016-03-17,39.07270050048828,40.13925127929206,38.88810631692082,39.79057163829253,15547278
2016-03-18,39.91364288330078,40.159769543891485,38.9701536997544,39.38036584396234,17407420
2016-03-21,42.272361755371094,42.43644410560291,39.97517129608308,39.99568315469717,58750310
2016-03-22,42.45695114135742,42.96971625176029,41.862144865158044,42.64154532923451,39075870
2016-03-23,43.482486724853516,43.64657220635305,42.292870896069694,42.641550588212304,32507670
2016-03-28,42.969722747802734,44.03627371274492,42.39542511139684,43.70810587027751,28114666
2016-03-29,43.749122619628906,44.36444079112954,42.949207118876046,43.23635747671171,31389524
2016-03-30,44.323429107666016,44.569555799765,43.9542375046822,44.302917245961645,18303676
2016-03-31,44.54903793334961,44.877208898361616,43.87218727405627,44.69261155691601,31372652
2016-04-01,45.22588348388672,45.4720101150079,44.22086510277942,44.466991733900606,23601244
2016-04-04,45.16436004638672,45.53355163149511,44.87721277445271,45.53355163149511,13816548
2016-04-05,44.610572814941406,45.32844410161862,44.323425552138694,44.71312585589529,19324252
2016-04-06,44.118316650390625,44.83618789118481,43.5235071730733,44.71312299803771,20615938
2016-04-07,43.87218475341797,44.65158840328881,43.564525665021854,44.11831452787093,12406290
2016-04-08,43.9132080078125,44.138822792465106,43.62605765052274,43.62605765052274,12920272
2016-04-11,45.020782470703125,45.22588854118469,43.769634188897484,44.261890635855394,20246830
2016-04-12,45.677120208740234,46.27192967711512,45.143846315684,45.389972968607665,29260960
2016-04-13,45.266910552978516,46.31295279720033,45.12333692506013,46.148867309720586,38161992
2016-04-18,44.83618927001953,45.61558985168571,44.42597711980772,44.81567741064081,15595928
2016-04-20,44.36444091796875,45.143844563365235,43.89269635920219,44.7951617614486,19740460
2016-04-21,43.70810317993164,44.69260977640531,43.40044408611608,44.50801557198403,22858724
2016-04-22,43.21584701538086,43.76963276168959,43.03125280983467,43.70810344628764,18420654
2016-04-25,43.461971282958984,44.07728944060165,43.21584464583592,43.23635650295867,16716702
2016-04-26,43.81064987182617,43.892691033104285,43.11328748228345,43.19533177323125,13851474
2016-04-27,44.28239440917969,44.81567138461747,44.01575905113071,44.15933265846552,17923484
2016-04-28,43.23635482788086,44.38494679984603,43.13380180558023,44.282393777545394,22282032
2016-04-29,43.81064987182617,43.995244049536765,42.82614028814036,43.482478967374334,18282880
2016-05-02,43.461971282958984,44.36443979197023,43.133803476684896,43.85167466060134,22519186
2016-05-03,43.0927848815918,44.056782747136594,42.94920813444394,43.87218541351942,14104468
2016-05-04,41.84164047241211,42.99023577646414,41.65704625160787,42.99023577646414,12708374
2016-05-05,42.169803619384766,42.497971409812564,41.26733515395118,41.82112084315484,14457812
2016-05-06,42.72359085083008,42.90818504400485,41.677548743719804,42.0057196756638,11906370
2016-05-09,42.990238189697266,43.27738546699391,42.82615268995464,42.96972632860297,10381180
2016-05-10,43.17481994628906,43.27737296278856,42.29286337845944,43.05175507462179,16710532
2016-05-11,42.74409866333008,42.990228421855996,42.19031296598654,42.6620574969347,9501588
2016-05-12,42.72359085083008,43.07227050997685,42.497972943909836,42.74409957803286,6722576
2016-05-13,42.1903190612793,42.826149146547344,41.96470425626217,42.66206366038104,8637516
2016-05-16,42.45695114135742,42.559504163438,41.964697887238614,42.21082451429802,8214506
2016-05-17,42.21083450317383,42.68257914231325,42.128790188292285,42.68257914231325,8265334
2016-05-18,41.92367935180664,42.16980913893036,41.28785241419102,41.92367935180664,9029572
2016-05-19,41.82112503051758,42.621040554721354,41.718571998927615,42.0057223651816,8125790
2016-05-20,40.79559326171875,42.04674145442578,40.5904872058435,42.04674145442578,11755750
2016-05-23,41.021209716796875,41.67754844633164,40.631509476355276,41.021209716796875,13324240
2016-05-24,41.677547454833984,42.026227103197776,40.83661455344717,41.246826640856305,13195364
2016-05-25,39.89313507080078,43.21585314999248,38.785563420960415,42.49798182481098,98381564
2016-05-26,42.74409866333008,42.96971656542221,39.9341464637448,40.6109970403513,84861450
2016-05-27,43.81064987182617,43.995244049536765,42.88767272393379,43.11328748228345,34923092
2016-05-30,43.50299835205078,44.077292839736145,43.113294944355445,44.01576352296288,17462626
2016-05-31,44.6926155090332,44.85670100604909,43.09279051972223,43.523511428509586,28533036
2016-06-01,42.846656799316406,45.82069481627273,42.600530141088555,45.12333542968211,58462278
2016-06-02,43.29789352416992,43.46197587982657,42.231339434379805,42.723595890360706,22731242
2016-06-03,43.667076110839844,43.89269401418258,43.29788773034433,43.482481920592086,12668806
2016-06-06,43.195343017578125,43.810661276348924,42.82615143638155,43.68759637272656,12434718
2016-06-07,43.56452560424805,43.769631662892664,43.19533720242381,43.33891081754102,10246196
2016-06-08,43.37993240356445,43.687591498625196,42.99023213502225,43.50299729345681,10582088
2016-06-09,43.933719635009766,44.24137874047856,43.07227476563119,43.461975047356894,11243352
2016-06-10,43.17481994628906,44.384944289115275,42.928693332624206,44.13881767545042,18874674
2016-06-13,43.17481994628906,43.359414124120285,42.53898999212429,42.76460788029107,13634492
2016-06-14,43.072269439697266,43.40044036348672,42.846651538383284,43.11329002275348,8891002
2016-06-15,42.25184631347656,43.23635597972457,41.92367538150391,43.072270513738246,25759380
2016-06-16,40.77508544921875,42.27236031665166,40.15976726778085,42.25184845873569,35254110
2016-06-17,40.50844192504883,41.226313047771214,39.93414440093697,41.12376003023944,33588928
2016-06-20,40.89814758300781,41.185297948115945,39.99568216048543,40.20078822284689,26335056
2016-06-21,41.96470260620117,42.067255639813915,40.959680998994195,41.04172530368652,30894486
2016-06-22,40.98019790649414,42.046748961535556,40.83662426768156,42.046748961535556,15633436
2016-06-23,40.69304275512695,41.02121371672888,40.46742795748708,40.9801931289462,15047832
2016-06-24,39.48291778564453,39.749556297923185,37.39083653410546,39.38036475243507,30746062
2016-06-27,39.934146881103516,40.24180595280642,39.33934059434586,39.38036117797227,14931216
2016-06-28,40.59048843383789,40.73406518103026,40.24180875423529,40.426406087909704,17463502
2016-06-29,40.611000061035156,41.16478579956979,40.44691458636967,40.857126708198315,16161020
2016-06-30,40.344364166259766,41.02121483700441,40.24181112916726,40.83662062210601,19013042
2016-07-01,40.77508544921875,41.30835932866286,40.52895880257761,40.652020561063125,29783358
2016-07-04,40.11874008178711,41.20579951976192,39.995675213876574,41.20579951976192,24534558
2016-07-05,37.86257553100586,39.38035894688239,37.73951065742896,39.38035894688239,46128978
2016-07-07,38.17023849487305,38.51891816616154,36.73449609454508,37.73951452290663,71174624
2016-07-08,38.47789764404297,38.683003701570556,37.82155575621864,38.47789764404297,25390652
2016-07-11,38.293304443359375,39.05219631210331,37.94462473390085,38.97015513211439,35584002
2016-07-12,38.395851135253906,38.84708380993218,38.25227752917489,38.68300147708182,23638602
2016-07-13,37.691341400146484,38.72738710286366,37.546295634118195,38.56162231983736,35654100
2016-07-14,37.91927719116211,38.25081311983293,37.7535092268267,37.91927719116211,19302290
2016-07-15,38.00215530395508,38.312969016348696,37.73278594928908,38.08504085764972,14253598
2016-07-18,38.54090118408203,38.893156100186566,38.12648289178007,38.29225084105298,20877540
2016-07-19,38.727394104003906,39.07965223601744,38.41658033699982,38.85172087550999,14734140
2016-07-20,38.727394104003906,38.913884261263036,38.499465905257594,38.89316207875831,16671348
2016-07-21,40.136409759521484,40.36434107807734,38.25080848380524,38.748109154777296,90570046
2016-07-22,40.07424545288086,40.90308199305842,39.949921868910515,40.716595036222664,52725476
2016-07-25,39.8463249206543,40.281462290396576,39.452625591731945,40.198579885234544,22369562
2016-07-26,39.12109375,39.99137167217171,39.01748916017572,39.97064948950239,28461396
2016-07-27,39.24540328979492,39.63910248702807,38.955311806999994,39.28684764027422,15093202
2016-07-28,38.996761322021484,39.49406517811349,38.87243772931901,39.45262081878529,22995966
2016-07-29,39.47334289550781,39.86703901401332,38.748110873805565,39.0796467770023,25348186
2016-08-01,37.96070861816406,40.24000884608807,37.81566287237547,39.92919517864388,57923864
2016-08-02,36.530975341796875,37.67062571560258,36.11655702404935,37.67062571560258,46673466
2016-08-03,35.432769775390625,36.57242026524237,35.308443002702326,36.51025687889822,33344120
2016-08-04,35.764305114746094,36.158001285239095,35.329164579560256,36.05439669702924,26108800
2016-08-05,36.510250091552734,36.63457684112838,35.80574027531896,36.05439061270967,26307072
2016-08-08,36.945396423339844,37.25621018490172,36.551697094971495,36.69674604644257,22696838
2016-08-09,37.09043502807617,37.23548078968862,36.572412192488514,37.09043502807617,19197598
2016-08-10,36.448081970214844,37.67061764263207,36.28231720804859,37.27691842808679,20091782
2016-08-11,36.13727951049805,36.34448868925494,35.45349175000921,36.28232846503679,19003536
2016-08-12,35.90934753417969,36.510252824670395,35.76430175665719,36.34448486674719,26942162
2016-08-16,35.90934753417969,36.15799789018409,35.63997499777458,36.012952112661594,16591732
2016-08-17,35.93006896972656,36.240882726079775,35.74358198061905,35.78502318244727,13287854
2016-08-18,36.28232192993164,36.696740212801174,35.971508217779494,35.99222723486662,19346186
2016-08-19,36.05439758300781,36.48953812888652,35.909351788301976,36.40665255922519,15277090
2016-08-22,36.0958366394043,36.24088242548051,35.76430386576738,36.24088242548051,13442684
2016-08-23,36.40664291381836,36.46880628415479,35.88862009728207,36.137270416867416,11781976
2016-08-24,36.69674301147461,36.86250780785599,36.3652070951902,36.406648294285546,11825562
2016-08-25,35.8679084777832,37.0490001106797,35.57781374364797,36.883232142854,22571818
2016-08-26,36.34449005126953,36.468816827887295,35.99223506653424,36.075120638199834,10622710
2016-08-29,36.427371978759766,36.98683609404865,36.01295364717379,36.385930777953355,20595046
2016-08-30,36.63458251953125,36.862510713401626,36.38593214359944,36.427373345961236,11339948
2016-08-31,36.28232192993164,37.00755392495332,36.033668430801455,36.67601803395346,24441634
2016-09-01,34.72825241088867,36.40664451314081,34.603925664754215,36.34448114007358,32997222
2016-09-02,34.3967170715332,34.68680860140818,34.08590336305549,34.64536740596326,21715306
2016-09-06,35.53636932373047,35.619251719256454,34.47960139109017,34.52104575061389,18654426
2016-09-07,36.676021575927734,36.77962615665069,35.45348878810117,35.639975768698136,22461924
2016-09-08,36.36520767211914,36.738184793416124,36.22016189210389,36.738184793416124,13716022
2016-09-09,36.15800094604492,36.77962846947263,35.702141394550154,36.42737350521581,17461280
2016-09-12,34.58320617675781,35.39132376597544,34.500323780727626,35.32916038807244,20204620
2016-09-14,34.97690200805664,35.14266994550685,34.66608831099765,34.76969287668398,10159454
2016-09-15,33.81653594970703,34.39672225871221,33.40211760924062,34.31383985532334,49907932
2016-09-16,33.60932159423828,34.1687856352018,33.15346212240729,33.85797192780423,35846504
2016-09-19,35.05978775024414,35.16339232584283,33.733650447285214,33.775091645172544,35210160
2016-09-20,34.83185577392578,35.43276098201605,34.64536566117473,35.18411066010837,15967668
2016-09-21,34.27238845825195,35.059783775895646,34.18950607187277,34.81113345499773,16408620
2016-09-22,34.7904167175293,34.997625877637894,34.33455719764255,34.81113889824451,15726708
2016-09-23,34.25166702270508,34.72824861511646,34.14806246617044,34.72824861511646,13931996
2016-09-26,33.89942169189453,34.23095446894246,33.79581710623686,34.16879108519564,11209440
2016-09-27,33.754371643066406,34.168789972198034,33.58860684082251,34.10662975223703,8597240
2016-09-28,33.92013931274414,34.0859072753106,33.63004774957352,33.857975931561604,11776114
2016-09-29,31.68227767944336,34.23095084948691,31.433627332508536,34.189509651957884,51884518
2016-09-30,32.987701416015625,33.25707398720505,31.10209974121214,31.68228292622169,35452918
2016-10-03,34.43815994262695,34.5832057146219,32.78048675008885,32.801208929699854,30292072
2016-10-04,33.71293258666992,34.50032809445106,33.402118820053246,34.50032809445106,19848610
2016-10-05,33.837257385253906,34.14807113374963,33.56788483753875,33.56788483753875,15780918
2016-10-06,33.48500061035156,34.541765400564906,33.23634709570299,33.98230131612716,19372984
2016-10-07,33.6507682800293,33.77509504797781,33.40211790589333,33.6507682800293,8219348
2016-10-10,33.46427917480469,33.92013869220218,33.19490663578226,33.92013869220218,9165194
2016-10-13,32.904815673828125,33.547162181233645,32.55256072953982,33.33995301850395,18223414
2016-10-14,33.4228401184082,33.65076831084111,32.78049041968783,32.92553620791987,11068480
2016-10-17,33.81653594970703,34.085908503362404,33.236349640701846,33.44355881093505,16326322
2016-10-18,34.74897384643555,34.811137223830244,34.14806857572847,34.14806857572847,24363712
2016-10-19,34.956180572509766,35.18411188656398,34.7696936150185,34.97690275079124,13362066
2016-10-20,35.515647888183594,35.8057426021248,34.976905982454134,35.10122957834827,20763168
2016-10-21,36.07511520385742,36.22016098022099,35.61925253277081,35.82646168807898,23412838
2016-10-24,36.489540100097656,36.613863718663985,35.72286355767917,36.22016751722857,22729946
2016-10-25,36.323768615722656,36.530977788474345,35.785023501863854,36.46881440429662,13149012
2016-10-26,36.13727951049805,36.551697868011836,35.93007033174115,36.19944289647734,13920530
2016-10-27,35.184104919433594,36.11654584576968,35.10121938448113,35.888614576850244,16763408
2016-10-28,37.4012451171875,37.60845423141014,35.163386051230894,35.22554941784972,46023614
2016-11-01,37.33909225463867,38.37513811720778,37.131883082124844,37.91927857002958,35919306
2016-11-02,37.23548126220703,37.77422628275906,36.4273668931395,36.8832263618894,19431762
2016-11-03,37.836395263671875,38.333696001144496,37.09044099570197,37.2354867806514,38001162
2016-11-04,37.670631408691406,38.31297800122015,36.96611826499241,38.10576881103127,27947290
2016-11-07,37.0697135925293,38.250808210737226,36.96610902333636,38.08504026767642,16493852
2016-11-08,38.02287673950195,38.18864468189003,36.530971581530274,37.09043562054959,51287116
2016-11-09,37.877838134765625,38.126488514464256,34.27239656297157,34.624654692785846,38985940
2016-11-10,37.04899978637695,38.7481143277552,36.80034941769543,38.209369227477744,27388524
2016-11-11,36.199440002441406,37.276927013483196,36.054394221259784,36.67602170783323,23834582
2016-11-15,34.25166702270508,36.199431420852314,33.77508543029369,36.199431420852314,23464042
2016-11-16,32.739044189453125,34.87329896833288,32.24174351710237,34.72825320237729,30836898
2016-11-17,32.656166076660156,33.21563019679705,32.324630143814076,32.73904847899118,19538460
2016-11-18,33.0084228515625,33.31923662010497,32.59400449350587,32.86337705859491,15181578
2016-11-21,31.433629989624023,33.360675874345226,31.288584205131237,33.360675874345226,22763348
2016-11-22,31.330020904541016,31.868765925832008,30.45974316086831,31.785880373916193,33641214
2016-11-23,31.993091583251953,32.22102291358287,31.01920920792667,31.57867328211262,20063678
2016-11-24,31.35074234008789,32.11741549701949,31.247137773968472,32.11741549701949,36399332
2016-11-25,31.91020965576172,32.20030120610979,31.350745573369995,31.66155930378326,19450202
2016-11-28,32.38678741455078,32.53183317213817,31.930927964235952,32.26246067275565,17148060
2016-11-29,33.112022399902344,33.630045268606196,32.42823158086112,32.57327735174607,20812140
2016-11-30,32.94625473022461,33.4021142262152,32.80120895810406,33.1949050769685,17820976
2016-12-01,32.13813781738281,33.19490249942816,32.03453325080422,33.15346130514882,29643238
2016-12-02,30.957046508789062,32.6354419298876,30.791281714109378,32.17958242099688,34529564
2016-12-05,31.993091583251953,32.11741833829804,30.998490189926137,31.309303915780635,18868092
2016-12-06,32.34535217285156,32.73904832471015,31.64083910931388,32.20030322681433,19316430
2016-12-07,31.785884857177734,32.53183912083111,31.557956671222115,32.386793336721,14203672
2016-12-08,32.28318786621094,32.57327942645782,31.951651944419464,32.03453750574777,12654324
2016-12-09,32.966983795166016,33.13274861977559,32.241751621334366,32.32463403363916,15717448
2016-12-12,32.94625473022461,33.2363462744657,32.55255861136017,32.739045580977916,18804560
2016-12-13,32.28318786621094,33.13274352794017,31.951651944419464,33.070583309145036,11586270
2016-12-14,31.993091583251953,32.44895424391379,31.84804581020533,32.324627488867705,9235088
2016-12-15,32.24174499511719,32.63544111529583,31.516512970332837,31.516512970332837,9788004
2016-12-16,32.17958068847656,32.49039440440822,31.993090561861194,32.42823102886977,12190904
2016-12-19,32.61471939086914,33.112023254719595,32.034536292351405,32.283186643396256,19169012
2016-12-20,31.8687686920166,32.946255666363115,31.723722915774708,32.884092287470644,14118014
2016-12-21,32.13813781738281,32.51111172765737,32.03453325080422,32.11741563936292,9450108
2016-12-22,32.09669494628906,33.07058044659276,31.84804460734879,32.26246289283611,15260382
2016-12-23,32.20029830932617,32.5939975628217,31.5579518879816,31.993089174358154,15371428
2016-12-26,31.703001022338867,32.28318729431553,31.59939644383449,32.241746095265945,8951328
2016-12-27,32.34535217285156,32.49039795712783,31.102097173179025,31.703002491649702,14082060
2016-12-28,32.42824172973633,32.61472875612919,32.24175470334347,32.53184633590162,11412446
2016-12-29,32.739044189453125,32.9048121341569,32.01381219791461,32.01381219791461,15665996
2016-12-30,33.19490432739258,33.526440223405146,33.008417361985906,33.112021934269755,27080718
2017-01-02,33.5678825378418,33.77509168930995,32.80120930976175,33.36067338637364,25647200
2017-01-03,33.58860397338867,33.795813120265194,33.339950467728315,33.73364974385011,15220412
2017-01-04,34.74897384643555,35.03906855369056,33.671486898050084,33.77509147312101,28296438
2017-01-05,34.7904167175293,35.2048350377465,34.313838178688215,35.08051143873786,20949666
2017-01-06,35.34988021850586,35.515644999549025,34.45888029247645,34.89401758535556,21016898
2017-01-09,35.204837799072266,35.57781494887474,35.05979200797161,35.57781494887474,9328962
2017-01-10,35.204837799072266,35.34988675193403,34.89402403453039,35.30844238725289,7207968
2017-01-11,35.474205017089844,35.76429971735428,35.204832496044524,35.22555467526364,8410462
2017-01-12,34.93546676635742,35.474208702659666,34.72825759968095,35.432767501676565,8252824
2017-01-13,35.039066314697266,35.30843566326042,34.541762489078074,34.935461746246666,12585816
2017-01-16,35.474205017089844,35.681414162238454,34.83185856418554,34.85257758164401,8838548
2017-01-17,35.6192512512207,35.99222834970818,35.37060090614928,35.63997343071027,8589238
2017-01-18,36.01294708251953,36.09582946902405,35.246273941191404,35.598528826476176,15844820
2017-01-19,36.07511520385742,36.32376555787507,35.7228571104249,36.01295182491281,12603802
2017-01-20,35.45348358154297,36.22015673395011,35.329156838229196,35.930062053471445,12476736
2017-01-23,35.764305114746094,35.93006992647297,35.391327964838396,35.702141729467954,8002430
2017-01-24,36.7588996887207,36.88322643579275,35.785017375858054,35.785017375858054,20648792
2017-01-25,35.8679084777832,37.02827792904111,35.76430389311227,36.883232142854,40299658
2017-01-27,38.31296920776367,38.4372959580465,35.88862287133334,35.88862287133334,75995160
2017-01-30,38.1472053527832,38.60306484532935,37.83639163126165,38.02287859947031,21032978
2017-01-31,37.60845947265625,38.06431895512421,37.17331900744193,38.02287775885632,20637324
2017-02-01,38.18864440917969,38.582340502999486,37.54629482267318,37.9607130948037,41188170
2017-02-02,39.307579040527344,39.41118362585386,37.94000041127397,38.54090574146334,33178576
2017-02-03,39.16252517700195,39.65982581930735,38.83098930762477,39.369734304922595,19406828
2017-02-06,39.41118621826172,39.76344119919046,39.16253582947445,39.16253582947445,19768946
2017-02-07,38.976036071777344,39.514777877530314,38.49945447155572,39.36973212835683,18061168
2017-02-08,39.5147819519043,40.19857273909671,38.87243552168639,39.494062935177574,34301398
2017-02-09,39.49406433105469,40.094969587297,39.12108723742538,39.86703826292336,16802908
2017-02-10,38.52018356323242,39.65983400192878,38.29225537254977,39.65983400192878,24153924
2017-02-13,38.16792678833008,38.789554270751616,37.87783522790438,38.685949690348025,14008510
2017-02-14,38.27153015136719,38.45802028721817,37.567020291736654,38.08504317727698,11612030
2017-02-15,38.62378692626953,39.203973218142785,37.83639463204254,38.31297318009753,30822982
2017-02-16,39.05893325805664,39.121096648909806,38.41658348884293,38.748119465552215,12492862
2017-02-17,38.91388702392578,39.32830540935255,38.64451444104611,39.058932826472876,8335774
2017-02-20,39.16252517700195,39.26612974096228,38.62378017970413,38.91387485584925,8707838
2017-02-21,39.41118621826172,39.78416338232325,38.95532664519151,39.2868626047487,13406276
2017-02-22,38.33369445800781,39.72199519251322,38.126485298775336,39.4319036342921,16328586
2017-02-23,37.525577545166016,38.43729652140064,37.38052861378995,38.333691948566674,24670292
2017-02-27,36.883235931396484,37.81567728921269,36.73819013031067,37.71207269389978,21882576
2017-02-28,37.56702423095703,37.71207002176545,36.86251113569156,37.09044249393415,13425844
2017-03-01,36.96611404418945,38.064323259148914,36.88323164228197,37.89855529357298,17507810
2017-03-02,36.199440002441406,37.38053159457877,36.03367204033631,37.17332243238762,14478456
2017-03-03,36.199440002441406,36.63458050774718,35.72285829704959,36.32376676446046,13296340
2017-03-06,37.50485610961914,37.6706240617928,36.261601210957735,36.468810360734636,21591324
2017-03-07,37.79494094848633,38.70666294279043,37.71205856798602,38.12647679400785,42280336
2017-03-08,37.75350570678711,38.04360040776663,37.00755467946973,38.04360040776663,16498252
2017-03-09,37.484134674072266,37.85711178342717,37.2976477002752,37.44269347564634,8134632
2017-03-10,37.525577545166016,37.75350570834435,37.29764622022704,37.73278669083394,9462696
2017-03-14,37.62918472290039,38.54090376224925,37.50485796218879,38.54090376224925,12944946
2017-03-15,37.75350570678711,38.06431942527618,37.42197297078849,37.54629656112773,10987016
2017-03-16,38.08503723144531,38.49945547517864,37.877828109578644,38.12647842346659,23167768
2017-03-17,37.670631408691406,38.29225897925806,37.44270003477911,38.18865438416362,17178904
2017-03-20,36.986839294433594,37.69134925438498,36.90395688564916,37.67063023306949,11292180
2017-03-21,36.779632568359375,36.9661195814662,36.5102599791684,36.9661195814662,12352060
2017-03-22,36.116554260253906,36.634577117796965,35.86790392098536,36.46880917103106,17994964
2017-03-23,36.07511520385742,36.38592893681968,35.93006626573307,36.09583422233177,17591546
2017-03-24,36.199440002441406,36.63458050774718,36.054394221259784,36.26160338345093,13930012
2017-03-27,35.53636932373047,36.17871895521939,35.41204256868077,36.09583339793268,17552490
2017-03-28,35.826454162597656,36.05438545026314,35.660689402579266,35.95078089437158,17213094
2017-03-29,34.811134338378906,36.24087609114386,33.46427497409639,35.97150674769572,55662102
2017-03-30,34.3967170715332,35.225553627473765,34.25167130659572,34.603926210518345,36858928
2017-03-31,35.039066314697266,35.22555327320414,34.4588800990218,34.72825260934546,21244620
2017-04-03,34.85258483886719,35.4742124037522,34.7697024282537,35.22556201015045,16097604
2017-04-05,35.184104919433594,35.68140548210889,35.10121938448113,35.45347737494932,17653330
2017-04-06,34.93546676635742,35.184117134016994,34.81114000164715,35.184117134016994,15273488
2017-04-07,34.64536666870117,35.18411168330213,34.52104308501205,34.93546135416341,16429276
2017-04-10,34.1480712890625,34.956185774122496,33.982303323425306,34.894022391788425,29994360
2017-04-11,34.1480712890625,34.64537202421312,34.02374452439436,34.293117073334685,19363912
2017-04-12,34.230953216552734,34.76969830696626,34.10662961536871,34.35527997949767,23684454
2017-04-13,34.293113708496094,34.68680982171414,34.18950913535864,34.37599610230179,12537766
2017-04-17,34.293113708496094,34.68680982171414,34.148067938455796,34.68680982171414,10383632
2017-04-18,33.81653594970703,34.54176804552325,33.63004896120155,34.39672225871221,16285212
2017-04-19,33.69221115112305,34.12734849614202,33.58860656967649,33.98230271446903,14479244
2017-04-20,33.96157455444336,34.106623472340985,33.73364641244489,33.77508760537549,17301860
2017-04-21,35.329158782958984,35.49492672924874,33.98229935721568,34.06518174948026,37472746
2017-04-24,36.15800094604492,36.30304673582584,35.49493222007425,35.80574598178811,32930916
2017-04-25,36.530975341796875,36.676021120656344,36.09583484345763,36.40664858176828,30769318
2017-04-26,36.40664291381836,36.82106116704739,35.74357434100398,36.6760154107693,14752922
2017-04-27,35.93006896972656,36.40665069515369,35.84718656607012,36.2616049078744,9942574
2017-04-28,35.391326904296875,36.05439561661811,35.18411773408643,36.05439561661811,13899438
2017-05-02,34.66608428955078,35.61924428623721,34.35527062854781,35.59852527255972,21665352
2017-05-03,34.313838958740234,34.70753510719207,34.25167557694233,34.56248932417092,8676438
2017-05-04,34.50032043457031,34.97690206992247,34.27238912495306,34.27238912495306,15341236
2017-05-05,34.47959899902344,34.976902822960426,34.10662508327132,34.52104335567189,19171728
2017-05-08,34.56248474121094,34.935461820780944,34.251671035196026,34.47959918921732,17146664
2017-05-09,34.35527801513672,34.7282551208846,34.293114637218615,34.562487167023235,15366360
2017-05-10,35.45348358154297,35.63997053475321,34.41743792646294,34.41743792646294,32641406
2017-05-11,35.8679084777832,36.116558848641255,35.55709472377039,35.63997712680274,20699874
2017-05-12,35.515647888183594,36.012951757042465,35.266997534634555,36.012951757042465,15730638
2017-05-15,35.72285461425781,35.84718136345959,35.412040903013946,35.63997222263034,10745226
2017-05-16,35.90934753417969,36.054393311702185,35.70213837721588,35.847184154738386,11325994
2017-05-17,36.489540100097656,36.676027108827824,35.660703329276686,35.90935372817071,22193026
2017-05-18,35.78502655029297,36.65530451763445,35.39133035323128,36.22016711484437,18445764
2017-05-19,35.2877197265625,36.220160924001995,34.914742615234545,35.930066209964345,10916856
2017-05-22,35.63997268676758,35.826459651238274,35.142672007005295,35.557090294060735,15188474
2017-05-23,34.97690200805664,35.764297339624825,34.81113407060643,35.66069277393849,14983590
2017-05-24,34.127342224121094,35.18411002536447,33.77508734429341,35.059783285773364,18012188
2017-05-25,35.70214080810547,36.36520952318455,33.89942165212887,34.56249036720795,44006576
2017-05-26,37.939998626708984,38.60306730925804,36.36520773911422,36.40664893894337,80146516
2017-05-29,38.02287673950195,38.893154484838725,37.60845846441202,38.3129682673607,32645660
2017-05-30,38.851715087890625,38.95531966145833,37.9607151228562,38.20936546706656,27932262
2017-05-31,39.16252517700195,39.74271136753183,38.58233898647207,38.93459387158509,35859948
2017-06-01,37.75350570678711,39.286855281722914,37.33908741546835,39.14180635035284,52301468
2017-06-02,38.47874069213867,38.6652308347097,37.774230807121604,37.919276587947365,18283176
2017-06-05,38.54090118408203,38.8517149033085,38.33369203793105,38.72738815091365,14961540
2017-06-06,38.064327239990234,38.72739600987802,37.670631047114725,38.33369981700251,16901006
2017-06-07,38.43730163574219,38.540906222361436,38.00216110723691,38.126487875884436,10317690
2017-06-08,39.3490104675293,39.65982414629892,38.41656943122045,38.437291607842525,29045262
2017-06-09,39.32829666137695,39.473342431660846,38.955319565103615,39.473342431660846,17221098
2017-06-12,39.05893325805664,39.30758365970791,38.72739728134736,38.95532866055517,10782102
2017-06-13,39.47334289550781,40.074248163071104,39.26613374645003,39.63911084710618,23799004
2017-06-14,39.24540328979492,39.47333457039095,38.5823347850065,39.30756665375384,16068360
2017-06-15,39.05893325805664,39.6805608430655,38.893165269702,39.16253785555812,11835398
2017-06-16,39.038204193115234,39.4940668711821,38.95532179442718,39.16253095290817,11035134
2017-06-19,38.976036071777344,39.328290937415865,38.872431513544825,39.03819627730869,6349604
2017-06-20,38.54090118408203,39.10036524633754,38.4580187903259,39.03820187014012,18219648
2017-06-21,38.830997467041016,39.03820663850177,38.33369672023962,38.540905891700376,12888148
2017-06-22,38.706668853759766,39.05892376731981,38.49945970910555,38.83099244349592,12237320
2017-06-23,38.27153015136719,38.768834018542364,38.14720655589397,38.74811183841644,10088920
2017-06-27,37.75350570678711,38.4372965198152,37.42197297078849,38.271528570935565,10979522
2017-06-28,38.20936584472656,38.437297173532656,37.2976468530236,37.670623953905974,9883670
2017-06-29,38.727394104003906,38.955325464511354,38.33369793050319,38.43730251950455,18919684
2017-06-30,38.893157958984375,39.017484717321096,37.960716756741355,38.209367111654004,12491324
2017-07-03,41.566162109375,42.02202166574798,38.768838224015816,38.93460303596154,99668454
2017-07-04,41.172454833984375,42.31210508594638,40.592268618815254,42.24994171257817,60395714
2017-07-05,42.104896545410156,42.33282786373415,41.19317759563528,41.25534096988369,36056682
2017-07-06,42.35355758666992,42.80942033854977,42.20851178459968,42.39500195448544,21607136
2017-07-07,43.058067321777344,43.30671770014365,41.73192670088853,42.47788099774856,31536494
2017-07-10,43.57609558105469,43.78330478195198,42.353559398703716,43.12023597143292,4952884
2017-07-11,44.21128463745117,45.19983319068951,43.58029578950646,44.19025360147816,46848912
2017-07-12,44.758140563964844,44.88433640127802,43.85372262103256,44.00095270258547,23601616
2017-07-13,44.69503402709961,45.09465892994502,44.169210097369024,44.63193451365702,16001262
2017-07-14,44.33747482299805,44.75813397082654,43.874750402261625,44.589869669820224,17834916
2017-07-17,45.53635025024414,45.62048079143709,44.25333863611798,44.33747238668535,17454276
2017-07-18,44.35850524902344,46.14630660288106,44.04301089246033,45.725647460796914,48924820
2017-07-19,44.94743728637695,45.26293170328093,44.63194286947299,44.98950256675578,18155960
2017-07-20,44.547813415527344,45.17880226501251,44.463679643304175,45.13673698358855,13662574
2017-07-21,43.41202926635742,44.75814066640441,42.06592107568552,44.50574578182531,46754126
2017-07-24,43.748558044433594,44.043018209059554,42.781040573162436,42.90723962050218,32110608
2017-07-25,44.14817810058594,44.37954192517799,43.832683726710265,44.14817810058594,15682020
2017-07-26,44.65296936035156,44.82123366202291,44.14817645533752,44.16921069656192,16481790
2017-07-27,44.16921615600586,44.926404002430246,44.02198607736084,44.77917071441022,13081986
2017-07-28,46.020118713378906,46.23044832065269,43.79062359252676,44.04301847938027,22892904
2017-07-31,46.06218338012695,46.48284258907788,45.536359368938285,46.25147874040484,20545658
2017-08-01,46.71420669555664,47.15589694176767,45.725654981566294,46.29354748428418,35805874
2017-08-02,45.999080657958984,46.69316894633351,45.683586273186464,46.69316894633351,14356454
2017-08-03,45.809783935546875,46.46180371887695,45.47325531814282,45.95701400214562,15405302
2017-08-04,45.93598556518555,46.23044894497048,44.71607639402346,45.78875547998066,17464064
2017-08-07,46.77730178833008,46.90350083216663,45.725653787608856,45.80978755329155,16502292
2017-08-08,47.1558952331543,48.10237842422313,46.314576841093114,46.69317075939564,37289630
2017-08-09,46.104248046875,47.38725990088676,45.74668836589017,47.11383077682483,15524326
2017-08-10,43.51718521118164,45.70461458749401,42.59173641964046,45.43118551428316,25464216
2017-08-11,43.18067169189453,44.42161516798423,41.47700048361855,42.48658330299042,29500918
2017-08-14,44.06404495239258,44.947428505267304,43.87474962298176,44.04301071162491,14602286
2017-08-16,44.06404495239258,44.58986887783879,42.92826655717858,44.3795393076603,21693140
2017-08-17,44.29541778564453,44.989502941108526,43.89578959528247,44.16921873408278,12504386
2017-08-18,43.60132598876953,44.16921525734614,43.07550199761065,44.16921525734614,12363080
2017-08-21,43.01240539550781,43.95888864381972,42.696910979403846,43.748559033083744,10549808
2017-08-22,42.21315002441406,43.60132666639778,42.06591994647639,43.49616186653159,16723688
2017-08-23,43.201690673828125,43.41202023545217,42.486571448056154,42.486571448056154,12622408
2017-08-24,43.3278923034668,43.601321391917,42.991363700855075,43.580287150738286,8953662
2017-08-28,44.46367645263672,44.69504029792895,43.43306268951684,43.580292768623245,22384432
2017-08-29,44.190250396728516,44.905369755454124,43.895787030084136,44.37954575363382,12677844
2017-08-30,45.13673400878906,45.536358970041725,44.505745200890104,44.69504055950977,15690788
2017-08-31,45.05260467529297,45.34706807357941,44.674010711424884,45.17880373304078,21169324
2017-09-01,47.47138977050781,47.63965409129245,45.09466466403412,45.34706274989856,39061092
2017-09-04,47.68172073364258,48.712337722082076,46.819371280177975,47.89205033829859,41167430
2017-09-05,47.534488677978516,48.33374178435049,47.134863729479996,48.144443222397285,17824066
2017-09-06,47.17692947387695,47.8710177891608,46.86143507687293,47.38725907187963,19574230
2017-09-07,47.0717658996582,47.68172046598669,46.60904141388744,47.32416078195361,9847548
2017-09-08,48.43890380859375,49.13299207726059,47.40828692197488,47.59758547308843,43782600
2017-09-11,48.88059616088867,49.385389110038275,48.691300810816884,49.11195999708744,18606436
2017-09-12,49.763980865478516,49.953276207356495,48.88059404504862,49.17505738831684,23884506
2017-09-13,49.5115852355957,50.12154298495091,49.25919036420299,49.93224442437519,19123052
2017-09-14,49.23815155029297,50.100500825406584,49.09091828998447,49.427446871583314,13944670
2017-09-15,49.132991790771484,49.55365095607132,48.22857394350188,48.88059372409179,14856900
2017-09-18,49.86914825439453,50.20567368074356,49.343324266935184,49.40642057793036,11729524
2017-09-19,49.70088195800781,50.037407370960224,49.280222784786204,50.037407370960224,9051452
2017-09-20,50.20566940307617,50.563229042208434,49.785010248950066,49.785010248950066,16927194
2017-09-21,49.343318939208984,50.50013158671549,48.75439549496713,50.373932559601315,22073740
2017-09-22,48.08134460449219,49.217123084224376,47.82894653399634,49.217123084224376,15421092
2017-09-25,47.534488677978516,48.144443222397285,46.14631206115483,48.144443222397285,20786936
2017-09-26,47.74482345581055,48.249613257055785,47.429329027688446,47.534493837062485,11630180
2017-09-27,47.19795608520508,48.14443918752369,46.86143068556104,47.84997906166332,17585502
2017-09-28,49.111961364746094,49.53262056273107,47.24002921746294,47.82894952714192,38047472
2017-09-29,51.78314971923828,52.119678381452125,49.63778832340675,49.80605265451368,50829986
2017-10-03,51.50971984863281,53.0871919127115,51.00493007187768,52.89789654877211,39725140
2017-10-04,51.5307502746582,52.14070481048583,51.00492629226373,51.69901459089941,14052326
2017-10-05,51.5307502746582,52.51929871968483,51.32042068170041,51.95140946057378,12764836
2017-10-06,52.51929473876953,52.68755904225645,51.59384588365341,51.9093402491759,18725290
2017-10-09,52.07761001586914,52.792729368989924,51.656950817709856,52.58239976991028,12349910
2017-10-10,53.19234848022461,53.38164702422652,51.86727471908438,52.077604295058975,19799516
2017-10-11,52.393104553222656,53.613013663614836,51.48868663291035,53.42371830769191,22365772
2017-10-12,52.72963333129883,52.93996294427519,52.11967873741746,52.66653380553088,12072414
2017-10-13,52.72963333129883,53.36062217022791,52.435173156882,53.234426328067215,8432700
2017-10-16,53.61301040649414,53.844374235788464,52.351032885342846,52.91892533736077,13589886
2017-10-17,54.03367233276367,54.22296768682942,53.12925763069958,53.59198210348527,13709042
2017-10-18,54.93809127807617,55.10635238197164,53.29751663072187,53.76024429455891,16762456
2017-10-19,54.32813262939453,54.87499086828167,53.99161040738701,54.87499086828167,2967848
2017-10-23,53.92850875854492,54.55949756559205,53.57094907642655,53.886446689325155,16490340
2017-10-24,54.096778869628906,54.4122732881872,53.63405115490992,54.22297150205192,8377648
2017-10-25,54.05470275878906,54.85395260562156,53.29751497725068,54.41226561691119,17399746
2017-10-26,55.16944885253906,56.32626159676405,53.65507965680344,54.03367035104992,32119444
2017-10-27,53.7602424621582,55.421844876802,53.38164857254799,55.421844876802,19344462
2017-10-30,54.13883590698242,54.43329605317429,53.802310484102414,54.03367111057463,10135470
2017-10-31,55.19047927856445,55.31667830750252,54.05470085562034,54.37019521859089,15628432
2017-11-01,53.19234848022461,55.86353666260164,52.603428234995455,55.44287751065245,27062198
2017-11-02,52.41413116455078,54.18090157803266,52.2669010991043,53.33958325048169,15856262
2017-11-03,52.0145149230957,52.70860330103233,51.78315106065841,52.41413991162348,13228696
2017-11-06,52.87685012817383,53.3395777279177,51.6148727675074,52.119665637398604,16919530
2017-11-07,51.341453552246094,53.297516146962614,50.92079437757591,53.02409025092684,23969720
2017-11-08,50.121543884277344,52.308970421429514,49.23816021386493,51.65695059274712,64056250
2017-11-09,48.523040771484375,51.089061392041,47.155898295598654,50.479106801934364,42632016
2017-11-10,47.092796325683594,49.23816082090233,46.73523664627214,49.11196177669828,33410990
2017-11-13,47.66069030761719,47.84998567047562,45.3049961378783,47.30312740763442,42639154
2017-11-14,47.93411636352539,48.3337445442177,47.218996980313015,48.27064501996364,30655212
2017-11-15,47.702754974365234,48.69130347430108,47.429325846457424,47.95514985805895,22328546
2017-11-16,48.039276123046875,48.37580474414738,47.05072771145447,48.08134460771553,16684498
2017-11-17,48.79646682739258,49.30125657978803,48.586137228998645,48.67026778460623,21149944
2017-11-20,48.354774475097656,49.32229193323088,48.102379593220526,48.96473224979036,18918222
2017-11-21,48.270652770996094,48.62821252001723,47.78689395320249,48.52304769916539,23090552
2017-11-22,47.68172073364258,48.24961002433879,46.56697318709071,48.03928041968278,47091162
2017-11-23,48.249610900878906,48.37580994971517,47.2400313476893,47.91308545294075,27318166
2017-11-24,49.82707595825195,50.2267040837915,47.95514398976959,47.95514398976959,30802568
2017-11-27,51.993473052978516,52.16173736376886,49.63778233003811,49.76398136547456,48465732
2017-11-28,51.068031311035156,52.05657986250876,50.68943736106914,52.05657986250876,19205148
2017-11-29,50.83665466308594,51.42557808052511,50.35289602699752,51.02595319514197,19098258
2017-11-30,49.57468032836914,50.66839347964343,49.36435075276353,50.64736244770764,27034494
2017-12-01,50.50013732910156,51.82521121760209,50.142574448077674,50.142574448077674,42938570
2017-12-04,48.94369888305664,51.509719445325004,48.544073913702384,51.509719445325004,29224924
2017-12-05,47.97618865966797,48.943703007296676,47.345199785806706,48.943703007296676,30078958
2017-12-06,48.144439697265625,48.77542843882546,47.32415561698772,47.95514435854755,18781048
2017-12-07,49.17505645751953,49.36435179581448,48.20753910554055,48.31270389556545,16783288
2017-12-08,49.86914825439453,50.20567368074356,49.25919050331673,49.427454821178706,20841216
2017-12-11,49.59571838378906,50.6473663426931,49.38538879200826,50.626332099765065,15441872
2017-12-12,47.87101745605469,49.511585741559905,47.618619372707784,49.40642094329034,24143950
2017-12-13,47.97618865966797,48.375813662696615,47.36623082264352,47.91308913040677,21867924
2017-12-14,47.13486862182617,48.29168151945856,46.73524042247345,48.16548246505764,23901294
2017-12-15,47.429325103759766,48.123413430080035,47.240029746297424,47.95514910712739,18376894
2017-12-18,48.08134460449219,48.775429670231425,44.56883795363105,47.11382722592419,32875560
2017-12-19,49.70088195800781,49.86914626917142,48.16547533387399,48.480969713790195,25415482
2017-12-20,49.55364990234375,50.26876918439702,49.301251841031146,49.679845723625384,16824056
2017-12-21,49.448486328125,50.07947507815956,49.09092346893895,49.616747427301085,18519980
2017-12-22,49.469520568847656,49.99534456130856,48.96473081983516,49.80604920777262,13817906
2017-12-26,50.121543884277344,50.62633363612016,49.63778516662591,49.89018004254732,16831310
2017-12-27,49.890174865722656,50.56322886813235,49.427450439651906,50.16360395683821,17795546
2017-12-28,49.5115852355957,49.97431291075307,49.30125564120596,49.911213390561166,10332002
2017-12-29,50.10050964355469,50.479103562145774,49.301256528612384,49.63778516944335,15511466
2018-01-01,49.91121292114258,51.53075014083675,49.65881805212366,50.33187210596573,20436116
2018-01-02,51.888309478759766,52.09863906984463,49.21712431385703,50.16360747373889,55313422
2018-01-03,52.3720703125,52.91892855533634,52.05657591302711,52.477235112324294,45373136
2018-01-04,53.40268325805664,53.57094757710156,52.077609367843394,52.68756391383442,34064038
2018-01-05,53.61301040649414,53.928504786781964,53.00305588835427,53.423715062071366,17939214
2018-01-08,54.03367233276367,54.265036173844,53.38165250591223,53.80231170105831,17614216
2018-01-09,54.896018981933594,55.77940576293566,54.475359832646745,54.76981995339769,41835176
2018-01-10,53.82334518432617,54.89602746450915,53.29752116646689,54.81189690540171,16389758
2018-01-11,53.44474792480469,54.22296352484154,53.02408876194711,53.423713682911924,20408996
2018-01-12,54.117801666259766,54.32813125908432,52.624463482830315,53.63404617026318,17764396
2018-01-15,53.04512023925781,54.4122657393834,52.582395798109395,54.24399822157975,19470328
2018-01-16,51.44662094116211,53.1713230024383,51.15215757841376,53.04512395992115,23055966
2018-01-17,52.35103225708008,52.49826553361396,50.26877065591951,51.36248385258339,20939784
2018-01-18,50.85770034790039,52.70860155806749,50.52117168809722,52.24587384849435,20703232
2018-01-19,50.92079544067383,51.110090789477496,49.932243792060575,50.8156306448107,19573786
2018-01-22,50.92079544067383,51.29938613828117,50.142573383786825,51.173190308870346,14863766
2018-01-23,52.161739349365234,52.70859757790693,50.563233150070204,50.68943219031057,21924042
2018-01-24,51.86728286743164,52.64550177892085,51.44662364939692,52.16174303630589,24305354
2018-01-25,51.44662094116211,52.330004610657234,51.15215757841376,52.26690508939866,22734838
2018-01-29,52.75065994262695,53.23441862434133,51.593847238663095,51.69901202993253,27514214
2018-01-30,52.89789581298828,53.27648974497613,51.97244683201804,52.91893005730014,24656284
2018-01-31,53.04512023925781,53.23441878975585,52.33000094015342,52.75066010653829,20080666
2018-02-01,51.888309478759766,53.40268189269578,48.922664170088176,53.40268189269578,31893382
2018-02-02,51.44662094116211,53.27648780141093,49.848114713028096,52.287939332943175,76098780
2018-02-05,54.41227340698242,54.685699336163076,49.785018715316504,50.01638257318112,45890512
2018-02-06,53.38165283203125,54.138837462295,50.815632367838845,51.74108131906398,49297144
2018-02-07,55.905601501464844,56.3683291590765,54.1178000169419,54.66465822536942,50683148
2018-02-08,56.43143081665039,57.462051022773686,55.98974377831206,56.26316969906914,48778856
2018-02-09,56.45246124267578,57.104484262014104,55.10635313682393,55.10635313682393,34125246
2018-02-12,56.07387161254883,57.52514454210985,55.821473529690444,56.95725206505342,23785614
2018-02-14,57.798561096191406,58.3664534813473,56.452453182533525,56.97827708777089,54746586
2018-02-15,57.7354736328125,58.597826253154565,57.29378020105195,58.24026337536035,29088706
2018-02-16,56.34729766845703,58.429559391899474,56.11593382835234,58.30336676888773,29882586
2018-02-19,55.61114501953125,56.57866246438221,54.9591219750393,56.55762822060828,24361616
2018-02-20,56.115928649902344,56.936219136280606,55.44287785386675,55.737337978304154,19810548
2018-02-21,55.67424392700195,56.746919679548434,55.50597640711753,56.368328992620214,19013788
2018-02-22,55.67424392700195,56.094903098588674,55.19048202842749,55.44288009887935,20378456
2018-02-23,56.53659439086914,56.74692399264879,55.80044078464038,55.94767407338615,15448326
2018-02-26,57.54617691040039,57.96683608895778,56.999318694525854,56.999318694525854,24049186
2018-02-27,57.924766540527344,58.261295160946986,57.41997681927266,57.924766540527344,18794390
2018-02-28,59.52327346801758,59.81773360778435,57.58823868883659,57.77754045323989,49984772
2018-03-01,59.291908264160156,60.532851522207594,59.03951661538327,60.049096047989785,39301246
2018-03-05,58.95538330078125,59.16571289717184,58.19820188877505,58.85021850258596,29372298
2018-03-06,58.829185485839844,60.112190775587884,58.57678742494716,59.29190670581066,25296372
2018-03-07,59.41810607910156,60.11219112243734,58.555753521283314,58.871247889844916,31038808
2018-03-08,60.638023376464844,60.932489962458966,59.98600672712132,60.25943264982988,39424428
2018-03-09,61.83690643310547,62.026201801701625,60.743189874271465,61.83690643310547,60386284
2018-03-12,61.163841247558594,62.509955737497656,60.82731904382342,62.257557665946685,34641560
2018-03-13,63.05681610107422,63.28817996166031,60.49079864559799,61.3321171068198,49202080
2018-03-14,62.97267532348633,63.22507338840989,62.509954096125696,62.762345742299836,23605150
2018-03-15,63.330238342285156,63.7929595708388,62.65718111325329,62.72028383902158,26916756
2018-03-16,61.89999008178711,63.35126925443532,61.71069475193055,63.22507022828125,29926976
2018-03-19,61.2900390625,62.404789701104264,60.57491976568281,62.25755642584066,34883270
2018-03-20,61.41624450683594,62.2575629247378,60.8693862514497,61.184880658162896,23690668
2018-03-21,62.04723358154297,62.59409183923202,61.62657437082064,61.794835487609504,29851418
2018-03-22,59.73359298706055,62.34167815767545,59.54429767331606,62.34167815767545,25879444
2018-03-23,59.754634857177734,59.96496443680965,58.13509452651221,58.892282296937,36535058
2018-03-26,60.74318313598633,61.12178024993101,59.81773422203772,60.15426285040532,23144010
2018-03-27,60.974552154541016,61.68967153891855,60.17530221060439,61.37417712650932,24014054
2018-03-28,61.18487548828125,61.71069945503985,60.53285248575066,60.806284799714895,37755542
2018-04-02,62.299617767333984,62.65717416537481,61.47932735455189,61.64759485252587,45876472
2018-04-03,62.15238952636719,62.86750879892749,61.984128433558624,62.23652007277148,28782304
2018-04-04,61.353145599365234,63.35127675741364,61.01661696268079,62.42582140184396,40898032
2018-04-05,61.83690643310547,62.530991590874855,61.41624720566938,61.98413973020827,23209448
2018-04-06,61.605533599853516,62.00515852395219,60.23839130984524,62.00515852395219,25186756
2018-04-09,61.563472747802734,62.65718275011489,61.31107467563475,61.773802335026176,26350926
2018-04-10,61.12178039550781,62.08929779733789,60.57492217545171,61.79483123509634,29830820
2018-04-11,60.91144943237305,61.60553449916347,60.785250396933996,61.37417067065014,21782010
2018-04-12,61.03765106201172,61.395207522411255,60.61699187183589,61.121781616296914,18703476
2018-04-13,62.846473693847656,63.33023556183443,61.20590559589046,61.37416668638637,55502600
2018-04-16,63.5195426940918,64.15053152880132,62.53099095221341,62.762354808690304,30964642
2018-04-17,62.846473693847656,63.98225852031711,62.278587699362085,63.771928947822644,20521176
2018-04-18,62.846473693847656,63.519530893329616,62.278587699362085,63.035775444092,26968644
2018-04-19,63.561607360839844,63.708834228833204,62.867515833156965,63.372305586812715,18412012
2018-04-20,65.43354797363281,65.62284335340209,63.372313786281886,63.70884247184436,37891378
2018-04-23,67.07410430908203,67.28443389701816,65.47559815701752,65.60179719352912,44238194
2018-04-24,66.90584564208984,68.04162417454557,66.54828276208069,67.26340210334912,36896402
2018-04-25,69.07223510742188,69.24050262832127,66.63241061375236,66.84274020081439,54483130
2018-04-26,68.42020416259766,69.97664806120794,67.83128395467675,69.07222709056293,43633860
2018-04-27,68.14678192138672,69.17739554941093,67.7681912559898,68.9460317344465,19655758
2018-04-30,69.17739868164062,69.64012633252095,68.23091555654406,68.7988079991018,18446324
2018-05-02,67.91542053222656,69.91355155499453,67.51579561142286,69.30359705284683,27378918
2018-05-03,68.8829345703125,69.21946316799362,67.64199138394066,68.31504216055379,29764480
2018-05-04,68.9670639038086,69.61908684684913,68.63053531203776,68.9670639038086,18287494
2018-05-07,69.55599212646484,69.74528745778325,68.79880438244203,69.30359407220752,12232364
2018-05-08,69.64012908935547,70.46041321316173,69.3036004589158,69.97665771979514,18030164
2018-05-09,68.18885040283203,69.68218524201792,67.95748658787039,69.64012317850167,21879214
2018-05-10,67.57889556884766,68.94603792143484,67.410634462183,68.54641297904392,18782950
2018-05-11,68.08368682861328,68.25194792317377,67.43166385438009,67.93645355681087,13648676
2018-05-14,65.26527404785156,68.33608757325204,64.57118891689639,68.33608757325204,37682612
2018-05-15,63.5195426940918,66.27486188940678,62.488928881149654,65.0970147808656,39095400
2018-05-16,64.23466491699219,64.76048896906113,62.95165294619383,63.70884086492324,22292732
2018-05-17,64.90769958496094,65.20215966745137,63.96121662204632,64.46600625185111,19312368
2018-05-18,62.42582321166992,65.34940981004753,61.73173809361987,65.24424500920661,36043910
2018-05-21,56.494537353515625,62.2365334260176,56.09491235829123,62.2365334260176,106056228
2018-05-22,59.270870208740234,61.41623438843875,55.590102736830374,55.84250078811811,130566206
2018-05-23,61.142822265625,61.41624820038679,59.333986274603234,59.56535013719041,57696152
2018-05-24,60.785247802734375,62.57304920869716,60.17529331268518,61.75276514147586,42160330
2018-05-25,61.03765106201172,61.416241765670016,60.23839474942775,61.33211121138482,23008824
2018-05-28,61.668643951416016,62.047234680270094,61.05868295006738,61.50037641289732,21122878
2018-05-29,62.90958023071289,63.30920515892964,61.45830737626807,62.04722764745596,26918758
2018-05-30,62.846473693847656,63.22507077558719,61.87896279537242,62.29962194036136,26474666
2018-05-31,62.27858352661133,63.624691416635024,62.047219728619275,63.41436185823292,31581726
2018-06-01,63.45644760131836,63.940203149753806,62.57306064819657,62.59409489350908,32787816
2018-06-04,61.79483413696289,63.856068075700094,61.647607267678104,63.68780054383888,18922136
2018-06-05,61.5003776550293,62.04723593344705,59.60741113502583,61.226951725195626,28311100
2018-06-06,62.699256896972656,63.056813376291075,60.785256196649904,62.15239863705899,27548130
2018-06-07,62.17343521118164,63.288179598401996,61.92103710676361,62.993719422414586,18279368
2018-06-08,60.995582580566406,62.0261963128329,60.785252985461,61.64760560914312,19776550
2018-06-11,59.81773376464844,61.037649230809315,59.10261444655395,60.995580745553895,25049318
2018-06-12,60.638023376464844,60.953517788244056,59.397079973883315,59.775677119268515,25150312
2018-06-13,60.00702667236328,61.47933373397927,59.67050447899343,60.74318020317128,24942806
2018-06-14,60.974552154541016,61.47934193064573,59.52327914120859,60.00703467273598,29250882
2018-06-15,59.83876419067383,61.07970740156361,59.62843461531118,61.07970740156361,19288264
2018-06-18,58.4295539855957,60.36458866356511,58.2402586498431,59.838764720502695,27030760
2018-06-19,57.41997528076172,58.681952759459776,57.02035036292387,58.47162317967677,30204724
2018-06-20,57.63031005859375,58.177168299104125,57.20965086108577,57.609275814968356,27310530
2018-06-21,56.83106231689453,58.282335319861076,56.6417605358009,57.65134649954952,23200714
2018-06-22,57.3779182434082,57.588247865149064,56.15800900481144,57.27275343253777,21724328
2018-06-25,55.52701950073242,57.272752773596125,55.253593563115416,57.272752773596125,24845930
2018-06-26,55.77941131591797,56.43142792722311,55.232553083654096,55.73734282930157,27158274
2018-06-27,54.41227340698242,55.884580696802196,53.528886465590396,55.73734740032006,29500910
2018-06-28,52.20380783081055,54.601567276937686,51.84624814068087,54.13883957390211,33905358
2018-06-29,52.91892623901367,53.50784652475202,52.41413329632742,52.96099151522715,30921488
2018-07-02,53.5499153137207,54.66465958188006,53.04512236817461,53.33958572208689,31399696
2018-07-03,54.475364685058594,54.81189331821432,52.3300034744718,53.71817686514566,33931396
2018-07-04,53.78127670288086,54.47536500700729,53.234421682489526,54.3912344529086,32056826
2018-07-05,52.582393646240234,53.78127157949959,52.45619461773941,53.78127157949959,23997366
2018-07-06,55.6532096862793,56.32626050958774,52.60343069218755,52.66652700042756,77839412
2018-07-09,56.09459686279297,58.10869390096482,55.708922323784286,57.42304301066996,52598416
2018-07-10,57.401611328125,57.85156928589663,56.3517137858919,56.37314160080504,39157564
2018-07-11,57.058780670166016,58.10868465490751,56.6516783795777,57.44446168665793,32112116
2018-07-12,57.401611328125,58.75148520143989,57.251629701435164,57.508743863839626,33631166
2018-07-13,56.780242919921875,58.387230927089476,56.587405666831955,57.958700791844784,25221182
2018-07-16,53.866233825683594,57.18734219707791,51.59502619141749,57.01593276764296,61748780
2018-07-17,55.08755111694336,57.38018345562477,53.86623759548195,53.994797945980686,106892884
2018-07-18,47.37400817871094,55.60178554052067,46.83834550491016,55.60178554052067,246712514
2018-07-19,45.295631408691406,48.65959539437565,44.99566163886906,48.145357299704834,274616366
2018-07-20,46.04555892944336,47.13831201576065,45.33848686474717,45.638456633440995,121910372
2018-07-23,46.75263977050781,47.30973028590146,46.23840488662572,46.70978740842192,68853438
2018-07-24,48.316776275634766,48.531041358897,46.816920692799094,46.8383485088956,66756356
2018-07-25,47.20259475708008,48.702450221094445,46.96690187639335,48.63817004732302,49400028
2018-07-26,48.016807556152344,48.423909915815884,47.35258447520049,47.416864655522566,47634408
2018-07-27,48.35962677001953,48.63817202138394,47.652551368686986,48.1239371491924,41906184
2018-07-30,48.42390823364258,49.15240820018374,47.86681771610474,48.40248041780433,44310720
2018-07-31,48.33820343017578,48.616745419064,47.52399547103736,48.29534779856929,38912716
2018-08-01,50.952232360839844,51.166497422685744,47.99537385348136,48.16678655684316,128449432
2018-08-02,51.53074264526367,52.00212508418357,49.83805011977972,51.08078474890714,93401772
2018-08-03,50.65226364135742,52.90204698300649,50.43799856120037,52.06641447816425,70318494
2018-08-06,50.67369079589844,51.337913843488074,50.03089556381516,50.78082333457898,35783808
2018-08-07,51.23078155517578,51.98070932960455,50.69511885915523,50.95223629935997,36572150
2018-08-08,53.866233825683594,54.29476393812157,51.01651119351128,51.42361349255724,100117610
2018-08-09,55.38751983642578,55.60178490349126,53.45913423283649,53.99479690050018,54160494
2018-08-10,54.65902328491211,56.41599301982382,54.20906530857266,55.28039070992785,55112700
2018-08-13,53.78053283691406,55.08755107817103,53.52341540552309,54.31619551457257,42395548
2018-08-14,53.99479675292969,54.50903160471122,53.03060395377023,53.95194439351881,34487436
2018-08-16,54.080501556396484,54.85185710470153,53.58769451826179,53.75910395617362,24189900
2018-08-17,55.001853942871094,55.36610069060185,54.251922821299985,54.251922821299985,27672434
2018-08-20,54.98041915893555,55.794623822562784,54.57331355769637,55.258961138899835,26201050
2018-08-21,55.151824951171875,55.537505981188175,54.68044247463864,55.06612023522959,20965350
2018-08-23,56.69453430175781,56.95164844191232,54.74472101271301,55.280383644931334,51730264
2018-08-24,55.3660888671875,57.144492745808,55.10897472466986,56.54454666889906,42799570
2018-08-27,56.93022918701172,57.18734333628603,55.53750629384437,55.75177135433166,37929544
2018-08-28,56.71596908569336,57.70158321903508,56.458848375086035,57.42304123158656,33406924
2018-08-29,56.52312469482422,57.14449864918063,56.20172707933693,56.82310103369334,26309298
2018-08-30,56.07317352294922,56.86595038816507,55.94461316839087,56.56598058676309,28541310
2018-08-31,55.30181884765625,56.458848980085065,54.76615614386038,56.180306989651754,35182038
2018-09-03,57.187347412109375,57.851570454730215,56.69454035340585,56.95165452100505,65504244
2018-09-04,54.78757858276367,57.55159998967818,53.88766592888999,57.4016118228446,48336984
2018-09-05,54.61616134643555,55.2803843263439,53.373426639910676,54.78757404474337,47986554
2018-09-06,55.58035659790039,55.9017541956587,54.74472415149895,55.15182646755597,25167772
2018-09-07,56.56598663330078,56.84452864890883,55.623221497182826,55.9446191485084,30474544
2018-09-10,55.55892562866211,56.480269279893996,55.301811488366376,56.15887170038646,18417946
2018-09-11,54.74473190307617,56.28744320629653,54.444762077131045,55.816057380631484,28675652
2018-09-12,54.78757858276367,55.130400738349785,53.45913578233818,54.80900639786149,31655470
2018-09-14,56.24458312988281,57.05878781298442,55.323245907486196,55.323245907486196,37321672
2018-09-17,54.61616134643555,55.96603511957522,54.46617646145068,55.96603511957522,26575910
2018-09-18,54.16621398925781,55.19468704824497,53.909096541867456,54.74472906324255,21698470
2018-09-19,53.909095764160156,54.830432998232,53.566270326301556,54.55189100807578,21351910
2018-09-21,52.409244537353516,54.87329317652034,48.55247275430978,54.380482794801786,38643818
2018-09-24,51.5735969543457,52.68777456204271,50.5022717028245,52.40923261218737,37497782
2018-09-25,52.237823486328125,52.90204322598777,50.52370296680579,51.40218777140573,48460846
2018-09-26,51.70216751098633,52.83777315593091,51.2093571439999,52.387815153589855,22164660
2018-09-27,51.59503173828125,52.66635713455193,51.33791429706142,52.02356189678952,26692490
2018-09-28,51.037940979003906,52.28067908658659,50.37372119816577,51.95928146925101,41766242
2018-10-01,51.48789596557617,51.87357373790089,48.1025072720543,50.8665253131015,66314494
2018-10-03,51.05936813354492,52.023560973068506,50.823675242780034,51.766443536414,34525580
2018-10-04,50.587982177734375,51.4236146073334,49.36666871526992,50.30943694472625,37640268
2018-10-05,46.174129486083984,50.545136259594855,43.56009589528137,50.18088624003995,62315768
2018-10-08,46.77406311035156,47.952520936785675,44.609984703129705,46.17412029028186,56135984
2018-10-09,47.50257110595703,47.845396567158815,45.98129088676061,47.138321096821315,44439092
2018-10-10,49.088130950927734,49.45238093167101,47.37401031738229,47.52399521893239,41580200
2018-10-11,47.909671783447266,48.93814152158861,46.38838845252272,47.00975585843524,45925858
2018-10-12,49.6237907409668,50.78082079303799,48.2310678078244,48.72387484554981,44042966
2018-10-15,50.15945053100586,50.523700469515084,49.49522755475207,50.288007601960445,26932338
2018-10-16,51.65930938720703,52.237824418989625,50.39514351983346,50.673688763114114,57550330
2018-10-17,48.98099899291992,52.75206246984121,48.231071206839324,52.28067994390426,47635904
2018-10-19,48.20964431762695,49.43095465312168,47.90967450519868,48.93814430176746,36445074
2018-10-22,48.33820343017578,49.366673200218344,48.01680580968106,48.95957085536197,29896190
2018-10-23,47.75968933105469,48.57389736236264,47.05261711883357,48.16679498142164,21093868
2018-10-24,50.05232238769531,50.56655725540377,48.01680419309219,48.4239065242426,43270810
2018-10-25,48.35962677001953,49.452379960208525,47.75968390617902,48.681024382495636,33616800
2018-10-26,48.48818588256836,49.130981091079406,47.60969778983306,48.38105334781652,29803242
2018-10-29,49.38810348510742,49.580940759274604,47.82396766661799,48.63817566646154,33673328
2018-10-30,49.280967712402344,50.0308954819389,48.93814228141539,49.0667026353919,27736792
2018-10-31,49.152408599853516,49.666646759321914,48.08108318774315,49.28096895707704,39597356
2018-11-01,48.573890686035156,50.07374617513724,48.145360546291705,49.49523114036868,59422468
2018-11-02,50.43799591064453,50.75939351399042,48.76673098878631,49.023848417577916,48943672
2018-11-05,51.72358703613281,52.21639735526637,49.79520138950843,50.41657205952049,47711216
2018-11-06,51.80929946899414,52.34496219454324,50.866531110372236,52.00213674242149,33724520
2018-11-07,52.21640396118164,52.64493415908945,52.066419045799094,52.602081793183864,6085814
2018-11-09,50.67369079589844,52.45209159188063,50.4808535340437,52.45209159188063,43632106
2018-11-12,50.69511413574219,51.14506879682047,49.730921372741875,50.8236712091537,32539772
2018-11-13,50.99509048461914,51.145075390982875,50.18088250366864,50.6736928555144,30815438
2018-11-14,45.638458251953125,48.85243418518926,45.42419318973738,48.59531676441545,195027368
2018-11-15,45.46704864501953,46.30268440623063,45.20993120673366,46.06699151397031,81958714
2018-11-16,45.231361389160156,46.06699392467464,45.017096301138416,45.659891565203644,47397406
2018-11-19,46.62408447265625,46.92405428818943,45.20993358359804,45.40277085509425,59784106
2018-11-20,46.13126754760742,47.24544519305982,45.78844214773346,46.66693019151967,61817822
2018-11-21,47.266876220703125,47.523993653379755,45.938430157927044,46.10984286951998,57590042
2018-11-22,46.83834457397461,47.71682937989226,46.70978422704742,47.26687470449798,45535394
2018-11-26,46.66693115234375,47.395431055293336,45.85272326294837,47.09546127629654,44804146
2018-11-27,47.266876220703125,47.43828566287052,46.43124047772215,46.495520653247695,34027682
2018-11-28,46.431243896484375,47.78111460421046,46.28125898883165,47.3311566118265,38699094
2018-11-29,47.20259475708008,47.58827253028315,46.51694719884431,46.77406462450454,37100734
2018-11-30,48.145362854003906,48.27392320985932,47.24545017129298,47.24545017129298,48701408
2018-12-03,45.9170036315918,48.18821133658934,45.42419333305564,48.18821133658934,77755422
2018-12-04,45.98128890991211,46.38839126683924,45.59561109999781,45.93843327703493,38411922
2018-12-05,44.39572525024414,45.809876128319715,43.98862289383565,45.702743585114774,71326772
2018-12-06,43.752925872802734,44.01004329840847,43.32439574031804,43.86005840592391,42858092
2018-12-07,44.095760345458984,44.43858256021982,43.388684827714705,43.88149523519866,32147388
2018-12-10,43.04585647583008,43.49581448517118,41.86739844790672,43.28154938918511,35639956
2018-12-11,44.22431182861328,44.69569762680909,42.167368993227605,42.317353897460045,38631994
2018-12-12,45.059940338134766,45.78844019501733,44.58855788547986,44.65283478446789,36737380
2018-12-13,44.738548278808594,45.83129819879649,44.46000302764187,45.83129819879649,28774666
2018-12-14,44.58855438232422,45.01708444551071,44.13859650820844,44.41714170316464,25135138
2018-12-17,45.424198150634766,45.55275850977478,44.73855053054807,44.88853543659426,22511564
2018-12-18,44.90996170043945,45.338491856858056,44.56713626753432,45.16707914040549,21809194
2018-12-19,46.15269470214844,46.49552012141292,45.0385169936771,45.0385169936771,36046614
2018-12-20,45.48847198486328,46.666929791365305,45.35991164365658,46.002706810839506,29355946
2018-12-21,45.145652770996094,45.85272820562215,44.374300426388736,45.61703530427155,38006690
2018-12-24,44.82425308227539,45.18850305626538,44.4600031082854,45.18850305626538,19326254
2018-12-26,44.52428436279297,44.69569708100499,43.710076403355146,44.56713672498956,21118170
2018-12-27,44.13860321044922,44.995663466962796,44.01004286420201,44.9099587490816,21211702
2018-12-28,44.031471252441406,44.738546627168624,43.94576653344285,44.160031600364704,24449198
2018-12-31,43.924339294433594,44.52428214355974,43.795778944826026,44.52428214355974,23536616
2019-01-01,43.924339294433594,44.09575200410185,43.21726391044297,44.074324189358755,26768346
2019-01-02,42.83158874511719,43.8386372498452,42.42448639555637,43.73150470844227,80247728
2019-01-03,42.06023406982422,42.98157452854141,41.953101534378625,42.7458816427909,48749614
2019-01-04,41.48171615600586,42.31734856676942,41.1388907585809,42.06023115341335,49067136
2019-01-07,40.046138763427734,42.01737994855082,39.874729329439106,41.995952134589544,68696692
2019-01-08,39.87472915649414,40.34611163676916,39.61760846777562,39.939006059248406,61327482
2019-01-09,40.474666595458984,40.96747686383543,40.003284139830505,40.36753407056955,55097168
2019-01-10,40.71036148071289,41.39600902018719,40.624656764313116,41.39600902018719,64625434
2019-01-11,40.410396575927734,40.90320365877929,40.153275856878174,40.77464656868027,29972350
2019-01-14,40.067569732666016,40.41039516649117,39.72474429884087,40.41039516649117,25711480
2019-01-15,40.11042022705078,40.474670190139996,39.96043533276999,40.0675678671742,22213128
2019-01-16,40.260406494140625,40.410394662961245,40.046141418026146,40.06756923340783,20070416
2019-01-17,39.96043395996094,40.47466879966481,39.87472924315208,40.34611172445153,17898002
2019-01-18,39.55333709716797,40.08899982454334,39.42477673482755,40.00329182650779,21761532
2019-01-21,38.8248291015625,39.681889361064655,38.71769656912473,39.57475682862689,22722938
2019-01-22,37.6892204284668,38.31059102590976,37.067853100448986,38.24631085797771,57946802
2019-01-23,38.203460693359375,38.35344558085194,37.36782500117164,37.66779804558211,26926034
2019-01-24,36.33935546875,38.24631319419166,36.210795125032995,38.203460836094436,62732414
2019-01-25,35.39659118652344,36.78931423109157,35.225178465614526,36.553624600589316,49749508
2019-01-28,35.567996978759766,35.78226202080049,34.62523210155062,35.39658429124217,40838292
2019-01-29,35.26803207397461,35.82511929817671,34.98948682716079,35.56800186628147,46390264
2019-01-30,34.68951416015625,35.58943008616793,34.58238162319539,35.35373719708381,34501726
2019-01-31,34.83949661254883,35.225171066803405,34.08956897683711,34.83949661254883,72589802
2019-02-01,35.80369567871094,37.36782812545571,34.646662301118525,35.03234009364933,130042194
2019-02-04,35.26803207397461,36.125092359909104,34.946634466749174,36.03938436966033,34145814
2019-02-05,35.20375442504883,35.73941714219983,34.79664879835861,35.13947424510555,33958116
2019-02-06,35.37516403198242,35.63228145967852,34.49667594547649,35.26803149799026,26136786
2019-02-07,37.603515625,37.92491319444445,35.31088028351466,35.41801280666281,84585364
2019-02-08,37.303550720214844,37.73208086854849,36.682180043475704,37.71065305336158,40939678
2019-02-11,35.6108512878418,37.19641464762438,35.3965862340408,37.19641464762438,36379426
2019-02-12,34.796634674072266,35.80368278908631,34.710929981886764,35.567989981439524,31796798
2019-02-14,36.189369201660156,37.324974732395354,33.318218556639565,33.63961616329525,90527146
2019-02-15,34.260982513427734,35.2894554771424,33.425350069461366,35.05376586779504,107638658
2019-02-18,33.93959426879883,34.260991954183005,33.25394652719784,34.196715032647234,36868038
2019-02-19,33.93959426879883,34.79665476315664,33.639624403544126,34.28241977431248,66034888
2019-02-20,34.68951416015625,34.92520704924037,34.19670710567675,34.19670710567675,51087072
2019-02-21,34.77522277832031,34.98948785610488,34.36811716887426,34.925207678884384,37058158
2019-02-22,35.0751953125,35.50372550146012,34.60381275852905,34.71094530576908,57389528
2019-02-25,35.67513656616211,35.782269108402836,35.03234131271775,35.332311123221494,34547562
2019-02-26,35.69655990600586,35.88939715008694,34.49667427560596,35.289454334887,48487250
2019-02-27,36.360782623291016,36.72503259740353,35.28945724682737,35.8465477503587,74940948
2019-02-28,37.06785583496094,37.282120897590765,36.51076536435321,36.81073841369022,81568542
2019-03-01,37.1107063293457,37.66779677196799,36.16794140890439,37.453531720101765,69042078
2019-03-05,38.781982421875,38.996247518128456,36.76789182486291,37.1535663825784,70257118
2019-03-06,38.8248291015625,39.78902189350242,38.52485931850692,39.40334412284137,75018756
2019-03-07,38.95339584350586,39.46763077586248,38.3106005433471,38.97482039185557,46101714
2019-03-08,38.41773223876953,38.97481952485911,38.2677473259541,38.95339497698599,38588978
2019-03-11,39.87472915649414,40.110418761918964,38.61056333504595,38.910536382075776,45426720
2019-03-12,39.83187484741211,40.92462800236589,39.68188995364456,40.30326061271796,73857512
2019-03-13,40.19612503051758,40.45324243882495,39.424769536170245,39.83187182687148,39657692
2019-03-14,40.260406494140625,40.496099385636796,39.78902398057389,40.32468667086009,36713518
2019-03-15,40.324684143066406,40.71036190978099,40.13184689442181,40.26040397037641,48875782
2019-03-18,39.596187591552734,40.474672461306625,39.060524889473896,40.410395552597706,45212580
2019-03-19,39.16765594482422,39.70331862659308,38.95339087211667,39.59618609023931,30790578
2019-03-20,38.93196487426758,39.339070493069336,38.58914270358924,39.2105101356739,23712508
2019-03-22,38.39630126953125,39.42477429636503,38.24631636902803,38.99624414096976,34210364
2019-03-25,37.49638748168945,38.246315231323244,37.41068276093009,38.139182695661276,23672480
2019-03-26,36.982154846191406,37.75350718777071,36.575049224495416,37.53924210353884,40471966
2019-03-27,36.61790466308594,37.60352544110759,36.467919745411166,37.153567418657275,50173772
2019-03-28,37.9677734375,38.43915598339501,36.55362579981497,36.682182892644974,53354432
2019-04-01,38.71769714355469,39.81045029840259,38.61056460952746,39.51047724147107,53232574
2019-04-02,38.3748779296875,39.10337790898878,37.967772307609714,38.91054064076954,38647904
2019-04-03,37.62495040893555,38.910540924920696,37.496390049566735,38.482010752925646,39925170
2019-04-04,37.47496032714844,38.0534786454578,37.28212306732904,37.49638814242863,38656350
2019-04-05,37.603515625,37.92491319444445,37.23926570018133,37.66779579277392,29442050
2019-04-08,37.389259338378906,38.117759358691565,37.196422059303764,37.81778953136892,29669356
2019-04-09,39.29621505737305,39.76760085722832,36.939299135799565,37.410684935654835,83533746
2019-04-10,39.23194122314453,39.55333887400778,38.73913083793568,39.381926139662184,56042648
2019-04-11,40.4961051940918,40.71037030093885,39.12480981804113,39.25336692049372,80545306
2019-04-12,40.9889030456543,41.26744825316869,40.02471036001414,40.45324044252088,52781130
2019-04-15,41.03176498413086,41.69598807493412,40.753219711554465,41.56742771238322,59610736
2019-04-16,41.288875579833984,41.88881838968382,40.967477996281424,41.18174305198313,50418664
2019-04-18,41.03176498413086,41.653132441133266,40.30326498147798,41.56742771238322,39561896
2019-04-22,39.48904800415039,41.07460801158363,39.33906312821888,41.05318346897918,38682914
2019-04-23,39.23194122314453,39.96044125733084,39.081953037200904,39.63904360646759,38851476
2019-04-24,39.10337448120117,39.639037145327215,38.80340469706076,39.25335937327138,35342048
2019-04-25,38.50343322753906,39.63903877609056,38.3748761445152,39.189080811943086,47945344
2019-04-26,37.92491912841797,38.631994545714285,37.753506410675584,38.46058182797189,32250406
2019-04-30,37.26070022583008,37.86064317007803,36.55362799915766,37.667805884517556,39870924
2019-05-02,38.3748779296875,39.33907080963517,36.76788979644139,37.32497705431127,116446940
2019-05-03,38.39630126953125,38.99624414096976,37.96777111413598,38.567713985574485,47416138
2019-05-06,37.732086181640625,38.31060130946723,37.60352581126759,38.117760753907675,24423470
2019-05-07,36.8321647644043,38.05347829682313,36.682179867093815,38.01062266665537,29001266
2019-05-08,36.8321647644043,37.025005291882536,36.40363461813118,36.575047330525535,26076976
2019-05-09,36.360782623291016,36.8321651350499,35.56800249859303,36.68218023623011,45296396
2019-05-10,36.81074142456055,36.960726326784105,36.36078344846421,36.36078344846421,27535726
2019-05-13,35.567996978759766,37.067852273044814,35.39658429124217,36.76788252195784,27836398
2019-05-14,36.2536506652832,36.682180822720184,35.16090072547429,35.56800306726917,36656232
2019-05-15,35.118045806884766,36.76788956204,34.903780723817924,36.42506412136277,35901972
2019-05-16,35.525150299072266,35.97510499757911,34.88235507026912,35.11804469250824,29988706
2019-05-17,36.21079635620117,36.446489237887455,35.396588446969545,35.610853514166,26611814
2019-05-20,37.51781463623047,37.839212237559366,36.93929633829807,37.62494717000677,69790762
2019-05-21,37.81778335571289,38.48200635414995,37.36782541878128,37.8820635280496,54886440
2019-05-22,37.64637756347656,38.13918794929079,36.81074497797597,38.07490776515399,36470374
2019-05-23,38.07489776611328,39.36048803353022,37.88206053377079,38.56770802250813,62928134
2019-05-24,40.19612503051758,40.71035984713232,38.07489905577502,38.07489905577502,107456130
2019-05-27,39.060523986816406,39.31764142398734,38.3748763978854,39.296213608629095,74498826
2019-05-28,39.08195114135742,40.21755677320518,38.91054168475278,39.42477659341834,61151484
2019-05-29,38.439151763916016,38.996242246638175,38.1606097919804,38.91053752749267,31902686
2019-05-30,38.76055145263672,38.88911180770518,38.22488875556089,38.52486182757874,39423594
2019-05-31,38.07489776611328,38.80340087930462,37.56066296691655,38.760545254850626,41518734
2019-06-03,39.360496520996094,39.55333706434671,37.62495124739553,38.074905976361975,68717628
2019-06-04,39.87472915649414,40.1746989340986,39.1462259875006,39.36049104848246,48228314
2019-06-06,39.124813079833984,39.917593387376066,38.73913520147054,39.87474101631932,38638690
2019-06-07,38.567718505859375,39.31764636569553,38.18204066691558,39.06052889620834,33844962
2019-06-10,38.86769104003906,39.25336890575483,38.24632350652704,39.1890887165645,30704994
2019-06-11,39.08195114135742,39.31764404832753,38.460583687601044,38.95339404890394,29071948
2019-06-12,38.246315002441406,39.12480309738253,38.07490229252295,38.82483003766886,27013640
2019-06-13,37.75350570678711,38.224888219720825,37.30355100920631,38.16061131251328,29164400
2019-06-14,37.560665130615234,38.05347541539864,37.36782461773896,37.539237317153884,22298202
2019-06-17,35.84654998779297,37.56067069712508,35.632284899126454,37.49639051663997,48497176
2019-06-18,35.84654998779297,36.275080165126,35.41801981045994,35.43944435767112,33473518
2019-06-19,35.525150299072266,36.3393582427747,35.0323399697714,36.06081298974155,34912118
2019-06-20,37.62495040893555,37.946348037931834,34.45382648228704,34.58238357223011,79313114
2019-06-21,37.06785583496094,37.539238318861486,36.746458241016185,37.260693083557626,36798180
2019-06-24,36.767887115478516,37.367826692604694,36.51076641736674,37.13213707856955,23250672
2019-06-25,36.72502899169922,38.524857409104335,36.467911580477136,36.76788461809062,41673914
2019-06-26,36.72502899169922,37.0250020293127,36.339354509578726,36.70360444792878,40849068
2019-06-27,37.710655212402344,37.903492482422735,36.76789013986259,36.87502268307964,46311694
2019-06-28,37.389259338378906,37.98920226245011,36.96072914538889,37.98920226245011,29629216
2019-07-01,37.32497787475586,37.9249207782403,37.0678604216699,37.64637550846976,28009050
2019-07-02,37.64637756347656,37.75351011389592,36.89644971054107,37.30355536379021,25217104
2019-07-03,38.6962776184082,38.99624744482883,37.66780450443962,37.71065686972459,48533874
2019-07-04,38.546287536621094,38.803408254514494,38.09633281915913,38.610567716094444,25057928
2019-07-05,37.303550720214844,38.76055060900881,37.0678578308611,38.58914116521581,29997494
2019-07-08,36.33935546875,36.939295020961744,35.867969721404556,36.85359030476731,31169568
2019-07-09,35.91082763671875,36.93929737427468,35.50372203529609,36.46791486632395,35783038
2019-07-10,36.33935546875,36.703605416714375,35.803692818971406,35.99653006512156,28008224
2019-07-11,36.489341735839844,36.83216388299917,35.675133823520056,36.83216388299917,42242678
2019-07-12,36.38220977783203,36.70360738493404,35.86797164481351,36.25364942722102,35388772
2019-07-15,36.61790466308594,36.917877767861484,36.33936264572964,36.596480114518684,22431316
2019-07-16,37.00358581542969,37.13214619605249,35.22518465375454,35.33231721446477,56219808
2019-07-17,36.61790466308594,37.13214287009002,36.425067378850656,36.639332481079194,23803298
2019-07-18,34.903778076171875,36.617898610681,34.73236863826133,36.617898610681,48810210
2019-07-19,34.00386428833008,35.33230700332802,33.85387940056707,35.13946975755062,45727236
2019-07-22,34.00386428833008,34.49667457905885,33.48962945330679,34.218129347827336,38862190
2019-07-23,33.44643020629883,34.695098294939385,33.268048564729206,34.695098294939385,67148382
2019-07-24,32.35384750366211,33.580216585570994,32.06397776746884,33.3795359671233,59834290
2019-07-25,32.24235534667969,32.643709728359575,31.90789109371557,32.35384343100106,35149784
2019-07-26,33.089664459228516,33.40183315931728,32.26465325604137,32.33154679194229,40430868
2019-07-29,31.952489852905273,33.06737084287163,31.528833035309994,33.0450718621336,43128344
2019-07-30,30.570037841796875,32.30924944924621,30.324762665183897,31.885596037656597,57323194
2019-07-31,31.14977264404297,31.595725018051734,30.124084225230767,30.30246245295699,60363642
2019-08-01,30.703821182250977,32.6214178083995,29.945703484850885,31.172072549810665,117549076
2019-08-02,28.71933364868164,30.681524780395282,27.136201355489057,30.63692682098971,281168598
2019-08-05,28.51865577697754,28.674740134708298,27.49296561675078,28.49635849763696,77745740
2019-08-06,28.295677185058594,29.031497548026202,27.961212919753347,28.27337990760622,74853452
2019-08-07,27.269987106323242,28.763926810590025,27.069308206944946,28.317974456937467,65179606
2019-08-08,28.340272903442383,28.518654532731066,27.113903880309227,27.49296441725436,65465352
2019-08-09,28.674739837646484,29.365963995910267,28.16189391225935,28.607846299144388,93177798
2019-08-13,27.448368072509766,28.830821442190306,27.336879979850366,28.76392790612535,45999878
2019-08-14,27.89432144165039,28.362571107346646,26.890928571798412,27.64904796925458,61750900
2019-08-16,28.384870529174805,28.741630402597302,27.35917866309828,27.55985758042514,60584518
2019-08-19,28.76392936706543,29.09839366203131,28.27338241491816,28.429465072099553,48343076
2019-08-20,28.474058151245117,28.80852242882986,28.09499931711839,28.763927872287876,34878726
2019-08-21,27.604450225830078,28.563248426857108,27.314580527517773,28.540949449161428,53295988
2019-08-22,25.820642471313477,27.872022658510552,25.597666290045392,27.782831845768666,67172152
2019-08-23,26.868629455566406,27.069308356050097,25.396987020641397,25.53077238723945,74003176
2019-08-26,28.16189193725586,29.54434355917831,26.57875971390093,28.98690311466551,171129680
2019-08-27,29.72272491455078,30.34705888725884,28.228783515989793,28.295677049198947,122111998
2019-08-28,29.76732063293457,30.12408388909938,29.276773707467886,29.878808725192755,63236570
2019-08-29,29.321365356445312,29.566640496030875,28.69703142123807,29.388258885636485,40738824
2019-08-30,28.74163055419922,29.388263569648398,28.117298220656654,29.276775470675794,51795562
2019-09-03,29.142988204956055,29.745023255096108,27.55985754988453,28.317976958294004,95674256
2019-09-04,27.916616439819336,28.942308206135923,27.269986893019592,28.830820118594833,87579050
2019-09-05,28.11729621887207,28.317975122970292,27.782831945766123,27.91661731477385,64672246
2019-09-06,28.496356964111328,28.719333147864397,27.760534877256895,27.87202296913343,64879678
2019-09-09,28.05040740966797,28.25108463423222,27.64904955819257,27.91662032506054,59539696
2019-09-11,28.407167434692383,28.853118121187126,26.84633407785405,27.64904803542195,124385898
2019-09-12,27.87202262878418,28.85311646437878,27.693641003490658,28.340272268713104,65253332
2019-09-13,28.295677185058594,28.630139749190615,27.805128575240296,27.872022108770636,82726858
2019-09-16,27.849727630615234,28.295680029180176,27.760536810667567,27.983513009950038,45214758
2019-09-17,26.73484230041504,28.16189008472935,26.623354218846313,28.11729383139799,63417636
2019-09-18,26.601058959960938,27.113903153362862,25.619963427523746,26.913224251086785,87517596
2019-09-19,26.04361915588379,26.712547712615326,25.865237526952733,26.712547712615326,45176738
2019-09-20,30.85990333557129,31.283560137986278,25.731452666659866,26.19970232543294,239963748
2019-09-23,33.290348052978516,37.014049992207084,31.907896263859435,32.3761442524732,193732038
2019-09-24,33.51332092285156,34.60590285657478,32.68830972775989,34.20454504745419,127271202
2019-09-25,31.551132202148438,33.647107114709335,31.35045498370953,33.33494179661619,97096916
2019-09-26,32.77750015258789,33.0450709019356,31.238965792078556,31.662619195016873,89990698
2019-09-27,32.06398010253906,32.554527090557514,31.729515783115527,32.554527090557514,53042298
2019-09-30,30.63692855834961,32.220060941318515,29.388263878156422,32.15316740076337,83157378
2019-10-01,29.410558700561523,31.105179140100677,28.986905291850093,30.32476245916625,81585236
2019-10-03,30.168678283691406,30.48084357940106,28.697034112839518,28.986903831625078,68173516
2019-10-04,30.347057342529297,32.398437374996384,29.789616931405295,30.257864835341703,110873320
2019-10-07,28.71933364868164,29.722726493067942,28.317975830457797,29.4328567686648,72465768
2019-10-09,30.793014526367188,31.105179844875245,28.74163076812522,28.80852430847603,97749810
2019-10-10,30.703821182250977,31.551131398510712,30.124085120223466,30.547738527179984,82734552
2019-10-11,30.614627838134766,30.993686634490217,29.789616716103193,30.726115919553795,56732304
2019-10-14,30.146381378173828,31.082880732070606,29.745023540118986,30.70382187482034,51173574
2019-10-15,30.8153076171875,31.060582777890378,30.034890981573902,30.32476069812826,49618150
2019-10-16,31.952489852905273,32.08627353029318,30.815309882200875,31.21666771905812,71788182
2019-10-17,32.77750015258789,33.0450709019356,31.662619195016873,31.84100082869757,57115446
2019-10-18,34.561317443847656,34.895781806207474,32.57683025478506,32.911294617144875,97111442
2019-10-22,33.91468048095703,34.4052274274702,33.51332265113836,34.36063286912295,51458908
2019-10-23,33.58021926879883,34.137659805117885,32.86669266043282,33.87008562580712,46154628
2019-10-24,33.82548522949219,34.44981920296011,33.33493832260541,33.62480803196692,46717162
2019-10-25,33.31264114379883,33.73629794262983,32.621417002042904,33.71399896287945,43189820
2019-10-27,33.82548522949219,34.27143758163407,33.44642641064088,33.87007978423709,6952082
2019-10-29,35.34172439575195,36.055247488572284,33.75859216282699,33.892379231257394,86578470
2019-10-30,34.873470306396484,35.832268481555886,34.58360401825085,35.631591297094104,54417166
2019-10-31,34.226844787597656,35.274832188572695,34.026167579749085,35.00726144399239,44465264
2019-11-01,33.87008285522461,34.53901144408893,33.53561856079245,34.226846130224274,49722156
2019-11-04,33.53561782836914,34.204546402623954,33.00047632990396,33.468727692821,39711378
2019-11-05,33.42412567138672,34.18224667149965,33.312637589224195,33.51331817852449,30457340
2019-11-06,34.24913787841797,34.53900415050419,33.17885168177753,33.22344623114879,44008610
2019-11-07,34.20454406738281,34.40522466736623,33.51331996258601,34.115354957843365,31266310
2019-11-08,34.137657165527344,35.34172726993664,33.7585949082626,33.914680968240674,56768350
2019-11-11,35.319427490234375,35.65389177859775,31.66261929840008,31.66261929840008,149401258
2019-11-13,35.94375991821289,36.85796362688474,34.42752119760066,35.00726063271157,106604826
2019-11-14,35.2302360534668,35.85457003108613,34.516712965764604,35.76537751865682,53175710
2019-11-15,35.45321273803711,37.19242762829691,35.18564200161556,36.96945144755453,92706980
2019-11-18,36.634986877441406,36.835664077533096,35.141047159129734,35.76537773823564,50722484
2019-11-19,36.56809616088867,36.76877337644265,35.765380493979244,36.701883239489156,43672324
2019-11-20,37.0140495300293,37.7721672558502,36.12214472207678,36.47890800619652,64518682
2019-11-21,36.79106521606445,37.54918277472977,36.63498258955642,37.01404136888908,36595058
2019-11-22,36.27822494506836,36.902558949148656,35.98835522149394,36.76877187600766,34076928
2019-11-25,37.170127868652344,37.30391493522663,36.27822316441427,36.4789037642757,28764266
2019-11-26,36.0329475402832,37.68296970488408,35.87686151193641,37.57148162883413,45338914
2019-11-27,36.47890853881836,37.192431715129025,36.03295612833083,37.01405007046464,56724334
2019-11-28,36.32282257080078,36.701884842610504,36.07755078578219,36.657286879564495,30675730
2019-11-29,35.2971305847168,36.61268870852271,34.89577277330847,36.12214178451101,44893648
2019-12-02,35.4978141784668,36.032959157446996,34.5613147181854,35.00726716616198,54708950
2019-12-03,34.65049743652344,35.720783794134434,34.36063112084146,35.56470114668724,23437348
2019-12-04,34.5836067199707,34.73968936478395,33.825485670047605,34.53900876229851,31118414
2019-12-05,34.09305191040039,35.05185003407926,33.959268262057826,34.78427933504809,24081700
2019-12-06,34.115360260009766,34.427525594260615,33.736301382034604,34.29374190915895,27851382
2019-12-09,34.49441146850586,34.89576923926699,33.870077536471456,34.07075812302513,28335820
2019-12-10,34.27144241333008,34.650501285622305,33.95927708375928,34.42752507811547,19568330
2019-12-11,34.115360260009766,34.69509976915787,33.53562075086166,34.115360260009766,20218692
2019-12-12,35.00725555419922,35.207932728284874,34.048457428615,34.38292165365512,23996932
2019-12-13,36.0998420715332,36.61268796444651,35.09644926457753,35.20793735423927,44479456
2019-12-16,35.430912017822266,36.434304781852624,35.274829379442366,36.32281669696036,24483462
2019-12-17,35.899173736572266,36.05525642017486,35.31943416622285,35.364032134978444,19963266
2019-12-18,35.631595611572266,36.25592961999584,35.27483234894547,35.69848914860812,25784072
2019-12-19,36.12213897705078,36.23362706031328,35.386316947049,35.60929311357401,36856636
2019-12-20,35.85457229614258,36.61268998677909,35.765379778078675,36.27822569931945,38616174
2019-12-23,35.832271575927734,36.52349909738178,35.58699981844307,35.854570554947486,27608556
2019-12-24,35.631595611572266,36.122142545924135,35.47551296005303,35.89916635736905,18960686
2019-12-26,35.430912017822266,35.8991633353083,35.31942393293001,35.65388818760679,20576942
2019-12-27,35.54240417480469,35.8991674482728,35.3194279794738,35.453215057611025,18628394
2019-12-30,36.47890853881836,36.59039664144024,35.54240575491705,35.65389385753893,35485504
2019-12-31,36.345123291015625,36.835670286866666,36.211336200171225,36.50120596210272,30852726
2020-01-01,36.144447326660156,36.54580180859672,36.032959214489516,36.54580180859672,15595486
2020-01-02,37.45999526977539,37.68297143209548,36.03294919186529,36.12213829585484,45830882
2020-01-03,37.32621383666992,37.88365432647889,36.96945396460023,37.57148901312456,32227534
2020-01-06,35.832271575927734,37.08093954941035,35.475511728037354,36.81336881290594,31116068
2020-01-07,36.61268997192383,36.76877262553899,35.94376139727596,36.122143030984724,32269394
2020-01-08,35.899173736572266,36.34512620534956,35.67619750218362,35.80998460375574,23626612
2020-01-09,36.768768310546875,36.92485434819127,36.18903232196154,36.34511495725966,36401524
2020-01-10,36.27822494506836,37.01404704265061,36.144441274273966,36.94715350608012,38966888
2020-01-13,36.41201400756836,36.74647830634759,36.21133338689275,36.501203126304105,23008004
2020-01-14,36.27822494506836,36.523500111711314,36.03295318077201,36.41201201820935,26956658
2020-01-15,36.79106521606445,36.92485226869766,35.94375515486163,36.3897074605109,37946632
2020-01-16,37.25931930541992,37.459996497144665,36.70187888135527,36.92485505098113,34888576
2020-01-17,37.45999526977539,37.794459513255525,37.05863749712998,37.170125578290026,23785198
2020-01-20,37.8167610168457,38.329603502566336,37.45999777236083,37.48229675102105,42016494
2020-01-21,38.485687255859375,38.64176989014357,37.281613929210764,37.5491846454617,45125870
2020-01-22,38.30730438232422,38.90933932464316,37.90594661999621,38.68636316805495,37048832
2020-01-23,38.61948013305664,38.79786178726059,38.173527698720314,38.173527698720314,17338740
2020-01-24,38.57487869262695,39.02083104745501,38.39649707022644,38.70866576001396,16793090
2020-01-27,38.08433532714844,38.797858480808905,37.90595368814663,38.26271696615025,18181872
2020-01-28,37.74987030029297,38.730964192320755,37.571488664738816,38.30731078493301,29586850
2020-01-29,37.72756576538086,38.17351808743582,37.59378211017209,37.97284090344957,15974478
2020-01-30,37.19242858886719,37.883652725612905,36.67958267944514,37.705274498289235,25852860
2020-01-31,36.54580307006836,37.41541241642444,36.345125822173195,37.32621988220092,23954752
2020-02-03,34.78428268432617,35.230235026432915,33.357236550523126,34.33833034221942,59637824
2020-02-04,35.2302360534668,35.36402312093753,34.494413987070665,34.78428369835962,36677888
2020-02-05,35.832271575927734,36.70188072250022,35.274831123899155,35.274831123899155,46791122
2020-02-06,36.0998420715332,36.52349885365571,35.475511491304644,36.010652960742405,41258388
2020-02-07,37.3485107421875,37.48229781324739,35.58700025319608,36.2113308452181,59423780
2020-02-10,36.99174880981445,37.66067738433078,36.52350084906102,37.25932296149832,40267248
2020-02-11,36.969451904296875,37.66067603173011,36.83566483325996,37.237022644024144,29973116
2020-02-12,36.27822494506836,37.1478341157916,36.144441274273966,37.01404704265061,30092966
2020-02-13,36.36741638183594,36.969451388407855,34.739689584551485,34.739689584551485,84930628
2020-02-14,35.78767776489258,36.36741720800393,35.542402599957796,36.3005236718993,40580048
2020-02-17,36.36741638183594,36.880258874845694,35.497807236924054,35.78767695189468,38685458
2020-02-18,35.78767776489258,36.34511822852019,35.2971308373696,36.12214204306915,36953640
2020-02-19,36.23362731933594,36.45660348745493,35.56469881497897,35.87686408940703,34293110
2020-02-20,37.59378433227539,37.74986697375116,36.21132933031352,36.25592728703209,56978872
2020-02-24,37.8836555480957,38.4410960558802,36.835668073930215,37.014049716890625,60110352
2020-02-25,35.966060638427734,38.50798787960143,35.72078546500453,37.90595283851784,89225032
2020-02-26,34.76198959350586,36.52350368456195,34.60590692780391,35.966063162521465,65963618
2020-02-27,33.89237976074219,34.85117802654828,33.334939304151035,34.739689935230054,65392212
2020-02-28,31.17207145690918,32.978176520573925,30.993689827790707,32.55452312847081,71629682
2020-03-02,32.95587921142578,33.424127135613396,31.684915699564534,31.88559289530974,78547748
2020-03-03,33.6471061706543,34.338333730055126,32.3984415309694,33.04507112988241,47996244
2020-03-04,32.30924606323242,34.00386633668788,31.573427415200875,34.00386633668788,56142630
2020-03-05,32.019378662109375,33.04506697993132,31.595721907106732,32.57681907473422,67032040
2020-03-06,31.751806259155273,32.01938039356132,29.522044488081267,30.74841346217197,42092550
2020-03-09,30.703821182250977,31.81870215039623,30.23557321703799,30.347061313852517,45940006
2020-03-11,30.570037841796875,31.26126200819817,30.30246368463845,30.85990417480727,44473766
2020-03-12,28.228784561157227,29.142986575549006,27.002415548853474,28.98690392717966,59101524
2020-03-13,29.745023727416992,30.547739408581204,23.1895248065142,25.419286807140562,56002290
2020-03-16,28.251081466674805,29.432855907048317,27.6490464581363,27.73823727081655,34438506
2020-03-17,28.607845306396484,29.45515549254408,27.604452470724837,28.317975584510915,39301462
2020-03-18,28.65243911743164,29.388261191578174,28.094998667676162,29.16528501167598,36111328
2020-03-19,21.596073150634766,25.798431872675746,21.169095288088304,25.798431872675746,166428008
2020-03-20,19.75333023071289,22.20283336971534,18.47239654716245,22.112943015946133,192096270
2020-03-23,16.202672958374023,19.169044133780556,15.281300755712179,17.97800088907315,124225168
2020-03-24,15.977948188781738,18.629704045810023,15.798169205882948,16.06783853748903,117775450
2020-03-25,15.483553886413574,16.404926105606098,15.146466363695641,16.067838582888164,114305386
2020-03-26,19.258934020996094,20.000527291778504,15.191411397818474,15.933004668600883,201504334
2020-03-27,19.4611873626709,23.079260022767052,18.65217759310218,20.89942790552413,160023858
2020-03-30,19.034210205078125,19.416243801845614,18.24767256495893,18.5398158028096,63591868
2020-03-31,19.34882354736328,20.06794462774353,18.71959453086085,20.02299859580462,65267898
2020-04-01,18.472393035888672,19.86568896818084,18.022943066990987,19.348820818142276,74198586
2020-04-03,17.14651870727539,18.494868748282133,17.07910051941876,18.472394875986097,75110786
2020-04-07,17.91058349609375,18.315089219885287,16.764486231372196,17.978001688230954,98339876
2020-04-08,19.708385467529297,21.48371363952431,17.416190728432344,17.910585134271763,153634616
2020-04-09,20.51739501953125,20.674701847784142,19.798273926550994,20.22525180761492,79093120
2020-04-13,20.697174072265625,21.1690962730308,20.000526850706002,20.53986724351585,83697608
2020-04-15,20.989316940307617,23.05678641184734,20.809536240819025,20.899426590563323,120618254
2020-04-16,21.101680755615234,21.50618478274042,20.47244998295483,20.742121048887544,59662894
2020-04-17,21.978107452392578,22.247776788262154,21.438767066137604,22.20283247045583,55168130
2020-04-20,21.528656005859375,22.427556019222763,21.32640315994947,22.22530317331286,76100120
2020-04-21,19.82074737548828,20.742121389406122,19.73085873321762,20.29267131998901,47476294
2020-04-22,20.202777862548828,20.38255683401424,19.551075019011957,19.820744333467918,49507356
2020-04-23,20.989316940307617,21.214041957410448,20.517394747294833,20.65222941465337,37522844
2020-04-24,20.202777862548828,20.80953467733258,20.045469333686444,20.6747000201046,30088296
2020-04-27,19.91063690185547,20.76459268393815,19.730857910296294,20.539867658602276,40456038
2020-04-28,20.022998809814453,20.449976687960756,19.66343912303919,20.31514201973451,37068948
2020-04-29,21.551130294799805,21.910689992804183,20.02299943513634,20.292670494526536,84288170
2020-04-30,23.528709411621094,23.910742982504704,22.067996750367243,22.067996750367243,112716178
2020-05-04,22.157886505126953,23.12420477152689,21.685964308670453,22.494974033241004,65775106
2020-05-05,21.730907440185547,22.854532472553274,21.528656305971943,22.337665986373562,82112962
2020-05-06,21.393821716308594,22.22530533837763,21.214042724832282,21.798327447533083,57676760
2020-05-07,20.719646453857422,22.000580114845505,20.584811782836535,21.303932885807704,42808500
2020-05-08,21.146625518798828,22.135416018891064,20.71964760801855,21.30393407251575,61817766
2020-05-11,21.91069221496582,22.202835463638454,20.921901659284664,21.371351756001914,105240588
2020-05-12,21.843271255493164,22.067996275465383,20.96684504921419,21.88821728819711,48868408
2020-05-13,21.91069221496582,23.371405029296877,21.641022842741894,23.371405029296877,96004278
2020-05-14,22.157886505126953,22.292721173469406,21.303932462614195,21.5736017992991,49340482
2020-05-15,21.191570281982422,22.202832882012032,21.07920777086802,22.15788684885676,60025848
2020-05-18,19.708385467529297,21.25898859786712,19.10162854086128,21.214044275342083,85720864
2020-05-19,19.34882354736328,20.33761396131374,19.258933198001273,19.910636087731064,53863736
2020-05-20,19.483657836914062,19.57354818453565,19.034207813321895,19.348823172739568,52045920
2020-05-21,20.719646453857422,20.89942715822918,19.348824155199328,19.483658826220214,85035854
2020-05-22,19.59602165222168,20.58481211309875,19.506133013109494,20.51739563376461,59158260
2020-05-26,19.573545455932617,20.02299541687029,19.371292630607556,19.77579828125768,51950172
2020-05-27,19.416244506835938,19.820748564874904,19.32635414465526,19.685913878861914,60355422
2020-05-28,19.955583572387695,20.112890409335904,19.416243151468798,19.640968183975342,80238118
2020-05-29,19.079153060913086,19.933107041961467,18.876900215698885,19.66343772468634,323792914
2020-06-01,20.85448455810547,21.28146076577465,19.551078630280376,19.708385473683126,171032218
2020-06-02,21.438764572143555,21.618543536970787,20.225249272868332,20.854479936052705,117238724
2020-06-03,21.191570281982422,22.067996497062065,20.989317419073327,21.798327156193846,79069466
2020-06-04,20.562339782714844,21.21404269796636,20.337614757767142,21.191570538374766,103597862
2020-06-05,21.730907440185547,22.045522792151658,20.44997558909263,20.809535256547157,173253488
2020-06-08,23.84332275390625,24.405135267968678,22.315193744365885,22.472500562497075,254011848
2020-06-09,22.80959129333496,24.877060951357947,22.517448058943987,24.517501234464728,148922428
2020-06-10,23.686016082763672,23.910741089783222,22.80958821248428,22.921950715994054,107105024
2020-06-11,22.966896057128906,23.528708599764308,22.787117072195066,23.416346091237227,80749898
2020-06-12,23.528709411621094,23.70849011727407,21.1690966511341,21.1690966511341,96198120
2020-06-15,23.25904083251953,24.180413121629197,22.944425444538787,23.528710185351066,82433842
2020-06-16,22.854534149169922,23.88827062639609,22.360139784465474,23.84332459309468,70154678
2020-06-17,22.697227478027344,23.056787174380048,22.29272174805813,22.697227478027344,38956598
2020-06-18,22.989370346069336,23.101732856627805,22.517446430111082,22.60733678146103,35098548
2020-06-19,24.427608489990234,24.67480737856126,22.966895889781608,23.056786238851455,120628062
2020-06-22,24.539968490600586,25.034364502717427,24.157936689228343,24.472552021572582,76818960
2020-06-23,25.28156280517578,25.393925306532118,24.112993476876163,24.80964064238231,88155354
2020-06-24,24.33772087097168,26.29282790087113,24.11299584617791,25.596180666913618,118641256
2020-06-25,24.02310562133789,24.629862505707155,23.59612772905187,24.27030280702478,94386874
2020-06-26,23.573654174804688,24.94447640935243,23.281510972492445,24.71975139665556,151548420
2020-06-29,21.843271255493164,23.303983885312576,21.775854778211002,23.21409524893636,152281938
2020-06-30,21.101680755615234,22.427558781532277,20.96684607990684,22.112943395202073,123528246
2020-07-01,21.663490295410156,21.843269266306613,21.056731768030946,21.37134711024435,105136270
2020-07-02,22.067995071411133,22.22530360551826,21.528656424517397,21.68596324410878,84530050
2020-07-03,22.067995071411133,22.292720079122105,21.775853590096318,22.292720079122105,53897270
2020-07-06,23.25904083251953,23.37140334861866,22.22530602731074,22.382612864043146,116272766
2020-07-07,23.32645606994629,23.663543575497446,22.8545321905621,23.371400384880157,88996452
2020-07-08,23.34893035888672,24.00063327201465,23.19162181322639,23.438820711476065,110061010
2020-07-09,23.438819885253906,23.68601706027397,23.259039186412508,23.59612671085327,46082830
2020-07-10,22.989370346069336,23.461292547511743,22.742171451228025,23.146677175044854,57966652
2020-07-13,22.832061767578125,23.57365502193356,22.742171416365974,23.191621457910884,45835582
2020-07-14,22.65228271484375,22.87700773497309,21.888217303500827,22.87700773497309,63118664
2020-07-15,22.157886505126953,22.921951911755297,22.0230518367845,22.65228257507039,53613744
2020-07-16,22.56239128112793,22.6972259438317,21.730907717842463,22.180357736532198,46476580
2020-07-17,23.25904083251953,23.596128380816918,22.652283931390613,22.854535088756297,71358244
2020-07-20,23.169147491455078,23.730959999562696,23.034312832412393,23.461290681477326,62814696
2020-07-21,23.573654174804688,23.88826953548346,23.281510972492445,23.393873478840877,70678266
2020-07-22,23.214096069335938,23.641072250760065,22.877008527464746,23.573655771095368,54200490
2020-07-23,23.37140464782715,23.618601854083654,22.921954558445858,23.169151764702363,28925880
2020-07-24,22.65228271484375,23.70848962364531,22.42755769471441,23.124204914212196,76509250
2020-07-27,22.180356979370117,22.877005856170587,21.97810584947651,22.877005856170587,43106540
2020-07-28,22.989370346069336,23.12420501583633,22.15788673922715,22.202832772160043,79204666
2020-07-29,23.011842727661133,23.371402422019806,22.764645544946788,22.877008056591116,53738378
2020-07-30,22.090471267700195,23.16915038947986,22.02305307248825,23.034315713571893,60337950
2020-07-31,21.865745544433594,22.202833080794754,21.57360232711424,22.135414887716173,49294268
2020-08-03,22.157886505126953,22.697226893012598,21.865745009470942,22.0230518367845,76029582
2020-08-04,22.292722702026367,22.584865932229746,22.15788802443863,22.337668737566243,44491956
2020-08-05,22.023054122924805,22.562394566797593,21.9556359244972,22.427559884458397,63332670
2020-08-06,22.04552459716797,22.31519565572546,21.955634244315473,22.292721781625428,40779110
2020-08-07,22.450027465820312,22.6522803053263,21.955631445415044,22.09046781476281,57598154
2020-08-10,23.10173225402832,23.30398339614525,22.629808350380017,22.71969869938521,66092502
2020-08-11,23.461292266845703,23.551182617120297,22.74217117916479,23.32645759869173,66952384
2020-08-12,24.24782943725586,24.315245912979243,23.32645721957657,23.461291885539136,104139948
2020-08-13,27.461397171020508,27.86590289890777,23.506237102465803,23.82085247809858,490012704
2020-08-14,27.68612289428711,29.39403448674976,27.079366001633634,27.865903603340833,326473076
2020-08-17,28.180517196655273,28.98952690696988,27.034419964166602,28.09062684783903,140676118
2020-08-18,30.78732681274414,30.989577953040047,28.31535166719534,28.31535166719534,204509676
2020-08-19,31.12441635131836,32.00084258815431,30.180571920333836,31.16936067107347,278751190
2020-08-20,32.04579162597656,32.42782350280986,30.270461777467123,30.607549332737428,171868186
2020-08-21,31.169361114501953,32.607603370349125,30.96710995821074,32.337930589918386,101321394
2020-08-24,30.74238395690918,31.41655902864389,30.47271461402164,31.169360130728467,70954198
2020-08-25,31.43903350830078,31.596343788452465,30.65249582367106,31.124419806061763,75038948
2020-08-26,31.93342399597168,32.11320125344669,31.461500122521304,31.73116943776521,56312322
2020-08-27,32.58513259887695,33.07952702836383,32.00084609100836,32.113208617211384,86443966
2020-08-28,31.686222076416016,32.94468333191446,31.551385717244376,32.60759586301642,76800554
2020-08-31,30.405296325683594,32.15815219250282,30.113153109708435,31.91095329536267,90445214
2020-09-01,30.922161102294922,31.34913722696361,29.73111792686208,30.517655420011703,77244386
2020-09-02,30.764854431152344,31.236778353428345,30.360352130952045,31.236778353428345,45858094
2020-09-03,31.236780166625977,31.68623024096592,30.89969261087102,31.124417648040993,52795348
2020-09-04,31.371618270874023,32.63007649021594,30.270463471288704,30.65249536949907,137846682
2020-09-07,31.259252548217773,32.203096973423214,30.80980249535501,31.686228726824687,74891484
2020-09-08,30.360355377197266,31.461506741538262,30.15810077643954,31.461506741538262,40557300
2020-09-09,30.090675354003906,30.31540034822061,28.832217443809146,30.023260598963923,71915154
2020-09-10,30.450241088867188,30.74238430910548,29.37156027592753,30.337878575624135,61254696
2020-09-11,30.630023956298828,31.10194448778669,30.023267027796138,30.450243236623063,57127952
2020-09-14,33.61886215209961,33.911001915656755,31.056995035205123,31.236775725185144,183719108
2020-09-15,34.989688873291016,35.28183211803658,33.214362386735125,33.731230676818505,155684458
2020-09-16,35.46160888671875,36.1357839475726,34.36045422990512,34.83237814411549,136602062
2020-09-17,35.19194793701172,35.59645032672134,34.65260570234473,34.944748984160285,74062746
2020-09-18,35.8211669921875,37.48413420576788,35.34924650529045,35.596441971084616,157321946
2020-09-21,33.52897644042969,36.38298386121307,33.124470668649906,36.00095196582243,116476142
2020-09-22,33.461551666259766,34.31550736579281,31.798588011141273,33.528969853149746,183409824
2020-09-23,33.07951736450195,34.45034115531877,32.29297991086012,34.24808660982074,102200364
2020-09-24,30.292932510375977,32.47276445586288,30.045733623874423,32.360401949095184,123619818
2020-09-25,34.29303741455078,34.585177180210394,30.80979980861669,30.83227025188125,216778638
2020-09-28,34.42787170410156,35.68633316307376,34.18067624436062,34.652596719701485,158554890
2020-09-29,33.686279296875,34.9447407868568,33.146940617758055,34.80990440256171,118802004
2020-09-30,33.439083099365234,34.00089563991562,32.899741003017894,33.888533131805545,63968438
2020-10-01,34.27056121826172,34.60764870565446,33.61886011424826,33.8885294183562,80766028
2020-10-05,33.82111740112305,34.6525993358094,33.4390855315679,34.27056746625425,63372026
2020-10-06,34.24809646606445,35.14699667177777,33.73123159100502,34.15820781710599,86327116
2020-10-07,34.42787170410156,34.69754103701514,33.618863705360816,34.15820237118798,67246568
2020-10-08,34.24809646606445,34.94474549710514,33.75370203872856,34.40540674529001,72500202
2020-10-09,34.09078598022461,34.697542868566465,33.84359050743515,34.24809281364186,45294670
2020-10-12,32.9896354675293,34.29304134225933,32.80985475566449,34.15820495110275,63007572
2020-10-13,33.21435546875,33.52896909508144,32.69748728632146,32.832323657052854,47310856
2020-10-14,32.899742126464844,33.349192174252785,32.36040344073201,33.21435921733545,54638668
2020-10-15,32.5177116394043,34.76496197286737,32.360404801868256,33.48402996859979,130402932
2020-10-16,33.70875549316406,34.00089872657787,32.8772735434724,32.944691740265114,93940616
2020-10-19,33.461551666259766,34.068311919238134,33.28177440659506,34.04583804726433,48753314
2020-10-20,33.86605453491211,33.955946586280945,33.03457277667947,33.25929776155483,36224080
2020-10-21,33.933475494384766,34.42786981578144,33.618861861413635,34.000893681173274,53528702
2020-10-22,35.61891555786133,35.73127806750758,33.61886425777074,33.68627902033316,106991736
2020-10-23,36.765018463134766,37.52908223890077,35.304305681381145,35.75375576807456,177078364
2020-10-26,35.349246978759766,37.102102852646446,35.0571037616067,36.7874857614694,85003716
2020-10-27,36.74253845214844,36.94478958577704,34.293037260284464,35.439132732565625,122738484
2020-10-28,36.09083557128906,37.43918554138906,35.66385602333862,36.67511850091362,103075754
2020-10-29,36.11330795288086,36.495339779120414,35.19193748124799,35.416662488333785,67198704
2020-10-30,35.48408126831055,36.76501669708109,35.19194146921875,36.0908415994258,56976978
2020-11-02,36.765018463134766,37.14705035101777,35.32677612829659,35.866118289747924,66997366
2020-11-03,37.708858489990234,38.360559666840835,36.832428867396544,36.87737661396414,100294530
2020-11-04,37.731327056884766,38.20325094011048,36.89984522222983,37.529075923520296,62321794
2020-11-05,38.360565185546875,38.652708435107016,37.686390038422914,38.11336968902069,50579640
2020-11-06,38.203250885009766,38.944844087995655,37.911107692435756,38.203250885009766,51991888
2020-11-09,37.88863754272461,38.20325118083655,37.03468183052314,37.70885685136143,73498664
2020-11-10,40.922428131103516,41.326930429981836,38.00100282702125,38.51786763759504,179696784
2020-11-11,40.1134147644043,41.12467732149012,39.79880111825689,40.63028297938781,89819598
2020-11-12,40.495445251464844,40.96736913400012,39.93363273846164,40.2482498031623,66204356
2020-11-13,40.69770431518555,41.05726230585986,40.1358917400396,40.31566902086084,44889002
2020-11-14,41.0347900390625,41.39434801377887,40.81006501897789,41.0347900390625,8822526
2020-11-17,41.23704528808594,41.86627609272962,40.94490204710508,40.98984636978705,55298178
2020-11-18,42.765174865722656,43.14720673958973,40.944900709783454,40.944900709783454,95340830
2020-11-19,42.60786056518555,43.956210539665705,42.09099238916189,42.36066169825166,85247118
2020-11-20,40.81006622314453,43.19214944890959,39.82127404817734,42.9000062283731,113590808
2020-11-23,41.0123176574707,41.551656353682255,40.3606164471291,41.30446088001521,69712470
2020-11-24,41.0347900390625,41.439292331989456,40.607810443482734,41.304459377357695,40007254
2020-11-25,40.27072525024414,41.39435041587055,39.596550150868296,41.03479242028922,68555162
2020-11-26,39.93363571166992,40.56286645888838,39.461715223029856,40.405559629341695,59724916
2020-11-27,41.41682052612305,41.77637848902156,40.135888639548426,40.2033034001327,73912978
2020-12-01,41.64154815673828,42.18088684950893,41.05726171537693,41.86627318356468,54905174
2020-12-02,41.978633880615234,42.135940706780886,41.551654290700874,41.933689563000996,47382194
2020-12-03,42.78764343261719,43.124730970465635,41.97863539919996,42.02357971844007,74784020
2020-12-04,42.60786056518555,43.70901167273182,42.29324351372139,42.98989237214867,51797626
2020-12-07,42.78764343261719,43.30451167645783,42.517974088144776,42.69775479413697,35651176
2020-12-08,42.40561294555664,43.282042629697095,41.9336924347412,43.282042629697095,41993380
2020-12-09,42.85506057739258,43.10225947071222,42.40561053792536,42.652809431245004,41784992
2020-12-10,42.65281295776367,43.01237096164656,42.158418559279724,42.8550641206333,35182304
2020-12-11,42.293251037597656,43.14720685915822,42.0235816805343,42.65281246637008,32581782
2020-12-14,42.765174865722656,42.922481704487694,42.15841795675356,42.69775666938567,33653608
2020-12-15,42.67527770996094,43.282037975672964,42.56291520579671,43.057312967344515,38873224
2020-12-16,44.96748352050781,45.14726081585842,42.92248421008965,42.92248421008965,138697702
2020-12-17,44.76522445678711,45.88884958586827,44.49555511161398,45.371981340684584,73228010
2020-12-18,44.158470153808594,44.900063468152226,43.50676891246441,44.720282751185295,49097128
2020-12-21,41.57413101196289,44.270831401928056,39.75385687712366,43.798907462071405,72259948
2020-12-22,41.10220718383789,42.8775370028101,39.21451827734356,41.12468105876144,100568388
2020-12-23,42.78764343261719,42.96742413860938,41.12467961751087,41.48424102949525,51669532
2020-12-24,42.810115814208984,43.48429086640125,42.607864670163956,43.10225902263196,37100712
2020-12-28,42.83258819580078,43.46181547937371,42.49550068144463,43.102257521479395,26794260
2020-12-29,42.69775390625,43.147203947368425,42.293248183437086,43.01236756342022,30300262
2020-12-30,42.60786056518555,42.6977491918717,42.13593670250497,42.6977491918717,26547696
2020-12-31,42.90000534057617,43.371929258525135,42.42808485165891,42.585391681298,31206234
2021-01-01,44.540496826171875,44.90005821806283,43.01236605418266,43.01236605418266,54298768
2021-01-04,46.765281677246094,47.52934543316408,44.72028246430096,44.922533626446324,140626548
2021-01-05,47.07988739013672,47.259668075523464,46.04615102093645,46.65291126274564,54608574
2021-01-06,47.2371940612793,47.97878724311498,46.495600879443614,47.16977587583399,61217968
2021-01-07,49.91142654418945,50.24851406223927,47.97879006909119,48.0911525751078,106476080
2021-01-08,50.69797134399414,51.124947556368575,49.91143368928078,50.473246299790326,80365784
2021-01-11,52.56318283081055,53.102524957001826,50.855274670451024,51.01258150470322,90850640
2021-01-12,54.65311813354492,56.40597378148498,51.93394774970486,52.226087500168795,167238074
2021-01-13,54.67559814453125,56.38350624200871,53.169941193784126,55.327299332023806,102682148
2021-01-14,53.529502868652344,55.507083870492465,53.25983351136322,55.03515992346256,56257674
2021-01-15,53.75421905517578,54.60817473686722,52.72048611757571,53.39466111432716,66458616
2021-01-18,51.37213897705078,53.596915218272095,50.63054575363316,53.48455271257341,73270910
2021-01-19,53.32724380493164,53.79916425299178,52.00136423211946,52.09125629058192,55916264
2021-01-20,54.698062896728516,54.94526176503445,53.327242472483874,53.91152540724949,48497570
2021-01-21,53.70927810668945,55.61944071717841,53.035103067693356,55.05762818468166,67353844
2021-01-22,54.94527053833008,57.192520867096135,53.866589694716,53.93400789038535,143267554
2021-01-25,52.76543045043945,55.88910656489335,52.49576113744862,55.507074752403724,53373666
2021-01-27,51.754173278808594,52.20362332303788,49.43950486522143,51.1474164049054,86781450
2021-01-28,50.67549133300781,51.7991164179969,49.88895377351545,50.60807314210214,56816544
2021-01-29,49.799068450927734,52.36093244350358,49.21478199625444,51.462032315718105,59197908
2021-02-01,54.85537338256836,55.4846006337336,48.76532456524954,50.29345523743229,118087616
2021-02-02,59.46224594116211,60.18136194205532,55.73180896919213,55.75428284442151,153316476
2021-02-03,60.428550720214844,61.64206434040546,59.7768495962294,60.67574959015766,107830526
2021-02-04,61.080257415771484,62.428607529656624,59.799328922418596,60.22630508686956,76400672
2021-02-05,59.17009353637695,61.75443120145643,58.51839236636086,61.439817552972436,55639120
2021-02-08,61.05779266357422,61.48476884385205,59.821805013364724,59.821805013364724,45445984
2021-02-09,60.56338882446289,61.59712521868226,60.113938814633855,61.34992634166371,36810810
2021-02-10,60.18135070800781,60.76563706458375,58.92289622684434,60.54091207036705,45707982
2021-02-11,60.6982307434082,60.90048189469301,59.73190901917091,59.776856767484645,34247574
2021-02-12,57.641963958740234,59.77685151276766,56.585757117817174,56.96778894167895,159256510
2021-02-15,58.608280181884766,58.877952938569095,57.48465855483674,58.518391549011014,60409308
2021-02-16,57.8666877746582,59.37234802502976,57.417237772524935,59.05772753708625,45574508
2021-02-17,59.417293548583984,59.66449244066645,57.52960476388178,57.97905480109961,46044076
2021-02-18,58.18130874633789,59.7094430612613,57.91164282586692,59.7094430612613,45524980
2021-02-19,55.462135314941406,57.956580965720946,54.6081795578599,57.956580965720946,59780296
2021-02-22,54.90031814575195,56.45091927300811,54.33850564616184,55.64191133101717,51046286
2021-02-23,56.563289642333984,57.64197047742551,54.20367681577271,55.080106494486,67447482
2021-02-24,56.87790298461914,57.39476777877004,56.18125406262988,56.945317746269,17868540
2021-02-25,58.94536590576172,59.19256478219277,57.21498748687013,57.59701587947914,48176864
2021-02-26,57.91164016723633,58.653229987065856,55.95652975777547,57.866692420189494,59329252
2021-03-01,58.27119445800781,60.38361511488495,56.855429587011116,58.74311836769448,69795492
2021-03-02,59.57460021972656,60.20382749074025,57.84421493734457,58.765588829806894,53712482
2021-03-03,59.08020782470703,60.226306826221716,58.76559416066037,59.77685677527977,36491522
2021-03-04,58.85547637939453,59.507177510561355,57.664436617540076,58.15882750481091,39206900
2021-03-05,56.7205924987793,58.967842652122876,56.18125383358948,58.54086649460024,52588100
2021-03-08,56.54082107543945,57.5071359980583,56.023952800925585,57.48466555162063,39900468
2021-03-09,55.462135314941406,57.5071309282077,54.585705684371575,57.08015476418277,49283028
2021-03-10,55.686859130859375,56.81048420037215,55.37224205397685,55.95652846173613,32785386
2021-03-12,54.85537338256836,56.495863124718035,54.27108701616481,56.22619381292846,33679072
2021-03-15,54.60818099975586,55.55202541764899,52.60812965162442,55.55202541764899,41014968
2021-03-16,55.39472198486328,55.68686522069126,53.95648311021592,54.630658225650365,25448294
2021-03-17,52.65306854248047,55.619437876768515,52.1586742249377,55.507075376007364,59441284
2021-03-18,50.877742767333984,53.84411575187598,49.574340404526225,53.48455435101282,96049702
2021-03-19,52.27104568481445,52.585659369257044,48.54060864854496,50.09121005320513,71876572
2021-03-22,51.12493896484375,52.47328900347699,50.563126448746566,52.18114580930016,32784338
2021-03-23,51.57439422607422,52.49576821784775,51.14741804200267,51.237306682112944,34559802
2021-03-24,50.405826568603516,51.66428472047398,50.20357197754852,51.34967103976435,31786578
2021-03-25,49.34961700439453,50.65301940994022,48.203518001965854,50.54065689711513,71160814
2021-03-26,51.259769439697266,51.82158189112301,49.93388999691386,50.113670667176315,47307636
2021-03-30,51.07999801635742,52.02384241980896,50.2035683760561,51.91147990918302,33967232
2021-03-31,51.01258087158203,52.13620600091203,50.60807513921687,51.10246951031572,32966912
2021-04-01,53.10252380371094,53.372193146433936,51.01258039680212,51.799117980012724,43877468
2021-04-05,50.94516372680664,52.85532648599152,49.79906812871482,52.76543784540731,44723816
2021-04-06,50.56312561035156,51.59686199444243,50.33840060763889,51.41708130646601,31223162
2021-04-07,52.473289489746094,52.65307018236951,50.56312691731422,50.78785192583562,43842646
2021-04-08,55.16999435424805,56.0913683403309,52.698019047133066,53.012632714607705,108031852
2021-04-09,54.47334289550781,56.45092373622611,54.09131105138797,55.844166874502626,54981324
2021-04-12,50.405826568603516,52.74296558567148,49.77659577815231,52.74296558567148,72217578
2021-04-13,51.82158660888672,52.04631160991566,50.1136752294542,50.81032410425648,47245584
2021-04-15,50.338409423828125,51.61934147782449,49.46198313136535,50.85527770639705,45025684
2021-04-16,51.07999801635742,52.068786738252996,50.3384047604199,50.563129781671776,38027786
2021-04-19,49.39456558227539,49.57434630410171,47.73159819167203,49.19231098433376,72906514
2021-04-20,50.72043228149414,51.372136844917286,49.77658795860454,49.911424331459365,64153668
2021-04-22,50.832801818847656,51.55192123920792,49.52939594061426,49.888957365310326,45227982
2021-04-23,50.02378845214844,50.742907796251004,49.52939068836088,50.338402093620964,56400114
2021-04-26,51.282249450683594,51.574392665751276,50.270986849394355,50.51818574576663,36275872
2021-04-27,51.9564208984375,52.765432294718245,51.01257655546428,51.551915200297124,45522088
2021-04-28,52.56318283081055,53.619393208714875,51.59686795081915,52.18115096790328,44924706
2021-04-29,51.73169708251953,53.66433355755354,51.55191638709263,53.057576710890345,45921400
2021-04-30,50.653018951416016,52.02384296708583,50.38334960888326,51.12494287262214,35941616
2021-05-03,50.2709846496582,50.54065397906225,48.67543911708251,49.3046664093481,39515040
2021-05-04,49.799068450927734,51.16988908838146,49.59681386475689,50.31593328117889,29921150
2021-05-05,50.405826568603516,50.608077730626576,49.349619578756105,50.29346404991694,24173622
2021-05-06,51.259769439697266,51.4620205505981,49.93388999691386,50.67548311860206,28073196
2021-05-07,51.34967041015625,51.70923183715741,50.832802144729044,50.90022034092075,21557194
2021-05-10,52.13621139526367,52.315992120364115,51.39461804736945,51.686761297028646,21917516
2021-05-11,52.023841857910156,52.54071008701322,51.304722483477555,51.66428045617803,20323962
2021-05-12,50.990108489990234,52.45082120087793,50.697968691038184,52.13620752706871,22071912
2021-05-14,50.38334655761719,51.462027291453964,50.068732915220906,51.23730228144762,31041666
2021-05-17,51.86653518676758,52.13620452436312,50.18109754050584,50.85527259901053,33729546
2021-05-18,55.25988006591797,55.4846050819307,52.360928730966386,52.58565374697911,96450974
2021-05-19,56.091365814208984,56.33856127636875,54.06884065401922,55.417190760812396,71673114
2021-05-20,56.563289642333984,57.08015789967283,55.50708268196531,55.866644103339766,51759124
2021-05-21,56.38351058959961,57.01274138099147,55.66439115473689,56.63070950269239,31001986
2021-05-24,56.181251525878906,56.83295267196652,55.93405264755245,56.40597653198242,19110296
2021-05-25,56.78800964355469,57.91163812856884,56.40597781032691,56.40597781032691,49863022
2021-05-26,56.405982971191406,57.41724561410122,56.271146580524025,56.83295915991836,18211102
2021-05-27,56.810489654541016,57.08015901130774,56.20373274455791,56.540820297774296,20396392
2021-05-28,56.00147247314453,57.349822549202734,55.529552003943095,56.788010017511816,19618182
2021-05-31,55.48460388183594,56.56328462117223,55.282352743411685,56.181252788020004,15563960
2021-06-01,54.67559814453125,55.93405620124648,54.42839925049935,55.68686073624626,25048018
2021-06-02,55.7767448425293,55.934051658213086,54.49581301620216,54.67559370371138,15358980
2021-06-03,55.88911056518555,56.630703800763776,54.65312298223237,55.79922193076523,32734872
2021-06-04,57.70937728881836,58.29366366075534,55.61943753088301,55.9789989026952,34164202
2021-06-07,57.70937728881836,59.17008978962943,57.52960003194364,58.248722775568034,34547618
2021-06-08,58.31614303588867,58.58581580471351,56.855430397224794,58.18130665147625,26554762
2021-06-09,56.922847747802734,58.788066083094144,56.45092383836855,58.428504682665086,24386178
2021-06-10,57.01274108886719,57.52960935875615,56.450928497473086,57.08015928564087,21803568
2021-06-11,59.25999069213867,59.46224183912297,57.41724277947423,57.41724277947423,71563862
2021-06-14,58.31614303588867,58.9004294629669,57.21499180297012,58.9004294629669,27001676
2021-06-15,57.95658493041992,58.74312254987364,57.754333771316006,58.27119860658865,15959394
2021-06-16,56.58576202392578,57.93410874592149,56.40598131798244,57.731857594880076,31377248
2021-06-17,54.47334289550781,56.24867259199549,53.75422352498252,56.13631008319368,48288454
2021-06-18,52.338462829589844,54.99021910824381,51.035060281415916,54.832912258881315,81842142
2021-06-21,52.69801712036133,52.967686458198635,50.51818511504824,51.6418102135634,30047644
2021-06-22,53.23735427856445,54.60817823129182,52.967684948413776,53.43960884795115,38043042
2021-06-23,53.529502868652344,54.023897261854394,52.96769027887003,53.86659042252173,20937408
2021-06-24,53.1249885559082,54.13625105452852,52.85531924208239,53.933999926417,27542844
2021-06-25,55.462135314941406,58.2037798579659,54.83290457661652,55.28235461412977,208657372
2021-06-28,56.06888961791992,56.585757823250134,55.192463456426765,56.06888961791992,43544652
2021-06-29,55.5295524597168,56.63070365925637,55.34977176229379,56.15877975714993,25644506
2021-06-30,55.10257339477539,56.068891652141666,54.85537793388833,55.82169276222298,25856228
2021-07-01,55.03515625,56.361035930806175,54.94526761324745,55.64191654969066,42685376
2021-07-02,55.03515625,55.48460629182616,54.83290510279091,55.48460629182616,15048404
2021-07-05,56.13631057739258,56.338561723403714,55.2823548171746,55.37224345339474,23490254
2021-07-06,54.922794342041016,56.83295704075646,54.36098178359529,56.1587819706216,47270528
2021-07-07,55.5295524597168,55.70932972810821,54.8329035430895,55.282353572131214,14321592
2021-07-08,55.731807708740234,56.38350892727002,55.01268829507899,55.664389513608775,29998080
2021-07-09,56.13631057739258,57.08015497383069,55.73180485633862,55.73180485633862,40017930
2021-07-12,56.58576202392578,56.922849561682646,56.22620061203909,56.58576202392578,18946678
2021-07-13,57.08015823364258,57.21499462470487,56.63070816881074,56.7430706850187,22318534
2021-07-14,57.48466110229492,58.001529336803074,56.85543035719942,57.057681504643966,29109352
2021-07-15,57.88916778564453,58.06894506233848,57.48466205501963,57.48466205501963,21613622
2021-07-16,57.46218490600586,58.00152699244454,56.967790565210734,57.91163835922054,14497658
2021-07-19,56.06888961791992,57.259932848716105,55.68685778929551,56.81048283173879,22947370
2021-07-20,55.43966293334961,56.13631188185483,54.49581851497901,56.13631188185483,14595184
2021-07-22,55.754276275634766,56.18125242243264,55.14751600624728,56.136308106301,13507116
2021-07-23,55.866641998291016,56.203729532241205,55.48460671658876,55.866641998291016,16886400
2021-07-26,54.76548385620117,55.934053213966635,54.5632327202725,55.934053213966635,14022322
2021-07-27,55.012691497802734,55.39472338707963,54.293572042275855,54.96774717477581,24320658
2021-07-28,54.60818099975586,54.900324217659666,54.29356733680206,54.47334461332895,12580054
2021-07-29,56.271141052246094,56.40597742966667,54.83290236190704,55.19246374900756,17331254
2021-07-30,59.68696975708008,61.79938368224216,56.85543298766279,57.03521369872659,156657528
2021-08-02,60.58586502075195,61.73196396139504,60.0240524869135,60.65327978158731,35149884
2021-08-03,63.484825134277344,64.4061991892549,60.5858734289621,60.5858734289621,84011902
2021-08-04,60.765647888183594,63.799435850488514,60.585870604013266,63.799435850488514,54896066
2021-08-05,60.38361740112305,61.68701981240379,59.46224342029046,61.012844732486805,41834602
2021-08-06,60.29372024536133,61.32745671107575,59.64201905764899,60.65328164970504,23700928
2021-08-09,59.349876403808594,61.84432538184822,58.990315016855156,60.6757525887653,32652280
2021-08-10,59.0352668762207,60.09147038005438,57.91164174997412,59.68696807783102,19593782
2021-08-11,60.00157928466797,60.99036798366408,57.889165505434626,59.30493036330824,29020364
2021-08-12,60.04652786254883,60.58586653691811,59.39481982053665,60.4060824067528,21191898
2021-08-13,58.56333541870117,60.47349788762003,57.304874067565635,60.24877289127664,72957938
2021-08-16,57.529605865478516,58.96784464050279,57.34982516134255,58.56334234248652,25173838
2021-08-17,56.810489654541016,57.73186024257999,55.77675311973134,57.52960908226292,46373634
2021-08-18,56.2486686706543,57.21498686478997,56.06888798329837,56.990261862852904,28661530
2021-08-20,53.484554290771484,55.82169310665473,53.12499289031331,55.79922266227087,42062378
2021-08-23,52.9227409362793,54.5407603555312,51.61933516584275,54.046366009236394,41826506
2021-08-24,53.79917526245117,54.158736711818825,52.20362947483345,53.214892193518864,29085190
2021-08-25,53.439605712890625,54.630648899300546,53.30476934120974,53.934000027334925,36404354
2021-08-26,52.832855224609375,53.82164397189579,52.58565632327188,53.754225777982676,17745562
2021-08-27,54.04636764526367,54.15873015596069,52.83285390134861,52.87779821982107,26832648
2021-08-30,54.698062896728516,56.04641287869255,54.158724275555436,54.338504958956904,39247804
2021-08-31,55.443336486816406,55.62400792628316,54.04313886148595,55.05941183171273,40093494
2021-09-01,55.33041000366211,56.12084443228585,54.833566194874166,55.33041000366211,39771658
2021-09-02,55.036827087402344,55.87242862541783,54.60773543021148,55.51108918936792,23817142
2021-09-03,54.47222900390625,55.55625416461513,54.0657191378878,55.08199207992344,63925022
2021-09-06,55.01424789428711,55.51109179594875,54.60773799437439,54.743238996997775,35571090
2021-09-07,54.47222900390625,55.84984481485185,54.22380879679902,55.28524873594316,39321822
2021-09-08,54.96907043457031,55.17232708160632,53.9979679785858,54.69806501787647,30935942
2021-09-09,56.595115661621094,57.31779799598541,54.720655880035906,54.94649432490108,78402020
2021-09-13,55.69175720214844,56.88869810253294,55.57883798920493,56.88869810253294,18570056
2021-09-14,56.39185333251953,56.662858749947596,55.87242427227025,56.00792870399471,23362982
2021-09-15,57.97272872924805,58.243730714657474,56.52736068491724,56.84353311391593,35723328
2021-09-16,57.47588348388672,58.55990524857336,57.18229282010861,58.198569255039345,18248838
2021-09-17,56.52735900878906,58.0178905604704,56.25635358539436,57.92755656801247,21091092
2021-09-20,56.50477600097656,57.995307611042556,55.10457838690691,56.007932130954565,30117304
2021-09-21,57.31779479980469,57.475881013190794,55.87242676565212,56.45960806796738,20683918
2021-09-22,57.95014190673828,59.101919266029284,57.453294609148635,57.588799044131434,31760380
2021-09-23,58.19856262207031,59.14707983505676,58.04047297388515,58.49214980636675,25034286
2021-09-24,57.543636322021484,58.717995543691075,56.59511554475071,58.58249109864331,22678080
2021-09-27,58.898658752441406,59.598759251550305,57.81463706430246,58.19856514537432,52792584
2021-09-28,58.55990219116211,59.711679563533835,57.90497212202272,59.14708348806161,30431960
2021-09-29,58.424407958984375,59.147086841335074,57.001621632906044,58.717995178057734,37983758
2021-09-30,60.434364318847656,60.75053673758658,58.04047561918123,59.01157809645975,73260934
2021-10-01,59.05674743652344,60.75053560391895,58.58248537124436,60.50211196095927,51912930
2021-10-04,58.65024185180664,59.463254669871176,58.266313771688104,59.3955058990464,26848524
2021-10-05,59.7342643737793,60.16335600977614,58.46956779501869,58.71799144492483,26485000
2021-10-06,58.65024185180664,60.7053660099653,58.37923298442393,60.07302117546138,25570056
2021-10-07,61.36030578613281,62.55724673949401,59.2600041971989,59.621347073019564,85764568
2021-10-08,60.93120574951172,62.3314067744502,60.79570820493994,61.518387046809856,27788776
2021-10-11,61.766815185546875,62.850836973119755,60.97638062192927,61.382887069258494,29886084
2021-10-12,62.82825469970703,63.23476112152863,60.818287136139126,61.76681130977886,31929934
2021-10-13,66.14806365966797,67.61601320814013,63.77676054290526,63.86709452132616,122877284
2021-10-14,65.38023376464844,67.29986066274692,64.81563761814888,67.29986066274692,35989662
2021-10-18,65.3576431274414,66.26099688702467,64.88338102525174,65.49314756978734,63175806
2021-10-19,63.07667541503906,66.62234178552643,62.444330521010365,66.39650333879582,34211202
2021-10-20,61.69905471801758,63.57351071404874,60.7957011021874,63.12183390613365,35568772
2021-10-21,63.70903015136719,64.04778783715038,61.631313588413185,62.241080179640036,26070538
2021-10-22,62.87340545654297,65.15437453981103,62.55723309368337,64.31876975250154,39262378
2021-10-25,62.06039810180664,63.754186334847674,60.38919509028122,62.55724540698213,29963668
2021-10-26,64.74787139892578,65.01887334103128,61.83455055399477,62.10555938814122,25035678
2021-10-27,64.07037353515625,65.6964063037164,63.79936462770816,65.13181015656855,24290316
2021-10-28,63.82194137573242,65.26730594206174,63.325094075412075,64.02519458330278,38467518
2021-10-29,64.31878662109375,64.90596795871069,61.58614693994987,63.686441729532376,32011548
2021-11-01,65.17697143554688,65.69639706102889,63.93486008657161,64.31878127739341,30059442
2021-11-02,65.2898941040039,66.8255927326386,64.99629999803048,65.60606654024726,29020244
2021-11-03,64.68013000488281,65.85449268905006,64.02519988534597,65.44797934820333,21927930
2021-11-04,65.47055053710938,65.60605495501157,64.88336932089385,65.1092077200505,4170928
2021-11-08,65.9674072265625,67.86444867295552,65.67381313035614,66.10291166388528,43658590
2021-11-09,67.68378448486328,68.97105948160271,66.03515970694605,66.14807892904822,62083556
2021-11-10,67.14176177978516,68.22579036766984,66.64492137420797,67.48051942124127,18592860
2021-11-11,66.12548828125,67.41277006442253,65.17697102863396,67.41277006442253,20191136
2021-11-12,65.80931854248047,66.71267228195732,65.35764167274203,66.50941906898345,17169944
2021-11-15,68.70005798339844,69.01623042917541,64.72529995808715,65.87707741031406,50837488
2021-11-16,66.4416732788086,69.3324026181218,65.6286534983635,69.10656417311164,81729670
2021-11-17,65.94482421875,66.84817797517123,65.04147046232876,66.44167154159855,32685608
2021-11-18,62.96375274658203,66.69008691374874,62.6024167652177,66.17066127150598,41595928
2021-11-22,60.366607666015625,63.641264797070875,59.124496340442946,63.41542637423948,38827728
2021-11-23,60.99896240234375,61.26996438792089,58.87608250113353,60.140772217910985,59002720
2021-11-24,61.08929443359375,62.03781858272506,60.70536635131635,61.56355650815941,24651194
2021-11-25,60.41178512573242,61.3828876999085,60.073027452130184,61.33772414532037,18181462
2021-11-26,56.75319290161133,60.050431607182965,56.504769273168655,60.050431607182965,50404646
2021-11-29,54.76582336425781,56.64028316242428,53.63663112994322,56.05310182217221,44843646
2021-11-30,54.06572341918945,56.09826946421193,53.77213619172544,55.24008611313056,29759898
2021-12-01,55.01424789428711,55.46592479507429,53.930222643193616,54.20122809446167,32144264
2021-12-02,54.20122528076172,55.330417474110924,53.388205523141856,55.1271642577165,35183288
2021-12-03,54.49481964111328,55.62401191114869,54.38190041410974,54.58515364430758,29262336
2021-12-06,53.86246871948242,54.788407715290795,53.297872611311746,54.63031804818607,24436936
2021-12-07,55.307830810546875,55.75950767611613,54.404477079408366,54.67548595556672,25640504
2021-12-08,56.979034423828125,57.09195363455865,55.60141867450736,56.32410093397856,37024958
2021-12-09,57.56621170043945,58.15339296902041,56.843529447892685,57.724301350764115,32496402
2021-12-10,57.76947021484375,58.06306085863485,57.22745592337845,57.70171799765797,17900672
2021-12-13,57.882389068603516,58.87608371228741,57.65655407597686,58.35665116817225,21658406
2021-12-14,56.888702392578125,57.67913694279033,56.369276730684184,57.56621772133144,18990174
2021-12-15,57.024208068847656,57.47588496444249,56.595116396441064,56.91128884494895,12869400
2021-12-16,56.933868408203125,57.88238565943239,56.4596063365676,57.70171767597209,14921590
2021-12-17,55.64659118652344,57.25004551627532,55.172332522048656,57.25004551627532,15929464
2021-12-20,54.11088562011719,54.58514422407231,52.846189117528716,54.246386601524044,31069896
2021-12-21,55.26266098022461,56.03051367994196,54.17863586922535,54.22380631028348,17574746
2021-12-22,56.166015625,56.68544469185866,55.62400478324716,55.917595425038655,14547484
2021-12-23,56.84353256225586,57.11453799105624,56.32410348020955,56.59511235503092,14078720
2021-12-24,55.48851013183594,57.04679760712152,55.33042389562417,57.04679760712152,11728990
2021-12-27,55.46592330932617,55.64659130798453,54.336731087605536,55.33041886431123,15378112
2021-12-28,55.556251525878906,56.05309536251593,55.375580100005216,55.84984216217104,12909000
2021-12-29,54.76582336425781,55.782096375140945,54.65290414082635,55.37558648158345,16792994
2021-12-30,54.47222900390625,54.946491088597945,54.13347135656104,54.946491088597945,15717244
2021-12-31,55.307830810546875,55.84984511684259,54.427062301095226,54.47222929844796,17978960
2022-01-03,57.67913055419922,57.95013941250029,56.075679854695345,56.4596044759275,38036710
2022-01-04,57.543636322021484,57.90497576544688,56.82095398914953,57.814641766095825,25454952
2022-01-05,59.508426666259766,59.734265097630775,56.93386992703871,57.36296156823522,34300012
2022-01-06,59.82459259033203,60.140764981483,58.31147939980909,58.35664294594996,24039798
2022-01-07,59.80200958251953,60.43436128024495,59.19224999676176,60.43436128024495,12471108
2022-01-10,60.637611389160156,60.93119855713293,59.80200653871282,59.80200653871282,12538922
2022-01-11,61.04412078857422,61.473219290502776,60.07301836135388,60.29885677624619,15277486
2022-01-12,62.7379150390625,62.918589923879956,60.750539550365545,61.31513564284106,23802350
2022-01-13,62.35398864746094,62.8734142525379,61.49579852302049,62.8734142525379,18006402
2022-01-14,62.21849060058594,63.00892514542097,61.81198416291626,62.17332015549274,12107922
2022-01-17,62.91858673095703,64.09294240848591,62.12815224160341,62.21848623340689,40334058
2022-01-18,61.17963409423828,63.37026979341287,60.63762319824902,63.37026979341287,20914630
2022-01-19,62.08298873901367,62.489502085630114,58.853501649780725,61.15704971243699,20185162
2022-01-20,62.8056755065918,63.86711210636246,62.10557491999424,62.46691782521001,37728308
2022-01-21,62.4669075012207,63.21217152027279,61.202210988004914,62.670160698049315,22807336
2022-01-24,59.982688903808594,62.71533530878831,58.9664159600424,62.33140721765984,31967632
2022-01-25,59.1019172668457,59.68909164517295,57.814635516115544,59.282585246016914,44356016
2022-01-27,59.169673919677734,59.48584637137438,56.775784970473104,58.672826572695485,33761480
2022-01-28,59.05674743652344,61.111878458038326,58.71798980304434,59.57617305104138,29475220
2022-01-31,59.86976623535156,60.389191842061784,59.147080537975825,60.27627263259942,12301966
2022-02-01,58.92124557495117,60.36661016243584,57.83722385734817,60.32144661122688,33492430
2022-02-02,60.54728698730469,60.976378643797034,59.53101400990807,59.89235689139086,35545272
2022-02-03,61.49580383300781,62.26366003487292,60.07302443221948,60.52470130764971,38244016
2022-02-04,61.51838684082031,62.73791298217637,61.22479963917527,61.60872083424633,34586822
2022-02-07,61.24738311767578,62.105566368865226,60.88604026221222,61.405465878662405,18793660
2022-02-08,60.524696350097656,62.01523129533674,60.25368749022088,61.518384016243175,24545842
2022-02-09,62.24107360839844,62.44432682000089,60.93120655976995,61.04412577644264,23846054
2022-02-10,61.51838684082031,62.715334652851304,61.066709981648295,62.6024154380583,16430460
2022-02-11,60.07301712036133,61.3151283766094,59.77942994388286,61.3151283766094,17857040
2022-02-14,55.98534393310547,58.35664738518653,55.420747873086164,56.888697629136345,46982806
2022-02-15,58.04047775268555,58.379235404938576,55.307831312769366,56.45960870883808,31792558
2022-02-16,57.90497589111328,58.69541044822454,57.453299001335424,58.401823226685885,21888804
2022-02-17,57.27262878417969,58.62765940103547,56.820951911894426,58.26631652479884,24435610
2022-02-18,57.137123107910156,57.656552189004444,56.549941808234706,56.57252702976875,16518366
2022-02-21,56.4144401550293,57.295208648185046,55.60142043363865,57.1371224373649,23499688
2022-02-22,56.166015625,56.459606266791496,54.65289886625417,54.65289886625417,25141182
2022-02-23,56.0079345703125,57.11454157655939,55.55625767861643,56.45961146200857,37967346
2022-02-24,51.33307647705078,55.10457761651811,50.949151830402194,54.652900750808946,68063742
2022-02-25,53.29787063598633,53.99797116257931,52.12351146371965,52.12351146371965,37558066
2022-02-28,53.591461181640625,54.11089027005513,52.10092613593309,53.29787052766538,33683862
2022-03-02,53.25270462036133,53.45595783710997,52.55260408085625,53.29787161896979,26599160
2022-03-03,49.774784088134766,53.88504589890357,49.594116117305035,53.72695625539657,51346448
2022-03-04,47.80999755859375,49.54895287556828,46.116209240887166,49.54895287556828,93817612
2022-03-07,44.78376388549805,46.929229091573646,43.722323893801715,46.929229091573646,80425360
2022-03-08,44.85151672363281,45.30319361532692,42.096284927481825,44.78376450067446,83328458
2022-03-09,48.21650695800781,48.6681838381765,45.09993579563962,45.61936489703783,64571020
2022-03-10,48.12617111206055,51.8299200087901,47.69707602476734,50.58780863603042,92927958
2022-03-11,47.83258056640625,48.32942442739017,46.861474620016175,47.87774756358279,45185172
2022-03-14,48.464927673339844,48.71334787471343,46.74855425466363,47.968080378550845,44459682
2022-03-15,49.661865234375,50.113542056683166,48.62301061067861,48.735929816255656,57685944
2022-03-16,52.168678283691406,52.53002115670547,50.203884595977364,50.5652240229704,60750262
2022-03-17,51.69441604614258,52.9365274303061,51.24273917917402,52.84619343532079,59261238
2022-03-21,50.045799255371094,52.07834519802752,49.68445637604596,52.05575997581179,32646214
2022-03-22,50.67814254760742,51.26532384672723,48.532677452700334,49.72962182643165,45919240
2022-03-23,50.65556335449219,51.15240723891093,50.339387467301236,51.016902794968935,26312128
2022-03-24,50.610389709472656,51.197567515402255,49.79737004462157,49.91028925107196,24049780
2022-03-25,51.28791046142578,51.64924989329719,50.40713848882076,50.994319803890775,17937102
2022-03-28,51.51374435424805,51.69441233123534,50.42971926222044,51.42340691973363,21726140
2022-03-29,51.53633117675781,52.32676571457932,51.31049273738024,51.942841056841665,18245712
2022-03-30,51.942840576171875,52.665522886288315,51.852506579665224,52.25901300996623,22475998
2022-03-31,52.95911407470703,53.297871734033514,51.78475487824611,52.236431757348086,31232228
2022-04-01,53.817298889160156,54.06571909607527,52.53002051944808,53.02686437929928,25395212
2022-04-04,54.65290069580078,55.01424356641282,53.839880959934185,54.5851484768084,23943874
2022-04-05,55.69175720214844,56.41443947578273,54.833570494573564,55.330414342320836,24343674
2022-04-06,56.324100494384766,56.43701970423399,55.24007883664886,55.759504445138646,21341048
2022-04-07,56.911285400390625,57.72430514166176,56.007931663876484,56.256355319826284,26570700
2022-04-08,58.33406066894531,58.67281829627262,56.91128139098726,57.25003901831457,30937556
2022-04-11,58.96642303466797,59.46326350933799,58.40182688705921,58.65025057041563,23823264
2022-04-12,58.44698715209961,59.124502491074686,57.36296536655646,59.124502491074686,25671534
2022-04-13,57.65655517578125,59.147086831675836,57.5210507315994,58.71799516846857,11285992
2022-04-18,57.633968353271484,58.01789300643486,56.57252839004766,57.498467358872034,14567858
2022-04-19,56.233768463134766,58.37923352498127,55.64658717306314,57.76947045976592,14494242
2022-04-20,57.746883392333984,57.859806048525975,56.30151888055129,56.8886967058289,16440306
2022-04-21,58.04047775268555,58.717993057191606,57.814639317850194,58.017892530793596,15971428
2022-04-22,58.31148910522461,58.898663547074285,57.09195943776139,57.769474771011666,20263588
2022-04-25,56.820953369140625,58.17598402074791,56.61769670378684,58.17598402074791,11429410
2022-04-26,58.672828674316406,59.62135295542436,57.54363982951537,57.81464529010847,40517054
2022-04-27,57.36296463012695,58.78574406689191,57.04679218773945,58.198569627618966,18304724
2022-04-28,58.08565139770508,58.311489844986916,57.543637056615935,57.814642504149894,13806778
2022-04-29,57.40812683105469,59.214837673464515,57.046787419389425,58.58248594950333,38945340
2022-05-02,57.00162124633789,57.56621734999029,55.194913714650205,57.408131130171846,26725470
2022-05-04,54.449649810791016,57.70172200113539,53.83988325983294,57.679136778499476,20946372
2022-05-05,55.8272590637207,57.701718717121,54.833571352675726,55.104576778777,34347088
2022-05-06,53.99797439575195,55.714344536135066,53.52371227566039,54.99166219039369,38142664
2022-05-09,53.04945373535156,53.68180212280417,51.784760406467825,53.297877423786275,24627192
2022-05-10,53.61404037475586,54.92390392060853,52.936525104075606,53.04944431585565,30417490
2022-05-11,52.5526008605957,54.26897427071218,51.80733336814984,53.907631411944216,18326356
2022-05-12,53.04945373535156,53.41079665561633,51.03949278718516,52.39452356914583,31420096
2022-05-13,55.37558364868164,57.00161969370573,53.52370916834807,53.614043164063446,53887480
2022-05-16,56.708030700683594,56.933869128888595,54.76581883971223,55.37558190666154,15672078
2022-05-17,57.61138916015625,57.769475383720426,56.233773256194404,56.68545014981846,16640472
2022-05-18,57.09196090698242,58.040481708738085,56.43702733370685,57.182294908665334,17710900
2022-05-19,55.511085510253906,56.50477320105881,55.10457565637157,56.18860078471749,18939744
2022-05-20,58.87608337402344,60.05043911301937,57.47588230563511,58.71799371106141,96331634
2022-05-23,61.33771514892578,63.41542444038999,61.15704028094531,61.87972596878421,99798554
2022-05-24,63.77677536010742,64.13811824978228,61.879733804367405,62.33141069345038,66817404
2022-05-25,62.8056755065918,64.58979791679401,62.489503049043996,64.25104023541222,52476898
2022-05-26,62.06039810180664,63.3025094727034,61.518387245641904,63.00892226912641,40746456
2022-05-27,63.370262145996094,63.9122729765764,61.90231241331855,62.73791043361771,26013798
2022-05-30,62.91858673095703,64.22844684221204,62.51207342977866,64.04777885860507,32696950
2022-05-31,62.105567932128906,63.528347277030015,61.76681028886275,62.91858765437607,27849494
2022-06-01,63.18960189819336,63.88970254190055,61.902326739160685,62.73792495283946,40141472
2022-06-02,64.81564331054688,65.22214981491064,62.87343101760613,63.43802721369103,37373132
2022-06-03,63.0089225769043,65.60606454692007,62.78308414472901,65.49314533083242,30020470
2022-06-06,62.51207733154297,63.05409510027814,61.518389575598874,62.57983299865598,21758016
2022-06-07,63.121829986572266,63.48317278887492,61.31512286709972,61.924889276737986,22348178
2022-06-08,62.557247161865234,63.88969256416079,62.19590428360487,63.234762474087596,16499834
2022-06-09,62.28623580932617,62.60241512278782,61.69906140899314,62.28623580932617,12995594
2022-06-10,62.26365661621094,62.46690982058624,61.42805168572807,61.6087196691635,10350954
2022-06-13,59.55359649658203,60.908627070865656,59.10191963848749,60.908627070865656,21674386
2022-06-14,60.298858642578125,60.86345469728391,58.98899855247737,59.05674732222539,27803250
2022-06-15,60.77312469482422,61.563559223280016,60.41178181769314,60.524701036043965,21790724
2022-06-16,58.672828674316406,62.625001692194914,58.51474588882694,61.60872863045473,26619046
2022-06-17,59.395503997802734,59.847180834287926,57.90496905899329,58.71798874307495,31924822
2022-06-20,60.02785110473633,61.51838610047445,59.05674862602004,59.756849127719654,49215766
2022-06-21,61.766815185546875,62.308826079333315,60.14077561214512,60.93121017576272,29246130
2022-06-22,60.27627182006836,61.87972595122744,59.84718020830392,61.87972595122744,25926110
2022-06-23,63.07667541503906,63.23476508456746,60.411784500434976,60.50211850071873,34630854
2022-06-24,63.23475646972656,64.45428253752013,63.03150327376788,63.641262861643916,38553542
2022-06-27,63.82194137573242,65.08663795578629,63.68643694000488,64.36395222660067,36142218
2022-06-28,65.49314880371094,65.94482569201239,63.347683584279025,63.618692474076845,44146852
2022-06-29,66.19324493408203,66.71267056408905,64.72529514523222,64.88337791034476,37372958
2022-06-30,66.75784301757812,67.5031070990876,65.65123606028989,66.1706617059429,50561914
2022-07-01,66.08032989501953,67.29985611056082,65.33505889682483,66.84817922391277,39952490
2022-07-04,65.51573181152344,66.71267276823816,64.97372094229493,66.14807667694969,31267300
2022-07-05,65.40281677246094,66.6675134761688,65.17697832151462,65.80932322734728,15168986
2022-07-06,66.37391662597656,66.62234029021293,65.49314808190424,65.49314808190424,26234306
2022-07-07,66.84818267822266,67.34503003602653,66.0803333096516,66.80301223040678,19896922
2022-07-08,65.08663940429688,67.66119617224957,64.88337930016104,67.66119617224957,26604008
2022-07-11,65.58348083496094,66.03515770970867,64.31878420725889,64.54462264463275,14738652
2022-07-12,64.77046203613281,65.69640102141398,64.34137037721001,65.56089657858513,12022542
2022-07-13,64.63496398925781,65.4705620782115,64.2736211085017,65.22213841693903,10835778
2022-07-14,64.45301818847656,65.4082174439518,63.92993717843379,65.0215875213681,11165760
2022-07-15,65.93128967285156,66.13597321732276,64.45300960422017,64.47575376261534,18579870
2022-07-18,66.2724380493164,67.00020954962355,65.84032675749678,66.38615191245543,16945142
2022-07-19,66.68181610107422,67.20489712651826,65.68112849328661,66.24969784291875,17626670
2022-07-20,67.54603576660156,69.06980433283995,66.84100841594584,67.0911803068938,33865082
2022-07-21,67.06844329833984,68.43300982298783,66.2497019954422,67.56878713359514,21208726
2022-07-22,66.9547119140625,68.0691062296926,66.7500283769945,67.65973915555662,14969524
2022-07-25,66.8182601928711,67.86442907470948,65.95403764818113,66.86374851229398,13891192
2022-07-26,65.9085464477539,66.86374558953582,65.11254947644991,66.81825727210133,17622028
2022-07-27,67.2276382446289,67.4323218131199,65.70386968039159,65.86307186729763,13940134
2022-07-28,66.20420837402344,67.72796988062046,65.22626504776211,67.63700018389784,24127772
2022-07-29,67.7734603881836,70.27516530184137,66.20421051227054,66.84100535043886,86990626
2022-08-01,70.16145324707031,71.98087504926337,68.16009204087528,68.41025698624213,64016254
2022-08-02,67.63700103759766,70.59356133192914,66.90923651408805,70.25241975950627,41059244
2022-08-03,67.54603576660156,67.81895181864363,65.93129749653033,67.77346349645545,32798050
2022-08-04,66.36341094970703,68.38752336355644,65.43096277946796,68.00089343403506,34542174
2022-08-05,65.93128967285156,67.11391650397375,65.74935028677555,66.54534724680784,17629860
2022-08-08,66.04500579833984,67.20488851100383,65.88581056517761,66.22695213122331,18619432
2022-08-10,66.86375427246094,67.09118200808156,65.52193202040804,66.4088988012197,21962938
2022-08-11,66.34066772460938,67.72797124377308,65.95403783007788,67.25037859123114,14607772
2022-08-12,66.93197631835938,67.81894999335213,66.43163949047312,66.59083473276011,20423748
2022-08-16,68.00090026855469,68.27381635688705,66.8182731398403,67.61427030017455,26183150
2022-08-17,67.27312469482422,68.91060724721324,67.09118527368945,68.45575175383229,24459830
2022-08-18,67.02295684814453,67.36409845353269,66.43164334402965,67.13667071660726,25690602
2022-08-19,67.31861114501953,68.43300568464926,66.86375566430993,67.31861114501953,41367714
2022-08-22,64.6804428100586,67.06843389332425,64.49850340850328,67.06843389332425,36368484
2022-08-23,66.70455169677734,66.8637538870115,63.49782619544743,64.49850683830077,24571460
2022-08-24,67.97814178466797,68.11459980008893,66.29517810259073,66.590831352217,15914256
2022-08-25,67.11392211914062,68.61494647175219,67.00020825819342,68.31928626896354,18557014
2022-08-26,68.00090026855469,69.09255074079532,67.54604474836368,67.59153307660056,25273654
2022-08-29,67.38682556152344,67.59151604647182,66.0222593447619,66.18146151293449,12434892
2022-08-30,70.04773712158203,70.18419514044699,67.84168548147079,67.93266212107619,50545152
2022-09-01,74.02771759033203,74.36885914604784,70.50258818126859,70.57081371619468,94308386
2022-09-02,74.43708801269531,75.4605127256501,73.93675120624323,74.77822958368024,43094850
2022-09-05,74.86920928955078,75.5969738398137,74.52806770458724,75.39229027694424,27766960
2022-09-06,75.0511474609375,77.07525277707839,74.8009755812924,75.21034964085979,45050180
2022-09-07,73.66383361816406,74.93743017773028,72.68589724486911,74.82371632313584,34833124
2022-09-08,74.77822875976562,75.00565647124976,73.9140062323431,74.32337333679736,14178920
2022-09-09,75.75617980957031,76.18829111735104,75.00566412080454,75.09664076711094,27389230
2022-09-12,75.0511474609375,76.05182803897469,74.8692080614919,75.7561747797398,18085250
2022-09-13,74.57354736328125,75.75617427340283,74.36886380513721,75.43777685622953,20589446
2022-09-14,74.14144134521484,75.00566395891093,73.45915814265152,73.68658587683929,31497786
2022-09-15,75.09662628173828,76.37021579784142,74.39159905211825,74.50531289752335,23162518
2022-09-16,72.98155975341797,75.32406961970037,71.503279456067,74.93743968879107,25203774
2022-09-19,73.39093017578125,74.50532464840347,71.86716163080938,73.23172799088803,29924528
2022-09-20,73.89126586914062,74.91469062339615,73.68658230639818,74.11869359230852,20722980
2022-09-21,73.77754211425781,74.30062997172578,73.004289347286,73.45914473262735,9823596
2022-09-22,74.82372283935547,75.36954800083478,73.23172873639047,73.66384003337227,23510252
2022-09-23,72.4584732055664,75.1648616938788,71.98087360397169,74.93743397317115,20728036
2022-09-26,70.27516174316406,72.07183924751827,68.5012283977091,71.86715569851083,18444012
2022-09-27,68.63768005371094,70.57081558735702,67.77345753253337,70.3433878775163,29748972
2022-09-28,68.13734436035156,68.77413918200578,67.31860320355112,68.16008851981272,20388126
2022-09-29,67.93265533447266,69.36544703805819,67.65973932400757,68.75138948478299,23803042
2022-09-30,69.43367767333984,69.72933786316325,66.54534989626578,68.00088586445317,29216634
2022-10-03,68.36477661132812,71.59424619340828,67.79620728977773,70.59356557558829,38601592
2022-10-04,71.09391021728516,71.50327735755052,69.57014164082626,69.97951572163518,25232554
2022-10-06,71.18488311767578,72.25379627936641,70.98019953835353,71.50328056779303,17411148
2022-10-07,72.61766815185547,73.00429805171109,70.41162343424494,70.95744857362574,30653930
2022-10-10,70.20693969726562,71.8444151112732,69.36545435996031,71.8444151112732,23341020
2022-10-11,67.81893920898438,70.16144161471753,67.54602320768592,70.16144161471753,33277650
2022-10-12,67.79621124267578,68.34203643508012,66.77278640421368,68.1600970177933,30621010
2022-10-13,66.90924072265625,68.29654431866904,66.45438526414884,68.04637936892476,21549912
2022-10-14,67.31861114501953,68.68317758714831,67.11392756680898,68.68317758714831,16431076
2022-10-17,67.34134674072266,67.59151861139752,65.97678047217931,66.8637471586239,17489686
2022-10-18,68.13734436035156,68.77413918200578,67.65974477383939,67.68248893330055,15146816
2022-10-19,66.79551696777344,68.38751083682654,66.61357064698474,68.13733898358113,21012544
2022-10-20,65.84033203125,66.63632913698186,65.13530463520726,66.63632913698186,27604588
2022-10-21,65.04432678222656,66.18146536233542,64.45301333246134,66.18146536233542,19860990
2022-10-24,65.74935913085938,66.18147043632113,65.3854733692176,66.18147043632113,3099678
2022-10-25,66.97747039794922,67.31861201287934,64.7486812899566,66.09050358723965,20289142
2022-10-27,67.29586791992188,67.63700953520423,66.65907301427907,67.27312375746094,12188306
2022-10-28,67.84169006347656,68.45574771957055,67.11392548128238,67.3186090531325,21679440
2022-10-31,69.72933959960938,69.95676731719418,68.04637587759046,68.18282695570683,27540900
2022-11-01,68.11459350585938,70.22966825753724,66.93196673555073,70.16144272640273,30841710
2022-11-02,67.97814178466797,68.72865739921177,67.5005422009661,68.27380197483721,12065478
2022-11-03,67.34134674072266,68.38751560138114,66.97746101433583,67.63699998935653,23182838
2022-11-04,66.72730255126953,67.63701357975458,66.52261895796927,67.22764639315405,26617822
2022-11-07,67.38682556152344,67.63699742270492,66.49985890873698,67.06842816572095,20230352
2022-11-09,67.2276382446289,68.36477689240496,66.63632475967665,67.68249370373933,30290064
2022-11-10,66.68181610107422,67.40958070427706,65.65839127173638,67.40958070427706,12207908
2022-11-11,67.20488739013672,70.04773372643692,66.02226053801871,69.4109389233228,71192890
2022-11-14,69.47917175292969,69.82031334909792,67.5915243636829,68.22831923364618,51122290
2022-11-15,68.2738037109375,69.68385139802822,68.02363183306142,69.59288169894867,21352454
2022-11-16,67.31861114501953,68.52397539268242,66.88649982645418,68.31929181447187,16414796
2022-11-17,65.84033203125,67.29586820790804,65.29450683257123,67.0911846259715,31237774
2022-11-18,65.86307525634766,66.34067490109767,65.04433399971106,66.18147270599971,18573730
2022-11-21,65.36273193359375,65.77210603521678,64.43027679942031,65.7266177104107,17147340
2022-11-22,65.54467010498047,66.06775107219197,64.77141032312967,65.45369346673235,18632586
2022-11-23,66.15872955322266,66.54535949547758,65.74936238893011,65.86307626129404,8213540
2022-11-24,66.45438385009766,66.75003711561901,65.9540400801687,66.38615136844734,12525488
2022-11-25,67.65975189208984,68.13735152884864,66.27244130552144,66.49986904297384,20308970
2022-11-28,68.22831726074219,68.75139825019053,67.659747950236,68.18282893968436,16741990
2022-11-29,67.56877899169922,68.38752019594027,67.40957680678945,68.38752019594027,17756924
2022-11-30,67.68248748779297,68.6831680178249,66.97746020281268,67.88717103748586,46780746
2022-12-01,67.63700103759766,68.50123051872808,67.27311530557132,68.36477250165032,17649078
2022-12-02,66.431640625,67.90992085450974,65.9995293306366,67.77346282983092,27811158
2022-12-05,66.97747039794922,67.20489814123597,66.45438936460725,66.79553097953738,11049664
2022-12-06,66.36341094970703,66.81826642418218,66.11324599118069,66.81826642418218,12074038
2022-12-07,65.9767837524414,66.5453530592695,65.63564216834455,66.36340671675853,8280026
2022-12-08,65.95404052734375,66.4543843006651,65.72661280138739,66.11324271173056,10937292
2022-12-09,65.33998107910156,66.70454739699892,64.72593040037367,66.295180277847,13565546
2022-12-12,65.6811294555664,66.1359849419361,64.04365386896185,65.4991900372361,15453706
2022-12-13,65.49918365478516,66.2496923579456,65.43095811469539,65.90855077641027,19435906
2022-12-14,66.75003051757812,66.84100021024312,65.612892007909,65.84031970984282,17107284
2022-12-15,65.52192687988281,66.72729100788771,65.22626668244583,66.72729100788771,16938540
2022-12-16,64.13461303710938,65.63563728353326,63.95267364868221,65.13529355454438,23613520
2022-12-19,65.56741333007812,65.88581771202682,63.088452402686954,63.99816334415481,23466274
2022-12-20,65.9995346069336,66.24969957487671,64.77141922718666,65.5674163374813,18947808
2022-12-21,64.99884033203125,66.4088949881336,64.49850350672061,66.34066944758229,28851228
2022-12-22,64.79415893554688,65.36272826095627,63.97541771884863,64.99884250458555,17041894
2022-12-23,62.701820373535156,64.3392956676814,62.45164851260453,64.13461212348095,17921478
2022-12-26,64.27107238769531,64.65769533129347,61.49645154284772,62.7018225730539,16031864
2022-12-27,64.52124786376953,64.8623894486526,63.770732212700786,64.58947340452883,12797392
2022-12-28,65.40821838378906,65.9085552395967,64.13462167170323,64.45301911458877,16703036
2022-12-29,65.6811294555664,65.8175874895861,64.58947906449671,64.58947906449671,11263828
2022-12-30,65.22627258300781,66.04501382918215,65.04433316854409,65.86307441471843,9777798
2023-01-02,67.61425018310547,67.77345234402314,66.04500049344965,66.65905803922654,32112582
2023-01-03,67.04568481445312,68.02362811256401,66.43163417384389,67.72796793104746,15773432
2023-01-04,66.31792449951172,67.29586091869578,65.7720993599545,67.04568903874029,22666864
2023-01-05,67.52328491210938,67.65974292460369,66.13597450941229,66.49986022921621,18730980
2023-01-06,67.20488739013672,68.3420259246568,67.02294800083064,67.52328479169378,19808390
2023-01-09,68.84236907958984,69.06979678458943,67.31860067987556,67.65974223737493,27144598
2023-01-10,69.09254455566406,69.50191865151565,68.47849382270239,68.8423795943892,17667926
2023-01-11,67.97814178466797,69.2517383610253,67.59151883827539,69.13802450493166,17061884
2023-01-12,66.77278137207031,68.50123346821069,66.40889562437603,67.97814553698035,16282306
2023-01-13,66.88648986816406,67.36408943991124,66.56809246718021,67.11391757465864,22668606
2023-01-16,66.75003051757812,67.20488592144578,66.54534697394621,67.1366603870827,15269890
2023-01-17,66.79551696777344,67.06842603814277,66.1132338810364,66.86374250023016,12890106
2023-01-18,67.04568481445312,67.36408915463137,66.49985970928621,66.86374542624507,15281354
2023-01-19,66.38614654541016,67.09117382798227,66.18146299641641,66.9319716562411,9116758
2023-01-20,65.52192687988281,66.54535160988276,65.38546886110753,66.49986329010994,14639268
2023-01-23,67.02295684814453,67.18215209966611,65.40821852786517,65.84032983991476,16142044
2023-01-24,66.88648986816406,67.45505913440051,66.63631800291147,67.02294788016937,13435006
2023-01-25,66.56810760498047,67.13667700051141,65.49919436516454,66.86376091443881,19412052
2023-01-27,67.93265533447266,69.22898903282565,66.20420346279288,67.5460254764042,41797474
2023-01-30,65.6356430053711,68.22831768946197,65.18078755410801,67.9099202616865,29128672
2023-01-31,68.00090026855469,68.47849995286413,65.49919490750418,66.1359898595538,21137708
2023-02-01,67.1821517944336,69.79757075719337,65.9540434087247,68.2055766059483,31019814
2023-02-02,69.16077423095703,70.50259645275561,66.68181335669465,69.50191582669616,66959914
2023-02-03,70.00225067138672,71.09390791091903,68.97882591338082,69.66110908538475,41006734
2023-02-06,69.524658203125,71.07116395455886,69.18351661614312,70.2751669182678,17930096
2023-02-07,67.97814178466797,70.34338860330703,67.38682834487246,69.68384962607253,15873396
2023-02-08,67.54603576660156,68.31928865999605,66.97746644196687,68.31928865999605,13386106
2023-02-09,67.70523071289062,67.8416817837752,66.86374542620764,67.5460285428016,15900846
2023-02-10,67.02295684814453,67.86443531044242,66.40889918222835,67.59152619045814,21562438
2023-02-13,67.84169006347656,68.45574771957055,66.65907001470715,67.02295577607606,17540876
2023-02-14,67.88717651367188,68.09186007987577,67.3640955177571,67.8416881920517,13801430
2023-02-15,68.20557403564453,69.09254078409015,67.59152333620221,67.65974887818133,17165474
2023-02-16,68.66043090820312,68.91060280153192,68.2510637667877,68.54671704219399,13621782
2023-02-17,67.72797393798828,68.75139870364954,67.5232903729647,68.54671513862597,12717390
2023-02-20,67.56877899169922,68.00089028432707,66.65906808488548,68.00089028432707,11925906
2023-02-21,67.20488739013672,67.77345665739676,67.02294800083064,67.56877310929171,8144578
2023-02-22,65.22627258300781,67.31861055205961,65.04433316854409,66.8637550753565,15217458
2023-02-23,63.95268630981445,65.40822252702219,63.42959831857732,65.22627616203113,24191052
2023-02-24,64.27107238769531,64.68043949045641,63.793472807445426,63.95267498104303,17578292
2023-02-27,64.24833679199219,64.70319227370541,62.58811705995648,64.13462292156389,26373304
2023-02-28,66.18146514892578,66.38614870457673,64.13461571133014,64.54398282263205,27064552
2023-03-01,65.4764404296875,66.63632321158137,65.20353132488758,66.11324222197402,16930368
2023-03-02,66.02225494384766,66.22694541515177,64.90786066255095,65.49917403850702,14279618
2023-03-03,65.9767837524414,66.36340671675853,65.79483740993044,66.11324177418881,6205630
2023-03-06,66.40889739990234,66.56809958769487,65.95404193825918,66.09049996486084,11720648
2023-03-08,66.38614654541016,66.5226045582536,65.54466819053745,65.95403528852495,6714760
2023-03-09,65.88581085205078,66.61357536512462,65.7720969962071,66.40889181271457,5643398
2023-03-10,66.13597869873047,66.31792504042905,64.99884009015159,65.59015355472125,12079604
2023-03-13,64.08912658691406,66.11323877998673,63.747985018267165,65.95403660506766,17562656
2023-03-14,63.08845138549805,64.70318966867745,62.815542271784075,64.0663947961346,20842984
2023-03-15,62.8155403137207,64.02090447794062,62.40616624509525,63.90719061563521,11518062
2023-03-16,63.566036224365234,63.70249421975312,62.224214307558576,63.133925022755214,20246382
2023-03-17,63.452335357666016,64.31655793757459,63.042968228350034,63.907190808258605,10645986
2023-03-20,61.83760070800781,63.566052908659735,61.58742880755729,63.452339039413474,22988082
2023-03-21,61.587432861328125,62.451662488810776,61.47371898459706,61.97406281843145,13895604
2023-03-22,63.11119079589844,63.338618510478256,61.86033836570946,61.86033836570946,19289514
2023-03-23,62.4516487121582,63.31587120845165,62.24696516730373,62.7700461086588,13576156
2023-03-24,62.61085510253906,63.338626659040045,62.17874377735458,62.74731313695099,20430898
2023-03-27,61.223548889160156,62.4061689439547,60.677716774054126,62.31519923828491,16766024
2023-03-28,61.24628448486328,61.56468885707345,60.54126407922398,61.22354726445696,12140750
2023-03-29,62.065025329589844,62.22422751475697,61.132570260489715,61.15531442130551,8605682
2023-03-31,63.31586456298828,63.58878055451152,62.31518416163969,62.38340968924952,11406164
2023-04-03,64.13461303710938,64.95335416611721,63.86169701392584,64.13461303710938,13995168
2023-04-05,61.291770935058594,64.33930101459293,61.132568753815164,64.24833131411522,49467096
2023-04-06,62.065025329589844,62.61085048645175,61.51920017272793,61.99679978768589,19909536
2023-04-10,62.861019134521484,63.202160707545886,62.08776629044145,62.29244984614748,17812568
2023-04-11,62.56536102294922,63.45232765583627,62.360677483135674,63.17941164238986,16872490
2023-04-12,62.54262161254883,63.133935059539716,62.26970557838593,62.70182378923435,16132484
2023-04-13,62.770057678222656,63.17942484338478,62.49714160775192,62.701832130876966,16595592
2023-04-17,62.883758544921875,63.11118624309519,62.428903148575245,62.77004469583522,14800806
2023-04-18,63.49782943725586,63.65702469507389,62.99748562001288,63.27040169133523,15408838
2023-04-19,62.63359451293945,64.02090503320643,62.565368971181826,63.83896562815713,15323010
2023-04-20,63.17941665649414,63.24764913554215,62.45165213045039,62.54262182863797,10811822
2023-04-21,61.97404861450195,63.17941265537429,61.769365071406625,63.17941265537429,17421226
2023-04-24,62.065025329589844,62.38342275938067,61.86034176333455,62.087769490405634,7436884
2023-04-25,63.74799346923828,64.02090953655305,62.08777372461451,62.360689791929275,35620680
2023-04-26,64.13461303710938,64.36204074291473,63.45232991969332,63.929929489993114,15363994
2023-04-27,64.6804428100586,64.77141251083624,64.08912934418892,64.18010598550985,13994054
2023-04-28,66.38614654541016,66.54534871715133,64.81689674906762,65.02158029806137,32594764
2023-05-02,65.36273193359375,66.38615677683543,65.13530419065115,66.38615677683543,20175314
2023-05-03,65.36273193359375,65.88581990668807,65.13530419065115,65.36273193359375,5880576
2023-05-04,66.15872955322266,66.40890146053208,65.20353718969207,65.43096493441992,10442546
2023-05-05,65.72660827636719,66.40889140726374,65.38546671091892,66.27243339297584,5554888
2023-05-08,66.70455169677734,67.09118162132106,65.7948407595391,65.7948407595391,14258880
2023-05-09,66.88648986816406,67.68248684089508,66.63631800291147,67.02294788016937,10110598
2023-05-10,67.70523071289062,67.7734562483329,66.72728741478029,66.9547151203116,9457248
2023-05-11,67.72797393798828,68.5694592993049,67.61426007513703,67.9781458243697,15350766
2023-05-12,68.11459350585938,68.45573504261661,67.0911688955877,67.0911688955877,12736776
2023-05-15,69.75209045410156,69.86580432380792,67.81895466909336,68.06911963001232,23268486
2023-05-16,69.3882064819336,70.02500139258164,69.18352289926415,69.88854335728736,15611944
2023-05-17,69.5473861694336,70.20693203560981,69.02430524854462,69.45641647978452,16395374
2023-05-18,69.45642852783203,70.27516975777895,69.18351941154548,69.91128399551992,10130980
2023-05-19,70.36613464355469,70.47984850268796,68.93334279469283,69.45642377048858,14075740
2023-05-22,69.6156234741211,70.45710183746031,69.3199632865617,70.366132141497,7389250
2023-05-23,69.22899627685547,70.38887903188696,69.00156855785099,69.95676775388709,20463514
2023-05-24,68.41024780273438,70.45709705542907,67.45505564913566,70.45709705542907,45013954
2023-05-25,66.18146514892578,68.22831458652142,65.54467032233548,67.77345915594462,40656592
2023-05-26,66.18146514892578,66.6363205795026,65.86306773563062,66.49986256222094,20537788
2023-05-29,66.45438385009766,66.93197651893317,66.04500978182577,66.93197651893317,14044286
2023-05-30,66.34066772460938,66.59083266049588,65.77209843297078,66.24969108551271,13158374
2023-05-31,66.54534912109375,66.75003267132996,65.84032183424199,66.24968893471443,13523812
2023-06-01,66.93197631835938,67.31860622492255,66.24969314716084,66.75003691559043,11688032
2023-06-02,66.47711944580078,66.81826102408688,65.70386658979426,66.5680960857783,16416762
2023-06-05,67.79621124267578,68.11460869319966,66.63632837097663,66.93198165920369,19905338
2023-06-06,68.29654693603516,68.38752358365798,67.77346591492272,68.16009584568845,15619658
2023-06-07,69.11528015136719,69.45642171868937,68.31928316094874,68.4557411759862,13285828
2023-06-08,69.59288787841797,69.93402948566512,68.93334882584891,68.93334882584891,20523002
2023-06-09,69.29723358154297,70.02499816870034,69.18351971412366,69.97951678605881,7461344
2023-06-12,69.524658203125,69.72934176720545,68.9333447309144,69.29723047847041,8446084
2023-06-13,70.07048034667969,70.38887775942145,69.59288075729552,69.70659461474207,12694286
2023-06-14,71.11666107177734,71.29860049778686,70.16146173386682,70.27517561025883,15789934
2023-06-15,71.57150268554688,72.43572520216561,70.93470093702629,71.00293341394432,29857650
2023-06-16,74.77822875976562,76.3247413621835,71.91264514749992,72.64040965992336,95131476
2023-06-19,76.3929672241211,77.3936477707961,75.36954251809242,75.5060005336715,50081632
2023-06-20,76.07456970214844,77.57559399020973,75.14211469437225,76.57491344501652,41469346
2023-06-21,74.55081939697266,76.55218791494215,74.368879959223,76.14281376918844,22649428
2023-06-22,74.5962905883789,75.59697114718757,74.23240485593674,74.68726028635368,19710750
2023-06-23,73.50463104248047,74.70999500454081,72.61765751282385,74.70999500454081,19614624
2023-06-26,74.71000671386719,75.14211799777178,72.77687107591325,73.50464256288969,14318252
2023-06-27,74.41436004638672,75.41504072425822,74.11869981711168,75.09664327319145,14230892
2023-06-28,75.48326110839844,75.8926351808104,74.1414389088922,74.64178268388123,22040834
2023-06-30,76.14280700683594,76.64315082702822,75.57423763868292,75.86989787444891,20890412
2023-07-03,76.02908325195312,79.09935744094594,75.77891831491415,76.87056858367211,31822406
2023-07-04,74.25515747070312,76.41572101119831,73.5501300851696,76.41572101119831,25374992
2023-07-05,75.119384765625,75.27858697048119,74.14144819449206,74.9601895013131,15914932
2023-07-06,75.16487121582031,75.39229896533868,74.3233857663847,75.23309676445818,14768322
2023-07-07,75.60388946533203,76.22775593719106,74.72584498611899,75.6732056117086,28839572
2023-07-10,75.41902923583984,77.12889555465169,75.16485829824185,75.8580479181512,22910560
2023-07-11,76.89783477783203,77.4061766690906,74.91069677916056,75.78873417152751,38102080
2023-07-12,78.46907043457031,79.83234201379888,77.19822273246932,77.31375434175123,71427246
2023-07-13,78.70012664794922,79.94786650683318,78.12246865295765,78.86186665565334,37701570
2023-07-14,79.3702163696289,79.48574798006506,77.77588155590814,78.7925583174482,18648660
2023-07-17,79.67058563232422,80.73347772383848,79.53195335857414,79.6936933617789,44394910
2023-07-18,80.15582275390625,80.64105688471385,79.16225381345821,80.64105688471385,23647298
2023-07-19,80.04029846191406,80.82591200417242,79.57817201923385,80.41000102635621,14662936
2023-07-20,81.19561767578125,81.51910478773851,79.23158021923123,80.17894087327693,21162080
2023-07-21,84.0376968383789,84.66156330819436,80.71038079340342,81.38046977980177,114995906
2023-07-24,84.3149642944336,86.18657771407194,84.0839010834039,85.21610940715144,47229816
2023-07-25,84.47671508789062,85.67823960733443,83.5755699354353,85.60892346156476,32973224
2023-07-26,83.69109344482422,84.89261784796157,83.43692251578906,84.80019397871858,23474778
2023-07-27,84.060791015625,84.52291742484006,83.29828526101589,84.10700647714226,18714146
2023-07-28,82.8592758178711,84.10701585152424,82.28161774196776,84.03769970301191,24310854
2023-07-31,85.03125762939453,85.33163696890266,82.85926495894154,83.39070749852955,23877408
2023-08-01,85.1236801147461,85.90929357194324,84.47670598564001,85.23921171290712,18868720
2023-08-02,83.34449768066406,85.9786167067532,82.65130809214118,85.81686964883554,37886648
2023-08-03,83.64488220214844,84.33807183365795,83.20586351249032,83.50624286554861,16873582
2023-08-04,84.33807373046875,85.12368725355051,83.43692859953704,84.01458663878682,17299160
2023-08-07,84.59224700927734,84.82331023134503,83.92216507557904,84.80020249884028,13706164
2023-08-08,84.89261627197266,85.58580585566021,84.24564214779323,84.6846608071642,21521752
2023-08-09,86.67182159423828,87.01841644967925,84.24565760615144,84.89263184904512,34076474
2023-08-10,86.04793548583984,87.61916949894005,85.70134068094133,86.74112509563687,32224228
2023-08-11,86.46385192871094,88.28924979140645,86.07104166962301,86.90287059672795,42298448
2023-08-14,86.34832000732422,86.87976254270787,84.15321962393134,86.44074387632713,28275180
2023-08-16,87.15704345703125,88.49720722098301,85.72444877019504,86.18657517865971,48964186
2023-08-17,87.29568481445312,88.2199377274764,86.60249512968565,87.59607124207976,26295816
2023-08-18,86.1403579711914,87.45742102921518,85.51649156330323,87.13393396014473,17787888
2023-08-21,86.34832000732422,87.3187812090886,85.33163629382457,86.53316774533005,17922880
2023-08-22,86.83354949951172,87.34189137041146,86.14035988546084,86.76423335870238,19235690
2023-08-23,86.69491577148438,87.48052924400375,85.93240297785644,87.24946604317515,17778142
2023-08-24,85.88619995117188,87.41121153102341,85.60892127220447,87.29567992336862,23644796
2023-08-25,85.93241119384766,86.6487085951993,85.33164540395627,85.88620278015752,26573686
2023-08-28,86.64871215820312,87.3187941219285,85.88620631180703,86.34833277665078,41687536
2023-08-29,86.92597961425781,87.7578015021923,86.69491641172283,86.92597961425781,33540388
2023-08-30,86.78733825683594,88.26614130824696,86.6486989282529,87.68848331539193,34733530
2023-08-31,84.96194458007812,87.82712695497897,84.10700788809237,87.22636120262327,394168476
2023-09-01,85.1236801147461,85.6782303756212,83.64487706858279,85.33163558113812,27553804
2023-09-04,84.91572570800781,85.70133917500854,84.61534636963641,85.53959916645826,17110816
2023-09-05,84.75398254394531,85.49338763598752,84.45360319176604,84.93883734270064,15699850
2023-09-06,84.13011169433594,84.89261742616357,83.87594076656366,84.70776968859602,23532190
2023-09-07,84.10700988769531,84.82330726132253,83.82973121032683,84.24564922637957,8285762
2023-09-08,84.84640502929688,85.72444231870423,84.38427865561114,85.03125275817563,20779548
2023-09-11,85.424072265625,85.60892001456126,85.03126198477341,85.37785680264612,10470326
2023-09-12,83.1596450805664,85.90929577707956,81.72705745749124,85.7706634969192,34109476
2023-09-13,82.9516830444336,83.8066196457099,82.0967464431573,83.18274622840138,21086974
2023-09-14,83.13653564453125,83.71419363831339,82.74373243965289,83.18275110462949,14338956
2023-09-15,84.56913757324219,84.91573239936203,83.39071375413675,83.55246082692193,19220132
2023-09-18,84.8695068359375,85.16989321372304,84.13010885909631,85.16989321372304,14811774
2023-09-20,84.2225341796875,85.10057149594458,83.69109165429333,84.68466056750472,11265382
2023-09-21,82.88237762451172,84.54602853325603,82.35092800178907,84.24564917586169,16371930
2023-09-22,82.65130615234375,83.41381186122753,82.16607204146818,82.88236934309508,17468008
2023-09-25,84.3149642944336,84.66155911097812,81.77326897310706,82.72062954862669,29149372
2023-09-26,82.9979019165039,84.33806561805825,82.58198393735702,84.31495788841302,20192672
2023-09-27,82.8592758178711,83.22897839674727,82.53578870566326,82.9516996997176,11517700
2023-09-28,80.45621490478516,83.18275804224047,80.20204395602481,82.92858709348012,23852370
2023-09-29,81.79637908935547,82.14297391600527,80.54863912371411,81.01076555924719,18438560
2023-10-03,82.07365417480469,83.18275475088738,81.7501600429152,82.25850192032198,24711050
2023-10-04,79.92475891113281,81.98121996646299,79.3933163754426,81.98121996646299,17863666
2023-10-05,79.60127258300781,80.91833564663152,79.37020938247657,80.4099937848671,17586520
2023-10-06,79.43952941894531,80.17893451751246,78.95430231521834,80.08651064306396,9513574
2023-10-09,79.34710693359375,79.99408816903883,77.63724054614913,78.56149340979375,31234590
2023-10-10,80.22514343261719,80.96454141934608,79.57816226130423,79.62437772050124,17121830
2023-10-11,81.4959945678711,81.70395004039871,79.99408374746483,80.82590563757527,16997234
2023-10-12,80.64106750488281,81.81949139161324,80.31758039223863,81.79638365824789,14516776
2023-10-13,81.24182891845703,81.72706308690952,80.10962055972774,80.38689219063644,20669800
2023-10-16,81.47288513183594,82.25849859576734,81.17249874314888,81.58841673098729,20239008
2023-10-17,81.61153411865234,82.42025540841225,81.47289477296692,82.11986898417884,13166326
2023-10-18,81.14939880371094,83.09032827683612,81.03386720350719,81.9581200051372,24573340
2023-10-19,81.7039566040039,81.86569662830111,79.80923536545436,80.87212759557995,13718712
2023-10-20,79.57816314697266,81.93501056247004,79.34709995139406,81.33424484366786,12354396
2023-10-23,78.79255676269531,80.06340445241621,78.37664579392802,79.57817028786118,19774628
2023-10-25,78.33042907714844,79.69370062129055,76.99026526456593,79.00051098343968,12265850
2023-10-26,76.96714782714844,77.98382442415823,76.32016668251403,77.98382442415823,10002428
2023-10-27,77.70655059814453,78.0531453948383,76.57434233924276,77.40617126160562,10332648
2023-10-30,77.61412048339844,78.19177843140153,76.29706459284455,78.19177843140153,14320628
2023-10-31,77.49860382080078,78.58460379281647,77.17511671790993,78.1686857592511,15801668
2023-11-01,76.29707336425781,77.29064232845231,76.13532629962641,77.19821845644412,11554140
2023-11-02,77.8683090209961,78.09937225251241,76.80541674572304,76.80541674572304,13045262
2023-11-03,77.77587890625,79.04672657775248,77.6372395681518,78.53838468855562,10021062
2023-11-06,78.19178009033203,78.60769805261162,77.98382463493662,78.3304194110919,9486264
2023-11-07,77.98382568359375,78.39973659997737,77.7527624963831,78.23799659982323,5687160
2023-11-08,80.20203399658203,80.3637739973522,78.33042076274953,78.53837622173339,13198638
2023-11-09,78.746337890625,80.66416673391049,77.9838321303903,80.64105900298136,19561134
2023-11-10,80.31756591796875,80.52552137780015,77.89140243312828,79.16224997280662,23615408
2023-11-13,80.38689422607422,81.35736258755198,79.90166004533535,81.35736258755198,15602216
2023-11-15,80.75658416748047,81.31113440811818,80.36377392747228,81.31113440811818,13750532
2023-11-16,80.57174682617188,81.42667650069994,80.40999975319883,80.87212618856205,15376302
2023-11-17,80.54864501953125,81.47289795824878,80.08651855017249,80.84902440401832,35914606
2023-11-20,79.55506134033203,80.8721244737867,79.02361877152872,80.8721244737867,16428684
2023-11-21,82.28160858154297,82.58198792697534,79.62438172821717,79.76302106129727,33133110
2023-11-22,82.44335174560547,83.76041488298202,81.5190988917243,82.951693635836,30164256
2023-11-23,82.23539733886719,82.95169472028739,81.93501797802472,82.60509989555082,11055428
2023-11-24,82.32781982421875,83.1134403882069,81.24182695595276,82.39714301888868,19206476
2023-11-28,82.69752502441406,83.64488563667436,82.32782246213078,82.88237983130063,16691650
2023-11-29,83.85283660888672,84.33807075503552,82.48956509465117,83.15964698624259,28675978
2023-11-30,84.63844299316406,85.40095574490208,83.29827932257807,83.96836115787106,45897664
2023-12-01,81.47288513183594,85.12368084442319,80.89522713607914,84.86950991599235,26333208
2023-12-04,80.61795043945312,83.1365379519477,80.50241883749017,82.95169020940271,58445844
2023-12-05,80.84901428222656,81.79637483610648,79.99408465183889,81.08007748797829,35879926
2023-12-06,81.65773010253906,81.88879329301115,80.7103696113057,81.28802758748593,28132058
2023-12-07,82.16607666015625,82.78994307935999,81.10318451265549,81.77326639320292,31240230
2023-12-08,80.8259048461914,82.3509233822777,80.34067776554106,82.16607564217179,26092520
2023-12-11,81.12629699707031,81.56531569960309,80.57174668589788,80.80280990317722,17019280
2023-12-12,79.57816314697266,81.54220030939076,79.11603675581546,81.19560551602287,24168354
2023-12-13,80.52552795410156,80.98765436990702,78.56149068692835,79.92476220325656,32703392
2023-12-14,81.3342514038086,81.65773849341217,80.66416949288197,80.87212497537786,29574844
2023-12-15,80.54864501953125,81.63463799163016,80.29447405108586,81.56532184182247,26310114
2023-12-18,81.0107650756836,81.26493602400757,80.17893608639137,80.548638642909,23722454
2023-12-19,81.0107650756836,81.75016313722908,80.52553091097232,81.47289150845819,17573004
2023-12-20,78.56148529052734,82.69751501758378,78.00693503995085,81.79636997896083,44285892
2023-12-21,78.2611083984375,79.13914573490055,76.36638734418871,77.72965880932419,40828344
2023-12-22,79.4857406616211,79.85544319127533,78.90808266262675,79.4857406616211,22549822
2023-12-26,80.36378479003906,80.82591122828309,79.71681059709337,80.0634054257764,25650964
2023-12-27,80.47931671142578,81.3573611783854,79.97098185828166,80.82591154145172,27152558
2023-12-28,81.0107650756836,81.42667604458482,80.47931544709895,80.87212573555327,20960488
2023-12-29,83.8990478515625,84.56912970945434,81.05696631076113,81.935010686179,76584618
2024-01-01,85.93241119384766,86.90287955070987,83.94526606643309,84.33807636599397,78709586
2024-01-02,83.36760711669922,87.61917601411682,83.04412001837132,86.64870766764327,68089230
2024-01-03,83.04411315917969,84.15322075661052,82.23539195441293,84.15322075661052,22227448
2024-01-04,83.13653564453125,83.82972523706982,82.97479563716576,83.82972523706982,24513982
2024-01-05,82.92858123779297,84.1763211100242,82.3509232366221,83.64487856954271,24088158
2024-01-08,82.32781982421875,84.03769323855565,81.98122500533796,83.41381974397439,26718538
2024-01-09,81.93501281738281,83.4138158994858,81.77326575543074,82.9285817651189,13181118
2024-01-10,81.03386688232422,82.16607514953556,80.29446182335518,82.16607514953556,22316780
2024-01-11,81.61153411865234,82.18919218276656,81.24183154732124,82.05055283708114,17255542
2024-01-12,81.63463592529297,81.98123076853904,81.1031933195784,81.70395912483626,15226674
2024-01-15,81.47288513183594,82.16607472674409,81.10318260425375,82.02743539746461,25068396
2024-01-16,81.03386688232422,82.78994155726951,80.43310115334803,81.47288555106054,18921640
2024-01-17,79.20845794677734,80.77969185450304,78.95429408142203,80.50241320858413,32424600
2024-01-18,80.20203399658203,80.6410526436566,77.63723119847741,78.93118646208315,33520288
2024-01-19,79.64749145507812,81.0800791288371,79.41642824465026,81.03387071764527,20759736
2024-01-23,78.67701721191406,81.21871233476591,78.00693536255092,80.84900981568966,26448794
2024-01-24,78.83876037597656,79.23156355377077,77.49858969191449,79.02360810064575,21095562
2024-01-25,78.44596099853516,79.80923254815285,77.89141069632504,79.0236190323977,21681852
2024-01-29,80.27135467529297,80.89522813904094,77.98383039403254,78.90808319870256,33181994
2024-01-30,79.78611755371094,80.77969351240488,79.62437754984613,80.7565857828559,21701822
2024-01-31,81.28803253173828,81.44977959550242,79.30089461400406,79.78612170231767,28450760
2024-02-01,80.75658416748047,81.88879237784265,80.27135006261413,81.88879237784265,24255762
2024-02-02,80.43309783935547,80.9645403556942,77.77587115468393,80.04028759580845,45353934
2024-02-05,82.83616638183594,84.06079865698254,80.01719220877577,81.28803994964075,113941608
2024-02-06,83.1596450805664,86.34832150255177,81.40356333314554,86.34832150255177,144148896
2024-02-07,82.16607666015625,84.54602483808003,81.79637412387477,84.54602483808003,49048576
2024-02-08,81.3342514038086,82.58199135027363,79.99408758195536,82.48956747488542,30328624
2024-02-09,80.15582275390625,81.51909422504052,78.49217194305213,81.3804619460863,31295722
2024-02-12,79.18535614013672,80.571735246986,78.70012204244172,80.571735246986,28238014
2024-02-13,79.92475891113281,80.3637775777668,78.44595585176556,79.3933163754426,19097140
2024-02-14,80.24823760986328,80.7334716861672,78.58458698587786,78.97739015127554,18640610
2024-02-15,80.64106750488281,81.10319396622884,80.20204877690212,80.64106750488281,11806390
2024-02-16,80.5024185180664,81.70394999430937,79.94786824114249,80.77969718227304,21655174
2024-02-19,79.57816314697266,80.64105525693205,79.39331541110542,80.57173911885411,22293034
2024-02-20,79.92475891113281,80.80280329588999,79.25467704611366,79.78611958180386,33709764
2024-02-21,79.1622543334961,81.98122116408241,78.93119113173545,80.59484195351853,68168430
2024-02-22,79.94786834716797,80.22514701174232,76.89783124280744,79.80922901488078,29290650
2024-02-23,80.40998840332031,80.64105158838733,79.41641952812768,80.1789252182533,21833034
2024-02-26,80.40998840332031,81.3804566011973,79.37020407051875,80.50241226704937,35448700
2024-02-27,80.40998840332031,81.05696250091243,79.5781595267813,80.38688067451585,19946960
2024-02-28,78.23800659179688,80.61795490342021,77.98383564310657,80.40999941866988,24321318
2024-02-29,78.51526641845703,78.90807664842977,77.49858982801366,78.26110255946273,42498232
2024-03-01,79.46263122558594,80.10961240146477,78.83876483095777,79.02361256607225,24134334
2024-03-04,79.50885009765625,80.3868874543693,78.88497662476213,79.48574236690287,35480038
2024-03-05,79.43952941894531,80.17893451751246,79.27778940153286,79.43952941894531,16599648
2024-03-06,78.88497924804688,79.57816888476343,78.0993657367327,79.43952954712219,18817756
2024-03-07,79.0467300415039,79.60128036670692,78.83877455098902,78.88498296472012,11265328
2024-03-11,78.37664031982422,79.83233566032858,78.16867779847566,79.46263312975134,30037892
2024-03-12,77.31375122070312,78.63080728245528,77.17511188486354,78.56149114028025,20222622
2024-03-13,73.8478012084961,77.54481246247347,73.50120640343572,77.40617313015146,28935186
2024-03-14,75.83494567871094,75.9966856891357,72.8080163237412,73.06218725611075,30579464
2024-03-15,74.79515838623047,76.18153754407356,74.05575334811853,75.92736662150452,38148982
2024-03-18,75.16486358642578,75.53456615335223,73.82469971424364,74.95690809612027,27279552
2024-03-19,74.77205657958984,75.32660687635713,73.91711987726848,75.3034991449315,32026390
2024-03-20,74.65652465820312,75.25729041528083,73.96333502730336,74.88758786850305,15974334
2024-03-21,77.10579681396484,77.26753683178356,75.14175950817031,75.51145500689287,25383800
2024-03-22,77.01336669921875,77.84519568308805,76.73609507225547,77.08268989457686,22561254
2024-03-26,77.91451263427734,78.67701836168035,77.17510758531935,77.29063918350096,40421540
2024-03-27,78.09935760498047,79.18535741002398,77.9145098750317,78.67701557543151,26132888
2024-03-28,79.13914489746094,79.76301834936505,78.35353143870368,78.88497397070411,32561196
2024-04-01,80.71037292480469,81.056967724742,79.94786718553831,79.94786718553831,42613934
2024-04-02,81.5653076171875,82.42024425700012,80.64105483965564,80.8721180340386,69164602
2024-04-03,82.84906005859375,83.41961167543764,81.30381216653963,81.63663333845211,28497846
2024-04-04,82.25473022460938,83.11056123863142,82.04077428484314,82.73019109295973,17165246
2024-04-05,83.68110656738281,83.91883698376742,81.49398383466178,82.15963335351262,30872804
2024-04-08,84.25166320800781,84.72712406951459,83.46715568850445,83.72866061332456,44081792
2024-04-09,83.70488739013672,84.46562042712345,83.2532010158388,84.25166448718835,14565866
2024-04-10,84.86975860595703,85.86822925624503,83.68110652464111,83.82374622539034,31771134
2024-04-12,84.79844665527344,86.15350574326861,84.20412058467286,84.5844834658917,33685798
2024-04-15,83.13433074951172,83.77619853033335,82.23095080082537,82.80150235765237,23783320
2024-04-16,83.77619934082031,84.29920917169626,81.80303973834206,82.42114028711634,22929970
2024-04-18,80.68570709228516,83.91884241537015,80.37666043296491,83.91884241537015,41272370
2024-04-19,80.51929473876953,80.82834137734737,79.04536325872941,79.87741971408445,21914572
2024-04-22,82.1120834350586,82.44490456322326,80.94720585900401,81.30380147952826,25662166
2024-04-23,83.03923034667969,83.18187004544995,82.1358576793954,82.25472288587788,18262806
2024-04-24,84.44184112548828,84.82220396216985,82.92036075893773,83.44337054180899,26600942
2024-04-25,84.48938751220703,85.01239732392241,84.18034087662024,84.63202721130727,23977988
2024-04-26,87.96025085449219,89.00626319744624,84.34674575524404,84.63202514648437,96101794
2024-04-29,88.12667083740234,89.38663917916855,87.8889404140535,89.00626905081904,31350358
2024-04-30,91.5975341796875,92.35827447762506,88.2693080723857,88.79231793408741,110070380
2024-05-02,95.73404693603516,96.01931909868269,92.47713714737117,93.1190122095028,101023598
2024-05-03,96.18572998046875,97.51702179172968,95.2348082945619,96.87514675175987,52214612
2024-05-06,95.49632263183594,97.42193343183268,95.23481769141742,96.85138181498337,34852418
2024-05-07,92.28694915771484,95.90044707956615,91.52620893471645,95.82913085770349,32832788
2024-05-08,94.30766296386719,94.9257562679453,91.59753030155665,92.47713578037067,24439584
2024-05-09,92.54844665527344,96.13817733389011,92.23940002110282,94.56915516089038,29499710
2024-05-10,94.28388977050781,95.04462279177078,92.28695561412668,93.19032834405051,24783830
2024-05-13,94.78311920166016,95.06839134620222,90.36133203917149,94.8782099165075,37203290
2024-05-14,97.25552368164062,97.89739151156229,95.02085901440157,95.11594973865397,38432966
2024-05-15,95.7578125,97.73097938484216,95.32990063603543,97.56456518499104,21030474
2024-05-16,98.25397491455078,98.63434501907811,96.280815426315,96.42345512238228,38964216
2024-05-17,98.82454681396484,99.8230103090307,98.13512273397124,98.58681637395526,28142158
2024-05-21,100.48865509033203,100.77392725173218,99.39509366757247,100.29846639444166,30847846
2024-05-22,98.9909439086914,100.72638030087208,98.01624775074838,100.72638030087208,22661158
2024-05-23,100.96411895751953,101.60598678102264,98.01625575047245,99.68036880059903,36384084
2024-05-24,100.17960357666016,104.33988617747625,98.4203998135922,101.15429980841421,88554974
2024-05-27,107.78697204589844,108.54771229942513,101.08297848839102,102.69954245843931,165705894
2024-05-28,107.85829162597656,109.73636044370811,106.6458650647971,108.28620346876626,54847622
2024-05-29,105.38589477539062,108.88053493398827,105.12439711117403,106.02776982654753,41723378
2024-05-30,104.4825210571289,106.26549923216524,103.79310428043955,105.38589376383128,20326146
2024-05-31,106.50323486328125,107.31151689116295,104.45875167161077,105.55231312343052,50448728
2024-06-03,112.44649505615234,113.13591186237625,109.83146028740462,111.73330375558479,54498356
2024-06-04,98.77699279785156,111.73330111911007,91.28848431859205,111.73330111911007,91691974
2024-06-05,106.57454681396484,107.21642186458254,97.56456514152454,102.39049713053195,58013980
2024-06-06,107.31151580810547,109.85523433851615,106.28927785006587,107.16887609757605,37184976
2024-06-07,110.04541015625,110.378231293831,106.57454456728995,107.31151032154861,26731196
2024-06-10,110.0311508178711,111.23406620745041,108.7949569408305,111.21029171357414,35165122
2024-06-11,113.14067077636719,113.56383065657538,109.40354808235439,110.47333503001121,27106362
2024-06-12,113.17870330810547,114.82380112510175,112.83161890130995,113.6351489395417,24494816
2024-06-13,112.58438110351562,114.35785544918875,111.99481424228928,113.58760387297369,18218174
2024-06-14,114.0345230102539,115.38958926923121,112.15645419453321,112.6842160027189,34019190
2024-06-18,113.74925994873047,115.37057598453252,113.23100209213887,114.39588701529661,25285656
2024-06-19,111.2625961303711,114.05355638452507,110.09296644712897,113.6351484952575,24333182
2024-06-20,112.61766052246094,113.11213662877496,110.9202617558243,111.26259415825594,13200150
2024-06-21,112.04235076904297,113.23576219224638,111.51934816662522,112.63667685471572,15377036
2024-06-24,114.25324249267578,114.77624506914765,109.94080914659251,111.06765628249656,35933776
2024-06-25,114.99496459960938,116.80646932659785,114.53851897901087,114.58606796728716,26178346
2024-06-26,114.20094299316406,115.9553946946185,113.77778312585865,114.87134453444381,12532872
2024-06-27,115.1375961303711,115.38958978942892,113.31658028409674,114.20093771653104,13230688
2024-06-28,115.00922393798828,115.98867212156688,114.40063463450339,114.7287037795763,11927778
2024-07-01,113.5305404663086,115.67486627449502,111.90921723684832,115.01397598736303,21545152
2024-07-02,111.50508117675781,113.63514376489599,110.99633458212564,113.58759477765597,18845198
2024-07-03,109.10400390625,112.19449949006508,107.52547037182973,111.87594158509745,34412940
2024-07-04,107.9819107055664,110.25936491680065,107.66810481275803,109.97409276830298,21922626
2024-07-05,109.14678955078125,109.5699494092731,107.45415011681389,107.92961095803874,27114862
2024-07-08,107.4779281616211,109.96458641201414,106.90737658428797,109.35599709553122,23493048
2024-07-09,108.5382080078125,109.56995723637837,108.04848388676412,108.04848388676412,26475908
2024-07-10,107.43988800048828,109.01366224067986,105.1957122259384,108.64280336102564,21941350
2024-07-11,107.90108489990234,108.64280265438647,107.07378042107796,107.45415054657043,13658172
2024-07-12,106.62684631347656,108.40507248265185,106.48421386417529,108.35752349624694,18788662
2024-07-15,108.50016784667969,108.73314628210953,106.21795424569345,106.97869453100787,23390542
2024-07-16,108.60002136230469,109.68882358552716,108.19587671224618,109.68882358552716,18771952
2024-07-18,108.56197357177734,109.51289524392891,107.2449450244596,109.11826187939121,16922490
2024-07-19,106.47945404052734,108.78544202459916,106.0277676919342,108.56197484861873,15625360
2024-07-22,109.6888198852539,110.75860682936553,105.79955349970746,107.05001063878716,37861868
2024-07-23,109.18008422851562,110.97256652308045,104.29234696105594,109.96934377578324,36828008
2024-07-24,110.54464721679688,111.02010806504116,108.00092877670723,108.40507339969759,13449876
2024-07-25,110.51136016845703,111.0105955042024,106.9073733657375,109.26565508237123,42066324
2024-07-26,117.14405059814453,118.33745476115567,111.78085260495729,111.78085260495729,91609748
2024-07-29,121.88438415527344,123.07303620572488,118.38974422496365,118.38974422496365,57397472
2024-07-30,120.5721206665039,121.9081645546702,119.61169492961113,121.9081645546702,20604924
2024-07-31,122.23623657226562,123.14436859926462,120.24405431328358,120.76706418615142,19254510
2024-08-01,118.96031188964844,122.88287144300818,117.41506401452023,122.88287144300818,35225422
2024-08-02,118.93653106689453,120.45801162081176,116.22640561953453,116.8445061876938,20131812
2024-08-05,116.01244354248047,117.81919616339566,114.1106002057185,114.1106002057185,32531304
2024-08-06,115.60830688476562,119.79236396447753,115.1803950065384,116.17886572901135,22140040
2024-08-07,117.58146667480469,118.24710894594513,116.10753517519235,117.12978032974821,10525734
2024-08-08,117.10601043701172,118.62748372721101,116.55922609892217,117.55769679981132,21351714
2024-08-09,120.33914947509766,121.05234078232671,117.53392598035578,117.91429612853604,23197276
2024-08-12,119.83990478515625,120.67196124552042,118.67502719163772,118.84143413073662,18834012
2024-08-13,119.67349243164062,121.36137987104414,119.36444578644924,120.45800717359494,16231708
2024-08-14,117.17733001708984,119.98255350441866,116.82073436441765,119.57840886274067,9291734
2024-08-16,121.69420623779297,122.14589260592383,118.15202426514129,118.41352919036137,22505440
2024-08-19,122.4311752319336,123.69114364787158,121.57534420650533,122.66890566927715,29246356
2024-08-20,123.61981964111328,124.45187611946693,122.12212088205942,122.71644693802631,17247826
2024-08-21,123.73868560791016,124.33301166750627,122.74021492580599,122.88286188605719,7155728
2024-08-22,124.45188903808594,124.76093571728634,123.50096724982932,123.71493045615304,8414120
2024-08-23,123.81001281738281,124.97489780150408,123.12060323303572,124.54698590261367,11549182
2024-08-26,123.6911392211914,124.16660007886264,122.93039894693463,123.6435902334415,9555442
2024-08-27,124.64204406738281,125.83069605068783,122.95416405505443,123.69112248073878,18768088
2024-08-28,123.83378601074219,125.21261959407197,123.6198228211247,124.80847496363552,8795166
2024-08-29,120.67196655273438,124.07151602185297,119.74481933568636,123.61982240525288,21151184
2024-08-30,121.93193054199219,122.9541683816231,119.3882123062275,121.33759727447004,31632590
2024-09-02,119.50709533691406,122.7164562835454,119.07917619105551,122.7164562835454,14783796
2024-09-03,119.3406753540039,120.05386664098003,118.84144000212925,119.57840578299596,12636904
2024-09-04,119.10294342041016,119.86368368555719,117.7241098516576,117.81920057106177,10904898
2024-09-05,119.4119873046875,121.12364923411995,119.00784994284697,120.24404377636448,17083868
2024-09-06,117.81919860839844,119.76858371605947,117.15354907374414,119.76858371605947,10130918
2024-09-09,115.96489715576172,117.84297329686565,115.10907343900575,117.84297329686565,12815418
2024-09-10,118.03314971923828,118.77011544843629,116.20262264235514,116.3214878485175,9994230
2024-09-11,114.84757232666016,118.60371022334341,114.18192276885908,118.00938414760512,14661330
2024-09-12,117.03468322753906,117.86673970012352,115.0615236373929,116.2264012480198,19828720
2024-09-13,116.79695129394531,118.1757920693422,116.58299536904342,117.91428715892583,8606488
2024-09-16,115.91736602783203,118.00939103453692,115.67963558366296,116.93960403577609,11744304
2024-09-17,114.49097442626953,116.32149435051645,113.08836636614349,115.91735697994824,10635992
2024-09-18,112.18498992919922,114.30078933280348,111.63821283505058,114.30078933280348,14948232
2024-09-19,112.94573211669922,113.39741849619577,110.80615818280873,113.15968805909684,28415400
2024-09-20,113.08837127685547,113.89665330804728,112.04235155477026,113.15968750565348,20618640
2024-09-23,112.42272186279297,114.11060941132695,111.75707954320976,113.39741810250615,22399168
2024-09-24,112.82686614990234,113.68269716877425,112.37517977340129,112.42272150753148,12205088
2024-09-25,113.32609558105469,113.73023294730535,111.80461506941977,112.82686024160928,11325284
2024-09-26,114.68115997314453,115.06153011874336,112.37517911506133,113.32610085157987,25497280
2024-09-27,113.89665222167969,115.39435105180985,113.27855164314957,114.5622945339693,12707940
2024-09-30,111.9234848022461,114.58606855020888,111.49557292541071,113.89665174643761,20393380
2024-10-01,113.22149658203125,115.1518665071887,111.02011048508761,112.16121364376527,23234612
2024-10-03,109.6888198852539,112.56535956374546,109.04219281994816,111.24833093894007,14663554
2024-10-04,107.16411590576172,110.30691227411471,106.44141341464695,110.30691227411471,34738898
2024-10-07,105.75200653076172,108.11504765060953,104.2210219388897,107.16412590435148,21221914
2024-10-08,105.77577209472656,106.78850599057222,104.64417299063449,105.57607941546736,13475550
2024-10-09,105.46672821044922,106.52224461269145,102.3191724804876,104.60138598943016,50036824
2024-10-10,107.31151580810547,107.65384821139325,104.35890789844458,106.36059407785206,33584298
2024-10-11,108.33850860595703,108.79495421007134,106.50322945111017,107.4303766493584,30659282
2024-10-14,108.7426528930664,109.6650408368535,107.5254670374832,108.73314164479243,15795796
2024-10-15,107.5968017578125,109.16106490681301,106.45569125929507,109.11827516754495,21254680
2024-10-16,106.67439270019531,107.29249323361218,105.92316371403717,107.1213270436653,9963690
2024-10-17,104.3921890258789,106.9786973583586,103.82638942127932,106.45093549452575,24935554
2024-10-18,106.16089630126953,106.45567970194527,103.55537291653626,103.88819405519543,9515960
2024-10-21,103.55537414550781,106.59832067072851,103.27960598307268,106.16089756116284,11199752
2024-10-22,101.07347106933594,104.47777258765886,100.67883768267676,103.64571607788469,15587840
2024-10-23,101.80091857910156,102.7328249978774,100.26993412644187,100.79769593782402,13238930
2024-10-24,103.29862976074219,103.81212838960978,101.8199461110734,101.9863603236077,17420980
2024-10-25,101.74862670898438,104.24954828640195,100.26043185656107,104.07838208211378,20613028
2024-10-28,100.74539947509766,102.88972530232158,100.5599700333196,101.55844072286722,16141458
2024-10-29,98.96717071533203,101.03542826653555,98.03051228229985,100.79769784708486,22038004
2024-10-30,99.55674743652344,100.8690167752894,98.23021485260458,98.80076642359164,11216658
2024-10-31,98.9814453125,100.05123232272422,98.33006621008319,99.58053068139834,13431480
2024-11-01,99.49018859863281,99.96564947604564,98.89586250186679,99.74693428025456,2325654
2024-11-04,99.23343658447266,100.1795990269726,96.04309110844194,100.1795990269726,22814766
2024-11-05,100.72161865234375,101.22560596217548,98.42514201465701,99.2239199670924,11504482
2024-11-06,102.51410675048828,102.93726658621024,100.7216174441351,101.67729832674492,12700484
2024-11-07,102.6520004272461,103.5553804463878,101.62976244382907,103.5553804463878,15746944
2024-11-08,105.50000762939453,105.8851297567842,100.09402009093398,102.65199452845617,42041828
2024-11-11,106.66488647460938,109.56995258899651,105.9992441795603,106.5032315250913,36243744
2024-11-12,105.13389587402344,107.45414703422462,104.20199671473233,107.07377692116528,16884116
2024-11-13,103.37470245361328,104.68697185532706,101.87224434914282,103.65047063139258,18274916
2024-11-14,103.4460220336914,104.40644774027662,102.13850467828345,103.37469855224046,9636734
2024-11-18,104.72026062011719,105.19096951119317,102.5806866233384,103.44126967013845,11243872
2024-11-19,106.20288848876953,108.30928870273208,103.7750111717011,104.36038957480137,16245712
2024-11-21,105.0321273803711,105.50714970090367,102.8585530446631,104.90258182867639,20929238
2024-11-22,107.46002197265625,107.90624911311862,105.18088690805405,105.23846271419364,12284154
2024-11-25,112.71401977539062,113.15065580266773,108.43884071398998,108.43884071398998,36861548
2024-11-26,111.09703063964844,113.11706717089957,110.83793220139046,112.75720375466129,10765920
2024-11-27,112.69003295898438,113.09788110499298,111.09703400719185,111.79757136680378,10538302
2024-11-28,111.11622619628906,113.74562614447696,110.53084779345835,113.26101271848492,18330490
2024-11-29,111.35613250732422,111.70160196055362,109.9790575588435,111.31774619902765,13682648
2024-12-02,110.2717514038086,111.05384958883532,108.52520724913688,110.1182061641469,13793056
2024-12-03,112.84355926513672,113.1794376197183,110.17097762844895,110.69397733158743,14635306
2024-12-04,112.26779174804688,113.2274275613476,111.37533014881961,112.85317017987553,16200684
2024-12-05,111.60083770751953,112.56527632128592,110.97707300618758,112.27738266792049,9311856
2024-12-06,111.40411376953125,112.37334795371189,110.5500385142386,111.6536211214019,8057688
2024-12-09,109.71516418457031,112.277390046433,109.4464673285392,111.51927687609367,11975484
2024-12-10,109.85910034179688,110.71797108894076,109.15856304543455,109.90228219201003,10643216
2024-12-11,110.9242935180664,111.28895979105577,109.72955168760754,109.87829405835224,8008332
2024-12-12,110.35810852050781,111.13061557300895,110.04142697369478,110.90989613453453,8171548
2024-12-13,111.2889633178711,111.79277357000838,108.31409384438238,111.29375886108458,16607242
2024-12-16,112.68042755126953,112.99710910463186,109.96945949708036,111.3177465489367,11406544
2024-12-17,110.76115417480469,113.52970530524163,110.16618470805842,112.68042563437754,17905616
2024-12-18,106.9178237915039,110.76116254398532,106.44280143364838,110.76116254398532,15727724
2024-12-19,105.18567657470703,106.39961522926258,103.49671558171852,103.64066241046547,9152564
2024-12-20,104.25482940673828,105.99176780657211,103.82779178219306,105.4351846245886,15682738
2024-12-23,105.05133056640625,106.88423110879981,104.28842187439678,104.28842187439678,9698716
2024-12-24,105.50235748291016,106.46678878311823,104.59550198526978,105.14249407398239,8457926
2024-12-26,105.62710571289062,106.01575701654275,104.60989417035027,105.5599315038821,8098688
2024-12-27,105.80464172363281,107.35925434404263,105.4351872147572,105.82383853949963,4666774
2024-12-30,107.18172454833984,107.81508036743878,104.62429426984222,105.79984665730201,13401864
2024-12-31,105.79984283447266,106.51956965647588,105.24325233497795,106.51956965647588,6469510
2025-01-01,106.91302490234375,107.46960808596316,105.18088204054769,105.55993494915883,3854562
2025-01-02,113.27540588378906,114.29261744558377,107.60875789768129,108.29489395115306,40788608
2025-01-03,112.33976745605469,113.47693353807861,111.48569217835434,113.23702458768098,11625344
2025-01-06,108.51561737060547,112.3397665963953,108.10776922947443,112.2773879269084,7541810
2025-01-07,107.72870635986328,109.97425039665978,107.26328245693557,108.59237995918478,8939686
2025-01-08,106.86984252929688,107.86306913108949,106.08774430370869,107.69993279656832,11997500
2025-01-09,102.8729476928711,106.95620242424783,102.63784162390724,106.30364983267211,12998912
2025-01-10,101.0352554321289,102.97371646366618,99.61019572974953,102.86815594338327,16022686
2025-01-13,97.1391372680664,100.27715059163248,96.87044040200556,99.78773425905565,12312576
2025-01-14,100.7857437133789,101.42869789345684,97.42701866818187,97.44620816129245,5900706
2025-01-15,99.16875457763672,101.76457103033736,98.07477041180557,101.2655636633462,6852198
2025-01-16,99.7589340209961,101.3903118326304,99.58619929682214,100.66098662818042,10451924
2025-01-17,99.12557983398438,100.21956407825985,98.52580744912106,99.75894298669135,6503312
2025-01-20,100.38749694824219,100.6753906034098,98.38665727700261,99.56220961296411,10950000
2025-01-21,98.24751281738281,101.1935944979675,97.95482359882492,100.76176130665793,11790436
2025-01-22,99.23113250732422,100.27233640648414,98.12275439923268,98.84248120411702,20175578
2025-01-23,99.6773681640625,100.4498752370329,97.88284667267843,99.06320186869421,9187844
2025-01-24,98.02679443359375,100.12839177124354,97.71490841845845,99.32230124643317,19779840
2025-01-27,94.66326904296875,97.25429006225973,93.73242847903981,96.9232145441192,13457514
2025-01-28,98.23310852050781,99.66297101609375,94.53371691642252,95.36379976500287,23240006
2025-01-29,98.8616714477539,99.11117879201046,97.54697515990917,98.05078539143962,12922486
2025-01-30,100.92009735107422,101.45749104324982,98.54500026765679,98.86167450972314,14928366
2025-01-31,104.03890991210938,105.0801138142532,100.21955643514416,100.59381378904139,13116114
2025-02-01,99.01042938232422,106.0733496549751,97.8876499004053,104.55232042626616,27247028
2025-02-03,97.83966827392578,99.22153882655311,95.79084382175176,99.01042510373951,21291626
2025-02-04,101.56304931640625,101.71659455159494,99.31270229807055,99.80211858343476,13829256
2025-02-05,101.25117492675781,102.67623467010718,101.00166756969406,101.67340969858867,4982690
2025-02-06,100.6609878540039,101.94690355438945,99.9652534059062,101.25116910629174,4793854
2025-02-07,101.7453842163086,103.75582233058721,100.18117322183163,100.75215767774635,7877896
2025-02-10,100.32992553710938,101.72139451462968,100.0708197718298,101.24157661597577,2787106
2025-02-11,97.74369812011719,100.51704472655948,96.37141876678032,100.0660147730136,7088702
2025-02-12,105.24805450439453,105.99176635840075,95.79563644736292,97.88284714596305,73022266
2025-02-13,104.15406799316406,108.08377017724963,103.81818962882477,105.8478244794092,47542286
2025-02-14,102.60906219482422,104.94097751239057,101.61583561445326,104.21644778812764,15651978
2025-02-17,107.29207611083984,107.7191137298735,100.44987579872745,102.20120812678421,41594672
2025-02-18,106.65391540527344,107.19130907604378,104.32679581052744,107.16732403972983,14740792
2025-02-19,108.15575408935547,108.52520859918742,105.06093011314505,105.39199831258405,12602396
2025-02-20,108.67395782470703,109.30251809659674,106.74508783413366,107.7143220333786,12749270
2025-02-21,106.77387237548828,109.58560544843239,105.63190347689275,108.49641680955614,11291962
2025-02-24,107.04256439208984,107.42162460065258,105.22405792816933,105.55992896513412,12662692
2025-02-25,109.02901458740234,109.58560508414826,106.38042516694762,106.98978860179757,19793824
2025-02-27,108.16534423828125,109.20175264558681,106.68751156888337,109.15857079230908,14564826
2025-02-28,102.17241668701172,106.7162924250353,101.39511409357463,106.51476980160494,26693850
2025-03-03,100.2435531616211,105.36320919291269,98.66975106089251,103.64066471702988,13489116
2025-03-04,99.28871154785156,100.5218470280718,97.47980339066858,98.84248442855748,17913698
2025-03-05,100.38269805908203,101.96129560250625,98.7705097510507,98.84247950172372,22003930
2025-03-06,101.04965209960938,102.58506790667609,100.76175843265433,101.72139422725104,10167814
2025-03-07,100.65619659423828,102.03327159862921,100.35871184466143,100.96327975163891,8597008
2025-03-10,99.2215347290039,102.05246457236137,98.78970157191127,100.88650333390771,9597488
2025-03-11,95.94438934326172,98.28589568831983,94.81681436334395,97.88285041434753,25874734
2025-03-12,94.09709167480469,96.39541626796237,92.55687294505391,95.96358307271132,31387772
2025-03-13,94.34659576416016,95.09990605796965,93.81399760374602,94.38017920992027,10587842
2025-03-17,95.22466278076172,95.9347912162357,94.17865596122078,94.76403437955909,17868720
2025-03-18,95.22466278076172,95.22466278076172,95.22466278076172,95.22466278076172,0
2025-03-19,98.69374084472656,99.7925205677816,97.88284745662125,98.21392296503724,15342412
2025-03-20,99.5526123046875,100.52184647825185,98.69374151563859,99.35108967242083,9247912
2025-03-21,101.16480255126953,101.86533989474016,98.51621305993622,99.55261414194317,15463156
2025-03-24,101.97569274902344,103.01689666288647,101.1935872671441,101.7213898600884,9897916
2025-03-25,100.78094482421875,103.2568068551958,100.05162691421671,102.87295108488745,16380024
2025-03-26,103.1512451171875,105.36800868685604,100.06601968327395,101.45748859758972,58831436
2025-03-27,100.05162811279297,103.06488386543535,98.44423525850077,99.79252235311891,42418880
2025-03-28,97.9884033203125,100.76174994743631,97.67172177761795,100.73775759030379,20824092
2025-04-01,100.31072998046875,100.85772209894361,97.69572386426387,98.36267045890813,16742748
2025-04-02,100.17158508300781,100.81933485546709,99.09679035075284,100.32032746065164,12568804
2025-04-03,100.73297119140625,100.9776756849161,98.12755618482674,98.36266959176453,13112264
2025-04-04,98.42984008789062,100.32511925879791,97.45101482937523,100.27714186342904,9206950
2025-04-07,94.80721282958984,96.46738591017667,92.05785843654428,94.23622838290154,19509568
2025-04-08,96.83684539794922,97.64293589993284,94.99914208941705,96.4433912328575,8552900
2025-04-09,98.20912170410156,98.77051507537168,95.72366856101891,96.44339539230477,8559354
2025-04-11,100.04203033447266,100.66579505744082,99.17835666585827,99.37028821523924,7674562
2025-04-15,103.13684844970703,103.41514368952713,100.81453174402985,101.24156935032768,14187334
2025-04-16,102.8729476928711,103.4007502748219,102.13882694252837,103.01689451717037,9669812
2025-04-17,105.07051849365234,105.27204112694518,102.11964142705303,102.82017143972244,12745690
2025-04-21,106.54835510253906,107.04736978763457,104.6770683370301,105.29123462527096,10604780
2025-04-22,106.84104919433594,108.1221620881378,105.99657233965006,106.51957208508438,10114844
2025-04-23,110.68438720703125,111.02026558674663,106.99938933091254,107.47920722028883,21894324
2025-04-24,110.65559387207031,111.36572958491736,109.79672311368964,110.43007888942071,12282938
2025-04-25,107.97821044921875,111.79756392313351,107.11454413872397,110.68918581275082,13969344
2025-04-28,109.1393814086914,109.29771487087031,106.84584513926794,107.04737509764843,5953646
2025-04-29,109.331298828125,110.99147185967,108.50121597307229,109.3936774933309,6807976
2025-04-30,108.10777282714844,110.14220341437365,107.81988647215792,109.3409083780842,10047166
2025-05-02,105.63190460205078,108.24691793611352,104.60029907643256,107.50319874903438,7560322
2025-05-05,107.57036590576172,107.9350248392397,105.76145054540393,105.7998368523131,4585356
2025-05-06,106.10212707519531,108.39085302509122,105.86701368508442,107.5703685740537,4060374
2025-05-07,108.71234130859375,108.89466712562674,104.8114195754003,104.86419983540875,7529564
2025-05-08,105.69908142089844,109.38888222417566,104.84021060579036,108.48682955543735,6145026
2025-05-09,106.33723449707031,106.5195676313721,103.73662250824651,104.3076069476108,5864400
2025-05-12,110.97227478027344,111.2697595125032,108.2421099680939,109.00501861319643,7344388
2025-05-13,110.52124786376953,111.74478491255576,110.11820260484505,110.9722778388973,6125816
2025-05-14,112.53168487548828,113.18903301692319,110.35811050218221,110.83792837393084,10515502
2025-05-15,114.84921264648438,115.11311395533495,112.22940369539329,112.99231971942318,10136628
2025-05-16,113.87517547607422,115.77525013309877,113.51051653216032,115.1562883048934,13642966
2025-05-19,115.67929077148438,116.71569914799133,113.72163294522895,114.6716776177469,14642518
2025-05-20,116.0775375366211,119.7337473412628,115.49215915301184,117.55537744594284,34044772
2025-05-21,117.36824798583984,117.92963400805115,114.91637840836127,116.8404454069542,17467454
2025-05-22,116.60649871826172,117.88584735046403,115.39551205608022,117.19245952571109,14472238
2025-05-23,117.00202941894531,119.04801576202823,114.81931912724126,117.6807688249204,28329800
2025-05-26,117.13874816894531,118.12023235318087,115.75197249396378,118.07140663135242,31103998
2025-05-27,117.00690460205078,117.92491460312374,116.21585786974514,117.43661267930129,13957124
2025-05-28,116.52349090576172,118.38880038733663,116.28910061679727,117.19246215963624,14692904
2025-05-29,117.54891967773438,117.77842217730405,116.24027410230354,117.19246136067986,13373628
2025-05-30,115.25389862060547,117.56845234426613,114.79978142310202,117.54891609546627,20459598
2025-06-02,115.361328125,116.09378100198413,114.48727097019317,116.09378100198413,11181946
2025-06-03,115.29296875,116.07913515369704,115.19042206651946,115.98147625807984,11195000
2025-06-04,115.05369567871094,116.28909893672373,114.72653428734944,116.21585662929056,12071762
2025-06-05,114.22846221923828,115.67871948787497,113.67179833992593,115.67871948787497,14461902
2025-06-06,118.18859100341797,118.5597052235455,114.03314443215338,114.28706351157287,23821972
2025-06-09,118.7452621459961,119.52166789297145,118.1251240470857,118.65737137326094,11154574
2025-06-10,117.79795837402344,119.08218736258398,117.55868774986314,118.90151803568712,8002548
2025-06-11,117.19246673583984,118.40345347252587,116.70416479110717,117.82726075417159,13560528
2025-06-12,114.8632583618164,117.32430420697155,114.69723749751117,117.19246060254281,7131958
2025-06-13,114.65328979492188,114.89744074957422,112.59753547835493,113.28604295868955,8478438
2025-06-16,115.12205505371094,115.29296370172965,113.31045914901254,114.31147954977395,5949562
2025-06-17,114.51657104492188,115.48340678289988,114.16499305822148,114.84373244487159,4227886
2025-06-18,114.25777435302734,115.42969603615738,113.80364967145943,114.25777435302734,10098702
2025-06-19,113.70598602294922,115.37109736764435,112.95400434035245,114.1356940992308,8194360
2025-06-20,114.8241958618164,115.19042230932494,113.30557656144519,113.30557656144519,10280514
2025-06-23,115.56642150878906,116.34281982037788,113.36418239858605,113.78412237324545,6059600
2025-06-24,117.57333374023438,118.60853140907906,115.9082224325958,116.31351391354248,11889666
2025-06-25,119.44352722167969,119.70232663079805,117.99326999275074,118.65736087014209,14770642
2025-06-26,121.5481185913086,121.71413946348655,119.38982490030632,119.48748379859357,18988974
2025-06-27,121.94363403320312,123.00324828497003,121.74343591256209,122.26591508237533,10399732
2025-06-30,122.51983642578125,122.84699781778099,121.49928720210951,122.55890147345382,7429606
2025-07-01,122.85676574707031,123.19857560004175,120.97680037938346,122.34404724216517,7030766
2025-07-02,122.88117218017578,123.54038273640028,121.92898494965938,122.85676304548998,7080494
2025-07-03,122.31963348388672,124.0286902391506,122.00224020969617,123.05208637899982,10579878
2025-07-04,122.00223541259766,122.95442264862567,121.29419168111151,122.612612801192,7290956
2025-07-07,121.97782135009766,122.29521461837395,120.95238433568869,122.00223793632568,4698604
2025-07-08,122.00223541259766,122.75909741373796,120.68381429251717,122.07547771887063,5972592
2025-07-09,122.51494598388672,123.00324789287134,121.97781835454111,122.24638589466183,10059130
2025-07-10,121.97782135009766,124.02868792801956,121.7092538033814,123.97985475556351,13209766
2025-07-11,120.24434661865234,122.61261388774356,120.09785455391236,122.3196297582636,10768796
2025-07-14,123.5159683227539,124.00427023938934,120.61057340895226,122.07547915885857,18222508
2025-07-15,122.51494598388672,124.22400266533293,121.41626668867129,123.95544257610806,11983088
2025-07-16,121.6848373413086,122.95442531750113,119.82928854952564,122.46612339602646,13686931
2025-07-17,120.85472106933594,122.22196788878435,120.41525233671484,122.173134718095,6161202
2025-07-18,119.38982391357422,121.53834946172174,119.1456729444258,120.8058965542765,4990390
2025-07-21,121.88015747070312,122.31962620124753,118.85267972376806,119.97577558625406,8377482
2025-07-22,121.098876953125,122.46612382825884,120.85472599152595,122.46612382825884,9118516
2025-07-23,121.6848373413086,122.02664719616165,120.17110585527472,121.14770969822406,4574233
2025-07-24,121.88015747070312,122.51494398129044,121.44068128926301,121.6848322397645,10435772
2025-07-25,119.09683990478516,122.2219767839532,118.75503003777048,121.63601594751427,6422937
2025-07-28,119.87812042236328,122.07547904517646,118.75502452496848,119.09683437611578,10627268
2025-07-29,120.4152603149414,121.14771321843644,119.24333119881162,119.97578410230665,6535234
2025-07-30,119.04801177978516,120.46408439351964,118.75502764202817,120.41525867115756,5517480
2025-07-31,118.2178955078125,119.34098394120217,116.65532343355657,118.12022916499961,11333155
2025-08-01,117.53426361083984,118.41320850435021,114.96579834787201,118.2178907284126,13653423
2025-08-04,119.73162841796875,120.46408129261076,117.3487201324093,117.5342697940427,10209776
2025-08-05,119.11637115478516,120.10274311610586,118.4620483724093,119.73162888958537,5769803
2025-08-06,117.90538787841797,119.62420531586037,117.72959888471406,119.58514026715991,4414208
2025-08-07,117.00690460205078,118.69643253687076,115.39551421415352,117.19246171739006,10739005
2025-08-08,112.71961212158203,117.57333434241791,112.40709919443042,117.00690233355064,10860600
2025-08-11,117.21199035644531,117.52450328923057,112.27037727837337,113.1883872781971,13024457
2025-08-12,116.56743621826172,117.47567809746911,116.11819934103707,116.73345708466941,4155268
2025-08-13,116.92877960205078,118.21789635694427,116.36234759360926,116.89947522845893,4597540
2025-08-14,119.10660552978516,121.09887829257701,116.49907501928102,117.19246286378421,19020549
2025-08-18,128.6773223876953,129.6929987720316,122.17314439489829,122.17314439489829,80821577
2025-08-19,130.16175842285156,130.42544563178825,124.13611452660894,128.67731641560496,40387936
2025-08-20,129.98597717285156,131.1676594752311,129.10702477504518,131.1578988014681,20564141
2025-08-21,127.94486236572266,130.6793560692703,127.73978390648688,130.03479396523136,16695588
2025-08-22,128.1304168701172,129.00936924004446,126.59715663760636,127.94485976196172,11093419
2025-08-25,127.94486236572266,128.78474225534532,127.31983651077964,128.33551283868195,5255625
2025-08-26,128.2964324951172,129.26327559205282,126.87059933593355,127.45655265685348,13267634
2025-08-28,126.78272247314453,128.81404542385755,126.45066582958086,128.27692521290712,7709689
2025-08-29,124.00916290283203,127.19289361072155,123.79430885892161,126.64598292508164,10674470
2025-09-01,125.03459167480469,125.50335735761904,122.90559495054103,124.3705007484042,15300044
2025-09-02,127.3393783569336,129.68322169054295,125.45454003560654,125.69869100376555,15084908
2025-09-03,127.18312072753906,129.2828280371557,125.29828236817447,128.71639599138067,14455278
2025-09-04,125.01505279541016,129.5562696143407,123.57945140245373,129.30234307757175,20498606
2025-09-05,127.71048736572266,129.1363206163612,125.23968086130832,125.23968086130832,19576052
2025-09-08,134.07794189453125,134.96665501346789,128.29644863699056,128.91171385806868,33590663
2025-09-09,131.90011596679688,134.4783495810529,131.6657405757324,134.322089385815,15017284
2025-09-10,130.8746795654297,132.94508990797445,129.61486712692104,132.79859038605042,15726944
2025-09-11,130.43519592285156,131.50946602056885,129.16560805331042,131.11881557513038,12684319
2025-09-12,130.9528045654297,132.95484540611182,129.66369525307985,130.4742782237674,18257240
2025-09-15,130.8063201904297,132.8181217084922,130.0738673133608,130.97234105435027,10539375
2025-09-16,131.39227294921875,132.39818860543474,130.85515276326186,131.15789756677702,9836983
2025-09-17,133.5701141357422,134.54671799596915,131.84152113063865,131.84152113063865,21279686
2025-09-18,135.5135498046875,136.23624204469542,132.54468054917612,134.21466484859107,15571795
2025-09-19,137.5937042236328,139.29300014393291,135.64049668839675,135.74792369890636,29812677
2025-09-22,136.15809631347656,138.43358489395186,135.75768518991077,137.69137139073484,12613982
2025-09-23,140.67001342773438,141.11925776009144,136.2948323077434,136.2948323077434,43630485
2025-09-24,138.93165588378906,140.62119124375397,136.33390101400934,139.16604616829653,36960853
2025-09-25,137.1640167236328,138.5800894183955,136.82221429485182,138.5800894183955,10954407
2025-09-26,138.609375,139.65434825518915,135.7576935930741,136.30460425759264,20914983
2025-09-29,139.08792114257812,140.77744166232645,138.02342650250387,138.67774930608508,16359612
2025-09-30,139.3320770263672,140.42586862894598,138.31641552422872,139.78132137845088,13913548
2025-10-01,137.92575073242188,140.43562965548392,137.50581825057867,139.65434363381758,12440118
2025-10-03,136.51943969726562,139.60551130547762,134.92758562421653,138.11130867210622,15561840
2025-10-06,134.5564727783203,137.21283635397114,134.25372797919252,136.51944108678194,12157023
2025-10-07,136.5585174560547,137.44723053157463,134.7127367847859,134.8299244776309,9538118
2025-10-08,136.10928344726562,138.2871209163237,135.74794476574357,137.50583480062264,10813847
2025-10-09,135.3963623046875,136.6366534137443,134.2146650445669,136.23624224362314,5658661
2025-10-10,134.3318634033203,136.25577419221568,134.18536388381207,135.5526182235944,6840339
2025-10-13,134.20489501953125,134.76156634922444,132.52513525869833,134.27326443972166,6553457
2025-10-14,132.24192810058594,135.15220333936836,131.47040273044342,134.70295902110655,8702406
2025-10-15,132.515380859375,133.22829750850195,132.03683960075972,132.32982374069167,9026819
2025-10-16,134.02911376953125,134.6736609660817,132.32005708264296,132.798583417825,9950107
2025-10-17,131.36297607421875,134.4783446825035,131.07000684605995,134.1365422823876,15168999
2025-10-20,132.661865234375,133.99982266051785,132.3884173447529,132.80836475496764,6001026
2025-10-21,133.05250549316406,133.77518275941688,132.68139128500752,133.40408345305153,2918743
2025-10-23,134.62484741210938,136.18740463949416,133.25759307363143,133.79472817439805,12839861
2025-10-24,133.15994262695312,135.25963497083765,132.6423437719157,134.68344226833065,6291344
2025-10-27,137.51559448242188,137.8867087376042,133.30643400543815,133.32597025618279,16792519
2025-10-28,136.82220458984375,138.91213622122626,135.27916872715318,138.0917776663963,21334243
2025-10-29,136.21670532226562,137.3495694020937,135.21080451570234,137.19330920450514,8637758
2025-10-30,137.4765167236328,137.99411552901813,135.74792388013964,136.62686131145296,14765768
2025-10-31,138.21873474121094,140.279369357062,137.65230274850686,137.65230274850686,18213013
2025-11-03,136.5585174560547,139.6055166843607,136.29483024536142,138.67774601182313,8798368
2025-11-04,137.1542510986328,137.50582909101016,134.8787622732173,136.18740789414696,8502046
2025-11-06,137.92575073242188,140.48446282592397,136.64640213656654,137.69137535717596,17435511
2025-11-07,137.97457885742188,138.3359174822402,135.55260569043492,137.70113099510678,4888203
2025-11-10,138.95120239257812,139.80084302124015,137.39840576026717,138.48243669074319,7609145
2025-11-11,142.6232147216797,143.34590691011311,138.92189281609197,139.63480942921947,17177183
2025-11-12,139.19534301757812,144.14673159991474,138.42383254689386,144.01976833314964,24925913
2025-11-13,146.8909912109375,147.91642825163927,140.2696181848643,141.47083676876454,53618730
2025-11-14,144.79127502441406,149.36178858894522,144.0100039004456,146.49057101280755,20695998
2025-11-17,144.97683715820312,146.1878312852047,144.1467328347598,146.0022741712021,10767304
2025-11-18,144.76052856445312,146.94329402970135,144.54421739201553,146.94329402970135,11015324
2025-11-19,143.0202178955078,145.1734726018849,142.46959812739576,144.6818590610687,5986604
2025-11-20,143.78713989257812,144.38690903782256,142.43028166169768,143.62981995218658,8625173
2025-11-21,142.2631378173828,144.31807894695785,141.37822438637073,144.04277654696003,10000648
2025-11-24,142.16481018066406,143.5511640644375,141.48638104593002,142.3712944836571,16912563
2025-11-25,143.38401794433594,146.45168186981076,142.08615089718535,142.16481086999954,21768360
2025-11-26,146.45167541503906,147.238260105657,142.56793132100344,144.38690748037897,17859160
2025-11-27,157.07054138183594,159.28280252805897,146.99246282681986,147.15960964641397,90218203
2025-11-28,155.46786499023438,157.54247478121198,153.58007074960173,155.34988253858702,27495981
2025-12-01,157.61131286621094,158.69285371385638,154.00287107823857,155.60552110761932,24989252
2025-12-02,157.31634521484375,161.7310405534634,156.23478934034938,157.31634521484375,37354552
2025-12-03,159.98089599609375,160.41350333920374,156.82473024692115,157.6211418370599,21310659
2025-12-04,157.5228271484375,160.737969103321,157.16886477691708,159.38112584820576,12196009
2025-12-05,158.1619110107422,158.58469145997842,156.83454843211456,158.21107536603483,10982958
2025-12-08,156.60841369628906,160.19718666533967,155.25155547650806,158.2012368218719,11422591
2025-12-09,156.90338134765625,157.60146418229388,152.94097736192353,156.50025463872197,13146291
2025-12-10,155.35971069335938,157.63097792633823,155.113903915158,157.31633804887002,10266182
2025-12-11,157.64080810546875,158.4863840403451,154.46498866524314,155.84150065092302,11571887
2025-12-12,161.11160278320312,162.09482994164992,157.66048085808302,158.05376572031943,13731776
2025-12-15,164.02195739746094,164.33658227828488,159.78423585521617,161.05260725737242,16406561
2025-12-16,164.9363555908203,165.90975587730242,163.24520368051012,163.70732164453997,17495643
2025-12-17,163.3533477783203,164.69053721793534,162.30130259578573,164.69053721793534,7630563
2025-12-18,168.69229125976562,169.16423609637363,162.85191952138908,163.3533599726066,21614399
2025-12-19,170.64889526367188,171.6517911193308,167.8368651215007,169.19372333781246,16822313
2025-12-22,174.0803680419922,175.01443082390824,171.68129142125252,171.68129142125252,17655028
2025-12-23,174.97511291503906,175.21107783285225,172.63502746101884,174.10986820877494,8542554
2025-12-24,172.3695526123047,175.309407248905,171.82877466873526,175.11276481565866,8846615
2025-12-26,171.75010681152344,173.03814694630617,170.36376796891338,172.27123098984777,5686108
2025-12-29,171.986083984375,173.09713541767331,170.47192083884144,171.75010407735397,9026929
2025-12-30,175.6338653564453,176.9513860973847,171.09134585726054,172.55635966800537,58790880
2025-12-31,176.18447875976562,177.31518400262794,173.73623770867508,175.48638086873217,12570359
2026-01-01,181.77903747558594,182.44762472585302,175.81084156621412,176.1844726783372,26287021
2026-01-02,185.61361694335938,186.81315524569175,180.6876544086983,181.89701958133142,25388934
2026-01-05,184.6107177734375,188.58296372097183,182.92940780782112,185.82992479747526,17083159
2026-01-06,183.02772521972656,185.99707536888508,181.8183600442077,184.69922335188187,9072320
2026-01-07,182.99822998046875,183.696327849159,181.4643980468457,183.07688995178987,9482575
2026-01-08,181.42507934570312,183.1752224862395,180.92362389343154,182.88025133834842,9093468
2026-01-09,184.6107177734375,187.56039911942918,180.81546050814734,181.01211793349756,25410790
2026-01-12,183.87330627441406,186.46902538353018,180.26486438806154,186.44937164233465,13071854
2026-01-13,182.5852813720703,184.74837813251048,180.96296255245414,183.91264404474236,6855429
2026-01-14,183.7553253173828,184.54191005445142,181.0612774688511,182.10351087210918,7446179
2026-01-15,183.7553253173828,183.7553253173828,183.7553253173828,183.7553253173828,0
2026-01-16,181.15960693359375,183.52918802524238,180.667993346257,182.81142138567435,26684199
2026-01-19,184.8270263671875,185.33830866084438,179.28162611400109,180.02888831308152,10612728
2026-01-20,177.75762939453125,186.5673512373512,176.489272975518,185.76109777503385,15758631
2026-01-21,178.20008850097656,180.12720525318417,173.86405330422656,176.9022215021445,20759934
2026-01-22,187.0884552001953,188.22900226012217,181.43489925998912,182.1919883432162,20314511
2026-01-23,189.7431640625,195.8686797784346,186.81315146661257,188.7796056925769,32467563
2026-01-27,189.76283264160156,190.89353781941207,184.8466970809383,189.03523917759557,23069013
2026-01-28,192.0537567138672,193.39094620807035,186.2822182733823,190.647734119333,20044566
2026-01-29,190.8050537109375,193.10580158557255,188.70094826097244,193.10580158557255,10560396
2026-01-30,193.3909454345703,194.6789705666504,188.70094785193788,189.66450623273093,14239171
2026-02-02,191.13934326171875,191.72928552601772,182.40829676893688,186.5870119662988,14956648
2026-02-03,196.51760864257812,199.5951144695496,192.73219305952435,199.5951144695496,16548292
2026-02-04,197.54998779296875,201.7483717248225,195.7113579107274,198.3562412190381,22146705
2026-02-05,198.12026977539062,199.45745929309558,196.64542905745967,197.8744629890688,14809572
2026-02-06,198.45455932617188,199.59510639195403,195.91783154311378,198.12026570432874,9580410
2026-02-09,202.34814453125,202.918418061854,197.42216705250962,199.39846316782902,9662823
2026-02-10,206.21221923828125,207.4609218788253,201.4828992015952,203.23304227124504,12114047
2026-02-11,202.88893127441406,211.80679384961218,199.16249192158773,206.9693180035071,53661132
2026-02-12,207.4805908203125,208.78828468872427,201.1977701309817,202.93807132928865,36604082
2026-02-13,201.19776916503906,209.29955098363104,200.38168885996976,206.59567641977753,26832686
2026-02-16,202.40713500976562,203.41985774056772,199.59510485358612,201.5123947321505,11066053
2026-02-17,204.1966094970703,204.75705617994203,200.44068954533864,202.4071438663945,7435573
2026-02-18,204.8455352783203,206.13356040945362,203.6263432471921,205.0028552187418,7339062
2026-02-19,200.07688903808594,205.11100701579406,198.88717763953827,204.806209013639,9638504
2026-02-20,205.3470001220703,205.8484405769276,198.42507245491515,199.16249283121726,14624480
2026-02-23,207.22494506835938,208.1983453306736,205.4551482319414,206.24171793574698,8533992
2026-02-24,206.65467834472656,207.48060056552262,205.12084636773602,205.4944774913615,12888307
2026-02-25,208.06069946289062,210.11564062201433,206.11391389123952,206.92999423255904,13401777
2026-02-26,208.36549377441406,209.3192253007444,206.7923393516294,208.10001824573047,7744469
2026-02-27,207.5592498779297,210.50893122151265,206.8906476385662,208.3654883103577,13962660
2026-03-02,205.50430297851562,209.3290560246213,196.6945960407497,196.6945960407497,17727577
2026-03-04,197.09771728515625,203.7049898029713,193.83339600880538,203.33137369512608,28728295
2026-03-05,199.63442993164062,200.5685077076949,193.63675343862045,197.6679756710723,17821008
2026-03-06,191.4048309326172,199.09367458527353,190.86405298982004,199.09367458527353,23585465
2026-03-09,183.8044891357422,187.25561109344332,179.59627805808995,187.25561109344332,22595249
2026-03-10,190.31344604492188,191.89644236727756,187.79638692429918,188.28800050263504,17754507
2026-03-11,181.56272888183594,192.1029251162566,180.79581290606907,191.12952483800373,28300159
2026-03-12,175.47654724121094,181.86752359166977,174.04102902892842,181.56272558156627,44243228
2026-03-13,167.78770446777344,173.63791791916444,166.5685124230644,173.63791791916444,27176714
2026-03-16,169.87216186523438,171.96642552927165,165.8704200936589,166.46036239507717,21338066
2026-03-17,173.1561279296875,173.63791461736287,168.8200927491748,171.08151811564224,20890037
2026-03-18,175.6240234375,176.99070853468393,172.56618649307123,173.68706481016557,12316122
2026-03-19,165.7425994873047,172.99880528506787,165.07399725766305,172.99880528506787,19935868
2026-03-20,166.05723571777344,169.77383321066839,163.5401765694484,168.21050561503998,38794799
2026-03-23,159.26312255859375,164.25791806147814,158.21107735580281,164.25791806147814,23531787
2026-03-24,164.32675170898438,165.19198136391543,159.5777629669438,163.51067140727338,16357599
2026-03-25,168.08267211914062,170.01963073373483,166.94212506634153,167.02078503579543,13077297
2026-03-27,160.35450744628906,167.14861044813068,160.11854253924847,167.14861044813068,21631702
2026-03-30,151.5447998046875,158.1324184645673,150.98435314862198,156.6280821811405,51508097
2026-04-01,146.60899353027344,160.1283661598066,145.51761084879328,151.5644515146789,89347607
2026-04-02,145.9502410888672,146.6384970958539,140.729307303421,144.92767644746775,33940797
2026-04-06,148.37881469726562,148.97858386651984,142.71541663929645,146.50084721615832,23012980
2026-04-07,150.3649139404297,150.8761962357412,143.6888084998836,147.48406572464535,20832098
2026-04-08,169.58700561523438,170.2556078431736,160.2070257041705,162.33079983594698,102302775
2026-04-09,167.52224731445312,171.8189451769045,166.17521591141045,169.90165522700374,34385107
2026-04-10,175.0341033935547,175.3880657716118,169.242896015659,169.99997012753616,39293953
2026-04-13,169.17405700683594,171.08152003294748,167.54189637595127,169.11506577969521,21624635
2026-04-15,172.5366973876953,176.08614802618695,172.0647525529212,173.99188438277048,21564266
2026-04-16,173.76573181152344,174.90627891797638,171.81894623523712,174.81779207424876,15255848
2026-04-17,171.8484344482422,174.49331779557156,170.26543818847563,174.49331779557156,21780071
2026-04-20,173.00865173339844,174.46382367942533,169.89180854072384,172.37938697272287,11967504
2026-04-21,173.6477508544922,175.8796807281158,173.02831293733198,173.04798168150455,11828616
2026-04-22,175.96815490722656,178.34756268374565,172.65468438829555,173.53958277524265,19948964
2026-04-23,167.76805114746094,174.80794604454223,166.41119289780877,174.03120320775275,33563795
2026-04-24,167.05027770996094,169.31170303269516,165.54594145240247,167.8270355178679,13081619
2026-04-27,166.46035766601562,168.61362750130607,164.93635259969474,167.81720091616077,15010298
2026-04-28,164.71022033691406,169.12490074494266,164.20876487650563,166.4210260173023,17796360
2026-04-29,162.95022583007812,166.4210163513787,162.3406298187119,165.52629107746043,16722649
2026-04-30,159.37127685546875,161.95716892641553,157.57196946419052,161.95716892641553,22015141
2026-05-01,159.37127685546875,159.37127685546875,159.37127685546875,159.37127685546875,0
2026-05-04,158.07342529296875,161.29840898533422,156.4314378339724,159.56791968504206,19498224
2026-05-05,157.56214904785156,158.94850291473014,155.92998839618693,157.3163422630655,12578926
2026-05-06,164.9855194091797,166.27354458020832,157.8079581858264,160.7576396472437,22189983
2026-05-07,167.91552734375,169.90165033866376,163.61882960492142,166.15555738982587,28275087
2026-05-08,165.7425994873047,167.14860703926462,164.46440125643343,167.14860703926462,15023366
2026-05-11,158.81085205078125,163.5893365572285,158.29956973654689,163.5893365572285,15637259
2026-05-12,153.3342742919922,158.76169247583098,152.49854019849144,158.10293207171063,15383319
2026-05-13,150.64022827148438,154.72061467247974,150.19776408101706,153.3342608821528,25946243
2026-05-14,151.7512664794922,152.7738310614938,147.3759089004546,151.50545970535688,43395207
2026-05-15,150.5615692138672,154.71078873723712,149.56850025034038,152.00691423755956,23889114
2026-05-18,148.60494995117188,149.45052589516663,146.26486454742587,149.45052589516663,18556084
2026-05-19,148.84092712402344,150.59107020794838,146.52051050671713,148.08383803625873,22007430
2026-05-20,151.0335235595703,151.9085951255515,146.30420335450034,147.48407293742864,24202471
2026-05-21,151.888916015625,155.82182435887782,151.17116444378067,153.38342538686038,23665678
2026-05-22,155.55636596679688,156.0774751291482,151.46613763341054,152.40020037708624,18694921
2026-05-25,161.32791137695312,163.01906326265066,157.4146715497486,157.4146715497486,30680951
2026-05-26,157.84727478027344,161.54421834245053,157.05086321586768,161.52454959930878,24236258
2026-05-27,160.87562561035156,161.34758545651871,156.7755700899818,158.1422552634384,21717793
2026-05-28,160.87562561035156,160.87562561035156,160.87562561035156,160.87562561035156,0
2026-05-29,152.83282470703125,162.92072947626494,152.2625511816641,162.88140699303673,87249539
2026-06-01,147.26776123046875,154.95660473981152,146.913798856586,154.39615806330727,34095725
2026-06-02,146.5500030517578,147.6217169958951,143.05954382722362,143.05954382722362,43162735
2026-06-03,145.83999633789062,147.8000030517578,142.1999969482422,147.19000244140625,50124149
2026-06-04,144.44000244140625,147.22000122070312,144.10000610351562,145.83999633789062,23281041
2026-06-05,145.2899932861328,146.52999877929688,143.8000030517578,146.0,22386114
2026-06-08,141.02000427246094,142.42999267578125,140.30999755859375,140.6999969482422,28542451
2026-06-09,143.8000030517578,144.3800048828125,141.02000427246094,141.75,24754008
2026-06-10,141.5399932861328,145.3000030517578,141.0,145.10000610351562,15750037
2026-06-11,138.5800018310547,140.89999389648438,138.02999877929688,140.89999389648438,20433240
2026-06-12,152.4499969482422,153.4499969482422,142.6999969482422,143.22000122070312,69272916
2026-06-15,157.6999969482422,160.8000030517578,157.25,159.0,55366732
2026-06-16,158.5,160.88999938964844,157.25999450683594,160.0,30648520
2026-06-17,159.57000732421875,160.25,158.07000732421875,159.89999389648438,24024482
2026-06-18,158.4499969482422,159.5,157.3000030517578,159.30999755859375,11460094
2026-06-19,156.66000366210938,158.17999267578125,155.52999877929688,157.88999938964844,15870225
2026-06-22,156.7100067138672,158.3000030517578,155.5500030517578,156.94000244140625,14490096
