Date,Close,High,Low,Open,Volume
2015-01-01,381.9059753417969,386.72934870845427,378.2778640968008,378.7419357533092,93812
2015-01-02,381.8215026855469,390.93390233966306,379.6840162894539,383.88866220653875,175303
2015-01-05,387.5590515136719,392.05900726889587,382.49661469997085,382.79192329058793,217253
2015-01-06,379.45904541015625,395.1386142014786,376.8997047974313,387.5308656016745,303137
2015-01-07,381.21685791015625,385.871521382387,376.8715844526321,378.27782711245453,38475
2015-01-08,379.07940673828125,386.715265128316,377.1528470081928,383.62155266315494,95531
2015-01-09,384.1137390136719,386.4340166898904,379.6840838585379,379.6840838585379,109725
2015-01-12,380.3309326171875,385.30901393500034,378.0528457916446,381.3715666701865,200003
2015-01-13,381.77935791015625,383.9027630938866,379.96531591297014,380.28873374748986,35609
2015-01-14,384.7043762207031,393.7183417821557,382.77781636273386,387.55902574016164,121581
2015-01-15,388.48712158203125,390.93397156065885,384.7887373165475,384.7887373165475,85015
2015-01-16,385.4918212890625,390.9339472503107,384.46526873377707,390.357411646207,375606
2015-01-19,388.416748046875,395.0963795430177,386.71519710270286,390.87765220879106,136246
2015-01-20,390.39959716796875,395.1667516096276,386.71526757672797,395.1667516096276,84090
2015-01-21,392.38232421875,400.77756116394,389.3870485146599,391.7776525839501,201453
2015-01-22,405.6009826660156,407.51346066366096,392.9167176994579,393.7463978237326,343275
2015-01-23,400.6228942871094,407.8087614044068,397.9650909176317,407.5134528991142,97281
2015-01-27,401.1572570800781,407.6681255217598,398.26039067634014,401.9025556501373,87968
2015-01-28,402.3244934082031,404.9963249219462,399.9198074952479,401.3541862541769,75762
2015-01-29,391.2012634277344,405.55894884557387,388.12160484131914,404.98238624727935,109393
2015-01-30,393.3245544433594,401.21355710868363,388.13554621682056,392.62144653766995,1603212
2015-02-02,393.0293273925781,397.66991026908073,390.73715866707437,393.746516916809,428053
2015-02-03,392.3683166503906,396.544826833438,385.8011752893747,394.30893088789065,301893
2015-02-04,391.1871032714844,395.15268666396116,388.7683626701495,393.1980176752623,31621
2015-02-05,385.15423583984375,394.57602444010996,382.79176807286063,390.93385981083657,371415
2015-02-06,382.93243408203125,390.6526726908798,377.715290408783,384.7323943805457,1098003
2015-02-09,379.1355285644531,384.0573629714985,371.26058278444475,384.0573629714985,39512
2015-02-10,394.51983642578125,400.2150797129954,377.18093516885943,378.2777876996943,147675
2015-02-11,396.88232421875,399.3713647395303,388.4027315998415,393.1979949365816,133000
2015-02-12,404.5462951660156,413.4337134543293,400.77758456914626,408.65250503652874,284621
2015-02-13,397.2620849609375,412.0275676555239,394.3792992225906,406.3885684943453,997062
2015-02-16,396.7276611328125,404.34946463859285,394.59017445264664,398.5417031525843,281550
2015-02-18,397.5853576660156,399.3712630295242,390.3713557050449,397.6837938171041,163528
2015-02-19,407.96356201171875,421.8712555766329,396.57304562126825,398.1761608985306,462984
2015-02-20,443.31634521484375,458.37716292202265,409.20104355708975,409.2150982067213,1910306
2015-02-23,450.980224609375,464.0582336678737,439.02720413537924,445.49590861265375,1003046
2015-02-24,445.3185729980469,454.28393690908666,423.5616193154468,451.7990606031433,587228
2015-02-25,444.7257080078125,458.49144276600475,439.3605776508451,443.89270305207253,414828
2015-02-26,428.6020812988281,456.571284418178,424.12645405559283,446.1516545101231,1176306
2015-02-27,439.00762939453125,444.7398336336096,425.83485111296824,428.6444958909219,392818
2015-03-02,435.12493896484375,437.66631348000686,429.54803677093884,435.13904993256665,150431
2015-03-03,430.16925048828125,438.80990191585806,428.079669396221,428.079669396221,133959
2015-03-04,419.5802001953125,435.5202337712593,416.57289464345627,432.03291298343197,235731
2015-03-05,418.5213623046875,423.13818066312194,408.31353011101163,421.0203772884392,95662
2015-03-09,452.9004821777344,466.66627240508916,423.5617819124741,423.5617819124741,2707803
2015-03-10,473.51373291015625,489.9197261423871,454.90529761639925,455.724164637734,1861565
2015-03-11,470.0829772949219,487.09606873627706,463.7154824273577,473.8244850931627,2661140
2015-03-12,462.0069885253906,471.5653920236298,461.03279314540873,471.5653920236298,1432578
2015-03-13,469.78631591796875,476.53507386170315,461.87986632585176,462.24696687367106,2242075
2015-03-16,470.59130859375,475.4905085951831,465.35322984458134,468.176986021477,3669478
2015-03-17,472.75146484375,480.0367115041304,466.4827466936236,471.55133213240157,2579259
2015-03-18,473.3442687988281,500.9322302425276,469.5886514100614,474.37490788834987,1064996
2015-03-19,455.2159118652344,477.7070183055278,453.46518231639357,477.1987541465291,1110875
2015-03-20,455.1734924316406,461.6116482732895,438.3157605023949,456.0065242407957,1491421
2015-03-23,442.494873046875,453.1968564373778,440.56062035824203,452.82980972588956,456093
2015-03-24,441.0829772949219,447.49288367827154,433.44477055086793,442.4807438963064,663990
2015-03-25,449.8648986816406,453.3945526235573,434.3201595651323,443.3279120424565,679921
2015-03-26,440.3347473144531,458.0113737325153,431.0870006005589,450.1048960647089,508031
2015-03-27,439.92535400390625,447.73300175083693,437.6804711473658,444.7398335852265,238065
2015-03-30,437.355712890625,441.6195682791844,429.7739756006652,437.6804536752313,555893
2015-03-31,447.2528991699219,451.7991350759661,434.85665673888656,439.346421846304,674846
2015-04-01,446.9564208984375,459.5079920697886,440.7865348942432,446.8152304329051,569625
2015-04-06,454.67938232421875,461.68230067997143,443.41266239329,443.41266239329,247843
2015-04-07,463.5600280761719,465.9178521975319,454.608773767023,454.608773767023,279631
2015-04-08,473.3019104003906,477.2128025058701,458.0678293043047,465.9037244819042,302721
2015-04-09,478.4693298339844,484.2721141910401,474.37488786303464,474.37488786303464,340828
2015-04-10,471.41015625,481.4485500672519,467.4145433104748,476.84584223166235,363487
2015-04-13,472.6384582519531,482.29563934799876,470.4359083042504,472.14430503590785,247803
2015-04-15,474.4455871582031,489.07257483649624,472.0595409763136,476.64808304015406,374703
2015-04-16,471.2547302246094,485.5428930715827,464.5201361625971,474.45969726646865,1026809
2015-04-17,474.62908935546875,478.6247010695196,468.7698067537786,475.5185649705704,238218
2015-04-20,454.7923889160156,478.34241155383165,448.9754381023626,475.8151477489739,581175
2015-04-21,462.50115966796875,467.24508418134263,454.34054956656325,455.7524004446593,332331
2015-04-22,456.00653076171875,465.39549470038924,452.1097493355937,464.4918541822622,641884
2015-04-23,453.7333984375,468.7274855708477,449.55423633764934,458.2937182173641,609165
2015-04-24,439.43115234375,458.81617497236266,429.20918351910655,456.03475243980176,2463375
2015-04-27,453.3522644042969,463.09416518001746,444.45745265162776,444.45745265162776,813815
2015-04-28,467.2873840332031,472.8218994055504,451.23438108603415,451.23438108603415,602215
2015-04-29,463.68707275390625,471.55119001375544,455.3994110522128,467.04736793080195,402409
2015-04-30,463.3057861328125,468.74152359598236,454.90518419854465,464.18115066711385,342843
2015-05-04,484.41357421875,489.9198694889623,457.65857835314023,461.6965246273844,356084
2015-05-05,500.67828369140625,527.7579896486104,482.2956749791251,482.2956749791251,795265
2015-05-06,488.197265625,500.93236173943137,484.46992304802797,498.3909869043448,482490
2015-05-07,477.2552490234375,489.0725926194148,474.68559858951954,487.9431227015826,313925
2015-05-08,477.33990478515625,492.98347483654584,474.95385856673875,485.65584298799837,525506
2015-05-11,481.5331726074219,484.13104489309836,477.52344950601565,477.52344950601565,157121
2015-05-12,479.9378356933594,484.2440512736395,475.02452525827624,484.2440512736395,368575
2015-05-13,504.9139404296875,515.3194355574755,494.48016949992183,494.48016949992183,3334490
2015-05-14,504.0808410644531,524.9342153091208,497.2615264180714,504.9138730088166,1825406
2015-05-15,498.88507080078125,504.2784226264186,495.849543161752,503.54427530384436,903265
2015-05-18,493.9011535644531,505.4643913252331,491.6139380691153,502.6265249427516,611934
2015-05-19,493.46337890625,497.65665118341764,490.24430174255207,493.8445903731418,348178
2015-05-20,498.13690185546875,513.6815895706375,496.4285050211359,500.11351483844527,866784
2015-05-21,491.4444580078125,504.06660973533485,490.4844275647573,498.1367723283011,659531
2015-05-22,491.43035888671875,500.3392800370581,488.5077730119567,492.72926798928466,865000
2015-05-25,489.8915710449219,494.3389502551455,487.2513654589167,487.2513654589167,1419046
2015-05-26,494.1552734375,512.5096013934485,492.17866096113414,496.6966477238706,2520893
2015-05-27,490.38568115234375,501.25705159878186,486.2488513647764,494.1553564572092,1383353
2015-05-28,476.6905212402344,492.48936726242016,465.494382605099,489.42561728041284,1487987
2015-05-29,515.6157836914062,527.7578944012445,470.930011320428,487.6607178950756,20149453
2015-06-01,501.1865234375,549.9808020421565,484.7946933648942,502.76781376844144,2626940
2015-06-02,488.46551513671875,511.0978396458929,484.2722414488128,502.62657259797606,633912
2015-06-03,483.142822265625,491.2328247099379,481.730917346595,485.9948001858004,260809
2015-06-04,493.18121337890625,507.9917539043837,483.46753379000455,484.554670950061,411878
2015-06-05,488.46551513671875,491.755202086605,483.56631599281803,488.7902289975711,379118
2015-06-08,481.43438720703125,488.9879028840653,477.57999210819173,485.98065066945196,168878
2015-06-09,480.14959716796875,489.9197739392414,471.56544199864646,479.02012716140683,235196
2015-06-10,480.0083923339844,484.2722206835982,475.02447373168525,483.96161780497175,582384
2015-06-11,475.2081298828125,485.6277358285389,468.74175028859867,482.87458835392556,421768
2015-06-12,492.7857971191406,503.75605114433966,468.8827873937615,475.659768107884,294812
2015-06-15,488.67730712890625,495.87788710345274,485.83944036271754,494.437760336811,158765
2015-06-16,476.59161376953125,490.59739496212535,472.68072152497916,488.52195176048633,382828
2015-06-17,472.32781982421875,485.40179489094515,470.2947630042555,481.54734579754984,575565
2015-06-18,472.75146484375,477.77771736904594,468.75585179986876,474.38919923708494,153990
2015-06-19,469.8710021972656,479.7541173440673,465.9177776820028,474.3889884600359,290531
2015-06-22,484.59698486328125,488.2254964609388,466.8355845923588,471.0147471017507,546612
2015-06-23,473.1044006347656,490.1174922894035,471.5654968984321,488.50792597993916,224831
2015-06-24,471.21246337890625,476.08344090928074,466.7650842372579,476.08344090928074,340259
2015-06-25,477.2269287109375,479.3165367307886,471.282980046398,471.282980046398,388284
2015-06-26,472.04541015625,481.6179252265198,470.4782847272402,476.36579028268517,72390
2015-06-29,473.8668518066406,475.23637011091824,458.91514595283786,459.15514019398387,281431
2015-06-30,473.810302734375,478.907163720993,471.56547354061547,476.9305506833017,457818
2015-07-01,485.3169860839844,493.4493734462935,473.7960815462742,473.824357339282,479931
2015-07-02,492.0517578125,501.97720996613214,487.0960602917191,488.2255842547006,339290
2015-07-03,491.7974853515625,499.802820324178,488.80429062684505,493.02578582645066,160962
2015-07-06,496.6823425292969,499.37899025076916,485.66970697530934,487.9286994732964,184946
2015-07-07,506.5937805175781,513.4130922901342,496.4141743028031,496.6965551551785,547087
2015-07-08,502.8665771484375,506.7491937499001,496.9931830713564,496.9931830713564,738303
2015-07-09,508.3588562011719,512.9756748683354,498.8428378835158,506.0151425123408,501062
2015-07-10,485.2464294433594,508.27407616319744,472.9913762872219,508.27407616319744,250400
2015-07-13,486.9123229980469,491.3314787820152,483.2132034558778,487.63235923984615,87128
2015-07-14,497.3037109375,511.6624801319752,487.66064331338896,487.66064331338896,255696
2015-07-15,501.4970703125,509.657680083761,498.5321512732514,502.6265401975515,158453
2015-07-16,530.228759765625,534.8173564919182,502.2877996912498,502.61251358566886,1595181
2015-07-17,520.9102783203125,535.6643176285021,518.1430207469213,535.6643176285021,153931
2015-07-20,524.609375,533.6876813709097,522.4492122552804,524.1010570588246,94915
2015-07-21,503.37493896484375,530.299370699061,502.6266266629744,530.299370699061,201437
2015-07-22,492.3763732910156,512.35438005871,486.24882011991957,503.77017200374013,325009
2015-07-23,467.2451477050781,482.8604445917995,463.09420645920756,473.54208749698694,1104309
2015-07-24,459.7480773925781,477.9753580879951,457.92673887662517,467.32981569666214,675431
2015-07-27,449.82257080078125,465.6355271467659,447.507079303046,465.6355271467659,606537
2015-07-28,444.160888671875,452.6179897132517,441.916006179354,449.83662118373536,420668
2015-07-29,457.3760986328125,465.9179207162375,444.2033203578443,445.8552193541729,523281
2015-07-30,463.3341369628906,471.28297388211234,459.1408638695976,464.78832057539705,516546
2015-07-31,463.60247802734375,471.53720611866817,458.85860665260185,467.18865735848806,282821
2015-08-03,468.1910705566406,473.25970964574293,459.8469089568388,464.5061144644369,277075
2015-08-04,470.2664489746094,476.3657805146288,457.72901493033544,468.1910055554049,334815
2015-08-05,458.1385498046875,472.9490900814586,455.1877412971336,468.1487211782358,523993
2015-08-06,467.4145202636719,470.15355650497116,458.8585866814679,460.27043771240665,500978
2015-08-07,457.7713928222656,468.03572197037084,456.04888522796244,467.4709600845018,238546
2015-08-10,462.0069885253906,465.1554578709779,456.0488746426784,458.08198506942193,206175
2015-08-11,472.04541015625,478.34240310341113,463.0941547286798,463.0941547286798,379056
2015-08-12,454.87701416015625,472.11598509151224,452.5615766751997,471.84771512541306,398996
2015-08-13,460.7081298828125,468.7416879782766,456.0348137394535,456.0348137394535,407553
2015-08-14,456.994873046875,458.85854424184953,433.9390042257931,448.9754263633701,632865
2015-08-17,463.2635498046875,465.0707231084739,451.2343808268969,458.8585042857214,175903
2015-08-18,460.84918212890625,467.8944320662394,457.4466080899111,467.3155593017225,189015
2015-08-19,459.16900634765625,464.9153465447451,457.4465530860262,463.0657868856463,193528
2015-08-20,450.3731689453125,459.395005583907,445.78457297852657,458.85851950546345,636015
2015-08-21,440.60302734375,451.7991650620825,438.1040125656965,443.34203629956426,2153609
2015-08-24,423.4910888671875,436.2120445669325,416.530558315631,436.2120445669325,1143543
2015-08-25,409.739501953125,429.2092189230923,408.0311321973213,429.2092189230923,2469240
2015-08-26,409.34423828125,415.0905541561327,392.7829673395524,410.332544828609,812465
2015-08-27,422.4910888671875,427.631515796198,412.9324774577221,412.9324774577221,2034387
2015-08-28,405.54052734375,433.29592397612197,403.0340432778185,431.6249345988343,1162987
2015-08-31,403.6004943847656,420.4378486643633,398.74331854133806,408.65594931325467,7960528
2015-09-01,414.4619140625,419.163351150094,403.8695544802172,405.00242730725176,441565
2015-09-02,413.8954772949219,421.7123076426659,406.78668231168444,421.42908269293616,966168
2015-09-03,395.45794677734375,405.0024059182576,393.73031783309193,405.0024059182576,1703946
2015-09-04,384.4124450683594,399.054846234226,380.9571869279228,399.054846234226,3278731
2015-09-07,367.9149169921875,390.246685611005,364.5162720381286,385.21953791344237,1559853
2015-09-08,374.85382080078125,376.68057585273806,355.72241525738224,369.06199738896584,562146
2015-09-09,397.61041259765625,399.3380686667379,378.08250245517655,378.08250245517655,628946
2015-09-10,420.0412902832031,426.2437704162568,386.66399115596545,393.815245096637,1553837
2015-09-11,420.5510559082031,441.21183567470075,405.8520175343974,424.82765494959796,1040912
2015-09-14,428.2688903808594,433.32434599087077,421.1459408475163,426.2013964575276,292578
2015-09-15,414.34857177734375,431.9081114269673,413.49892403892403,428.0988362420308,164203
2015-09-16,391.0964050292969,421.14588251155305,389.0147582469751,417.60565146117705,1118243
2015-09-18,399.0973815917969,405.0024850837243,393.9569531870493,399.33812014048937,963300
2015-09-21,390.61492919921875,402.17024316738633,389.42541674849053,400.69750574939343,224325
2015-09-22,395.5288391113281,401.3206637337234,391.1248062613351,397.6388195606827,322903
2015-09-23,397.56793212890625,399.49381315849456,384.2000170872941,390.61490280443473,288418
2015-09-24,384.3841552734375,397.0581902843741,379.7960237638991,397.0581902843741,737690
2015-09-28,374.3582763671875,380.91477625100873,371.29949475544225,379.5978042110687,1004762
2015-09-29,392.838134765625,396.2225997352255,371.2993732294678,373.15446139867174,995425
2015-09-30,420.59356689453125,428.99099986492894,396.78905936345353,397.9219320957121,1274359
2015-10-01,426.42791748046875,428.9910412717319,411.4314987219445,422.1513177766914,393840
2015-10-05,437.133544921875,446.60721170547447,415.7505469634885,429.06182276079113,1009571
2015-10-06,426.7111511230469,446.0549909488645,424.00641462413523,442.5855523882467,434218
2015-10-07,431.3417053222656,437.5583659142681,426.2437913651295,426.7110882151976,209968
2015-10-08,436.1563720703125,437.6008029196695,427.6598407650294,431.34165659208446,120140
2015-10-09,435.9299621582031,437.6009518988237,431.922406606287,436.7229705761487,148678
2015-10-12,436.0714416503906,445.43180116830166,432.06388732087623,438.98858272800896,136328
2015-10-13,422.5478210449219,438.9744907190557,417.06752876527537,434.74037746946505,343909
2015-10-14,424.17626953125,429.99639860560217,421.14582224616737,424.82766525287013,204609
2015-10-15,421.8114929199219,428.63703690229835,418.03052304040585,424.2613107507036,223506
2015-10-16,409.5480651855469,427.2633998595326,407.32480601203355,424.84186160989816,267768
2015-10-19,421.4999084472656,422.2787636151319,406.418543325168,415.580652387194,168328
2015-10-20,418.1579895019531,424.51626408915587,411.459877311392,421.99559929056915,242712
2015-10-21,416.4444580078125,421.4290929998034,414.06540618564304,420.56526498494634,268643
2015-10-23,383.7752685546875,420.579529886882,376.96387713645026,419.16343182807225,2018940
2015-10-26,381.2970275878906,388.00929137463436,378.09666131250964,386.8764185958253,2005915
2015-10-27,375.39202880859375,382.3591861669845,369.8550957055461,382.3450330186653,2441140
2015-10-28,382.3023986816406,383.9875410138332,376.6946749963519,380.5039771870628,620628
2015-10-29,374.089111328125,384.58237157033193,371.01620434338923,384.58237157033193,968512
2015-10-30,375.3070373535156,379.51281803162925,371.29948177155114,379.51281803162925,690196
2015-11-02,375.7317199707031,381.4952088252939,372.7154261621056,379.21528353670817,526253
2015-11-03,381.1553955078125,382.33075466921673,374.3014925902352,380.9288101597791,144168
2015-11-04,382.07586669921875,385.1771068143014,378.6630683513743,382.061686545582,373512
2015-11-05,389.19879150390625,396.47750495610944,382.34491545908054,384.52568806202123,582943
2015-11-06,397.66705322265625,403.30308376738543,393.6736517291776,395.08974944241123,612325
2015-11-09,398.1201477050781,403.8694837227013,388.05172635051633,388.05172635051633,230196
2015-11-10,395.6419677734375,405.8520015186045,390.85558567459594,400.7540612172442,224875
2015-11-13,397.8511047363281,401.9719383367997,392.5690921381776,397.36965476694786,155553
2015-11-16,390.2184143066406,399.84784684999454,387.11717392697926,394.8065452087796,318281
2015-11-17,391.3371887207031,399.32393922399774,389.70868549073487,394.5234024357812,351568
2015-11-18,386.9472351074219,396.22262246592516,385.23375930419047,391.1247085087489,108553
2015-11-19,381.2970275878906,392.25758455253145,374.9812409134216,388.09426426074486,530021
2015-11-20,385.4178161621094,388.00927298713196,380.164136793355,382.33075621777533,621393
2015-11-23,388.5616455078125,391.97444473970785,386.0268546067276,386.0268546067276,612509
2015-11-24,402.3826904296875,406.41855182960984,386.62156883928657,388.00933341697936,367490
2015-11-26,402.4252014160156,408.8826020909059,400.4001938836889,405.85215386138333,201034
2015-11-27,398.7149658203125,406.2202650329105,392.55497163260384,403.034051828986,210143
2015-11-30,397.3554992675781,406.41850852418315,389.62364186304217,402.1560621942003,836359
2015-12-01,402.2411193847656,404.7192706716906,394.66502601065423,401.0515797572184,191050
2015-12-02,406.0362243652344,411.233292269919,400.18776058157385,404.4360274564178,665959
2015-12-03,409.5763854980469,416.04791074708413,405.28563290919294,405.28563290919294,398162
2015-12-04,400.18768310546875,412.93250827243185,397.92193760955604,407.12653206292845,229759
2015-12-07,403.9544982910156,408.6700884994708,400.7116724609624,404.67671383036475,283593
2015-12-08,403.4022216796875,410.4968635991217,401.0373500431488,401.8869978921894,555787
2015-12-09,379.6402282714844,402.8358297085376,375.34947524314566,402.17025371898507,431237
2015-12-10,382.6423645019531,390.84154701909614,375.27867680072245,381.77853638303463,145550
2015-12-11,374.85382080078125,384.3274606062572,371.5967878220531,382.64231803249015,249475
2015-12-14,371.9649658203125,379.17285960979603,369.8833192226122,373.2252979020809,336159
2015-12-15,371.6676025390625,377.8134435583175,370.067405865998,374.8254824315092,153050
2015-12-16,368.1274108886719,375.0945942088021,366.47057445051166,374.14579321764285,304053
2015-12-17,364.0632019042969,369.72756628863624,358.66788233617194,368.184036109718,988553
2015-12-18,368.4105529785156,373.0269895111492,363.9357018955685,367.6175178033449,1849928
2015-12-21,367.9290771484375,373.8483321207786,363.4117396127814,363.4117396127814,246118
2015-12-22,370.1665344238281,373.56515284814617,367.9291221069915,367.9291221069915,210475
2015-12-23,369.77008056640625,373.0979067094733,368.18406382138244,371.34194416472724,121231
2015-12-24,370.1382141113281,373.84836363912285,368.8920351627511,371.0161952310656,179331
2015-12-28,370.9595642089844,376.0858389471365,368.75048506336793,370.16655589828724,328771
2015-12-29,367.7025146484375,372.43225766285326,366.1731377998762,372.43225766285326,141737
2015-12-30,363.11444091796875,371.4693888117035,362.51968466212537,369.62845343996077,166256
2015-12-31,371.8658447265625,373.8483653221092,366.7679037553654,371.0161969013021,494800
2016-01-01,393.1072998046875,402.99162527321437,372.0075237994819,373.84843225209295,1611593
2016-01-04,381.9908752441406,400.75408063383577,377.9125282074187,394.66490687973993,787350
2016-01-05,371.6534423828125,385.7152395947373,368.2123376027364,383.84599815888896,613184
2016-01-06,364.771240234375,375.2361402510226,363.9357455300148,372.7155029932394,1060681
2016-01-07,358.17218017578125,364.20474121318045,356.1471733538542,364.20474121318045,525990
2016-01-08,360.94781494140625,365.06864922327406,352.60702033672845,361.3868055526956,1261100
2016-01-11,362.8737487792969,366.76799824228056,354.84451128902003,359.9707598694555,427690
2016-01-12,356.1756286621094,369.31696129709525,354.0231617882364,367.60348508854696,459487
2016-01-13,349.5340576171875,359.970650571881,343.26075772159453,359.5458131738883,427287
2016-01-14,346.6736145019531,348.3587572148646,340.9384302058882,348.0755322350988,160184
2016-01-15,346.8861083984375,352.89033905312976,343.3033898171113,350.5962593463565,381396
2016-01-18,327.131591796875,344.6769859358965,326.26779053984166,344.1105358573341,872206
2016-01-19,334.53765869140625,336.7467646634735,318.62077317698197,327.68375541531896,440206
2016-01-20,343.4024353027344,348.35876451319166,323.42137983153793,330.7992205471376,735928
2016-01-21,341.80218505859375,351.1908784905896,337.0299555351656,345.5123615662553,538928
2016-01-22,339.86212158203125,346.82930328544654,338.87086138232064,345.5123317301962,503915
2016-01-25,342.8643493652344,348.3163092844219,340.3720178853654,342.6660972594393,340821
2016-01-27,342.93505859375,347.0417392248651,330.62922386419905,334.36770666861037,1250531
2016-01-28,340.5560302734375,350.610299532562,335.2740175075303,342.9775413800697,1137681
2016-01-29,336.1378479003906,343.3740755660698,334.665110499915,339.8480247018969,703046
2016-02-01,338.304443359375,342.55273648451004,331.3655942991201,337.02995812281625,441803
2016-02-02,329.6661682128906,338.44592191314655,326.26755126345546,335.6562140427636,436437
2016-02-03,312.9281005859375,328.50512279031574,308.7081403711915,328.50512279031574,1120306
2016-02-04,314.44329833984375,319.49875288825973,313.5511640683264,314.9247753463248,820187
2016-02-05,321.1659851074219,324.15703464623857,316.195183021932,316.195183021932,1234456
2016-02-08,327.1908874511719,328.0027288613105,318.18929291063387,321.0379097820138,369921
2016-02-09,324.313720703125,327.93144531351027,309.0736866581836,326.7350363005916,217153
2016-02-10,314.17279052734375,323.0177170396243,313.34668667575465,319.3287608716761,873140
2016-02-11,311.9934997558594,317.0497675541783,307.6493724034046,313.346577469568,1312706
2016-02-12,307.8203125,317.86164609849476,299.38845344460134,313.91634844518694,728818
2016-02-15,328.77178955078125,331.86251288543053,308.95972866381896,310.2131328407905,224312
2016-02-16,329.4554748535156,340.4083501240016,325.01164638364867,340.4083501240016,327853
2016-02-17,335.4803161621094,338.92711026124067,321.1802920547825,329.86854841021153,232756
2016-02-18,324.4561767578125,339.86711580337254,323.3737036234124,336.70516195457714,397481
2016-02-19,318.9583435058594,324.4561746973512,314.48604462787716,324.4561746973512,396462
2016-02-22,330.267333984375,336.4915412196404,317.6195179883729,320.46813449489565,499803
2016-02-23,323.3452453613281,333.0020120241515,321.0378924432226,331.0079966217337,721759
2016-02-24,322.84674072265625,325.5671590863524,314.913384748326,323.00340948011774,318109
2016-02-25,331.5776672363281,333.81381653249963,319.75595630885994,327.3047429795652,2484459
2016-02-26,333.3723449707031,337.8304092191932,328.23061053612446,334.1414535552359,917375
2016-02-29,329.9824523925781,333.47200610132734,325.96592448477776,331.2928246212219,699971
2016-03-01,337.9300231933594,340.12343957446893,330.8939759320934,335.85054275852644,723884
2016-03-02,345.37908935546875,354.2097488319378,339.59641978012934,347.81463966970153,2351825
2016-03-03,339.55377197265625,349.09660132129113,337.9442975047641,349.09660132129113,706168
2016-03-04,352.3297424316406,357.5284438863077,336.8333388192849,339.01252015279715,500853
2016-03-08,349.3814392089844,360.3485486342727,341.8041280427493,350.3784466870637,241643
2016-03-09,340.4084167480469,344.39647498866134,337.63103020240027,342.8297329715585,1576068
2016-03-10,331.4068603515625,340.6933232104506,329.9683165242105,338.69930744311665,1313468
2016-03-11,326.8917541503906,335.850615057336,325.93747927046184,332.71715852886433,5426596
2016-03-14,329.6833190917969,331.5776604886375,325.0685870681644,325.82346028658964,1067906
2016-03-15,327.333251953125,331.57767878612646,325.495905596948,331.57767878612646,875193
2016-03-16,328.757568359375,329.85427668615284,326.1653215114813,326.92019479055426,492481
2016-03-17,333.2867431640625,334.4119487534347,328.7289800085024,329.8114528329096,744243
2016-03-18,326.9772644042969,334.4263524673695,323.72984429472956,334.4263524673695,1386950
2016-03-21,341.6902160644531,343.22846016232353,328.24479503641146,328.44419654601654,952275
2016-03-22,345.8349609375,347.5298738611864,337.2749035963426,341.54780108175595,454096
2016-03-23,347.8858642578125,349.4953384221169,342.5732276117293,346.0912509859086,375618
2016-03-28,349.36724853515625,352.3440635445524,347.10262844153925,347.81476902447463,337756
2016-03-29,339.6107482910156,351.7742951708692,337.63096832305143,350.9481915284379,1434615
2016-03-30,354.2525939941406,357.50001355439304,340.73596869687924,340.73596869687924,682018
2016-03-31,354.1814270019531,360.918373949433,346.2480436119278,355.0787339590448,4443843
2016-04-01,358.46856689453125,360.63351352946125,348.9115005474893,354.08173280066364,384100
2016-04-04,362.96923828125,367.8973344915263,359.49394757213776,361.2885608973723,455190
2016-04-05,357.47149658203125,361.98655540539465,351.51792154437936,356.9587575914647,872490
2016-04-06,361.77294921875,364.6215660274613,355.93330921067275,361.2032421568617,567212
2016-04-07,362.898193359375,364.0518699763388,356.8021831758538,362.9124285666486,246612
2016-04-08,361.24591064453125,363.96632861775385,357.286323661926,361.77288482886075,181925
2016-04-11,358.1124572753906,363.22572097693467,356.0757092172891,361.245940903012,287093
2016-04-12,361.21746826171875,364.65002725161537,358.9243505333136,358.9243505333136,459178
2016-04-13,361.9010925292969,366.0173211870536,351.98793036244837,364.5930129993179,756593
2016-04-18,379.5197448730469,381.68469134033046,363.19723513902255,365.71825189374636,1287065
2016-04-20,392.9223937988281,394.81670817689826,380.8015799203083,381.8555554677913,901721
2016-04-21,387.5528259277344,394.81677435027353,387.0543220604798,394.5319344021447,669271
2016-04-22,387.2251892089844,389.9740776275463,384.860841448459,387.1112532485601,198462
2016-04-25,381.6133728027344,390.2161615315617,380.6448629313496,387.98001239007067,642356
2016-04-26,386.4845886230469,389.9314098412065,379.1779079153102,381.6134590957486,1151656
2016-04-27,383.6217041015625,388.33613730821475,380.91552126150543,385.9860518899061,340475
2016-04-28,376.2579345703125,383.69278342048347,373.1672120654566,383.69278342048347,1029006
2016-04-29,385.3736267089844,386.75520226908606,375.2325915202743,378.8360815739491,482290
2016-05-02,390.1734619140625,392.8226766250958,379.51968942506767,383.1374140897818,401909
2016-05-03,393.00787353515625,398.23504585096697,388.83464963844506,390.25895785746167,688975
2016-05-04,392.9650573730469,401.08357718241365,390.13070390678797,391.36984554612036,614068
2016-05-05,384.2057189941406,393.39247936938324,381.14346553572636,392.8227451601795,1171871
2016-05-06,378.6935729980469,386.78362321799864,377.4259608296055,383.3653001742831,671843
2016-05-09,377.6396179199219,391.05654134503726,376.3150105377793,382.71014836670645,436925
2016-05-10,370.3330383300781,381.7132169680297,369.1793617386283,378.5797599522857,375328
2016-05-11,370.6747741699219,375.44620236627964,365.1627350801355,367.47008764496786,211662
2016-05-12,381.285888671875,383.99204459239763,370.68905543483817,370.68905543483817,426037
2016-05-13,382.3114013671875,387.9516671624645,379.71918118413424,380.57375538554174,366434
2016-05-16,390.273193359375,391.9538710824855,379.0639482482718,387.1255018043425,300203
2016-05-17,390.771728515625,394.5176246732891,388.92011965972074,391.96813765342284,177925
2016-05-18,388.7776794433594,391.3983967715215,385.98605816976954,390.11652209834506,155712
2016-05-19,386.5842590332031,394.5318764976452,384.59024385684177,391.6262921217906,223250
2016-05-20,380.6876220703125,391.6547318475725,378.864510980565,386.527260771976,167490
2016-05-23,390.700439453125,397.46588217968775,381.11487825419965,381.11487825419965,621434
2016-05-24,393.7769775390625,397.0956001665493,385.41632180377127,393.9336734461618,719818
2016-05-25,395.6000671386719,398.20654910542817,389.9598297842083,396.5258714947622,491993
2016-05-26,388.00860595703125,392.75153724254903,381.71316798660513,385.131518867861,943318
2016-05-27,393.1787109375,395.10152263278064,384.6471526041033,389.3330875469388,657750
2016-05-30,409.2164001464844,412.4780272963832,394.54607332422796,394.54607332422796,1006118
2016-05-31,409.9285888671875,417.3064723373479,404.50198783582516,411.62350180183057,1590309
2016-06-01,401.1549072265625,411.0538076006788,399.3745286796662,409.91436641732196,222637
2016-06-02,394.8737487792969,404.03201141668376,393.16457334812253,404.03201141668376,316918
2016-06-03,385.2169189453125,398.8047740557704,384.84661348375903,398.8047740557704,326509
2016-06-06,379.56243896484375,388.4643310755749,378.18086357060747,388.4643310755749,389965
2016-06-07,384.46197509765625,385.9859837745983,381.3997225426685,382.7955329104341,351393
2016-06-08,388.39312744140625,391.39841272731906,384.86086792746056,388.478593000814,784993
2016-06-09,386.5557861328125,392.53785921014537,384.9178411096217,389.11953561830103,389003
2016-06-10,386.27093505859375,391.2702355444231,385.41633381048496,387.41037622298524,228684
2016-06-13,387.28216552734375,390.45835461550786,382.8241017743424,382.852572181852,256490
2016-06-14,381.6846923828125,391.683293866776,376.8705308042955,389.6892785185273,227865
2016-06-15,384.41937255859375,386.96888707340946,380.5880103498306,383.1374976982228,344175
2016-06-16,383.5077209472656,385.9860043924089,381.4424756875077,384.56169637994077,247243
2016-06-17,377.3405456542969,385.98606875008795,376.0159381668496,384.53326292524116,351987
2016-06-20,381.92681884765625,389.67500813667067,374.49193989295526,374.49193989295526,566959
2016-06-21,379.3060607910156,390.8286698928055,377.7820518979113,382.3398162076833,626928
2016-06-22,380.45977783203125,384.5332740078588,375.5032099724546,375.5032099724546,408390
2016-06-23,385.074462890625,388.8346210996543,376.087132749437,382.9237790992325,456143
2016-06-24,387.1396789550781,390.529531467275,376.2152753930197,381.6418755863293,359400
2016-06-27,386.071533203125,395.24403049365253,383.8780892678965,387.13974401271514,545118
2016-06-28,393.463623046875,396.5970792242608,386.5557462204905,386.5557462204905,382959
2016-06-29,413.36114501953125,414.77121803350093,392.68027336838725,394.56035260940035,694596
2016-06-30,407.5072937011719,418.71656659745577,404.3738371771093,414.0163682281513,963015
2016-07-01,415.7112121582031,421.30871649047543,404.65860985008453,406.4959832782624,639912
2016-07-04,413.5177307128906,418.7449016313506,412.6773920766201,416.3805544231297,297500
2016-07-05,417.1783447265625,421.0239420232497,411.6662775628205,413.5178866005057,430150
2016-07-07,417.5913391113281,424.2285844721885,415.92489658590677,417.6340718897261,642300
2016-07-08,417.5771789550781,421.3800437524968,415.1985683062355,419.05845542913266,352325
2016-07-11,413.6032409667969,423.274268148059,411.1107221914289,419.3004461436502,536096
2016-07-12,406.6954040527344,417.4631126590985,405.1713951691449,415.96760134799484,765590
2016-07-13,406.8377685546875,413.01924183762975,403.0776106928577,408.76058025672523,799887
2016-07-14,411.18194580078125,414.94210412097306,405.10017252028774,407.57845621619435,1911609
2016-07-15,417.63397216796875,421.0095620247734,413.91654733202284,414.1871519753691,751437
2016-07-18,405.2140808105469,421.137783536857,401.2829919170002,420.16924651484845,236365
2016-07-19,408.5754699707031,410.1991523894659,402.22306515497314,407.4075313656394,324625
2016-07-20,414.6002197265625,415.86785899665523,408.48997676676686,408.48997676676686,250853
2016-07-21,411.76593017578125,417.6055693813376,408.0627396999422,415.8964212641316,431987
2016-07-22,415.05615234375,419.88452239650604,409.942888001564,412.6918041223647,545612
2016-07-25,421.23748779296875,424.4279115788281,415.070249742948,415.070249742948,853043
2016-07-26,411.6519470214844,425.5816085288842,398.8901969214574,421.593578601636,813590
2016-07-27,417.7480163574219,420.1693322400383,406.62420936823725,413.0478181342749,436240
2016-07-28,418.7449645996094,424.37096646522934,416.1954779071758,417.7479571128244,1084562
2016-07-29,427.2623291015625,430.52398371583826,416.5088552501268,418.74500470844737,929103
2016-08-01,429.712158203125,435.551797541835,425.63866217002925,431.563739900054,620462
2016-08-02,432.404052734375,438.6852275212326,428.71512476681556,429.5696987934414,729846
2016-08-03,423.0606689453125,435.86515413951037,420.68208575997045,434.38387785046154,371887
2016-08-04,409.54400634765625,429.3703033436502,406.43902050182925,429.25636738286977,713728
2016-08-05,410.95404052734375,414.47206427372794,401.6533462377191,411.33858115028346,583334
2016-08-08,407.90606689453125,414.25844503867495,399.81601591000634,413.0478007315843,340484
2016-08-09,415.59735107421875,422.32003526509607,406.0260230797376,411.0538213927882,845865
2016-08-10,417.9901123046875,425.86649901093557,405.92626677793464,405.92626677793464,1227478
2016-08-11,404.1885986328125,415.8963732668362,400.2575095173582,413.6174912626138,383106
2016-08-12,398.1068115234375,409.34455241739994,396.4118988665784,407.7493405050619,478640
2016-08-16,398.5626525878906,403.5192202825429,397.4659442052304,398.80478689095355,424431
2016-08-17,401.6676330566406,402.9067749632569,397.86474178008166,398.5199143265457,492268
2016-08-18,395.6427917480469,403.6188790493826,394.8736833063586,402.7928026305045,346703
2016-08-19,389.2476806640625,395.95612858839996,388.037009276602,395.95612858839996,574406
2016-08-22,388.6067810058594,394.19005079859323,386.8406377126426,389.1195200158295,313925
2016-08-23,385.8008728027344,392.66601685050045,381.9979817489585,391.5123405681795,296959
2016-08-24,388.00860595703125,389.9741237557259,384.561784665511,385.80092667255803,236312
2016-08-25,392.06781005859375,395.95613947521315,384.84659580896573,387.9800519670117,1146453
2016-08-26,389.1337890625,393.3070133575478,387.4104055643895,389.97412800362446,205312
2016-08-29,391.3272399902344,393.67732572545606,387.15401562240817,392.4524460552597,142009
2016-08-30,391.12786865234375,394.1758600241065,389.06262270045426,394.1758600241065,372171
2016-08-31,397.2523193359375,402.9922580942476,388.83466795982446,391.6832845320807,557134
2016-09-01,395.6998291015625,400.78459549548023,393.1360795136092,398.8048153173375,169062
2016-09-02,392.6563720703125,398.7431627168167,390.0701687267053,398.6431451580842,318718
2016-09-06,392.9850158691406,395.7283587273658,389.4986814813188,393.32793713301163,686934
2016-09-07,394.2566833496094,397.65728060820373,392.6706827240191,394.59960461347293,246884
2016-09-08,394.9853515625,396.4856422523261,391.6847720009146,396.25701900121436,183012
2016-09-09,391.7990417480469,397.5000696506162,390.3559274146159,397.18573654915275,225165
2016-09-12,377.0821838378906,389.6272759760307,374.6388663255454,387.2983109775923,299746
2016-09-14,371.23822021484375,381.925845676457,367.98048212767594,379.4968361734439,660453
2016-09-15,367.5519104003906,372.92429849740927,361.6508463061008,371.4954643378685,598696
2016-09-16,371.45263671875,379.21119425156104,368.63783665701106,370.92396066319816,907387
2016-09-19,373.89581298828125,376.6105946352564,370.4809357158567,374.89601578129066,493843
2016-09-20,374.16741943359375,378.06810523591406,372.6242870910745,373.8959275593346,262921
2016-09-21,378.482421875,382.0544934641175,372.9242793544209,374.05306073526236,670006
2016-09-22,381.8116149902344,384.06915064834214,378.41099018544486,381.49728182654405,239184
2016-09-23,382.0259094238281,389.9273519215189,381.3257864371772,382.92606754952214,889803
2016-09-26,382.0401611328125,386.31235512078405,380.06837090675185,382.0401611328125,289971
2016-09-27,386.2695617675781,387.21258850459554,381.6973142247961,382.7403585361526,544696
2016-09-28,389.398681640625,391.48477019336735,386.01236466508675,386.4695839534801,300140
2016-09-29,387.56976318359375,392.6420982440479,372.63850301415295,390.97038772652,2901575
2016-09-30,394.1852111816406,395.8426684340315,374.92460842333344,387.1839545537267,600990
2016-10-03,395.78546142578125,397.21426796483536,389.870091162927,394.0708554250834,176559
2016-10-04,394.87109375,397.10006847740385,391.7848294359776,394.9282427554086,156715
2016-10-05,401.2436218261719,404.3584465278507,393.91372479077603,394.642435814086,336803
2016-10-06,399.1288757324219,406.5873498939862,396.2712083874643,401.5292966802167,349768
2016-10-07,400.5577392578125,403.8011693162964,394.92814125439253,398.9288703849539,347809
2016-10-10,395.6283264160156,401.7866012461563,393.84229072409283,400.6435394934354,312125
2016-10-13,390.2273254394531,395.613992662757,384.64059586496194,394.3566330800397,394168
2016-10-14,382.38311767578125,394.9282371519199,373.32436000754785,391.18471844969685,562653
2016-10-17,377.61083984375,389.7130206193162,375.7819354100828,385.269378863028,286496
2016-10-18,389.4701232910156,390.6417733036968,377.78232030468,380.05416363267426,384071
2016-10-19,389.9559020996094,392.6135350906293,387.49833149488813,389.49868283044526,131137
2016-10-20,389.62725830078125,391.4990311806326,385.2121777061522,389.6844345551409,174309
2016-10-21,384.726318359375,394.3566180940882,382.92597528900995,389.498599671159,171890
2016-10-24,385.2837219238281,389.0558294148891,382.99759782335167,385.06940630589247,169912
2016-10-25,385.6837463378906,388.18418575846175,383.78341237825657,385.2836760305992,159850
2016-10-26,386.2267150878906,390.6417963001725,383.7834245973212,385.6837586174589,216312
2016-10-27,388.255615234375,391.49904603431645,380.6685331138394,385.4694037174582,709834
2016-10-28,393.0849914550781,394.47095679982243,384.81206794661057,388.0269374190969,291618
2016-11-01,391.6418762207031,397.2142984584677,390.0701562037993,392.9278240067626,174262
2016-11-02,391.1275634765625,394.07094156401314,387.12683343558365,387.1554215638184,270412
2016-11-03,391.2275695800781,393.61371074534014,387.68405892550254,388.15558588472135,334709
2016-11-04,395.1424865722656,398.0715835742213,389.78438030629275,389.78438030629275,1091084
2016-11-07,391.684814453125,409.93096312176937,388.6699795627433,395.7855622116843,489996
2016-11-08,395.2282409667969,396.92856672011783,386.498097968306,393.78512658145917,175700
2016-11-09,386.8124084472656,391.49895267296307,360.736280809842,379.4967926524613,304431
2016-11-10,390.1558837890625,394.87101647180674,388.627032369421,390.6416911190778,315015
2016-11-11,386.0837097167969,388.5984561324001,380.3541212944723,388.04121939482394,329087
2016-11-15,372.7242736816406,392.62785313509113,367.35185818296117,380.8543127495088,541265
2016-11-16,366.7231140136719,381.5400471140577,362.57949844086875,368.66631612087497,854690
2016-11-17,358.45013427734375,371.49533746127156,356.14973087053255,365.8800475672257,1017628
2016-11-18,348.34844970703125,359.779096467153,347.49116005716473,357.20720026480694,564190
2016-11-21,330.673828125,352.0062415099823,324.2155270588441,350.0630390147291,545665
2016-11-22,331.8168029785156,333.48854043971306,323.78678369414547,330.05935565595945,487740
2016-11-23,322.12939453125,335.5318022745327,320.15760417486854,331.7739762481516,482612
2016-11-24,338.54669189453125,354.33524324569413,320.8006303050423,324.0583690541237,888737
2016-11-25,330.3452453613281,335.6604850292487,327.84477849757866,335.51759887251325,1044537
2016-11-28,334.0173034667969,337.03211115427655,330.75956480840495,330.75956480840495,240581
2016-11-29,333.6457824707031,338.6324078602852,333.1028260464714,335.8604767343777,249471
2016-11-30,334.34588623046875,336.74633506099633,331.77399039556053,334.4887723604906,572553
2016-12-01,330.2880554199219,337.175015274011,328.3734409549914,335.77476914983123,1432218
2016-12-02,324.74420166015625,333.4028893411468,322.1294370275178,329.20215120497613,273943
2016-12-05,320.74346923828125,326.9588665167772,316.04261600799583,326.6016647886329,799800
2016-12-06,317.6571350097656,322.9152239595849,315.7710819571726,322.9152239595849,3197943
2016-12-07,318.0001220703125,321.20068439671024,316.3569723398502,319.2574819481481,260518
2016-12-08,317.3142395019531,323.31532036025396,316.3426247737723,320.05758218631485,1030490
2016-12-09,319.6290588378906,321.872314478115,317.57153069135654,320.32918199458965,867575
2016-12-12,322.47235107421875,329.4307398294634,318.2287172125421,321.17212263271324,600481
2016-12-13,320.3861999511719,325.4871224018006,317.48566366433863,325.4871224018006,1134784
2016-12-14,320.1861877441406,323.18671454572325,318.0572308575572,320.3862228642461,449390
2016-12-15,317.9858093261719,323.1867502766628,317.4857214706193,318.9145555948027,210737
2016-12-16,313.9993591308594,320.75771205442436,312.4133585713977,318.5430452480443,557340
2016-12-19,309.11279296875,316.84273373769196,308.0554410462238,313.79933816976916,973396
2016-12-20,307.0552673339844,312.0561729572417,306.05509165988155,310.0415139188752,165921
2016-12-21,312.1276550292969,315.0139117862128,301.6400618674315,308.6270395796491,2895703
2016-12-22,314.59942626953125,316.34259317886654,309.3984864114187,311.49888221632744,562853
2016-12-23,314.9709777832031,317.61430299748145,312.62767800667797,316.0568905448265,419981
2016-12-26,312.3562316894531,320.6291563221217,310.4558978719721,314.91384717924166,538643
2016-12-27,313.9993591308594,315.4853421280621,309.77003338987544,314.02794725696555,376590
2016-12-28,311.41314697265625,319.74321905666517,309.6842604878776,316.7712534055975,322096
2016-12-29,316.9142150878906,320.05762846716567,311.6418445133321,311.7704229647632,1176768
2016-12-30,317.2142333984375,320.3433659998094,314.9281098701131,318.27155803578347,259950
2017-01-02,326.0729675292969,329.20212750117713,315.21389398744464,319.8147020910227,597528
2017-01-03,336.2890625,338.91810713276266,328.6305518425899,329.20209631841425,962240
2017-01-04,329.0020446777344,338.6323731896665,326.94454445370536,337.2035392062551,298959
2017-01-05,335.5747375488281,336.6320623728074,330.85960353277585,332.6027709868622,160250
2017-01-06,333.7029113769531,340.847054342434,332.63130628377655,337.06066729160676,370828
2017-01-09,337.5036315917969,354.06376190427915,331.48826951951406,333.2457172665083,874996
2017-01-10,340.67559814453125,341.77579133504116,333.03136755798477,340.60414145526903,832275
2017-01-11,338.218017578125,344.34770459790235,336.374832791496,342.9045900827046,723459
2017-01-12,347.8767395019531,349.2055553697098,336.6604423787725,340.9183544267344,752196
2017-01-13,344.7048645019531,350.92026064562526,343.7761183761547,348.5769883038746,559521
2017-01-16,342.16162109375,348.0626852390334,340.9185416323389,345.0907188823849,232481
2017-01-17,343.0474548339844,348.6341578483282,340.97564691306667,343.4903936429959,544487
2017-01-18,339.8612060546875,343.04751540540275,337.23216086233606,343.04751540540275,560781
2017-01-19,337.289306640625,342.0615891367107,335.317516111382,342.0615891367107,528271
2017-01-20,334.560302734375,338.50385723107223,331.93125731899397,337.48940091306184,657296
2017-01-23,334.46026611328125,339.77550565561245,331.7740445839714,336.77495094056025,273512
2017-01-24,340.561279296875,341.875815327151,334.6745234192801,337.06066453396534,399553
2017-01-25,341.1471252441406,342.76171406775234,338.9181505577641,340.91852922671376,788568
2017-01-27,343.833251953125,346.3337179869534,338.91808425434107,338.91808425434107,343771
2017-01-30,343.833251953125,346.34799842206286,340.50408463912896,340.50408463912896,232506
2017-01-31,338.760986328125,344.89067357128755,324.6298661119954,344.89067357128755,4024100
2017-02-01,340.0182800292969,344.0618503452551,332.57405871102765,340.06112133153306,884521
2017-02-02,341.8615417480469,343.2046386793146,334.06011704300556,343.2046386793146,703175
2017-02-03,347.6054382324219,350.0630362752196,337.3893379605889,342.2901991022898,528684
2017-02-06,363.02239990234375,371.2095853984359,344.64767801319573,349.3485298737976,4622246
2017-02-07,359.89337158203125,368.56636686699846,357.2357656607568,366.58029583201176,1340231
2017-02-08,368.2377014160156,370.0666057491672,360.3505668089674,361.20788359974483,758843
2017-02-09,375.2389221191406,376.92494015767,367.3517882737868,370.0665700102511,795700
2017-02-10,379.1396789550781,380.6399424923999,375.2818350710418,377.21075701305995,827243
2017-02-13,372.60992431640625,381.78300712344253,368.88068610220677,381.49726210428946,976571
2017-02-14,364.85137939453125,371.49543453861435,353.4921909791062,371.49543453861435,2223615
2017-02-15,351.3918151855469,362.6366781241705,350.64882367702876,362.6366781241705,1136478
2017-02-16,352.5920715332031,356.87854688504245,350.3630967194779,350.9203336097228,684281
2017-02-17,349.0628662109375,355.26398317243536,348.0626904514613,354.335236858888,552025
2017-02-20,349.9629211425781,353.70643891682056,349.2056493270756,350.6344830988028,745475
2017-02-21,349.9629211425781,352.2204561546623,349.36281586394546,349.4913942792311,265537
2017-02-22,349.3534240722656,351.9702921493232,346.0319871651128,351.52455795464266,520625
2017-02-23,341.2008056640625,351.3807566773748,340.19431798049754,347.9586985532541,491815
2017-02-27,350.1441650390625,352.5597626430658,339.33158146547953,341.5746226711178,2374721
2017-02-28,349.65533447265625,354.48647504174414,346.23324914482157,350.54677534571596,1993637
2017-03-01,351.8838806152344,354.28507967774345,349.7846277549071,352.2721049965318,1128787
2017-03-02,353.0773620605469,355.3491717114368,349.7703237621547,353.7100231199203,1064578
2017-03-03,354.70208740234375,356.298096659001,352.2721197037714,353.7099705752623,553981
2017-03-06,356.0248718261719,358.598627211741,353.72432152916133,357.86531754872493,473681
2017-03-07,358.6275329589844,360.8705746420075,356.168823156834,357.6354157314226,615959
2017-03-08,353.0341796875,357.1608054881687,345.6724236228595,356.901998358018,1547375
2017-03-09,350.81988525390625,354.5726569661305,349.39640499080144,352.8472579241697,779331
2017-03-10,356.9883117675781,360.65483359979555,349.55467419406307,351.12191523065206,648687
2017-03-14,357.1033630371094,364.20631330818503,355.7517900589033,361.0430626532893,1357387
2017-03-15,360.64044189453125,363.76055322631566,355.7229961481283,359.27447103038855,711271
2017-03-16,356.60009765625,363.83246479140666,351.85520824870656,362.19331619157737,1542996
2017-03-17,356.9883117675781,361.76196994373487,354.3283049454899,359.1738433385766,1513925
2017-03-20,358.6994323730469,364.83903516904286,356.686429416751,356.686429416751,1055009
2017-03-21,356.51385498046875,362.0207958684915,355.4785987998432,360.87052036492906,835037
2017-03-22,356.97393798828125,358.0235646642601,350.11542448627796,355.4354380824537,3839734
2017-03-23,358.1529846191406,361.7619693623381,356.71513346028246,360.03656991149217,499425
2017-03-24,359.576416015625,364.3500738949736,358.77122599736924,359.69146275018164,940340
2017-03-27,354.9896240234375,362.65335328567335,353.73870011385077,362.33703652568886,933071
2017-03-28,357.7072448730469,359.1738371257274,352.27218458117414,355.7517793945631,1877675
2017-03-29,361.7188415527344,362.7397271515279,355.03285676637364,358.5987299456224,1285068
2017-03-30,364.5801696777344,368.93683492104844,356.9020679134614,361.7188378583478,2301631
2017-03-31,366.2768249511719,370.41779465504897,364.810205232349,367.8728071221,1065893
2017-04-03,363.4873352050781,370.4608669038166,359.2025509895215,366.3054999664716,2399453
2017-04-05,364.0625,367.9806435043705,353.85380944682976,354.42893342355075,3716005
2017-04-06,378.0814514160156,381.02903340765187,367.99855938781474,368.44788607815394,2390705
2017-04-07,403.04608154296875,409.3726096545847,376.53580416165863,380.5078645683825,4963457
2017-04-10,406.65863037109375,411.94271679881535,396.3241161776748,409.76799090900306,1601867
2017-04-11,415.2138671875,417.33467626508195,405.7600148983564,406.2992124785863,1172800
2017-04-12,412.1584167480469,418.7724927398988,408.3660982275334,416.9751859041052,904220
2017-04-13,423.8050537109375,427.04021223577695,410.1634983079908,412.6078372573437,1104502
2017-04-17,425.5124206542969,427.7590543430735,414.85440359860974,425.9617473920522,916507
2017-04-18,427.97479248046875,430.27534356050404,422.7266586150926,422.9064003095178,868357
2017-04-19,437.98565673828125,441.23877734829057,425.96167100425606,428.0105994639965,1125622
2017-04-20,423.4275207519531,445.732105687016,417.7120980445125,438.5428781759351,2370662
2017-04-21,429.32269287109375,433.7620431333438,422.42104091773916,425.96173772487344,954715
2017-04-24,432.7556457519531,435.03823368210897,424.55992892289294,431.33578506413295,527265
2017-04-25,436.2423400878906,437.84194215803063,431.96474082010445,433.1869237929265,868792
2017-04-26,436.2423400878906,441.0051924807999,434.22936510292175,436.74558383413284,647787
2017-04-27,435.5773620605469,440.10655595100593,431.7131355588978,436.7276374426088,784455
2017-04-28,437.7700500488281,439.2078736134521,435.52341644819506,436.06258657256575,867095
2017-05-02,431.2098388671875,438.0935271175815,428.67562972838874,437.8239420707838,784982
2017-05-03,421.8998107910156,436.72759198541985,420.56979387764665,430.9941788689608,352512
2017-05-04,427.8849182128906,431.35370778243725,421.8279745839624,425.6382843181904,436942
2017-05-05,427.7411193847656,428.5139482608556,422.79852494316043,427.7411193847656,460637
2017-05-08,424.3621520996094,436.0266842714696,419.0960283879114,427.6332365420025,1022740
2017-05-09,430.0416259765625,431.5873109943773,421.2887227993516,428.6576919964346,496552
2017-05-10,429.1610107421875,435.66725402603106,427.3996573662608,431.35372771873625,511770
2017-05-11,418.3771057128906,434.85840699923233,411.96073422227744,434.85840699923233,975807
2017-05-12,425.2069091796875,426.6806867136915,417.6402343611306,420.56985365610143,605837
2017-05-15,425.0810546875,428.80149321875336,422.38509427635205,428.80149321875336,315807
2017-05-16,431.1021423339844,437.71622022219316,426.53699372905044,427.70523253737775,1092847
2017-05-17,429.268798828125,434.93033235314164,426.0516313535384,431.353681537491,325330
2017-05-18,429.7181091308594,434.94827890123446,422.78050325470184,425.9617442131924,896127
2017-05-19,430.7066345214844,442.1375077705912,427.7590522333362,433.1509730598068,1138560
2017-05-22,431.4076232910156,437.6442811548392,425.24287306941955,433.8699252550697,685867
2017-05-23,438.90240478515625,449.9019432982363,419.8509652659445,431.7131761157033,2824642
2017-05-24,424.056640625,449.32677400720866,421.63026507546914,444.04268675692714,1834300
2017-05-25,415.1239929199219,429.2508267965184,411.870871693236,426.44703231218637,1218327
2017-05-26,434.4090881347656,437.1050485833778,426.1774189407024,427.3636481200264,1685455
2017-05-29,424.27227783203125,436.350182832577,412.697616587781,436.350182832577,745555
2017-05-30,419.45550537109375,427.7231008981658,414.2253355571256,427.7231008981658,328910
2017-05-31,417.0471496582031,425.1709858623709,415.53741819562447,420.5698838289514,898652
2017-06-01,417.7481384277344,420.5519609589088,410.5589089549192,419.40168534024775,973500
2017-06-02,417.8918151855469,422.36711921523977,416.23829613745863,418.05359364846413,610937
2017-06-05,421.5403747558594,423.21188453878335,417.69413884508583,420.53388721655097,347132
2017-06-06,420.7316589355469,424.16452245771256,418.4850248123598,423.33774903349723,240315
2017-06-07,422.8164367675781,424.883328676679,420.7315542381395,423.76900720478733,633242
2017-06-08,419.0779724121094,427.0400548308094,417.6940386651194,427.0400548308094,429882
2017-06-09,424.43402099609375,426.44702340862597,415.6272279997204,420.37211720292265,397160
2017-06-12,421.5044250488281,425.96173851555255,419.437505643389,424.1644316019848,160810
2017-06-13,420.2283630371094,422.9423142736027,418.61079763865695,421.5044631279064,212580
2017-06-14,412.7336120605469,421.9717696973572,408.25830739247635,421.9717696973572,467577
2017-06-15,408.384033203125,417.2986591348024,406.58672649152766,414.422984851081,244792
2017-06-16,408.24029541015625,412.6616825294603,404.75351557435334,410.50489227142276,553125
2017-06-19,407.1978454589844,414.33315602113146,402.59674419895265,408.7794843013928,404715
2017-06-20,426.48297119140625,430.88639533517085,406.26326719353136,409.4984253181371,1589987
2017-06-21,428.9632568359375,433.74410002045147,425.6382553528905,431.3536784281945,2134302
2017-06-22,431.01220703125,436.1345431858495,428.5139512837677,429.8798947934538,1180870
2017-06-23,418.4850769042969,433.13314966567026,416.040737577015,431.71326136522157,590097
2017-06-27,407.57525634765625,420.9292322370526,404.6636007854806,420.9292322370526,607062
2017-06-28,406.9462585449219,425.6023144803464,405.50840742147807,408.2582850111271,751715
2017-06-29,407.4674377441406,413.4524452697942,405.8678357850106,409.57028341458863,857795
2017-06-30,411.9607238769531,415.17789113968394,403.90876927268334,407.4674566568267,502965
2017-07-03,415.64520263671875,418.7725266571896,409.98369661532183,413.3806057131056,242172
2017-07-04,419.1859130859375,423.6252636668695,414.4410235993001,414.4410235993001,356292
2017-07-05,419.1498718261719,423.40947956597444,416.1303825668363,419.4913370332816,206080
2017-07-06,419.7969970703125,423.19390610554575,417.94574568284935,419.1499654719477,182110
2017-07-07,425.5124206542969,426.77053003506626,418.0536077774495,418.0536077774495,261570
2017-07-10,431.4435729980469,433.6902068634556,424.70367140182054,427.7590879738305,154667
2017-07-11,421.8099670410156,436.36813669334094,419.68913060652153,431.71311833483736,589710
2017-07-12,422.3492736816406,429.46659559210974,421.32479530490383,423.4096784603885,349400
2017-07-13,423.4096374511719,427.1480397533173,419.8509768406104,423.445591274435,715255
2017-07-14,421.6302490234375,428.6577260832999,420.5698444590867,423.40959285366677,459032
2017-07-17,423.1759033203125,425.90781748207314,419.59928014789705,423.8049717040144,661260
2017-07-18,426.5369567871094,429.1969637574446,420.9293396885006,421.43258350924697,1102860
2017-07-19,424.0386657714844,429.52045810317674,423.086095169143,426.39316119161487,608977
2017-07-20,424.2004089355469,428.8015105013949,422.76255784003723,426.46500589928274,243735
2017-07-21,424.3621520996094,427.7051441790426,421.70214544841645,424.20040105336136,1020272
2017-07-24,422.8882751464844,427.34561544262374,420.5697616045173,427.34561544262374,566030
2017-07-25,420.8394470214844,425.02717586068985,419.8509500550319,425.02717586068985,761402
2017-07-26,421.6481628417969,423.8588424041464,419.1319170066528,420.8393528869183,645647
2017-07-27,418.556884765625,426.0336614327805,416.5618727945866,422.6547427453693,865420
2017-07-28,410.2353515625,418.77256041210296,409.0671129003412,418.41310447180257,615132
2017-07-31,411.16986083984375,414.4589353870264,408.29415915413716,410.5407925258692,515972
2017-08-01,422.6188049316406,431.3177650128785,420.22838311546207,423.4096244707951,2241407
2017-08-02,421.4684143066406,426.4828878513424,419.8688124666022,425.24276928524614,612765
2017-08-03,424.0745544433594,437.10502937228586,420.9292673915495,423.0501037787706,1618200
2017-08-04,424.0206604003906,432.00070779779793,422.00768535409986,425.5843087006538,1518432
2017-08-07,425.7461242675781,434.51696446543195,424.21840222808146,426.9682799593911,714917
2017-08-08,420.048583984375,428.6037544731498,414.189346268882,425.74604324519635,668292
2017-08-09,420.156494140625,428.0825977162588,411.63724849825445,417.33470879150883,574017
2017-08-10,411.7449951171875,422.5108723792268,409.9476883744265,418.6646370467072,580522
2017-08-11,416.2382507324219,419.43745445415516,394.0055757008349,409.0670145743082,1042495
2017-08-14,420.5877990722656,423.8049939438601,417.56833649138974,422.36714286617854,611237
2017-08-16,442.2813415527344,448.89541862294743,422.36717527436275,422.36717527436275,1983637
2017-08-17,446.3611145019531,455.68911291608754,442.28122075491,442.8563446181945,1359495
2017-08-18,450.81854248046875,455.4016810632628,440.6996947473456,445.37270416994534,1224845
2017-08-21,439.243896484375,463.5614876313918,435.36170643021995,456.15656347074855,1939795
2017-08-22,458.8165588378906,461.9079292744843,439.3876732824343,442.1375509786892,1846162
2017-08-23,452.2024841308594,468.9174184724622,449.32678175771787,461.90793164693395,3215980
2017-08-24,455.72515869140625,458.33124835737186,451.303798827708,456.1205684255228,877472
2017-08-28,462.5908508300781,464.06465562688027,452.7236262440001,454.9522966349961,523682
2017-08-29,452.8853759765625,460.8294690256114,449.86591360847933,460.8294690256114,432997
2017-08-30,471.3796081542969,473.05114506978174,453.1010297429658,453.1010297429658,1124717
2017-08-31,474.4531555175781,483.1161341911817,471.9728629043849,474.4710912912295,2105287
2017-09-01,479.28790283203125,480.8515512146564,475.35179594154624,475.35179594154624,740665
2017-09-04,473.2488708496094,478.42512344719285,465.25083328259336,476.64580718531846,963365
2017-09-05,485.3806457519531,487.71712253535355,472.6916647663336,472.6916647663336,963250
2017-09-06,498.3930969238281,501.6102910871751,474.4889411467434,479.8808609325019,1724297
2017-09-07,494.2593994140625,503.24593394886364,491.7611164856499,503.01227527504614,1153802
2017-09-08,488.8136291503906,498.57299383839074,484.96736551086207,498.21356531705953,872807
2017-09-11,505.58233642578125,507.9188679699146,491.95877621395994,492.0306838374807,2939492
2017-09-12,505.1492614746094,508.6509796616672,499.8064558726383,508.6509796616672,1591842
2017-09-13,494.8787841796875,508.28997271881553,492.76690179199625,507.20695752216466,948790
2017-09-14,492.4961242675781,503.48860924511916,484.2111495333064,499.26489987575144,1324470
2017-09-15,489.06658935546875,499.8966295987984,485.9258402274886,498.63310286997,4276310
2017-09-18,493.5070495605469,497.8209883379099,489.8789672821553,492.0449980630206,332227
2017-09-19,488.9403076171875,497.7487506383251,487.7129160708172,495.61880050263255,300072
2017-09-20,493.0015869140625,495.9617698473673,489.9511205771275,490.0233362831429,513505
2017-09-21,485.0054016113281,494.3553246255679,481.39538762117144,492.76690965638824,406247
2017-09-22,471.6845397949219,483.7419758227729,469.3019168429886,483.7419758227729,512517
2017-09-25,463.5257568359375,471.8287997173141,454.0133901607152,471.8287997173141,920380
2017-09-26,465.1503601074219,469.6628779389473,456.68484470650134,462.8941011916591,862230
2017-09-27,455.8004150390625,468.47157299418154,453.05679644834953,465.7820748725822,928485
2017-09-28,476.28717041015625,490.04131442070445,451.55858094621146,457.17215360732575,1532375
2017-09-29,486.14263916015625,488.6516259917483,467.8940400226058,473.8866780617931,1147842
2017-10-03,478.3267822265625,490.96182930424527,473.14642173822193,490.96182930424527,940155
2017-10-04,479.39178466796875,482.2978744736598,474.3377872899496,479.37371697162007,868317
2017-10-05,477.5144958496094,487.4601002977861,474.4820978430953,479.3917182231606,659497
2017-10-06,479.53619384765625,483.0017761507163,476.57595617453984,477.6048232988135,657130
2017-10-09,478.218505859375,482.6588071624388,476.97304676098315,482.6588071624388,264997
2017-10-10,479.861083984375,488.14605884846014,477.2979500101006,482.6588225791483,1360535
2017-10-11,472.5147399902344,487.0811600005629,468.3451781410985,482.9837587721151,943542
2017-10-12,489.4636535644531,492.7667913351555,477.35201987487727,477.35201987487727,1110702
2017-10-13,492.5323181152344,494.93300859830595,483.23654182064615,492.56845351418104,1103292
2017-10-16,490.7633361816406,500.09519069741265,487.35184681341684,493.48885905269833,668917
2017-10-17,484.30133056640625,493.8498311825782,481.0523406254046,485.90781292779405,1582085
2017-10-18,477.31610107421875,489.86092295612536,475.33058216769757,485.4927813617787,1210740
2017-10-19,476.2510986328125,481.2870834877557,471.10681776674716,480.492876016566,45897
2017-10-23,480.6733703613281,485.18588812696,471.82884655757874,474.5363572169578,1043390
2017-10-24,483.9583740234375,490.9618086366159,478.34482978433266,483.7417820390186,383480
2017-10-25,490.7633361816406,493.77766675723876,481.0162551778225,485.5468399733671,667725
2017-10-26,493.9220275878906,505.1130353467406,484.64426731496627,487.71280053844174,1509792
2017-10-27,492.55029296875,499.84253628739145,485.6370856764532,494.49967618867555,755365
2017-10-30,494.89678955078125,496.6657161822434,485.88982254789653,492.225414533829,762710
2017-10-31,499.0302429199219,505.04089145589535,491.71998725665185,493.218118695684,1827207
2017-11-01,501.8280334472656,507.2069742141712,477.6228826228547,502.4597969231398,1730507
2017-11-02,497.9833068847656,502.60411946281397,491.12424862229034,498.90382281104377,1665305
2017-11-03,498.1458740234375,504.3189673929041,494.2289844206797,497.82093088469355,871747
2017-11-06,502.42364501953125,511.89993055398025,498.9038597872476,498.9038597872476,1504982
2017-11-07,479.7166748046875,507.54990606773964,477.9838835652398,502.5139212794883,1372520
2017-11-08,483.1642150878906,490.96185781462304,479.62641712433935,483.05591908483353,326270
2017-11-09,482.6046447753906,492.47803387756477,479.409802665957,484.1389115260942,552082
2017-11-10,487.2255859375,489.13888918497753,479.7708973013617,479.7708973013617,407015
2017-11-13,483.8501281738281,492.405842951613,482.96569245098425,490.6008361151563,582427
2017-11-14,482.640869140625,487.3519111747812,477.6048839681745,484.8609925930434,441770
2017-11-15,481.0884704589844,491.0160080706716,477.78533218170264,482.2075658853374,243555
2017-11-16,478.3448791503906,486.2327502087992,469.66280067752814,481.90074482005633,458577
2017-11-17,485.6731872558594,490.2037168138272,481.287034003063,483.01982508729697,588532
2017-11-20,491.8464050292969,501.79201254525725,484.48199972981917,486.900702820443,1234665
2017-11-21,489.8968505859375,499.5897272672523,486.28683736626385,497.0988093321686,436620
2017-11-22,490.7092590332031,494.1026815769097,487.7129953840509,489.8789710973339,1010215
2017-11-23,482.4964294433594,490.9619169025897,480.6914223959234,490.9619169025897,405637
2017-11-24,485.8717956542969,489.24715010178363,481.05245756743386,485.5469075981039,364047
2017-11-27,479.8972473144531,487.5865954831137,474.33784946986276,487.5865954831137,655600
2017-11-28,480.5108642578125,483.72377428850956,475.43879935122516,479.40983650576675,730507
2017-11-29,479.247314453125,482.65874824378676,477.83941152477695,481.5757332794199,313172
2017-11-30,472.1897888183594,478.65168891044794,470.7277377204538,478.32680090745464,738470
2017-12-01,461.2695617675781,476.016466209086,459.08549109657014,476.016466209086,714855
2017-12-04,467.98406982421875,470.74572788686356,455.25879455377236,462.08171771350857,557047
2017-12-05,465.7098693847656,469.26573534521765,461.4861321117874,469.26573534521765,302527
2017-12-06,469.193603515625,472.91191415912766,462.2623820709078,463.8868776293733,768267
2017-12-07,470.4749755859375,476.1065875596941,466.07075492247515,470.74571556843887,678385
2017-12-08,469.1033630371094,472.18991002671567,466.8651165782606,471.0888269546824,510837
2017-12-11,469.06719970703125,472.18988190992815,465.69184514680427,472.18988190992815,760285
2017-12-12,469.049072265625,471.4678300151811,466.90116470633455,468.9407762570705,725525
2017-12-13,467.7494812011719,469.42812427838135,464.6448673508534,464.9697553494549,306300
2017-12-14,466.03472900390625,469.30178703768274,460.99874440397457,463.8867664180172,141565
2017-12-15,469.1213073730469,470.02381087129606,466.0347608326784,469.30181908958514,406172
2017-12-18,472.9658203125,475.0415666359705,455.36700807905424,469.12114790337796,329147
2017-12-19,486.1244812011719,487.35187269732916,473.3450012475999,474.3197204166378,629247
2017-12-20,487.2796325683594,491.0340776541366,483.7418345749611,486.2688331416742,542342
2017-12-21,489.51788330078125,493.39863703951335,486.82838561737583,489.51788330078125,504890
2017-12-22,492.0087585449219,493.84990084437254,486.8645329267704,489.5178952838263,505802
2017-12-26,503.32623291015625,504.6619205160587,491.6839152650765,495.25784909708545,381885
2017-12-27,491.5575866699219,512.2610214628206,488.21836741659,505.3839484357426,870020
2017-12-28,496.5934753417969,502.9109993114958,488.09190850907305,491.55749081088004,580502
2017-12-29,497.94732666015625,503.1818365149585,494.64418772655614,498.1459060957541,409037
2018-01-01,494.84271240234375,514.4270515209977,493.84998047704744,501.0700092703246,171920
2018-01-02,488.3265380859375,497.7847557614632,485.5468122871206,497.7847557614632,233057
2018-01-03,494.5899353027344,497.5681855323889,487.31576003728543,492.7668607914679,314230
2018-01-04,496.8462219238281,504.10232990449276,491.75608919430954,494.5899632761096,1243887
2018-01-05,497.9291687011719,499.98690297343404,495.7631935079066,499.22877585090635,325597
2018-01-08,498.163818359375,501.97241142203404,495.85341181583203,496.3768792211986,650715
2018-01-09,496.5754699707031,501.41293079595874,494.98711001561094,499.62593633425774,817862
2018-01-10,532.9464721679688,541.1411656359855,496.3770067017534,496.41308701729287,4055127
2018-01-11,514.8240356445312,528.7586901800232,512.9829485605812,528.7586901800232,1127637
2018-01-12,517.0442504882812,519.4629531332682,506.1239256514429,516.5929987615798,816145
2018-01-15,513.362060546875,526.827397685968,509.93255817647133,519.1200374301897,1063420
2018-01-16,509.7880554199219,521.2679272694072,506.1238938328394,513.4702847019571,695372
2018-01-17,515.870849609375,519.4447824063662,504.67984205755647,507.56786355250034,591727
2018-01-18,519.5171508789062,525.2570601718578,512.6220106144591,519.8420389329726,1784942
2018-01-19,531.98974609375,533.9210617673255,522.8924951651783,525.2570499868862,1143017
2018-01-22,535.4553833007812,541.5021685329557,530.8706495168898,533.0908282382766,1406007
2018-01-23,529.3001708984375,539.4082198901663,526.1775444209627,538.9750358896924,641862
2018-01-24,529.3723754882812,532.4769892902322,522.3689405105476,529.5889674839746,565402
2018-01-25,519.986328125,539.9858340631358,516.7012576547529,539.967766368345,1586905
2018-01-29,505.54632568359375,526.50248515648,501.322616002615,525.9790177138526,451552
2018-01-30,498.181884765625,510.6003405616983,490.1135020372391,507.2069189099298,695702
2018-01-31,501.90020751953125,503.596918389678,492.06289801183567,494.6621123199568,780247
2018-02-01,500.817138671875,507.8747214101459,493.41660025719557,503.2358410161437,1049780
2018-02-02,482.91143798828125,496.7377939175614,476.52169977224173,495.8713709966734,1563087
2018-02-05,484.211181640625,488.4348912900606,470.6374941336109,480.1318483099182,635430
2018-02-06,472.1678161621094,480.42792704464216,470.3887025716417,472.4764588243488,882875
2018-02-07,487.45343017578125,489.867889574537,477.45055109168163,482.53365266887903,791590
2018-02-08,487.0178527832031,491.22959853097194,482.4793479864703,487.616966441307,522965
2018-02-09,478.4127502441406,484.53064437304863,476.3795094489535,484.53064437304863,344197
2018-02-12,481.1903076171875,484.3309720945133,475.63518356946287,479.2296984127901,835332
2018-02-14,481.1177062988281,490.1221380156865,478.4309474202164,490.1221380156865,1330082
2018-02-15,481.4446105957031,484.7123118859517,479.701784866012,483.93170235796686,691247
2018-02-16,478.2676086425781,483.6956420948424,476.5611265816995,482.67902155665905,670790
2018-02-19,468.9544982910156,480.86352692471144,462.6005934540647,480.5004244876528,734460
2018-02-20,468.5369873046875,473.81981255261115,466.6671258926727,470.1890093912885,1505827
2018-02-21,475.2358093261719,478.43093374090586,463.3812395758129,468.5551450059626,508137
2018-02-22,483.87713623046875,491.97381149012995,470.64284364876823,471.2782452605446,841990
2018-02-23,482.8060607910156,486.1645093122014,476.288720521546,485.7832905020021,777740
2018-02-26,482.86053466796875,488.7061300015976,476.39770944217537,486.50945418934333,568220
2018-02-27,482.95123291015625,485.8014264085912,472.63976623994444,483.91339343745324,718765
2018-02-28,473.51116943359375,482.49742940954377,469.4809757124899,479.22972872828535,850997
2018-03-01,476.48834228515625,479.2840755699585,470.0255186201875,472.00429922643923,315000
2018-03-05,464.8699035644531,475.4718423185479,461.89261833128586,470.9151665489621,664447
2018-03-06,448.8216857910156,468.04680790203275,444.3013539789043,466.92126788469216,925590
2018-03-07,454.9215393066406,458.2074121967398,448.4042533654402,448.4042533654402,917260
2018-03-08,454.0682373046875,457.4812011617471,447.5328081943034,454.52208770266543,663067
2018-03-09,453.37841796875,459.4599968747515,450.94575870551853,457.48121572477623,802610
2018-03-12,449.584228515625,457.0092426631392,448.4950040953104,457.0092426631392,383167
2018-03-13,450.7279052734375,455.6657998222389,446.98818242416064,448.76726822898723,475770
2018-03-14,452.5069580078125,455.0666807149535,447.9684543572056,448.91247087276366,754330
2018-03-15,451.39959716796875,454.358710642911,449.25743657442956,452.5614530849865,547975
2018-03-16,438.78253173828125,451.16358311593245,436.05942952099673,449.13031462379683,874927
2018-03-19,435.36962890625,440.77951796645215,428.4529254796277,440.77951796645215,585270
2018-03-20,430.3046569824219,438.94595898660157,425.2396984954985,434.2440752946581,1138755
2018-03-21,430.1230163574219,440.0351196356,428.07163172667714,432.30152007628334,555642
2018-03-22,428.7796630859375,433.4815460855367,423.95068869135207,430.2501337946222,760480
2018-03-23,439.4360656738281,442.1047079917524,423.95069369339825,424.0777850898839,1533362
2018-03-26,435.0064697265625,440.05328334591286,431.6661378362119,439.69020861014894,426057
2018-03-27,444.9549865722656,448.02299230634605,435.4785870813402,438.2379778374658,714370
2018-03-28,452.0713195800781,454.21348019722916,444.9549485473009,446.58879892645575,1446865
2018-04-02,450.6553039550781,454.15901575288996,446.6251101798683,453.1242512434875,288525
2018-04-03,458.8064880371094,466.9213639801882,450.94579493820953,450.94579493820953,727417
2018-04-04,451.907958984375,463.79884637260767,441.868789197418,459.27851359706705,645737
2018-04-05,450.1470642089844,457.8080346894006,447.24241010867564,453.8504718710853,636430
2018-04-06,459.04248046875,461.4751121276901,449.493477384665,450.2196269930307,253330
2018-04-09,458.1892395019531,462.54619255436717,455.0667463240847,460.7489625781416,124910
2018-04-10,463.5447082519531,468.7367864248626,459.187754830993,460.0228241812738,744937
2018-04-11,464.27081298828125,468.3736106128235,461.7292341396517,465.4326688988225,389982
2018-04-12,470.243408203125,471.2600285242443,456.7731335466412,465.0695032892822,469905
2018-04-13,471.60504150390625,477.0149584008701,463.36313014739284,470.5702492602428,584142
2018-04-16,480.8454895019531,482.806154567117,469.4629396018898,472.00449116629756,593002
2018-04-17,495.80419921875,498.87223170412597,472.43999444676996,481.4444243620461,960740
2018-04-18,488.4882507324219,501.05085450470574,487.3445942323612,497.4018794661941,551462
2018-04-19,488.7062072753906,499.8527459873417,485.20243954875764,493.78931036851674,680935
2018-04-20,488.1977844238281,497.9283096451507,485.746981375389,490.5214960738198,620472
2018-04-23,482.98760986328125,490.5215713915264,474.30999177837253,488.37935523706676,1192537
2018-04-24,484.93011474609375,489.77726187679366,481.06330008933674,485.8015275453391,1522445
2018-04-25,480.9906311035156,486.237112428057,476.4339557850764,485.7832620704963,1292382
2018-04-26,469.55364990234375,482.07991085286517,466.6853395241849,481.44456456393607,865950
2018-04-27,475.67144775390625,482.315823426517,468.7911164402216,472.7305063942506,927455
2018-04-30,473.4203186035156,481.2265215349811,468.3735055274639,478.1585445031734,1141420
2018-05-02,481.6805419921875,486.5095174963078,478.46730070559255,483.73195491930755,3700517
2018-05-03,493.4806823730469,498.87242832250166,479.97414298015707,481.6805698252281,3965202
2018-05-04,495.749755859375,501.940280856061,491.3746875395556,496.40332912731105,1674467
2018-05-07,490.0677185058594,497.3474417601004,484.9845604277928,497.3474417601004,1048170
2018-05-08,508.0218811035156,516.3001064031869,490.77556916225893,491.9011090773191,2455777
2018-05-09,501.159912109375,507.5682794701808,498.1645096481126,503.9556469273358,572575
2018-05-10,492.609130859375,507.80403016740024,490.15832813835357,499.23533421498973,520887
2018-05-11,510.8540344238281,513.1051702363525,492.8997401693097,492.8997401693097,1051875
2018-05-14,508.9477233886719,514.8114336450334,503.5922678365041,511.9431242052884,713660
2018-05-15,504.7723388671875,515.5377113119346,500.32463866269103,510.1277951764993,904865
2018-05-16,508.76617431640625,510.127725184336,499.9614676234647,501.10517921678917,1010675
2018-05-17,505.2989807128906,516.9175423102562,501.05094672580725,508.6756572062165,1102090
2018-05-18,507.2595520019531,514.5029868366762,501.4502445775253,501.77700357721324,1181930
2018-05-21,504.04620361328125,510.25490097489063,502.33972181103536,507.2594996502354,748945
2018-05-22,500.9963684082031,504.1914928675313,493.93442977972404,498.1461746758096,1205687
2018-05-23,503.6832275390625,505.7709284291214,494.624335316145,497.7831719705644,621467
2018-05-24,501.4140319824219,508.2036174281575,489.63203585981796,506.49713519286513,560795
2018-05-25,500.4154052734375,507.00532148892387,496.3852117847234,499.30803696699144,1208365
2018-05-28,501.57733154296875,504.31855032937835,495.16896600925173,504.31855032937835,654840
2018-05-29,498.6544189453125,503.93724340996386,492.3368578383634,502.8661632843794,793745
2018-05-30,499.0901184082031,502.50302610033754,495.69527165316003,496.98424638434517,841647
2018-05-31,500.7059020996094,508.3124391025989,489.4322738734056,500.9782012545111,8041735
2018-06-01,485.4747619628906,500.2883915382829,483.25996960451937,500.2883915382829,469177
2018-06-04,476.8333435058594,493.0266931432732,473.8197705012163,488.3429818575754,804980
2018-06-05,484.53070068359375,487.3627228919692,473.8924733575587,478.1767947593759,1106047
2018-06-06,489.0692443847656,490.1584965685849,479.6473044074806,484.5307397869084,350692
2018-06-07,489.30517578125,494.87847181593975,485.0026829876159,489.0691647163404,407037
2018-06-08,494.7696228027344,498.1462435628365,487.4716720990734,487.6169352682174,451062
2018-06-11,477.23284912109375,495.44132753412003,475.67157471491635,493.78930519574294,739147
2018-06-12,485.093505859375,487.99815985799347,474.4189342704108,476.5974386197914,628647
2018-06-13,478.99371337890625,487.8528818687811,477.4506109703433,486.5276187834677,693952
2018-06-14,473.51116943359375,485.0753240282349,469.1723884690155,484.8211412143999,848340
2018-06-15,458.625,475.25408838355776,456.39203567390416,473.0937556473766,1006752
2018-06-18,447.56903076171875,461.093792802229,444.7007210431217,457.8805246987046,1171157
2018-06-19,460.5492858886719,463.68992323835454,441.1426362644916,449.0214734080114,1766175
2018-06-20,462.6732482910156,467.6474585979348,456.3374867976127,462.5643286282297,830950
2018-06-21,456.1377868652344,464.9243514850608,453.7777869933867,461.40246801979583,573117
2018-06-22,452.7611083984375,457.2996120018734,447.31490407431437,457.2996120018734,909020
2018-06-25,451.81707763671875,466.14056487018894,447.3874940989744,454.0136976643349,750897
2018-06-26,453.05157470703125,461.8381109464491,445.20905496383693,445.3542904017811,463646
2018-06-27,440.3439025878906,455.3028249688534,434.97032820598514,454.57664755181474,692193
2018-06-28,443.9019775390625,463.5809229293305,437.14868181902057,437.14868181902057,2738973
2018-06-29,473.6383056640625,477.4869485111726,441.50570021773683,446.11683617685213,1684068
2018-07-02,462.52801513671875,480.71831913385483,453.8503977478463,471.93178208165574,2052183
2018-07-03,468.44622802734375,469.64439968972584,454.5765336946095,466.1950924487811,498790
2018-07-04,470.7337646484375,477.77753399407635,467.64761417337996,471.13315534540703,406397
2018-07-05,461.54779052734375,470.47956458025277,458.49790092100415,466.4130820395796,604723
2018-07-06,472.80322265625,479.2660482689559,461.5477376688878,463.1452723265522,724418
2018-07-09,485.8741455078125,487.9799627607052,464.7428427822579,471.93181811908005,982225
2018-07-10,489.4322204589844,491.5380926964974,480.71826064151793,488.1977608237139,461863
2018-07-11,470.1164245605469,488.70617626807694,468.22844661812724,485.8015223698693,395253
2018-07-12,461.4750671386719,478.46722670568977,458.8972002692074,473.4204126273141,744650
2018-07-13,463.2178649902344,472.4764239524613,458.20733899620745,462.99999796821413,735611
2018-07-16,455.73846435546875,466.1588808580494,445.31807555372177,464.3071632305814,699022
2018-07-17,465.6142272949219,466.195113707876,447.7869700957621,453.9956403100987,507442
2018-07-18,472.3311767578125,478.5398746297595,460.78524913143514,467.64746498902895,575820
2018-07-19,473.02105712890625,475.6352399792458,464.37975510768945,469.46288534992397,221026
2018-07-20,474.3643798828125,477.81368698210355,468.4462087895331,472.004380142761,225710
2018-07-23,478.1767578125,489.9768679028698,465.4689469459479,465.4689469459479,554447
2018-07-24,481.6260681152344,485.3295032438441,467.46595644947,478.21315932010907,384842
2018-07-25,469.57177734375,484.31282924669966,466.1951016103773,481.62601497507296,448741
2018-07-26,470.2616271972656,479.9921527918946,466.4492729091743,466.4492729091743,1542833
2018-07-27,472.3311767578125,483.58668888056485,465.90469495897696,475.63522097856594,717822
2018-07-30,480.10113525390625,485.0753737630813,466.3767023427975,475.59897433382383,692500
2018-07-31,486.0193786621094,498.7998230188169,473.3478539827364,481.4082425154989,873642
2018-08-01,480.8999938964844,492.33706009843246,474.72763798202425,488.41578500647944,435187
2018-08-02,470.37054443359375,482.8241722553229,469.09974121022407,482.13431081415973,698640
2018-08-03,468.3735656738281,475.5625397740329,463.7987463458986,472.8031495642711,832225
2018-08-06,463.9440002441406,475.4173509546643,462.9636956281336,471.4597890037843,426815
2018-08-07,463.1815490722656,472.5127119053108,460.56736641539504,467.1754269310049,850317
2018-08-08,467.9379577636719,472.98477225034316,462.20128176991426,463.1815864950299,362326
2018-08-09,466.5219421386719,482.1706957046063,464.8517482218262,470.29795324393774,1004775
2018-08-10,464.16192626953125,472.7306251171342,461.5477709048814,466.9213725062455,376422
2018-08-13,464.3796691894531,468.44617817103284,458.5340746475438,461.838090688156,302837
2018-08-14,466.59442138671875,469.099684040716,463.39932507645767,465.9771915939681,385807
2018-08-16,468.8819274902344,474.2918442542715,464.74281401894456,467.1754455378757,418430
2018-08-17,463.653564453125,475.63522627159665,459.91384153365675,469.09976933409746,795518
2018-08-20,456.1741638183594,466.4856327850744,455.5206180598469,465.4690122053513,426767
2018-08-21,461.0757141113281,469.60809652603047,453.7051876718087,457.48122651636095,774787
2018-08-23,467.03021240234375,468.8092704335062,462.1649219280775,464.5249494424171,473872
2018-08-24,465.0333251953125,471.3509433150524,459.8412750123075,466.92135855322306,379438
2018-08-27,470.1164245605469,474.29188185224075,463.8351499793592,465.79575950469194,495843
2018-08-28,458.5340881347656,469.4628122998982,456.1740607787246,468.44619194980714,700162
2018-08-29,465.2510986328125,467.0665001500939,456.7550328283333,459.7685782943906,600413
2018-08-30,459.44183349609375,469.0997554616442,457.84427124732,465.83205479035917,731472
2018-08-31,473.3478698730469,475.5263742962054,460.13177406416946,462.0923837236771,1255090
2018-09-03,472.58544921875,476.7245634512962,469.2814043712631,474.9817930906638,526668
2018-09-04,457.2270812988281,472.3312093036204,452.7248927600036,470.1890485564038,1021213
2018-09-05,465.6142272949219,467.39328542489625,451.16361821592733,457.4812080952965,517751
2018-09-06,464.1256408691406,470.29799604223433,457.844338316992,465.65057176590494,657773
2018-09-07,478.5398254394531,486.60021217717923,466.12248637362893,466.99384359825575,1390803
2018-09-10,478.7575988769531,485.07521489457764,474.80003762185163,476.3612560356148,486490
2018-09-11,462.1255798339844,485.213629060389,459.5724109043862,481.45681142364265,1032795
2018-09-12,460.265380859375,473.1771514161439,457.2015506157278,462.9279670790519,964901
2018-09-14,471.17108154296875,473.61488839614174,460.81247942212445,462.56324357798167,766498
2018-09-17,462.45379638671875,474.16194570680034,461.2866296334616,471.97348369542397,491795
2018-09-18,447.6454162597656,464.35048718612154,446.4417675757569,462.4173696298095,967065
2018-09-19,453.55419921875,459.42651563636275,447.90074573093983,449.3596835165331,561666
2018-09-21,469.5663146972656,474.1620188441414,444.32628454531186,459.1712020221803,1346123
2018-09-24,452.8612060546875,470.6969901710397,447.9007397332221,470.6969901710397,870601
2018-09-25,446.952392578125,462.23500725172596,439.98584532633214,449.5785249907914,1055582
2018-09-26,458.58758544921875,461.6513878996639,447.17120635648655,453.7365370752288,689286
2018-09-27,452.8612060546875,461.46904461874965,450.5998079933725,454.46604316284106,833552
2018-09-28,457.7121276855469,461.90664242147886,453.4446772081191,457.7486094700188,871298
2018-10-01,475.8033752441406,480.7273880895206,449.5056214675701,459.39007329942575,949322
2018-10-03,467.7425842285156,476.49632174558167,463.14685255283894,471.2440569733797,945175
2018-10-04,445.4204406738281,467.30481002895,438.0526780389903,462.4902715893322,968727
2018-10-05,441.88250732421875,451.3657415818622,427.6211602330204,438.05272626466416,848135
2018-10-08,437.3232727050781,454.4660418539636,430.5026245758433,442.7943727943974,701782
2018-10-09,436.5573425292969,448.41139327939845,409.4206759073555,434.8430599684278,1859385
2018-10-10,448.1560363769531,450.05267208360806,434.2594238152516,437.68798863097913,577163
2018-10-11,433.60284423828125,441.7000756123479,423.28072476176516,427.621111261078,681980
2018-10-12,443.0131530761719,447.1711864033566,434.0405533792232,436.52078622591677,560743
2018-10-15,441.0435791015625,448.04658007016127,435.6454429568955,444.9827775816939,289117
2018-10-16,438.6362609863281,447.1711622514331,435.6453945822166,442.0647975102199,655753
2018-10-17,437.2138671875,447.171254040707,434.7700879314879,444.982819510246,554262
2018-10-19,431.925048828125,443.4872987443375,428.86124655765684,436.22898141815193,542643
2018-10-22,420.03466796875,436.22910776851126,414.3447040895479,435.49963877686247,2079837
2018-10-23,420.8005676269531,425.7974880502365,408.50881903628124,415.80361937621484,876580
2018-10-24,407.19573974609375,428.9342407256352,404.09545526611294,420.9099717389257,1347893
2018-10-25,401.3233337402344,408.5087146921214,395.3780829996499,402.67288147629495,5045275
2018-10-26,418.9768371582031,426.38105451389674,403.5118415232818,404.8613895061855,1502157
2018-10-29,452.1317138671875,475.3292085984216,415.7306763873102,420.0346096261235,1730560
2018-10-30,454.7213439941406,460.77604125375444,445.7122616869182,450.8186271701262,704887
2018-10-31,462.3079833984375,477.8094345183062,441.335431883321,465.4082680569201,1998052
2018-11-01,482.6240234375,485.83369778318536,461.61496256801485,466.86722778538615,1373845
2018-11-02,481.201416015625,489.9187547329289,477.69994346812217,482.9156983281179,748981
2018-11-05,477.3717041015625,481.20142937139366,474.19842842711677,481.20142937139366,783818
2018-11-06,489.8823547363281,503.34127155441746,477.80946792484553,477.80946792484553,1683325
2018-11-07,486.92791748046875,497.5053555982306,482.66046600585827,494.22271774234844,107953
2018-11-09,488.7151794433594,492.39903365941365,485.7242845245523,488.60576188827235,737728
2018-11-12,470.3321533203125,491.45062754384554,467.9613659126845,490.210469418953,663461
2018-11-13,488.8974609375,499.5479176834601,467.4142776283551,472.41125336561265,1661757
2018-11-14,486.7820129394531,491.23178959480447,477.07991589217806,490.1376141536802,898262
2018-11-15,497.97955322265625,499.6938357978593,485.10423475266634,485.10423475266634,595756
2018-11-16,490.0282897949219,507.57227766597094,481.1286234820191,496.0464784851652,1185490
2018-11-19,491.3412780761719,505.1284456122188,485.1041995932424,492.98259694381414,904288
2018-11-20,493.4203186035156,500.3503570586278,486.56318808441426,488.13159918725495,650711
2018-11-21,493.2742919921875,500.3137457930396,488.93387800290157,499.65724064586794,446470
2018-11-22,490.39288330078125,497.5053016539355,487.8761685785336,495.9004925204545,418868
2018-11-26,489.6269226074219,498.3076954602473,485.10412724992966,493.3107760191954,769633
2018-11-27,487.2561340332031,491.7059663156447,477.07991291001946,486.67253669831456,719501
2018-11-28,485.10418701171875,491.66951796691865,478.53885605651885,489.4810557635501,495546
2018-11-29,492.2895202636719,495.90046584328394,482.1862079566038,487.1831831706953,580267
2018-11-30,492.36273193359375,496.63018486623616,479.85211626949956,490.5754852230294,1056192
2018-12-03,496.1557312011719,499.69371303784624,485.8335843189557,492.39891430736674,520537
2018-12-04,494.2591247558594,499.5113893502605,488.7515711170963,496.0463706860082,1091781
2018-12-05,491.4143371582031,497.21374723490436,486.8915953899906,492.3261874379136,579031
2018-12-06,482.6967468261719,489.4809108624099,479.63294517235835,487.47483037900014,578263
2018-12-07,482.0768737792969,486.1254901941008,478.24709246990244,485.03125901214383,273540
2018-12-10,484.4476623535156,496.5570006040667,470.8793308074802,479.63306796077245,648797
2018-12-11,482.55108642578125,488.8246195970485,473.432585380906,473.94321921322245,463516
2018-12-12,475.9491271972656,485.79709360737104,472.84881570941144,480.800174664609,915868
2018-12-13,472.5206604003906,477.2987452859797,469.5297658172527,474.1255252347666,641885
2018-12-14,474.6362609863281,476.4964152687026,468.3627274609768,471.97361845940475,1093962
2018-12-17,483.0616455078125,492.32601664764957,476.35044313447344,476.35044313447344,1668211
2018-12-18,481.7485656738281,484.7394045283729,474.5267297519726,480.47195349932633,888962
2018-12-19,487.6573791503906,496.70291575772535,482.7698764045242,486.9279102659925,923975
2018-12-20,486.198486328125,495.2075698033008,479.04955702836213,490.9401179974144,2080788
2018-12-21,478.9765930175781,488.7515982685946,476.6057496330325,488.7515982685946,648846
2018-12-24,474.19842529296875,481.05555468793926,471.68176619525457,474.9644037348149,543823
2018-12-26,476.05865478515625,479.0860034077956,464.0222238766246,475.62092894790914,811531
2018-12-27,486.1618957519531,497.43240345250086,480.0707447532891,484.95830279204534,6079903
2018-12-28,489.04327392578125,491.81527718288874,486.2712706686738,488.75147532162896,758231
2018-12-31,501.66326904296875,508.37452596986856,487.1466355914853,488.02203144844503,3131155
2019-01-01,499.9126281738281,504.0342079263344,495.6451769115007,503.34119303114414,569838
2019-01-02,487.98565673828125,502.6847310018846,483.6452971750838,500.4233049933011,1366171
2019-01-03,488.7514953613281,490.8669935870019,486.5995431792255,490.1375248741581,840090
2019-01-04,494.6239318847656,497.3959359367538,487.4385492049016,489.26224926263546,1084377
2019-01-07,496.8852844238281,500.82448308661856,492.80021424978196,497.39591819558393,596906
2019-01-08,496.33807373046875,498.964205521759,494.0401944993664,498.964205521759,492657
2019-01-09,499.29254150390625,504.6177695412339,494.51445681320206,496.9946618888735,586143
2019-01-10,502.6480407714844,505.45655354845906,497.28635985857414,499.1830228973654,590860
2019-01-11,494.9886474609375,504.69068855505793,491.45066523031517,504.6177806311612,450842
2019-01-14,497.7243347167969,500.67872044256234,485.2137211061216,494.988784132952,2163780
2019-01-15,497.2863464355469,500.4231116764244,494.00370972864954,500.4231116764244,336583
2019-01-16,508.37451171875,514.2832805366259,497.90643830505223,499.47484888127633,1982631
2019-01-17,506.55084228515625,514.283311139531,499.876094759864,508.4474498859176,939641
2019-01-18,498.8548278808594,509.03104764444083,496.1192783508227,507.71798164382733,632438
2019-01-21,485.10418701171875,501.66335808020085,482.6604357557371,501.66335808020085,1325947
2019-01-22,488.3868408203125,490.1376329028952,479.6695569914928,484.37473418793587,1013112
2019-01-23,481.38372802734375,490.21042736131835,479.6694459609422,488.678526384833,844543
2019-01-24,484.4112548828125,485.5054861714364,480.50856526111613,484.3748009133273,381668
2019-01-25,481.7485656738281,485.10416676534584,474.6361472920838,483.7911006291082,534737
2019-01-28,469.01910400390625,481.45675007125675,461.21367103955316,481.3108785745433,692347
2019-01-29,468.9461364746094,473.43242185573393,458.4780630454596,468.3260296414209,749838
2019-01-30,482.5145568847656,484.8124368627925,465.4082685533798,471.9735723382071,814517
2019-01-31,478.1741943359375,485.1042325388133,475.6209696407518,480.25318353483584,2104942
2019-02-01,480.5084533691406,495.17095999565385,472.4841295577326,481.0555410585992,976041
2019-02-04,472.88543701171875,503.7971774946209,469.60279893163755,500.6057021620758,927229
2019-02-05,471.7911376953125,478.1740866864866,466.09204826860076,473.15891247913555,403499
2019-02-06,465.453857421875,478.4021389365,459.2076791713168,477.4902889094829,448414
2019-02-07,468.2349548339844,472.33827965726175,459.2532271553201,470.3321986126785,258120
2019-02-08,464.9978942871094,474.61790015249517,460.84896030784495,470.24103151261727,323368
2019-02-11,474.7546691894531,476.3504065026637,463.31093633252954,470.51454492381885,604859
2019-02-12,467.23199462890625,477.71827035533056,464.13168215217286,473.66052644325373,465576
2019-02-14,454.1011657714844,458.56922388527295,439.46598872850205,440.423419814512,2924320
2019-02-15,447.9463195800781,458.5693666824915,441.7913319827946,457.7487072350111,1210198
2019-02-18,449.99798583984375,455.42350460151863,434.9524604774174,448.6302108068959,905190
2019-02-19,446.57855224609375,454.3748588725476,442.15607403457216,444.98281469340225,880880
2019-02-20,448.53900146484375,452.7335169558061,437.6879922231358,445.8946420773196,669634
2019-02-21,440.0588073730469,449.0405352713274,437.3232574239738,448.5390010841922,835835
2019-02-22,433.72137451171875,440.4234764580926,429.29889718469326,439.4204360600895,1458459
2019-02-25,432.6728210449219,444.52687093656357,429.5725366387524,433.72144296984567,1232554
2019-02-26,425.8338928222656,434.7700104914103,424.92204294470184,432.7183482668919,1150363
2019-02-27,432.1712646484375,435.2715486956901,420.4539880465527,425.83389680905714,1059353
2019-02-28,431.07708740234375,434.9524499014658,426.3810654688983,431.3050499022921,2867819
2019-03-01,436.0010986328125,437.59683623052666,427.74886675847273,431.07711389678553,1163832
2019-03-05,441.7456970214844,444.07090314516563,435.5907101709097,437.0496477550113,1087720
2019-03-06,443.9797668457031,449.95240114187436,440.56032928862373,444.98280742793725,783592
2019-03-07,442.7943115234375,447.58152343916896,438.690987024239,445.3474800808475,562801
2019-03-08,445.3931884765625,446.80654498788857,439.83089735101794,442.5208384253895,747344
2019-03-11,449.99798583984375,456.6544798692083,444.57246707816887,446.80651076296544,2435796
2019-03-12,458.7061462402344,462.30796498798645,446.53297060754386,452.3231960332996,2010662
2019-03-13,476.4871826171875,486.83671299423065,462.3079269549734,463.5389299591014,3206175
2019-03-14,463.9036865234375,476.48720536596653,461.2137178981187,472.2014992440069,945493
2019-03-15,470.0130615234375,471.97350549657125,462.5358809032374,466.8671681073584,1069396
2019-03-18,466.9127197265625,473.8883935675874,464.6330950275217,470.4233751560253,607274
2019-03-19,465.5450744628906,470.4235060693884,464.13171788714465,469.60281868738605,609105
2019-03-20,468.9187927246094,471.836723421401,465.18020271542304,466.1376617694247,666586
2019-03-22,468.41729736328125,472.7941656831773,465.4537852350839,471.0616286385788,719300
2019-03-25,461.5328674316406,467.4142831777874,457.748695534051,467.4142831777874,391050
2019-03-26,460.1650390625,465.0434415144653,458.4781112091634,463.21974174382035,434584
2019-03-27,458.2046203613281,465.362648354354,455.92499538440615,459.57239534748135,545270
2019-03-28,466.1377258300781,468.87327579896953,458.61496341562673,458.61496341562673,718740
2019-04-01,484.28350830078125,489.66344551345037,479.7698953660631,481.95830195306746,475109
2019-04-02,487.1103210449219,495.49935286330265,482.9157773082756,484.28355242035144,1218766
2019-04-03,485.468994140625,491.988688675801,481.7303755021817,487.83978203434157,478303
2019-04-04,485.1953430175781,490.1193550794076,479.9522057306821,488.6604174006681,701627
2019-04-05,481.0008544921875,485.9704479112868,474.2987795398981,485.5145229307255,598262
2019-04-08,471.0160827636719,485.42330091066117,467.82460792361513,483.87320051227147,727512
2019-04-09,473.56927490234375,475.98569966259373,461.76083410718644,470.514599666472,373410
2019-04-10,473.6148681640625,479.1771303842018,470.0130498684435,474.1619558511607,840710
2019-04-11,470.7881164550781,474.5723159966875,467.7790227612788,474.1619723896003,162079
2019-04-12,468.9644775390625,475.712190285488,466.867233519469,473.38698374952764,848737
2019-04-15,468.1437683105469,473.61486779689574,465.9553062540465,470.5601371907431,346940
2019-04-16,467.049560546875,470.5145792631811,462.71827323776625,470.5145792631811,478902
2019-04-18,475.11944580078125,476.8975644857731,463.31100463857183,470.42345155108467,505695
2019-04-22,460.575439453125,476.66958634876426,457.8398894597318,472.24713612140806,693791
2019-04-23,460.3017883300781,465.4993435516441,454.10122054597207,460.6209413397267,367618
2019-04-24,459.1619873046875,465.0434300510184,453.55411621367983,460.4841807367927,747725
2019-04-25,448.8126220703125,462.8551077857349,445.43876563157806,462.8551077857349,1187245
2019-04-26,450.4083251953125,463.67573175769263,445.57550342840597,455.0131566314427,849029
2019-04-30,449.7243957519531,454.19245483496803,437.6879655678565,445.8946149222538,1042076
2019-05-02,468.2805480957031,474.98267887023803,450.4538920416358,454.1012919771956,2010622
2019-05-03,460.7577819824219,470.5145878616979,457.2927632027936,469.465938126788,673974
2019-05-06,451.82171630859375,460.9402171422687,446.9889219977285,460.484292100585,314874
2019-05-07,446.6697082519531,456.79124836846887,445.6666677309556,452.2775799377064,287311
2019-05-08,435.134765625,449.81552615296863,433.2198753477804,449.81552615296863,654850
2019-05-09,432.1257019042969,436.0010643367649,428.569492531758,431.89773940826933,841679
2019-05-10,433.8581848144531,438.14389060903926,430.25639429363844,431.7609411100522,665445
2019-05-13,428.569580078125,442.06495146875056,426.3811452347072,434.13187168292865,386771
2019-05-14,427.93115234375,431.98889558097915,421.9129651897013,430.2563863145878,506530
2019-05-15,434.5876770019531,438.599811080442,424.5117186995804,424.5117186995804,544867
2019-05-16,427.7032775878906,436.8673877746635,424.01029581979765,433.12879680516966,605466
2019-05-17,436.8673095703125,438.5998188819024,426.42661668008486,428.52388822775833,350387
2019-05-20,453.0526428222656,460.3018330618748,439.4204752517383,460.3018330618748,313393
2019-05-21,440.2867431640625,454.9675325658105,437.5055841880522,454.9675325658105,708852
2019-05-22,442.0192565917969,444.3900719915083,429.48131996851225,440.51470976249306,792441
2019-05-23,448.721435546875,456.33538937561474,440.1956316267283,446.80654478942904,2118710
2019-05-24,460.9857177734375,464.04042058317617,445.2107252251649,450.408280920986,655521
2019-05-27,477.2167053222656,480.0890552653044,457.79431022883944,461.39612908688326,936898
2019-05-28,478.8123779296875,482.59657741654945,473.70604056286714,478.67563383257277,1554663
2019-05-29,478.31085205078125,481.27436421423704,475.8032648355495,481.27436421423704,740288
2019-05-30,482.9158020019531,490.25624000270614,474.3900256293502,479.9979261375832,996626
2019-05-31,483.3260192871094,489.6633871040732,477.30783232209194,485.97040620940794,1424077
2019-06-03,484.1011047363281,492.4444974210698,479.4506371361578,486.9278169924902,757760
2019-06-04,490.2561340332031,496.31990263650215,480.54491007801465,480.54491007801465,1207456
2019-06-06,478.12847900390625,493.03725845519944,475.6208917463852,492.7180775931193,746521
2019-06-07,478.0829772949219,486.8367712999011,475.39300847586713,480.54498359803824,293561
2019-06-10,486.6998596191406,489.11628399443157,479.9521484369347,480.9096353076451,366606
2019-06-11,490.3472595214844,494.26820276696657,484.9217417533074,486.9278225652676,662634
2019-06-12,493.67559814453125,495.0433731054176,486.38079835313755,490.34732347774565,553493
2019-06-13,487.7941589355469,493.76676518585344,484.7850651263373,492.0798649813453,382238
2019-06-14,490.5297546386719,493.12850506747213,485.4689978981648,486.1984668207306,295478
2019-06-17,482.6878356933594,492.3990616716266,480.6361729363943,488.0677736291447,364276
2019-06-18,480.9552307128906,487.7485234551802,478.9491498443427,482.4597496231266,327782
2019-06-19,484.28350830078125,491.39598275953887,480.95528922422045,482.3686455802891,707414
2019-06-20,497.50531005859375,500.6056221480662,482.323041796226,485.1041730105122,687394
2019-06-21,504.61773681640625,506.53259926815167,494.4505885745369,498.7818754269648,1096693
2019-06-24,504.5721130371094,508.21951258747765,498.7818885128599,507.85480602538104,872206
2019-06-25,505.3928527832031,509.5417590724539,501.5174903577117,504.43542143259236,462745
2019-06-26,518.7970581054688,521.3502269226879,504.5265836330296,506.9885897140611,1316795
2019-06-27,519.6177368164062,523.0828115842552,512.5965358460762,519.6633738435446,1110894
2019-06-28,519.7999877929688,523.4018057755394,515.6510821708493,519.7088250713431,825163
2019-07-01,527.140380859375,531.3805049627359,518.1131006544916,520.6662691269364,1163755
2019-07-02,528.5081176757812,531.061341619686,523.4017810977609,528.8728798548804,424857
2019-07-03,525.590087890625,529.7845734390344,520.0733537465742,529.7845734390344,520136
2019-07-04,522.4900512695312,528.827419915911,519.2529948926474,522.4900512695312,348097
2019-07-05,524.9520263671875,529.7848199621958,517.2468831730732,522.0340954016473,876960
2019-07-08,505.1649475097656,521.4870863067935,502.4293972524925,521.4870863067935,389948
2019-07-09,500.6055603027344,504.5720848300594,472.3382153676073,500.6055603027344,2502559
2019-07-10,506.3958435058594,510.408005516409,502.15577466449827,502.4293185163758,599498
2019-07-11,508.7210998535156,509.90649363536704,499.4658007721346,508.8122625848491,563326
2019-07-12,508.7210998535156,515.5599743506237,506.0767127860058,509.268187551323,840324
2019-07-15,502.8852233886719,512.4596474060446,502.20133595885954,510.1800226400035,589582
2019-07-16,503.9795227050781,505.11933524256256,498.18924162171203,501.4719351226125,567943
2019-07-17,503.06756591796875,511.8213020862348,501.7453725240908,504.2529595744156,656858
2019-07-18,491.4415283203125,504.20742727318503,488.75155990997666,503.0676148666785,723958
2019-07-19,488.06768798828125,494.5418004011757,484.60266929328276,489.7090067748695,579344
2019-07-22,490.3472595214844,494.6329649709224,479.8154048273164,490.11929705773656,792612
2019-07-23,490.8487243652344,493.9946172303055,485.6511694996682,488.3411374757404,463460
2019-07-24,484.0099182128906,492.7180736705199,481.1376244064471,488.8427115761125,476682
2019-07-25,481.45684814453125,488.29572382840246,478.63013512382963,483.7364733724883,1724285
2019-07-26,473.386962890625,479.54195056132414,467.095175454169,478.6301005360354,1356495
2019-07-29,470.0587158203125,473.75169751003284,465.0435403847903,468.87332184835327,583615
2019-07-30,467.9158020019531,470.9704769282006,465.13464308935295,470.9704769282006,216924
2019-07-31,466.684814453125,470.24105168143785,456.5176926148197,465.043495599637,754148
2019-08-01,470.0130615234375,474.16196760903586,455.970550220747,457.1559718362406,1368061
2019-08-02,459.2988586425781,469.1468275654486,445.34753686981554,465.0435025430103,1264393
2019-08-05,456.6544494628906,463.4933241722637,447.7183309736241,454.4660151213817,1091013
2019-08-06,453.7821350097656,459.5723879230968,440.42353842630115,452.32316948261445,1308432
2019-08-07,440.7882995605469,458.1590593531119,439.1925620057877,453.00708441435444,632838
2019-08-08,439.8307800292969,442.9766453104374,431.30497837956,437.68792731963805,583859
2019-08-09,442.7943115234375,447.71829535698555,439.5116463585887,442.01923355254326,387709
2019-08-13,432.2624816894531,444.9828003298641,429.0710066870873,444.9828003298641,535974
2019-08-14,433.9493713378906,437.5511896526668,424.92206269589303,432.21686205547917,949104
2019-08-16,427.7032775878906,435.7731565254362,426.28992106614066,435.7731565254362,545392
2019-08-19,430.4237060546875,436.20710538423896,425.658190654988,429.4521062630247,458256
2019-08-20,439.6772766113281,441.2966289083997,428.38809468387257,428.38809468387257,1306549
2019-08-21,446.941162109375,449.94853017739877,439.58466584727506,441.3890979837927,1721523
2019-08-22,446.2933654785156,451.56783716736123,444.1650857383881,446.89486162352415,805042
2019-08-23,451.3365783691406,471.97174021055963,440.18619341810336,446.0158498696582,1305391
2019-08-26,453.187255859375,465.44806472131825,444.627823257641,454.3901918482391,783583
2019-08-27,458.78558349609375,463.59738400704055,446.70985454969826,453.51113918448,1115041
2019-08-28,448.9769287109375,462.11679681951836,446.0620724635993,461.6078689054559,687754
2019-08-29,459.6645202636719,462.5330916142244,446.1544954998688,448.791730906655,638774
2019-08-30,470.352294921875,472.3418069060938,457.304968472028,459.8959201065035,1177972
2019-09-03,455.2230224609375,469.7971914330941,452.9559182140093,469.7971914330941,532959
2019-09-04,465.3554992675781,467.7151434482266,455.26925515687304,456.28713922072586,592028
2019-09-05,476.6910095214844,482.84451356135565,461.1452125518678,467.2062047782295,1173111
2019-09-06,466.8360595703125,479.65205169654456,464.7540355187105,478.7730200575707,995080
2019-09-09,475.8119201660156,476.5521841077609,461.2840073353763,462.6720234055931,502793
2019-09-11,479.1893310546875,482.33552300478027,470.12097184593534,474.42384370731054,503353
2019-09-12,480.7162170410156,488.9980572924785,479.235689204577,479.32820101491063,643887
2019-09-13,492.56060791015625,502.87821626926024,472.8507916855048,482.1042318359061,1391769
2019-09-16,491.26513671875,495.98436837870906,481.9191287259981,490.3860486507342,493322
2019-09-17,481.68780517578125,493.90235720229515,477.29242120067886,491.3576612167096,1067490
2019-09-18,486.5458679199219,491.0338202440718,482.2893080761973,483.44598808574375,385956
2019-09-19,480.4847717285156,488.9979460476201,474.00736508027376,488.0726022407284,348877
2019-09-20,511.15997314453125,523.559547036956,476.7834260001799,482.24297739003225,1483750
2019-09-23,540.6322021484375,552.8930094714444,521.1999792214076,545.952929854648,2809069
2019-09-24,537.7174682617188,547.7112303628212,530.6848752439673,542.0203411929449,2086193
2019-09-25,555.3916015625,571.4000449679199,515.4629766385127,536.6533814643617,4015631
2019-09-26,572.3715209960938,586.2979369269552,552.8005292458715,558.7689528744438,5258318
2019-09-27,547.0171508789062,574.962495655125,543.2232064344432,571.862615717964,3020021
2019-09-30,559.6016845703125,566.0328355233327,546.8782068310123,551.4124142167833,2903317
2019-10-01,592.4052124023438,616.2790751906014,569.0865333967265,587.5934125315794,8702870
2019-10-03,584.678466796875,594.7647369697157,575.8414446611316,587.5933224049311,1868252
2019-10-04,568.901611328125,591.1098724585283,565.6166506649586,585.7428873143866,2227939
2019-10-07,530.9622802734375,556.1316438359224,519.1641463983826,556.1316438359224,3305170
2019-10-09,528.3715209960938,536.2369464399936,520.2747595097263,533.0907536710232,2770455
2019-10-10,524.2073974609375,528.6952934532648,519.2568294496685,519.6269331777112,811503
2019-10-11,522.0790405273438,527.0296078090156,517.2672409437926,526.7982718336382,798696
2019-10-14,535.0801391601562,553.1706020894102,522.4954840298525,528.3251396199415,3189291
2019-10-15,550.5795288085938,553.3555600462842,538.966476093289,543.1305229498246,3221765
2019-10-16,559.5553588867188,562.6089818676031,546.2766426150799,553.3555446658332,1710063
2019-10-17,554.6512451171875,563.9971974131847,552.8468129273808,562.1465093166689,2718516
2019-10-18,565.8478393554688,574.0834233046236,550.7647438948443,554.2810396957085,2556249
2019-10-22,562.5630493164062,585.5115754710058,558.6765921621806,582.874366944137,2847565
2019-10-23,567.281982421875,571.3072616766806,557.6584411769917,562.6090077159869,1076177
2019-10-24,543.1305541992188,567.9760126146484,539.3366107356546,563.534373674491,2699775
2019-10-25,544.3335571289062,553.355660285739,540.1232536180864,547.0170770695222,1076084
2019-10-27,555.9467163085938,558.3989007311462,544.1948351051423,545.9530114622765,215361
2019-10-29,552.7080078125,560.0645045458573,547.2021992395586,558.8153126289848,1160422
2019-10-30,548.590087890625,562.4239899710212,544.5186087708627,557.3345987124379,1751576
2019-10-31,544.4261474609375,563.1643644126839,538.550235353896,542.2516115418953,3399357
2019-11-01,537.3472900390625,550.5796983852223,528.7416018474004,541.7889300916768,2025302
2019-11-04,535.4964599609375,547.0632572796095,533.9696201234718,536.6068837992306,1582095
2019-11-05,533.7846069335938,542.7141981735479,529.620559377275,538.087478666527,811208
2019-11-06,537.0696411132812,541.3262006121603,530.222073420116,534.3861211171326,1184456
2019-11-07,536.329345703125,542.6217299204477,534.6637378426336,536.699505884796,542342
2019-11-08,528.2789306640625,540.5397390927938,525.6416662847344,536.6070269552762,1215210
2019-11-11,538.8740844726562,542.806796681847,520.8298755128395,530.7773240419692,1452164
2019-11-13,533.9235229492188,547.52609193531,532.165346642727,538.5502432520716,1480592
2019-11-14,532.4429321289062,539.429267664987,529.4355642874101,533.9234598594685,771324
2019-11-15,528.0938720703125,538.272656840806,525.8267678029986,533.0906961614428,1025774
2019-11-18,526.6594848632812,534.7099313290131,523.5132931218749,533.9234116329153,1941042
2019-11-19,525.7340698242188,529.8055484035879,522.4027984645533,528.278765115762,1313981
2019-11-20,534.9876098632812,540.9560329636234,528.9265620053351,536.6994735236334,5306743
2019-11-21,534.0623168945312,557.9824369137733,530.4534526713442,557.9824369137733,4868875
2019-11-22,516.4808349609375,532.8131245322533,512.8719703588843,532.2116847509258,1569013
2019-11-25,517.4061279296875,523.2820398261608,512.1779116600885,515.4166157085263,919300
2019-11-26,515.5553588867188,522.4491255237101,513.565846978193,518.1000545248991,2039345
2019-11-27,510.28094482421875,518.6552964778914,509.21677666466053,515.416592574818,1350016
2019-11-28,511.576416015625,515.7867764659827,506.8109282262834,511.25256820183586,1222592
2019-11-29,535.7739868164062,537.3933382446079,512.4553149546044,514.4910823314713,2342285
2019-12-02,529.2967529296875,537.1159208027607,522.8193451141144,536.6069929129542,1275873
2019-12-03,518.4238891601562,532.0727108738774,513.7509140386173,532.0727108738774,810428
2019-12-04,514.3524169921875,522.2178406432814,512.7330650640212,517.2672730542923,670540
2019-12-05,525.2251586914062,530.1757822893337,509.8644730211909,515.3702803504244,1395697
2019-12-06,520.3673095703125,532.9982810085415,514.1212359647436,525.2253668190883,2561979
2019-12-09,517.4986572265625,524.9014095874253,509.17056082059185,520.0433533506091,1183697
2019-12-10,512.2240600585938,521.3849864642988,510.2346047334994,518.1925389908862,1227875
2019-12-11,517.0359497070312,518.8866376701884,510.78987783137586,511.2525498221651,1129844
2019-12-12,519.7658081054688,522.5880964007731,516.3420235354253,516.3420235354253,730744
2019-12-13,534.5249633789062,536.8845791913282,520.0433077513642,520.0433077513642,2211875
2019-12-16,530.2220458984375,537.2546368302943,529.3892138108586,535.4965173365845,777368
2019-12-17,532.7203369140625,537.347055045193,529.5278901078839,532.0725850800056,1106737
2019-12-18,530.5458984375,534.8025142322238,528.3713628804464,532.3503303244748,937922
2019-12-19,526.9833374023438,532.0727287205402,525.6415774863904,532.0727287205402,413853
2019-12-20,538.0413208007812,540.7247847166872,526.2894398159991,526.9834478685037,1630926
2019-12-23,538.4114990234375,544.6575723600366,534.154938303981,541.2338440102045,1833114
2019-12-24,532.2579345703125,543.1307276831022,527.7237259148469,538.4114389129913,736534
2019-12-26,524.9013061523438,532.720473088393,523.7446263238899,532.0727210887574,556086
2019-12-27,530.2684326171875,532.3504568712735,526.6133120754208,527.4461443684643,1061815
2019-12-30,533.64599609375,536.6996205702548,529.2968671830789,529.2968671830789,789099
2019-12-31,529.2042236328125,536.6994869802701,528.3251355911941,535.4965511499822,566412
2020-01-01,530.2220458984375,533.3682376976153,528.3713581291585,530.9623097104474,615465
2020-01-02,529.2967529296875,532.9518729213208,526.0117931189211,532.9518729213208,835523
2020-01-03,527.1683349609375,532.6741414572836,524.3460478764741,531.1935576002624,1086282
2020-01-06,520.2284545898438,525.5954389738017,517.2673422294985,523.7910067168318,944473
2020-01-07,514.815185546875,525.3178753383112,513.3346575262215,522.8656907956723,532397
2020-01-08,511.576416015625,515.0464560712935,503.2483198820204,510.78989619441336,937862
2020-01-09,519.5344848632812,521.8015893288866,514.2600119069917,516.3420362466961,529238
2020-01-10,521.4774780273438,523.0505737553913,518.8402708351041,521.7088139732771,627150
2020-01-13,519.8582153320312,525.0401752944595,517.7299355610841,521.4775672305691,562622
2020-01-14,524.623779296875,528.186331018556,519.8119793185615,519.85823522173,581279
2020-01-15,515.5090942382812,524.2073499982362,514.4912384801753,524.2073499982362,789912
2020-01-16,516.38818359375,522.819335386687,512.7330636701228,521.801479626012,1061246
2020-01-17,513.0107421875,518.7015739669054,511.11374178251526,516.2494462253542,472663
2020-01-20,509.8182067871094,514.8150297030794,508.15259914845274,512.6404942412925,393683
2020-01-21,510.37347412109375,512.8719142276489,508.93920221056715,509.4018742125768,327726
2020-01-22,509.2167663574219,511.6689504258046,505.51539054311604,509.864518420628,628321
2020-01-23,511.6227722167969,513.8898200645137,506.4408114027494,508.06016356741645,1063748
2020-01-24,519.4418334960938,520.9686736924602,511.2525616608957,511.62272185350446,1002863
2020-01-27,527.6312866210938,531.6102554795428,515.416731596354,517.267420040147,1280402
2020-01-28,529.0654296875,536.6070058459427,526.5207336986226,531.9339734835556,1132177
2020-01-29,536.3756713867188,538.4576953835953,527.8624953037873,532.0727992017678,902503
2020-01-30,530.0369873046875,541.002346669124,526.0580197351982,536.69947483978,1345292
2020-01-31,524.6700439453125,535.6353476691656,521.0611797817958,530.037027808133,692547
2020-02-03,504.45135498046875,511.6690276114538,499.778322127167,499.778322127167,856408
2020-02-04,524.0685424804688,525.5953826446981,506.995991167163,507.08850297411016,779973
2020-02-05,550.1170654296875,555.2064579609967,510.7899413241169,524.207430724841,2991672
2020-02-06,541.1412353515625,557.242245787812,538.8278750290281,554.697549433024,1073812
2020-02-07,532.2579345703125,544.4261755285771,530.2221662662561,539.4756072133112,782279
2020-02-10,529.7131958007812,532.9056439670279,520.8761717012126,527.0296755500772,739211
2020-02-11,531.7952270507812,538.4577153839592,528.278931021151,532.9519070920095,836442
2020-02-12,528.5565795898438,533.738484138573,526.7058913255086,531.5176921084849,526605
2020-02-13,523.7447509765625,530.175903649099,522.3567348520663,528.2789595746583,446752
2020-02-14,518.3777465820312,524.6238189011722,516.3882342889716,522.8193867132721,684950
2020-02-17,510.18841552734375,520.2284322812153,507.8750554197953,519.7657602597056,551122
2020-02-18,496.0615539550781,511.85584609232404,492.54142725182805,510.7442122544436,799197
2020-02-19,513.569580078125,520.1466567730415,496.0151980740366,497.5436449757927,1032847
2020-02-20,509.5400695800781,518.757286241851,507.64105867952566,510.7906791048741,539812
2020-02-24,507.6409912109375,522.4163196901417,501.38811403817505,508.5673433846801,777678
2020-02-25,502.08282470703125,510.3736870872317,500.6006840028803,507.82621888069235,601461
2020-02-26,477.8123474121094,502.2680626807249,472.578464297659,495.9688804266993,1684463
2020-02-27,475.2186279296875,482.9536453589187,465.5382371638515,473.45856459135985,1504002
2020-02-28,472.1153564453125,491.1982159387088,455.95052877153125,468.8268176984753,2747757
2020-03-02,459.6095886230469,484.9916305014241,454.8388809634833,476.1449792570884,729206
2020-03-03,453.49560546875,472.7637438258316,449.28071522158615,462.3885902281708,1337625
2020-03-04,443.6763916015625,464.472981253161,434.32022885190054,456.32109330950965,2246982
2020-03-05,431.8190612792969,446.96492501409017,427.9747054020926,445.9459319662707,2296805
2020-03-06,411.6245422363281,420.4711930738382,407.59490513384156,417.0437074244982,1328003
2020-03-09,386.5204162597656,401.9905077392261,381.981296594003,394.8112789171454,1748115
2020-03-11,365.58489990234375,386.28887778283934,362.25002623870245,384.3435324565464,2468237
2020-03-12,348.44732666015625,357.0160833367639,325.14957767451915,350.1147773538335,2759835
2020-03-13,359.98040771484375,372.5324665250145,278.78565721693695,316.81239707876256,1918709
2020-03-16,328.716064453125,358.7298683104391,326.0759551846986,350.1611109653866,1911154
2020-03-17,316.3029479980469,340.8049450218329,313.1070218223243,330.70771239813547,1059684
2020-03-18,276.42340087890625,319.5914050062124,269.9852721458634,315.8859974119375,2805857
2020-03-19,264.84405517578125,282.07420959310855,250.3003444182155,268.6421043743891,1787595
2020-03-20,307.45623779296875,326.4001484034495,267.2062584375032,267.2062584375032,3786936
2020-03-23,277.11822509765625,287.5860207910546,263.5471724848654,279.75833423701005,1900207
2020-03-24,258.77642822265625,303.8434458654664,251.04138362665057,283.5563433961356,2463399
2020-03-25,264.7514343261719,266.69677950373085,244.00115172893226,250.11508159982162,2323539
2020-03-26,283.1858825683594,291.1988235496241,254.74685834673198,263.0840282562614,2537652
2020-03-27,286.4280700683594,325.65905744102537,283.46373214963563,301.38865027780804,2980083
2020-03-30,281.8426208496094,291.2450888246059,270.7727021655847,282.7226666352094,1414245
2020-03-31,307.2247009277344,310.003757522775,286.3354701630227,286.3354701630227,2472904
2020-04-01,294.1168212890625,312.8291468964083,288.37342638422655,309.4016324741634,1305776
2020-04-03,282.0742492675781,305.69623073333594,279.75836873171954,297.35906080424496,1536089
2020-04-07,304.9551086425781,310.2816329733004,289.39237711428115,291.8008981178294,1479799
2020-04-08,309.16998291015625,327.88230479429944,303.9360997148946,305.46457487527795,1536264
2020-04-09,346.687255859375,356.36764612190706,311.2542898296593,311.2542898296593,4174364
2020-04-13,354.0517883300781,369.42921076525374,348.3083939306591,352.01380237673,2845404
2020-04-15,355.30230712890625,369.42917548026315,352.6158919160949,354.32964881272255,1724865
2020-04-16,343.72296142578125,357.57193767751886,339.6933521016528,356.64558550736984,1818967
2020-04-17,349.14215087890625,365.8164910688569,342.8892733076747,359.5636134976254,2008707
2020-04-20,343.02813720703125,355.30230131133663,341.45335575566054,352.01376299139855,1953729
2020-04-21,338.8132629394531,346.4093610720781,334.5520378472493,340.24909731170754,1414222
2020-04-22,339.97119140625,343.53765233794905,332.0971992347156,336.26578332552793,808825
2020-04-23,340.7122802734375,346.08513924516336,336.1731607813051,339.97120992493404,547744
2020-04-24,334.5057067871094,348.8641625266916,333.02353795998744,340.89752981717766,934149
2020-04-27,332.2825012207031,350.1610849930261,327.9749414480254,335.33945176580806,752243
2020-04-28,330.8929443359375,340.8512282946448,326.4927723541831,331.7266554784765,1231881
2020-04-29,339.13751220703125,342.8429206370015,330.9392904017175,333.48675869732205,1320934
2020-04-30,345.5756530761719,353.77387513494807,341.9165791004632,343.67664250510995,1463249
2020-05-04,322.6947326660156,343.67660031995496,317.0902859683277,341.82389627510344,989252
2020-05-05,311.2543029785156,340.75862276902524,308.7531410215722,326.53911249978205,1824014
2020-05-06,325.56646728515625,327.9286539078389,301.85184711126266,314.0333719625915,1552800
2020-05-07,332.9309387207031,339.83227316614,319.8230621740896,325.566456495797,1208478
2020-05-08,332.3288269042969,339.55436221608824,330.10558744451674,331.58775650771133,786847
2020-05-11,338.0722351074219,342.14817899367563,330.42982971943684,332.5604283983804,1107637
2020-05-12,335.6174011230469,347.3820857346027,332.9309853140379,339.87862702872997,1266333
2020-05-13,352.4306335449219,355.7191718727164,338.11848368109764,346.45565177186444,1959743
2020-05-14,350.57794189453125,365.81641603609467,346.7798928651677,354.5149380763062,2553969
2020-05-15,350.48529052734375,357.4329306398059,343.86187927413386,351.04110739034473,1983342
2020-05-18,323.760009765625,353.49591331226543,318.15559172003566,352.8474556327676,1826005
2020-05-19,324.7327575683594,337.9332766283744,322.27792985330916,328.8550362319535,2538310
2020-05-20,324.9180603027344,328.29924045088126,315.97876650721355,320.147351742744,1422453
2020-05-21,332.60675048828125,335.33950082232997,324.50116863138794,328.8550353368153,1830218
2020-05-22,322.6947326660156,338.1184881854004,319.869342035605,331.3561297297005,1839833
2020-05-26,325.3348083496094,329.5960046014525,317.3218415581688,324.68635069214594,755150
2020-05-27,324.3622131347656,329.31820299702406,314.311286235985,328.85502690279475,1211102
2020-05-28,325.7516784667969,333.4404171071897,321.6294289867853,325.61273131938435,1313121
2020-05-29,348.40106201171875,358.31301341723236,320.6568027964672,326.07596872617717,5144624
2020-06-01,365.35321044921875,382.58336270443937,352.0137477667965,352.0137477667965,5182486
2020-06-02,362.713134765625,371.4671729677615,357.75717390189743,366.9280535655512,3089307
2020-06-03,360.8141174316406,375.35785568105257,357.8961141770191,364.98270158682004,2598118
2020-06-04,361.64788818359375,367.5765365269264,357.2477152949447,362.2037051498492,2283389
2020-06-05,372.94940185546875,379.7117616161884,363.7321861455594,364.51959117058107,3315528
2020-06-08,381.2402038574219,389.02158428510273,371.745094622953,378.87801725831935,2611698
2020-06-09,388.6973571777344,402.91686794586974,381.24020561189286,395.5523572465028,8761201
2020-06-10,379.85064697265625,391.4763821676218,377.812689423713,389.9942132329224,1775388
2020-06-11,361.1846923828125,379.80437598126457,359.6562170115268,379.80437598126457,2555278
2020-06-12,365.4921569824219,368.22490659091534,338.21110853788593,342.75022751858785,2082575
2020-06-15,355.58026123046875,369.336595646517,353.86650418186616,362.57420831663,2062849
2020-06-16,350.6706237792969,364.24170650370274,345.2977921775032,358.45200509227584,3319565
2020-06-17,356.182373046875,362.8057847330141,346.50198254942586,349.69790851806323,1534928
2020-06-18,371.0040283203125,373.4125495139747,354.839172332679,356.6455702954315,2314004
2020-06-19,378.92425537109375,381.6106986529667,369.93865838178505,372.39348540520376,2254559
2020-06-22,385.3625183105469,387.2152227255014,376.2379434128905,379.80440506568317,1198721
2020-06-23,390.4574279785156,395.3670830246843,384.6677270891545,390.9206040496645,1561486
2020-06-24,386.9835510253906,397.0807822503256,384.5750301525572,392.1711279199504,2099508
2020-06-25,394.811279296875,398.0998179685948,380.3138462068404,386.2425223074404,2307219
2020-06-26,401.85150146484375,406.66854335473033,391.84691079510463,397.4050230049643,2228557
2020-06-29,387.16888427734375,403.0558176625162,380.12860243105064,403.0558176625162,3284690
2020-06-30,387.1225280761719,393.6996334896504,385.3624647804578,390.8279363913686,2304139
2020-07-01,382.5834655761719,388.9752902187177,372.67148554742283,388.9752902187177,1327093
2020-07-02,391.3374328613281,393.46803125759874,380.7769969284506,388.975218183702,1156613
2020-07-03,398.28509521484375,400.09146484108084,391.93957769954886,393.09751782022227,923889
2020-07-06,399.7209167480469,415.19100756866817,396.5713253755312,399.6282758873802,2893276
2020-07-07,398.3314208984375,400.87888928790426,392.7733080486919,399.7209491108739,1001696
2020-07-08,403.51898193359375,413.80149593632063,387.40046098689845,400.18410870703065,3436552
2020-07-09,396.5713195800781,410.37395951705383,393.79226342082046,406.4832695860846,1590266
2020-07-10,398.4703674316406,401.9441879572042,392.5880256876815,396.01553991424714,1881859
2020-07-13,394.11651611328125,405.60327661178667,391.2911252185937,402.9631674469229,1275777
2020-07-14,392.1248779296875,395.55239240372543,387.6783986439323,392.07857162734615,1282535
2020-07-15,399.21142578125,414.35725912680067,386.56669772942917,393.1901374784862,2609852
2020-07-16,398.2386779785156,400.18402263142167,389.2993877566087,399.21136443997693,1666639
2020-07-17,415.6078796386719,426.95569329037204,398.88723491295167,401.8978793511578,5518921
2020-07-20,413.3846130371094,438.99824223011024,410.6518631107041,437.2381789434524,7216161
2020-07-21,423.2966003417969,431.5874346148254,414.07938570544525,414.07938570544525,4376897
2020-07-22,418.3869934082031,426.12204044861284,413.24574966297547,423.8988006741908,1414955
2020-07-23,417.7848205566406,424.3155919203035,415.2373521386123,419.0817079154502,956982
2020-07-24,415.37628173828125,418.8964367290432,409.91080992659784,416.8584507728114,799340
2020-07-27,410.4665222167969,414.35718313689915,404.39890046244636,412.78240190853006,1581583
2020-07-28,419.6374816894531,425.1955940297108,411.39295403874183,412.22666523577624,1341289
2020-07-29,417.6921691894531,430.2905637941587,413.8478135092366,422.27762353466613,1578809
2020-07-30,416.8121032714844,423.80604972394804,412.41193117052535,418.7111136070481,1828510
2020-07-31,417.8774108886719,420.1006501306181,407.27066872290044,414.0793618707525,1333011
2020-08-03,418.61846923828125,422.0459829961707,411.022399689745,415.1909837504117,935586
2020-08-04,422.0922546386719,430.05888695462426,417.32154781488043,420.2858853226824,1863388
2020-08-05,424.1302795410156,432.6063949005884,422.55546979332655,423.3428746671711,1266857
2020-08-06,425.01031494140625,429.64207525362747,420.146966613574,426.49248389532136,734437
2020-08-07,422.3238830566406,428.4378120830734,416.0247005869949,426.1219320177595,1068577
2020-08-10,357.9424133300781,406.5758941703067,338.9985315648011,401.110422929885,18122379
2020-08-11,349.5126953125,363.1300848005308,348.30844868622347,360.8142041576703,6722936
2020-08-12,335.9878845214844,350.53159408125794,334.5983565098488,350.1610589321591,6927064
2020-08-13,349.32745361328125,351.5506934514587,338.1185852695189,338.1185852695189,7011834
2020-08-14,351.6432800292969,356.64557596018824,344.9735332747591,352.0138152334326,4329309
2020-08-17,357.3403015136719,359.98041049707064,348.77154509370695,354.7928333888174,5391429
2020-08-18,363.68585205078125,364.9827393793427,356.7382110727481,359.1467322658043,3333309
2020-08-19,364.33428955078125,368.64184966741936,363.31532480106273,364.05639521358967,2585539
2020-08-20,364.0100402832031,367.1596315207009,356.9234246613076,362.20364252271594,1926477
2020-08-21,365.1216735839844,369.1513108622062,363.3153039558315,365.8164376571253,1376188
2020-08-24,363.7321472167969,368.41024229417417,359.3783092991651,367.76178451472856,1334318
2020-08-25,364.33428955078125,365.6775114772634,358.12774710330194,364.519571288925,1877395
2020-08-26,364.7975158691406,366.37232605018676,361.32369482568123,364.10275166044875,2160596
2020-08-27,366.372314453125,368.1323780720929,362.85218721518925,365.677550266425,1315767
2020-08-28,378.9706115722656,382.4907378895068,365.0289969102542,366.2795777732282,5527399
2020-08-31,364.0563659667969,390.8742698822834,361.36995059967217,382.53710119602084,5608228
2020-09-01,371.9766845703125,375.8673748042064,361.46261056519074,367.8544345751393,2272872
2020-09-02,367.8544616699219,375.8674024891922,364.9827642162458,373.2736276555641,1403646
2020-09-03,371.0966491699219,377.67375459667466,368.6881281061786,368.6881281061786,2164330
2020-09-04,362.8521423339844,371.1893115431592,359.6562161624579,366.8354452036918,993434
2020-09-07,357.2477111816406,367.2523316489712,354.4686546523863,362.85215881098515,1461789
2020-09-08,359.7024841308594,365.81641322008505,356.18235770343705,359.4245898281757,1494140
2020-09-09,347.47479248046875,354.74666450767626,342.28721336277755,354.74666450767626,3269239
2020-09-10,340.4806823730469,349.6515902222086,337.19214392573554,349.6515902222086,4485395
2020-09-11,355.533935546875,356.6455694088861,343.07451638278644,344.9735269378633,3692153
2020-09-14,355.9045104980469,362.203693865967,349.2810699507188,357.8961619842257,2324823
2020-09-15,360.1194152832031,361.87947879714164,353.21808013246664,356.6455945569986,1415179
2020-09-16,358.6835021972656,361.64781160623966,355.7191645182723,359.5172133351015,1545339
2020-09-17,360.2120056152344,363.87107930474997,355.7654987475666,358.7761429545204,2620870
2020-09-18,360.62884521484375,367.11330962701936,359.05406367675675,360.304644610252,2125625
2020-09-21,352.7364807128906,361.5420920088685,346.6797188622266,361.5420920088685,1833235
2020-09-22,345.4217834472656,354.08760018236455,338.8525095924675,353.1557907082004,1147364
2020-09-23,351.3854064941406,353.5285572034568,346.58659273262145,349.4286006432241,2567644
2020-09-24,345.79443359375,352.6898166601632,341.0422005221129,347.984191115016,2226095
2020-09-25,349.6614685058594,354.08756304390823,342.95242962092755,346.81946128236996,1176532
2020-09-28,354.3671569824219,362.93981613218773,350.63991881931855,350.63991881931855,1541157
2020-09-29,349.3353576660156,359.67844826456405,347.2387864002248,356.32392855198515,1380024
2020-09-30,340.0638732910156,349.5683127068038,337.3150240135159,349.4285469753272,2170449
2020-10-01,331.9571533203125,344.3502090029759,331.07192287016335,341.9741060169956,2242160
2020-10-05,328.5094299316406,334.4264259814415,327.06513657211804,331.5378108258269,2883385
2020-10-06,335.8707275390625,337.2218341792676,327.34464832454387,329.8605452135113,1592783
2020-10-07,339.03887939453125,339.924081323993,330.7923599452034,335.45140726837525,1544189
2020-10-08,341.0422058105469,342.3467331509248,337.31496858857366,341.97401511604016,1083964
2020-10-09,344.6762390136719,356.8829459866909,336.2433765993161,338.24676081767313,2863357
2020-10-12,345.28192138671875,352.2239119789178,343.8376283603721,347.51828643424784,1735101
2020-10-13,338.805908203125,343.8376733452545,335.6843409827315,343.65130008805585,1897235
2020-10-14,339.97064208984375,341.97402647589104,333.82069478198355,337.5945112199665,938310
2020-10-15,333.49462890625,343.37181572430393,331.72419646635603,341.0422918727144,1037468
2020-10-16,345.5615539550781,346.5399425418397,335.91732007692883,339.1786532815592,1711123
2020-10-19,356.8363952636719,359.5852157326714,345.6546832734158,347.5183019384585,2033332
2020-10-20,357.3022766113281,360.8431404691963,352.456857023818,355.9977208816861,1323005
2020-10-21,365.036376953125,366.57385696325247,356.9296228101699,359.0261942157718,1534158
2020-10-22,368.95001220703125,370.2079323826983,359.02621749448303,365.2693530150318,1102171
2020-10-23,359.2591247558594,369.46244968418597,357.53530000973984,368.1113145969685,1543910
2020-10-26,358.5135803222656,362.4737693186779,353.90111352829115,359.2590162881431,1243433
2020-10-27,370.11468505859375,373.46917596810914,353.481882479894,358.4670681878747,2381246
2020-10-28,363.2658996582031,373.6555687631829,358.7931974838862,372.3044337608592,1880141
2020-10-29,357.7216491699219,363.7784107134802,352.8296494616633,360.61026420877874,915022
2020-10-30,364.2443542480469,368.81021544147774,356.7432986043084,359.4921197664877,1341668
2020-11-02,365.4090270996094,367.5055981152171,359.11931405278614,365.2692613858817,965278
2020-11-03,371.6521301269531,374.1214189858738,363.9180961843615,365.3158100784557,1535958
2020-11-04,370.8135986328125,374.30788422702835,368.3442807303115,372.7237967163562,1393413
2020-11-05,379.5259704589844,381.4827759544259,371.0465273730162,372.0249159024534,1778251
2020-11-06,352.27056884765625,371.79198917786346,346.5399461303489,368.99656068780433,13573170
2020-11-09,354.4602966308594,357.30233241538195,349.66148381938564,355.0193879685168,3100541
2020-11-10,361.6352233886719,362.8465641990799,352.7830343441913,355.9511805254292,2457889
2020-11-11,372.9566955566406,380.17821808147255,360.23750350666904,362.28746703242433,3859064
2020-11-12,372.3975830078125,375.23961844963316,370.86010334207384,373.375999839874,1905529
2020-11-13,372.5839538574219,375.5191474616832,366.2010544725596,371.32600561657756,1652461
2020-11-14,384.5577392578125,387.4463255622018,372.72374885697735,376.26461309649255,923318
2020-11-17,381.1565856933594,388.4247153506532,374.5407623622221,388.4247153506532,2992236
2020-11-18,382.6562805175781,383.73417981224225,371.17424883027786,383.1249348721618,1896679
2020-11-19,382.6562805175781,388.98311430445784,378.34465473452985,380.35986273836136,2169845
2020-11-20,384.2966003417969,392.07625178500734,382.60945597717586,384.2966003417969,2623059
2020-11-23,386.499267578125,392.59177443412625,384.2028497060289,388.04582128992365,1601718
2020-11-24,385.18707275390625,390.3891252865548,381.10977364768144,388.46765363866723,1608608
2020-11-25,374.5954895019531,387.43663264533285,373.65818061862313,385.1870970462203,1877065
2020-11-26,381.8597106933594,383.35941093133073,368.6436470406163,376.79824741905855,2197699
2020-11-27,380.5942687988281,387.99903201949843,372.67402572742424,382.65635982814854,5685513
2020-12-01,383.9685974121094,387.1085880481496,372.48656302085067,383.82800679350424,3164488
2020-12-02,384.109130859375,387.5771848255695,379.61006010726874,387.1085304303753,2200909
2020-12-03,391.420166015625,396.38789128258867,381.48468687730275,388.9831573810335,5670711
2020-12-04,386.7804870605469,394.2789577796827,383.4061695160566,393.6697127546321,2617938
2020-12-07,384.6246643066406,389.4517988117072,383.35929173041694,386.17121807562785,2571744
2020-12-08,379.1882629394531,387.9989885276613,377.45426454598135,384.3903439330519,3399029
2020-12-09,378.1572570800781,383.03124580991647,376.235756825215,381.5315459682757,2934474
2020-12-10,377.03240966796875,380.547317153997,366.53454120127475,380.17239940969876,2098666
2020-12-11,375.7202453613281,383.73422431230017,371.17429187381276,380.5473800524444,2878119
2020-12-14,378.6727600097656,382.5157318594566,376.04830677818853,377.4542699960466,2631263
2020-12-15,387.0148620605469,389.779934921428,377.54803588776,381.484744943184,3714347
2020-12-16,382.2813720703125,391.4669862022332,380.78167237822134,389.9204325152986,3238410
2020-12-17,383.1249694824219,391.32642142852876,379.70379810578186,385.0933236703664,2958532
2020-12-18,379.8443603515625,384.1091036034506,373.3769358776827,383.1249408851356,2096819
2020-12-21,355.61492919921875,382.04704703197933,345.8669240524931,380.5473473314694,3899926
2020-12-22,362.08233642578125,363.5820360544722,342.16452671264335,358.051920490291,2682621
2020-12-23,367.28448486328125,368.1749111233441,358.5674952468362,363.67584000829896,2191218
2020-12-24,367.6125793457031,371.5024057431338,365.5504882267669,369.7683784755373,1378601
2020-12-28,367.8937683105469,372.5803131297895,366.67527809930357,370.002713479206,1652125
2020-12-29,372.5334167480469,377.688615462815,365.7847815342283,370.1432619994712,1845094
2020-12-30,373.8455810546875,376.32944339106024,367.56560131723944,374.07990822989984,1596712
2020-12-31,374.2674255371094,377.9698070666882,371.59611810409865,373.2364086493354,1601573
2021-01-01,378.1103820800781,380.0787363740411,374.2674100974639,375.34533815195505,1345602
2021-01-04,387.8583984375,392.49808877945765,378.39160174687396,380.45366409543556,4721177
2021-01-05,389.170654296875,390.8109448195062,382.6094922063504,387.85839899525274,2757851
2021-01-06,406.74517822265625,417.0086927485795,390.8577821123044,393.66970860232095,11715662
2021-01-07,404.26129150390625,414.2905075399576,402.38667382272996,410.68186278281416,3263640
2021-01-08,414.80596923828125,418.93015055585283,406.6045178069168,409.55706320572205,5146410
2021-01-11,411.9941101074219,417.61796343308464,405.8547483353322,417.1024549866578,2661411
2021-01-12,417.6647644042969,421.60144380016806,408.24479476237923,414.2435933540924,4222486
2021-01-13,411.94720458984375,422.30445506098226,405.85469758225787,419.91432913822524,2745987
2021-01-14,420.1954345703125,422.6793252475596,413.2125026524417,413.35309322177545,3761138
2021-01-15,405.6672668457031,420.1487003058104,403.1834040650534,420.1487003058104,2566735
2021-01-18,398.4968566894531,407.30755426542703,394.7945038496899,405.66726375803415,2097777
2021-01-19,409.6039733886719,412.9782910184739,400.09029414411634,400.09029414411634,1664611
2021-01-20,409.36962890625,416.16511788065253,408.01051966961137,409.97887392100705,2707904
2021-01-21,401.40240478515625,415.8838339827333,397.6063164268417,409.6038549704922,1176261
2021-01-22,401.7774658203125,408.2917743044404,397.700166267159,401.1682207386685,2695024
2021-01-25,394.8414001464844,403.04285356198994,377.7355115941441,401.9180713661037,2142180
2021-01-27,405.8078918457031,415.5090158895,394.60703926564395,397.13778468844134,5402116
2021-01-28,409.7914123535156,414.1967464815591,397.51266154584806,401.7774050769827,2040445
2021-01-29,406.3233947753906,428.7719536332291,403.98012260252216,412.4159024248486,4558422
2021-02-01,425.58502197265625,428.3500941975265,399.4809964461024,409.60391939675947,2609450
2021-02-02,427.03790283203125,433.78650915315256,421.92955833659505,427.4128206380277,1988474
2021-02-03,435.3331298828125,443.9095005937031,430.22478493797723,430.22478493797723,3880608
2021-02-04,448.9708557128906,451.5953085634017,431.5369086219503,435.28614332518947,3748605
2021-02-05,437.5826416015625,460.6872989940149,432.8023607537871,458.2971728723252,4967630
2021-02-08,470.9508056640625,483.1826737418613,440.7225976559635,440.7225976559635,8821777
2021-02-09,470.76336669921875,476.99646478829436,467.3890491413715,471.4663483319204,2645701
2021-02-10,468.8887023925781,479.1990986470876,462.70245891899384,474.27822770743535,1834353
2021-02-11,469.5447998046875,475.2155059387285,461.4370567508195,466.7797277267984,919182
2021-02-12,515.0510864257812,537.1246929737019,464.530157554576,468.5605731767528,14059902
2021-02-15,510.1772766113281,514.535786339322,500.5698593735105,508.95878635463345,2657865
2021-02-16,503.4753723144531,512.2391854491467,495.46133746126156,510.8800764430698,3175417
2021-02-17,507.59954833984375,531.3134485636289,499.1169154901719,499.1169154901719,5953486
2021-02-18,521.2373657226562,528.2203272545337,508.16195460952605,508.16195460952605,3794478
2021-02-19,533.2818603515625,550.6689273829162,521.6123541933496,521.9873006018921,9880580
2021-02-22,514.77001953125,533.2818688753277,510.1303293931281,533.2350148757084,2299939
2021-02-23,522.362060546875,535.203199543348,513.7857213593179,521.7528442947267,3149822
2021-02-24,544.9044189453125,557.6987062667102,530.2355713326446,532.391370015952,3900108
2021-02-25,539.1400146484375,559.5733343435119,535.6251067693953,556.6207888416016,4200415
2021-02-26,522.8776245117188,549.2160327579451,515.7072474314604,530.5167131409895,4612425
2021-03-01,527.2363891601562,537.0781350911459,521.3782070583767,527.611335698194,2068440
2021-03-02,536.421875,545.513782822128,532.9538206090281,536.0938397667007,2410011
2021-03-03,542.0925903320312,551.1376442824298,537.5466649591386,538.9526283374101,2596642
2021-03-04,576.9605102539062,603.5801072031503,538.9994979418691,540.8272618282824,15871139
2021-03-05,554.3245239257812,585.302572611595,551.1845046859079,582.7249730548378,4647321
2021-03-08,559.8076171875,582.9591533584843,555.7772012472452,566.8842863816005,5825950
2021-03-09,547.24755859375,566.5561485042347,542.7953431068664,566.5561485042347,3375768
2021-03-10,537.6871948242188,556.5739320750039,532.0164310405568,556.5739320750039,2596632
2021-03-12,540.9678344726562,560.8856478595907,534.2660532024764,553.0122305078264,7816657
2021-03-15,525.4083862304688,536.6092367627314,518.331716907931,527.2830036514739,3483548
2021-03-16,522.2216186523438,530.5167786146582,519.2690730609905,529.5794698185192,1898170
2021-03-17,505.3031921386719,522.5496983395855,503.19424716779463,517.5351187367949,2364082
2021-03-18,511.4894104003906,522.830823704157,494.805325632759,517.3944442462259,4099158
2021-03-19,525.4083862304688,527.8454232030456,495.1333263229919,506.28732286148613,2726319
2021-03-22,525.595947265625,531.5947468990307,516.3165665971238,524.8929656152474,1962206
2021-03-23,533.23486328125,539.8897311813998,523.0181770819811,523.0181770819811,3483961
2021-03-24,523.72119140625,541.0614008756293,520.4406112363674,528.6420616610739,1929662
2021-03-25,515.4730224609375,529.5795094569253,511.2082785610518,526.2052204217789,2464529
2021-03-26,552.4498901367188,555.2149056326566,515.9416969346744,515.9416969346744,8163393
2021-03-30,560.3230590820312,571.898854399215,550.6687921256683,552.4497013156276,6813462
2021-03-31,560.5107421875,576.7730292988861,551.9812537768613,553.1059787299322,3786964
2021-04-01,561.072998046875,568.0091057197061,556.1521270814815,567.071796964393,2350611
2021-04-05,542.3269653320312,569.6963996149497,538.1090748256884,559.1048193407823,1681325
2021-04-06,540.3585815429688,556.6208680953058,535.3908558083571,547.388398301984,1625567
2021-04-07,547.9976196289062,570.1180847009043,542.7018019594304,543.6859647699305,4420444
2021-04-08,553.10595703125,563.3226468882826,549.7316678868182,553.0591030281763,3631511
2021-04-09,550.5283203125,559.6202274365623,543.6391232717963,553.1059196038749,1810213
2021-04-12,529.81396484375,539.562002294942,517.3946193609023,538.9527285009399,1875008
2021-04-13,537.7341918945312,539.6556639283298,526.2053024829379,535.2034461191079,1136424
2021-04-15,529.0640258789062,548.9349862197132,524.2837161109333,545.3731665934133,2184542
2021-04-16,532.391357421875,543.63906215614,524.8928875990317,529.110776874381,1482339
2021-04-19,517.2538452148438,526.5800793395385,508.02137629665845,526.5800793395385,1062008
2021-04-20,514.6762084960938,537.0779103633498,511.8642822638249,519.737698597692,1669540
2021-04-22,516.2696533203125,518.5192172267556,510.13029238699437,516.4571265139805,1077666
2021-04-23,515.0043334960938,527.5173831386047,510.5989706781317,515.5198418962322,874849
2021-04-26,520.487548828125,524.705438295466,516.7383137460441,520.1126596451893,992700
2021-04-27,528.0328369140625,538.9525062281106,515.5197885660189,521.0499328177858,1675512
2021-04-28,527.9859008789062,536.1404967999613,524.9865020424662,530.5166454349267,945136
2021-04-29,522.362060546875,535.6718538336661,520.2999702277199,532.391273801439,1159710
2021-04-30,552.9183349609375,567.0716711423021,516.7381907082471,522.8775502515867,6493359
2021-05-03,536.6092529296875,559.4326978345365,534.6877814570238,553.0121558576692,1500804
2021-05-04,533.9847412109375,552.0747864385606,531.4539964527401,541.7643914456504,1334378
2021-05-05,532.6256713867188,541.3894848911788,529.5794180967815,538.0151964381462,979546
2021-05-06,541.7644653320312,555.6366235908173,534.2659952236295,535.2033039871797,2641309
2021-05-07,538.0152587890625,548.1850365289984,534.4534967405793,545.3731100893343,1588585
2021-05-10,543.5453491210938,553.0121443010386,542.1393860423623,546.4509832669584,1196044
2021-05-11,574.1016845703125,592.332353587406,539.5149642816612,541.3427280253172,10155865
2021-05-12,560.1826171875,584.8806807423852,556.4802360519404,579.7254824345597,2993662
2021-05-14,536.8436889648438,561.4480483455983,530.1888184539489,560.32326618929,2120375
2021-05-17,531.5478515625,542.7018502984383,528.5015976532255,539.8899236129542,1792475
2021-05-18,570.1649169921875,573.6329709051033,536.3749470595513,537.2185478414561,9015134
2021-05-19,562.1510009765625,575.4607985189753,557.6987837950057,573.6330347605773,2018225
2021-05-20,554.511962890625,574.0080352028001,552.1218364626687,561.4480721411642,2605955
2021-05-21,549.8253173828125,570.7742033189833,546.1229934020564,557.6987341603566,3020824
2021-05-24,594.4880981445312,604.2829864102705,520.2532307736496,533.3286997938325,24246327
2021-05-25,626.2160034179688,635.2142024678267,598.9403394800912,608.3134277348657,19646926
2021-05-26,624.81005859375,638.2604749610277,621.4826236069991,632.4960026309384,6101756
2021-05-27,625.8411254882812,632.683468595781,605.5015121672216,619.8423260136343,8515098
2021-05-28,625.7942504882812,634.1362645801158,620.3109596191778,631.7461385540505,3714443
2021-05-31,641.0255126953125,650.492308713828,624.4819894532967,626.9658806625929,7592579
2021-06-01,649.695556640625,653.3041722985021,634.5579980575121,640.4630315016672,3851257
2021-06-02,648.1489868164062,658.4125288520022,640.7442249656478,649.6486579009419,4446672
2021-06-03,663.4270629882812,667.3637708310068,649.5549061599547,650.4922148268522,2927652
2021-06-04,668.8165893554688,671.5816613709085,657.7095045107952,662.6772290149787,2180533
2021-06-07,674.5811767578125,701.107005219409,663.3803247914929,682.1733554014047,7207731
2021-06-08,669.3322143554688,684.8447212992348,660.802726863863,676.0339953908668,2623943
2021-06-09,662.48974609375,677.4866845778588,653.6321678598172,670.1756885086118,1523374
2021-06-10,652.92919921875,667.2700676934475,650.492219550632,665.3016851534001,2866714
2021-06-11,643.040771484375,655.2257874133011,638.7291733468888,654.1479164833277,2154202
2021-06-14,638.4010009765625,644.8684545819025,627.2470605786897,641.9628201845985,3786048
2021-06-15,641.7753295898438,653.49168927562,634.1362401912025,639.5257656466597,2573970
2021-06-16,640.5569458007812,651.4297065078979,637.4169265592419,643.9312350660804,2306078
2021-06-17,635.1673583984375,653.8666239920221,629.4497401483621,632.6834670885731,2132830
2021-06-18,645.1965942382812,648.3834675586628,627.0596889002463,636.4327784204294,3641682
2021-06-21,640.791259765625,645.524658323507,634.1363321735254,637.3700593576136,1128467
2021-06-22,659.302978515625,666.4265019255489,644.3060389504931,646.3680723736712,4076890
2021-06-23,654.3822021484375,671.581796810593,652.8356196490971,664.5051263738868,3045052
2021-06-24,654.944580078125,660.6152873619085,650.4923628969142,654.5227796402515,1060936
2021-06-25,655.0382080078125,663.286570912774,650.1642481933369,658.365699892985,1260757
2021-06-28,657.475341796875,665.4893214799805,654.2416146380654,659.8654680590229,953955
2021-06-29,650.7734985351562,662.9116591259867,649.0863541106339,654.2415525909349,517367
2021-06-30,654.569580078125,664.7394149219549,645.665146444366,652.8355816750666,1362819
2021-07-01,643.9310913085938,660.0528127510898,642.8063094016691,656.5847590417321,912047
2021-07-02,636.9949951171875,648.5707923505055,635.0266696519649,646.9305020598915,846824
2021-07-05,650.6797485351562,652.9761664244485,634.0893721459009,642.0564965557163,1197123
2021-07-06,645.9464721679688,656.5849056428314,642.150325233403,652.2733074471823,922761
2021-07-07,649.1799926757812,660.3808432540288,643.2749592171286,648.0552679855875,2119973
2021-07-08,639.0103149414062,654.2415839077397,635.4954067184062,651.1953301144731,1063174
2021-07-09,631.69921875,640.1818511633358,624.341311025561,639.8069047945143,2317086
2021-07-12,641.7285766601562,657.9908635816836,637.3700672871008,639.5727203714126,3462516
2021-07-13,636.8076171875,646.7430675150858,632.7771436084186,644.9153039260028,1568797
2021-07-14,633.90185546875,641.9627445262837,628.8404228691093,637.8385634076589,2763407
2021-07-15,627.1533813476562,639.0103621799485,625.8880371773533,639.0103621799485,1617688
2021-07-16,619.9362182617188,629.8716711432547,616.9836719197134,628.0907610942985,871634
2021-07-19,616.749267578125,622.8886295446282,611.1254140743731,617.4053952619886,1409373
2021-07-20,622.7478637695312,627.9967691054087,616.2335574840704,620.0296459152655,1822387
2021-07-22,626.4034423828125,633.6207313862177,621.6231905177036,625.981641992647,1315679
2021-07-23,621.9044799804688,647.4930025303698,620.7796978138011,629.8247519434565,826880
2021-07-26,616.9835205078125,626.7784089557331,615.3432301000819,622.279338136287,876223
2021-07-27,599.0809936523438,621.2483143433902,589.2392504104246,620.0766782431617,1109916
2021-07-28,599.3152465820312,608.9226614129818,593.6913939980602,604.1892063877766,1506971
2021-07-29,590.5983276367188,605.6421815704751,588.6768557923862,605.6421815704751,1170610
2021-07-30,603.5331420898438,624.0133159055962,601.1429589505881,617.4990084885568,6602645
2021-08-02,647.9615478515625,650.6329121985132,613.4685962063909,618.6237944938395,5654405
2021-08-03,655.6007080078125,659.6779787550938,647.72729052689,649.5550542859036,2841977
2021-08-04,649.3675537109375,671.113130267509,647.258608818337,655.3194991775514,2213237
2021-08-05,655.1321411132812,667.0828309384646,649.5551410864354,651.4297590982288,1864082
2021-08-06,647.0711059570312,662.4429931311023,644.7278339615198,655.1319959468642,1580014
2021-08-09,628.3718872070312,651.2421892324322,626.8721586948258,651.2421892324322,1864257
2021-08-10,620.5921020507812,636.6201160413248,610.8441253515601,628.3718104623573,1584560
2021-08-11,614.5465087890625,626.544049424772,611.2659281428803,620.4983965064787,1863492
2021-08-12,630.808837890625,640.6974345316991,615.8118967223486,619.514278015025,3531889
2021-08-13,624.3414306640625,634.4644124742057,621.6701232028714,627.9969582298136,629414
2021-08-16,633.5269775390625,639.197683771024,625.184907168592,629.6839775175538,1440901
2021-08-17,623.919677734375,639.5258362330553,620.3110042275831,635.4954194980565,1295072
2021-08-18,631.2306518554688,639.0103038117857,619.5611453165975,628.9342337480134,1962740
2021-08-20,609.1571044921875,631.2307186418791,607.3761946182752,631.2307186418791,1384705
2021-08-23,612.2500610351562,621.3419669672007,608.2664990162158,613.9372052720097,1099874
2021-08-24,607.7510986328125,619.1862211633429,603.7206246953241,612.250169799932,1395465
2021-08-25,603.205078125,612.7656395062825,598.0030256290756,608.3134226226804,1509816
2021-08-26,612.1094970703125,622.9354022096961,603.9548991128897,608.0322266959955,2850012
2021-08-27,612.3907470703125,618.577020136992,608.6884226815093,615.2964389862483,996004
2021-08-30,637.2761840820312,639.9474908932032,613.9371754449623,613.9371754449623,2140598
2021-08-31,636.9481811523438,650.4923047020918,630.9025279738014,639.2445991452832,2201566
2021-09-01,645.337158203125,653.6792300452594,633.8551245241297,637.416886795039,2396818
2021-09-02,689.578125,693.3742143600779,642.993864212252,646.7430995720903,5136638
2021-09-03,681.6578979492188,698.2951309345727,678.2366975785716,697.3578220339894,3161373
2021-09-06,683.0170288085938,694.873952449132,673.0346658194667,686.7662645290101,1197604
2021-09-07,678.2836303710938,699.5136433194887,673.0346660355475,688.9220638476717,1839589
2021-09-08,689.7186889648438,695.4831612305271,672.9877490074373,678.6116020632098,2506155
2021-09-09,696.3736572265625,705.7936002099159,680.9080604092138,683.4856598787719,3821406
2021-09-13,694.1240844726562,707.1058468762728,690.3279949239981,696.4205026863958,1543777
2021-09-14,683.3917846679688,698.8573789960437,680.0174960617212,693.608472895484,1237271
2021-09-15,674.9561157226562,690.6560397910542,672.9409359137808,686.5319149580656,1211983
2021-09-16,687.0943603515625,697.3579054828896,673.9251801642441,679.5021802318421,2774056
2021-09-17,678.2836303710938,697.1703709934761,649.6957079937414,691.7339906388867,2284382
2021-09-20,663.6146850585938,685.5008244577291,652.8356329707776,667.3639205673994,1058006
2021-09-21,660.7023315429688,665.7752858763766,644.4501739020333,663.1448884709797,1409360
2021-09-22,654.5961303710938,670.6604501148792,652.9521245613666,665.1177790210216,1019415
2021-09-23,668.82861328125,682.4973371972214,658.5418215763967,660.138867418794,2233951
2021-09-24,657.2265625,677.5652869428906,655.5355964751312,671.6938373160025,1070387
2021-09-27,659.9039306640625,665.1647262175742,652.9051517424583,658.0720270440173,1141958
2021-09-28,663.0040283203125,685.785250689094,655.2067554308366,663.2388862828773,3115104
2021-09-29,661.0782470703125,669.6270545228898,654.7840418005379,662.9571108918349,1044662
2021-09-30,661.641845703125,670.6134084736749,658.306874077009,664.0844029354018,2088535
2021-10-01,660.8902587890625,667.560201507451,650.2277309962554,663.5206563115946,1255262
2021-10-04,664.2722778320312,678.2698361675134,660.6085278014633,664.1783575767756,2187223
2021-10-05,666.1511840820312,673.009083303779,658.5418080936183,667.7951900223505,1460282
2021-10-06,654.17333984375,670.5194768199626,651.495982031025,668.8754710974619,1340297
2021-10-07,652.8582763671875,662.5813745797027,649.2884462540039,658.5418284690377,1638029
2021-10-08,643.5578002929688,658.9645061169746,638.8606408756953,657.6023184182909,1845098
2021-10-11,645.9532470703125,662.910035994526,644.4501792086697,651.0262014454929,1879221
2021-10-12,655.7704467773438,658.9645382722997,640.739535908609,645.9533716485264,1230182
2021-10-13,646.939697265625,661.970605258487,638.8135896966385,661.970605258487,1717145
2021-10-14,636.3242797851562,655.7235746643764,634.1166373903354,652.9052784981972,3084539
2021-10-18,643.1820068359375,652.8581429388126,636.324108803593,643.1349893750958,1245681
2021-10-19,626.9298095703125,649.8989293091533,621.715974375206,643.792622406798,2130322
2021-10-20,633.4588623046875,644.4032659006426,624.9570158342922,631.486078425676,2784461
2021-10-21,624.1583862304688,641.2559957059184,618.1460009756071,638.8134964489557,1416668
2021-10-22,638.9546508789062,643.5108728094334,617.7704149617061,639.3303892483249,3869614
2021-10-25,627.07080078125,646.0003767289472,623.3600332640083,643.9336150564504,2117356
2021-10-26,635.5256958007812,639.8940771773337,626.601092533808,627.0708084952277,1691659
2021-10-27,637.7332763671875,646.3291005673478,635.6665722069985,636.934782245148,1356035
2021-10-28,619.837158203125,641.1622738713561,615.5157943841764,636.9348303073691,1059481
2021-10-29,615.421875,628.8557983557821,595.5998829049195,609.6913627843734,1321021
2021-11-01,626.6478271484375,628.3387925333401,615.1397902350917,624.5810661942884,596587
2021-11-02,631.1317749023438,642.8369045808503,628.5358843185004,631.415009057843,749534
2021-11-03,643.4032592773438,652.2293218534211,632.8309509647785,634.3412642623566,2000086
2021-11-04,648.0759887695312,649.9167230374715,645.6689013182722,649.4447428464493,174389
2021-11-08,648.217529296875,652.2293604466336,644.1112675512059,652.2293604466336,804641
2021-11-09,662.140869140625,670.7308835946453,646.6127129062749,646.6127129062749,2999385
2021-11-10,665.0198364257812,670.9667730497194,655.2026291374009,660.8663892772939,1974732
2021-11-11,646.7542724609375,670.683637465349,642.6480115402583,664.547896939628,967435
2021-11-12,648.689453125,654.1644106958959,646.7543462613331,649.444609752924,688301
2021-11-15,642.5536499023438,652.1348103232837,638.2586429815947,652.1348103232837,961049
2021-11-16,635.1436157226562,648.1230688445522,632.5005386098767,641.7041508235848,645057
2021-11-17,627.969482421875,634.8131934291032,625.8455721092869,634.8131934291032,483272
2021-11-18,616.7364501953125,629.7631486644553,609.7983649098145,627.7336109365738,1210622
2021-11-22,592.9486083984375,619.1906898036091,584.4057227023329,617.34995593498,1916154
2021-11-23,601.9634399414062,609.2319451115623,591.4854469980097,591.8630541294824,1934790
2021-11-24,593.8453979492188,605.361725059742,588.323253274855,603.001824324584,860804
2021-11-25,587.2848510742188,595.6388756503533,583.8393733593399,595.6388756503533,1445024
2021-11-26,570.1520385742188,584.1226399169914,566.3761972591577,584.1226399169914,1596347
2021-11-29,564.7242431640625,576.5237467822001,549.2432713711605,570.1520148284058,1815662
2021-11-30,585.2554321289062,592.1935178348494,565.7626273516086,570.3880562320833,4036435
2021-12-01,595.96923828125,599.9810690575871,582.5650497791768,590.9190743498816,2052399
2021-12-02,603.4265747070312,609.1847090419843,580.0635591043734,596.5828630658486,1653609
2021-12-03,604.8897094726562,613.3853516214709,599.225948040113,606.022473282117,1601872
2021-12-06,594.1286010742188,614.4237463357516,592.0046905235932,598.8484022978311,759744
2021-12-07,600.0755004882812,608.854318676479,595.6388761005554,597.3851793950424,885700
2021-12-08,593.9869995117188,607.9104134851758,592.8070491749851,603.1906121382411,1945693
2021-12-09,603.6154174804688,605.786514619182,591.391120232049,598.7539989530069,920524
2021-12-10,615.6038208007812,619.5684085364115,603.3795216431943,603.3795216431943,1115715
2021-12-13,609.37353515625,617.3971973772603,606.1641048367031,616.972403736725,1127079
2021-12-14,605.6920166015625,613.574060330679,601.9161762302969,607.9102997737805,574501
2021-12-15,603.709716796875,611.1670252054962,600.2170526356884,609.0903013030536,545713
2021-12-16,609.4679565429688,613.2909840205015,603.7097644672089,606.966438842426,501955
2021-12-17,589.9751586914062,610.7422842773437,586.6712978027344,609.7983240234375,957081
2021-12-20,574.3525390625,583.3673465682333,560.0515203847078,582.8481800319403,2068382
2021-12-21,574.966064453125,583.367332251515,571.9926247556452,576.5708081198092,1051138
2021-12-22,579.96923828125,586.8601370304617,572.9839089320537,576.0045934510241,858345
2021-12-23,587.520751953125,591.2493480193974,580.4882381320409,580.4882381320409,954050
2021-12-24,568.5001831054688,591.6744007153313,566.848252311887,591.5800277158934,1114790
2021-12-27,574.1638793945312,575.5326334166579,561.7980219306668,566.3762065544081,540989
2021-12-28,577.514892578125,581.526723801449,573.0310812108806,575.8157755829641,455357
2021-12-29,579.3084106445312,582.8482615435144,574.3998058749892,577.4676766541079,395287
2021-12-30,570.671142578125,579.2139710925807,568.2640555270008,576.0045408960017,620247
2021-12-31,580.1107788085938,582.281875930605,571.8983128459952,572.0399299339633,255735
2022-01-03,585.0665893554688,601.8690713717798,579.6388175660996,584.1226290442742,453839
2022-01-04,592.571044921875,598.9899630770889,581.6683155944128,588.0872337496266,889836
2022-01-05,594.6478271484375,601.1611189194708,590.91917228598,594.6950136424399,917088
2022-01-06,598.7068481445312,604.0402471337043,589.0312546191368,589.9752149630777,1052909
2022-01-07,600.9251098632812,605.0785582701681,594.6949948677159,602.0578737574108,792623
2022-01-10,609.1846313476562,609.7982284624436,599.4618537790229,599.4618537790229,618751
2022-01-11,610.5062866210938,614.7069212216862,600.3587140178054,600.3587140178054,1177009
2022-01-12,619.8043212890625,624.8545435554424,609.1847677195096,618.294007827299,2059079
2022-01-13,632.3116455078125,633.3972226611056,614.5180207934125,615.461980886797,1294997
2022-01-14,653.73974609375,656.052460535137,628.7247961596764,634.1997548109726,2775937
2022-01-17,649.3502807617188,657.4211293979033,647.1791260890891,653.2204947511897,1018457
2022-01-18,642.7426147460938,655.4388351521033,639.6274995507255,649.4447100745025,1340956
2022-01-19,633.5861206054688,649.6334445840188,632.1701802544202,640.0050386739366,748775
2022-01-20,623.4386596679688,632.9726366921107,615.5565557342628,630.5655491874779,628188
2022-01-21,588.653564453125,628.5358833624161,584.311370529023,624.8544731088754,4373737
2022-01-24,587.662353515625,598.8483153605301,579.5915061178787,591.7686145529013,1587007
2022-01-25,586.24658203125,594.4118623579625,572.2287934447933,580.5356332595368,885983
2022-01-27,581.6209716796875,589.2670245632443,566.8951612467047,580.5825811204204,1405220
2022-01-28,598.8485107421875,611.5447322410307,585.2554577107392,585.2554577107392,1564122
2022-01-31,610.0342407226562,614.5180513894766,602.388186631454,607.9103304067941,1193089
2022-02-01,619.4739379882812,625.7512969391346,611.0726683928966,618.2939876302083,1158958
2022-02-02,628.5109252929688,630.2141953509075,617.7707538269539,620.562254681803,1028191
2022-02-03,625.4354248046875,628.5107937328577,620.2782561278714,628.5107937328577,818006
2022-02-04,608.6392211914062,627.1860396764715,607.0305550128205,624.5365024294023,739708
2022-02-07,595.7225952148438,612.4715387646205,593.4042286695637,602.7722984829096,437862
2022-02-08,582.5221557617188,598.8926270707052,580.1091855777736,596.148428661936,1182518
2022-02-09,583.5631103515625,586.6384793658343,579.4941721299492,584.2255090749828,582303
2022-02-10,587.8212280273438,595.533271471686,582.0489631413797,584.7931612722313,1241177
2022-02-11,578.5477905273438,585.3135663697343,575.5197239291903,577.2229933420371,653640
2022-02-14,556.7363891601562,572.4444623000423,544.7661414728565,570.5519275426279,1541957
2022-02-15,566.1044311523438,567.9023621846854,552.9986517113892,561.9408317909074,1112068
2022-02-16,568.659423828125,575.756429555852,561.1365862056183,565.8679233574363,1029921
2022-02-17,567.3345947265625,573.9111645524338,561.1838567717549,568.6593921575212,1067084
2022-02-18,561.7042236328125,571.403463068517,554.3706523521579,566.8140899499483,1520502
2022-02-21,556.9256591796875,565.631330692953,552.6201541190876,558.3923620787167,760162
2022-02-22,543.7723999023438,547.8413367898303,533.7419342143241,544.5767038170524,2185096
2022-02-23,553.755615234375,561.9407924263168,545.5230784747093,547.1790461890732,891349
2022-02-24,528.3483276367188,544.7661000626438,526.1246225680219,539.3723648629002,1933204
2022-02-25,547.5101928710938,559.291231364599,534.9248503391703,539.3723178444399,772903
2022-02-28,567.0032958984375,568.8485284183041,539.4668867883113,546.7531554980931,1242329
2022-03-02,568.9905395507812,575.3305422749924,557.729992866836,563.0763686803558,575424
2022-03-03,563.6441040039062,578.547813017927,560.994509530292,572.0185459666999,808715
2022-03-04,548.7877197265625,562.0827634386004,546.9424869823417,558.2976943245357,740709
2022-03-07,542.7315673828125,548.598435859025,531.8967958651858,537.3851920963464,1676862
2022-03-08,538.8519287109375,548.030733126132,526.1246218998359,539.3723641778893,1106111
2022-03-09,562.650634765625,564.6378311773387,539.4670809180593,540.3187447738774,700987
2022-03-10,561.0418701171875,570.5991461460969,558.5342388270874,566.1043767527404,864553
2022-03-11,564.35400390625,569.5111159770669,549.7341583453702,557.0204302120328,1135613
2022-03-14,566.8615112304688,572.3498509557619,557.2569311501013,564.8743726636568,922125
2022-03-15,558.25048828125,571.5455342740923,555.3170245612628,567.3819344321149,624447
2022-03-16,582.9480590820312,585.5029927834756,561.1366056090521,563.2184055789544,1442863
2022-03-17,582.9953002929688,588.5783008469631,579.7780259063152,584.7932313881402,865280
2022-03-21,581.85986328125,594.5398121348117,577.2231297921628,586.591200410694,1047910
2022-03-22,582.1436767578125,583.941550043175,574.9520103496385,577.2230750586566,1045609
2022-03-23,581.9070434570312,593.3095520042449,578.5004467826134,582.5220825019404,716804
2022-03-24,588.1051635742188,596.2430397587756,576.5133884273415,581.2447252219853,1419932
2022-03-25,652.735107421875,667.1183805102302,589.524469585636,589.524469585636,13659202
2022-03-28,624.4891357421875,649.3286531450448,618.9534372104919,643.556387780941,3716271
2022-03-29,612.8499755859375,653.870635630733,609.1595104012798,628.3214212139027,4415638
2022-03-30,616.4458618164062,626.1451019195903,611.3832969628633,620.751366603778,1624076
2022-03-31,636.0336303710938,638.4939024096785,613.4178173205989,622.4546590751709,2780538
2022-04-01,645.9220581054688,647.2468554732872,625.1515363601643,638.7304494802175,1841775
2022-04-04,644.21875,651.0318859388462,636.8378767977377,645.3069804697134,1318848
2022-04-05,646.821044921875,661.4408872425137,641.5692726043266,648.003879126529,1546530
2022-04-06,673.1271362304688,677.1487717504855,640.6228816591472,641.5691488403277,3589384
2022-04-07,648.3823852539062,679.4199420878637,643.5090854082887,679.4199420878637,2018076
2022-04-08,665.509765625,670.0045351992735,652.3093255347036,654.059954653816,2068259
2022-04-11,662.529052734375,672.8906331448895,656.709485916889,665.462458171545,1063614
2022-04-12,648.3823852539062,663.9011347930979,641.6165507506623,661.2515978235358,705951
2022-04-13,638.3046875,651.6470930029826,636.8379845250926,651.4105261439465,541182
2022-04-18,637.1690063476562,640.2443747975146,625.9084611384384,634.9453014938318,642798
2022-04-19,619.2847290039062,648.0039223042903,610.7210203427101,639.8660455362589,1000156
2022-04-20,614.12744140625,627.8956182564627,611.1940360518377,623.1169802249856,777172
2022-04-21,621.5082397460938,630.7816460736547,614.5531994393136,617.9124362013941,969631
2022-04-22,623.4482421875,640.291847809367,610.3424620351773,621.8869356588962,1620983
2022-04-25,610.0586547851562,619.1901012970125,607.5037210427383,613.1813259122966,1013669
2022-04-26,609.0176391601562,619.8051099780345,602.4884291435037,615.073773260645,947594
2022-04-27,613.0391235351562,616.3510584170438,600.8796142853079,603.71841561264,713915
2022-04-28,622.5491943359375,625.2460326686046,613.4649948492751,619.3318628552429,609757
2022-04-29,611.667236328125,627.2332879849982,607.5036368982434,626.3343802096247,639658
2022-05-02,609.8693237304688,625.4827354318694,601.4948805564939,605.6111205391777,1242193
2022-05-04,606.510009765625,617.2974218392437,603.1980743669967,610.6735510419871,865898
2022-05-05,611.4779052734375,633.9044505311732,609.3961057833124,611.6198107068468,1811387
2022-05-06,603.5292358398438,611.1940351590158,593.1675979812183,602.7722335968015,1053543
2022-05-09,591.0385131835938,602.8195522351217,586.7803104726008,591.4643450058071,1768559
2022-05-10,578.831787109375,611.2887477695527,576.0875885140601,586.6857950729453,1947575
2022-05-11,573.1068115234375,591.1804937936928,567.9496432037346,585.881420032785,823252
2022-05-12,562.27197265625,573.437913883731,553.3770380185337,571.5453795144778,1178604
2022-05-13,573.2488403320312,590.6601854459025,565.867965378215,566.7196292310181,1514147
2022-05-16,585.597412109375,588.5308749749718,570.7410638194867,573.2486371540463,776915
2022-05-17,594.4926147460938,597.9465145595487,578.9738031331757,590.092447340524,988636
2022-05-18,587.8685302734375,601.8732740511716,584.8404635160862,598.9871704838405,1525676
2022-05-19,574.1004028320312,583.6103779833611,569.6529348131064,578.7370781132119,1051042
2022-05-20,542.5896606445312,584.9824216115464,524.2320530143638,577.2230186620251,6813913
2022-05-23,567.9024047851562,580.8189201775841,548.8350935201139,548.8350935201139,4725539
2022-05-24,555.3170166015625,576.939261968435,551.9577787858071,567.8550600131247,2236468
2022-05-25,590.1868896484375,610.815503947126,549.2608314831189,558.2976720818037,9239957
2022-05-26,608.9702758789062,612.2349094355109,589.8556659188321,590.4234609209547,4992191
2022-05-27,622.6439819335938,624.536516833088,600.8798305894104,605.5165641954038,2830260
2022-05-30,626.9020385742188,641.285311991488,622.785799234487,624.5363705041274,2304877
2022-05-31,615.4995727539062,637.3110223231306,606.8885057276743,624.5364138578562,4062937
2022-06-01,618.8115844726562,629.2205259852137,614.55338112661,621.5084234895872,1445913
2022-06-02,617.1555786132812,629.220487352997,611.4306726839823,622.0761803954962,891024
2022-06-03,608.0714721679688,631.6335560112983,606.60476909464,624.5365497639804,961984
2022-06-06,602.2045288085938,617.8652409681021,598.5140632609613,610.768236265403,749010
2022-06-07,592.5526733398438,600.8798151322934,590.4708734528363,600.8798151322934,838701
2022-06-08,588.7201538085938,595.4386277376545,585.4555204605876,589.5244578157469,855354
2022-06-09,621.2717895507812,626.6182229435074,581.9543944523128,586.6857309925755,3650335
2022-06-10,615.1211547851562,629.1259017322734,610.8629511877203,620.6568541151726,2079322
2022-06-13,606.0369262695312,612.1876639472106,599.9807922231248,607.4563272720726,790402
2022-06-14,608.8757934570312,616.2566679092815,600.5486515684519,605.6111592505799,1232896
2022-06-15,599.79150390625,613.4650779173669,596.4322665485058,610.3424073841902,689437
2022-06-16,585.218994140625,605.374475077435,580.866130123694,603.2453737582881,1028787
2022-06-17,576.7971801757812,589.9030160028037,567.5710746564026,577.2230119816355,1840071
2022-06-20,581.055419921875,587.8212541714564,569.6529105882903,569.6529105882903,876085
2022-06-21,590.9439697265625,595.2021728711094,579.5887613411041,581.0554642064438,758887
2022-06-22,580.81884765625,593.3095873623614,576.2767762419109,590.9439191511877,648794
2022-06-23,587.0169677734375,593.1204041510998,580.3457940490259,584.3201287430093,470651
2022-06-24,588.6727294921875,594.7761637313463,582.1435212699381,582.1435212699381,1045636
2022-06-27,591.0385131835938,601.2582458944333,587.6792759293689,593.3095777316848,1048554
2022-06-28,586.9223022460938,594.3031757534548,583.0899311706922,591.0859015351556,715973
2022-06-29,584.7459716796875,587.3955089405464,572.5864005142391,584.6986698591612,932326
2022-06-30,562.3666381835938,588.9094240833604,558.2977003928618,584.6985808526513,2340512
2022-07-01,570.883056640625,572.4917226189333,553.6136782310456,564.3538468541827,1065738
2022-07-04,584.272705078125,585.1716704859891,567.7603305793293,567.7603305793293,1014667
2022-07-05,590.7546997070312,596.1484351956307,584.272791410706,584.272791410706,874045
2022-07-06,615.4995727539062,626.239683435445,594.3978236549749,616.02000821434,8539454
2022-07-07,617.9597778320312,628.0848483317695,611.2886056833494,618.8114414065719,1339561
2022-07-08,621.3191528320312,629.9775226595117,616.2566453353467,619.8051480915962,1073320
2022-07-11,624.9623413085938,632.437819419397,617.9599391614596,621.366536593409,813020
2022-07-12,637.5948486328125,645.3542514773488,617.3447645447822,623.5901051665292,2714915
2022-07-13,637.1690063476562,647.7672107105893,631.2075344421213,643.1778378184122,2381834
2022-07-14,638.0208129882812,643.9822862303815,630.9711091023298,636.2702413496482,672625
2022-07-15,647.341552734375,649.5180141185288,632.3432364461532,634.3303750297217,1645634
2022-07-18,634.9452514648438,647.2467242950121,630.5924457194708,647.2467242950121,2560666
2022-07-19,637.4529418945312,644.5972479221037,633.7151747890057,634.6614420179708,1653580
2022-07-20,637.3582763671875,643.4617115053741,635.8915737229579,639.676642614166,652175
2022-07-21,644.64453125,648.6661668577981,636.4119950429234,638.3991908201165,1073493
2022-07-22,638.9197387695312,650.085682166842,633.9991369021603,645.827479008544,772520
2022-07-25,635.41845703125,640.6229268952438,627.0440149886876,640.6229268952438,1033364
2022-07-26,630.5925903320312,633.8098646951642,627.564523235995,633.8098646951642,588700
2022-07-27,644.5499267578125,646.7263297679674,627.4224557744923,633.3366257779385,643997
2022-07-28,649.1867065429688,657.4665458889687,643.4618006034211,644.5500311625542,1218683
2022-07-29,674.4522094726562,676.2501409551065,651.079388978747,653.4923597273911,2506702
2022-08-01,671.9917602539062,681.3124702516473,668.3012946044804,674.4520321831411,1249603
2022-08-02,687.27392578125,694.5601955141891,663.8538101968138,672.843349512052,1807323
2022-08-03,661.8193969726562,688.7880160108421,653.9180300747904,681.312480964694,1252143
2022-08-04,642.9412841796875,664.2795987714456,637.4529457694416,662.86019791937,1458462
2022-08-05,649.044677734375,663.5225539451397,647.2467470015891,654.8168843934205,2385753
2022-08-08,658.9805908203125,662.3398282861407,630.7817782201051,648.1931201707162,2072529
2022-08-10,653.3502197265625,662.2924565905271,644.8811164770344,656.7094568379484,827596
2022-08-11,662.0558471679688,668.0173187750266,656.5674513893282,662.0558471679688,1773747
2022-08-12,662.529052734375,670.7142299732244,661.2515572654883,665.9828936193563,842801
2022-08-16,680.2715454101562,685.4286556900217,659.5955714572901,667.1184076047984,1601279
2022-08-17,669.4600830078125,688.854367659372,667.2313598784505,682.8321902463765,1654998
2022-08-18,667.5634155273438,675.5297574069239,663.0111540139726,671.072368440987,592626
2022-08-19,648.1690673828125,670.1714523515996,645.3713402237703,669.554983391597,962685
2022-08-22,635.5555419921875,650.3976230114864,634.5122914580377,648.0740853267886,782284
2022-08-23,641.5778198242188,643.9961725349227,623.6060422670429,627.9211512817358,939372
2022-08-24,653.1954345703125,656.2776634811705,639.1594498762094,643.0003697113203,794168
2022-08-25,664.6233520507812,675.1503835512116,654.8550693277693,658.5537670222674,1402440
2022-08-26,675.8616943359375,682.6425632030657,664.8604733487673,666.7098222704957,1329374
2022-08-29,652.8634643554688,669.4126148070552,651.4408972988119,654.4282533871502,1150065
2022-08-30,660.5926513671875,662.9161889281497,650.8243700313916,658.1742991647152,1036906
2022-09-01,656.9888305664062,667.6580825965356,654.4281985022959,658.0794883721338,1068813
2022-09-02,639.5386352539062,660.2607277975596,637.4047849070282,654.3807730426165,1818609
2022-09-05,634.6071166992188,642.9054236087649,628.7745692604653,636.3615927206218,2179411
2022-09-06,634.796875,640.1552345615745,632.7578967613,636.3617220604689,692273
2022-09-07,689.0440673828125,727.1214696161026,626.4511154712583,633.5165435896704,21576035
2022-09-08,694.4497680664062,708.4383431145176,679.6076296921088,697.0104001605671,10396205
2022-09-09,713.8441162109375,732.1477996246747,688.5698199224663,694.2126804731372,6416237
2022-09-12,725.3671264648438,731.1996762187999,714.1288666572715,714.1288666572715,3719126
2022-09-13,730.6305541992188,741.6317176499817,723.4702528171937,725.367009128319,2865075
2022-09-14,728.5913696289062,740.683188649757,714.1286057020064,714.1286057020064,3396185
2022-09-15,724.1340942382812,733.3333734812054,717.3057602701105,730.2511446240261,1514123
2022-09-16,700.5670166015625,724.0867853476958,692.600616241614,718.9655197042413,1726871
2022-09-19,709.054931640625,720.6250985124474,698.3856776842588,704.0759464609874,1680817
2022-09-20,708.5792236328125,723.0885665806479,706.6763589839161,713.4791233320491,1094151
2022-09-21,706.0579223632812,714.5256934904988,698.303783568028,708.7219793948702,880855
2022-09-22,715.3818969726562,720.2341779817243,696.4483728964626,702.1569661169254,1201721
2022-09-23,691.2630004882812,718.3788161168266,687.4572719790117,717.7604200765554,1039225
2022-09-26,664.4803466796875,689.6933028243911,659.8183051453578,686.9341259047561,1956203
2022-09-27,652.3018798828125,670.6169493619394,641.2652898146245,667.810270885424,2966715
2022-09-28,653.2533569335938,660.72213490785,648.4961957031691,649.7806640778732,1054161
2022-09-29,662.0064697265625,664.3374900778396,651.7310142546654,656.5357349353737,1057787
2022-09-30,677.0867919921875,682.8905055578741,657.1067145046009,665.0511506582432,1607400
2022-10-03,659.3900756835938,676.6585933704058,656.4882190829693,672.6625665096512,668430
2022-10-04,675.6596069335938,681.2254621319047,665.9549867806804,665.9549867806804,966281
2022-10-06,675.516845703125,684.9360474842115,671.2829609011051,678.276022244885,1029933
2022-10-07,664.7658081054688,678.0858612768989,659.152333897751,678.0858612768989,827197
2022-10-10,656.440673828125,659.1997924321477,650.7796404874991,651.7310727104341,700631
2022-10-11,657.4871215820312,677.2293370712447,654.9658614343256,661.7210059155658,2074615
2022-10-12,673.3284912109375,677.4196375200011,658.7239740146172,660.817136194149,1828097
2022-10-13,661.3404541015625,685.7922715959977,658.7716337925779,677.4196804184705,1326752
2022-10-14,662.19677734375,679.8933921306468,659.4376008764937,679.8933921306468,602819
2022-10-17,678.1334228515625,679.941167585915,653.3486211857788,664.0046753617639,1114583
2022-10-18,686.36328125,693.0233073189655,673.1859091139127,684.9836928072648,1463879
2022-10-19,733.7921142578125,740.2142818704416,686.3632403765737,686.9340764915924,6323614
2022-10-20,707.9607543945312,732.1271581518479,697.3523190441794,732.1271581518479,4514522
2022-10-21,711.861572265625,717.7604634254157,701.7287962694064,711.5285361584652,1411663
2022-10-24,710.624755859375,718.045915639672,704.2025883064769,717.3799014644677,171678
2022-10-25,722.4700317382812,727.7505270065012,710.7198670705938,718.141026759176,2563790
2022-10-27,751.6788940429688,757.3399264642431,724.0398040694586,726.0854062448888,4384523
2022-10-28,747.4451904296875,760.670122606394,744.4957735328371,754.9139688149684,1580334
2022-10-31,759.2427978515625,771.5638548694551,749.7284770764802,751.2031851824569,2854067
2022-11-01,756.7215576171875,767.8057656909892,750.9654045691063,760.1943082863697,1445134
2022-11-02,756.0556030273438,768.7571993677813,750.5372499415693,753.3439864791659,1051451
2022-11-03,757.3876342773438,770.6125658379257,748.3490278632123,751.6314807540865,1049764
2022-11-04,757.3876342773438,763.9049800605494,749.2529001187887,759.2429387870393,770719
2022-11-07,746.113037109375,763.5242322875661,744.5907109626428,757.7205199184373,1123901
2022-11-09,770.3270874023438,788.4994188034563,748.3965292070282,748.3965292070282,3969288
2022-11-10,764.2854614257812,779.2229583215659,759.2428824671667,773.324067169438,1476492
2022-11-11,730.5096435546875,774.4182635348266,727.8456449650566,770.6125346722642,3161024
2022-11-14,725.895263671875,733.5542818487392,711.7664595875508,725.9428236713204,2984531
2022-11-15,726.5135498046875,731.6988665171074,722.3748432756856,726.7990258997706,1113605
2022-11-16,724.8010864257812,728.6068154782356,710.2441844143065,724.5156683610105,2070803
2022-11-17,715.2391357421875,725.8951876893228,713.5741294401605,719.7108785675081,1244622
2022-11-18,703.2035522460938,720.2342127372967,691.6912452576153,716.5712218057307,2067846
2022-11-21,697.685302734375,707.2471858552483,693.6892754100462,704.0599108385638,1220397
2022-11-22,701.5989379882812,704.4148909563161,692.5783685618467,699.9761804930156,742102
2022-11-23,713.5785522460938,723.7446001718105,703.0784329191158,705.130752273986,1766907
2022-11-24,717.2537841796875,725.2720238985237,710.9536762632744,717.3492165259869,1043484
2022-11-25,728.2787475585938,732.0492566312081,715.9172317055131,716.9672203407505,1415497
2022-11-28,730.2356567382812,738.3016700891936,721.7400813487523,725.4628746680964,1091485
2022-11-29,725.1288452148438,735.7243987195674,720.8333411029553,735.008481367586,935830
2022-11-30,736.8697509765625,739.7811360532477,719.7354536569661,724.5082351798902,1345532
2022-12-01,734.8651733398438,742.3584755483599,729.3287582329848,739.1606768598801,1377416
2022-12-02,745.7471313476562,748.37216125,733.290182917924,738.3016036405802,1217194
2022-12-05,740.7835083007812,750.7586346795936,736.6312111211398,748.372243596696,696749
2022-12-06,729.8538208007812,741.9289829072819,725.5106007101053,740.7835035425486,690001
2022-12-07,734.8174438476562,745.5084862892503,728.4696792734087,731.1901414821584,1329379
2022-12-08,750.3289794921875,753.0017255209581,735.2470013727378,736.8697587599715,1656753
2022-12-09,738.8743286132812,755.9609105261786,733.4811202105759,753.1926738157664,1097105
2022-12-12,737.1561279296875,741.6902705100255,730.2833106819288,738.8266015119173,893776
2022-12-13,742.2630004882812,744.4107522932375,732.3833654900811,737.6811416233405,723322
2022-12-14,738.0630493164062,744.315382331333,735.1038894024973,741.2130739086631,1185921
2022-12-15,730.7606811523438,743.9335485552377,727.3720173955181,737.3948601549052,663406
2022-12-16,707.6126708984375,728.0402018336675,701.5989770333093,727.3720006794309,2097103
2022-12-19,708.08984375,711.2398678523896,697.1601625852234,707.6125656053503,881231
2022-12-20,713.2445068359375,715.9172529279026,701.0261973716003,706.3716895555306,699589
2022-12-21,713.2445068359375,731.5720001631908,707.6603173062027,716.8718092651397,1553921
2022-12-22,715.6787109375,720.8810553335277,703.7944712742999,710.1900112537512,884868
2022-12-23,679.9306030273438,714.9628392461802,677.7351346659385,710.1423404336041,1015159
2022-12-26,695.012451171875,699.5465938085503,671.0531102279366,678.6895609844423,456662
2022-12-27,696.4921875,705.6559067792059,686.373853440141,696.7785428034427,919748
2022-12-28,692.3397216796875,699.1648230117559,685.323755683321,696.4920768351162,593700
2022-12-29,695.1080322265625,697.6853463446013,686.8033792957723,692.2443628201868,448214
2022-12-30,705.2262573242188,712.4809209278718,695.1556989471435,695.7761839123208,595684
2023-01-02,706.6102905273438,713.0058292941753,703.9375445795387,710.5717224178081,393433
2023-01-03,710.18994140625,718.5423096687563,706.3717159148185,709.2353850333922,938743
2023-01-04,697.112548828125,713.2445757916589,694.105731032029,710.1899835648861,665508
2023-01-05,707.278564453125,709.9513106763127,696.8261603949019,700.6443859313123,730194
2023-01-06,702.9830322265625,713.0535900182969,696.1579310523111,710.810405911191,961838
2023-01-09,713.2445068359375,718.2559276064328,703.2216652949468,706.4671218846562,1198453
2023-01-10,689.2850952148438,712.099014562392,679.9781710969036,711.1444582426033,1781454
2023-01-11,688.4737548828125,693.5806079575879,681.6964282259991,687.280559467071,1437759
2023-01-12,689.2850952148438,701.598895044716,684.0828098811904,693.9624444864062,1948172
2023-01-13,680.6464233398438,691.5761056753495,672.0076996486488,690.1442710880299,1502850
2023-01-16,676.5418090820312,688.1396919708928,672.0553826111282,680.6463897105825,1776052
2023-01-17,663.8462524414062,673.9168106939525,659.7416716206408,672.9622543048675,1997860
2023-01-18,673.10546875,677.448688717606,661.0780231533614,663.4166979856105,1939323
2023-01-19,679.214599609375,681.0759962549434,671.0531539834972,673.1054735627264,980055
2023-01-20,673.582763671875,683.9396775641641,670.6713199704615,679.2146116146656,903700
2023-01-23,669.0485229492188,674.6326539075997,661.7461440699589,673.8690205324823,1352095
2023-01-24,649.4323120117188,659.2165134330346,646.2345719249574,659.2165134330346,3358161
2023-01-25,620.079833984375,649.0506566086407,615.6888977084192,647.6665381320347,3914593
2023-01-27,611.0116577148438,622.3709045847215,598.6979125043534,622.3709045847215,3113086
2023-01-30,596.7886962890625,610.9161199096734,592.3022693811756,609.9615634723145,3125830
2023-01-31,599.8909301757812,602.3250371363154,593.0658291920637,601.3704808175573,4169337
2023-02-01,583.5680541992188,609.5797170960521,572.5906551785367,609.007006538704,3147909
2023-02-02,580.4658203125,586.2409341045445,568.056585043593,581.3249445203355,2971650
2023-02-03,585.238525390625,586.5749277005643,564.3814906476138,586.0976494843719,1174302
2023-02-06,591.2838134765625,593.2988760342757,579.8649694703618,581.4962412665597,1197165
2023-02-07,599.43994140625,603.0862747109575,590.0362212307936,594.929976644063,1794623
2023-02-08,591.4276733398438,598.6724336041323,577.9458011568373,598.6724336041323,1945286
2023-02-09,592.4832763671875,594.546305473383,585.3345071484132,593.9705900407669,548142
2023-02-10,584.8067626953125,593.0110297921059,580.6326207919012,592.0514650189796,1796947
2023-02-13,590.8998413085938,599.7278469288206,584.4707470760823,584.4707470760823,1295628
2023-02-14,590.46826171875,595.6019692821262,584.3750477836803,591.0920023559065,552163
2023-02-15,596.1295776367188,598.6724475517,590.4681224061329,592.5312099648673,904807
2023-02-16,588.5010375976562,599.7279566597637,586.294050430585,599.7279566597637,1066829
2023-02-17,582.6956787109375,588.8848828948319,576.3625749587375,586.198113380783,1520087
2023-02-20,584.662841796875,587.0137873542326,580.1049088341736,584.374984060037,1186755
2023-02-21,571.7565307617188,590.1322158697354,570.1732843472507,590.1322158697354,1870148
2023-02-22,563.16845703125,572.1403621342856,560.817512173616,572.1403621342856,4515924
2023-02-23,563.9362182617188,566.0472724362859,556.5955244586421,564.2240759747996,1375261
2023-02-24,570.0294799804688,575.7389024768017,565.2796223215972,566.9108942587194,2479933
2023-02-27,566.3829956054688,570.4611450867449,558.9463700807887,570.0293293105867,1261689
2023-02-28,566.623046875,575.2111640406503,563.93627699445,569.2618502262384,1500634
2023-03-01,574.97119140625,577.3701032040337,567.1027489960827,567.1027489960827,1549355
2023-03-02,570.269287109375,578.3296539825063,569.021864718033,575.7388175899155,1448939
2023-03-03,580.632568359375,585.5743499215954,571.9005531393213,572.6202266541779,2457928
2023-03-06,577.8978881835938,587.3016113048584,576.9383234045425,583.8472015271485,1461696
2023-03-08,581.7361450195312,583.9910988145882,571.8046730221547,580.0089401374465,1653598
2023-03-09,570.7970581054688,584.6627802133618,569.0218867759585,582.6956842237787,1152608
2023-03-10,561.4413452148438,568.5421482143539,560.625738555673,568.5421482143539,1033672
2023-03-13,556.6434326171875,563.2644521597356,553.0930902494806,561.3453228508438,885826
2023-03-14,561.9691162109375,564.2240699343115,551.5578035896963,551.7497282520903,1065171
2023-03-15,566.047119140625,568.8298210363804,557.7468628303467,568.8298210363804,1083513
2023-03-16,568.398193359375,569.7416075239911,559.0904615302073,566.0952729492752,696941
2023-03-17,570.5571899414062,572.2844533845644,563.6003453451734,570.8930727518807,1238581
2023-03-20,569.0698852539062,574.2035920050021,558.1308818217071,574.2035920050021,1188606
2023-03-21,571.5166625976562,573.9635992253438,564.9436683964744,570.7490226173044,937449
2023-03-22,569.6456909179688,575.7389042275005,567.2947453456018,572.860209706363,641602
2023-03-23,566.3829956054688,569.8374046803859,562.7366619003508,567.1986020748543,599565
2023-03-24,559.6661376953125,566.5750155748981,556.7874434594172,564.1281371878239,835509
2023-03-27,555.6359252929688,562.544802814964,548.6311147282826,557.123238857764,688050
2023-03-28,540.474853515625,558.4187263222573,537.3562680315135,556.5475633183534,997911
2023-03-29,546.6639404296875,549.3507094787692,532.5583297130427,537.3561525032502,1309935
2023-03-31,556.7874755859375,560.3858435884317,547.2877606324778,556.4996178591755,582696
2023-04-03,557.3631591796875,562.2569745236538,552.2295112164517,562.2569745236538,538447
2023-04-05,549.8306274414062,559.3303423371641,546.9519330568962,559.3303423371641,1070172
2023-04-06,547.57568359375,551.8457001549518,545.8484200777715,549.8306374758945,848250
2023-04-10,554.004638671875,558.4186712931809,548.5831334279134,550.7901204549765,1113760
2023-04-11,567.91845703125,573.8198045348654,556.5476365053878,557.5072013959143,4732134
2023-04-12,576.6504516601562,578.137765318077,566.2391389203414,570.8450966015196,1141713
2023-04-13,580.2008666992188,581.6881803923343,570.0774114331267,576.9862895511963,1072943
2023-04-17,580.5846557617188,584.3749483387654,573.8197358071949,578.6175596851815,525069
2023-04-18,584.0391845703125,586.9178791951878,577.3701969759131,580.8246070988865,844348
2023-04-19,575.1630859375,586.2940126693258,573.8196719742336,586.2940126693258,566828
2023-04-20,586.8696899414062,598.5763898547972,583.607205419429,592.0033957267742,3481181
2023-04-21,583.6072998046875,590.5161778026642,579.193266760365,588.4051236133955,767883
2023-04-24,578.7135620117188,585.0946919601789,576.4586079460065,583.6073780933989,402750
2023-04-25,579.9129028320312,581.4962080133957,575.7867863367916,578.7134469574162,558965
2023-04-26,585.91015625,587.2535701969298,574.779229653531,577.6099571056611,938468
2023-04-27,582.2638549804688,587.5414608915045,578.1377384361863,586.773820836063,705190
2023-04-28,586.9658203125,589.65259013262,582.6477785621391,583.8952011321388,1013705
2023-05-02,595.7456665039062,598.0966115189931,586.6778277655624,590.036303910779,1046906
2023-05-03,598.384521484375,600.5915671407112,592.7231249136889,595.5058273940386,1502363
2023-05-04,607.4044799804688,608.3160781962458,597.7608660638838,597.7608660638838,1325697
2023-05-05,598.4805297851562,610.3311306939986,595.0260616401035,610.2831641712581,797805
2023-05-08,610.1392822265625,611.0988470699272,598.0008220983132,598.4806045199956,949897
2023-05-09,609.2276611328125,615.0809824689042,604.3818124671042,612.9699283819394,721060
2023-05-10,613.7855224609375,617.0000404579149,604.5257006041778,610.2830882289795,442717
2023-05-11,616.0885009765625,619.6389020630273,611.1467779354936,615.9446014125592,708501
2023-05-12,612.4421997070312,620.2146507300234,609.5635054663401,616.0885340318031,534620
2023-05-15,620.6945190429688,621.2702931111374,610.3312300550477,612.2023932840095,748724
2023-05-16,617.1920166015625,623.3331954402406,614.265356028138,619.878786003933,903952
2023-05-17,613.4496459960938,621.3180875440638,609.8033121764519,617.0000467812093,1030002
2023-05-18,605.8692626953125,617.3360156661691,602.7986434974605,617.3360156661691,1677962
2023-05-19,601.0233764648438,604.8616355844524,585.334515740318,599.7279874388504,2513385
2023-05-22,618.8233032226562,619.9747340177787,597.089139173401,604.5257656556731,908178
2023-05-23,634.4641723632812,636.7191259139157,615.4648035853879,622.0857646769069,1255607
2023-05-24,634.9440307617188,640.6534529532237,629.7143909633288,634.2243571720464,1290952
2023-05-25,641.4210815429688,642.9083952214619,633.1208228643547,634.2243457755643,769540
2023-05-26,645.5471801757812,647.6102677979397,637.2949468215152,640.9892476513146,421631
2023-05-29,646.4588012695312,651.0647004806439,640.0297055572431,645.5472030189435,845659
2023-05-30,643.3401489257812,648.5697881249466,636.2873134148107,648.5697881249466,753031
2023-05-31,643.8199462890625,650.2490414836176,640.125587058857,640.125587058857,882663
2023-06-01,632.7849731445312,647.562234851653,631.3935925720831,644.3477164318448,377426
2023-06-02,640.0775756835938,640.9891737968901,632.832874429714,632.832874429714,894538
2023-06-05,644.34765625,652.5039556962025,637.246854481729,645.3072208907297,1604415
2023-06-06,643.1962280273438,647.5142693205461,637.7266973425175,645.0194244446803,273405
2023-06-07,645.4031982421875,648.761674715339,638.6862452958845,645.4991898531581,331455
2023-06-08,646.890625,660.1805738816438,642.3326922588113,646.7466668549824,948257
2023-06-09,646.2188720703125,655.6705611306548,639.0221366739555,646.7466209526087,682120
2023-06-12,636.5751953125,644.0118211522854,625.3482774925499,638.1104752848108,1405896
2023-06-13,624.724609375,639.2140720223149,619.926785697184,635.231854942854,3992107
2023-06-14,635.5196533203125,638.6382384197534,624.9644422145127,628.514843118081,1913846
2023-06-15,632.7849731445312,642.3326539249773,628.514898381025,633.0728308502004,1467295
2023-06-16,641.277099609375,642.9083713695703,631.441561092154,638.1105477026332,1114808
2023-06-19,634.224365234375,644.6356198704431,632.353202164003,644.6356198704431,1260021
2023-06-20,610.6190795898438,627.5074563866281,603.758225932218,625.5883266529383,2796342
2023-06-21,626.73974609375,627.7472773777871,611.6745676561762,612.2023165604637,1522352
2023-06-22,616.4723510742188,627.5553116070539,614.1214058539977,627.5553116070539,1073821
2023-06-23,616.4244384765625,623.5251827126015,607.4524726377535,616.4724050021547,653943
2023-06-26,623.5250854492188,624.5806416835215,606.8766625298723,616.7121999966578,685285
2023-06-27,622.5177001953125,627.1235997896778,615.5128884614662,623.5252315804563,1023867
2023-06-28,630.530029296875,631.681518811665,620.1187742698584,622.7096110363387,618303
2023-06-30,635.0398559570312,636.7670605654557,625.8760255183769,631.3935221020959,580747
2023-07-03,630.4819946289062,649.961146949789,628.8507228731867,640.0296754133517,1034099
2023-07-04,637.8226318359375,639.5498364851023,629.282483060653,639.0700541621577,1051281
2023-07-05,645.8350219726562,647.610251841915,631.7774339891246,638.1105377033678,1193025
2023-07-06,662.0995483398438,663.5868616987667,643.8678216464277,646.7465153348618,1338976
2023-07-07,643.5321655273438,664.5945663275188,639.0701657182017,664.4506667458231,781925
2023-07-10,644.49169921875,647.6582512365914,632.3531814886417,647.6582512365914,584713
2023-07-11,649.8651123046875,654.9028263535611,640.4613911268917,644.5395405950275,1007871
2023-07-12,655.526611328125,656.3422178503369,644.8274420985765,650.5848299744566,828232
2023-07-13,650.9207763671875,659.1730690120767,647.8021906823187,655.6226674420191,707954
2023-07-14,660.9481201171875,662.0996094122096,649.8651601078536,651.0646159220062,554148
2023-07-17,657.013916015625,666.0818135121125,636.2872847997712,656.7260583391223,1636750
2023-07-18,653.5115356445312,663.6829567359373,646.1228756458642,656.3422632594521,665435
2023-07-19,658.16552734375,662.0997196422854,643.1483146235388,652.5040715315276,832127
2023-07-20,657.9734497070312,676.4930345420524,654.9987643439174,662.0995657220088,1698375
2023-07-21,647.6103515625,657.7337491864906,644.4437406505936,656.6781926934581,1377045
2023-07-24,653.0318603515625,659.6528813792746,639.0702032110654,650.5849816473009,905295
2023-07-25,652.072265625,659.2210352902756,646.8426256112244,657.3019056387755,1182873
2023-07-26,651.4964599609375,659.2209440253824,649.7212301387556,652.5039911750509,504923
2023-07-27,647.7542724609375,655.8626075597158,643.3882638899626,654.4232602132058,561343
2023-07-28,661.8597412109375,663.0112305459077,644.299719195979,647.7061621129145,1040732
2023-07-31,666.6095581054688,670.5437496493873,656.8699537143268,661.1400280180092,1015449
2023-08-01,665.5061645507812,676.3972603220493,662.7234617325242,670.495913293379,1289474
2023-08-02,651.9283447265625,668.7207286281589,646.7466714100523,665.5541179529653,1130856
2023-08-03,661.0921020507812,663.0591979434001,646.266815940492,646.266815940492,626316
2023-08-04,667.0414428710938,668.8166141877605,659.4608581069417,665.937920009047,468756
2023-08-07,670.7357177734375,671.6952824626699,657.8295609898258,663.5869491252201,565425
2023-08-08,681.9146728515625,684.1696264543784,667.5691689705345,673.61441482605,1433476
2023-08-09,680.6671752929688,685.5609902506744,669.5362485469357,685.5609902506744,1200579
2023-08-10,668.3848876953125,680.9071973332263,663.6830550485294,678.4123521383774,742235
2023-08-11,650.5369873046875,659.5568615537946,641.9488703747268,657.3019076333152,1982467
2023-08-14,638.1585083007812,642.8603988775975,619.7828789673337,638.110541777994,2043555
2023-08-16,631.3936157226562,638.7343096058804,627.6993148022169,638.2065021310873,1110423
2023-08-17,634.3201904296875,639.0220805693658,625.6361421939584,631.3935300055592,1117217
2023-08-18,629.7992553710938,638.119650842523,627.1540504038993,633.8392165173905,1328417
2023-08-21,632.829345703125,635.8111901307668,628.1160471337228,629.751276762451,1406612
2023-08-22,637.2540893554688,638.7930946158575,630.184199545957,634.4164933666699,608286
2023-08-23,635.5226440429688,647.2577490405746,631.8674628035263,637.7349859476878,836022
2023-08-24,639.7548828125,642.255839337676,634.9935603825891,638.6968242079148,304652
2023-08-25,638.0234985351562,639.1777816660252,629.0779070121603,638.6968352539363,685050
2023-08-28,638.7930908203125,641.4864380739208,628.8856050808697,638.6969250080923,1203345
2023-08-29,644.4201049804688,645.8629442070646,633.4545033746286,640.4763092022063,433534
2023-08-30,658.2232055664062,660.0027424024057,643.0253116623888,649.2776146179692,706966
2023-08-31,646.7767333984375,664.6679157511545,644.852947824628,664.6679157511545,1312643
2023-09-01,660.8203125,664.7159663558527,646.7767019771593,646.7767019771593,971508
2023-09-04,655.9628295898438,669.4293292597197,653.4137900971913,661.7341865912191,1051153
2023-09-05,660.0990600585938,663.0809048243233,649.3258468993863,654.0872289105191,769275
2023-09-06,671.882080078125,678.1343828991813,655.0489570983581,660.0988939922881,1019097
2023-09-07,664.6199340820312,676.2107321877739,661.7823381866124,665.6299099202554,581325
2023-09-08,681.8858642578125,691.9375975641776,662.3113095517069,665.6298516231873,2697140
2023-09-11,705.6446533203125,719.2073793077943,688.7153606756865,688.7153606756865,4258948
2023-09-12,672.8440551757812,710.8388231235201,670.9202694569084,710.8388231235201,1524072
2023-09-13,672.459228515625,677.1725266879307,660.0989296016938,670.9202235295904,1709391
2023-09-14,695.3042602539062,697.3723534755126,681.068257055849,688.4748441380664,2836228
2023-09-15,690.0137939453125,697.3722975340384,687.4167302874364,695.4485118856686,976388
2023-09-18,709.1983642578125,711.4638421158743,681.0482926119522,691.5563276044712,3050555
2023-09-20,715.5127563476562,718.9832877568633,698.3045527723337,706.5471678401065,2037458
2023-09-21,713.7293090820312,719.1761763128351,702.6910622954928,714.3077702654172,1413616
2023-09-22,708.5715942382812,715.5127155009632,699.8952073700574,711.4637231943559,1312782
2023-09-25,703.8477783203125,709.3910256298249,693.436125576636,701.9679415225427,1517999
2023-09-26,705.2456665039062,709.3910397628955,696.9067296025532,699.8952394579715,923602
2023-09-27,697.4850463867188,707.3664862284103,695.6051509414169,703.7513253107182,1156256
2023-09-28,684.6633911132812,700.4254715650965,682.3978546241473,696.0390874221603,1088548
2023-09-29,690.44775390625,692.1830199039204,681.5785446686235,684.37429349414,1702263
2023-10-03,687.5556030273438,693.7736932637916,682.1087355614999,692.3276285037119,781987
2023-10-04,687.266357421875,692.327583755021,673.4323034736296,687.5555585870933,543728
2023-10-05,683.8921508789062,699.6060405425565,682.3014563388716,687.2663014930864,805424
2023-10-06,689.5800170898438,691.3152829003,683.0727261702419,687.5555501177316,445913
2023-10-09,684.27783203125,687.3627819511696,674.2035691111256,678.9755945828189,694946
2023-10-10,679.45751953125,691.7972586153483,678.5416668795847,689.4835906348708,656117
2023-10-11,673.3358764648438,683.2173176748682,671.0221496209235,680.6143896855874,474477
2023-10-12,675.8424682617188,678.7345978389094,670.3474102969512,675.7942778702043,1786426
2023-10-13,687.5073852539062,689.6764823076325,670.9258315639838,676.8546615398546,1154348
2023-10-16,690.8331909179688,692.4720757876237,680.0841467620992,689.8691479170558,1370256
2023-10-17,696.5211181640625,697.2923408520572,691.2670716637867,694.1110104887542,802524
2023-10-18,693.4843139648438,698.641979359694,686.7360129117995,696.5210729749199,1200250
2023-10-19,687.7965698242188,689.2426344917976,680.9518284266987,688.1339613771116,1651315
2023-10-20,682.4943237304688,689.1461858095028,678.4453309464143,684.4706003153879,1364869
2023-10-23,675.5048828125,687.1697785564975,669.961636047115,682.7833950580774,1288944
2023-10-25,669.0941162109375,686.3987019970865,666.0091664563292,673.8661414269151,674117
2023-10-26,666.3947143554688,679.6021150373798,650.7290158263166,664.2738080172653,810939
2023-10-27,664.41845703125,678.2042603636445,661.6227087543832,667.0213849372094,891975
2023-10-30,664.0327758789062,673.3840043139309,659.4053814613153,665.2860199527624,986581
2023-10-31,663.4544067382812,669.6242466560138,658.827012089853,668.7084528751543,568594
2023-11-01,651.2111206054688,665.0933649214239,648.0297901115479,663.4544798668218,284653
2023-11-02,657.9593505859375,661.3335011017629,654.1513689499744,654.6333904522352,936398
2023-11-03,688.0858154296875,693.9182648641738,675.8906457426043,676.6619273542105,4841128
2023-11-06,708.3306884765625,715.3200011563245,692.1829660784919,694.1110523349779,2593068
2023-11-07,716.2840576171875,719.1761870557496,700.9075576673947,711.4156514970463,702505
2023-11-08,715.0789184570312,718.8387098152568,710.8853548071402,716.3321626296008,409412
2023-11-09,708.9090576171875,715.271777269922,703.9924614296147,712.5242191787912,399667
2023-11-10,710.3551025390625,712.4278186464335,699.8952589138169,708.9090379545298,488913
2023-11-13,711.0299682617188,715.9948137044466,704.3298570275347,713.343695210674,679954
2023-11-15,728.3827514648438,733.8778088956146,711.3191768495115,713.3918930479538,1248206
2023-11-16,726.9804077148438,733.6051223129992,725.5297351142533,730.9455558785834,1304037
2023-11-17,726.0132446289062,730.171827336611,720.6941121118846,726.9803596320012,563879
2023-11-20,726.2551879882812,733.2184293944134,720.984398221166,726.0134091827075,887881
2023-11-21,724.707763671875,741.6806829391608,723.305493830762,731.1391034710259,1006393
2023-11-22,724.5626831054688,732.541383103098,717.0675406834533,727.2705937233017,430759
2023-11-23,726.8353271484375,728.8179012584156,714.0210523282112,724.9978439117831,295661
2023-11-24,723.9823608398438,729.8817985344446,717.5994246095128,729.8817985344446,749709
2023-11-28,741.6321411132812,743.7114620501159,723.4020463114261,726.3033914169532,845708
2023-11-29,742.8895263671875,745.6457809345295,736.0713173346663,745.6457809345295,964233
2023-11-30,750.4813232421875,752.3188655572108,734.088710368342,740.9552630467782,1424004
2023-12-01,759.3305053710938,762.0384160630083,745.1622444067887,749.514262706374,1154908
2023-12-04,774.5625610351562,777.5605944423182,761.8933169278007,777.5605944423182,1794043
2023-12-05,771.8545532226562,779.8816559365177,761.4580656885577,774.5625227795371,1782971
2023-12-06,772.6282958984375,780.3168139090691,761.5064719764158,773.6437549726697,1233932
2023-12-07,814.6493530273438,819.1948056475748,767.2123707994449,773.5953656580733,3432629
2023-12-08,815.471435546875,832.4442931514459,802.8021927640641,831.7189568518658,1696687
2023-12-11,816.8252563476562,818.5661104655497,808.0728779287408,818.5661104655497,765109
2023-12-12,827.5120849609375,839.2624983788098,819.1465154715361,822.0478608628166,1287959
2023-12-13,834.3786010742188,842.5507359503274,815.8099782681792,827.8022298171697,3260734
2023-12-14,846.9511108398438,850.0942351449874,827.1252498381689,837.4733939714774,1759665
2023-12-15,831.6222534179688,850.9645543787028,829.3011536914734,850.0941272242625,1476551
2023-12-18,840.7615356445312,844.9685219818756,824.1755461677634,832.1542461894577,1740503
2023-12-19,832.1058349609375,847.6763640725686,826.8833899395848,847.1928065345923,1608667
2023-12-20,803.2858276367188,847.1445355241495,795.0653487833508,841.2450976360941,1413534
2023-12-21,812.1348876953125,816.1484388848897,789.5527742089491,795.3070617073275,1066836
2023-12-22,805.026611328125,814.0207697120542,797.1445998626489,808.4598580357299,1541803
2023-12-26,814.0691528320312,824.3689524784777,803.6726652847259,807.5411257674441,876297
2023-12-27,810.1040649414062,819.0498804757037,805.6552996372637,814.0692136210733,1122363
2023-12-28,828.7210083007812,833.12137049487,810.4425080754588,813.8274111521463,1787246
2023-12-29,831.3805541992188,839.1658192751745,823.0149846221088,834.1851526900474,1071326
2024-01-01,832.8795776367188,845.0652048957738,826.0130246660249,831.7190276529934,759906
2024-01-02,850.7227783203125,853.672467420595,817.212218188136,836.0709616847854,1362479
2024-01-03,853.1406860351562,861.022639394348,840.7132204623038,853.914366379343,1965216
2024-01-04,883.2662963867188,902.0283547936496,855.8969481552687,855.8969481552687,4075191
2024-01-05,866.4385375976562,889.8910813683575,857.2025401480093,889.0206540708111,983472
2024-01-08,842.163818359375,869.2913851437198,839.5042518309486,869.2913851437198,1078181
2024-01-09,856.815673828125,866.5351692219404,850.2876466046338,851.0613269144058,1385563
2024-01-10,857.1541137695312,862.1831241681524,839.6493538165859,857.4926394762591,997946
2024-01-11,873.1598510742188,886.3609959009739,860.7324455557738,865.568021092604,1960470
2024-01-12,860.4423828125,882.9278106262691,852.5120265736516,882.9278106262691,1435565
2024-01-15,871.6124877929688,877.0283087661048,855.5584006720128,865.5680183907984,1027152
2024-01-16,853.672607421875,874.2238056283389,844.5333568844537,874.2238056283389,1299501
2024-01-17,822.1929931640625,852.6571213072311,815.7616536115164,851.0613576504262,1856770
2024-01-18,815.90673828125,822.0478960108265,787.1350619208711,822.0478960108265,2296029
2024-01-19,830.4617309570312,839.1174227281707,812.9569125931588,822.0478179558788,1564164
2024-01-23,798.1600952148438,854.6879856771127,790.2781424186235,849.078729797368,1482258
2024-01-24,813.4404296875,815.6164385091884,789.7945143809001,800.7712463813212,1124950
2024-01-25,801.39990234375,818.5177913472045,791.1967914386854,816.2450946120391,1772063
2024-01-29,832.0574951171875,839.3108587371828,788.3922815416302,803.6726890954822,6047472
2024-01-30,836.98974609375,865.0844269694918,826.8833818433935,839.4558777076791,6244159
2024-01-31,858.314697265625,862.6667154489437,836.5546063490317,842.8408548360475,2756554
2024-02-01,890.9063720703125,893.9044050340306,843.9045464788773,863.343593881489,4773808
2024-02-02,889.7942504882812,907.0572907221652,885.0554218376634,906.23520745692,3415920
2024-02-05,899.803955078125,920.5969307085405,883.0244718851379,899.4654293603503,3238887
2024-02-06,904.9779663085938,909.523419141877,889.7459032903087,905.1230571866435,1185651
2024-02-07,895.2735595703125,911.2372050946013,890.9066081081978,910.2667714363537,1022135
2024-02-08,922.73681640625,935.4980426512412,892.9930604432842,900.56243109995,3711989
2024-02-09,915.4586181640625,942.824860677848,883.1916972527129,932.5867968663766,2799376
2024-02-12,886.6367797851562,923.8043789042462,879.6981550902844,923.8043789042462,2251407
2024-02-13,897.9422607421875,906.045417404611,867.5676987938416,887.8497861379617,1624595
2024-02-14,911.8681030273438,914.6338155412593,886.006019723257,893.6724700921728,1538122
2024-02-15,926.9097900390625,933.2176092101397,906.3850931978664,920.9415989772754,1713175
2024-02-16,951.8013916015625,957.8180925804013,923.0765768536911,928.7050806478663,3576995
2024-02-19,980.3806762695312,985.1843350817775,937.8756907183629,955.6346161409759,3354158
2024-02-20,970.2396850585938,983.7772481867863,960.729445824827,971.8894343369336,3193542
2024-02-21,962.5731811523438,997.2661848615877,956.944618480793,974.315404869398,3854456
2024-02-22,983.7286987304688,993.7241544535643,956.556553882129,973.1024373811637,2872499
2024-02-23,975.2374877929688,991.2981558084582,971.6468707814182,991.2981558084582,1290598
2024-02-26,957.86669921875,975.5771166007811,949.8121102829012,975.2374884528099,3999562
2024-02-27,943.31005859375,968.8810219198515,936.6626114948538,957.8665639757755,1540090
2024-02-28,928.9476318359375,956.7990900478823,923.0765199707877,951.2190964380034,1761906
2024-02-29,948.501953125,956.5080314121091,917.0598765233966,924.0470112382612,3664111
2024-03-01,949.1326904296875,959.6619318569868,943.6012063654119,954.7126843339723,627986
2024-03-04,956.9931640625,961.4571351435859,943.261504274101,948.1621823421684,1935494
2024-03-05,939.3313598632812,956.071342045518,937.5845909599456,955.0038293825083,1258586
2024-03-06,942.9703979492188,946.1728171766256,921.2326603033944,936.4684805901986,1005912
2024-03-07,936.1774291992188,946.8522002066658,930.6944549440731,943.3100934074196,763240
2024-03-11,927.4920654296875,942.8734168220091,922.6398966332988,936.1774594213384,1674256
2024-03-12,897.651123046875,935.4980352618243,894.4487038594162,926.7641324429899,817033
2024-03-13,836.9505004882812,901.2417288175103,827.8769104612112,890.9550967464925,3796016
2024-03-14,842.2879638671875,893.7694611572188,829.6723254360867,836.9505783771065,1997066
2024-03-15,840.1530151367188,846.6064232362942,820.0165149183106,842.3850009051743,2284557
2024-03-18,829.6238403320312,853.3994673149241,824.3349645244155,843.1613438215035,1604337
2024-03-19,807.1096801757812,832.535053703075,803.1308666644305,828.7503387682289,1306629
2024-03-20,814.776123046875,818.3667396368376,795.2219192369663,810.8458783490481,1182471
2024-03-21,847.3827514648438,851.6041145309068,821.2780602328247,825.8391106453712,2443904
2024-03-22,842.4335327148438,854.9036422076086,839.0370145171422,847.3827804841264,999736
2024-03-26,842.3849487304688,854.418350121159,837.2416620441761,842.4334585686224,950457
2024-03-27,840.5897216796875,860.7747317275212,836.7079867000821,844.2773580641978,1643044
2024-03-28,856.01953125,865.33573017962,839.0369417346514,843.306873647882,1661176
2024-04-01,875.5737915039062,882.0271991955817,861.5025030840595,867.5677136098556,2133855
2024-04-02,889.9847412109375,894.933988722901,870.5760668045878,877.272083167008,1302199
2024-04-03,886.9279174804688,897.8452969195918,882.7550642965188,889.9847481850786,689633
2024-04-04,886.6367797851562,898.718632048656,883.094673063606,892.799010130239,716188
2024-04-05,905.8998413085938,914.3426261802944,878.6791883998006,886.6367564309503,1816263
2024-04-08,884.40478515625,909.0053165571172,865.62691555697,906.3851335540471,2331541
2024-04-09,897.0689697265625,906.2395211521681,887.5101618835463,894.0120797643108,1117137
2024-04-10,941.9999389648438,945.9301833305678,898.2819156644665,900.2712927650855,4586719
2024-04-12,918.8065795898438,946.1243108749344,916.2834757601734,940.3502187383218,997938
2024-04-15,901.4359741210938,925.648249874967,894.9825657046166,906.4821824608534,2887446
2024-04-16,918.8551025390625,931.5193093968448,889.9847006745846,892.798982027552,2600963
2024-04-18,896.8262939453125,926.7156389393164,892.7989705489775,926.4730305234064,1614368
2024-04-19,899.4464721679688,906.3365871372969,871.7891110717658,888.9172899691877,1884184
2024-04-22,917.7876586914062,920.3593316519746,901.9696014530163,912.1106453195644,1124453
2024-04-23,920.3108520507812,930.1122687722399,912.159243832876,918.0303563588228,1271123
2024-04-24,944.2804565429688,947.5314448269079,919.7770067440639,919.8255165807201,2166181
2024-04-25,975.0918579101562,982.0789930268184,939.5740049771092,952.5777821922796,3929729
2024-04-26,1036.423095703125,1047.097865415423,976.4503104383272,980.0894364766107,7642272
2024-04-29,1018.518798828125,1051.8046056748462,1005.7575712089886,1050.9797606721818,3847372
2024-04-30,997.6058959960938,1028.562756344234,994.0637891128267,1026.7189085251625,2814829
2024-05-02,1019.4406127929688,1024.3413504150328,998.1880908426091,1003.1858481434855,1530017
2024-05-03,1028.1258544921875,1042.0031026853972,1017.0630059590112,1029.8241133324198,2723333
2024-05-06,1001.827392578125,1037.3938179813174,997.363420421234,1037.3938179813174,1290298
2024-05-07,972.7142333984375,1003.1858764578017,955.877231739719,1002.4580511544465,2022960
2024-05-08,988.92041015625,1001.4875379092681,970.918877595177,975.2373192316944,1361317
2024-05-09,961.3116455078125,996.635457569598,958.7400316181544,987.6589454152466,839141
2024-05-10,972.1319580078125,983.0493371219507,949.1326674945803,968.4928316364332,1407788
2024-05-13,983.2434692382812,988.5808547649856,963.7377156841623,979.6528525832924,2352890
2024-05-14,996.7323608398438,1004.3988102333693,975.2858012410977,990.7157196992291,1129308
2024-05-15,996.8294067382812,1007.8923741386471,991.1038836908326,999.4496486932085,1057905
2024-05-16,1005.7573852539062,1011.1917896056259,988.920327115128,1001.4874538128656,1069653
2024-05-17,1054.9100341796875,1083.0526123656603,969.1236687067686,1004.3989111200598,12366085
2024-05-21,1061.5089111328125,1086.1093824790385,1045.6423433505352,1084.9449093883047,3637937
2024-05-22,1049.815185546875,1067.4770308547427,1038.4125899900175,1063.595296197089,1796314
2024-05-23,1073.1539306640625,1080.335162713874,1044.720298378946,1051.9014119676294,3765254
2024-05-24,1070.24267578125,1086.7886161031136,1063.54666022579,1077.03571100482,2248991
2024-05-27,1070.4368896484375,1082.5187412587568,1065.196524223536,1080.480854277167,2770553
2024-05-28,1048.747802734375,1078.443172985526,1038.6553855747065,1073.2998262528333,2215982
2024-05-29,1052.7264404296875,1064.7597225724319,1030.6005064657427,1045.1084417288055,1886810
2024-05-30,1034.531005859375,1054.57036917638,1032.007783195852,1046.1276424520004,841185
2024-05-31,1043.0706787109375,1048.6992417710157,1015.6074750255584,1041.2753999893926,2862392
2024-06-03,1139.5316162109375,1145.1116092219768,1072.3290916866817,1088.8264623280152,7777140
2024-06-04,920.6989135742188,1145.1116922451417,854.6609163887376,1145.1116922451417,11525081
2024-06-05,963.88330078125,975.1888774099021,864.5108632959169,950.0546201508621,9725718
2024-06-06,1021.6240234375,1042.5369159467032,975.3828363951922,984.0197195588934,4231087
2024-06-07,1023.6134033203125,1028.659610629514,1009.7361555283105,1025.7483098447133,1823209
2024-06-10,1023.7589721679688,1042.1001925705068,1011.5801004555342,1030.018340534681,3010024
2024-06-11,1055.637939453125,1064.0806661640815,1021.5271675477904,1034.0457873125406,4660360
2024-06-12,1107.6044921875,1117.9396349002918,1057.4331167209646,1063.5953470926388,7365867
2024-06-13,1106.585693359375,1119.298352261436,1093.2422288042974,1118.2793494018588,1696148
2024-06-14,1106.148681640625,1112.7476773044673,1091.252550025697,1106.2942703684257,2423581
2024-06-18,1106.585693359375,1111.0981156945315,1097.8517892869606,1106.148927079061,823281
2024-06-19,1070.4368896484375,1106.2943657866272,1068.447453272874,1106.2943657866272,2279630
2024-06-20,1063.546875,1080.626604637274,1054.9585595680903,1067.5257483462115,1775105
2024-06-21,1058.646240234375,1082.9555354830834,1055.831958564353,1065.5362964188048,1650747
2024-06-24,1018.3245239257812,1049.5239893733042,1008.6687565212728,1048.116907969418,5176051
2024-06-25,1020.3140258789062,1030.552030437628,1017.3057050716313,1028.611163018593,1670151
2024-06-26,1016.3352661132812,1030.5520251153732,1013.1327875039542,1020.3140206095254,1596944
2024-06-27,1017.0147094726562,1027.0102258528946,998.9160938608951,1019.92601112191,1175750
2024-06-28,1011.580078125,1023.3223018029144,1004.1076678127703,1014.2002016413193,1250197
2024-07-01,1005.7573852539062,1014.7823464644952,1000.2258427753546,1008.3290579312138,1207666
2024-07-02,996.9266357421875,1010.755316637834,986.9311207629792,1004.447497281925,1921959
2024-07-03,992.3169555664062,1004.3988668250538,985.766528174069,999.5466983862855,1809188
2024-07-04,1002.0213012695312,1015.364763804924,993.7726153385612,995.3737360738983,2949896
2024-07-05,1026.621826171875,1038.655227641538,996.7809901512217,1001.4875698638764,3546969
2024-07-08,1012.3079833984375,1033.2207594977706,1003.2344515873813,1032.4929341900204,2604978
2024-07-09,1009.5421752929688,1024.5838968949893,988.4351841369833,1008.3291332282896,2654169
2024-07-10,1013.1329345703125,1017.4513177977611,984.9903530544705,1016.9176502595031,2061836
2024-07-11,1027.6893310546875,1036.4232347180418,1009.2996590590848,1022.7401426710167,2250522
2024-07-12,1026.18505859375,1035.4041786531316,1010.7552576843318,1035.2587083684773,2174424
2024-07-15,1025.1175537109375,1031.231333038063,1012.4534657635171,1031.231333038063,3021990
2024-07-16,1016.8690185546875,1043.216319526113,1014.3459144043438,1039.3345843836903,5977395
2024-07-18,1008.9598388671875,1031.5709907526186,999.5466796568177,1029.6301234134792,5805768
2024-07-19,981.0599975585938,1009.7363026201436,977.4208710474687,1006.3397845430936,1911619
2024-07-22,1008.3291625976562,1015.0250602208032,961.7482867266599,974.3154147288889,2528388
2024-07-23,999.7893676757812,1023.807602909924,959.4678573409415,1023.7590338381219,3998368
2024-07-24,994.0153198242188,1007.6984117635428,989.8424073890017,995.7135788565039,1943815
2024-07-25,984.8932495117188,998.5763418743259,978.536860981216,984.9902691957636,2277785
2024-07-26,1009.2025146484375,1015.1222551968661,985.9606740953157,985.9606740953157,2483148
2024-07-29,1009.2025146484375,1026.8644796902204,1006.4368021977818,1018.9068519918953,2233424
2024-07-30,1017.6454467773438,1023.5165002986216,1007.3588720003988,1009.2026014853803,1740727
2024-07-31,1009.6876220703125,1027.8832526169767,1007.3101070633362,1027.8832526169767,1158486
2024-08-01,1007.3587646484375,1014.0546625090865,999.401137113424,1009.9788882929396,1198855
2024-08-02,999.643798828125,1009.0570774365589,990.3761682074221,998.7219341347352,1186188
2024-08-05,949.3267211914062,985.0871776176587,946.1728118186774,980.2835784190349,3400489
2024-08-06,953.4509887695312,980.1864219520194,949.4722347986987,964.6109748976224,1774810
2024-08-07,974.9462280273438,978.3912557725196,962.8158069312517,971.3556115367861,1618060
2024-08-08,968.3473510742188,983.7287624606879,963.6407708003059,979.1677117195454,1329610
2024-08-09,951.8013916015625,975.3344095803617,940.1561868285486,971.4041648155843,3717978
2024-08-12,951.1220703125,954.4700785103303,927.4920327976945,946.1728820065416,3086835
2024-08-13,928.46240234375,956.7990770050587,925.7937097840999,955.7801335102154,1767025
2024-08-14,923.2706298828125,934.527636915632,914.3426281513152,932.5867695492444,1483608
2024-08-16,951.6065063476562,953.5992349828235,927.547810052218,928.3254530158986,1098849
2024-08-19,941.25390625,962.1533787683264,932.6511238525042,962.1533787683264,2316816
2024-08-20,952.2382202148438,955.4460935315374,937.0739762810249,944.8019322460927,937965
2024-08-21,961.5701293945312,964.6807603225615,946.0656256415031,951.7036108252361,1436705
2024-08-22,961.2298583984375,969.0550568473469,957.4874186161892,963.3198292879629,1419281
2024-08-23,962.68798828125,971.5338469817194,958.3623310416792,961.2298855720866,1843828
2024-08-26,965.069580078125,973.2835706427534,962.0075999484712,964.2919371561661,1634061
2024-08-27,957.4389038085938,967.7913979826416,955.6405414424299,965.069617983705,1151524
2024-08-28,944.802001953125,959.3344380712678,943.3924907448801,957.4874841666223,1354925
2024-08-29,936.1019287109375,946.7946817907093,924.5342902834077,946.7946817907093,1775884
2024-08-30,938.1432495117188,948.009768139129,935.7617292426581,941.8857486908936,1763647
2024-09-02,935.22705078125,945.9684548335912,931.5332024631908,941.9343469529938,1766518
2024-09-03,947.6696166992188,952.1411081251947,934.4008577696206,936.5880119230476,1371843
2024-09-04,938.1919555664062,946.7947382340298,928.5198619288482,941.7885616251887,2112938
2024-09-05,933.4774169921875,944.0243963612144,931.2416711925563,940.9623566956101,2366186
2024-09-06,916.3203735351562,935.3728919513626,913.0639085391413,935.3728919513626,2648249
2024-09-09,920.5003051757812,924.4371708511902,905.5304261007285,915.6885540923461,2189268
2024-09-10,913.06396484375,926.9159414945697,909.8561505380522,926.9159414945697,1606961
2024-09-11,910.8767700195312,920.5488633964728,904.9957674995948,914.910877999925,1634827
2024-09-12,924.728759765625,927.3533566032141,911.8974435943526,915.1539086942635,1274303
2024-09-13,934.4979858398438,939.6013452305474,926.5270719700725,928.6169835509124,1726021
2024-09-16,924.9231567382812,938.9209665524305,923.8052542565358,938.0460811901644,1006437
2024-09-17,920.6858520507812,930.0860367053551,915.71782428726,926.871465479152,779425
2024-09-18,903.541259765625,923.3158021461697,897.9887868229268,920.5395954024809,950529
2024-09-19,889.46533203125,911.3342490126779,878.2143036642441,904.0283787152292,2683503
2024-09-20,869.8855590820312,882.5490666610531,859.1702834382437,882.5490666610531,4834345
2024-09-23,864.4793090820312,875.5841964895468,853.7153385132845,874.7562216209224,3669159
2024-09-24,870.129150390625,877.3863267601788,862.7258922886589,864.4792892648799,1574531
2024-09-25,866.2813720703125,870.8110353840067,862.1900728604152,869.8856132660632,1043855
2024-09-26,868.86279296875,871.4929181048506,862.628426679869,864.4792708936902,923418
2024-09-27,887.6632080078125,892.7773170251414,868.911474944273,868.911474944273,2453157
2024-09-30,894.53076171875,900.0345412134964,882.5491461292524,887.6632554197365,2175799
2024-10-01,897.8427734375,902.9568826900971,891.4135718467542,899.1091124089828,1205512
2024-10-03,867.4503784179688,893.4592899202188,862.5797979664361,881.3315327048368,1296415
2024-10-04,858.244873046875,868.7166198411351,847.4809033494207,862.0926430623418,2388156
2024-10-07,845.824951171875,866.7197522575733,835.7915677853306,862.9694292611794,2135446
2024-10-08,868.6192626953125,871.0545527334538,844.9482554156434,847.4809332731811,626929
2024-10-09,873.14892578125,882.8413926822509,865.6969734317321,873.7334311032866,702284
2024-10-10,865.1123657226562,884.4486033231876,862.9693581614642,876.6069816870436,1131722
2024-10-11,870.7623901367188,875.8277462026659,859.803584205978,868.3757938429587,839159
2024-10-14,858.0014038085938,866.4762253233953,847.9680203979939,862.0927031042213,1415657
2024-10-15,865.9404907226562,866.8659128785172,852.8386177142223,861.4595211357135,761379
2024-10-16,862.8719482421875,866.9145534586731,858.7319552070031,862.0926673266291,416589
2024-10-17,846.409423828125,865.9891318228684,843.584463620477,865.9891318228684,1052737
2024-10-18,850.013671875,853.3256903456873,832.4308884341709,841.6849912404313,1432195
2024-10-21,828.2421264648438,853.2769194792795,823.2254052980704,850.403265397011,1116638
2024-10-22,822.5436401367188,830.8723207134786,815.335157376587,828.9727824701022,1475743
2024-10-23,798.6776733398438,829.6545479665695,795.8527133658428,824.0533813792333,1729635
2024-10-24,792.735595703125,810.4645189461363,790.7386697770746,803.6457068876953,921067
2024-10-25,774.7145385742188,798.5803835212821,760.3463257999664,796.7782924808806,1043417
2024-10-28,760.541015625,780.4130044647642,758.5927837566043,778.2699375184652,1753958
2024-10-29,788.0598754882812,790.9822236050487,762.1484126350733,766.5319348102245,1141795
2024-10-30,813.8252563476562,822.397465596358,780.5591698470004,783.1406011314463,2829127
2024-10-31,825.173583984375,830.9208917776255,814.3122269924775,814.3122269924775,1876152
2024-11-01,823.3229370117188,828.9727984828157,818.2575214166453,825.1737219226786,181775
2024-11-04,816.5528564453125,823.3716694427682,808.5163982697399,823.3229755267097,1332843
2024-11-05,815.18896484375,818.2574540786743,789.0826674856379,809.100739738998,2040055
2024-11-06,836.22998046875,838.5678234426337,810.5619854828125,817.283410375301,1067959
2024-11-07,826.7809448242188,845.5326775934278,824.8814067565332,841.2952968277092,765172
2024-11-08,805.9837036132812,830.4339945081639,800.7234527691621,830.4339945081639,1154194
2024-11-11,808.4189453125,810.0262011449377,792.0050539605638,805.9836551524495,743364
2024-11-12,788.7904052734375,815.1889242303154,785.1374703925787,808.4675597227274,622501
2024-11-13,771.8408203125,792.9304563551823,765.2168431332759,784.1634119974469,724162
2024-11-14,767.8338012695312,777.5092627058418,758.8912723963242,774.0397781556842,656637
2024-11-18,768.0292358398438,774.3329809571358,764.60860542825,771.7431108647082,703483
2024-11-19,767.9315185546875,791.8270769419942,762.6050964735076,777.460417448621,2035040
2024-11-21,752.4898681640625,767.9315598879765,740.0778539295835,767.9315598879765,913632
2024-11-22,770.4725341796875,773.8443103329455,748.9225747713006,753.0273431469599,476991
2024-11-25,788.8463134765625,796.3716531434881,777.313853914702,787.8200765664687,1141288
2024-11-26,781.1742553710938,794.3681157596433,779.512794354916,788.8462766469243,447682
2024-11-27,790.556640625,797.4467562114024,781.1743035351399,786.2075411133773,1418241
2024-11-28,802.57763671875,806.7801135690917,791.6804617180529,796.2250373993083,2046145
2024-11-29,809.5654907226562,812.1065663369384,802.5776669982711,802.5776669982711,1309486
2024-12-02,816.9443359375,817.9216589570922,803.4083763255109,809.5654994187287,886819
2024-12-03,820.8046875,826.3265862418752,817.1397262954973,820.8536013702424,858817
2024-12-04,825.1049194335938,830.6268180879767,816.8953826051599,825.7402032260662,1294358
2024-12-05,827.9391479492188,832.5325180212276,820.4626036387226,830.6267860195064,914474
2024-12-06,823.9320678710938,832.4347891237312,822.759268448134,831.7017969407634,599505
2024-12-09,838.6408081054688,846.3616833497995,821.2933255656778,825.3492397100528,1577304
2024-12-10,832.3370971679688,844.3581572763679,829.7471675431295,844.3581572763679,1655543
2024-12-11,836.9304809570312,839.8135955779786,831.0665432809586,832.483673482888,723220
2024-12-12,805.9005126953125,826.8152485158301,799.0592517737866,824.8606025382513,1928143
2024-12-13,806.8289794921875,810.5427949102948,794.3192571964817,804.3368178070801,1334630
2024-12-16,800.1343383789062,810.1030447390399,796.5182314103893,810.1030447390399,954537
2024-12-17,787.966552734375,805.265179217638,786.7448991642442,801.3070335806248,748810
2024-12-18,780.4900512695312,791.9735954503188,776.4830512030406,787.8199730870552,492984
2024-12-19,770.9122924804688,778.7797299043473,762.3118628807433,772.0850918920349,595885
2024-12-20,750.5352172851562,776.9717927692952,747.7009566963903,772.1340319407078,885877
2024-12-23,758.7446899414062,762.556273515655,751.6102439457433,758.4515049705553,506816
2024-12-24,758.2560424804688,767.1497177680484,754.835411904722,760.3573108374243,287631
2024-12-26,758.7446899414062,763.2892657683134,752.7830434802092,758.4026507505905,740735
2024-12-27,766.3677978515625,769.9349907481277,760.35723798394,763.2892067679397,729821
2024-12-30,761.6277465820312,771.5964523872907,754.1023480990874,767.296207639592,1350115
2024-12-31,770.1304931640625,774.3818241834149,755.470648751041,761.6277714742981,559314
2025-01-01,609.3023071289062,617.9809409047717,606.3312664218163,615.3225910922661,553843
2025-01-02,617.43359375,617.6681417280053,606.4484926722986,612.9770032147139,450577
2025-01-03,614.38427734375,621.8901099986342,612.195083609124,617.4335199957012,900001
2025-01-06,597.027099609375,615.2834867210885,589.2085153396357,614.657985663254,1635487
2025-01-07,589.7166748046875,599.5289754640166,582.9926883314155,597.0270311705473,2139412
2025-01-08,591.67138671875,594.6033558112096,582.6408718070811,590.6940636879302,1216712
2025-01-09,592.8049926757812,596.6360818503025,586.628304614214,594.0168635620339,1583145
2025-01-10,586.5892333984375,594.2123403076997,577.2068974976813,594.2123403076997,2063566
2025-01-13,569.5056762695312,586.5893242623907,566.8473861257296,586.5893242623907,2143896
2025-01-14,595.5806884765625,597.9262279978349,569.5838596455737,569.5838596455737,1243672
2025-01-15,593.5477905273438,596.5188308678908,587.5665787509539,596.5188308678908,718682
2025-01-16,606.76123046875,610.3577719085513,598.1216690033458,598.1216690033458,1302408
2025-01-17,603.9465942382812,612.1170009012247,602.969271154645,607.5040049279064,2824970
2025-01-20,605.3538208007812,609.419457769157,600.7798971911577,604.3764979125986,1548477
2025-01-21,591.0067138671875,608.2076338157719,587.9574709930905,605.9402373822788,1212150
2025-01-22,591.1240234375,593.93865857888,578.887921344017,592.2576917825658,1320342
2025-01-23,603.7901000976562,606.4875209548669,586.3937637046305,590.8894253659427,601498
2025-01-24,589.7948608398438,606.995781310563,587.1756423762313,606.7221022399611,817096
2025-01-27,576.1904907226562,588.0356395845995,571.3429476290698,587.9965681426959,1112760
2025-01-28,577.1288452148438,588.7785196448147,570.209381095056,580.1389573572995,678616
2025-01-29,580.8425903320312,586.3937776018685,577.0115010206624,579.3570403404341,423263
2025-01-30,591.2804565429688,595.4242968099422,579.3571031750295,580.9599273238978,1727018
2025-01-31,609.9276733398438,614.5406086531929,550.8582766979796,572.3202487439696,5997065
2025-02-01,591.0458984375,614.5016516841431,576.737874640792,611.374205987711,2052607
2025-02-03,562.9771118164062,589.521237541287,558.442378492666,589.521237541287,1449951
2025-02-04,572.8675537109375,577.9887757145356,563.7198258605445,563.7198258605445,1345673
2025-02-05,578.8097534179688,583.2663438306352,573.8058645213279,573.8058645213279,1165215
2025-02-06,574.2881469726562,581.5227636027146,571.1820002658411,581.2868613206139,796905
2025-02-07,569.216064453125,577.6695494861974,565.2448427436451,574.8386021272489,803970
2025-02-10,559.8582153320312,571.1426478849332,557.1845761190697,569.2160725683857,653316
2025-02-11,544.52392578125,562.649823179142,540.2775050030671,562.649823179142,1076133
2025-02-12,543.5015258789062,550.3822876504889,526.7125103529911,544.6417999985238,1031160
2025-02-13,546.17529296875,557.5383785760345,542.5972820001217,542.5972820001217,780902
2025-02-14,530.958984375,550.2644545121851,524.3927775046212,546.1359845649845,860522
2025-02-17,553.0953369140625,554.8646638276763,515.7033294904745,530.8016738133599,1834618
2025-02-18,533.7899169921875,553.527894101213,529.543496020794,553.0953865949925,1864910
2025-02-19,547.5121459960938,549.1635219299801,529.5041989139625,534.7335860356823,1329775
2025-02-20,543.3050537109375,551.0901892753845,541.1425760496428,547.3155726384863,1405502
2025-02-21,540.7100830078125,548.652406984864,535.5199924924345,541.811000390681,1009667
2025-02-24,531.8239135742188,536.3062362231703,525.5329670469188,534.7335145902165,873327
2025-02-25,531.5487060546875,535.5198671134623,528.0493494793953,530.801642292184,921503
2025-02-27,521.0113525390625,533.3967619310671,513.2655745370176,530.0153560012633,2715185
2025-02-28,490.4608154296875,517.1581814937375,488.73081528554945,513.6981212099647,3432116
2025-03-03,494.3533630371094,497.5381638519627,472.8067312338472,492.5053818243313,2610458
2025-03-04,494.15673828125,498.7176855644587,482.0465882570732,488.02303917710026,1390577
2025-03-05,521.1686401367188,522.937967124131,493.527608104909,494.1567208101413,1949022
2025-03-06,522.1123046875,528.4426094673762,517.5906841285154,526.948541628027,1051597
2025-03-07,516.3717041015625,532.1384570754678,512.4398401184504,520.5787673658411,1194378
2025-03-10,504.7727966308594,521.9943227848006,502.84616137816033,519.0061272866789,950041
2025-03-11,506.974609375,510.1594099650991,495.4149183476107,503.98635401007544,976270
2025-03-12,508.42938232421875,512.8330513087437,500.6049804697187,506.42415305351335,795031
2025-03-13,503.4752502441406,512.8724037943847,502.49228414057745,511.8894376908215,741345
2025-03-17,506.0703125,512.2433086442767,491.483068625188,497.02701203819817,1197117
2025-03-18,506.0703125,506.0703125,506.0703125,506.0703125,0
2025-03-19,538.036376953125,540.1989146409384,520.8148495381223,527.5776019506071,1593845
2025-03-20,531.5093994140625,542.1254812628887,529.0716626909489,541.0638610789082,1257167
2025-03-21,542.322021484375,546.4111940095186,531.4700974670118,534.7335520798993,2646075
2025-03-24,563.0036010742188,565.4020404514786,546.4897847040522,548.888224081312,2607210
2025-03-25,559.6223754882812,574.9566256158898,556.7521307198829,566.1885831067957,2384057
2025-03-26,540.1202392578125,561.4309389145337,537.8791075573105,559.8975140682446,2131180
2025-03-27,550.8148803710938,555.1792523418657,536.9354035622089,539.0979410243915,1836841
2025-03-28,543.8555297851562,555.9656197236593,539.6091088995615,552.0337551994595,2239613
2025-04-01,550.22509765625,555.5724354838062,540.31678285906,543.462286286238,827260
2025-04-02,557.8922729492188,560.8018743894336,542.5973218561372,550.3431000185057,1237775
2025-04-03,561.8634033203125,564.5763993776019,547.4728250961309,547.4728250961309,911781
2025-04-04,540.6314086914062,560.1334844502197,536.7781979954717,555.9656573760916,1155533
2025-04-07,510.5526123046875,524.1961864645386,504.18295123007675,504.85136097333736,1783330
2025-04-08,529.0717163085938,531.0376487027223,516.6863662237821,522.7807686446796,1018347
2025-04-09,538.8226318359375,540.3954134789785,517.8264918640914,524.5106488594319,905947
2025-04-11,538.5082397460938,554.5501956420845,535.6772922360962,553.9997369593349,1410936
2025-04-15,547.3549194335938,549.2028406742495,534.9695094469133,541.8109757251415,1805352
2025-04-16,549.9105834960938,555.8870344666201,546.1359670948423,549.6746812201703,1578721
2025-04-17,549.7926635742188,552.7022651319573,542.5973437725579,549.3994530950258,1097135
2025-04-21,559.5435791015625,563.4361462189721,549.8318698251401,551.2473433227902,1367121
2025-04-22,558.4034423828125,563.6721266902921,556.7520664056395,563.6721266902921,886242
2025-04-23,561.0377197265625,563.4361593201422,549.8318826099797,559.8974454959905,1143392
2025-04-24,556.4767456054688,562.6498013102203,554.3928623409892,562.0206886277957,1030227
2025-04-25,533.7506713867188,562.2173954590565,530.8017726497756,560.2907600192075,1394455
2025-04-28,538.97998046875,544.6025177766568,532.767627502108,534.7335597069128,1031650
2025-04-29,540.2774658203125,548.0232429749485,539.0192404978098,543.0690557619513,670001
2025-04-30,529.7793579101562,545.5461103848886,525.3756295915637,541.0244909456568,2098238
2025-05-02,534.4190063476562,537.5252128461182,529.8580292080482,530.3691907827168,1120468
2025-05-05,542.911865234375,546.529173427385,536.3456586235914,538.6654443133219,658440
2025-05-06,529.8974609375,546.3719848273593,528.4426300958082,546.057428429034,899170
2025-05-07,534.3403930664062,537.8004532290327,525.4544003707003,527.6562350212828,620272
2025-05-08,516.9615478515625,537.879096606348,511.61420952289876,537.407232050985,885470
2025-05-09,510.0807800292969,518.3377197242402,507.4464379350323,507.4464379350323,1156786
2025-05-12,541.2211303710938,543.3443708218886,525.2971269675916,526.9485028762698,1462391
2025-05-13,542.12548828125,551.9551493829814,541.0245710374953,541.5750296593726,1731708
2025-05-14,540.513427734375,553.1740364610519,539.6877097758995,543.4230291172266,3363720
2025-05-15,542.7939453125,549.4388063952972,540.8280129209267,544.6419265602186,3109618
2025-05-16,574.4453735351562,577.1976664277489,542.2433967031085,547.8659336125845,13631936
2025-05-19,587.3812255859375,594.7731499228116,571.2999144445796,580.3038576033441,6468107
2025-05-20,571.6536865234375,595.9919335147976,569.3731982759331,594.8910164291723,3250117
2025-05-21,575.2710571289062,579.1242673508355,566.9748210417348,573.265827930813,1493318
2025-05-22,580.3038940429688,581.6407136359891,569.96313072579,575.6249654719041,3364851
2025-05-23,566.896240234375,569.6092365560307,556.909330002196,566.1885333655061,5305416
2025-05-26,583.80322265625,586.3196135299432,567.8005653801594,569.6878435365566,5064575
2025-05-27,604.4848022460938,606.6472794829328,579.4387873843409,584.6681737841468,6300577
2025-05-28,611.8767700195312,616.2804993136033,599.2161607906265,607.0012961519618,6247990
2025-05-29,618.0498046875,622.0209663262186,605.5858011329057,611.6802032483394,4336315
2025-05-30,616.8308715820312,621.549096597596,608.731240972806,618.0890369216216,3498486
2025-06-02,611.8767700195312,616.8309579759255,609.4390330857465,616.7916009315131,1240528
2025-06-03,618.010498046875,626.7785999970605,609.4783583876184,613.3709262487298,2798212
2025-06-04,633.0302124023438,634.996144738997,612.073366494161,620.4482574468617,3847683
2025-06-05,632.4404296875,640.9332114225332,630.3565462992914,638.4168205389138,2363236
2025-06-06,638.1558227539062,641.1515279766843,632.1645325984732,634.6083467370036,1869502
2025-06-09,631.4549560546875,641.2302720533197,629.2082374436771,638.9441584298555,1239700
2025-06-10,630.627197265625,637.3674127893388,629.1293448625539,634.6082584771445,854337
2025-06-11,622.3497314453125,636.1061694072454,618.4474598943478,630.7060453153948,948675
2025-06-12,609.0662841796875,625.3059298403178,607.1348460700766,623.5321920615199,1751187
2025-06-13,600.2763671875,606.8590031960999,592.8660750369274,594.3638674141926,794976
2025-06-16,602.7596435546875,605.0064223650695,591.5259299379529,598.3449962508529,783901
2025-06-17,591.8411865234375,604.5333571563693,589.9098084782454,602.7596193035181,641053
2025-06-18,587.8995361328125,597.5566672020439,586.4805337828687,590.4616554523249,579193
2025-06-19,573.8671875,589.2791173106297,571.9358094879376,589.2791173106297,981611
2025-06-20,581.987060546875,583.6820084926762,573.906691978602,576.7446967964074,1485637
2025-06-23,579.700927734375,583.327253738941,574.8920897371105,581.7111560204216,1208823
2025-06-24,587.5054321289062,595.1916701448106,584.9433126935644,588.0966580743371,1270137
2025-06-25,596.0982055664062,598.4238345023335,589.2002892190394,592.8266151671054,1274791
2025-06-26,594.5609741210938,600.6705693658419,587.2689270151537,599.448662345904,2299378
2025-06-27,596.2559204101562,602.2078152938642,594.5609725052888,597.1230918693798,1684007
2025-06-30,598.9756469726562,603.4296890641144,596.9653586347331,599.2515323426315,1872848
2025-07-01,587.8995361328125,602.9961260892801,586.5199889408208,602.2866549868372,1931575
2025-07-02,586.7171020507812,592.8266372124546,581.3958280411939,589.6733520238721,1473655
2025-07-03,587.5054321289062,594.1274032979744,585.7710891622282,589.6733608372538,1777152
2025-07-04,590.9050903320312,597.6551700078151,586.3228790678482,588.293712274799,2351859
2025-07-07,588.4415283203125,593.6642241077467,581.445034592382,593.2207746226226,1577967
2025-07-08,589.6240234375,592.7281099165327,579.5235028612,584.4013272660834,1238893
2025-07-09,606.3760986328125,607.5093518142523,586.1750577371237,589.6240159388266,2743583
2025-07-10,618.69384765625,620.0241962810179,606.4747167300562,608.9875172723131,2800958
2025-07-11,605.9819946289062,618.7431525635508,604.5531284251322,618.6938336138899,765764
2025-07-14,606.5732421875,612.3872248189592,601.7447364084651,605.2922124969423,880400
2025-07-15,610.76123046875,614.8507336432077,605.0458259013001,607.4601087339898,1157630
2025-07-16,610.8598022460938,615.8854030771801,609.2338407239465,611.943736497486,1180059
2025-07-17,611.9929809570312,613.9145553986066,608.8889546853087,613.9145553986066,523413
2025-07-18,604.3067626953125,615.8854083727197,601.1534173754324,613.5203843465447,1099595
2025-07-21,604.5038452148438,606.6224548876093,597.260996879189,604.3067498593391,486223
2025-07-22,598.6405639648438,608.0020213437178,596.4233766908999,607.0166047775206,590163
2025-07-23,600.463623046875,602.4837753338678,594.9453137598799,600.1187512708354,516705
2025-07-24,597.2117309570312,603.0749718793138,595.6843472239301,602.0402964565716,500417
2025-07-25,589.9689331054688,598.8869413466127,587.3575550456881,595.1916290799738,759608
2025-07-28,582.2826538085938,593.0236579386572,580.2625017985114,586.3228375386544,473659
2025-07-29,583.4158935546875,584.9925962221354,577.9468433828889,579.3264506987737,517700
2025-07-30,576.6165771484375,590.1167371454187,574.9413568134295,584.3520737975141,1292143
2025-07-31,569.7679443359375,575.5818667418282,567.7971109485043,570.4577480505515,1017629
2025-08-01,565.2349243164062,573.4631888185829,562.2786745864145,569.718617856271,1111636
2025-08-04,573.26611328125,574.7442381973168,562.6728847161044,565.2349438459308,890380
2025-08-05,570.4577026367188,574.7442408551121,566.8609079329674,570.5562202402227,685480
2025-08-06,546.7091064453125,574.4978660247488,544.9353686306794,574.4978660247488,2817013
2025-08-07,545.5266723632812,548.827854463707,521.4825404722127,542.2255504079191,5497402
2025-08-08,548.5321655273438,556.5632745997016,543.5065048620414,546.0686240674079,1821561
2025-08-11,537.3477172851562,548.4336552180087,535.2291074561375,548.4336552180087,1798513
2025-08-12,533.65234375,540.698096445858,532.2234776615677,537.052043023841,1247870
2025-08-13,535.2337036132812,538.643477138724,530.6379743601036,535.6784671728228,894246
2025-08-14,525.597412109375,535.6784578832736,524.905564398006,535.2336943314449,1253153
2025-08-18,531.5274658203125,534.6901553286882,527.8706079613559,528.908409756204,612703
2025-08-19,548.5267944335938,549.5151310001407,532.318050612912,533.7017459353885,1151826
2025-08-20,550.9977416992188,554.3086457038808,546.1054626903259,549.8611303000306,679269
2025-08-21,546.747802734375,553.7155634900766,546.105359834393,553.4684793475108,399982
2025-08-22,541.5097045898438,550.454139701985,540.5213678852251,546.7478770596653,540301
2025-08-25,538.050537109375,544.1287717729111,536.6668415653431,541.5591204177508,588259
2025-08-26,522.2865600585938,538.5941161980581,521.3476280949975,538.5941161980581,1774116
2025-08-28,522.6818237304688,525.2021304972591,515.6152527348812,521.841761690394,2055711
2025-08-29,521.1992797851562,527.6729327477514,520.1121336588387,525.0538166389703,826127
2025-09-01,533.2570190429688,534.7395239946163,522.4347208312854,523.8184162488021,515078
2025-09-02,538.44580078125,543.5357587140807,534.6407287661857,534.6407287661857,538311
2025-09-03,542.399169921875,543.338101853309,537.8528452225847,539.6318392212946,320970
2025-09-04,535.2830810546875,547.5384790840759,532.7134300114024,547.5384790840759,581973
2025-09-05,535.925537109375,542.0532362742213,530.8355793403887,537.9516151342979,600344
2025-09-08,540.0765991210938,547.340849701021,537.5563526131568,540.4224928350772,648461
2025-09-09,535.2337036132812,542.5968237599258,533.4053049302884,542.5474189918172,673622
2025-09-10,538.5940551757812,541.0154919686183,534.5913039142605,537.7045280850965,1146430
2025-09-11,543.5851440429688,547.9338493246246,537.9022084461559,538.6434609153054,1512609
2025-09-12,543.6345825195312,549.3669232384183,542.448566430693,546.105424236576,1994357
2025-09-15,549.5151977539062,556.3347450208133,543.4863680949127,545.4630414681282,5468449
2025-09-16,557.5701293945312,563.1541951145018,550.0093301074085,551.4918350403126,1769006
2025-09-17,555.6923217773438,561.3752579271343,552.4802274318099,561.3752579271343,600086
2025-09-18,554.5556640625,558.3607963169543,549.515171332468,558.2619264590769,527563
2025-09-19,547.2913818359375,556.0876015378714,546.4018547835523,554.506226813995,2306017
2025-09-22,543.7333984375,554.1603373842983,542.8438713783016,547.291386027737,1119228
2025-09-23,537.4080200195312,546.2536445516348,536.1725992838541,546.2536445516348,1229127
2025-09-24,524.6090698242188,539.2859049368942,523.0277553494951,536.6667887446478,1471214
2025-09-25,523.5713500976562,531.5768529825781,522.1382498637847,524.8067709331864,3293461
2025-09-26,518.6790771484375,527.623512030005,517.2954419916106,524.2137987455963,2785713
2025-09-29,517.196533203125,522.4347051436655,514.5774773944943,521.0510700909773,3106751
2025-09-30,519.6674194335938,521.6440928131991,514.9234153871977,520.8534355260138,1831698
2025-10-01,520.4086303710938,522.7806623664122,517.6907046912945,520.8533939106259,681430
2025-10-03,527.277587890625,528.0188403572004,519.3708949138208,520.4086363023704,809047
2025-10-06,525.943359375,533.751182522272,523.0771590318149,532.0215934276935,624403
2025-10-07,526.2398681640625,528.2165414896307,523.0771787784968,526.2892729325451,476724
2025-10-08,522.0888061523438,533.6523563750353,520.8533854089638,529.748414761299,1021269
2025-10-09,531.47802734375,534.4924420264641,525.0538391936163,529.7484382264063,1857808
2025-10-10,535.0855102539062,538.2481394160372,530.0449569206015,532.7134780590235,1159952
2025-10-13,524.7573852539062,535.0855158793084,522.0888640874299,534.6901570682434,910653
2025-10-14,521.1004638671875,526.8328039892169,518.3825382614316,525.7950626407658,902886
2025-10-15,523.76904296875,525.0538686060938,520.2604597702509,522.0394537545181,728004
2025-10-16,527.87060546875,529.5013851472809,523.8678539126015,524.3126174906813,533630
2025-10-17,523.32421875,528.7600699362606,519.5685518132391,528.7600699362606,699709
2025-10-20,527.5740966796875,530.9344654506842,524.1643231403814,525.7951027575702,615756
2025-10-21,527.87060546875,530.3909123034404,526.8822687722549,529.7978740915725,111400
2025-10-23,528.5130004882812,532.960515218898,527.326984495461,530.7367578535897,548423
2025-10-24,530.637939453125,536.1726002294076,529.2048393325566,529.2048393325566,1135433
2025-10-27,534.4430541992188,537.655148376098,530.736791687435,532.2192966921485,643617
2025-10-28,534.8878173828125,536.8644907210171,530.3908976030536,535.6784746534377,2511759
2025-10-29,547.3902587890625,549.4163972886993,530.8356190149669,535.6784929886433,1653604
2025-10-30,543.1898193359375,550.5035349529566,541.7073143046459,550.5035349529566,1211602
2025-10-31,538.8905639648438,544.3758203642035,537.7539526763202,543.5851631007135,777245
2025-11-03,543.4368896484375,546.5501742640648,537.9022284687474,539.1870540651095,639776
2025-11-04,536.172607421875,544.5734685519874,533.0593229914041,543.4368573286017,711007
2025-11-06,513.2926635742188,535.4808355290165,511.95843309989505,535.4808355290165,4558191
2025-11-07,515.615234375,517.3942282527602,509.7840241011006,513.4902864811347,1513467
2025-11-10,515.269287109375,520.4086497416753,514.2809504617512,519.7662671146888,1023573
2025-11-11,516.8012084960938,517.9871641029159,509.83338752799534,516.0104909938442,3241835
2025-11-12,524.26318359375,532.219281493858,518.5802479046326,523.8184200403803,4975992
2025-11-13,517.7896118164062,528.6118502254136,516.7024052722627,527.8211929444898,861847
2025-11-14,512.7984619140625,518.8767566209355,510.52529961637987,518.8767566209355,1470642
2025-11-17,512.1066284179688,515.8622953966343,511.0688267394811,512.7984157725896,1443272
2025-11-18,516.5046997070312,519.8650683848387,506.02835553809393,512.1066499536548,3630058
2025-11-19,511.5136413574219,522.2371306276741,509.9817315540385,519.2721205604994,1589480
2025-11-20,511.9606628417969,516.4306334930541,509.9740092190159,516.4306334930541,3145380
2025-11-21,507.7886657714844,515.8842427109176,506.5966615012045,511.9109355618886,3148760
2025-11-24,511.5136413574219,515.9836119012481,504.0636904510448,508.03699760111255,36866483
2025-11-25,509.0799865722656,514.9902931760906,507.09333296612994,510.0733133753335,1781603
2025-11-26,515.1392211914062,520.4039013960514,509.2786298239777,510.07327908744315,1680398
2025-11-27,510.61962890625,516.9769446710657,509.5766478928593,515.1889685584164,846809
2025-11-28,507.83831787109375,512.457311663753,506.8946453015568,511.563293307801,599724
2025-12-01,502.4246826171875,510.3712970061596,500.93469241925527,509.67595612155327,1280746
2025-12-02,500.04071044921875,503.418015542851,499.09706816740027,500.93469851607307,2726576
2025-12-03,503.1200256347656,505.55368842727705,497.0607260747004,500.63670862768384,1477035
2025-12-04,509.2786560058594,511.66260391881383,503.0703635848494,503.1200177986464,1718268
2025-12-05,507.6396484375,510.91761474820333,503.7160257703161,507.09333082369216,2120474
2025-12-08,496.8123779296875,507.7886569260351,493.683404667118,504.85833082910005,2824676
2025-12-09,502.27569580078125,506.10001008501405,490.05778815393717,494.676751761211,2303371
2025-12-10,499.8916931152344,509.5766290474222,498.103717068709,502.22601706936763,954403
2025-12-11,502.5736999511719,504.6100077387196,498.5010540621486,501.6300273780579,594838
2025-12-12,502.1266784667969,504.5106566341209,495.2230453415342,504.5106566341209,1402759
2025-12-15,499.3950500488281,502.62336215754755,498.2030457600373,502.62336215754755,381813
2025-12-16,496.26605224609375,500.04068178484766,494.2793987385545,499.3950254576828,1094602
2025-12-17,493.0377502441406,498.84871793372355,491.69675303670954,495.67006013195567,642928
2025-12-18,494.9250793457031,496.0673991057927,487.2764508408806,493.0377644837385,1027471
2025-12-19,498.00439453125,499.04737553999985,492.78942885964443,497.0607219508168,656526
2025-12-22,505.00732421875,506.2986672091638,498.50104599549314,499.64336571914305,544519
2025-12-23,509.1792907714844,513.5499529198167,503.5173462293906,507.29200623804786,943869
2025-12-24,505.20599365234375,511.86126472244234,503.36833309282093,511.612933033694,476260
2025-12-26,516.8279418945312,519.5099364837861,504.46104094479495,505.6530149625187,2498657
2025-12-29,516.4802856445312,521.3972654668405,511.51365160742233,521.3972654668405,3004989
2025-12-30,515.53662109375,519.2615966796875,510.8183186848958,516.7782796223958,2922482
2025-12-31,521.4468994140625,523.9798705489652,513.8975795943694,514.5432662452398,1086995
2026-01-01,520.7515869140625,525.4698893229166,518.4172931313515,524.0295533041159,515680
2026-01-02,528.2511596679688,529.1451780045074,520.1555829380295,523.1355632226866,959087
2026-01-05,524.8241577148438,530.4364780350826,519.5595381295792,528.9464879282425,1215043
2026-01-06,526.4135131835938,527.5061483364793,521.7448654226374,525.4698406636368,1296041
2026-01-07,529.2445068359375,530.436511121332,523.9798869222896,524.476550322216,900391
2026-01-08,515.0399169921875,530.2874582682017,511.66258180995,529.1451688888075,1249186
2026-01-09,509.62628173828125,518.2682366698466,506.94431767650116,512.5566078038157,1180695
2026-01-12,509.62628173828125,511.1659260896405,501.08369585935924,506.5966472479574,1101529
2026-01-13,514.046630859375,516.5299479166666,507.6396607259909,510.96734195947647,945349
2026-01-14,516.0332641601562,517.6225627630204,509.1792851011121,514.1956338613537,1234098
2026-01-15,516.0332641601562,516.0332641601562,516.0332641601562,516.0332641601562,0
2026-01-16,516.23193359375,520.5032265717257,513.2022990761076,516.0332561145258,899884
2026-01-19,511.4639892578125,517.5729126495802,509.37796661869066,514.5432780607014,341171
2026-01-20,494.5277404785156,511.9109287088792,491.7464073230726,511.46398016288134,1509115
2026-01-21,492.8390808105469,496.96138092638535,482.40914951523297,494.6767414348878,1551150
2026-01-22,491.05108642578125,503.07034620029367,490.057759672746,494.7263772236558,2130796
2026-01-23,476.54852294921875,494.5277437392182,474.8102010833279,492.6404289190365,2067105
2026-01-27,482.1111755371094,484.69383131789914,469.59525161015046,477.79019783074006,1625304
2026-01-28,493.0377502441406,494.42840166469125,480.7701585247827,481.66414655842755,2045216
2026-01-29,497.2593994140625,500.1400410554693,489.66045549854755,496.1667338772729,829501
2026-01-30,498.89837646484375,503.56702446773636,483.15414090087796,487.3261255125662,2721298
2026-02-02,504.46099853515625,509.62627947224337,493.1867338043362,501.63001122092606,1356715
2026-02-03,524.3772583007812,535.3535076570215,515.6856485301157,526.4632203945977,2317632
2026-02-04,523.6322631835938,526.413566184667,517.9206339056623,526.413566184667,938863
2026-02-05,518.5662231445312,524.8738844498235,513.7486126077024,524.8738844498235,1789564
2026-02-06,506.1000061035156,516.1822974046106,502.6730165077635,516.1822974046106,2087933
2026-02-09,513.5999755859375,516.1500244140625,508.25,515.0,788634
2026-02-10,513.5999755859375,522.2999877929688,512.0999755859375,512.0999755859375,1721935
2026-02-11,515.1500244140625,516.8499755859375,510.1499938964844,515.0999755859375,678384
2026-02-12,506.8500061035156,514.5,504.29998779296875,513.4500122070312,656800
2026-02-13,498.29998779296875,503.8999938964844,497.0,503.0,588653
2026-02-16,503.75,504.6499938964844,494.0,497.0,321857
2026-02-17,505.5,511.8999938964844,501.6000061035156,501.79998779296875,849521
2026-02-18,506.54998779296875,508.45001220703125,501.5,505.54998779296875,862450
2026-02-19,505.75,509.54998779296875,501.1000061035156,507.5,1396400
2026-02-20,503.0,506.6499938964844,501.3999938964844,503.5,500149
2026-02-23,507.04998779296875,512.4500122070312,504.0,505.0,676014
2026-02-24,505.5,507.20001220703125,498.79998779296875,507.04998779296875,907856
2026-02-25,500.70001220703125,507.6000061035156,498.70001220703125,506.0,837478
2026-02-26,499.8500061035156,502.6000061035156,496.0,501.04998779296875,455187
2026-02-27,495.6499938964844,501.29998779296875,490.5,499.0,1765303
2026-03-02,479.0,489.1000061035156,474.75,488.95001220703125,1656198
2026-03-04,462.20001220703125,473.95001220703125,460.45001220703125,472.0,2452543
2026-03-05,479.95001220703125,482.0,459.20001220703125,463.45001220703125,1631195
2026-03-06,479.75,489.0,476.20001220703125,479.0,972797
2026-03-09,473.75,475.70001220703125,461.0,470.0,1490001
2026-03-10,472.79998779296875,479.75,468.45001220703125,479.0,1298211
2026-03-11,470.45001220703125,482.75,468.0,476.0,1698903
2026-03-12,467.1499938964844,471.20001220703125,458.45001220703125,468.5,3982340
2026-03-13,453.3999938964844,466.1000061035156,452.0,465.0,1590961
2026-03-16,454.29998779296875,457.5,443.5,453.6000061035156,2268253
2026-03-17,452.3999938964844,458.0,450.1000061035156,458.0,1178095
2026-03-18,458.8500061035156,463.8999938964844,452.54998779296875,455.0,3362845
2026-03-19,440.6499938964844,454.95001220703125,438.3999938964844,454.0,1517788
2026-03-20,447.29998779296875,453.95001220703125,443.54998779296875,443.8999938964844,1689715
2026-03-23,423.75,442.95001220703125,421.45001220703125,442.95001220703125,2538797
2026-03-24,433.1000061035156,439.0,423.3999938964844,435.0,2423789
2026-03-25,445.1499938964844,450.54998779296875,435.70001220703125,443.0,1469610
2026-03-27,438.20001220703125,442.75,432.8500061035156,441.0,2067540
2026-03-30,425.29998779296875,434.20001220703125,423.5,431.95001220703125,3050426
2026-04-01,444.54998779296875,452.54998779296875,434.0,437.95001220703125,1113085
2026-04-02,439.25,441.0,429.0,438.0,1378288
2026-04-06,450.45001220703125,453.0,435.79998779296875,441.6499938964844,1590046
2026-04-07,453.6000061035156,454.95001220703125,443.29998779296875,449.79998779296875,1360169
2026-04-08,473.70001220703125,475.0,464.5,465.0,1435680
2026-04-09,482.25,483.3999938964844,463.8500061035156,473.70001220703125,1905747
2026-04-10,483.70001220703125,490.8500061035156,479.20001220703125,485.70001220703125,1714106
2026-04-13,481.54998779296875,482.6499938964844,467.5,476.1000061035156,743371
2026-04-15,489.20001220703125,492.3999938964844,484.8500061035156,486.20001220703125,1349136
2026-04-16,502.25,505.0,490.1000061035156,496.8500061035156,2409864
2026-04-17,503.1000061035156,511.8500061035156,499.8500061035156,505.0,1669379
2026-04-20,501.04998779296875,509.0,498.54998779296875,506.04998779296875,1272469
2026-04-21,504.20001220703125,510.95001220703125,501.75,501.75,909766
2026-04-22,515.7000122070312,517.5,502.0,502.5,1252575
2026-04-23,505.04998779296875,516.9000244140625,502.29998779296875,516.0,1041939
2026-04-24,502.79998779296875,506.8999938964844,499.04998779296875,505.04998779296875,1012434
2026-04-27,514.2000122070312,521.7999877929688,505.1499938964844,505.1499938964844,2167552
2026-04-28,510.5,519.1500244140625,508.79998779296875,517.0,1034888
2026-04-29,514.5999755859375,521.9500122070312,508.5,514.0,1348894
2026-04-30,508.8500061035156,512.0499877929688,506.0,510.6000061035156,1678788
2026-05-01,508.8500061035156,508.8500061035156,508.8500061035156,508.8500061035156,0
2026-05-04,516.3499755859375,519.9000244140625,509.5,509.5,580558
2026-05-05,518.0499877929688,521.0,512.9000244140625,516.4500122070312,591189
2026-05-06,524.2000122070312,527.0,518.0999755859375,522.0,952579
2026-05-07,526.7000122070312,528.9000244140625,523.0,527.0,1033035
2026-05-08,534.75,537.0,524.25,526.6500244140625,1130482
2026-05-11,530.0,535.75,528.0499877929688,535.75,1278998
2026-05-12,516.0,529.6500244140625,511.6000061035156,527.3499755859375,3366124
2026-05-13,519.8499755859375,525.3499755859375,512.5999755859375,512.5999755859375,1928354
2026-05-14,522.9500122070312,527.75,517.9500122070312,522.3499755859375,716091
2026-05-15,518.7999877929688,527.8499755859375,516.5,527.0,498510
2026-05-18,501.95001220703125,513.3499755859375,499.29998779296875,513.0,1078736
2026-05-19,505.6000061035156,510.70001220703125,501.0,501.95001220703125,519504
2026-05-20,504.1499938964844,507.6000061035156,493.0,500.5,1240036
2026-05-21,505.8999938964844,510.5,497.5,506.6499938964844,2978741
2026-05-22,505.8999938964844,511.1499938964844,505.0,507.45001220703125,643269
2026-05-25,512.0499877929688,513.5,506.8999938964844,509.0,720289
2026-05-26,475.8999938964844,494.8999938964844,472.6000061035156,490.79998779296875,9180116
2026-05-27,472.29998779296875,480.8500061035156,470.29998779296875,480.5,3621683
2026-05-28,472.29998779296875,472.29998779296875,472.29998779296875,472.29998779296875,0
2026-05-29,463.6499938964844,477.6499938964844,460.1499938964844,472.95001220703125,2702698
2026-06-01,464.1000061035156,469.8999938964844,457.0,465.1000061035156,1343567
2026-06-02,459.45001220703125,464.1499938964844,455.5,461.95001220703125,1147202
2026-06-03,451.8999938964844,461.8999938964844,446.0,461.0,1889989
2026-06-04,454.3500061035156,455.25,448.20001220703125,451.8999938964844,1542940
2026-06-05,450.95001220703125,457.79998779296875,446.79998779296875,452.54998779296875,1855533
2026-06-08,445.3500061035156,447.95001220703125,441.79998779296875,447.0,1358236
2026-06-09,452.95001220703125,453.95001220703125,444.75,446.8999938964844,1217998
2026-06-10,445.5,454.20001220703125,442.79998779296875,454.0,1089181
2026-06-11,440.25,443.8999938964844,437.45001220703125,442.79998779296875,1235614
2026-06-12,450.20001220703125,451.3500061035156,438.6000061035156,444.0,1777288
2026-06-15,459.3500061035156,463.70001220703125,456.04998779296875,456.04998779296875,1704181
2026-06-16,463.3500061035156,466.04998779296875,454.1000061035156,461.8999938964844,1774689
2026-06-17,467.0,468.5,462.54998779296875,467.8500061035156,785113
2026-06-18,467.1499938964844,469.04998779296875,463.5,468.3999938964844,610678
2026-06-19,471.75,472.75,462.75,465.45001220703125,1684768
2026-06-22,473.70001220703125,476.79998779296875,471.75,476.0,1505023
