Date,Close,High,Low,Open,Volume
2015-01-01,359.9809875488281,361.36664733557,356.7903133165514,358.98730707694995,2002764
2015-01-02,367.0552062988281,368.1218210684307,359.5434553830329,359.5434553830329,6778320
2015-01-05,363.9010009765625,370.1182538936478,360.5462300860535,366.45354065858766,9937024
2015-01-06,356.2980651855469,361.91366137799406,352.6333519573781,361.0020400646994,9667316
2015-01-07,358.0028381347656,360.0448611068284,355.5323353124777,358.26719943026603,7249916
2015-01-08,359.8077697753906,364.1015146164582,355.5322751637924,362.0230137873021,13564920
2015-01-09,378.22259521484375,384.5219080159027,348.79547411346914,361.0203037811982,44863328
2015-01-12,385.7890319824219,386.38158586265354,378.3228619940553,381.422374598344,12758888
2015-01-13,380.85711669921875,384.3030718104022,378.3228273715676,384.3030718104022,8801236
2015-01-14,388.1045837402344,388.89771221018583,381.53182866822647,382.60752417865683,9921260
2015-01-15,389.1256408691406,392.5077655679331,385.11450623209197,389.2988400531866,8342452
2015-01-16,386.21759033203125,393.82050506900373,385.06893828969254,391.63261337417595,6690960
2015-01-19,383.3367614746094,388.77915850920994,381.89641760758497,386.5274360647667,4087744
2015-01-20,387.2931823730469,388.8976447560737,383.14530547750036,384.15721401830626,6804504
2015-01-21,395.6254577636719,396.7285286170943,386.162844948925,388.62422285582323,8494908
2015-01-22,400.4661865234375,401.6604195513023,394.0575053965297,396.51888336472877,9958396
2015-01-23,403.85736083984375,405.67147832350275,394.7502729593578,401.11337182548584,9486328
2015-01-27,389.5357971191406,404.9421977072836,388.36893961342696,404.9421977072836,13739968
2015-01-28,391.0035095214844,392.87233322871623,388.4053887577718,391.9971678583874,13134356
2015-01-29,391.1767883300781,391.9789974504669,387.91320114282564,391.0856261794535,15369424
2015-01-30,390.520263671875,394.285285856673,387.7945252435134,394.09383650613194,10833744
2015-02-02,389.59967041015625,392.36186555259746,387.63055920836155,390.44746053944584,8702540
2015-02-03,386.6915283203125,390.16481458327274,383.2456174056423,389.59963605117815,5265956
2015-02-04,390.6935729980469,391.9971737008315,387.6943031983601,390.15568080066765,5160016
2015-02-05,399.9830017089844,404.7598887912658,391.6325410466842,392.1430579170815,11875936
2015-02-06,406.67425537109375,409.8284739207738,399.016636574597,402.02498681607784,7453728
2015-02-09,410.0290222167969,410.9588937744518,401.11338345332473,401.11338345332473,6536868
2015-02-10,415.3894348144531,418.98121439035515,408.5887299603072,408.95337853680013,8516920
2015-02-11,416.58355712890625,418.10593782364526,411.36906606531477,415.7904288806428,5796972
2015-02-12,421.3877868652344,423.34777250235084,414.4230095968225,416.24625204995414,6287536
2015-02-13,418.63482666015625,424.21392331426813,416.79333349707906,419.2729616851955,5657516
2015-02-16,415.471435546875,420.6038460075496,413.0100578705688,415.7540470715218,6244276
2015-02-18,418.7076416015625,420.24827261694423,411.7154887843023,417.6228212127882,8613764
2015-02-19,423.8492431640625,425.5448678640168,417.8963732503332,418.251896692397,9673624
2015-02-20,416.26458740234375,425.90952414661996,415.13414124003083,424.54209202714236,6971628
2015-02-23,413.0738220214844,421.0231322946907,409.8831477745799,419.3457581645833,5090488
2015-02-24,414.3866271972656,418.6074164202854,411.6153070791919,415.51702881628427,6437676
2015-02-25,422.5548400878906,425.69080932792525,415.6994282036345,417.32209676300516,6044972
2015-02-26,411.70648193359375,420.98677014865535,409.3909279254229,420.71328372369953,6445776
2015-02-27,413.1012268066406,415.8178407038059,410.50310588332843,414.769476120715,7801076
2015-03-02,417.83245849609375,420.8955146789594,415.34375038593987,419.8927313431421,7040992
2015-03-03,418.9538879394531,419.8837151115877,415.3894391643554,417.5226244566242,4905552
2015-03-04,414.7239074707031,421.88013549131085,410.5760300829623,419.345845793577,4375228
2015-03-05,409.7920837402344,419.1179531804485,407.1939626601598,413.3382822066252,5684916
2015-03-09,399.2993469238281,411.8705986575917,397.284654482024,411.8705986575917,7984720
2015-03-10,400.7487487792969,402.38054210676034,393.8568824136611,400.7669990115525,6329916
2015-03-11,397.8680114746094,408.40636314033634,395.47959025497204,400.037696986449,6780912
2015-03-12,404.4499206542969,405.93584558947924,396.9199197058779,397.28456823110145,5688564
2015-03-13,404.8328552246094,406.5831862980851,399.72777485853476,405.6715648041432,6179684
2015-03-16,413.2652282714844,416.0639232112456,403.03686492999134,403.03686492999134,6818632
2015-03-17,408.4975280761719,415.60817462603603,404.25848878682973,413.2652899448865,5539312
2015-03-18,406.4919738769531,412.57250629466034,405.22482905963807,411.05008078295174,4905564
2015-03-19,406.6651611328125,410.04728526061353,405.2612731494125,407.4218335647164,6891740
2015-03-20,411.587890625,413.6754944933138,407.1209462681261,408.58866545936496,6430896
2015-03-23,407.2121887207031,414.7877720982824,405.7627194746055,410.7766375988705,5078700
2015-03-24,403.200927734375,410.84942062563334,402.20726953856433,407.4764222183516,6736532
2015-03-25,404.5957946777344,406.42811793263826,401.25012660648065,405.2885912752303,6170968
2015-03-26,391.3316650390625,403.8299565506639,388.71529429161285,402.5719370524771,15740840
2015-03-27,401.50537109375,405.61679226143815,394.3673937689177,394.5497180378816,10074220
2015-03-30,406.2184143066406,408.40630522750223,400.1834640448287,402.1343690594675,4623088
2015-03-31,404.45904541015625,414.5415415134112,401.90650573586197,409.31796919933413,8016412
2015-04-01,396.3638000488281,401.022193605446,393.4010309439914,400.91278124878,6738488
2015-04-06,397.13873291015625,398.3238407155839,393.8933518635093,397.2846012349153,7741752
2015-04-07,393.72930908203125,397.977473993666,389.80933679897333,396.5553356116777,8542268
2015-04-08,401.2137451171875,402.0068291102757,396.1998268940604,397.9227826172722,10185576
2015-04-09,403.8482666015625,404.55931346451456,398.26912601631864,403.19188141055895,10581548
2015-04-10,407.30328369140625,408.04170586865354,402.97308238918083,402.97308238918083,7123776
2015-04-13,408.18756103515625,409.13563828192093,404.048809247423,408.04169272501736,4872336
2015-04-15,403.6112365722656,409.3179952527292,400.21090666625093,407.7682389232645,6237784
2015-04-16,400.1379089355469,406.7654134182626,393.9115534245434,405.12449512119207,9007812
2015-04-17,397.3301086425781,400.1925903701469,392.62613424594497,397.4759769402944,6450316
2015-04-20,388.74267578125,397.4669099351607,385.6431631808382,396.73761285271087,12825384
2015-04-21,390.6480407714844,392.92709439188934,386.5457442547554,391.6325741303929,8881648
2015-04-22,389.7545471191406,392.9087656016964,382.50715805525783,392.18859370418903,12350984
2015-04-23,386.89208984375,391.9971692573339,385.0688471960415,391.7601388105798,11891800
2015-04-24,363.7733459472656,392.033605571224,361.00202616411286,389.4263598130427,43565452
2015-04-27,361.8498840332031,365.01320581614766,355.18592274674427,364.6485572588888,19822640
2015-04-28,357.5196533203125,361.36669083504023,355.8969629212909,361.36669083504023,10393500
2015-04-29,357.565185546875,359.54339908753667,353.3352498508426,357.51960448715295,8289056
2015-04-30,354.11932373046875,358.26720099388393,352.3052060936375,357.35557961730916,13134260
2015-05-04,363.3905029296875,364.64854486073324,355.51410326324805,357.2644118273034,13361592
2015-05-05,357.85693359375,365.32310297710546,355.9060729563942,364.64851213221243,9408516
2015-05-06,350.4364318847656,360.0904947269157,349.20574285215463,360.0904947269157,10508408
2015-05-07,354.4383850097656,358.6500712445623,348.2393597575372,350.42725102302956,6779984
2015-05-08,356.98187255859375,358.7322037333117,354.66636273260195,356.99099767661465,5777676
2015-05-11,363.4907531738281,364.6485077346098,355.93339949720115,358.2671588492541,4785512
2015-05-12,355.0035705566406,363.6639731106317,354.0737212600144,363.49077396210384,8284892
2015-05-13,356.75384521484375,358.2489173941228,351.6123103518148,355.85134909471327,7099084
2015-05-14,352.7610168457031,357.501448004749,347.87471736382645,357.35557968191813,6233844
2015-05-15,357.6746826171875,358.5589509889991,352.30524107851437,352.79750776819566,5189344
2015-05-18,363.3813171386719,364.44790943769465,357.64720672555234,359.1787347157168,6469976
2015-05-19,368.72344970703125,371.1574740405917,362.0959675419179,362.33299797407886,10272076
2015-05-20,373.2724609375,374.12937604440685,370.7746052582299,371.94148495642787,5882188
2015-05-21,373.4822082519531,375.9344612160439,371.4401849681561,373.56424528545807,10059312
2015-05-22,373.1175231933594,374.04739484961686,370.1365255924146,372.67083759879046,6888824
2015-05-25,367.7115478515625,374.9589366224982,365.93388645491785,373.8558660327984,4675808
2015-05-26,365.9795837402344,370.38269786973024,365.04060912484937,368.2950934948012,3965040
2015-05-27,358.9052734375,366.28940530146684,356.44389614951103,365.9247568143574,8454708
2015-05-28,367.6751708984375,370.48296950839,360.1269405920193,360.1269405920193,10980540
2015-05-29,368.8693542480469,374.9407391337125,364.83086718401415,365.5328111778447,18993044
2015-06-01,373.3636779785156,376.31732247914204,368.88760790015704,370.62881371631255,5724892
2015-06-02,366.2256164550781,374.6945913888603,365.56012847814395,373.4183216136249,4673140
2015-06-03,368.4591369628906,371.84123895771353,366.10714933115025,367.96684805966225,5495796
2015-06-04,369.76275634765625,374.6763866767033,366.9458329334114,370.11827978282616,7489464
2015-06-05,366.7725830078125,372.67076806082633,366.134448130996,370.1182285535604,6125788
2015-06-08,364.6576843261719,369.1428571531741,362.2783435747763,368.2950448017353,6141048
2015-06-09,363.20819091796875,366.04334235251866,361.54904443412124,365.33227321476073,7561740
2015-06-10,369.4801025390625,371.8229647631516,361.9136459610358,362.8252672354968,6385840
2015-06-11,364.2200927734375,372.80756168334756,363.74605410923425,371.2030991591721,9229464
2015-06-12,360.09954833984375,369.3069237184839,356.535100058036,365.5601511717526,9852924
2015-06-15,366.64239501953125,369.7333688288615,358.3319036849286,361.64499760243774,5236426
2015-06-16,369.9369812011719,371.28813849945186,364.6249415971686,368.0860931727599,5223444
2015-06-17,368.5859069824219,377.95139742431274,367.2902851499193,374.24962076001975,6412068
2015-06-18,370.8995666503906,373.120632943908,368.6229646619934,372.2507017559675,3474426
2015-06-19,368.456298828125,374.0274902928449,367.623399151933,373.99045897314875,6670458
2015-06-22,379.00640869140625,380.82028836123897,369.06714701934897,371.99155972936023,5710868
2015-06-23,370.3257751464844,380.3205729123195,369.49287533266477,379.4321374067039,6952116
2015-06-24,368.36376953125,375.7303137848679,366.92009025626874,375.7303137848679,7073694
2015-06-25,366.64239501953125,371.4732080039523,365.60590229623676,369.8814489009808,7117466
2015-06-26,372.1211242675781,374.4717435703493,369.4743447366141,369.80751369640444,5320284
2015-06-29,366.5313415527344,369.992492904043,363.6994740152299,365.3652731328569,5690668
2015-06-30,364.3843688964844,367.7529991431996,362.7741051204799,366.47588170334194,6212530
2015-07-01,369.2151794433594,372.028520410917,364.9951453981733,366.1056782949223,6880852
2015-07-02,365.7355041503906,370.6958935073792,364.6434756060704,369.80745814396784,4007568
2015-07-03,366.5869140625,367.5863982138757,363.5144441551118,365.73551000534667,2695306
2015-07-06,363.9956970214844,365.7355365827028,360.92322689082516,364.62500357688486,4305602
2015-07-07,362.95916748046875,366.4758549777298,362.40390103353275,364.6249668212766,3497418
2015-07-08,354.4451904296875,362.40401193803035,353.44570600056613,362.40401193803035,7024178
2015-07-09,347.2266845703125,357.5916602291278,345.7644781282446,354.44514976127317,8587772
2015-07-10,347.0415344238281,352.4461188823819,345.2461819232821,350.9654083355069,7411522
2015-07-13,351.7243957519531,353.51974878941434,345.76452046212125,348.3372603254857,6531768
2015-07-14,359.5350036621094,360.3679032844926,350.00293020594535,353.51961750045245,5367074
2015-07-15,364.2547912597656,364.97664216365405,358.33194912546054,359.07230439224867,4129566
2015-07-16,366.1241760253906,367.03111572674294,362.58898422021656,365.6244452684461,3472938
2015-07-17,370.8624572753906,371.8434370527911,366.1426923949296,366.8460389440677,3447978
2015-07-20,370.64031982421875,374.1755113646965,365.51336913185474,370.6958555014318,4377180
2015-07-21,411.8781433105469,425.3340909357707,383.13384170454543,383.13384170454543,38310112
2015-07-22,408.36151123046875,411.63757461681166,398.5518028425681,409.0463308917058,12665660
2015-07-23,406.4550476074219,413.4884227481696,403.4936264955281,408.65758648431284,7710748
2015-07-24,402.605224609375,409.5830646470865,400.939425095389,405.5481641967058,4480302
2015-07-27,394.3502197265625,402.7347063093507,392.5548221965038,402.3460469376595,6752244
2015-07-28,393.443359375,398.3112051671399,390.2598401928041,395.53487241736894,8476602
2015-07-29,401.7908630371094,404.2340266883441,394.23922932517075,397.5708284462285,7071334
2015-07-30,396.0900573730469,403.4936098473094,391.64792588848934,403.4936098473094,11956598
2015-07-31,398.69989013671875,400.2916270553523,392.38834258886294,399.2551566592502,7931012
2015-08-03,399.4031066894531,404.2339424837743,395.70133065938194,399.0514560416746,7961012
2015-08-04,391.3702697753906,399.4031056649622,389.05665976253067,399.05145501808573,9099054
2015-08-05,402.1424560546875,403.4936134307798,393.1101129183303,393.1286398747598,4753476
2015-08-06,402.3645935058594,409.2314072429549,398.68134382692216,404.9743641101698,7238252
2015-08-07,405.5665588378906,407.5655268627673,399.23653108219304,399.6067086724408,4988058
2015-08-10,402.0129089355469,409.54601472014184,394.9795339173375,406.4550405259949,3992754
2015-08-11,410.58251953125,413.45139610910354,405.6036033899692,406.75119017126906,7574406
2015-08-12,423.6312561035156,425.33406403251223,411.2673151785214,412.74802558420464,10168440
2015-08-13,428.6657409667969,431.94180430192984,390.7410568294014,424.59378660528154,9787960
2015-08-14,425.4267883300781,432.626727647222,423.1501860811104,431.2570880178734,5109066
2015-08-17,422.7984619140625,426.9814427404173,415.5244611950225,425.70434777218344,3107436
2015-08-18,431.016357421875,435.95822023749975,425.7043169393464,425.7043169393464,4150446
2015-08-19,435.1622619628906,439.10461694659386,430.44249792940025,433.10775836735337,6869518
2015-08-20,419.9849853515625,432.5524959345762,417.56030416277446,429.0358089757585,8369114
2015-08-21,425.6672058105469,429.75764093320544,413.6734432505756,422.3356076098711,10822142
2015-08-24,404.2525329589844,415.70951349720565,399.2736163035868,410.8786769438177,14122684
2015-08-25,401.8833312988281,414.22874555370714,386.6505136111234,407.1953709643234,13735078
2015-08-26,394.091064453125,406.08482774681426,392.01807892787264,403.4195670983035,11498212
2015-08-27,400.8283386230469,407.23238423436646,399.06999495606976,402.7532441412904,15343392
2015-08-28,411.2858581542969,416.41280909614375,407.78765257198893,407.78765257198893,7208820
2015-08-31,405.1224365234375,420.0961046616283,400.7173133712386,420.0961046616283,9917064
2015-09-01,403.12347412109375,412.60001323552746,400.53223048578826,403.4936517832802,9071550
2015-09-02,406.9918518066406,412.74813308301583,403.4936906372083,406.4551122198667,11171830
2015-09-03,406.9548034667969,411.6375599261593,404.4190955209794,410.9527402893623,8590536
2015-09-04,397.5522766113281,411.26737687657754,394.9795599705745,408.3059556209406,7318888
2015-09-07,391.925537109375,401.6426991864669,390.53737109836186,401.6241722312418,5180988
2015-09-08,391.94415283203125,397.57083559592286,389.53799786799635,393.12870335462765,5459496
2015-09-09,403.0123291015625,407.0472739195969,396.8303813478079,402.420053987836,9148664
2015-09-10,399.9584655761719,404.0489471103189,392.7585276079234,401.6057834030795,8363004
2015-09-11,403.771240234375,409.5645290424101,401.82780772350594,404.0674004063485,9883810
2015-09-14,407.1028137207031,408.67606851344055,400.77278582746334,406.82518052198475,6557076
2015-09-15,406.8992919921875,408.38000272751236,402.8088556984759,406.9733546415771,5291886
2015-09-16,407.80621337890625,410.80464327856487,406.56612730044446,410.1568323970713,7478240
2015-09-18,408.8427429199219,413.8216601003474,406.84381948896333,411.56358516661857,11576876
2015-09-21,408.9167175292969,410.4714454603422,404.41905040261156,407.1953825564052,4351234
2015-09-22,409.9532470703125,420.5033107812193,407.6026278775285,412.7481065845994,9626986
2015-09-23,413.2108154296875,416.9496007803573,406.2514573052642,409.9532339272547,4758254
2015-09-24,422.2060852050781,426.7037069529789,410.8971413040197,412.19276292074414,13399262
2015-09-28,409.24981689453125,423.05741268089565,407.5654909323144,421.9838887262789,9788464
2015-09-29,415.2837219238281,419.55929118008316,406.26990660970745,407.9357057712051,8699370
2015-09-30,430.1278991699219,432.7191427008096,416.80150386821344,419.92953210026286,9495692
2015-10-01,434.23687744140625,443.3802466271841,429.40604140057064,433.070808894891,10864394
2015-10-05,437.45733642578125,440.27067687572855,430.1463295339605,434.21828273953156,6881760
2015-10-06,427.4071044921875,441.4553733841718,425.0009497737194,439.4193963146989,8711880
2015-10-07,419.4853210449219,432.6451553975504,417.7269770978516,427.9253900659408,9182488
2015-10-08,419.0965881347656,425.5561693223701,416.83851376242717,420.66984296951654,9080874
2015-10-09,432.1454162597656,434.1813934224538,420.52182851160484,420.52182851160484,11782138
2015-10-12,415.6724853515625,451.54270808117565,410.5270070640759,443.8429950133697,30404970
2015-10-13,406.9732360839844,411.267286927962,401.7166873922717,409.95313845811074,15326862
2015-10-14,406.3070068359375,412.95172321143275,402.45714998035345,404.0304050983038,8865510
2015-10-15,406.2144470214844,408.8056906469577,403.1604813200336,407.1584181315593,8255666
2015-10-16,409.03497314453125,411.46325633583206,407.2044120796649,410.5666503445429,6418992
2015-10-19,415.4044189453125,416.91744403998905,411.1269239838781,411.687296892534,7347494
2015-10-20,420.6346435546875,422.1476689279951,414.9001688540635,415.7967747936801,8788310
2015-10-21,425.2857666015625,428.44251632468934,420.2797585787259,420.2797585787259,7278098
2015-10-23,429.5819091796875,430.74000414650516,420.31705823861193,426.55590439436804,6033362
2015-10-26,430.4225769042969,432.7948138500614,427.060338384961,431.1136945903935,3195942
2015-10-27,429.39520263671875,431.4872529241808,427.41519959844027,429.6193427383618,5263748
2015-10-28,430.8147888183594,432.6080008455582,425.5099421097502,427.56464332274726,5255472
2015-10-29,427.77008056640625,431.82343608155605,424.40784261965644,430.77738825681445,5887324
2015-10-30,424.18377685546875,427.7515041488534,422.1477726534536,427.7515041488534,4044676
2015-11-02,422.59600830078125,424.31452226050266,416.2077641913541,422.14772806980625,3544988
2015-11-03,427.9382019042969,429.78741465332024,423.41786860413805,423.41786860413805,3614682
2015-11-04,424.6881103515625,432.4585899529069,423.00699105661516,429.656724461328,3205572
2015-11-05,419.49530029296875,427.75145461955515,418.18776309544177,426.98559316254943,2345306
2015-11-06,425.24847412109375,427.3405245215896,419.49530131727136,419.5326504023505,3026172
2015-11-09,423.8661804199219,425.88353258968635,416.61867960431914,418.4118916670603,6125676
2015-11-10,412.3785400390625,421.2137647122183,410.97760734046307,421.2137647122183,4680052
2015-11-13,411.2391357421875,413.1817441460479,407.2044313916747,410.92155451948963,3520868
2015-11-16,403.5433654785156,408.69881669088414,398.68679818694204,404.83225108324956,6808334
2015-11-17,396.5573425292969,404.55200744847036,393.0083130860295,403.4686103925017,7184106
2015-11-18,381.0536804199219,390.4492778372056,377.78483757318236,388.8989032520968,10125252
2015-11-19,391.4392395019531,393.008265667301,382.47324866228,384.8828571328297,8539622
2015-11-20,393.15765380859375,397.1923115118471,389.2910897417514,391.513884105817,6082978
2015-11-23,393.64337158203125,396.89356264473037,387.77815188063823,392.26113629544335,5616350
2015-11-24,388.9549865722656,392.56006271727756,387.40461184009894,392.26117881591506,4325802
2015-11-26,393.15765380859375,395.8100765363675,388.54392584078613,388.88011311360816,9853968
2015-11-27,398.369140625,399.73272399104394,390.393174365085,395.2497401705836,5142478
2015-11-30,406.4198913574219,410.3051535116849,394.57731388340153,399.73276403469134,18105534
2015-12-01,403.0950012207031,409.0723135650324,400.834811749194,406.4572394143883,5898550
2015-12-02,396.2583923339844,403.449845528643,395.62332120225744,403.449845528643,6397616
2015-12-03,395.1563720703125,397.7901434887388,391.9062268164557,396.370513605863,5504726
2015-12-04,391.9061584472656,397.82742316700586,388.56257267069986,391.8874611086714,8375530
2015-12-07,390.86016845703125,395.623338968694,388.52528095131424,394.2411038066181,4513870
2015-12-08,390.1690673828125,397.02428826896613,388.26380821819623,390.41190481433506,5724372
2015-12-09,384.11700439453125,391.12166708118946,382.0062797192667,389.6460363831759,6818254
2015-12-10,391.2711486816406,392.8588723849487,384.90160212798264,387.25514166739066,5587746
2015-12-11,393.30712890625,396.70671582192875,390.72940410969557,393.75540904335975,5390198
2015-12-14,399.54595947265625,400.90954292905195,391.53264360392467,392.07431927681415,4816672
2015-12-15,402.5533142089844,403.13233896409173,395.5486515024799,400.9468933203169,5431808
2015-12-16,409.3898010253906,410.1930113978708,404.7387236456567,404.7387236456567,5495852
2015-12-17,413.5926513671875,414.6013501981408,406.45724379981266,410.9402281064282,4958782
2015-12-18,404.6453552246094,412.2103907770307,403.2630744530681,412.2103907770307,7219820
2015-12-21,412.22906494140625,413.7047412938749,398.2197390821903,402.34783867668233,4331012
2015-12-22,404.8695373535156,409.98759307921136,403.50595378179656,409.98759307921136,4109254
2015-12-23,411.25775146484375,411.87417090930825,406.10234702767076,409.09100314311246,2870928
2015-12-24,409.5766296386719,412.6026348145016,407.2417420642241,411.706074468532,1230054
2015-12-28,412.71478271484375,414.67608853901476,407.2044473040776,407.2044473040776,5526952
2015-12-29,412.69610595703125,414.67610922437,409.93163504482715,411.4072660210248,3345062
2015-12-30,405.8221435546875,413.40583076868126,404.5893047172875,411.3511297751955,5153970
2015-12-31,412.9576416015625,414.65741270873434,406.08372218811746,407.2605148643327,7943938
2016-01-01,412.9015197753906,414.2837549818705,408.3998382784438,410.9402142075817,1806550
2016-01-04,403.0576171875,411.8554456694291,401.99291763914806,410.9214906966169,3975362
2016-01-05,401.2458190917969,405.5233153234974,396.83753265995864,405.5233153234974,4949786
2016-01-06,399.4898681640625,401.4698708347977,395.58595484168575,401.4698708347977,5588328
2016-01-07,392.5599670410156,398.94820984696526,391.4765701667272,396.01560039312574,5294088
2016-01-08,397.2298278808594,398.76150522641444,394.3158695330974,396.5573619226745,3156716
2016-01-11,394.3905334472656,399.71407741009807,393.04564725099465,394.6147191493737,5360622
2016-01-12,392.2425231933594,397.09909068576445,385.10711392132896,396.7442059180183,6565212
2016-01-13,404.73870849609375,407.5779222988789,391.551246939342,394.8761355361274,8751294
2016-01-14,423.2684326171875,431.4872371340261,393.8861973488347,398.23843704317903,30227006
2016-01-15,425.84619140625,434.8495097643933,424.9682827022095,428.8721969153982,13036614
2016-01-18,422.8575134277344,434.13967261382385,421.5312789656536,425.8461696998932,10066612
2016-01-19,425.7527770996094,432.9628830434779,421.6060256143185,424.01561150889574,7500436
2016-01-20,418.87884521484375,433.35514867265886,417.2911216097931,423.64201602999583,7507998
2016-01-21,424.781494140625,426.81749810031744,419.15906596810163,424.01563268609215,6743000
2016-01-22,424.48260498046875,430.5533133025217,422.52129921488245,428.9095431592795,6436018
2016-01-25,425.005615234375,428.44255174737935,420.1116996505168,425.9769194138522,4579262
2016-01-27,425.3230285644531,429.46977887907974,424.01549180558123,428.2929866754425,6971962
2016-01-28,421.9982604980469,426.85482698622246,420.728072449715,424.38919465903473,7788598
2016-01-29,435.1857604980469,437.09101992578536,422.74545938192415,425.136393739781,10232108
2016-02-01,438.3424072265625,440.7893874375077,433.9528189604187,437.0909167138902,4251126
2016-02-02,439.1642761230469,444.56251701694663,434.849386393047,439.6499052922828,7632702
2016-02-03,432.49591064453125,439.2951311530138,430.64669778280575,436.2691257414282,5245966
2016-02-04,440.7334289550781,446.4118579442116,433.3738807200893,433.3738807200893,5549346
2016-02-05,438.8467712402344,443.31110364544696,437.782071626725,439.1456550911334,3984224
2016-02-08,429.9180908203125,437.91270740790725,427.30301738613366,434.7559584322388,4221044
2016-02-09,413.798095703125,421.5125728307559,408.51190148325924,421.5125728307559,7579572
2016-02-10,414.1343688964844,421.21372997493074,412.80813447653964,413.9288805429918,5866054
2016-02-11,402.96417236328125,415.7967029982342,400.1623077878215,415.0495391114449,5214378
2016-02-12,405.2056884765625,412.5839323038609,398.6119576570829,408.96015987229066,7408096
2016-02-15,407.858154296875,411.0149040004332,405.9341978488756,409.5392733207687,5093478
2016-02-16,403.151123046875,408.23183036915646,401.11507328681625,406.0837333436496,5125448
2016-02-17,410.1370544433594,412.0610111682914,402.34787763213944,404.1223924127826,4164598
2016-02-18,419.6820068359375,421.0268928477165,410.9401793544704,410.9401793544704,4189072
2016-02-19,421.1202697753906,423.7166461891638,416.114262326957,418.11291671776803,3974018
2016-02-22,420.89617919921875,423.62330050061433,416.18905501051375,422.52125181631936,3857010
2016-02-23,419.8688049316406,423.08160090394375,416.9361954500024,422.24104143194916,2501960
2016-02-24,420.4105224609375,427.2844408374695,417.79544828750596,418.2250767366532,4950714
2016-02-25,414.78814697265625,422.37183483472637,411.3511649278771,420.42922651618505,4484528
2016-02-26,418.841552734375,422.8949091296702,416.917595926424,418.4679706591721,4235636
2016-02-29,404.98162841796875,422.29714683911334,399.09771129211447,421.96091388269497,8166076
2016-03-01,420.4478454589844,422.2597546493599,408.9975935925733,408.9975935925733,6386154
2016-03-02,431.86077880859375,434.66264372300935,420.27973716234254,424.781418366145,7214898
2016-03-03,436.8294982910156,445.6273279846989,431.1136748288374,436.34382339695156,5814304
2016-03-04,437.333740234375,442.6946323578866,433.01885025995944,439.18295273582874,4281680
2016-03-08,434.64398193359375,444.74939379279067,428.6480178882718,434.47588826628777,7617746
2016-03-09,440.2664794921875,442.22778540422314,426.9856183608053,427.75147986300783,6305782
2016-03-10,426.8175048828125,434.43858805126644,425.640712269482,434.43858805126644,24381016
2016-03-11,427.00421142578125,431.84207991934977,425.2109996456773,428.19965554367053,4058548
2016-03-14,426.3316955566406,431.20695815920055,425.32304255079043,428.12490712622383,4174262
2016-03-15,423.7914123535156,431.3004011215963,421.7553631759517,427.3777902841976,6720258
2016-03-16,430.5345764160156,431.48722879882894,422.72674875846513,426.59331350626746,5588850
2016-03-17,434.00885009765625,436.99750583321145,431.1322871934913,432.1969866786294,6474622
2016-03-18,445.8327331542969,447.92478307050305,434.1022501483941,434.4011339663955,8477422
2016-03-21,446.3931884765625,447.9248657190834,440.8455043062016,443.81546328129366,5138392
2016-03-22,444.5439147949219,446.05694024560756,437.8381356514674,445.02958967134003,7097950
2016-03-23,451.2123107910156,452.29566199543166,441.6112270302085,444.5625336431144,6333176
2016-03-28,450.12896728515625,462.12094053405986,446.7106828161699,460.40247243041625,10787510
2016-03-29,447.27105712890625,455.35911668751504,445.14165793389463,447.9248256400573,6995356
2016-03-30,450.52117919921875,452.0342044886084,446.6359630151557,447.40177872691413,5756818
2016-03-31,455.13507080078125,459.46861385092836,448.4105932943621,452.12771678576445,17996320
2016-04-01,450.3344421386719,456.59194117335994,446.46787722893765,454.2757508167557,5511428
2016-04-04,464.6240234375,466.2304446531788,453.3605599952112,453.3605599952112,4577054
2016-04-05,455.6954040527344,464.1010002002643,453.52860991561556,463.98890734365284,4790716
2016-04-06,448.55987548828125,458.75868201876875,446.80405838310054,458.75868201876875,4931354
2016-04-07,441.3871765136719,451.4365424250319,438.9588932742822,451.4365424250319,5657890
2016-04-08,435.50323486328125,439.89282354837115,434.120999646307,439.2764041017251,4195578
2016-04-11,442.2837219238281,443.34842146225776,430.03021455341803,435.52189710433726,5768678
2016-04-12,441.64862060546875,446.3931393507458,440.30373453085286,441.01354944901084,5842138
2016-04-13,438.099609375,446.411809182677,435.72737270784563,446.411809182677,12511386
2016-04-18,462.7562561035156,473.6648837810413,460.8136468913804,466.9777532340701,25015990
2016-04-20,464.58660888671875,465.65130856416675,457.9368760359701,464.7360508211428,8072848
2016-04-21,458.1238098144531,467.3512706988458,455.06040881560426,467.3512706988458,5441100
2016-04-22,452.5012512207031,458.9455414857658,450.91352753220946,458.12367922950335,5143938
2016-04-25,454.2197265625,457.56331327336994,448.70939132268705,452.8001421338707,5364134
2016-04-26,460.30914306640625,463.0736594233551,451.5112673366214,454.07029531983164,5846744
2016-04-27,463.29766845703125,464.11953051289873,458.96412691985915,459.2069187068661,4486208
2016-04-28,451.7167663574219,463.0923220795219,450.91355579107346,459.879525417408,12165168
2016-04-29,451.3244323730469,457.0963019840617,450.1663372236657,452.57592302807603,5036410
2016-05-02,448.69073486328125,452.4639044095272,446.86017371610933,452.03427593570973,3615250
2016-05-03,440.0050354003906,452.8562237354494,437.76354269963116,449.3258909730676,6824810
2016-05-04,444.13299560546875,445.68337017980895,437.33382077278713,441.2003857354186,5812842
2016-05-05,445.4778747558594,447.92485530094024,441.2377278234154,446.48657360182165,6302668
2016-05-06,441.3871765136719,444.4879256606644,439.7247546910924,444.4879256606644,2596720
2016-05-09,447.94354248046875,448.87749753705344,441.050926800909,441.5739507532513,5123678
2016-05-10,453.0802917480469,454.51857340328337,447.02823566674783,449.2323787037035,3395704
2016-05-11,448.9895324707031,453.79005220926473,445.49654977550784,447.73804184985005,3709888
2016-05-12,452.0342712402344,453.1550173672763,447.10300652256063,449.75542990257117,3406932
2016-05-13,451.00689697265625,452.0342475352364,445.3658175496896,450.5399194442108,5652064
2016-05-16,453.9022216796875,457.1337157530427,450.16640092512216,452.10900947618387,4533878
2016-05-17,453.6219482421875,457.9181412871001,451.3431071390187,455.77004476464384,3796294
2016-05-18,451.9782409667969,453.52861561860345,447.513953642505,447.9248847831182,4256596
2016-05-19,450.4465637207031,454.33182622116,448.67204895589003,452.3891721692924,3954400
2016-05-20,448.89617919921875,455.58330697077776,448.29845704381574,450.1663672814983,3994548
2016-05-23,443.81549072265625,450.22243222201035,442.69474453396265,449.5686636119391,4585946
2016-05-24,443.7220458984375,445.2163739839722,439.9301792607386,444.9548848103132,3485060
2016-05-25,451.5299987792969,453.19242082589284,446.0943611696531,446.0943611696531,3857396
2016-05-26,461.0561828613281,463.16693004594026,452.0715185247631,452.0715185247631,6136436
2016-05-27,466.0435485839844,470.52653261845956,460.10358561765037,460.10358561765037,6180764
2016-05-30,473.55255126953125,475.1963212498552,463.8020698362384,463.8020698362384,5285700
2016-05-31,466.4731750488281,473.23500015177524,462.8680996155907,472.58123164949336,13782038
2016-06-01,470.0408630371094,473.8887759510997,465.48318079232973,465.50187813399145,4840534
2016-06-02,471.2923278808594,476.27963779923607,468.47176591336034,468.84534786384944,5053552
2016-06-03,473.2910461425781,477.9234720751922,470.73201855662563,470.73201855662563,3998380
2016-06-06,473.235107421875,477.0643238032243,471.1243595154017,472.5439896834586,4225768
2016-06-07,469.7420959472656,475.3831759876419,468.88283895957153,473.3284746375971,5692420
2016-06-08,462.5319519042969,472.1890392964387,461.504601211446,472.1890392964387,8741370
2016-06-09,448.038330078125,463.43905715588426,445.9786193889186,463.43905715588426,12740804
2016-06-10,446.1864929199219,449.7390628109983,442.2182070715895,444.2212650487437,6383956
2016-06-13,446.2998046875,447.8115323374641,440.66860996453045,444.75029307314014,5286722
2016-06-14,444.0699768066406,446.8666820576375,441.14100461919253,446.8666820576375,2940728
2016-06-15,449.7200927734375,450.740536690239,445.6006715419603,447.35801815251256,6711572
2016-06-16,448.2271423339844,449.5499037152398,442.21801711800134,449.5499037152398,5302564
2016-06-17,445.7706298828125,450.77822703919,444.10772046818226,449.36098256096994,8515082
2016-06-20,456.8252258300781,457.97793668401897,445.8462846790684,446.3376146476296,6229566
2016-06-21,455.8236389160156,459.1116740079351,451.87426915722375,457.75108230961615,4761724
2016-06-22,453.3292236328125,458.0344563956408,449.0397066502161,455.0299168436067,3031258
2016-06-23,457.90228271484375,459.1305613949449,451.005025511199,452.497884202958,3828626
2016-06-24,451.45855712890625,453.14033558374757,438.400991890865,448.98308479857553,7808348
2016-06-27,440.7440490722656,447.1688897067549,438.40089035338843,442.9549870215365,5583778
2016-06-28,438.0796813964844,443.12506200137597,436.5490390612421,439.45914177583444,7655974
2016-06-29,444.7690734863281,445.9217840437616,438.47649916862014,441.8023177904635,5459150
2016-06-30,442.4826354980469,447.6602834720057,441.4054928009428,446.1485560478706,9346224
2016-07-01,443.0874328613281,445.959706489832,442.21817091191883,445.959706489832,3991912
2016-07-04,447.45245361328125,451.47743756669655,444.52348139442137,444.52348139442137,5381322
2016-07-05,444.239990234375,448.7940876405582,442.577126943368,447.8492579823676,3596416
2016-07-07,437.3616638183594,442.5582271171301,436.51131709674235,441.6889653479945,5954876
2016-07-08,437.72076416015625,441.04658375960975,435.94450245647806,439.53485596608925,5551648
2016-07-11,444.08880615234375,445.4682203960392,438.4009137742429,441.19761848551593,6668882
2016-07-12,444.65570068359375,446.09181391713145,441.4243651731872,445.95954700715833,6197368
2016-07-13,451.175048828125,451.9309125077605,444.14547970010875,445.95957098493705,5275420
2016-07-14,444.5423889160156,452.0254588473299,439.9127232291113,451.62861190617525,7413328
2016-07-15,405.3507995605469,449.7010902384909,397.5842820608832,449.549908280818,61484126
2016-07-18,408.9034118652344,410.018338681097,398.7748643505009,407.1271503406619,14332824
2016-07-19,410.7930603027344,411.94577105158476,405.93664461397924,411.4166571646655,10404644
2016-07-20,409.3380126953125,411.9079679499324,404.3871142615794,404.3871142615794,9822896
2016-07-21,408.12860107421875,410.88747581100455,406.50347571715093,407.78845319317463,8668002
2016-07-22,405.31298828125,408.12860820403114,403.1398801748338,404.38707371569774,9386538
2016-07-25,408.4876708984375,409.39471665422644,401.7415959413272,401.7415959413272,8469552
2016-07-26,411.45440673828125,411.90795266098957,404.51936617889953,404.51936617889953,7189610
2016-07-27,410.1882629394531,414.40221166476425,407.61835442363383,409.9425980467732,7431820
2016-07-28,407.2216491699219,410.79308740731045,405.91780248243543,410.2073206041467,11258562
2016-07-29,405.8421630859375,406.93817482683545,403.0643728375389,405.36974820919403,8156784
2016-08-01,410.15057373046875,411.13318739391724,403.7635157166593,404.9540103682997,9096662
2016-08-02,409.6026611328125,410.0561610138661,406.2768415575171,408.12871731798225,6822502
2016-08-03,410.01824951171875,410.6229312097967,404.5004540485902,410.3016983827793,7213460
2016-08-04,405.0673522949219,410.77411367919433,404.4059715949572,410.5851477649187,4237278
2016-08-05,403.6312561035156,405.6909664379789,400.6078010016166,405.1429836544651,5609968
2016-08-08,407.67510986328125,408.5443716609462,401.57154676854213,404.0091889968099,4643064
2016-08-09,409.45135498046875,409.86707076776634,404.9539569641878,407.03258203493255,7192664
2016-08-10,409.0545654296875,411.15210583963966,406.3523432321745,406.65470719308655,5576454
2016-08-11,407.1649169921875,413.8354241517141,406.37126924121515,408.80891150511536,5038552
2016-08-12,401.5715637207031,407.7129571709772,400.6078189101846,406.29571252860626,7449928
2016-08-16,397.50872802734375,399.8708020288985,388.5139317757202,393.8049775392028,16429408
2016-08-17,390.51708984375,397.83006361447406,389.45886196403603,396.809619701692,6599316
2016-08-18,386.7755432128906,392.70905601146075,386.05746332493334,391.7264422283831,8434000
2016-08-19,385.9817810058594,392.6711791426978,384.9046844958902,389.2697926053693,5686016
2016-08-22,383.77093505859375,389.26983934070853,381.3710537621852,384.7346567464478,10253518
2016-08-23,392.91693115234375,393.805061940423,385.52834363823814,385.52834363823814,7406138
2016-08-24,399.6251220703125,401.3825142882003,395.69462185275574,395.69462185275574,6129966
2016-08-25,391.5941467285156,399.7007675156634,390.06350408248056,398.7181538042311,4796562
2016-08-26,385.5849914550781,395.31673713502744,384.3756048542408,391.5374184243675,6881054
2016-08-29,386.5487060546875,389.2698200901026,382.0891146709648,384.5834557476026,5220282
2016-08-30,393.2003173828125,394.9387947164347,387.3801574969814,390.1957314075236,4375438
2016-08-31,391.4806823730469,395.22221676941035,388.4383587794021,391.9530971671772,11139814
2016-09-01,392.1231994628906,393.2191648926504,390.0256592949559,392.2932503373684,2877826
2016-09-02,389.9690246582031,393.04917889272514,387.8337001806347,392.69016203878897,3332592
2016-09-06,394.93878173828125,396.4127251744912,391.38621313502773,392.38774176054596,8215044
2016-09-07,398.47247314453125,400.2298656340831,394.5608873673114,396.0726149051172,7425470
2016-09-08,392.1610412597656,394.93883146956466,387.00226165055903,394.93883146956466,9092774
2016-09-09,391.3484802246094,393.42710566278936,387.9660081925498,391.91537807138576,5053438
2016-09-12,398.3402099609375,399.8519375129714,387.4746681806937,387.4746681806937,6203096
2016-09-14,395.1655578613281,399.7763544004123,393.29481354046663,398.3212797794512,5152418
2016-09-15,393.8805236816406,395.6190469580936,391.29169994588653,395.1655010943103,4701722
2016-09-16,400.66455078125,402.3085454743712,392.33113314697863,396.450600472161,9949384
2016-09-19,401.0612487792969,403.9713516178746,393.55931100786813,395.31670328469465,5809154
2016-09-20,396.8851623535156,399.53068544249015,395.2222528993079,398.07565697040644,4214004
2016-09-21,399.0015563964844,401.0801816014862,397.2252951295503,398.3401756494383,4231532
2016-09-22,400.1543273925781,400.98575914633795,397.58437193397504,400.2298953213684,3629514
2016-09-23,394.0129089355469,400.1543021256384,393.0491641658578,399.4740062724151,5205294
2016-09-26,391.4996337890625,394.5608727125663,389.64775839718,394.0884578745484,6371798
2016-09-27,392.9546203613281,396.79063766383945,390.53584742174536,391.1783592134936,6525660
2016-09-28,392.6522521972656,393.9183607218617,390.498059242613,393.04909906829664,5434708
2016-09-29,388.96746826171875,394.91989530774276,387.00224096054586,394.91989530774276,8902638
2016-09-30,391.5563049316406,394.5230606764137,389.68551462566626,389.68551462566626,6502354
2016-10-03,392.3309631347656,393.0490427281381,387.79578187251786,391.34834975479515,3656160
2016-10-04,396.52606201171875,397.3575397275608,392.40664192610774,393.0491075905818,5066586
2016-10-05,393.6159973144531,396.7717188389948,391.9153040951396,396.5260539249094,2307574
2016-10-06,388.2872009277344,394.9387924152444,387.739172051961,394.9387924152444,3721882
2016-10-07,382.67486572265625,390.7059400906008,381.7489281357247,389.2508656534009,6288558
2016-10-10,389.25091552734375,389.93121135486854,381.7111930878771,384.35671620828816,5413170
2016-10-13,397.71661376953125,399.85193816712524,386.01964027023814,386.01964027023814,9778690
2016-10-14,388.1927185058594,409.18680560936485,376.51461482666707,397.9244638828096,33461690
2016-10-17,386.3975524902344,393.72943998323456,384.48897809611503,391.1405697705103,8014858
2016-10-18,392.69012451171875,393.2381072646782,388.24942507840785,389.26982266469827,6388134
2016-10-19,393.7294616699219,395.2033591343127,391.5374382530237,393.80502959425746,3509836
2016-10-20,391.7831115722656,397.0930270624519,390.7060148890386,394.84435072142946,3535490
2016-10-21,396.615234375,397.64657571803747,390.57984982871596,395.35466461879804,3863620
2016-10-24,392.3368835449219,398.2958417283957,391.7257167159318,396.30953787691783,2902974
2016-10-25,388.5553283691406,396.8444114083977,387.79135801187317,395.9276376538667,5636014
2016-10-26,387.4093017578125,389.567503632427,385.53756540009226,388.478855398858,2775216
2016-10-27,383.3221130371094,388.8418033336826,382.4053393153963,388.8227087383395,7227790
2016-10-28,381.0301818847656,385.8049961940985,379.368555830927,383.9714721622193,5840706
2016-11-01,377.9552307128906,384.58266407945257,376.7901806085486,384.58266407945257,6332798
2016-11-02,374.7465515136719,377.2103605569233,374.34547174256693,376.17899592085007,5377194
2016-11-03,369.3223571777344,375.1094419056529,368.6538831213852,374.7465513264441,5225108
2016-11-04,370.9075012207031,374.0397834428341,367.08765053871855,369.3795609479093,6005548
2016-11-07,373.5624084472656,376.6373844586938,372.43554751240003,376.255399281758,4537672
2016-11-08,375.338623046875,377.3058560208829,370.75480095398655,376.98117794844654,5261108
2016-11-09,366.0563659667969,372.282719272445,344.16862145190555,355.24619084380925,12764158
2016-11-10,358.83685302734375,367.6607005138674,357.15610907061404,367.6607005138674,7287330
2016-11-11,352.0184020996094,360.975958320846,350.9297537733397,359.0660326154447,7096782
2016-11-15,352.7823486328125,359.0469138506136,347.05257190233147,352.95424659763114,9235850
2016-11-16,359.4098205566406,365.50246476944176,354.69229018074395,355.24617328586834,12222616
2016-11-17,355.1697692871094,362.50388844758345,353.8710338335447,356.8696077788776,5706730
2016-11-18,351.4263000488281,356.48760273974875,350.4713372769563,355.24615113631535,6040228
2016-11-21,348.0267028808594,354.06208763155325,346.4414783055781,354.06208763155325,7940568
2016-11-22,349.2108154296875,354.7305052988707,348.23675799736634,350.242179958125,5483126
2016-11-23,351.5218505859375,352.5341206061811,348.54237094069754,352.2285138203929,8251786
2016-11-24,355.36083984375,359.02791188606614,352.68694334633346,354.55868022033593,16780644
2016-11-25,373.3905334472656,376.2554224506973,355.41813442864265,355.41813442864265,12631380
2016-11-28,374.24993896484375,375.66328863838356,370.75476562624743,374.07804098983496,7365712
2016-11-29,371.5187683105469,376.1408028723646,369.41784986822734,373.88708103570286,6125506
2016-11-30,372.6456298828125,373.1995130451191,367.10684488879593,371.67157235711454,8500918
2016-12-01,372.6647033691406,375.70148997743775,369.37964040182106,372.8175067550955,4611590
2016-12-02,368.4247131347656,370.3728282641003,367.12595417219205,368.5393040280455,4453228
2016-12-05,367.3360290527344,369.9908071952738,365.94177392855426,368.9594659412483,3659576
2016-12-06,369.18865966796875,374.15446678197145,367.33604095509276,367.39332474077065,3562110
2016-12-07,369.1504821777344,371.67157500509364,366.7821694315493,369.7616491314806,3385980
2016-12-08,376.1216735839844,376.6755333797075,370.54467660825077,370.54467660825077,5941662
2016-12-09,377.9169921875,385.0983315329579,374.9184181384878,376.25536614000055,8648384
2016-12-12,373.33319091796875,375.41501472583553,368.69208516149274,375.41501472583553,5345020
2016-12-13,378.24169921875,379.253945874929,370.9457688838266,374.5364386103882,4854282
2016-12-14,381.8896179199219,383.87594517665815,375.9115415569073,378.54724817068524,5382614
2016-12-15,379.06298828125,389.2238081714595,377.7833472397667,380.99203211341717,7966416
2016-12-16,383.95245361328125,385.6904817032066,381.12575365649246,383.43675957702146,6436742
2016-12-19,383.7613830566406,385.13652024497173,379.7314211483058,384.31524286210663,4124134
2016-12-20,386.62628173828125,389.2428707091921,382.48172884162335,382.74912311149217,7636498
2016-12-21,382.5772705078125,390.3888724721417,381.31672401694277,388.0969612834599,7343976
2016-12-22,376.1407775878906,384.65904167305877,370.33459871105305,382.94010851761806,7060054
2016-12-23,377.5732116699219,384.50622788726577,371.900718421707,376.2171691024405,7306036
2016-12-26,375.3959045410156,379.6932374599537,372.4737088303284,377.4013265698534,3213828
2016-12-27,381.5841064453125,382.71096740759003,374.3454825033878,375.3959417655147,4912816
2016-12-28,381.4120788574219,385.72850533231394,380.0751311598746,383.1119170214927,5476816
2016-12-29,379.06298828125,385.04106574083403,377.45866915895016,383.41762870770054,6240124
2016-12-30,386.03424072265625,386.56902933806504,379.215814106091,381.2212364420839,7267768
2017-01-02,382.40533447265625,386.93187260882024,381.73686044244215,386.22518607387957,2335222
2017-01-03,379.6358947753906,383.85684892061136,375.10938051756045,383.55124217895985,6778482
2017-01-04,381.1256408691406,383.58944947452125,379.0247227786567,380.09427641636256,7073586
2017-01-05,380.5145263671875,385.6140189261367,377.687826858066,382.59632683706167,8207074
2017-01-06,371.3851013183594,381.5458980558747,369.78075885598173,380.0370752056105,14393448
2017-01-09,370.65924072265625,373.18035642757405,368.61562971790414,371.38502175464487,10545692
2017-01-10,370.73565673828125,374.7274059394808,369.74250474355716,373.19946544635343,11939854
2017-01-11,370.18182373046875,373.75339910508416,368.21461406812614,372.129962111493,12241574
2017-01-12,382.0042724609375,383.665921973365,373.4096059589761,373.4096059589761,11855740
2017-01-13,372.7410888671875,397.26453911795,367.7370929406453,393.44468778027743,31276246
2017-01-16,365.04412841796875,368.7875783326846,363.8217712399225,368.615680347338,12351372
2017-01-17,364.9485778808594,368.2336404511925,363.80262256825193,365.2732558936233,5560094
2017-01-18,363.1915283203125,367.0877820749604,362.8095431152397,365.9800156544386,5952962
2017-01-19,365.97998046875,366.55295822127255,362.16012878526647,363.2678950992864,8876480
2017-01-20,362.38934326171875,364.0891819678036,361.35797861755856,362.8859193305292,9124742
2017-01-23,363.9172058105469,365.9417221574912,359.0659904259308,360.9759159069198,7948580
2017-01-24,361.18603515625,362.88587364834933,359.10421153399454,362.88587364834933,6826010
2017-01-25,357.7672424316406,361.6634951918392,357.0796739009046,361.39610095363054,9978090
2017-01-27,359.8873291015625,361.9500349841946,344.22593748578385,356.7168336106515,10635138
2017-01-30,362.63763427734375,363.45891176952773,354.80693780726983,358.11111905825777,11369208
2017-01-31,354.71142578125,359.6390438868156,345.4482852456629,359.6390438868156,24068534
2017-02-01,350.1848449707031,352.64865356058954,345.75382707899274,351.84647085146435,11531782
2017-02-02,357.4999084472656,360.9759639595857,347.64467300182986,350.28037984226467,11828268
2017-02-03,357.57635498046875,359.4099026873949,351.8274820845563,356.6977936377077,8423958
2017-02-06,357.2516174316406,360.4984912602094,355.45628253411553,358.01558774424507,6727934
2017-02-07,359.925537109375,362.8095205655209,354.69233546223177,356.3921741820609,9268002
2017-02-08,357.7290954589844,360.6321732933333,356.1820602536468,357.53810288265817,6319962
2017-02-09,361.35791015625,362.88585057974365,357.7481462428421,357.9200442033893,11907266
2017-02-10,369.8761901855469,371.2895398044971,360.32656210415547,361.453422880664,12252452
2017-02-13,376.007080078125,376.6755541030723,367.79439920020087,371.6142507713284,13724268
2017-02-14,377.2867736816406,377.7833497615971,371.4232870752908,374.34548308024785,9338818
2017-02-15,375.0330505371094,381.5267986919273,370.06724312460153,377.85975023619324,7259486
2017-02-16,386.607177734375,387.29476968577546,378.1844094749629,378.54730004608547,12815858
2017-02-17,382.0234069824219,387.23751453101795,379.1967303595186,387.23751453101795,4851208
2017-02-20,385.9004821777344,393.82667371961804,379.5022311740451,380.648186577691,4650662
2017-02-21,387.18017578125,391.3438236406701,382.0042811661355,390.42704986709253,7613996
2017-02-22,378.22265625,387.71497917290543,376.7902117456666,387.71497917290543,6607838
2017-02-23,385.3656921386719,389.62483569784445,379.44492257659675,381.5649587165705,9542656
2017-02-27,386.7217712402344,390.7708044631143,384.63994753106977,384.7736330063965,5328696
2017-02-28,386.7217712402344,390.6562135821881,385.51850870420145,386.5116607582594,5940132
2017-03-01,391.5921325683594,392.29879585436055,385.84323672335177,386.5690179207526,4282448
2017-03-02,390.8854064941406,392.6807413949405,388.2879120894524,391.30560415555374,2948498
2017-03-03,393.90301513671875,395.0872062459478,382.1379020739173,385.9004459703892,5401612
2017-03-06,394.9344787597656,395.7175203851406,389.5102846530439,389.64397013746895,5286386
2017-03-07,389.54840087890625,391.84033479673195,387.6002861919048,390.3887727630223,4644496
2017-03-08,384.964599609375,388.4406781931243,383.68495878206573,388.4406781931243,6179176
2017-03-09,386.3970947265625,386.9509778869364,381.6031854975809,384.9646503365566,3480630
2017-03-10,390.33148193359375,392.54701426070574,387.1037263510845,387.7148932116194,4550324
2017-03-14,395.2782897949219,397.9903752943121,390.6944442406209,390.6944442406209,7878396
2017-03-15,386.5498352050781,395.31639810795747,384.8499968093683,395.31639810795747,6373978
2017-03-16,393.0054016113281,394.09404993354434,387.0655373525507,387.0655373525507,6702956
2017-03-17,397.3791198730469,398.3722718114661,389.33831483220524,395.50738354927176,9507846
2017-03-20,390.19781494140625,392.1268585224946,387.7531007544862,392.1268585224946,4427388
2017-03-21,394.5333251953125,395.33548462827264,389.16643887693033,389.96862162441215,4869584
2017-03-22,392.5660705566406,397.2453880547443,389.77760729029717,390.5606720862594,3990852
2017-03-23,397.4363708496094,398.41045148712374,392.1458866441645,392.7761713726126,4501662
2017-03-24,393.9794921875,398.7924957413274,392.56611915811527,396.5005848462623,4883896
2017-03-27,393.0054016113281,397.9712084268822,391.3437755796249,392.37511680508334,7684824
2017-03-28,395.41192626953125,396.88255973001725,393.4638113849235,394.01767118528664,4796796
2017-03-29,394.15142822265625,397.8375948119672,391.859516970739,395.0873199612881,6981186
2017-03-30,391.72576904296875,395.698423905635,389.7203470171515,394.9726427990538,12157180
2017-03-31,390.484375,393.17738934127647,385.04108584005866,390.8663602042064,14153854
2017-04-03,385.34661865234375,394.380553554793,384.31525407374596,394.2659859860331,4315600
2017-04-05,380.4381103515625,384.0478746397071,378.547279218294,383.8950712556867,7398338
2017-04-06,381.83233642578125,384.20064895549234,378.9292586890532,381.2784766246785,5379008
2017-04-07,374.93756103515625,382.3289884987406,373.96350345718724,382.3289884987406,6404508
2017-04-10,364.1846618652344,377.974316853116,362.9240921821697,376.2171944381229,9528472
2017-04-11,369.4369201660156,371.1749478086719,365.19687132197896,365.19687132197896,8655466
2017-04-12,370.0862731933594,373.16127205272727,366.83939968206977,370.5255654059895,6696752
2017-04-13,355.7810363769531,378.1653605117359,353.96660661692204,370.5256562589736,30973188
2017-04-17,353.298095703125,356.04837029609024,352.76330713531246,355.24621075889615,7213434
2017-04-18,352.4386291503906,356.7741515375911,351.08256313478967,353.2407886877809,4647518
2017-04-19,351.1207580566406,355.24619305502,348.6187599620073,352.5722969782618,10071702
2017-04-20,354.21484375,355.1316174845135,350.8724735099343,351.9993344252042,4549000
2017-04-21,352.8397216796875,357.07974792699224,351.8465462053777,357.07974792699224,3577466
2017-04-24,353.9283142089844,354.6731898683813,348.7524204090814,350.47135347791044,5556666
2017-04-25,354.9978332519531,356.39208815306506,351.63636913056234,353.6800033460896,4737060
2017-04-26,349.2299499511719,357.3662296021416,347.6829146389035,355.2271219252427,9084496
2017-04-27,353.4317321777344,354.8641763773199,349.89836981875675,349.89836981875675,7797208
2017-04-28,351.0252685546875,354.253047829797,349.7456042759274,354.0429373395136,5029702
2017-05-02,352.4195861816406,353.8711487991524,349.55469677528265,352.954374863306,3231126
2017-05-03,356.88873291015625,358.7222570285323,350.5286939388028,353.9092533034797,4659448
2017-05-04,358.1683654785156,358.93233573640015,354.82599560027086,357.92006581889433,5279806
2017-05-05,355.8191833496094,358.05378725256526,351.4263539255401,357.538116602506,4432788
2017-05-08,361.1669921875,362.332042338103,356.010192193284,358.30210330182445,4707098
2017-05-09,361.60626220703125,363.63077889866133,359.86821107180185,363.1150849422824,5649372
2017-05-10,360.46026611328125,362.8858622880295,357.97736284499473,361.79721402697396,3364302
2017-05-11,360.63214111328125,362.8285555450414,358.1301432495718,361.68260018934046,3229482
2017-05-12,368.3291320800781,368.9976060039984,363.43972747087946,364.0317997120191,10979996
2017-05-15,363.4779052734375,368.0426317310335,362.54203714634986,368.0426317310335,7297164
2017-05-16,364.7958068847656,366.7630396717857,361.72083118597135,364.070025796568,6130168
2017-05-17,363.9554443359375,366.11366974785454,360.536672598579,363.49705749545245,2915508
2017-05-18,367.3742370605469,372.0153661994949,360.154708025411,360.21201512669165,8057848
2017-05-19,365.92266845703125,367.73709786673123,362.06460456558716,367.27871103716564,4257396
2017-05-22,367.25970458984375,369.3415287593299,365.38796763426285,366.0946542995255,5503052
2017-05-23,365.67437744140625,369.3796380391399,364.45202030515594,368.481982267336,4039982
2017-05-24,364.7194519042969,368.8066980683217,362.73312426888504,366.7057795397088,5636286
2017-05-25,375.60601806640625,376.86656448151075,367.0877533233683,367.0877533233683,10438514
2017-05-26,380.3426208496094,381.9851523417743,374.5746310605345,377.01934536133126,4988004
2017-05-29,376.31268310546875,380.7246069632513,372.7029187438199,378.50909773697975,6308434
2017-05-30,380.5335388183594,381.9850774497647,373.82970537201976,375.10934605566894,3716910
2017-05-31,373.218505859375,379.52125947855274,372.37813404724767,379.52125947855274,7763900
2017-06-01,376.74798583984375,379.96705481751076,371.7642249861363,375.93350720354334,5508606
2017-06-02,375.99163818359375,378.31867908379,373.95547739592195,377.5236115105998,3917966
2017-06-05,371.8417663574219,376.98064865649445,371.1824333280694,376.2049683094647,5462698
2017-06-06,379.83123779296875,382.9921444539243,374.03304654355316,374.2657411625691,7008686
2017-06-07,372.83074951171875,383.5351523731171,366.50895949501773,382.0225662461296,12455046
2017-06-08,370.94976806640625,373.47072939387573,367.73069910570734,373.47072939387573,6195352
2017-06-09,367.9051818847656,368.8166205024878,357.9764828371272,364.0073928461058,14757662
2017-06-12,373.81976318359375,374.34336165095857,364.6085585350558,365.86903917117155,8591676
2017-06-13,371.4733581542969,373.4707447569807,369.0687440548014,369.80564994189933,4937794
2017-06-14,371.7835998535156,373.06349142900075,368.91359662603554,372.3265855929267,7438110
2017-06-15,369.26263427734375,375.4099154727828,368.293033805371,372.1908466402106,5528062
2017-06-16,364.6667175292969,369.9413343390841,363.0183968172527,368.09909354327004,10948450
2017-06-19,360.6331787109375,364.66672601597594,359.9156838530451,364.55037869738334,6855860
2017-06-20,365.94659423828125,367.245873034236,362.2621125571406,362.63056545963184,5184396
2017-06-21,365.8689880371094,368.06029430546863,363.0377597383671,366.508933739376,3735864
2017-06-22,364.6279602050781,375.70079277700523,362.6693483289758,367.5561488739442,9465242
2017-06-23,365.83026123046875,368.1185278328145,363.79410022176484,366.50898156670337,6403018
2017-06-27,359.54730224609375,367.67256029069335,358.2674341440169,366.5090395302798,6904660
2017-06-28,358.6357727050781,361.85484104754465,357.200759490663,361.77726828722,5905224
2017-06-29,360.7689208984375,367.65308372569194,359.3726821218917,360.7689208984375,15914040
2017-06-30,362.8438720703125,363.79408523627694,360.30352365085423,361.0016312335616,4216700
2017-07-03,369.18505859375,370.38735362366975,362.4754048733212,364.9963659189273,5088924
2017-07-04,373.1604919433594,376.2050283223671,368.21552894221486,369.94139905216167,5167726
2017-07-05,368.7972412109375,371.93873723919813,366.66412019444573,371.93873723919813,4226228
2017-07-06,367.2846374511719,371.16303911380305,366.19868972001217,366.50895711864564,3829720
2017-07-07,362.7857666015625,366.68355624305025,361.8743278428782,366.0629976616693,5776886
2017-07-10,371.18243408203125,372.2489945613637,364.5697638445472,365.810857136693,1464376
2017-07-11,378.2799377441406,383.76788616102965,371.02734478553026,371.02734478553026,11539708
2017-07-12,377.1163635253906,380.6651103962078,375.7201484425128,378.1247621269218,6275976
2017-07-13,378.9391784667969,381.4213646639541,373.91664425853975,379.0167512239359,5170392
2017-07-14,377.0000305175781,390.49686362772354,374.67298950990187,387.62686058805394,22478180
2017-07-17,381.6541442871094,384.7374786131954,377.7563550093269,378.14419520954186,7698250
2017-07-18,382.2552795410156,389.70181587947934,380.50999869630783,382.42981235986366,8260180
2017-07-19,380.0251770019531,383.4381893986052,375.8558952194761,380.6457354703831,5890278
2017-07-20,375.99163818359375,380.0251615408035,375.0220378085119,379.81185419266234,6809740
2017-07-21,380.1221923828125,381.0724056617635,376.7480013865322,377.36853627341657,5980754
2017-07-24,384.1750793457031,385.51313267942027,381.0917452302381,381.4408108553419,6129176
2017-07-25,385.4549255371094,387.45231178835564,382.48796257789667,383.96175042089294,7145614
2017-07-26,385.53253173828125,387.45234539126386,384.11692926405755,387.1032797554902,6870024
2017-07-27,376.61224365234375,389.3915837292296,374.9639227052828,386.28886194652654,12676852
2017-07-28,386.8123779296875,389.0036843240957,373.218584921732,378.5319999006156,11098428
2017-07-31,392.1839904785156,396.2563123241579,382.7012934464286,384.6986798204265,19158248
2017-08-01,389.9926452636719,394.4334195694052,387.2001915411932,392.10637874598683,7689398
2017-08-02,385.260986328125,392.7850943708546,382.8757837152778,390.16717347527003,4257584
2017-08-03,381.634765625,387.3554087072853,380.18036484136815,384.34964708777943,4640348
2017-08-04,381.537841796875,383.5740030872777,378.5514671699065,383.1861628414867,5349018
2017-08-07,375.52630615234375,381.53782977264984,374.5373182911229,381.4408697142578,6073744
2017-08-08,373.81976318359375,376.3019499050072,370.4067741955655,375.6232295624833,6004648
2017-08-09,375.95294189453125,377.7176339931341,374.0913134040228,375.29363239822976,3922410
2017-08-10,380.56817626953125,382.99217739226714,375.95286866308777,376.16619969939734,9140684
2017-08-11,383.0697937011719,386.6767030473765,376.04987144873326,378.53205834928735,6544156
2017-08-14,380.645751953125,383.65151336832224,378.97804390229606,383.1861004148177,3816470
2017-08-16,378.22174072265625,382.4491843971626,375.8171269202651,380.85904915964943,6178080
2017-08-17,395.9266357421875,399.18450270202464,387.08388442933983,389.77937839741054,25784260
2017-08-18,358.07342529296875,394.7825056569075,342.92827188199993,394.7825056569075,164404960
2017-08-21,338.7395935058594,358.3642954548726,337.42092753867877,358.3642954548726,90407176
2017-08-22,339.51531982421875,347.9120459331676,333.5425712882099,347.1945510334536,49242598
2017-08-23,346.26373291015625,350.49120064540483,338.93356718331387,341.29938298296344,61284190
2017-08-24,353.7684326171875,356.13424826623765,349.9675798838614,352.93456675445276,42380524
2017-08-28,364.9576416015625,369.9801771103718,363.794120958837,366.10177496795353,40712108
2017-08-29,359.7023620605469,365.3454316688253,358.96545628587916,365.1321243146483,13369392
2017-08-30,359.39208984375,364.18190629916523,358.40307850894436,363.48379875309644,16149664
2017-08-31,354.8544006347656,360.28416350990136,354.0593329481411,360.2259780103413,15022452
2017-09-01,356.79351806640625,359.1011714820431,352.9345041927792,355.24215760841605,8433922
2017-09-04,349.1337585449219,357.2396046557644,346.5352244275954,357.2008301038784,10177108
2017-09-05,349.7930603027344,350.9953553661737,347.9895940356899,349.83183485114773,9783392
2017-09-06,347.349609375,349.17246271206267,345.1777141256591,349.0561154079699,7735910
2017-09-07,347.4078063964844,349.250047066742,346.0891404479675,349.0561269961886,6241192
2017-09-08,342.9670715332031,348.6683269982526,342.1138183901538,348.6683269982526,8604542
2017-09-11,340.795166015625,345.87586283204695,338.8365778690754,345.33290079096105,13787642
2017-09-12,342.8700866699219,344.30509998774534,340.8339258420586,342.2883264333895,17241354
2017-09-13,342.7537536621094,344.2469288627742,341.6871931839529,343.4324739663908,11478228
2017-09-14,346.10858154296875,347.7374913400094,341.9198887166194,343.0446346925624,13698006
2017-09-15,352.2558288574219,354.19502967689573,346.0309989612879,346.06977350892333,13459460
2017-09-18,352.5854797363281,355.9403065866946,351.4995320234779,352.93454534883364,8475860
2017-09-19,353.8072204589844,355.2616212007999,350.41361872808153,352.15889961826014,6033330
2017-09-20,353.9817199707031,355.64942793000006,351.94555912377564,355.64942793000006,5767830
2017-09-21,352.760009765625,354.97070339302593,352.2170477494165,354.87374335385823,8204152
2017-09-22,348.39678955078125,353.0314839119058,344.40204088302374,352.2170290947871,17604088
2017-09-25,347.252685546875,349.81244486320566,344.8286844927088,349.44399196859536,9088700
2017-09-26,351.3444519042969,352.31405241880054,346.8454913138674,347.8926646039089,7366478
2017-09-27,348.9785461425781,352.1200654158384,347.15569278726167,351.42193424052516,6000138
2017-09-28,347.5048522949219,350.56879963547436,346.8455191577523,347.5436268498597,17537266
2017-09-29,349.01739501953125,349.98699549055794,347.1169686275643,348.2804891927963,5705832
2017-10-03,350.4330139160156,353.7102683959477,349.6767207788178,352.9733625347011,4947522
2017-10-04,348.9010009765625,351.15049285824875,347.95081151523647,350.21966699880034,4991492
2017-10-05,350.2390441894531,350.97594994629196,348.66829630975377,349.0561364613775,8611300
2017-10-06,356.8711853027344,357.5886802357536,350.58816905011463,350.6075563265957,8574308
2017-10-09,358.3255615234375,360.3035370265184,354.4859341681785,356.8129753115145,3504832
2017-10-10,362.8050842285156,364.55036495728103,360.51681780426924,364.55036495728103,7143220
2017-10-11,360.962890625,363.7941194427891,359.91571731653335,362.8051316349715,5982504
2017-10-12,359.64422607421875,362.37849485132676,356.63846441265656,360.6913993874632,10280972
2017-10-13,360.7301025390625,362.0487684757511,359.7411149224878,361.7772756450348,7180728
2017-10-16,364.1819152832031,365.34543577931555,361.85487429097816,362.9990075131991,5758750
2017-10-17,360.88525390625,363.3286420784927,360.4974137623422,363.3286420784927,5625102
2017-10-18,358.5000915527344,360.6913982257644,357.9571294574628,360.264783460059,7231852
2017-10-19,359.5084228515625,361.4670108260609,358.8297026059127,360.6913305453183,1091434
2017-10-23,364.3758544921875,365.34545495650946,359.9544669061249,360.6913727277641,9154096
2017-10-24,359.3339538574219,367.14894354228824,357.433527363409,366.89683793752954,14529328
2017-10-25,362.7469177246094,366.3926249065195,354.97072680486207,356.4251274883018,13984134
2017-10-26,367.42034912109375,369.1462424876812,364.6085080910875,365.3454138297737,33659258
2017-10-27,367.0325622558594,371.43456271045716,366.1211472584518,370.38738944048885,8524956
2017-10-30,366.15985107421875,370.2515833140533,364.9769434320927,370.2515833140533,12968326
2017-10-31,362.52227783203125,365.72731714777746,361.79476535048957,363.7610412491335,9954988
2017-11-01,364.5672912597656,365.4914555406509,363.0925840053285,363.76112276115265,5633134
2017-11-02,362.9352722167969,364.1543538652798,361.79482241474886,362.99424610162305,4686138
2017-11-03,364.409912109375,365.68799140916707,360.5953321679788,360.614990125959,3699086
2017-11-06,365.216064453125,367.6935671101809,362.83687558406643,363.03350316006123,5066534
2017-11-07,375.75531005859375,377.52495830062793,364.0952848184567,364.2525964853715,13442820
2017-11-08,374.4969482421875,378.25253086327484,372.60932795119857,377.6233321004099,5369994
2017-11-09,375.3620910644531,378.7047602881806,372.90424604700644,374.7722082602659,4723232
2017-11-10,378.3311462402344,379.23562836600064,373.5924260575615,377.0530668879322,6589428
2017-11-13,374.35931396484375,381.22162239988126,373.33683598461926,378.33118211225536,5021216
2017-11-14,373.2384948730469,375.49971223762964,370.93796159003693,374.35928657692756,5733710
2017-11-15,374.3003234863281,374.9688621784729,371.4295651049477,371.68519060566007,7023516
2017-11-16,388.6934509277344,391.64286494023014,373.00255878029975,374.30029614531935,15687502
2017-11-17,381.83111572265625,387.55297369978524,379.550240515566,387.55297369978524,8057670
2017-11-20,377.7412414550781,381.8507627027693,376.44350421959416,381.06425237794383,5661190
2017-11-21,379.9828796386719,382.0474696703438,377.5446923245992,378.03626137975925,5364656
2017-11-22,380.00250244140625,381.8704646781846,378.82273681817776,380.12047420325047,6084920
2017-11-23,389.814208984375,391.072630398977,381.064280964297,382.047418944081,11894618
2017-11-24,397.01080322265625,400.84504162414754,389.401324303731,389.6766077586758,18619912
2017-11-27,392.7635803222656,395.8899635593513,390.6203349583271,395.8899635593513,6017730
2017-11-28,387.2383728027344,393.21585621967876,385.9012956165158,391.0529527729311,4616868
2017-11-29,386.4518737792969,390.0894842281155,385.50805173756567,388.39849173887274,3838070
2017-11-30,383.8564453125,389.10641737513487,380.80871708221696,389.10641737513487,17266944
2017-12-01,377.05303955078125,386.64847497794784,376.3648430263604,385.15411018254053,4085000
2017-12-04,387.4940185546875,391.9967955908004,380.8873357081222,385.39011274423507,17811606
2017-12-05,387.10076904296875,394.4349885506762,384.9968632015075,387.4940242658508,9976738
2017-12-06,389.4406433105469,390.93500836043853,386.96314020120093,387.3563954249826,7490094
2017-12-07,393.1766052246094,394.3957109353868,387.59237571683235,388.92945320545374,7549544
2017-12-08,393.9827575683594,396.0080316808931,391.2889687412995,393.6485002110963,5983244
2017-12-11,395.33941650390625,395.9686391755953,390.87597993774347,391.2692351066526,5139098
2017-12-12,397.3843688964844,398.7607620594113,394.0416997865189,394.0416997865189,9320434
2017-12-13,394.72991943359375,400.7270614224976,392.3310722389895,397.5417038031191,5362398
2017-12-14,398.4068603515625,399.15405488284273,392.9799430265406,395.3198164246085,6023572
2017-12-15,402.2607727050781,403.6371659701719,397.9152833376528,398.3675364399983,10384134
2017-12-18,399.783203125,405.32809151679976,395.53605201613306,397.9349229959942,4035448
2017-12-19,394.80853271484375,400.31410509474426,393.07820036591875,400.1174775097478,7118898
2017-12-20,399.48828125,400.56973303898474,393.6484511904394,395.2607878930597,4186326
2017-12-21,401.926513671875,404.6399604293433,392.6260416373537,399.0754131788222,11059162
2017-12-22,408.72979736328125,410.87306708399154,399.54729771074847,399.54729771074847,12906940
2017-12-26,407.2550964355469,409.57531183566954,402.3000902620162,405.05287680339853,10808906
2017-12-27,406.7242126464844,408.6314908689113,404.0304239814246,404.26636751325685,6970172
2017-12-28,406.3309020996094,408.9853744820651,402.6146359636933,405.05282280435296,8433472
2017-12-29,409.7915954589844,412.44606802722507,405.05285115376677,405.09216707233935,6601768
2018-01-01,406.4489440917969,410.7550694668685,405.0528688854711,408.08091481988475,5431340
2018-01-02,404.9348449707031,409.7719029502441,402.3000544319575,407.90394082067246,6112248
2018-01-03,401.6315002441406,405.6820236938922,400.5697064848644,404.46294226808027,6846552
2018-01-04,399.3113098144531,401.513529168781,397.030410623139,401.513529168781,8947614
2018-01-05,397.9742736816406,403.6371583231272,395.61474241475344,399.2720110779499,11025976
2018-01-08,407.43212890625,408.5922127144463,401.14002078120603,403.04732318232135,5594690
2018-01-09,409.5163269042969,410.9124021820695,404.62031845989725,408.9854419411964,9948236
2018-01-10,413.80279541015625,415.2775024501069,406.2523145675234,411.6595737140092,9468634
2018-01-11,423.0639953613281,426.05272550643053,414.9825811881578,414.9825811881578,16775298
2018-01-12,424.1060791015625,427.0358593369181,420.999401221284,426.9965434152921,18016528
2018-01-15,425.1678161621094,429.80819814166944,418.856051785794,424.71556313744236,10649250
2018-01-16,441.5665588378906,446.2659869308199,425.20715333704703,425.20715333704703,22646966
2018-01-17,453.06939697265625,456.88400197878286,441.6256779638658,442.35319062847515,26154088
2018-01-18,453.3053283691406,458.1030714431774,445.2042794466641,450.277282006473,13204970
2018-01-19,449.66766357421875,451.41767811180114,446.73793137757497,450.27722836912267,5988278
2018-01-22,452.2435302734375,454.9766350153477,445.1649358865489,445.2239337740644,9650214
2018-01-23,462.9006652832031,467.1871563693669,454.20973535910673,454.20973535910673,15403796
2018-01-24,466.3219909667969,480.1842354470736,459.1254022900176,461.9961841786254,20604718
2018-01-25,462.232177734375,465.3782193755758,457.06086218569413,464.82765248740844,13548914
2018-01-29,465.1815490722656,470.43149597815017,458.2209037771809,458.7518366592259,10823002
2018-01-30,460.3641662597656,465.26017383819095,457.23775891041663,463.60852135517,8628312
2018-01-31,452.341796875,458.77150983775186,449.15643933430306,455.84177777974975,9213698
2018-02-01,450.1199035644531,455.3502170570369,439.8756341513902,449.1760814599165,13005454
2018-02-02,449.5889892578125,457.3164632269441,444.41767398553264,446.44294778476416,10244486
2018-02-05,447.60308837890625,454.15079762950455,446.67894817946444,448.31096700240477,9860220
2018-02-06,435.62847900390625,443.7295271032243,430.67347272993806,432.56106902227475,10552078
2018-02-07,436.1397705078125,442.3335409267006,433.9768665520103,438.8728753954999,8342056
2018-02-08,446.0496826171875,450.82774259839414,439.08908521577285,441.54693006158055,8807244
2018-02-09,436.178955078125,440.56375955990876,434.94019176644207,439.6592535215933,4382690
2018-02-12,433.6817932128906,440.68170599271804,431.7155174874147,438.400854954033,6291972
2018-02-14,431.6959228515625,439.38408169524325,428.7268267035946,434.9402784548651,8345712
2018-02-15,438.2632751464844,444.26041744879774,433.7605219312533,433.7605219312533,7986736
2018-02-16,443.611572265625,448.9598336825004,439.6986540048525,442.4121246369165,9889222
2018-02-19,445.0665588378906,446.7378933862105,440.5638061390364,443.74916355958345,6461840
2018-02-20,447.1116027832031,452.04697609560515,434.0555457725308,434.0555457725308,7188594
2018-02-21,451.2210388183594,452.99068726831433,448.31094065525394,451.2603547385122,13771358
2018-02-22,456.47088623046875,457.74896538640155,448.4877879930395,450.49342753386253,17859974
2018-02-23,454.4654541015625,458.535636470994,450.9654726613313,457.55249831389494,9459828
2018-02-26,447.7602844238281,454.22936015863496,446.08895011010486,452.6366576695291,5083608
2018-02-27,452.3221740722656,453.6789335018107,442.66778638680717,450.25758398820244,6616026
2018-02-28,461.1310119628906,467.7770340697562,449.31372267093354,451.29963251627953,17268416
2018-03-01,456.47088623046875,459.95118448489984,454.62260634533783,459.95118448489984,6579852
2018-03-05,454.5637512207031,460.4232640227464,449.5890627275486,456.47102957446054,8101456
2018-03-06,452.7744140625,458.299669424117,449.72668593170414,457.1789015834276,6689734
2018-03-07,449.9233093261719,456.17607722705236,447.5441439331633,454.20980103210815,6370416
2018-03-08,454.8586120605469,458.45690654673683,451.85020034242797,451.85020034242797,6093014
2018-03-09,457.5130920410156,458.5355459215307,454.4260484382982,457.10015489466184,4220964
2018-03-12,466.3023376464844,468.70118468448493,460.79676503248413,462.46809957601994,7676970
2018-03-13,465.5354919433594,470.7264410132723,462.13382510366887,464.1197349199452,8581052
2018-03-14,464.3558654785156,468.2097385163482,459.75474978417776,464.04124204470247,4429710
2018-03-15,465.0242919921875,467.34450736291564,460.895112232426,464.041153954149,6101500
2018-03-16,460.855712890625,464.98489190294816,459.81357715798777,464.82758024438016,17954826
2018-03-19,450.9654235839844,464.23778726042605,449.3530867827668,457.74907612972123,7526620
2018-03-20,457.96533203125,460.10855352739213,451.692883203798,451.692883203798,8553766
2018-03-21,459.12542724609375,462.2714687175873,457.041155569316,460.1085652059355,7692994
2018-03-22,456.6872863769531,463.03831950061704,454.3277551593089,457.94568382444913,6813168
2018-03-23,459.1647033691406,461.60291410110585,449.2350108353149,451.06365688309404,12008084
2018-03-26,454.3080139160156,458.8894460334152,449.88389346022234,458.8894460334152,8930722
2018-03-27,453.8164978027344,456.68727994568815,452.2827929319068,456.17602898715063,3802088
2018-03-28,445.0861511230469,452.5383162292355,442.9035660683697,452.5383162292355,12558322
2018-04-02,447.19012451171875,452.06649820263095,440.9570396912393,448.7041473096601,8072702
2018-04-03,448.4878845214844,449.70701407489696,443.63119228458464,446.2266670666117,4077168
2018-04-04,442.0975036621094,450.10028587512227,440.4458509230631,449.8839762999859,4813302
2018-04-05,451.280029296875,452.75473631430873,444.0244419682295,448.133987659683,7763544
2018-04-06,443.1986083984375,450.67045716469335,441.27164832618297,449.49069157002134,5937742
2018-04-09,437.00482177734375,442.7267038875678,435.15654162055864,442.41208053949316,7202882
2018-04-10,437.8503723144531,442.2154956631272,434.7043305489529,437.29980540453306,8926058
2018-04-11,442.11712646484375,444.9682264576124,439.06939888636697,439.6592816434915,9025574
2018-04-12,457.1984558105469,461.1900054286431,442.4120708652513,444.16203718809436,17044366
2018-04-13,460.67877197265625,466.36133825682964,452.34178116739844,461.68159190656445,21227038
2018-04-16,445.63677978515625,448.3109343851575,433.3672365723189,433.3672365723189,24745084
2018-04-17,442.49072265625,443.3559128811681,438.4795389013975,443.19860120347533,10397940
2018-04-18,442.7856140136719,446.24627851270765,438.02723633108167,441.5665326576861,10430380
2018-04-19,445.4991455078125,448.23229796165776,441.6649072924173,442.0188465747955,8525542
2018-04-20,463.431640625,469.4287833229172,447.1115473814877,447.9177398641083,24272692
2018-04-23,467.06915283203125,477.5690948228321,454.3080415864393,459.32204507505827,21830638
2018-04-24,454.0130615234375,470.4904615772576,452.28272929736005,466.0073433566682,8526216
2018-04-25,456.31365966796875,460.50183713010045,450.35583381379143,453.0299883636855,11594178
2018-04-26,462.64501953125,464.6899751915391,456.1759912707453,461.6815635791853,11302084
2018-04-27,466.0860595703125,468.6029025362228,461.76025222429956,464.0411516632029,7663370
2018-04-30,471.7095947265625,475.0325818401468,464.2967440852551,464.7096332269144,5511678
2018-05-02,470.7461853027344,472.5354677698659,464.43441975278176,471.4736978665038,10295042
2018-05-03,465.0439453125,473.7545093892017,462.5074205277148,470.824777418206,5332230
2018-05-04,461.32757568359375,466.4005763766729,454.20966755063847,466.0073212532524,6023368
2018-05-07,465.2207946777344,467.97358044505825,462.27138135560165,464.5325982359034,4638960
2018-05-08,458.35870361328125,463.2153966441103,456.58905488105086,463.2153966441103,5718556
2018-05-09,460.3837890625,462.8219998173958,457.35574358205423,459.1253917730424,3783504
2018-05-10,459.322021484375,465.22084881508187,457.2967478332097,462.4680627274186,3182862
2018-05-11,464.336181640625,465.29963789500096,458.5553481047774,461.01319365654865,3311706
2018-05-14,467.698486328125,468.5636286730661,460.10864082877663,465.7518440448209,4432094
2018-05-15,469.7629699707031,475.05223266393165,467.2264453891244,467.2264453891244,5611974
2018-05-16,467.9539489746094,471.11967215048725,465.8107275978732,466.8921792659983,6205004
2018-05-17,465.1815490722656,470.9033829790997,461.5046228425881,470.3331821858872,9519598
2018-05-18,465.2995300292969,466.61697334347343,461.28834622059696,465.220898191787,7139660
2018-05-21,463.844482421875,467.34446310681176,460.1085582311096,463.8641643826868,8475320
2018-05-22,469.4877624511719,471.11978131126335,461.6423395519531,462.07491071847613,5636804
2018-05-23,465.9680480957031,474.9146029743895,464.6309709524379,469.9399156057243,9538442
2018-05-24,480.16461181640625,482.74045264600096,471.11974197875077,471.11974197875077,9740570
2018-05-25,483.0353698730469,491.0381034017469,480.08595594319786,483.7432004133402,8901438
2018-05-28,477.5690612792969,484.72628577019316,474.2657084355068,484.0970871344186,5739794
2018-05-29,478.4735107421875,482.34711228396446,474.344331762642,477.43142302260077,3388934
2018-05-30,476.5073547363281,483.21237577504127,474.1085073751476,478.59162670862685,6323066
2018-05-31,484.4117736816406,488.4229575124374,475.9371049351267,476.5073057721765,19720340
2018-06-01,480.0860290527344,490.0943559768854,478.6702717469821,483.86126985689395,4998356
2018-06-04,487.4005126953125,488.816221838215,476.6253104327567,480.2039232121115,4270156
2018-06-05,480.10565185546875,488.4230098119196,478.5916287770581,488.4230098119196,4710862
2018-06-06,486.63372802734375,488.2461130824707,479.79112454521334,481.81635083751104,4038184
2018-06-07,492.5323181152344,494.7149030659635,486.84980126841236,486.84980126841236,6676226
2018-06-08,495.521240234375,496.28806868216765,490.01566736468374,490.78249581247644,6459878
2018-06-11,496.4453430175781,499.4340727496115,493.5549270793931,497.6841064210238,5171290
2018-06-12,494.9116516113281,499.9256552331354,491.74592816192074,497.7627517100029,7839820
2018-06-13,501.32177734375,504.9397061924348,498.17573556061956,498.17573556061956,5766928
2018-06-14,499.46844482421875,504.8269629866098,497.2122447700703,504.8269629866098,7598848
2018-06-15,516.2086791992188,520.3383486328124,497.57480492568595,498.3805940834603,19957760
2018-06-18,510.62860107421875,520.2376269811986,508.5939637704566,517.3166412730757,8214846
2018-06-19,500.23394775390625,509.0170700968127,498.8037013692285,508.8559024133565,7545700
2018-06-20,500.8585205078125,504.5651318115136,498.78360311413576,503.0139971631652,5371802
2018-06-21,502.228271484375,506.23705298745426,497.9777138818094,501.9864953848886,5798790
2018-06-22,502.7520446777344,505.8341983750958,500.0727856027347,500.7980155955747,4343118
2018-06-25,512.663330078125,515.2217507120968,505.22994269904484,506.49907081245584,7731178
2018-06-26,514.8388671875,517.2763992488616,510.16529955110485,511.27325972782,4483504
2018-06-27,511.6761169433594,521.1239751781125,509.90337095387633,517.296476665544,6952142
2018-06-28,519.57275390625,522.9570776502941,514.1941219962927,514.2142863945177,10996818
2018-06-29,526.6638793945312,529.8064774122288,517.0145719690058,522.9774326041069,9966600
2018-07-02,537.7432861328125,539.8786467215335,529.4033893970858,529.4033893970858,4830144
2018-07-03,545.4185180664062,547.0905403495881,536.5548376250686,536.6152816461889,8127452
2018-07-04,541.973876953125,544.9754716789764,539.41550569845,544.7337447192746,5025722
2018-07-05,517.3165893554688,542.7996690102456,510.9105563332324,542.7392249929536,17019902
2018-07-06,517.4173583984375,524.5082930883754,511.27321612428824,519.8347258505618,11215356
2018-07-09,523.2997436523438,524.9717664054336,515.3224585220697,522.5543983329603,6644998
2018-07-10,524.3269653320312,529.9876041224585,521.4664239281058,527.1875067359567,5974488
2018-07-11,532.0021362304688,540.7248138507006,520.2779136181434,530.8337812766399,11899832
2018-07-12,521.4866943359375,534.6814944762709,517.498027357984,534.2785998154974,13272240
2018-07-13,530.773193359375,536.4942752550547,523.0980339068366,529.8062367791525,19496158
2018-07-16,536.9979858398438,557.7672193602774,518.8072872502948,530.7732847762649,35344680
2018-07-17,535.003662109375,543.7061742168274,528.8796356771221,535.7288427624767,11161690
2018-07-18,532.8480834960938,541.2484230838102,529.4033162179849,539.7980128756677,6919016
2018-07-19,530.4913330078125,536.6153608160371,527.4293436944366,533.0295888176285,5118864
2018-07-20,543.1422119140625,550.817373879021,532.3446659145186,534.2382509019901,11705738
2018-07-23,546.3048095703125,551.1597082519876,538.3678071284492,544.7738398895999,7675702
2018-07-24,554.8462524414062,556.961448878742,546.3250226718467,553.7382924028019,6172246
2018-07-25,557.5053100585938,561.5544197879725,550.1323204318468,555.5915610267757,6936922
2018-07-26,553.27490234375,560.1845532324326,551.6431598570445,555.4102629829621,7362218
2018-07-27,553.3555908203125,559.6206217733734,551.280722892536,553.2548671662855,6493232
2018-07-30,544.3106079101562,553.1742891640596,543.1019241028058,551.9656053567091,6409970
2018-07-31,549.9915161132812,551.9657098754088,538.0860078653672,543.3236386890025,7943996
2018-08-01,545.5394287109375,551.3410713495545,544.310580562617,549.4676508874627,4675706
2018-08-02,545.3782958984375,550.6562054263911,543.968164770585,547.7754991431984,5940742
2018-08-03,549.5885009765625,550.434569780183,546.3250646303298,550.434569780183,3970390
2018-08-06,548.1986083984375,553.9801367162355,542.9005339819108,550.374249317109,6178930
2018-08-07,551.1396484375,555.9743836378517,548.198547366168,553.5771804402652,7351528
2018-08-08,549.0445556640625,552.9727775813067,545.2372217860884,552.6907710649621,3992358
2018-08-09,555.9744873046875,559.8019867186403,553.4362803601114,553.4362803601114,6409524
2018-08-10,558.1902465820312,559.6205419377554,553.1943934001849,558.3312990227237,4779520
2018-08-13,567.5777587890625,568.0209330057718,555.4707565776204,560.0234851583297,9979746
2018-08-14,567.396484375,573.9435216194893,565.6640179238703,569.6727995179082,6151320
2018-08-16,575.9580688476562,578.1135453973473,568.5850770510382,570.0757675893168,6626774
2018-08-17,576.2803344726562,579.2214849967546,573.3190687255828,576.5019461957021,6390408
2018-08-20,557.7068481445312,567.2554304593195,553.375731209329,559.2177028893692,16101876
2018-08-21,557.5858764648438,562.4407753226998,553.4763718478215,560.0234080935192,8361482
2018-08-23,563.0050048828125,564.6568631441919,558.1501045816898,561.2322585514515,7717182
2018-08-24,555.3096313476562,564.8179338058787,554.4232337435237,562.6422931903314,7053000
2018-08-27,570.2569580078125,572.0900987081898,556.5585432573308,557.2031647034137,7012950
2018-08-28,574.00390625,579.5235916760143,568.6857173017003,570.982196806314,6496890
2018-08-29,568.1216430664062,577.5896657904779,566.1273345481783,577.5896657904779,5646496
2018-08-30,570.5792846679688,572.7348100166887,562.5012778458025,569.2094824407956,11507962
2018-08-31,580.6113891601562,585.9296273060185,572.5534972859429,574.1650756607855,10875864
2018-09-03,577.8515014648438,591.4089127473919,576.1391996477089,583.7941960066645,10976328
2018-09-04,593.987548828125,603.1332368892613,576.94508699093,581.7798223567758,15370124
2018-09-05,588.1456298828125,599.5475189716453,584.519578031948,597.8553811138323,8658978
2018-09-06,585.9296264648438,592.657946497565,583.4719301015618,590.280858561791,5598659
2018-09-07,590.4822387695312,592.3758726509852,583.2301369171125,591.731202030044,6510605
2018-09-10,588.9110107421875,601.9245258532354,587.7426557600708,594.4709758343031,5629871
2018-09-11,591.6910400390625,600.1115475890947,589.83773458908,592.9803323557913,6963561
2018-09-12,598.6209106445312,601.5217325488671,593.2623919478948,599.8295946349175,4636617
2018-09-14,591.2075805664062,600.3129892243877,587.4606408939603,597.8150622304055,7896514
2018-09-17,584.962646484375,596.2839742676223,583.8748016170337,592.2550284955437,5427054
2018-09-18,579.4429931640625,588.2261151032607,577.75085551923,588.2261151032607,7729732
2018-09-19,579.9667358398438,585.8087071282617,574.68882678798,585.8087071282617,4849498
2018-09-21,568.3230590820312,578.0731369872121,557.6060735736288,575.2125462530424,14350769
2018-09-24,578.7579345703125,588.1856754674776,569.2899140604605,569.2899140604605,8637881
2018-09-25,585.1640625,593.0607859549552,577.7507928392702,578.75802922846,9602273
2018-09-26,578.4357299804688,589.7167782428395,573.7218830577079,589.1930447966812,6599606
2018-09-27,584.0360107421875,588.8707460118769,578.1134797094061,581.7798107859599,14592616
2018-09-28,588.266357421875,591.8924085864004,576.3004082515279,580.973975471734,7490031
2018-10-01,601.6423950195312,608.2901544739105,590.6433551587927,594.2694057702723,8252398
2018-10-03,587.0173950195312,605.9131603990065,585.2446490555194,599.3459591623715,7792464
2018-10-04,569.8541259765625,588.0246624057708,566.066906940807,587.0174259165523,6173037
2018-10-05,583.874755859375,589.4347202617015,571.5461925992848,574.5276220732648,8543578
2018-10-08,575.6961669921875,587.1786643530546,571.5060528557866,584.2375137775056,7259306
2018-10-09,578.3551635742188,582.1021028018317,566.1877670573652,577.8313809530799,6777212
2018-10-10,564.4151000976562,580.0877111268748,560.3458741486417,580.0877111268748,8866251
2018-10-11,542.5780639648438,558.3312800162022,534.4798934483389,551.9655265339553,10985897
2018-10-12,546.9697265625,551.2001200747181,533.0295825394851,545.0358618943693,8909221
2018-10-15,563.0855102539062,568.0814133709093,549.1453662585457,554.8664501816072,6222176
2018-10-16,560.2249755859375,575.2529647582428,555.5111281500365,572.110367013327,11588963
2018-10-17,568.3634643554688,581.6187082064539,565.1403071482493,572.1104042814518,20360697
2018-10-19,550.7971801757812,554.1412249212236,546.325060095365,553.5771626630026,10421001
2018-10-22,547.8963012695312,560.0636968490115,542.9406786962704,554.9469558030129,6672840
2018-10-23,529.8869018554688,549.5481759156527,526.4220185005046,544.6731616107583,9041701
2018-10-24,523.6019287109375,537.0586211784106,521.4666163651781,534.2383583515173,7058164
2018-10-25,528.4484252929688,534.6390921610283,518.2663747092892,523.7646820244761,8270469
2018-10-26,516.1078491210938,528.4077981779974,513.0940014021074,525.6382600547072,5464141
2018-10-29,525.190185546875,529.9146472221893,514.3972115903088,516.189262492544,7137446
2018-10-30,537.286376953125,540.7075555847193,519.2438147730322,522.2169434456373,8793411
2018-10-31,559.1167602539062,564.4521446132433,540.0966606574056,540.7890699009641,11947995
2018-11-01,543.0698852539062,561.804859203421,537.2864504218718,561.804859203421,5860244
2018-11-02,539.445068359375,550.4824018304912,537.6937356798456,542.458965434426,6654067
2018-11-05,542.4996948242188,544.6175416138907,535.1686178671348,540.4632845583621,5799426
2018-11-06,542.8662719726562,549.8307853098378,538.1418099830333,544.0473998993242,6975525
2018-11-07,550.238037109375,551.8671652725411,547.3870628238342,548.2016269054172,758956
2018-11-09,537.2049560546875,553.0889539971688,533.9467000664862,553.0889539971688,9694143
2018-11-12,541.033447265625,550.9711385329288,539.4857556972174,542.4996525995123,7118080
2018-11-13,542.2553100585938,543.9251564547312,534.5983879319037,540.4632591654274,4137808
2018-11-14,532.0731811523438,542.2552305095264,521.7282090620387,542.2552305095264,7323026
2018-11-15,534.6798095703125,542.4996037922134,526.7785291212223,532.7248361563177,5513390
2018-11-16,530.1590576171875,539.6487498600369,524.742235845049,537.5309029549535,8583785
2018-11-19,530.851318359375,539.2413168196573,528.8556268053813,536.7976250515924,6018930
2018-11-20,522.4613037109375,534.3539167268866,521.4023308706253,530.8513019112606,5384830
2018-11-21,504.2966003417969,521.3617277036998,498.59465180101137,521.3210094432462,14359086
2018-11-22,505.640625,511.6684187490806,502.38236885823596,506.86247105316147,6632975
2018-11-26,506.2109069824219,511.54629228497765,488.6162913028992,505.84434316715146,15075209
2018-11-27,520.425048828125,522.135613634961,509.3469466961239,509.509869467501,12285851
2018-11-28,542.8255004882812,544.6989878518702,521.3209897733144,522.094835560918,17719890
2018-11-29,538.467529296875,549.7492706746045,536.6347602729121,546.5724511462523,13399070
2018-11-30,543.6807861328125,547.3870426238359,538.3861197979093,538.4268380570767,10445773
2018-12-03,546.0429077148438,553.0889055590751,542.4588562719288,548.3237264804691,8260890
2018-12-04,558.1800537109375,560.6237460292634,546.8168744873127,547.8350796199485,7827923
2018-12-05,555.0440063476562,556.8767756014527,547.7943658569312,556.3472890413145,5177288
2018-12-06,544.5360717773438,558.3429424786075,541.318533810718,550.7267387200067,8039771
2018-12-07,556.184326171875,558.5873000747744,542.1738144985557,547.3870443313865,5553948
2018-12-10,545.1062622070312,556.998877232122,541.8480060667824,545.6764669749834,5121196
2018-12-11,549.4234619140625,555.4512558826656,538.1010015222698,545.1062823124092,7120933
2018-12-12,552.6815795898438,554.4329117774942,546.2465052022794,551.5411702978344,6926183
2018-12-13,568.362060546875,570.1948296421534,553.9035487952347,555.5326768799266,7521474
2018-12-14,575.1229858398438,581.3544212322814,565.6333436909283,568.1177543085822,9560576
2018-12-17,565.6334228515625,579.847528932951,564.2893719813133,579.847528932951,4778465
2018-12-18,551.1340942382812,559.1982993598615,549.4642476431806,559.1982993598615,8021298
2018-12-19,541.5628051757812,547.0203934119153,538.5081904597029,547.0203934119153,8295459
2018-12-20,543.3549194335938,547.0204575224874,534.6798424534375,537.6122530377354,11705260
2018-12-21,526.371337890625,537.2050306115577,524.1312865878474,537.2050306115577,12802132
2018-12-24,528.652099609375,536.6348178264769,527.5116899853404,535.1686123934659,8379825
2018-12-26,524.6199951171875,527.0229691393621,519.1624057406502,527.0229691393621,6178552
2018-12-27,535.005615234375,540.2595628793614,528.6520260968044,531.7066410395826,15333902
2018-12-28,535.1279907226562,540.4633765842592,532.1548113414367,540.3411720606808,4736598
2018-12-31,536.7568969726562,539.2413069479671,534.1910007763465,537.6121791324144,3373319
2019-01-01,541.7257690429688,542.7439740256513,532.8470514242018,538.3860765865863,2943390
2019-01-02,544.9840087890625,549.0161103440474,539.282061055519,542.4995986485692,7416655
2019-01-03,545.0655517578125,551.4598596378444,540.1373995014463,547.3870394041824,6827249
2019-01-04,538.467529296875,548.9347066639544,530.2811709332493,547.1833741542399,7889310
2019-01-07,547.1427001953125,548.6903421106242,538.8341366705881,541.6851109386865,8046340
2019-01-08,545.7987060546875,551.8265007320249,544.5768598133665,549.7900903298231,8621545
2019-01-09,550.7268676757812,561.8864078064543,540.8706601709346,558.9539964031933,18130292
2019-01-10,553.6592407226562,555.532728249884,547.8350873945076,555.2068827159974,9572493
2019-01-11,556.7545166015625,558.3836446676972,547.7943122378211,554.0664652358487,12281903
2019-01-14,571.7425537109375,578.5034257033313,566.8958874400549,575.8968106762389,19312937
2019-01-15,591.8623046875,594.6318427460143,576.0597896557134,576.0597896557134,19671304
2019-01-16,600.1707763671875,600.9853404094114,593.4099047601375,594.5503143060685,9658944
2019-01-17,597.3606567382812,601.9629645134673,593.8987587691578,599.3563490403634,6903771
2019-01-18,595.4056396484375,599.6821011792555,591.6178966914656,594.6317938089753,5902151
2019-01-21,606.8502807617188,611.7376655732226,597.8900752739619,601.3112545854243,8129422
2019-01-22,607.13525390625,610.108432375403,597.8899724479918,603.7955614129072,6723375
2019-01-23,595.975830078125,604.895266996342,593.9801381351687,604.6916259759801,7212099
2019-01-24,599.5386962890625,602.8967482256882,590.5292350060301,596.3444127471191,7429783
2019-01-25,598.187255859375,604.3710624467266,593.1911200634729,596.2625273126797,5543112
2019-01-28,596.2214965820312,600.0300110106767,588.8910623722355,598.7195641086289,7944693
2019-01-29,596.1804809570312,600.2346974309733,586.8433854629507,594.2147608560653,6760819
2019-01-30,594.54248046875,601.831922713427,590.6110397184234,596.1805641179376,5763026
2019-01-31,613.9127807617188,615.3461039340616,594.6243560691161,594.6243560691161,13825233
2019-02-01,620.0556030273438,624.5193909674094,609.7766381314575,615.3870546312231,6276585
2019-02-04,619.11376953125,624.519425877129,613.6261790041616,620.0146955921136,3945391
2019-02-05,618.2537841796875,622.4309280392984,611.824324990851,611.824324990851,4694366
2019-02-06,625.1746215820312,628.1641442707773,617.8441871733214,618.8270473717,5880482
2019-02-07,625.7479248046875,630.2117125386012,623.2907994455068,624.9698251095449,3961797
2019-02-08,623.2088623046875,632.5049657941637,618.2946120039236,622.4717047634373,5915169
2019-02-11,624.76513671875,629.6384459079119,621.6527875695677,628.1232384244684,5500216
2019-02-12,614.6499633789062,622.7584476607594,606.9100079355055,622.7584476607594,7310690
2019-02-14,606.1320190429688,616.7386228875118,603.8387114526137,615.1005388957788,4610535
2019-02-15,607.6881713867188,611.414802178888,600.0300993290477,607.9748160667501,5586389
2019-02-18,606.9509887695312,612.3566952928098,602.8148371809656,608.015733239308,5346825
2019-02-19,593.2320556640625,606.5414869315065,590.7749298916114,605.353866143418,9401334
2019-02-20,606.6642456054688,608.5480316677446,594.6652637467041,595.4433634218713,5210675
2019-02-21,600.726318359375,604.452949172599,595.5253720680821,604.452949172599,7202786
2019-02-22,601.9548950195312,604.61678137414,596.262543432374,599.9482322310631,3750833
2019-02-25,618.2947387695312,620.8337486160164,602.4462483060341,602.4462483060341,6547552
2019-02-26,608.1384887695312,616.4107903041322,606.2137606867335,613.134623361266,8319610
2019-02-27,602.200439453125,611.3327748520526,600.1528351027234,610.1860964196915,5936354
2019-02-28,601.4225463867188,608.0568167550541,599.784462343726,605.026351277446,8559921
2019-03-01,607.6471557617188,608.8757185109415,602.4052680355632,602.4052680355632,3998826
2019-03-05,599.9481201171875,608.1385381392652,598.10527606222,606.5004545348496,4826505
2019-03-06,599.9481201171875,602.8966506089977,595.4433902050448,602.8966506089977,6076668
2019-03-07,592.1262817382812,601.5862045690379,590.1605614140758,601.1766836673571,5951551
2019-03-08,583.4445190429688,592.1263937958173,582.0521877060365,592.1263937958173,7193994
2019-03-11,582.5435791015625,588.4816331591883,581.0283715105853,584.2226050784069,9932198
2019-03-12,579.0216064453125,585.5739407993375,577.9158700288644,580.7006321254626,11997387
2019-03-13,580.2501831054688,588.5634275230623,578.4892232092941,581.519687919054,11348867
2019-03-14,580.1682739257812,585.5330380306991,578.4073639440849,584.795880370228,6415187
2019-03-15,588.5224609375,592.7814881909649,581.1920270094706,583.1577472773291,14638664
2019-03-18,581.6834716796875,592.7405355105828,577.7110891240125,590.9795757191553,8065544
2019-03-19,591.552978515625,595.0339063919718,579.390226990882,583.8130230042669,8917337
2019-03-20,605.23095703125,607.974727105565,595.5662736468282,595.6481578318978,13471173
2019-03-22,608.6298828125,611.2917684054593,599.7842422247338,610.1860820783659,8883260
2019-03-25,602.200439453125,608.05660789141,598.3509332763018,608.05660789141,7644966
2019-03-26,596.0577392578125,602.2005534720806,588.9730068678833,602.2005534720806,9406261
2019-03-27,597.6548461914062,599.784334999026,595.566299478097,597.9005487476167,7387487
2019-03-28,604.2891845703125,610.1862970363866,597.9006668947144,597.9006668947144,9277241
2019-04-01,618.4586181640625,622.4719441156885,607.7291875445276,607.7291875445276,6584982
2019-04-02,621.9804077148438,627.2222456181854,618.0489667994027,621.6527709751077,7283600
2019-04-03,616.9842529296875,621.2432808053951,611.6604805826406,619.1956760565308,6897127
2019-04-04,612.5613403320312,617.3936566274133,610.267983456565,615.4279864360233,7688525
2019-04-05,621.8985595703125,623.2499988207516,612.6433952813786,615.0186369971943,6276040
2019-04-08,628.4097290039062,630.662093623992,618.7041050916719,624.969743949708,4919911
2019-04-09,622.963134765625,633.1192724570623,620.9974645607392,630.6621472081993,6730692
2019-04-10,616.4927978515625,627.9593835164342,615.3461192889368,625.7479605687112,7031088
2019-04-11,608.3023681640625,615.7146866181305,606.1318873504478,615.7146866181305,8200995
2019-04-12,612.4385986328125,615.5509479457481,606.582428880437,608.6300336903092,7043212
2019-04-15,595.8530883789062,599.0063802594069,583.6493418991258,593.5597806485094,31574803
2019-04-16,593.0681762695312,596.1805752533975,584.877757870613,596.1805752533975,12524411
2019-04-18,587.2938842773438,591.7576718694446,583.7720147058085,591.7576718694446,13801105
2019-04-22,590.570068359375,594.4195747422713,585.614875564208,587.2939012233514,6455426
2019-04-23,596.4262084960938,597.9004736385041,588.3996093960012,592.9043389919077,5516668
2019-04-24,603.1834106445312,604.3710313845896,592.9863291031814,596.4263150435627,8285120
2019-04-25,596.712890625,604.1662009646459,595.4843279306967,603.1833408111345,8005235
2019-04-26,604.452880859375,605.9271461804748,597.0815042635289,598.7195879514948,6895168
2019-04-30,615.3870239257812,617.3936862930636,604.4528361141623,604.4528361141623,9920046
2019-05-02,598.5557861328125,612.9709529796536,597.4910417042673,611.8242743702367,6351352
2019-05-03,592.6586303710938,598.7195597269849,588.2358346162913,592.085341099609,6348116
2019-05-06,588.3997192382812,591.1844316959409,582.0521445318133,585.6149567902713,8858265
2019-05-07,593.436767578125,596.1805877936852,588.6453927101129,590.0377738652862,5747536
2019-05-08,589.1777954101562,594.6244442690927,586.8435458936706,590.5292345978179,6247642
2019-05-09,590.570068359375,598.1462048614294,586.270098993344,589.0139189639698,7396525
2019-05-10,587.1301879882812,594.6244416498438,585.6149804127249,590.365413612408,8352335
2019-05-13,589.46435546875,594.9928872624516,583.2396081957108,586.8843539688861,6808993
2019-05-14,584.6729736328125,587.8672566746224,576.2777951153414,586.8434544163941,10513001
2019-05-15,586.515869140625,593.969180228459,583.6492225661541,585.5330588787999,6668929
2019-05-16,600.4395141601562,603.6337971261607,588.9729291401206,589.7100867446889,6468556
2019-05-17,592.9044189453125,602.650987027489,589.7920199034324,600.4805561055279,8155948
2019-05-20,591.67578125,594.9519482558353,578.2434765299386,589.4643585229929,11213708
2019-05-21,580.9463500976562,591.8805883355938,579.6359031881788,591.8805883355938,8645535
2019-05-22,581.3150024414062,588.2768587580698,579.0626371624857,581.5197629213081,5795713
2019-05-23,574.189208984375,587.0072323712471,571.2406786797671,585.6148513978275,7233736
2019-05-24,580.8644409179688,582.9529874608558,573.6978253362582,576.4415953056902,7016424
2019-05-27,579.9635620117188,584.6321109413592,577.8340730215291,579.3902726615264,10247544
2019-05-28,596.3444213867188,600.7263257957065,581.3559637604159,583.1578660411981,23860490
2019-05-29,596.0988159179688,600.8902420809254,592.6998212796607,594.2150291317502,10293077
2019-05-30,600.8080444335938,603.8385087993219,591.7985855027121,595.4433311591821,15089296
2019-05-31,604.2481079101562,608.5071354089138,600.5214775951231,603.2243056263369,8290306
2019-06-03,609.8994750976562,615.0184861691456,597.0814513785101,597.7366747975923,7744761
2019-06-04,602.241455078125,605.6404987109646,600.4805451159699,603.8385966645237,11733702
2019-06-06,602.4871826171875,609.8995515703837,600.8900909549043,603.2243403000481,7563925
2019-06-07,605.353759765625,609.3261423939055,602.6918739799049,602.6918739799049,3218358
2019-06-10,617.1480712890625,617.639476432635,606.1728898393411,606.1728898393411,4435148
2019-06-11,618.2947387695312,621.652790500734,614.6909344806336,618.3766229618633,5733127
2019-06-12,617.3938598632812,619.9738622023045,610.1863001415597,619.9738622023045,8738342
2019-06-13,616.8538818359375,620.6331554374073,614.6527402577572,614.6527402577572,4808577
2019-06-14,615.0264282226562,619.221007064812,613.1990723884608,617.850477515037,5556353
2019-06-17,615.1096801757812,618.3906075748871,612.8254972733891,617.1446896281277,3085588
2019-06-18,623.0834350585938,624.9938319765372,614.8188378672859,614.8188378672859,6202838
2019-06-19,624.537109375,627.444251031919,621.7960495412545,625.0354562375752,4596253
2019-06-20,627.0288696289062,628.6900932329605,611.2472453903904,612.8253773963293,7148684
2019-06-21,623.1251220703125,627.1120494640223,620.5917656521815,627.1120494640223,13200318
2019-06-24,619.2211303710938,624.5370664570473,616.8539068917453,624.5370664570473,4758178
2019-06-25,621.3806762695312,623.7064299003147,612.4100788393664,617.9751881189896,3677911
2019-06-26,613.9882202148438,624.1632142265122,612.9914759682746,617.1445347485475,5447130
2019-06-27,606.8035278320312,618.5567067750658,604.8100896425549,616.3140444524427,11122346
2019-06-28,608.0078125,614.2374007428278,605.1006713200137,610.9149536799863,5919494
2019-07-01,607.4263305664062,612.5761332838242,606.2219334531892,610.4996040184552,3224968
2019-07-02,614.65283203125,616.0233620029044,606.4297535943824,609.6691604201858,4837606
2019-07-03,607.4263305664062,617.3106301481683,606.3465454877174,615.4832742553406,5958379
2019-07-04,609.5029296875,611.662550788909,605.1837381812029,605.5160031803492,3274064
2019-07-05,596.3792724609375,611.6625498611075,592.6415193605555,610.4996730623802,4926289
2019-07-08,596.047119140625,602.1521474330297,591.6448859146552,595.091945809474,7177092
2019-07-09,594.302734375,597.9158753745627,588.945278202546,596.3792638452131,5022638
2019-07-10,595.75634765625,600.28319236471,586.8272702950723,588.9037999139508,7573816
2019-07-11,599.2864379882812,600.9476616556084,589.4021368890753,597.5836938685756,6252688
2019-07-12,603.6470947265625,606.8449297141365,597.7082003821898,600.1169947574014,7874441
2019-07-15,647.3372192382812,649.2476667383165,626.4473650422821,633.7567379885612,31064152
2019-07-16,651.9057006835938,654.3560158198262,644.5548059714214,645.3854178347866,9924322
2019-07-17,659.6304321289062,660.3364319347548,645.1777654154979,651.1166605222003,6754348
2019-07-18,658.4259643554688,663.2435025124355,653.0269878165446,655.3942110973113,6534471
2019-07-19,652.3624267578125,659.9209726861856,648.9153680441567,655.1034351331284,6812754
2019-07-22,651.5319213867188,657.8445508383775,649.5799532232627,652.8193595476663,7107151
2019-07-23,656.224853515625,667.8118984603041,652.4871003526009,653.6914976222131,10782564
2019-07-24,653.110107421875,659.2981760322863,650.8674452192159,654.5221577492177,5745146
2019-07-25,659.921142578125,664.6556404615401,654.2314714449542,654.7298182973027,9773568
2019-07-26,653.6915893554688,660.336484799997,649.7046622280576,658.093822448163,4941763
2019-07-29,657.3877563476562,661.9561215054628,653.0270441515682,655.7680531069474,6244316
2019-07-30,658.4259643554688,662.6620641304783,654.9789052097018,657.7614850745973,8673253
2019-07-31,659.215087890625,664.3233201399,649.2061749529819,656.8893342491592,7350584
2019-08-01,638.6157836914062,654.85428294357,634.9196021927339,653.2345799932615,10066407
2019-08-02,644.2224731445312,647.7941443383114,633.1338262142699,635.4595290476127,10838336
2019-08-05,645.13623046875,652.7778695858208,638.4498152525094,641.7306914846573,9976238
2019-08-06,643.2674560546875,650.9506168458519,639.405090081057,646.8805978778655,9331718
2019-08-07,644.6378784179688,650.7429063303058,641.5230837779582,646.9636323063985,5130457
2019-08-08,655.1451416015625,658.4675892293359,648.9155522994874,650.1199497038607,8009009
2019-08-09,656.0587158203125,661.789957570191,651.8641363320932,657.8445514848964,4362520
2019-08-13,635.2103271484375,652.8608265951904,631.3895334291591,651.3242151572565,7517099
2019-08-14,643.5580444335938,646.4236654250881,637.9098940526408,643.8072178466534,5940968
2019-08-16,643.350341796875,647.9187065708069,633.3414800223826,647.877186121257,5128088
2019-08-19,645.9253540039062,650.369107319368,642.3536823336925,644.2225590788631,3881451
2019-08-20,658.467529296875,662.8282414114238,651.0750637193164,652.1964201095427,8435344
2019-08-21,664.0326538085938,667.6042746252937,658.6751972352819,658.6751972352819,5926896
2019-08-22,660.9177856445312,665.5691912083636,658.1352058387322,664.4063651656647,5222488
2019-08-23,666.3168334960938,672.7540753073816,661.0008973991304,661.5408153780414,6895015
2019-08-26,666.6075439453125,670.1376443812475,653.608498640314,661.0840054458234,5412074
2019-08-27,651.73974609375,660.2950398171791,648.7910328459675,657.0141121771142,16061642
2019-08-28,666.5659790039062,668.6425085335134,653.1100575127473,654.0237609236875,5881134
2019-08-29,670.2622680664062,672.5464507410447,660.7517518817881,660.7517518817881,7830413
2019-08-30,676.8656616210938,678.9006202309955,666.150747768648,672.7956430082355,8174186
2019-09-03,676.32568359375,683.095190297031,674.4983274256996,676.948642467186,5647088
2019-09-04,682.1815795898438,683.1368036042264,673.003327746309,673.4186337183831,6199015
2019-09-05,692.7717895507812,695.637410515493,686.6252924011552,689.4908626693439,7926895
2019-09-06,697.8384399414062,703.5281098070486,693.6022898540571,700.4548363781516,6106841
2019-09-09,688.6602172851562,697.963079505891,687.3727791453338,695.0559382304439,4377870
2019-09-11,681.1845703125,688.2032486514055,676.2424717232417,683.0119260185627,7981036
2019-09-12,678.1115112304688,680.9770814569157,673.5015750647467,678.1115112304688,4400017
2019-09-13,688.8262329101562,690.279803301253,679.0250255552061,679.5233722678345,4832021
2019-09-16,687.4974365234375,696.011207962893,681.5585415334028,691.110577782548,4846496
2019-09-17,690.4461669921875,693.5609617304981,681.5586091995688,690.6538199747415,5540901
2019-09-18,689.2831420898438,691.8580689388473,684.4240836194537,689.3247132346565,3199389
2019-09-19,681.68310546875,686.9159496008917,677.114740628599,685.130113975679,6601607
2019-09-20,668.6426391601562,693.5609983835161,666.1508032378204,683.5106137753736,22462366
2019-09-23,634.8781127929688,670.2206856484727,616.2309183302906,670.2206856484727,17279260
2019-09-24,659.5472412109375,663.3680856282322,635.4179803323901,635.4179803323901,13717998
2019-09-25,658.384521484375,665.3201103460766,649.2477908803714,654.2729825732683,9313576
2019-09-26,649.9952392578125,661.9975896358084,646.2990066920602,654.314430659483,18442824
2019-09-27,649.7046508789062,659.7135143280847,647.9603354372701,653.7330983931703,5087642
2019-09-30,669.1824340820312,671.1343515833988,651.3242799247997,652.1133205977852,8178091
2019-10-01,659.1320190429688,670.7605848656035,657.4707953540209,670.3037584904476,5881438
2019-10-03,652.5286865234375,662.703682269778,651.3243398290514,658.301449351483,5497672
2019-10-04,659.0489501953125,662.4959587858216,653.7330143374506,656.183329314067,8201713
2019-10-07,655.8095092773438,666.1506358965884,652.943888547213,660.2117414949626,3679845
2019-10-09,650.9090576171875,661.0840537345838,646.8805593487093,660.7102682277002,6335025
2019-10-10,650.41064453125,660.0872935397148,645.0531875844289,652.3626129333,10402917
2019-10-11,676.7825317382812,684.2580384600514,645.0531486243522,649.1231670070367,20636344
2019-10-14,652.9440307617188,661.9977212557482,647.8773181674825,653.4839488054703,15150858
2019-10-15,638.1590576171875,644.5132583830244,635.4180487227859,642.1459842541828,13762133
2019-10-16,640.775390625,644.5131431847066,632.5523147150401,635.6255880701016,10767032
2019-10-17,639.1557006835938,640.0278328259254,635.5009889390908,637.0791714416068,9860495
2019-10-18,637.7853393554688,642.7274903944589,631.2650560941601,634.4213712353252,10037200
2019-10-22,534.5402221679688,574.0358037405917,530.2210306006513,574.0358037405917,90152532
2019-10-23,547.1983642578125,552.2868624850809,517.3404751399141,529.8723984303101,60516887
2019-10-24,534.3720092773438,549.3850891568092,531.5544547740378,546.6936639289946,25666433
2019-10-25,536.1382446289062,548.7962944877054,534.9186870408898,544.1704253387669,16549337
2019-10-27,545.7264404296875,548.7963562899278,542.9509288946952,547.6188416582735,2945281
2019-10-29,547.2402954101562,549.8475827255459,544.1703801505594,547.5346483431439,16709764
2019-10-30,555.6089477539062,564.6925141887414,551.908283034775,555.4407753889147,22879467
2019-10-31,576.6355590820312,584.9201004709493,560.2347513187437,562.1692466354746,27405901
2019-11-01,578.5700073242188,583.7004954681021,574.1123111758301,580.3362274826951,9713519
2019-11-04,596.316650390625,616.0817297759278,570.3697475612332,573.4396120692132,29381982
2019-11-05,585.466796875,596.1063163892159,581.5979086887376,596.1063163892159,12897805
2019-11-06,599.0921630859375,606.8299916806073,582.0185089992797,585.2145541285847,21372589
2019-11-07,605.6524047851562,609.2269399991624,598.9238679117328,603.0451172805697,13733737
2019-11-08,595.6017456054688,609.1429067049463,593.3728970387845,607.250505545007,8585630
2019-11-11,592.4476318359375,594.8026092346021,587.0647823521409,587.8217632070882,6951494
2019-11-13,581.4717407226562,588.7469919426704,578.4439195836737,585.8032569829571,9973690
2019-11-14,593.2047119140625,596.9895144800834,585.6771498769315,585.6771498769315,10539902
2019-11-15,592.0272216796875,599.6388695607433,590.6814833610102,596.3586869520519,7362623
2019-11-18,593.1204833984375,597.1575948998428,588.1581673576601,592.9522597244918,7490916
2019-11-19,599.5546875,600.5219352404855,592.952331014765,597.0735805159674,6495885
2019-11-20,599.6808471679688,601.3629813816236,592.9523103133492,599.5126234796708,6142171
2019-11-21,599.89111328125,606.7878738165402,597.5781787400324,601.783514269519,9692973
2019-11-22,583.0277099609375,598.8397607936121,576.2150358140341,598.6294940236704,14415826
2019-11-25,587.1488647460938,593.0784282908622,583.0276671585885,583.1537964104974,7334511
2019-11-26,580.8409423828125,594.8447307020281,576.9720540991038,592.9523296499538,27253106
2019-11-27,585.1724853515625,586.7705335134103,580.4204352923832,583.9108845926299,3861635
2019-11-28,590.302978515625,591.5645792829888,583.742664792267,587.9900437754582,4837683
2019-11-29,585.6770629882812,590.6814225723055,581.6399511170558,589.5039594161403,4262379
2019-12-02,582.6072387695312,592.1112875210467,580.5886570282067,591.3543065343835,9383736
2019-12-03,587.3590698242188,588.4945409801087,579.1166241800598,582.6070724721878,5239013
2019-12-04,596.1904296875,597.578211021063,583.153888841861,586.2238044780871,7427886
2019-12-05,601.2367553710938,602.1199168342883,591.9429748095303,594.1718230081459,4814422
2019-12-06,601.4470825195312,605.5683319793674,596.8212133169111,602.162020378916,5226096
2019-12-09,603.2554931640625,607.5449156627999,600.7322913801765,602.2041590874434,6435865
2019-12-10,600.984619140625,604.3068451883446,597.1577732550099,599.6809751138339,4457939
2019-12-11,606.4513549804688,607.8391360755381,599.6807758427241,602.708596533313,6043554
2019-12-12,590.5133056640625,606.157187579068,588.3685944072756,604.3068293308839,11112042
2019-12-13,598.2510986328125,599.5968369750725,589.0414023790205,589.0414023790205,10302412
2019-12-16,600.52197265625,605.7365994924675,597.3259276065256,599.0921481687064,5616324
2019-12-17,613.7266845703125,615.0303283326663,601.3629877030515,605.3160134136265,10525565
2019-12-18,616.0396728515625,620.1188281843561,607.8813108513082,614.8201151605759,12215295
2019-12-19,614.6940307617188,618.9835048978288,609.4373600076688,616.922879695306,7199210
2019-12-20,615.28271484375,618.1844070211915,612.5072032832418,614.8201381394435,7794167
2019-12-23,619.0254516601562,620.1188287399051,615.3668299185862,615.7873635134639,4975608
2019-12-24,616.8385620117188,619.82433961259,612.5490894853496,619.82433961259,2890759
2019-12-26,613.0958862304688,617.8058415596886,611.0773046124243,615.6611306746806,3821806
2019-12-27,619.824462890625,620.2870395684547,613.011787994226,613.768768983159,3399094
2019-12-30,616.4180908203125,620.6654693580556,611.6660412277519,619.1094644406946,5368416
2019-12-31,614.9462890625,620.4973119154746,610.1521958705674,613.7267313848213,6927885
2020-01-01,619.7404174804688,622.3898000008284,616.1238383690204,618.1844635143362,2112415
2020-01-02,617.9321899414062,623.0626802228537,614.7361442906025,621.4646830647903,5658200
2020-01-03,627.43603515625,629.11816929876,617.2591441279282,617.2591441279282,7882938
2020-01-06,621.4224243164062,633.9963880928626,619.4459371079719,627.5201609681819,6519403
2020-01-07,612.2127685546875,624.576413976731,609.8577395841436,620.7075258131158,7899363
2020-01-08,604.054443359375,613.1379584021026,595.7278579583198,609.731646677913,8639443
2020-01-09,611.9183959960938,615.240621512479,600.7742562352731,606.9981736921635,13521186
2020-01-10,620.8336791992188,624.8287477877989,614.3994955700625,622.7681231962308,9341405
2020-01-13,650.607421875,653.9296470691644,635.0056379899925,639.2109733409196,36952038
2020-01-14,652.3736572265625,653.4670340900385,645.2666306119829,647.5795649263063,11414418
2020-01-15,645.5610961914062,650.8598090964978,641.0193642733277,650.8598090964978,6047430
2020-01-16,645.0985107421875,649.7243801151758,639.4213074207928,648.2104694964037,5740586
2020-01-17,645.8134765625,650.0609073031379,641.10352042939,648.2105490598905,3762957
2020-01-20,646.3179931640625,651.3223524429509,641.6921243294809,648.9673236048908,3887680
2020-01-21,641.3137817382812,648.042319776191,639.8419140424884,646.318142170911,4448374
2020-01-22,647.7899169921875,654.3502303716543,644.2574247618087,646.3180495074183,9733935
2020-01-23,659.6909790039062,660.6582267315861,653.2568462980249,653.5932423472493,12528017
2020-01-24,658.3452758789062,661.4992775199742,650.6494913408358,652.4578061489128,7540490
2020-01-27,654.434326171875,660.0694863204792,651.3224187974897,655.2333502280002,3741610
2020-01-28,654.3502807617188,657.5463258506908,649.3038775681837,656.8734823584863,5121009
2020-01-29,664.1907348632812,666.7980224796606,659.6069086547881,661.5833959122372,6832757
2020-01-30,656.62109375,664.1906976328585,654.3502023182101,664.1906976328585,3859680
2020-01-31,652.6261596679688,660.1957651124037,648.9674862356884,656.4950485834777,6092028
2020-02-03,645.434814453125,665.2419313647173,642.9956997019506,657.7143717029762,6416745
2020-02-04,662.6347045898438,664.3589332396054,647.7057633307895,647.7057633307895,5771311
2020-02-05,659.8593139648438,661.0788717687561,651.322512006801,656.8735354343493,6310409
2020-02-06,648.7571411132812,661.7516391580695,647.6217209675293,659.6910143244213,7341622
2020-02-07,653.761474609375,655.0651184033688,648.4627619189931,652.6260545095304,2853344
2020-02-10,650.3131713867188,654.3502836926963,647.4114792705051,650.986014881937,3827682
2020-02-11,650.607421875,655.275333847597,646.9488006535574,655.1912476744426,4312817
2020-02-12,656.91552734375,658.7658854536431,651.9111672288124,652.4999245366876,2948825
2020-02-13,666.33544921875,667.8073167304354,657.8827346328608,660.2377123846245,4387430
2020-02-14,661.4573364257812,672.1809436589497,659.9013312421273,668.2279173923379,5321680
2020-02-17,663.9803466796875,667.3446146455511,658.8077641483101,664.6952330885714,2929629
2020-02-18,670.8773193359375,672.0547826971391,659.1023777158924,660.2377979810996,5083346
2020-02-19,673.2322387695312,676.9329035842115,669.6156601395177,672.8537482691964,3985192
2020-02-20,670.3305053710938,677.9841957517539,667.6811233668155,675.587174955246,4564569
2020-02-24,669.36328125,682.6100890694331,666.2513738141197,672.9378166933391,6627536
2020-02-25,671.508056640625,677.9001466709008,668.9848551021477,672.0126764144537,6996695
2020-02-26,658.3452758789062,674.0732409959639,656.4528748942655,667.7652377138281,8760569
2020-02-27,654.2240600585938,656.6631753198726,649.4720614766744,654.3502406645673,5223386
2020-02-28,615.4088745117188,636.5196404921938,607.2925555769194,630.8003938548435,14123957
2020-03-02,623.2728271484375,644.1733774955193,617.1330469651554,619.8665153162788,9821523
2020-03-03,628.2771606445312,638.3699664380177,623.4410245351523,635.0056978401889,7826587
2020-03-04,638.1597290039062,640.472663771301,627.0576318534781,634.080573675277,11013444
2020-03-05,634.6693115234375,650.6075458063879,632.2722904506751,642.3650972154347,7755293
2020-03-06,621.5065307617188,625.7539092606012,613.221989199878,623.2307080135826,9216022
2020-03-09,592.4896850585938,610.4884888671276,586.2237253599098,609.353068899935,10308654
2020-03-11,576.9720458984375,585.3406740322644,562.7159479085041,580.8830285510021,16165009
2020-03-12,530.8815307617188,563.5149219447201,527.7695724183759,561.8327878493627,13965574
2020-03-13,540.2594604492188,560.9917861223903,479.40827299814464,497.9117502015818,16903113
2020-03-16,490.4683837890625,523.2700062994845,487.8190014370448,523.1438256790377,19140152
2020-03-17,466.7502136230469,497.91174049341305,462.5869210665155,494.63155815562135,16059887
2020-03-18,449.38214111328125,486.1367836379627,444.0834286519798,477.72611264076613,15390183
2020-03-19,458.84417724609375,469.3154736179433,428.31344971314985,428.31344971314985,16583991
2020-03-20,492.1924743652344,519.3168881847324,460.9047681576718,462.16636880043916,21354894
2020-03-23,442.77984619140625,471.79666514742166,433.90659732831216,454.1762967028495,17146150
2020-03-24,496.06134033203125,505.60748223709646,439.0370040906388,439.0370040906388,20027097
2020-03-25,509.8548889160156,534.0776112539885,475.79167119036754,502.11706128918286,18339548
2020-03-26,540.8062744140625,547.4086321914688,514.817274285489,517.2563899916772,14843813
2020-03-27,548.9646606445312,567.6363657764621,540.1754967136678,559.3518217134848,13495283
2020-03-30,527.0968017578125,558.0480631150446,522.3867948402923,525.7510634950928,14624804
2020-03-31,539.5445556640625,556.7864315660318,532.984242417075,546.6936261600009,15175521
2020-04-01,506.9952087402344,536.1802457151102,499.59382894866735,533.5308639671249,13083824
2020-04-03,492.6130065917969,509.68665831119677,489.6272286788533,507.5839905788898,10221655
2020-04-07,537.4419555664062,541.8575584877266,515.4901215771391,517.2563422117995,15145605
2020-04-08,531.218017578125,551.4457245999333,526.8024148230776,529.8723306056918,11806896
2020-04-09,535.1289672851562,549.0486181711811,531.6385181238118,544.002215336272,11931114
2020-04-13,536.09619140625,548.1234406992095,526.5500489967274,529.0312072148263,8330276
2020-04-15,537.48388671875,549.4690921518867,534.5821951364273,547.8710955615969,11963447
2020-04-16,524.6996459960938,533.993477742919,507.5839524738782,521.4195153807357,17783287
2020-04-17,528.8209228515625,543.3293298800944,526.5079883977386,541.6471957318588,8878320
2020-04-20,549.4691772460938,555.9454047851077,537.4419268648772,538.2829940430695,13322913
2020-04-21,532.5636596679688,543.7498410261695,528.0218771208939,528.0218771208939,11660575
2020-04-22,539.8389282226562,542.488310271803,528.2322118512158,532.5637281957789,8266728
2020-04-23,571.3369140625,574.995587025574,536.6849366494273,544.2124980318446,14451289
2020-04-24,553.4222412109375,567.7203842209466,550.7308157891782,562.2954902825679,7319940
2020-04-27,558.9732055664062,572.7667273161079,555.9874274603991,555.9874274603991,7183306
2020-04-28,555.6930541992188,569.4024379327346,549.2588702234253,566.0381694663669,7296571
2020-04-29,569.0238647460938,573.6076901321157,553.422082268229,560.1506182228579,8639056
2020-04-30,601.7835083007812,605.5683102397799,587.1489202694552,588.7469682886748,16253821
2020-05-04,566.626953125,589.7562999093207,563.8093473522927,580.168113799409,9122740
2020-05-05,566.626953125,576.6356214781432,563.5149943816311,573.3975334622045,6393053
2020-05-06,560.0667114257812,573.1452971092436,558.5107061871496,569.3184513263835,7934250
2020-05-07,559.267578125,567.1735780601467,557.1649103760788,559.7721978508764,4779548
2020-05-08,567.047607421875,572.682768832296,562.2535133463026,565.407515851985,8400321
2020-05-11,574.3646850585938,587.5273530421197,570.2434361513658,574.028237718742,7370186
2020-05-12,578.3598022460938,581.1773564504479,568.1408166168994,570.6640178750056,7356039
2020-05-13,583.8268432617188,588.6629798758297,575.0797234605891,584.3735061651205,8287101
2020-05-14,553.54833984375,564.9868320237259,548.8803763082393,554.2632263545,16888262
2020-05-15,548.6281127929688,559.1414525725928,543.9181571055639,559.1414525725928,9255353
2020-05-18,558.3846435546875,563.977710725094,549.2169887522113,554.9782796623717,10435442
2020-05-19,562.3374633789062,567.552089859209,550.8989709286053,558.4685751093036,5902208
2020-05-20,563.136474609375,566.0381664128967,554.8099410008298,562.25336440865,5794636
2020-05-21,565.3652954101562,571.46303167509,559.6460495941161,560.5712028383799,7213225
2020-05-22,582.3128051757812,585.2565401219556,566.4587103566795,567.720311047897,11867731
2020-05-26,572.38818359375,588.2843717331784,571.0845399036119,582.8594788706966,7099606
2020-05-27,593.330810546875,596.484812249405,567.7203064553988,577.0140878719212,8774636
2020-05-28,594.9708862304688,597.1576401535042,580.3362981773491,594.634438857081,9440091
2020-05-29,589.0885620117188,597.4432084902894,575.4056904787728,590.3673360247687,28290128
2020-06-01,596.3776245117188,602.430520013001,589.5148803460512,595.6956220416533,12276438
2020-06-02,603.6665649414062,606.693038399021,594.6725314563955,597.1874640887264,7059304
2020-06-03,598.0826416015625,606.9062141918644,593.3511877952305,605.8831844958719,11378568
2020-06-04,603.3681640625,604.8174515852697,594.6298755684829,598.4661973463441,10782424
2020-06-05,599.78759765625,606.7356235946554,597.2726651490909,602.7287881465396,7718679
2020-06-08,614.5361328125,618.7560973850326,600.1712591421498,603.2829633303422,10719105
2020-06-09,611.765380859375,621.995571522799,609.5914757500856,613.811439805436,10078029
2020-06-10,610.2735595703125,613.3426483993511,604.6043593738111,609.5489417815735,7263049
2020-06-11,600.1287231445312,608.1850107518366,596.9744031460655,606.9914673902158,8825715
2020-06-12,589.9837036132812,592.6265345060069,575.8745738320791,576.1303182324207,9795316
2020-06-15,586.1472778320312,600.5122015062036,584.1865017316301,590.7934997446474,7857344
2020-06-16,597.7841796875,606.9913413119477,596.0365324401304,598.4661820238586,10131760
2020-06-17,599.8729858398438,605.5421867912,595.0562489710375,596.6760504048275,7291916
2020-06-18,608.6111450195312,610.9128964105056,601.876248339466,603.7517937976373,6670195
2020-06-19,601.4925537109375,606.9060606338522,597.6136169604639,604.4337438301982,22438862
2020-06-22,599.9155883789062,604.1781688675535,596.7612684106167,602.8141118911145,7804096
2020-06-23,614.36572265625,617.6478886909858,590.0263473895612,593.0954364416369,12157390
2020-06-24,608.8242797851562,619.6085752135434,604.7748290673575,611.1686986217766,10220838
2020-06-25,597.1873779296875,601.5351881333584,591.2197667298192,600.8958012190868,14945284
2020-06-26,637.8525390625,640.7510625035218,605.2864145223534,605.4569281444022,26030458
2020-06-29,623.8285522460938,634.8686443085215,622.4218801020619,626.9402563060698,8954428
2020-06-30,627.4091796875,629.9667277652803,617.4347317774669,624.7237333924511,10411290
2020-07-01,623.9564819335938,632.8226171237593,622.1235517180992,628.5174217254794,5477468
2020-07-02,645.0135498046875,652.5583472155681,626.94025321164,628.6026176947248,17263756
2020-07-03,650.2139892578125,651.3222496948442,641.5183153080762,643.6496053921562,7796572
2020-07-06,651.3222045898438,660.6998803103781,649.1909146533586,652.3452341660457,8810958
2020-07-07,677.0255737304688,679.4126080233551,652.6435859361666,655.9258036181499,19362533
2020-07-08,660.444091796875,669.1397645634188,658.3128020027929,669.1397645634188,8476642
2020-07-09,666.4118041992188,673.4876769810639,660.6999362788918,664.9625165129492,6854166
2020-07-10,666.53955078125,673.4023455592946,659.4210636675116,659.4210636675116,5206452
2020-07-13,679.497802734375,686.5736744543672,670.1201276267259,671.7825440752249,10804688
2020-07-14,667.7330932617188,687.4688575912256,666.1132922029575,676.0025080790534,8961822
2020-07-15,708.3981323242188,723.3171613073787,677.5796602113422,681.1602375739893,30060599
2020-07-16,776.6420288085938,814.5789885034153,762.3623866762733,767.3495841598553,90432109
2020-07-17,769.9498901367188,784.2295339513297,760.5722136017504,776.6421203051116,31682878
2020-07-20,796.5056762695312,805.6276077373739,773.0188712337183,774.5107742110097,18421053
2020-07-21,798.5944213867188,809.63451480057,792.1579355228248,805.6276789009332,12877784
2020-07-22,782.5244750976562,800.5125422953873,775.789577730354,800.4699269011028,14354201
2020-07-23,774.0419921875,780.7342226621627,767.8186351543536,780.606376469087,13051307
2020-07-24,786.7443237304688,789.2166407991177,770.0350319220125,770.0350319220125,18209580
2020-07-27,808.56884765625,812.2772716127954,783.1638800988545,785.6361453920682,16827870
2020-07-28,820.844970703125,824.851806119034,802.3880314019972,806.4800976004691,15818463
2020-07-29,813.4281005859375,818.4152979947155,804.4340158405952,812.6608154306901,11152710
2020-07-30,819.6515502929688,829.1997402687743,817.3497465972956,820.1204237044051,12492320
2020-07-31,823.530517578125,840.9644814884101,812.7035531618674,826.3011947852979,12704346
2020-08-03,815.7725219726562,823.0189074464298,807.7162359510077,818.415300567361,8479792
2020-08-04,809.7622680664062,827.5372571462865,801.8338800032506,818.7989685101674,11133170
2020-08-05,805.371826171875,819.2252103215355,799.9157032934003,811.5951821831875,9614176
2020-08-06,827.6651611328125,830.6916346449389,803.4963526644548,812.8740289289736,10976491
2020-08-07,810.6575317382812,826.4716940391913,809.0377304319395,826.4716940391913,8010948
2020-08-10,811.0410766601562,815.68729927185,805.8833652612906,808.9524540846645,5716319
2020-08-11,808.56884765625,820.1204295788674,806.5654037443816,809.8050063195817,6802442
2020-08-12,814.1100463867188,817.3922116967243,803.2404689651308,808.1850506404202,6908726
2020-08-13,810.9132690429688,825.6617861535282,808.3983363139733,813.9823059788431,5097703
2020-08-14,812.9591674804688,820.9728380106686,811.6377781998088,814.8773283169422,4663873
2020-08-17,816.2840576171875,829.0291820305367,813.3854824477792,813.3854824477792,9008210
2020-08-18,824.851806640625,826.2584787879165,817.3070612084666,821.7401546068832,6141761
2020-08-19,817.818603515625,828.2619247087329,816.241469699841,827.7078205185552,6622744
2020-08-20,814.2805786132812,823.1040973206389,810.9983611946828,817.4775132222428,5656501
2020-08-21,808.8670654296875,821.356444022367,806.9489046786,821.0154168532418,6513773
2020-08-24,807.6737060546875,811.595258971633,800.683064215679,807.3326788299753,5798574
2020-08-25,799.7451782226562,808.7392629683003,795.9088565131773,807.7588488291673,6233918
2020-08-26,810.5721435546875,813.5133339478789,800.0009771421063,802.4306267523615,5153601
2020-08-27,807.3753051757812,819.2252989437004,805.7981713153556,818.4153982991103,6154280
2020-08-28,797.3155517578125,812.0214520709077,795.4400062387288,811.1263207194082,7593610
2020-08-31,791.6463623046875,810.3164841198824,779.7111379199654,797.3156147008101,12808355
2020-09-01,779.3274536132812,797.1023898352681,777.5797543403642,789.64287549189,6907773
2020-09-02,787.7247314453125,789.7707905221844,778.7733140425248,780.0520879572088,5678118
2020-09-03,797.5712890625,809.3786662262877,787.7247402164828,789.8560300980209,8827948
2020-09-04,783.5901489257812,792.4136692384016,779.583313080231,780.0521865014927,8650342
2020-09-07,788.6198120117188,790.7511017323242,778.3896213528129,783.3768705190938,6700385
2020-09-08,800.768310546875,811.595274723511,789.0462149298075,792.7973063406491,12891964
2020-09-09,790.9217529296875,806.4801705971267,789.4298498656864,797.1024941948345,5528947
2020-09-10,801.40771484375,803.0701315737617,788.4068448793129,797.3582635433515,5171884
2020-09-11,806.224365234375,813.4281356054228,793.6923700376182,797.0172031422388,6671903
2020-09-14,834.1016235351562,844.885919046928,808.4408623049452,815.8577614521076,21871587
2020-09-15,837.5543212890625,847.4008702906807,828.3471592620098,835.0393887824163,11608203
2020-09-16,854.0078735351562,857.3327066338223,837.1706831160703,840.5807469984169,10059251
2020-09-17,861.8936767578125,870.4188367653081,848.2534207458194,848.2534207458194,15628241
2020-09-18,854.348876953125,868.5432362481778,851.748661688465,861.8936222694053,12897633
2020-09-21,860.9559936523438,878.9440617852968,852.942321839175,853.3685798710786,14140637
2020-09-22,858.9098510742188,871.6975907924453,845.0138509871017,860.1886250460414,12625762
2020-09-23,869.3532104492188,884.05911177822,859.4213780136444,869.6942376702272,13486204
2020-09-24,831.5441284179688,860.1886452460848,826.9405211979209,855.073549238675,14427432
2020-09-25,862.2772216796875,865.2184119557631,831.2030065659935,831.8850088826415,13311078
2020-09-28,861.3821411132812,866.2841078509341,851.2371804428481,865.133180092462,8554526
2020-09-29,860.1885986328125,876.3864017785245,856.0112496397511,867.8612422281498,8708463
2020-09-30,859.5491943359375,872.9337049668505,856.7785175379292,860.188581289324,8048817
2020-10-01,867.5628051757812,875.107549892408,862.5329406757368,870.0776853923636,5563358
2020-10-05,894.033447265625,899.3191086674569,867.903864263749,867.903864263749,14212509
2020-10-06,900.0437622070312,903.6669551877368,879.2423511044252,899.4043752104361,9090819
2020-10-07,909.2510375976562,913.8972084579254,882.7803725356173,890.7940442440577,9284008
2020-10-08,932.3966674804688,958.2279427964896,927.8783953148898,929.2424000428591,21482613
2020-10-09,943.5645751953125,949.1059281662157,927.9208262470318,933.5900774075617,10567867
2020-10-12,965.1332397460938,971.8681362404349,948.082921566437,957.3753657877267,14633537
2020-10-13,987.0428466796875,994.0761021138616,968.0743699026726,968.0743699026726,17523825
2020-10-14,969.3104858398438,993.0956979944069,964.2806216962537,990.6233813068587,16649573
2020-10-15,944.8007202148438,1011.0838296185921,931.3735951587789,1005.9687343591388,44288251
2020-10-16,961.2117309570312,968.4154490877811,935.1247637728168,949.5748674584532,18365685
2020-10-19,959.8477172851562,971.0156552814246,950.8110691380568,967.6055915227543,12902123
2020-10-20,969.7368774414062,975.8749505553797,946.2926891955701,953.8801018412363,10448776
2020-10-21,978.986572265625,984.1016674530453,967.6055062869906,972.848499667472,19811433
2020-10-22,962.533203125,987.2134989725573,958.0574942566011,973.5732433736274,11271335
2020-10-23,967.2293701171875,978.000298514929,965.2044566153816,976.2769499712903,9069862
2020-10-26,958.5693359375,973.3470681820671,950.5558297055002,967.0137844157754,6309368
2020-10-27,939.9573364257812,956.1998750332847,928.152441251482,952.7531780265001,10172479
2020-10-28,927.63525390625,951.9344203908381,922.034372500918,943.9639353140196,7608392
2020-10-29,926.1705932617188,932.3315854967495,913.4608974335514,921.9914939755287,6935616
2020-10-30,913.8916625976562,933.7101697856597,906.7828502367421,923.7147698060699,8800386
2020-11-02,923.9732666015625,930.564989940065,905.7057108486894,917.683003004685,7183119
2020-11-03,915.5720825195312,930.0912736434079,911.2205851688972,923.7148626960357,7204782
2020-11-04,942.6283569335938,961.6283132614819,919.2339888367889,920.2679557018483,15702690
2020-11-05,951.2883911132812,967.6602021922236,946.9800197767174,956.372290327396,9568890
2020-11-06,958.8279418945312,966.0229002463029,940.6896583675481,954.7349895476437,8807127
2020-11-09,979.3358764648438,987.4786557669963,966.0660724446192,973.0887383720769,10160320
2020-11-10,940.1296997070312,959.7758088100804,928.8848090632657,959.7758088100804,15622869
2020-11-11,967.2293701171875,970.5467950267223,936.6399334676015,944.3950019139754,12514800
2020-11-12,963.13623046875,984.0318275064304,959.6895340501636,972.054536414877,9180976
2020-11-13,968.6940307617188,976.2768053040325,962.4900189978855,965.075041430288,6363212
2020-11-14,976.66455078125,982.0069937727832,974.6396375086227,979.7235361739331,1136144
2020-11-17,968.2631225585938,986.6168225542755,958.7416870762789,986.4014040340671,12813968
2020-11-18,956.932373046875,976.018373389613,949.0910532843459,972.3993836414027,9839468
2020-11-19,945.041259765625,960.5082709059944,942.4993627319201,947.8417011554023,10092343
2020-11-20,950.7282104492188,955.5966907311198,940.1727014668417,953.0116681231907,8063554
2020-11-23,982.1793823242188,986.4447330138761,949.5219068964183,952.1500554582732,10546363
2020-11-24,982.3515625,995.1474013624497,976.5782831381923,986.616807059209,8515426
2020-11-25,961.3268432617188,985.3244487195828,957.5354557408277,979.7235664137872,8958701
2020-11-26,959.2156372070312,965.0319378135229,946.3767763124209,965.0319378135229,10962256
2020-11-27,947.8416137695312,965.936771850586,940.0865460205079,963.3517492675782,25306145
2020-12-01,980.4560546875,982.5240939885103,952.1932015231857,952.1932015231857,8933802
2020-12-02,983.0841064453125,988.7280092906063,965.9367689918088,977.1385334850233,6741637
2020-12-03,970.6327514648438,988.3401963593363,967.40147357788,988.3401963593363,16212632
2020-12-04,977.6984252929688,979.723338156329,960.7665101533041,969.3832501546791,10564055
2020-12-07,985.3243408203125,993.5102448323746,978.8617850213161,988.5987444990683,7792141
2020-12-08,993.8118896484375,1005.573763185388,986.616931317283,986.616931317283,12308330
2020-12-09,1012.6394653320312,1016.3447064204707,996.9570371585288,1006.4785790255509,10039346
2020-12-10,1006.2200317382812,1009.5805821041114,990.925314921022,997.3017249409595,9488782
2020-12-11,1002.29931640625,1009.8389651224653,995.4490490751641,999.2834569197639,10574009
2020-12-14,1003.4628295898438,1010.3992444657129,989.3743708973892,1007.6419288306225,6728187
2020-12-15,994.8890991210938,1002.7303140043028,992.6487670380124,996.0954641457832,6905926
2020-12-16,1004.4535522460938,1007.2109727403913,994.027315677097,999.5420514808553,7788404
2020-12-17,998.8524780273438,1007.2107790997436,996.2674559773922,1004.625757049792,6658153
2020-12-18,1025.2200927734375,1029.7007569220882,1012.9842549777642,1019.2313934611827,15995676
2020-12-21,1014.4490356445312,1042.4103202004844,992.6917629972387,1023.668907128064,10858352
2020-12-22,1051.67333984375,1054.559927318439,1013.4149851000539,1018.4988838142667,10901851
2020-12-23,1079.720703125,1084.718349470312,1060.3330371311058,1066.7524666862673,15878346
2020-12-24,1065.0723876953125,1077.0065537760643,1056.4125203121318,1077.0065537760643,7313885
2020-12-28,1068.734619140625,1075.3694688214343,1065.0293777750744,1067.1404376231014,4607051
2020-12-29,1077.351318359375,1080.9271822212474,1064.1676607314378,1064.1676607314378,6878105
2020-12-30,1074.3353271484375,1079.9362088880785,1066.8818250271804,1079.6776645800098,5194690
2020-12-31,1082.0904541015625,1084.3307858845285,1067.6142861142157,1071.0609827602664,7430470
2021-01-01,1086.096923828125,1090.4484194922798,1082.0902239770498,1083.8997182944406,4253550
2021-01-04,1110.0517578125,1111.5596876212885,1086.7004086676557,1093.4645299158258,7208454
2021-01-05,1114.833984375,1119.3146475877952,1098.6775951199797,1104.666187996577,8145280
2021-01-06,1104.7523193359375,1121.89965460223,1092.6458615964777,1120.1763064384784,7161715
2021-01-07,1087.562255859375,1118.1516939897044,1081.8321006374272,1116.7299103354087,10954918
2021-01-08,1130.6025390625,1134.6524703484326,1101.4348924983926,1101.4348924983926,13186251
2021-01-11,1185.8360595703125,1191.997051488517,1154.6434938259667,1156.452988712158,20528626
2021-01-12,1182.0015869140625,1187.3870506780231,1171.8769150378166,1187.3870506780231,8309868
2021-01-13,1195.2713623046875,1200.139842468759,1171.8768872321662,1183.8110536129677,14442997
2021-01-14,1180.9246826171875,1192.5572862037122,1136.0744911596446,1171.8771020498905,27521697
2021-01-15,1158.90869140625,1175.7113385699836,1154.6434461232384,1171.8769303937345,15018441
2021-01-18,1130.559814453125,1154.6435692146695,1125.3466428316106,1152.9202206039013,8861765
2021-01-19,1134.523193359375,1146.8881953147215,1130.5163878684557,1137.4097804774099,5585744
2021-01-20,1154.16943359375,1161.8814805840243,1137.883875806407,1137.883875806407,8225838
2021-01-21,1154.384765625,1172.7815920617124,1150.3349393730487,1163.2600510513976,6142421
2021-01-22,1155.3758544921875,1168.430239935515,1143.0539762822382,1143.4416876065104,9646591
2021-01-25,1141.804443359375,1161.4506568831903,1131.3782067409234,1158.951780705668,6542611
2021-01-27,1121.0379638671875,1143.9154524750704,1107.337325131923,1137.0650805150267,8133665
2021-01-28,1099.668701171875,1117.117605772038,1096.5236741202204,1113.1109044191408,4660690
2021-01-29,1067.657470703125,1112.5506759537004,1060.7209512469485,1108.32845129276,12183519
2021-02-01,1086.4853515625,1101.1768380474696,1069.3380087097928,1077.5670419063667,8880279
2021-02-02,1095.4033203125,1115.351098962238,1088.8114916842712,1102.9429695181907,6892490
2021-02-03,1106.9498291015625,1123.6232045430509,1096.911303208055,1100.918109445273,8182968
2021-02-04,1102.383056640625,1114.4896233101595,1096.0928970079221,1107.2515377462862,5032240
2021-02-05,1096.1358642578125,1110.4827624979573,1087.4329747991637,1108.4578489146597,5477481
2021-02-08,1123.2354736328125,1128.7932302881572,1099.0654696431639,1107.682211859104,6921922
2021-02-09,1124.9588623046875,1147.7501042069305,1118.3239074502417,1126.1221015084686,7965949
2021-02-10,1117.1605224609375,1123.924643422674,1106.0449050184593,1116.5573926368966,5951207
2021-02-11,1113.8428955078125,1116.7294823147963,1105.5708463054061,1110.6977644319234,4673317
2021-02-12,1128.620849609375,1140.6411619904115,1121.5120378349307,1124.4847715939468,5797875
2021-02-15,1128.4915771484375,1144.6479675405958,1126.2942659811706,1137.4098836079422,4363513
2021-02-16,1111.904541015625,1137.1946607577725,1108.1131530475434,1132.240033518252,6896421
2021-02-17,1104.0631103515625,1115.4371668503802,1098.6345212315448,1111.9043239367195,4575741
2021-02-18,1113.670654296875,1125.3463804868834,1098.6344832471489,1099.4961573516564,6437551
2021-02-19,1112.679931640625,1119.7456179756161,1100.1856557955718,1116.8159046715325,5389696
2021-02-22,1090.1903076171875,1127.5439735379998,1085.7096432270175,1115.8682444277679,7371303
2021-02-23,1091.1810302734375,1112.4213189416287,1083.5983609236966,1095.3171082349922,6612942
2021-02-24,1098.031494140625,1100.013281724026,1078.8161170740752,1085.7526365780805,4537258
2021-02-25,1098.2469482421875,1119.9610970869585,1096.049636849095,1110.2241360693142,8788221
2021-02-26,1079.936279296875,1098.0314368662373,1072.5689230697005,1093.4645216914641,15132388
2021-03-01,1091.7412109375,1106.820509431112,1084.8478173404203,1088.5530584727862,5756286
2021-03-02,1124.053955078125,1128.793163014445,1102.2535564971179,1104.8817047902842,10461434
2021-03-03,1157.702392578125,1160.6751264405077,1127.0698332473528,1136.7205420391444,9056399
2021-03-04,1146.3282470703125,1175.194332673044,1142.4938389671688,1150.3350531237788,12041941
2021-03-05,1134.56640625,1154.6434577003683,1124.5279857096573,1144.7342041454772,6486176
2021-03-08,1150.9813232421875,1159.8996302572925,1134.9972246111543,1141.5460327392925,5119392
2021-03-09,1159.4256591796875,1163.6477782378126,1136.332750591368,1145.5957474208333,6518173
2021-03-10,1178.8994140625,1183.94018639556,1167.5683788689837,1169.2055806586063,7925984
2021-03-12,1184.6728515625,1199.1920420055471,1180.5368781687152,1183.078775196619,9462061
2021-03-15,1183.595458984375,1189.0240475959667,1170.584201812019,1180.4934534283886,6658635
2021-03-16,1192.556884765625,1211.5137138587202,1189.5410255917236,1194.3233586414099,9352771
2021-03-17,1195.14208984375,1206.3438542042177,1190.8337189358776,1199.6658792970159,7626744
2021-03-18,1152.14453125,1200.9583948470276,1131.8090415293782,1200.9583948470276,10961755
2021-03-19,1158.47802734375,1167.741026522775,1135.68678306558,1146.0268751723984,12767112
2021-03-22,1181.18310546875,1185.6637695004824,1151.2829458450037,1163.3463853602702,4862758
2021-03-23,1181.829345703125,1191.910892235116,1171.5322754263343,1182.6047683710906,7165335
2021-03-24,1166.4913330078125,1180.8812486522415,1160.0287771462733,1170.0241758418215,6134303
2021-03-25,1149.301025390625,1165.4142899503865,1143.9585825402114,1160.4596635790633,8749994
2021-03-26,1151.368896484375,1169.033215628549,1147.7499073190118,1158.6931263734227,4922071
2021-03-30,1193.6773681640625,1206.3439374331733,1151.326058180779,1160.5890562717839,10546381
2021-03-31,1178.8133544921875,1196.0037115869577,1174.7204023091629,1190.83366672419,8220987
2021-04-01,1193.591064453125,1199.1058003917483,1181.3553328390126,1189.1104006694657,5675155
2021-04-05,1214.874755859375,1227.8860182437927,1195.142391090625,1198.5890886856953,9479572
2021-04-06,1215.8653564453125,1228.747342967001,1211.9015711911009,1226.162320506341,5793571
2021-04-07,1232.366455078125,1236.4594077151494,1212.030964065878,1215.17609607656,5879234
2021-04-08,1240.681640625,1250.8924593912707,1224.4391021437357,1232.1941703487278,5654434
2021-04-09,1241.7156982421875,1253.7360117447722,1232.23728165855,1253.7360117447722,6052712
2021-04-12,1228.531982421875,1273.166747756868,1219.2689848339141,1270.1077622934201,20384532
2021-04-13,1203.88818359375,1236.7179510500807,1184.8020781702567,1234.7791840130749,14855206
2021-04-15,1172.52294921875,1177.3914285787607,1137.4097321100496,1148.0083648695484,25342491
2021-04-16,1166.4913330078125,1181.225939335156,1160.3303420495129,1176.1851668001211,10879878
2021-04-19,1174.07421875,1188.851847075062,1148.0515948995885,1154.6434235411007,12508028
2021-04-20,1164.423583984375,1188.2489002289828,1156.7116408102752,1188.2489002289828,8560766
2021-04-22,1164.2078857421875,1176.0128843300108,1159.0809667878193,1168.04239869778,6622446
2021-04-23,1149.301025390625,1161.8814469660617,1146.8882956923953,1157.228385510809,7316262
2021-04-26,1157.702392578125,1164.380367507534,1138.271597645071,1147.9654322200197,7088606
2021-04-27,1161.9677734375,1165.8453077203837,1154.7728141940079,1159.8135877247869,3636115
2021-04-28,1168.43017578125,1171.4460353795055,1158.6070691956795,1170.1535241231102,4879234
2021-04-29,1168.731689453125,1179.6318882743649,1164.4664445679937,1178.7702141412208,5412357
2021-04-30,1167.00830078125,1183.854071574896,1159.7271966822093,1160.0718873604987,8354677
2021-05-03,1165.026611328125,1172.7385531266991,1152.920047085616,1155.3327768515082,4560337
2021-05-04,1145.5096435546875,1167.5253551205797,1140.9427284558226,1166.706806746648,4887060
2021-05-05,1155.93603515625,1158.0040744447103,1144.131139711262,1155.5913444106986,3939788
2021-05-06,1173.2552490234375,1175.926417276419,1152.4027811565113,1158.9514822497335,4810090
2021-05-07,1165.45751953125,1183.1218412109477,1161.9676968327874,1176.4438659417935,4991435
2021-05-10,1154.255615234375,1165.7589437563593,1150.3780816751782,1163.1307956034163,7195348
2021-05-11,1146.5869140625,1155.50522191954,1141.8045796830766,1151.9723783704771,6420988
2021-05-12,1143.441650390625,1146.0266729612142,1132.6707230131701,1146.0266729612142,5241898
2021-05-14,1134.3079833984375,1143.3124370755465,1129.9134658392018,1143.3124370755465,4824609
2021-05-17,1145.5096435546875,1150.2918720076307,1137.6684297752622,1137.6684297752622,5017129
2021-05-18,1154.6435546875,1158.6072354054272,1145.5959745947994,1152.9202060984142,5620150
2021-05-19,1152.058349609375,1169.6795440720994,1148.8270715158558,1156.3667204007338,4435878
2021-05-20,1154.040283203125,1162.48462714297,1150.3350421171274,1161.8814972847088,4490092
2021-05-21,1167.1375732421875,1169.7225955528013,1160.1149082613877,1161.1058545174217,4969733
2021-05-24,1161.5797119140625,1174.4616965187527,1159.0377104284614,1168.990087494899,4225371
2021-05-25,1173.2552490234375,1178.7699834331863,1167.0942591403152,1170.153243788207,4099340
2021-05-26,1203.9742431640625,1206.343847149535,1173.6433542239515,1178.6841271197163,6850024
2021-05-27,1208.2828369140625,1220.346277610655,1199.1921306009024,1209.9630597942887,15365391
2021-05-28,1210.6954345703125,1218.4073769544673,1202.983387001314,1214.7452614296749,4261312
2021-05-31,1213.91796875,1220.6680058856502,1204.5550140134528,1220.6680058856502,4429904
2021-06-01,1208.212890625,1220.232352470648,1200.7661402744382,1219.361380056322,4791325
2021-06-02,1200.7662353515625,1212.3501055873878,1188.877439690679,1202.5952563024946,9272276
2021-06-03,1210.3468017578125,1218.4903723317955,1199.3725709192988,1208.9967520267799,5115645
2021-06-04,1206.8631591796875,1216.6616005621086,1199.895378641077,1214.09216769656,4194328
2021-06-07,1210.3468017578125,1212.393565608191,1199.5903140165703,1211.5225932191047,5154576
2021-06-08,1230.6405029296875,1238.3051031560915,1215.4856670818356,1215.8775621634632,7360630
2021-06-09,1232.6876220703125,1241.1360141650894,1223.368151014114,1231.0327527874454,5394317
2021-06-10,1240.5262451171875,1244.619773572991,1235.9100480756292,1240.2649108243102,3496575
2021-06-11,1260.2100830078125,1264.3036110722962,1245.011549675881,1245.5777030430665,6140828
2021-06-14,1273.1876220703125,1286.4263613244386,1265.9149167591186,1281.2005264104598,7132294
2021-06-15,1283.726318359375,1285.5553392447312,1274.2326973679144,1275.103669819977,5403104
2021-06-16,1289.5618896484375,1297.2699751733123,1278.1521709198764,1282.6811854881962,7661710
2021-06-17,1302.3651123046875,1308.7667383776072,1284.7714054916353,1284.7714054916353,7677951
2021-06-18,1309.3331298828125,1320.2202871980096,1295.4846445139028,1314.297631090584,13533974
2021-06-21,1306.72021484375,1311.5105640723955,1292.6974711367075,1300.3620724304985,5454052
2021-06-22,1316.7796630859375,1325.1409772519048,1308.2876817899016,1314.907051074631,6427862
2021-06-23,1309.202392578125,1328.2331212813588,1305.283016154672,1328.2331212813588,5529809
2021-06-24,1358.020263671875,1366.3380934780537,1316.2135841582835,1321.2652671274627,10785137
2021-06-25,1371.0849609375,1374.3946991922826,1343.9106596031002,1369.168863834137,9780240
2021-06-28,1368.99462890625,1376.2672280750623,1359.239673036804,1369.9526773998857,5019178
2021-06-29,1361.3736572265625,1370.605944791992,1358.020327926008,1359.5881210099008,5913567
2021-06-30,1376.8336181640625,1385.7174967339552,1369.212607418354,1369.212607418354,6058722
2021-07-01,1359.0654296875,1373.3928839350976,1357.8896381461875,1373.3928839350976,4814317
2021-07-02,1365.5108642578125,1366.9478839702683,1343.5622912761874,1357.8026718078984,5166064
2021-07-05,1375.221923828125,1380.491349741526,1359.6316018427842,1366.6864575080867,4058338
2021-07-06,1360.6334228515625,1382.0158438042245,1356.1914836281308,1370.649608264355,4089574
2021-07-07,1362.7237548828125,1367.9061058203963,1345.3478934518514,1363.986728987557,4797120
2021-07-08,1359.370361328125,1372.6526922653372,1349.1364342125682,1365.684912101554,3326813
2021-07-09,1361.242919921875,1367.3397273251671,1350.8783260723017,1355.2331885032247,3436594
2021-07-12,1348.134765625,1374.3946078178155,1335.854074613799,1367.9059052074665,4588982
2021-07-13,1345.6090087890625,1355.581708354052,1338.0751812303984,1355.581708354052,4456160
2021-07-14,1373.4365234375,1378.5752823277203,1339.6427487234016,1353.4912324038655,5657716
2021-07-15,1376.8336181640625,1390.8126655113908,1355.2334537511215,1356.8883230627418,10021355
2021-07-16,1354.7540283203125,1371.4767628250784,1349.6588608514694,1370.6928663714386,6265593
2021-07-19,1342.7783203125,1352.5332765373414,1339.1638693330044,1345.3912379284575,5669162
2021-07-20,1350.0509033203125,1356.7137575793088,1339.5556426558176,1339.816976921609,5069939
2021-07-22,1385.0203857421875,1387.3284840624563,1359.9364422808278,1359.9364422808278,7854575
2021-07-23,1385.2381591796875,1392.2495302773834,1380.5349927726625,1383.5833964986373,4179719
2021-07-26,1396.9527587890625,1403.7027953972172,1388.4171860985402,1388.4171860985402,4586710
2021-07-27,1395.7769775390625,1401.6560417250942,1391.7269342802642,1397.9108175675212,5892859
2021-07-28,1398.433349609375,1400.1752945157943,1380.9268245638377,1397.9978633827702,4686788
2021-07-29,1408.362548828125,1410.9754663584183,1393.643092143495,1393.643092143495,4660873
2021-07-30,1402.701416015625,1413.9369841697644,1398.9127063515282,1402.265929702053,6234257
2021-08-02,1421.0355224609375,1423.8225925165825,1410.2789247776495,1417.4644494072638,5553389
2021-08-03,1441.6336669921875,1444.638585966481,1424.562626930286,1434.4917348838053,5513668
2021-08-04,1436.451416015625,1463.146744783546,1427.5675389174712,1453.7401991220645,6740391
2021-08-05,1440.196533203125,1451.0400976473882,1434.5352122939364,1436.6690522625252,5420536
2021-08-06,1437.2786865234375,1446.380412367593,1431.8786998912153,1443.2013416786763,3754855
2021-08-09,1448.6884765625,1452.3029270691816,1433.9690213207793,1446.6851974576966,5018477
2021-08-10,1460.838623046875,1463.233797417648,1446.7289110997303,1452.7821274360933,6846517
2021-08-11,1461.10009765625,1466.7178282829386,1452.7822669690863,1458.7049230554317,4899639
2021-08-12,1471.59521484375,1477.6049467665491,1458.0080641834384,1462.493594127551,5659579
2021-08-13,1491.2791748046875,1500.25023470125,1473.075933355373,1478.0404344197511,5612790
2021-08-16,1484.485595703125,1498.0291547007535,1472.030646043933,1487.3597412491697,4564109
2021-08-17,1516.9293212890625,1523.2438721030503,1468.9387563667328,1484.0501084300226,9510390
2021-08-18,1509.7872314453125,1528.9922175200145,1504.1695013711565,1505.9114463640587,6686090
2021-08-20,1509.351806640625,1519.8470681780625,1494.6759407419665,1494.6759407419665,6206972
2021-08-23,1514.403564453125,1526.9455907943864,1508.524499573149,1511.7906467286912,6189051
2021-08-24,1498.8131103515625,1530.2987896960838,1491.7146627153454,1524.2019817690077,7602939
2021-08-25,1511.6163330078125,1521.5018494102508,1496.3307234273852,1496.3307234273852,6153253
2021-08-26,1504.779296875,1520.718137753988,1498.072850479301,1510.2664667041324,5302248
2021-08-27,1488.3179931640625,1504.7792899357576,1485.1824068076487,1502.4277064883427,6698514
2021-08-30,1478.954833984375,1496.896845466197,1472.2918733754789,1483.3096963013163,6559667
2021-08-31,1486.27099609375,1493.7178535768544,1468.3289836646177,1480.783933076624,12255438
2021-09-01,1461.2740478515625,1488.927423514973,1457.267595791076,1488.927423514973,7801974
2021-09-02,1471.15966796875,1475.688788882233,1448.1224872534362,1460.9257408190936,6830050
2021-09-03,1481.2193603515625,1485.835450675509,1467.0660576377923,1477.2129082319484,5339139
2021-09-06,1507.130859375,1508.5243941333167,1480.0871202894011,1485.1388033981718,4876026
2021-09-07,1486.4451904296875,1511.0501627608223,1484.13709211518,1506.7823763845429,3520341
2021-09-08,1474.774169921875,1481.393539587416,1465.8031107394431,1481.393539587416,4584896
2021-09-09,1473.3370361328125,1476.2112878647204,1465.1063886676236,1468.372535490299,3331674
2021-09-13,1473.5985107421875,1481.9598261405356,1459.0532050480786,1465.8468336141766,4662374
2021-09-14,1468.5904541015625,1477.12592169284,1462.0145685181678,1477.12592169284,4945167
2021-09-15,1490.6258544921875,1493.8049254065334,1472.117688719493,1474.7741973936459,4062344
2021-09-16,1482.6129150390625,1497.4194473085083,1473.2063696575788,1493.891966210481,3246568
2021-09-17,1473.075927734375,1496.3308524712506,1467.1096806648243,1478.0404287798092,7454864
2021-09-20,1470.0709228515625,1487.3597058300793,1461.4482737789863,1467.5886724736702,5660743
2021-09-21,1496.72265625,1503.9517705576725,1467.2838494209095,1480.6532560868934,4672222
2021-09-22,1495.372802734375,1514.5341989673232,1492.0195796575874,1495.4598787260009,4553892
2021-09-23,1517.713134765625,1519.8469748097546,1499.0307113119939,1508.5243325905415,3826090
2021-09-24,1536.264892578125,1557.2989006716446,1526.3357843635558,1531.1697244858785,8280446
2021-09-27,1499.0743408203125,1540.750353714178,1496.4178321652648,1540.5326105890063,5045337
2021-09-28,1469.4176025390625,1489.3628929542976,1458.8788571335956,1489.3628929542976,6557197
2021-09-29,1473.9031982421875,1481.872617800693,1441.4594729447897,1445.1611060324121,7792548
2021-09-30,1459.0533447265625,1483.2664269904815,1454.6114054634434,1483.2664269904815,6914031
2021-10-01,1450.2999267578125,1462.3192838563787,1446.9031126334762,1450.2563356034423,5733906
2021-10-04,1462.1448974609375,1470.2013920560314,1450.517437336317,1456.7013200318202,2947154
2021-10-05,1474.38232421875,1483.2226102398492,1448.4273005977032,1455.3950807569224,4373310
2021-10-06,1457.6160888671875,1488.492021865943,1454.524093924005,1482.4822902737767,4271698
2021-10-07,1472.8145751953125,1484.3113702738483,1460.3161404249604,1469.330685011527,5476108
2021-10-08,1501.426025390625,1508.0889867346034,1479.2598162798897,1485.2259570483295,4738376
2021-10-11,1472.7708740234375,1506.7823919299244,1449.0368739193389,1464.9757128474757,8840633
2021-10-12,1467.7193603515625,1471.072583282753,1447.5563252906663,1460.6209130640477,7439300
2021-10-13,1488.666015625,1492.5419066804288,1463.2772546739036,1477.1256310763652,7104171
2021-10-14,1494.37109375,1553.4665576738048,1479.085483572147,1527.6857924741366,19655776
2021-10-18,1560.9134521484375,1566.8795927579404,1515.4922131177411,1515.4922131177411,13438109
2021-10-19,1587.04248046875,1597.798969026237,1552.3342493938349,1579.9440336950636,10324260
2021-10-20,1569.79736328125,1609.5572816820163,1562.5683548664965,1593.3572134225717,5876115
2021-10-21,1527.380859375,1579.9440255087377,1521.4582041825172,1579.9440255087377,8779629
2021-10-22,1497.8985595703125,1535.6986813056806,1486.7500689564513,1524.11481075835,7369809
2021-10-25,1487.229248046875,1506.564796489911,1469.5048712675496,1499.858350257659,5905209
2021-10-26,1497.026611328125,1517.1486674004602,1490.1728822340883,1502.6063879603894,5871709
2021-10-27,1519.213623046875,1523.7828831952202,1494.78606375197,1501.7716182584402,5090259
2021-10-28,1497.2021484375,1515.5228408460055,1486.789677839468,1510.777886307297,5329972
2021-10-29,1465.4375,1504.8467856229756,1459.5503108556832,1492.8966047069405,5875091
2021-11-01,1493.8194580078125,1500.102016130917,1472.6868855107523,1474.0049226994552,3636806
2021-11-02,1491.93017578125,1499.4429230262488,1481.7812470277015,1489.3819492239559,3471772
2021-11-03,1495.9722900390625,1509.1086851583352,1492.8968697658545,1501.6837848321632,3530713
2021-11-04,1501.419921875,1508.713103252184,1498.1688066656807,1506.955720487767,483407
2021-11-08,1526.726318359375,1529.80173828125,1496.4114648437499,1520.1361328125,5245903
2021-11-09,1531.119873046875,1537.710059014078,1516.621463919028,1524.3100142140984,4016134
2021-11-10,1529.0546875,1538.5444891849152,1513.0624414790395,1516.6211841497086,4780368
2021-11-11,1523.035888671875,1528.703405453859,1501.6836441561402,1522.7282608636551,4731349
2021-11-12,1564.2464599609375,1566.5750137314162,1527.2097015420263,1531.5591812690018,5069009
2021-11-15,1570.3533935546875,1581.6445568553665,1560.116617053724,1565.915958976433,4354074
2021-11-16,1574.8787841796875,1589.5089115274943,1561.4347616165671,1572.857750868686,6034233
2021-11-17,1570.616943359375,1583.401946486974,1564.6857762457305,1575.0983554327267,4732492
2021-11-18,1563.54345703125,1572.3742410091222,1545.618131495533,1565.476535154988,4326924
2021-11-22,1545.9698486328125,1568.815827663556,1538.7206437480575,1567.5856381094713,6621839
2021-11-23,1526.1990966796875,1535.293531113381,1502.5622768372482,1524.6174092729004,8436160
2021-11-24,1490.2607421875,1529.362512840415,1483.231210384729,1528.923167102742,7333061
2021-11-25,1513.4580078125,1516.7969705965193,1491.0952485220696,1493.7753000534872,4476260
2021-11-26,1486.4384765625,1509.8994963783227,1479.7164652294268,1496.0162352304876,4494181
2021-11-29,1490.5679931640625,1504.3195337185286,1466.667632262169,1485.867016073617,3942776
2021-11-30,1504.890869140625,1520.0482960069558,1493.8193787950365,1497.7734901514705,14808963
2021-12-01,1506.867919921875,1530.59258798338,1505.1983847910458,1506.9557676104166,5193264
2021-12-02,1536.1722412109375,1538.1492968624316,1503.748507074007,1506.9557521388576,5559574
2021-12-03,1525.012939453125,1569.914049638286,1522.3768651886874,1556.2503551294296,6754012
2021-12-06,1489.6456298828125,1523.6069679725288,1486.3065595311832,1520.1361797156055,3991449
2021-12-07,1504.0123291015625,1515.6549914895222,1488.50340265687,1494.7420908613853,4202122
2021-12-08,1540.653564453125,1546.3211884129332,1522.4207176698017,1522.7722156867264,3029169
2021-12-09,1549.5283203125,1554.7565985466379,1530.680432518433,1545.6181864523098,2082171
2021-12-10,1545.837890625,1549.7920020405534,1534.1952292347592,1546.496909194259,1823469
2021-12-13,1533.009033203125,1556.470051607841,1527.8687097618824,1552.6917427954177,4040584
2021-12-14,1539.5992431640625,1549.1330239292365,1502.869897706602,1520.927049880741,4768144
2021-12-15,1523.82666015625,1535.908667518198,1512.4036713776811,1533.316570661763,3053149
2021-12-16,1556.689697265625,1561.9618457823942,1544.7395154133753,1548.8254519662987,4481031
2021-12-17,1599.9652099609375,1618.549554473689,1587.5756827064808,1599.2183437253605,18887243
2021-12-20,1580.677978515625,1607.6977390246545,1570.4851797435072,1583.1382500746142,5773891
2021-12-21,1591.837158203125,1615.034630275392,1582.5230517551581,1582.5230517551581,5353584
2021-12-22,1603.34814453125,1607.2583855937914,1592.496327262333,1603.6117948544356,4156428
2021-12-23,1632.2572021484375,1635.7719679184652,1605.3692654601534,1609.103704090808,4112933
2021-12-24,1637.44140625,1648.2053757839751,1629.0938380399784,1645.744996985642,3780347
2021-12-27,1639.7698974609375,1647.1069488401015,1621.2295312790468,1634.3659241624905,2647733
2021-12-28,1658.969482421875,1665.911166433166,1650.5340658280904,1652.554991836044,3340933
2021-12-29,1656.816650390625,1664.0658546078334,1648.7766024427483,1655.0152900742216,3236635
2021-12-30,1663.23095703125,1678.1248402781916,1646.9751665027095,1655.893905461335,4584738
2021-12-31,1658.7496337890625,1668.0637408590383,1644.602724183878,1660.7266893716478,4619420
2022-01-03,1668.1517333984375,1681.8594057710459,1658.7497778274603,1658.7497778274603,3329616
2022-01-04,1668.7669677734375,1675.3571539606305,1650.1826212731244,1668.1518193720126,3921999
2022-01-05,1620.8782958984375,1672.062075740944,1616.7923589736022,1669.5138489401327,6995719
2022-01-06,1597.28515625,1606.2477649878608,1581.6444075372808,1606.2477649878608,6449205
2022-01-07,1594.2099609375,1613.2775227404143,1587.6197749785931,1595.2203703081527,4834389
2022-01-10,1626.238037109375,1643.0649981325935,1593.0674382165591,1594.8248209393573,7857560
2022-01-11,1630.499755859375,1643.1529335918676,1625.7109305887875,1629.9725624667992,5142287
2022-01-12,1649.6990966796875,1659.848025074008,1634.3659749272922,1642.1863497006073,5362535
2022-01-13,1666.701904296875,1680.497316486841,1639.9456865869017,1673.9071309319909,14277630
2022-01-14,1695.30322265625,1698.5104677026313,1652.8185151312207,1653.6972065268249,7688506
2022-01-17,1704.2220458984375,1716.8752240721528,1696.3138229476326,1703.3873319362635,5262464
2022-01-18,1687.74658203125,1709.0548494342218,1679.574708740925,1688.9327940218743,3690315
2022-01-19,1640.560791015625,1683.5726913474412,1636.8702228464153,1683.5726913474412,5747770
2022-01-20,1602.4696044921875,1623.8218502987,1595.2643772820832,1620.3070843889625,5533463
2022-01-21,1569.0792236328125,1588.6740851767383,1560.5559597753802,1577.2510967324367,8252758
2022-01-24,1526.1112060546875,1554.097504585174,1518.3786791357186,1550.89025964962,7116712
2022-01-25,1513.2384033203125,1528.923023226851,1494.214713216816,1517.1485371127924,9137653
2022-01-27,1474.9716796875,1502.2989666500882,1463.021495530791,1495.5330843203642,11231734
2022-01-28,1481.6494140625,1517.9833897106614,1475.7622245146904,1477.0802616309584,10998502
2022-01-31,1525.583984375,1537.2706230423364,1507.2632899140617,1509.591843604878,8788872
2022-02-01,1557.085205078125,1564.0707591029711,1524.265994070383,1551.856926666537,5119935
2022-02-02,1570.3094482421875,1575.3180537987653,1557.0412289736769,1571.9789834277135,4253717
2022-02-03,1527.6490478515625,1563.1920737397209,1523.6509588896436,1563.1920737397209,3832922
2022-02-04,1529.8897705078125,1541.180934987661,1502.694311108858,1521.8936991988624,4700077
2022-02-07,1506.9556884765625,1521.8934416567965,1489.7333592035418,1513.2822233892216,4310209
2022-02-08,1508.976806640625,1515.7426876167267,1490.2606366365032,1502.5623164200595,6053401
2022-02-09,1526.5506591796875,1531.5591574092173,1515.7427117216866,1524.5296259925371,3867244
2022-02-10,1554.932373046875,1558.7107891978585,1536.6116777128484,1542.6746701881318,4334630
2022-02-11,1512.535400390625,1534.1511870988509,1505.1983487478708,1528.9230162412698,7551371
2022-02-14,1478.1346435546875,1510.0751620435087,1474.6638553981247,1484.9884794415796,7459637
2022-02-15,1527.3853759765625,1534.8542531207022,1485.3838827787808,1492.8967373992116,4669915
2022-02-16,1523.035888671875,1542.4988179107663,1517.3682646277543,1527.3853683173847,5350642
2022-02-17,1515.56689453125,1536.8311824527893,1511.612783427169,1532.4377256704772,3937950
2022-02-18,1499.882080078125,1513.5457727749333,1496.8506379808991,1502.5621314630687,5602215
2022-02-21,1520.751220703125,1526.5506699725988,1486.3065594227182,1494.6541280390445,5120890
2022-02-22,1523.9583740234375,1538.5886069583632,1485.911101612414,1493.687498875911,8878515
2022-02-23,1531.42724609375,1544.9591147620647,1523.123655479762,1537.7099108964103,5478811
2022-02-24,1474.5760498046875,1506.9118301831932,1467.8540388895212,1485.0763695246333,13592379
2022-02-25,1489.0303955078125,1518.5105342990194,1473.5654486264136,1506.9557211653544,9737281
2022-02-28,1507.4830322265625,1518.4228051512885,1463.0212662482625,1478.1347163040493,15076542
2022-03-02,1496.23583984375,1506.428639183248,1485.8672378574524,1502.5623753614689,6771489
2022-03-03,1512.0960693359375,1523.5630349736196,1498.6521553167977,1511.5248984753623,7344147
2022-03-04,1514.2490234375,1525.4083619826322,1477.0803320811085,1489.601685282867,9074499
2022-03-07,1528.791015625,1538.588444936385,1490.2604241074296,1491.1391153952286,9742588
2022-03-08,1562.4891357421875,1581.6446527750986,1509.9873201847918,1509.9873201847918,10984500
2022-03-09,1593.375,1609.411117760778,1573.7362690166242,1573.7362690166242,10193515
2022-03-10,1604.402587890625,1620.9658987002945,1590.6070690763233,1620.9658987002945,6547182
2022-03-11,1600.975830078125,1609.2355512027455,1591.310224078751,1593.9462984422166,4758657
2022-03-14,1661.3416748046875,1665.1200904742025,1609.3671678167375,1609.3671678167375,10289724
2022-03-15,1616.17724609375,1659.27699787109,1608.0053726067936,1659.27699787109,7140443
2022-03-16,1660.1995849609375,1664.1975665515567,1624.7004302568198,1638.7594929307566,5233979
2022-03-17,1629.6209716796875,1689.9871323532464,1610.6852372652634,1689.9871323532464,17731459
2022-03-21,1628.25927734375,1658.0029622596096,1617.758849881559,1635.2448316509428,8362085
2022-03-22,1658.442138671875,1660.7267148165508,1615.9134542580089,1625.579059476518,5709382
2022-03-23,1645.26171875,1669.5135787574188,1631.7298503960667,1666.8775046856965,6192824
2022-03-24,1657.826904296875,1664.7685873186508,1630.9829482815358,1630.9829482815358,3784303
2022-03-25,1648.908447265625,1664.2415698272353,1632.6086783204876,1662.4841869657494,3438588
2022-03-28,1646.5799560546875,1652.7307963034818,1627.907762442276,1639.6382720357626,4008555
2022-03-29,1657.212158203125,1660.1997307360898,1634.8495025786779,1646.5800125748235,3917785
2022-03-30,1672.984375,1686.208722896825,1665.1201302185948,1678.3005006424887,7795839
2022-03-31,1675.53271484375,1680.9366885358509,1664.417246914596,1669.5137000617442,5399145
2022-04-01,1672.633056640625,1678.5642235880214,1650.4460988003643,1657.9588459097863,6171518
2022-04-04,1654.5318603515625,1663.362751461479,1645.788924187718,1660.5070045294929,7364074
2022-04-05,1635.33251953125,1660.3752240705198,1631.8617314560988,1655.278878381211,5472024
2022-04-06,1606.9947509765625,1632.169281125761,1601.107561481124,1629.9725526181892,5407453
2022-04-07,1591.31005859375,1606.379636923527,1588.2786162958694,1600.1409496978658,5797544
2022-04-08,1594.4735107421875,1615.034912473109,1588.6741685263228,1601.854540499716,5131446
2022-04-11,1552.25244140625,1593.9463082740529,1548.737675566616,1593.9463082740529,8248407
2022-04-12,1531.0758056640625,1544.300154299906,1518.1590848316712,1544.300154299906,6456184
2022-04-13,1536.435791015625,1544.3000356322013,1521.8934063812078,1542.0593298022513,6257693
2022-04-18,1424.7103271484375,1449.8408809660887,1397.1193943855035,1410.7391117521547,30523965
2022-04-19,1372.5159912109375,1438.110326839995,1361.9716942234015,1438.110326839995,17044923
2022-04-20,1395.0982666015625,1402.6550983089535,1373.3946323351558,1383.9389289365774,10678747
2022-04-21,1422.4256591796875,1429.8065810155888,1396.4602858072528,1401.5127612789481,7766514
2022-04-22,1393.121337890625,1415.3082973438313,1390.4413932842554,1409.7286280030771,8134245
2022-04-25,1371.7252197265625,1382.0059741881291,1365.5743794932316,1382.0059741881291,7000570
2022-04-26,1389.2110595703125,1398.8766646653621,1376.5140121457584,1385.8719894508067,5345435
2022-04-27,1364.431884765625,1381.9617331829834,1362.2790267372043,1381.9617331829834,8819356
2022-04-28,1390.616943359375,1407.4878820528004,1368.5178339093395,1379.5454535287045,9245177
2022-04-29,1377.392578125,1403.533644070456,1371.4614119020814,1397.119154731933,9831395
2022-05-02,1354.0633544921875,1364.387977733773,1345.2764410950936,1362.7624202077359,7072627
2022-05-04,1349.274658203125,1379.545534836563,1344.5297030639988,1359.5553049527848,6220959
2022-05-05,1392.85791015625,1396.5923491853584,1368.5180902445354,1370.8027740485338,6144870
2022-05-06,1355.68896484375,1372.3841009487683,1348.8352364842315,1361.9716296199067,6171472
2022-05-09,1379.85302734375,1394.3075653232786,1337.5001444983088,1353.1847646359806,6832202
2022-05-10,1364.607666015625,1378.7985527649935,1358.5008040403675,1369.0011227639045,6212545
2022-05-11,1341.5421142578125,1361.9277121263535,1328.2299179037932,1361.9277121263535,7846080
2022-05-12,1325.76953125,1342.2010163356415,1321.8154202362452,1330.3386832943772,7034979
2022-05-13,1321.9033203125,1343.7387794348365,1316.3675217689756,1334.9958431960715,6723761
2022-05-16,1308.4593505859375,1328.4495800627174,1299.2770683025562,1326.8240224148346,6145331
2022-05-17,1334.2489013671875,1340.0043728900273,1301.2541039526504,1313.555783441477,6516378
2022-05-18,1326.12109375,1361.7080974834491,1322.6942829038983,1337.3683872175263,6594126
2022-05-19,1254.0244140625,1304.5930382065774,1245.676846021442,1301.3419230322806,16561140
2022-05-20,1278.6279296875,1288.8207294119443,1271.20292231775,1276.7387215514266,10488908
2022-05-23,1290.2703857421875,1307.4927145622214,1274.1464210976928,1278.5837480095965,5887569
2022-05-24,1266.194091796875,1291.2807699000564,1261.1416171071928,1290.4459488549264,5693167
2022-05-25,1239.3504638671875,1267.5125711784751,1229.5091613320494,1260.9223844999042,9630092
2022-05-26,1251.212646484375,1256.5287726581694,1236.3628467990359,1245.9844752652336,13040065
2022-05-27,1284.0755615234375,1289.0401890208304,1263.030946945637,1268.7863108351823,8284860
2022-05-30,1341.586181640625,1344.397951444672,1304.856835225711,1306.614218168776,10904213
2022-05-31,1335.1922607421875,1347.9794391568867,1321.4727505210642,1341.4970177305668,16033857
2022-06-01,1312.9482421875,1345.0936959690998,1307.220595475762,1343.539700941573,8738508
2022-06-02,1339.0997314453125,1344.2944932066457,1310.3286014773466,1317.78779937987,7205840
2022-06-03,1351.26513671875,1380.835483354974,1347.9795908249841,1354.1067924628962,9395707
2022-06-06,1358.6800537109375,1364.496369880414,1325.779716646575,1346.2036506605543,6624883
2022-06-07,1337.9451904296875,1349.622374002398,1334.304423990545,1349.622374002398,4904592
2022-06-08,1331.99560546875,1349.9331029298305,1324.89162890625,1349.9331029298305,4697608
2022-06-09,1345.3155517578125,1347.0471026731207,1315.5676501182832,1318.675639841816,4361061
2022-06-10,1311.394287109375,1326.6233521245908,1308.5526310764772,1319.6525958969517,6516436
2022-06-13,1264.951904296875,1281.9126277011962,1253.5854977400272,1281.9126277011962,6987685
2022-06-14,1279.2044677734375,1286.619223049743,1245.9933493091928,1252.0761087251524,6090247
2022-06-15,1262.909423828125,1284.3990185434857,1259.9346552426048,1278.8933715213977,4651958
2022-06-16,1240.70947265625,1282.0457799508679,1236.0919312149667,1276.93979675799,6641772
2022-06-17,1231.9185791015625,1240.4876655034718,1214.0254135488024,1235.2485686561172,9692047
2022-06-20,1255.76123046875,1263.0427639663321,1227.2120995273342,1234.3605201667415,4595194
2022-06-21,1287.507080078125,1292.9238409740165,1263.3979359517734,1264.507932381181,6270787
2022-06-22,1276.2738037109375,1296.1205167768,1274.2758102801847,1275.2082505737685,6253366
2022-06-23,1289.7713623046875,1294.6997896368189,1272.4998618309749,1278.5382855533985,6254281
2022-06-24,1279.6927490234375,1303.1358968889983,1268.8592264937179,1294.6999234508755,6114340
2022-06-27,1309.4404296875,1317.7876236462766,1301.0489009150212,1303.6241140424631,4511097
2022-06-28,1314.368896484375,1321.561651135481,1290.2597541406712,1304.4677073865423,4412178
2022-06-29,1299.3619384765625,1311.5719003108716,1293.811955824604,1300.6494910925776,5060038
2022-06-30,1298.1629638671875,1316.0116836459267,1292.0357622839565,1300.960176372367,9165177
2022-07-01,1313.702880859375,1318.6756427483724,1280.8025462113708,1291.147733707834,4651635
2022-07-04,1321.33984375,1325.1138318789901,1298.2519163726479,1314.4578653971353,4800224
2022-07-05,1310.63916015625,1340.8310588787854,1307.131615281538,1330.9299788102953,7379669
2022-07-06,1324.5809326171875,1331.9956869281368,1305.3557731895742,1316.1892947506883,5209162
2022-07-07,1330.84130859375,1344.3832653678094,1328.1773170972135,1334.7041829822008,3323472
2022-07-08,1344.8271484375,1347.0471411605954,1331.9511906435466,1345.315590195814,3652582
2022-07-11,1308.1529541015625,1331.9068766093092,1302.1589736556825,1327.555669124535,4702638
2022-07-12,1277.47265625,1304.1125702899615,1275.1638853794875,1298.0742548130895,4710356
2022-07-13,1282.6673583984375,1296.475756562151,1277.4725970808702,1287.5957856267937,5264025
2022-07-14,1268.814697265625,1290.215406752036,1255.6279613595361,1288.4838556808252,6157606
2022-07-15,1270.146728515625,1284.0439058847987,1252.6532276522264,1284.0439058847987,5620018
2022-07-18,1323.0269775390625,1326.3125236399783,1285.8643184329112,1287.5958695188904,5835171
2022-07-19,1317.921142578125,1320.3186917980886,1305.4447378345067,1306.7323988881258,3418540
2022-07-20,1345.58203125,1354.9060006770792,1331.9956324398804,1333.105628800247,5079392
2022-07-21,1361.2108154296875,1363.475143060979,1334.7484577291702,1347.0916394538826,5008061
2022-07-22,1337.590087890625,1367.5155470877928,1325.0249071257533,1362.1875644368015,7020642
2022-07-25,1335.1922607421875,1347.2246633903328,1314.324331348125,1314.324331348125,7859626
2022-07-26,1288.616943359375,1329.020809215027,1283.1557398113582,1329.020809215027,7268273
2022-07-27,1306.2882080078125,1308.019759034265,1283.1558396500427,1288.483822375233,4517285
2022-07-28,1347.4468994140625,1353.7072142935083,1322.9825345301238,1328.7989592318934,6636841
2022-07-29,1376.1290283203125,1381.4570107879367,1356.8595350883038,1361.1219644216355,7009465
2022-08-01,1377.327880859375,1388.8273994069982,1365.6506978612158,1388.8273994069982,2983249
2022-08-02,1370.71240234375,1373.731614384653,1357.170445576222,1373.332059019602,4374635
2022-08-03,1390.692138671875,1394.1553487975477,1367.4266596498978,1375.5074110110838,6011955
2022-08-04,1420.7066650390625,1424.214210429917,1398.5510710597634,1409.6954786756162,7402209
2022-08-05,1435.58056640625,1443.6168753071975,1422.8378294078434,1428.2545901627868,5361971
2022-08-08,1438.0225830078125,1440.3313538806547,1417.2434283560572,1435.8913682028474,3763409
2022-08-10,1422.970947265625,1439.6208933320956,1410.2282102223699,1439.6208933320956,4423829
2022-08-11,1438.510986328125,1448.6341758452916,1435.0034408313697,1447.4354013336217,3462090
2022-08-12,1415.5560302734375,1433.2271926806513,1412.0484853977919,1432.6056381248397,3562286
2022-08-16,1417.6429443359375,1428.7873514369574,1412.8921814722432,1428.7873514369574,3004430
2022-08-17,1426.3453369140625,1431.4513202213034,1407.4753986046935,1417.6429220050966,4067324
2022-08-18,1405.6549072265625,1419.1968624345182,1397.707376873584,1415.5560961565852,4635706
2022-08-19,1418.22021484375,1425.1466359156411,1407.5642491319722,1407.741913599355,4739884
2022-08-22,1399.1727294921875,1419.907441241582,1397.7075125167294,1408.3634783046587,3950555
2022-08-23,1369.646728515625,1380.3914715875098,1361.2995342191398,1374.619490522654,5551574
2022-08-24,1365.2955322265625,1372.8435075266768,1359.5235511147102,1363.0755394912346,2888426
2022-08-25,1348.11279296875,1375.2410388101719,1344.2055841247086,1374.6194842114278,4331088
2022-08-26,1351.1322021484375,1371.9112502041487,1347.491326858414,1363.2089425597997,3079136
2022-08-29,1298.02978515625,1304.068208908207,1287.5958190364718,1304.068208908207,8079050
2022-08-30,1325.7353515625,1328.5325643697543,1301.8038708297447,1308.108629152098,6725875
2022-09-01,1300.20556640625,1303.6687774575998,1288.528488961084,1296.5204644343046,8140604
2022-09-02,1290.2598876953125,1312.459816939898,1285.8199018463954,1312.459816939898,5175653
2022-09-05,1297.6302490234375,1302.6917893036236,1284.3546268952266,1288.4838352280558,3669352
2022-09-06,1292.1246337890625,1305.3558130293177,1283.5554395953404,1297.6302811685841,3428442
2022-09-07,1294.3890380859375,1301.5817931585523,1276.984316019413,1278.7158670634933,3600574
2022-09-08,1310.5948486328125,1315.2123898661405,1299.672441718108,1309.79562961987,4061475
2022-09-09,1342.3408203125,1349.755574320764,1314.2356907860071,1321.3396674929586,4816910
2022-09-12,1364.1412353515625,1372.7548731045804,1350.7769427256635,1354.9061513249576,5494819
2022-09-13,1371.9111328125,1379.0595531212691,1368.6700299824238,1378.0827779506399,4947158
2022-09-14,1310.15087890625,1331.06314454904,1307.1316672343812,1329.3315936480085,14332197
2022-09-15,1272.322265625,1309.9732552773253,1268.9922765591873,1309.7956992197146,12784100
2022-09-16,1222.8165283203125,1265.3959486362396,1215.0908880161,1265.3959486362396,20464045
2022-09-19,1234.582275390625,1248.5237849644993,1225.96863943133,1236.0918269349809,6595241
2022-09-20,1233.028564453125,1255.2284946157747,1229.9649090518215,1250.255623540864,7219797
2022-09-21,1222.994140625,1233.2505516184503,1215.1353871043787,1225.3473548787024,7917054
2022-09-22,1214.735595703125,1228.9435493746757,1207.6760620818068,1213.3148220155867,9168498
2022-09-23,1212.5157470703125,1238.5785519030435,1209.4522000549628,1214.336184710104,10426200
2022-09-26,1225.6580810546875,1242.7075831808704,1203.2361527470398,1207.6761385505345,9414587
2022-09-27,1237.4683837890625,1248.967902705002,1223.6599857287542,1237.3794973619085,8561254
2022-09-28,1238.489501953125,1248.3906912173352,1222.7719967699986,1224.5479909555759,7022098
2022-09-29,1241.9971923828125,1251.9427167580907,1236.9799869799815,1247.547174377518,6119965
2022-09-30,1255.139404296875,1260.3342738295787,1221.8839576743449,1233.3834762714234,8120130
2022-10-03,1237.64599609375,1253.8519436659194,1230.7640183576234,1253.8519436659194,4943169
2022-10-04,1269.3031005859375,1271.8338706895042,1255.6279233059583,1260.689463513092,6631341
2022-10-06,1292.1690673828125,1296.2982757871803,1282.3566555701389,1283.1558746803535,6180672
2022-10-07,1288.6612548828125,1294.5664568499894,1278.8489526769124,1284.3544909391683,3994466
2022-10-10,1298.8291015625,1300.915873263201,1266.5947604561948,1266.5947604561948,5274677
2022-10-11,1264.3302001953125,1313.9248120732866,1261.0445461830916,1298.8288627361512,12824774
2022-10-12,1268.681396484375,1279.6925820570834,1255.2283273173289,1276.0518156752744,5481467
2022-10-13,1260.8671875,1276.8954711779975,1256.515979742123,1270.7239342833766,4821514
2022-10-14,1309.1298828125,1326.6678276560115,1302.913902361635,1318.6758527906138,14990688
2022-10-17,1323.0712890625,1327.55571795731,1310.2397738100408,1311.4829914797187,4286396
2022-10-18,1335.2813720703125,1341.7193518946553,1329.5538333789295,1340.8757978976014,4692004
2022-10-19,1319.0753173828125,1336.3912617326525,1315.3902159447794,1335.54770780305,3553171
2022-10-20,1332.7950439453125,1335.547813636886,1309.085453225533,1309.7958943579833,4583939
2022-10-21,1332.4398193359375,1337.323804011944,1324.314623149871,1332.2622632524126,3594485
2022-10-24,1347.8465576171875,1351.3542116722354,1341.763798344682,1348.4237774893445,982837
2022-10-25,1355.3499755859375,1361.2107345868535,1350.6879909536958,1356.9483052781436,3914341
2022-10-27,1368.0523681640625,1377.8822668553057,1357.7737282362873,1374.201712053986,6760137
2022-10-28,1358.447021484375,1371.6431919026134,1352.8363861734367,1369.892717518689,3053981
2022-10-31,1380.3509521484375,1388.205841518274,1373.7079380791174,1373.7079380791174,4542336
2022-11-01,1412.084716796875,1413.8801201240165,1388.8342217938466,1394.1756124417263,4542692
2022-11-02,1394.400146484375,1411.8604013679294,1386.949178263202,1411.1871250678016,2938906
2022-11-03,1374.156982421875,1385.9617825966927,1365.9879182433451,1381.3385965713933,3174027
2022-11-04,1359.120361328125,1364.9104934069014,1347.5849165055247,1364.9104934069014,4509682
2022-11-07,1353.2403564453125,1371.598421588422,1338.5629558638961,1365.7633606565107,4898592
2022-11-09,1356.606689453125,1372.5858226539308,1347.5399247059643,1372.5858226539308,3334755
2022-11-10,1348.3028564453125,1357.3248012390143,1333.0868583597462,1333.0868583597462,3435763
2022-11-11,1409.4813232421875,1412.5335307351531,1388.430263614367,1388.430263614367,7214098
2022-11-14,1423.12646484375,1428.602422973989,1408.0001044253945,1414.014771210018,4908813
2022-11-15,1430.9364013671875,1434.3925307337452,1411.8602416877316,1416.438498094257,3497614
2022-11-16,1438.836181640625,1444.4018877790927,1430.4875128502076,1433.7641456371011,4497697
2022-11-17,1425.01171875,1438.8363470236297,1421.0168803841925,1433.8091297730527,3469515
2022-11-18,1430.3978271484375,1434.5272328106976,1414.3289457404594,1428.8716685979427,3126064
2022-11-21,1407.775634765625,1425.4154934915452,1404.0502607137878,1420.2537091834579,3071764
2022-11-22,1422.9019775390625,1425.550153449475,1402.2099116423676,1408.4938228981273,3399329
2022-11-23,1421.1964111328125,1429.1410489418556,1417.7402816433105,1426.3581957002846,3245067
2022-11-24,1463.0740966796875,1468.6398027101736,1422.6325961766183,1426.4478279379375,5282215
2022-11-25,1468.32568359375,1475.8214702395546,1448.710925020796,1464.5104516907584,4563255
2022-11-28,1457.3289794921875,1484.3497790755966,1454.276771758371,1461.4583854460668,3825766
2022-11-29,1462.40087890625,1471.1085408527335,1449.8330561316118,1455.3538334700106,3131710
2022-11-30,1467.6973876953125,1477.3926101335646,1448.12755589009,1454.2318618548122,11868134
2022-12-01,1487.58154296875,1501.49592004661,1483.2726403329877,1486.7735894799405,5407928
2022-12-02,1470.345703125,1491.800796645968,1466.799715499316,1486.5940827164045,4283343
2022-12-05,1472.0062255859375,1476.5844819133267,1457.2390778283009,1470.4352477571372,3824966
2022-12-06,1447.903076171875,1459.6629463817758,1443.100394052047,1458.765244692734,4822398
2022-12-07,1441.260009765625,1457.6879939155688,1433.3601913539392,1443.5042639072717,4898087
2022-12-08,1454.4114990234375,1457.7778805554876,1434.976234395189,1441.260146588349,4206837
2022-12-09,1408.7630615234375,1461.458097750524,1401.401843193006,1461.458097750524,8880658
2022-12-12,1388.9239501953125,1405.7558561467295,1373.5284545512598,1391.437558650479,8037679
2022-12-13,1411.3216552734375,1416.1243371309986,1383.4929044328283,1388.9239336053154,6135067
2022-12-14,1417.830078125,1425.9991416279158,1412.0847653639985,1420.164080614015,4976020
2022-12-15,1382.909423828125,1409.3916231159728,1378.1964900565588,1408.7632757795202,6443866
2022-12-16,1366.4815673828125,1390.9888691230103,1357.3699822373837,1368.995176129455,9630453
2022-12-19,1353.150634765625,1361.7237298285659,1342.1089696118938,1353.689233868756,6222740
2022-12-20,1353.1058349609375,1360.9157960258838,1330.797859741164,1347.4502703396117,7396259
2022-12-21,1355.1256103515625,1365.4042507201466,1348.662092527513,1360.0180406581342,6236361
2022-12-22,1366.346923828125,1373.4386796309227,1357.100552434212,1365.8531440573202,6302640
2022-12-23,1343.94921875,1355.4398445619386,1340.2686636264464,1354.362536751784,6283822
2022-12-26,1348.7069091796875,1355.4396711967759,1343.2757706528168,1347.0012542188153,4115459
2022-12-27,1359.8831787109375,1365.8079870575514,1344.3080786478201,1355.48441917478,4860076
2022-12-28,1355.664306640625,1368.9502266632046,1345.206059437163,1351.1308690136332,5029860
2022-12-29,1362.3072509765625,1365.673632332556,1347.4502440923538,1350.1433491771486,4624745
2022-12-30,1353.913818359375,1373.8428641784215,1350.1884435351155,1371.688357930046,5060544
2023-01-02,1368.0972900390625,1370.341544123772,1350.1881862761663,1359.1202737002234,3801140
2023-01-03,1366.795654296875,1375.862418801588,1360.107711434535,1364.3717941574034,4551130
2023-01-04,1341.88427734375,1365.4040133594633,1338.5627159666253,1365.4040133594633,7059590
2023-01-05,1324.2894287109375,1351.8489350836053,1318.948147732721,1351.8489350836053,9868404
2023-01-06,1300.32080078125,1324.109893788294,1298.5253975354353,1319.6213856737572,6443714
2023-01-09,1332.59326171875,1336.9920220213673,1300.0515746789345,1300.0515746789345,11498717
2023-01-10,1319.3970947265625,1332.0995959017448,1305.3032216437111,1330.3939407278556,7158624
2023-01-11,1320.74365234375,1341.1663664241717,1314.2353148895497,1319.621525196474,6173092
2023-01-12,1329.13720703125,1333.087116700985,1306.156063838339,1330.3490824935222,6591385
2023-01-13,1349.8291015625,1363.9679024832087,1317.8260159746374,1331.7403914839063,11610426
2023-01-16,1369.4439697265625,1371.6882240197885,1348.617333718516,1355.5295931085607,6073063
2023-01-17,1382.01171875,1384.435469422026,1368.097342887301,1370.7904478929847,5922644
2023-01-18,1387.3082275390625,1393.0983596644714,1382.1015138518171,1386.7246995181722,5843098
2023-01-19,1381.47314453125,1391.0336893900567,1370.0274480510775,1382.3708462159693,6165284
2023-01-20,1369.48876953125,1386.9490224533192,1368.097288167546,1380.665111024728,6496429
2023-01-23,1389.642333984375,1394.4001971780099,1371.7780469216464,1377.972211024558,4855020
2023-01-24,1393.143310546875,1408.3144914155778,1391.2132299470666,1400.414672506807,5200802
2023-01-25,1385.1536865234375,1396.8238083152746,1381.338454399183,1388.744493228618,4158617
2023-01-27,1363.743408203125,1392.2902533470308,1353.195414398124,1387.8466742580101,6209955
2023-01-30,1381.38330078125,1386.0513053859913,1364.5064664421677,1372.4062845546568,6964719
2023-01-31,1376.849853515625,1390.4500549143277,1358.2225449839548,1390.4500549143277,9448126
2023-02-01,1392.425048828125,1395.9710362007636,1371.7330909295972,1384.4354819888624,6194199
2023-02-02,1421.7349853515625,1424.607586792744,1393.2329580209157,1393.2329580209157,6916834
2023-02-03,1435.7840576171875,1440.4969913344742,1412.084711865144,1434.0784025458154,7040194
2023-02-06,1409.2569580078125,1434.5272821728975,1401.8509191605494,1434.5272821728975,4570612
2023-02-07,1402.5692138671875,1414.822864476851,1396.0159473630506,1408.494023406654,4336238
2023-02-08,1427.7945556640625,1439.0158269283195,1405.3520131355485,1405.3520131355485,7983338
2023-02-09,1451.583740234375,1454.0524200647055,1423.7999147042935,1432.9114998664174,6904911
2023-02-10,1443.998046875,1450.955234729636,1433.1357691390035,1447.9478465069383,4786762
2023-02-13,1407.1024169921875,1433.6295447624907,1405.8007934239577,1433.6295447624907,4001199
2023-02-14,1430.2633056640625,1432.7319854635768,1416.7080312269122,1422.5879119088431,5043736
2023-02-15,1433.674560546875,1435.4250350492096,1414.7778957082892,1421.9595093920875,3465747
2023-02-16,1437.9384765625,1449.2943142141119,1434.3924894685822,1436.3225698383455,4290289
2023-02-17,1421.7799072265625,1431.8341218036317,1414.328939750233,1430.9364201598676,2857734
2023-02-20,1429.544921875,1439.0157179378093,1420.6128344582553,1422.8121596263827,2417716
2023-02-21,1417.9197998046875,1437.80391388057,1414.7778439330089,1435.1556281819492,2723288
2023-02-22,1402.030517578125,1413.8801358358503,1396.1954567000723,1403.1077157532914,3656244
2023-02-23,1392.0660400390625,1409.257050222941,1389.7769663588479,1409.257050222941,4766854
2023-02-24,1392.0211181640625,1408.4939219116857,1386.9490818059621,1400.4146068720393,2790986
2023-02-27,1354.9012451171875,1382.4606439922532,1348.3479787508859,1382.4606439922532,4920268
2023-02-28,1335.376220703125,1368.0974041544362,1329.7655850233577,1360.5566878842833,9679811
2023-03-01,1343.0068359375,1347.315738873462,1329.94523077616,1339.7302024162723,5125043
2023-03-02,1321.5516357421875,1336.318785501753,1317.1978042286796,1333.0870811609395,4644499
2023-03-03,1327.9700927734375,1337.3959600849184,1322.3145285534606,1334.6579262232572,4615015
2023-03-06,1353.2403564453125,1364.8656589746784,1340.4032881447426,1341.6600924158531,6561742
2023-03-08,1339.999267578125,1342.961726985448,1329.585949900398,1338.0692966126087,4137080
2023-03-09,1328.95751953125,1345.0712200119858,1323.7508062262864,1342.0639414577045,5104656
2023-03-10,1321.0126953125,1323.4813744546075,1308.5346224594882,1310.6441990825667,3699580
2023-03-13,1288.2916259765625,1327.0724033065608,1281.9179661287412,1314.4147222773474,8798403
2023-03-14,1274.7364501953125,1300.1862721963982,1266.6571346659055,1293.5881864305952,7402784
2023-03-15,1274.4222412109375,1295.2488768323813,1271.9086326160925,1290.8950455008883,7556182
2023-03-16,1260.462890625,1272.7614692311392,1255.615279699322,1272.7614692311392,7323117
2023-03-17,1275.36474609375,1295.2937893448818,1267.016186133299,1283.7134156369266,9090018
2023-03-20,1260.0589599609375,1274.4670058884406,1243.1821248798633,1274.4670058884406,8221829
2023-03-21,1248.4337158203125,1261.2708940195814,1247.8053684606537,1255.8846837960104,8536755
2023-03-22,1247.132080078125,1263.2907105920037,1240.7584199586402,1259.475478387338,8356487
2023-03-23,1233.935791015625,1242.3740984776875,1229.851204859829,1242.3740984776875,7607718
2023-03-24,1239.4117431640625,1255.8396167899662,1236.583961191075,1246.0098280458892,7559127
2023-03-27,1246.8626708984375,1252.9670859905164,1233.5318232273341,1244.4389202610448,4170193
2023-03-28,1236.673828125,1254.9869645456447,1235.1028501650894,1249.6905026499728,6633366
2023-03-29,1242.0150146484375,1247.715397534525,1224.9586853177364,1237.9304287914233,8813966
2023-03-31,1281.8731689453125,1283.668572443724,1251.306490134495,1260.373255884927,8711975
2023-04-03,1266.5223388671875,1288.2018554237902,1261.4054833442367,1288.2018554237902,5242764
2023-04-05,1277.9234619140625,1281.4693402483783,1256.7825403486722,1256.7825403486722,7506334
2023-04-06,1276.4420166015625,1282.277077411361,1266.073518560293,1271.1455548730469,6948465
2023-04-10,1281.5589599609375,1287.3042729141996,1270.2479401489488,1278.2823267500144,4993788
2023-04-11,1262.303466796875,1286.7209130613805,1246.9078582930506,1282.7261836983632,6942255
2023-04-12,1282.1873779296875,1285.059979527605,1256.7823760661174,1268.4974270475386,5831169
2023-04-13,1247.0870361328125,1266.7019040302373,1241.5213299689306,1265.5348481010121,11267238
2023-04-17,1129.578125,1132.1365530010617,1064.0458990402255,1122.396511196189,53171705
2023-04-18,1130.520751953125,1140.0363692179153,1124.9101156433735,1140.0363692179153,12430884
2023-04-19,1106.14794921875,1126.0320630409092,1103.6344503031144,1126.0320630409092,11307230
2023-04-20,1098.2481689453125,1111.2199133454824,1096.452765729637,1104.801324932899,8621249
2023-04-21,1101.794189453125,1107.0906515432816,1095.1961036957662,1102.4674657463806,8691352
2023-04-24,1100.8516845703125,1104.1731371660935,1093.4007163156925,1102.3777336910266,8313774
2023-04-25,1099.5946044921875,1109.1102186074058,1090.7073376025885,1100.5371253306166,6808576
2023-04-26,1101.9737548828125,1106.8661852668383,1095.6898430443146,1102.3776768107684,5680192
2023-04-27,1118.7606201171875,1120.152101431663,1100.0435636550399,1104.1729691026203,8020704
2023-04-28,1124.595703125,1130.2063382433646,1117.5935866641942,1127.2438790677813,10118277
2023-05-02,1146.7689208984375,1148.833678512012,1126.2116409241175,1126.2116409241175,8886401
2023-05-03,1139.318115234375,1142.3253939620522,1132.9892745231455,1136.4903330105763,5549783
2023-05-04,1143.2679443359375,1145.2877729850925,1133.3482975814445,1139.1384292092687,4505401
2023-05-05,1130.2962646484375,1148.160551597661,1125.9424330268698,1148.160551597661,5373791
2023-05-08,1136.1312255859375,1140.3504892363796,1126.7951061867552,1133.3034433741707,5260842
2023-05-09,1140.70947265625,1141.8765286648618,1131.7324559214633,1136.4903186239899,4969897
2023-05-10,1134.0216064453125,1145.8264050289897,1130.3410516063245,1145.8264050289897,6515734
2023-05-11,1127.60302734375,1145.3775639523772,1124.8651030446258,1140.305527683217,6888461
2023-05-12,1117.8182373046875,1127.5134605758558,1112.2974589019764,1125.134528889781,8292212
2023-05-15,1129.6229248046875,1139.0937216777986,1118.2221569213568,1122.0373891886634,5534710
2023-05-16,1134.96435546875,1143.6270896069495,1133.5728739365072,1135.5927028546282,5236469
2023-05-17,1119.3441162109375,1131.9567575948706,1115.3492784510368,1131.642583960043,10465667
2023-05-18,1118.5362548828125,1130.7899043107132,1115.3493701951222,1129.8472737459822,6948732
2023-05-19,1139.093505859375,1143.0434145513507,1124.6405329839868,1127.558062988569,11094136
2023-05-22,1160.548828125,1163.0623271928262,1140.3056104941186,1142.7293613064382,7625947
2023-05-23,1167.05712890625,1179.714700851119,1164.3640238293533,1166.293994801615,7436031
2023-05-24,1165.8004150390625,1171.5007993107326,1159.2023290054685,1163.6908378150881,4824077
2023-05-25,1170.9171142578125,1173.2960455245018,1157.361841386736,1162.0747750049484,4334121
2023-05-26,1182.677001953125,1188.063211884976,1172.398361832931,1172.398361832931,5521606
2023-05-29,1179.9390869140625,1196.3669615854992,1175.8545005172648,1196.3669615854992,4419365
2023-05-30,1188.42236328125,1190.7115464294097,1175.2261922392356,1180.477725221967,6274719
2023-05-31,1183.440185546875,1194.9307014660071,1179.7147016049091,1184.8315574211917,17800782
2023-06-01,1184.517333984375,1193.4943505359809,1183.2605297506059,1187.2553678657034,4277841
2023-06-02,1181.7879638671875,1194.4337541289267,1179.1041942067427,1190.885638723748,10909311
2023-06-05,1186.791748046875,1191.2950529177192,1180.2414662246276,1186.3368642798964,5002553
2023-06-06,1163.5926513671875,1172.326397297681,1158.1340462786784,1172.326397297681,10008100
2023-06-07,1172.6448974609375,1177.2392682391398,1166.7769408938925,1174.0550816558036,5397578
2023-06-08,1167.0499267578125,1175.4197442918237,1165.5032551977433,1170.1430477667195,5034942
2023-06-09,1151.72021484375,1166.7769126021076,1149.9462124982956,1166.7769126021076,5339073
2023-06-12,1175.3741455078125,1178.785773831074,1158.1340948031748,1158.5889785796096,4785588
2023-06-13,1187.1102294921875,1188.611368241848,1180.0141088524708,1182.6069242988215,4846587
2023-06-14,1183.0616455078125,1188.7931139611715,1176.5112530610595,1188.4747175563625,3457981
2023-06-15,1170.68896484375,1177.1937141878004,1166.9134071805377,1177.1937141878004,6161155
2023-06-16,1175.101318359375,1184.0625068222432,1165.4578042106698,1170.8708768960637,8536287
2023-06-19,1177.2392578125,1182.2429795419966,1170.9164175038359,1177.2392578125,4451787
2023-06-20,1185.791015625,1187.24662145551,1174.6008306327171,1177.239178669295,4009180
2023-06-21,1182.1065673828125,1186.1551000366512,1178.1491003379751,1182.6524057587176,4041529
2023-06-22,1165.91259765625,1173.0542504034897,1158.588924773524,1173.0542504034897,6676607
2023-06-23,1150.85595703125,1163.9110992338817,1149.354818354435,1161.27275111336,7239467
2023-06-26,1155.7232666015625,1159.0439406048426,1148.3541711369407,1155.6323120512568,3403244
2023-06-27,1163.7293701171875,1166.3221858386987,1159.2259533902843,1164.502650447375,3240024
2023-06-28,1176.6478271484375,1179.6955262002027,1165.7761494538163,1173.6001280966725,5662358
2023-06-30,1214.99462890625,1218.0878609550978,1186.7463005247835,1190.1579290222737,12821692
2023-07-03,1213.35693359375,1224.5471188494619,1208.5806539697087,1209.9908380904787,7732412
2023-07-04,1223.77392578125,1224.5472060405089,1211.2646211133026,1223.0006455219911,5797775
2023-07-05,1225.72998046875,1235.4189169481579,1219.9983999394044,1235.327962395677,5414936
2023-07-06,1222.6365966796875,1225.8662047537898,1216.495665897886,1221.4084327344483,5963897
2023-07-07,1210.1728515625,1224.365315371182,1205.7605007879629,1213.6300129632032,6295647
2023-07-10,1209.217529296875,1220.8170652524432,1200.256341377616,1215.9498311998555,3940315
2023-07-11,1226.91259765625,1229.0051076173486,1207.2616391546826,1213.129595917475,6126128
2023-07-12,1212.9932861328125,1229.914942685519,1207.2617053550714,1229.0961295664667,8102770
2023-07-13,1241.9237060546875,1252.5680534152623,1210.7641663190607,1214.4487694545699,9977644
2023-07-14,1297.2830810546875,1300.9676843031073,1256.0706748916025,1256.0706748916025,12833381
2023-07-17,1294.5537109375,1327.3053432456984,1286.68431035238,1297.2830136298498,11569884
2023-07-18,1342.089111328125,1344.5909722136412,1300.0578928736984,1304.6067308473641,16743977
2023-07-19,1341.861572265625,1363.5596166733535,1328.8973849794104,1351.9145478817393,13687062
2023-07-20,1318.7081298828125,1338.2681331891117,1310.7021306189188,1338.2681331891117,8347221
2023-07-21,1211.4464111328125,1228.186155763225,1187.2466172377842,1201.075039161913,45548305
2023-07-24,1215.995361328125,1228.0953149237007,1213.8574296627578,1219.998361010124,8859789
2023-07-25,1214.17578125,1221.681363730559,1204.759709076421,1216.359245637285,6801982
2023-07-26,1227.1400146484375,1228.186269607745,1218.5427551834298,1221.817896357927,5528885
2023-07-27,1231.05224609375,1240.7412947870478,1225.5026850615673,1236.010435880683,9191861
2023-07-28,1219.54345703125,1240.7865080925476,1215.4495028674003,1231.6888321728816,6122735
2023-07-31,1233.371826171875,1235.0094521881804,1212.9475890459607,1227.0489861059361,7902180
2023-08-01,1242.0147705078125,1245.4719320533654,1234.5547200850378,1239.1035584051742,6064652
2023-08-02,1234.418212890625,1248.1556821855895,1226.776142424458,1245.7448867591504,7419145
2023-08-03,1241.1959228515625,1243.2428998554956,1227.2764348025732,1228.186202359877,6503741
2023-08-04,1253.978271484375,1260.847061956178,1239.1035919855417,1245.381011248576,5712345
2023-08-07,1267.306396484375,1269.1259318705693,1252.7501133948201,1262.6666034607047,3729093
2023-08-08,1264.7589111328125,1267.8067215289614,1259.482325527499,1267.1698175564386,4161877
2023-08-09,1268.5799560546875,1270.0355619948482,1257.7536994683937,1259.1183508602219,4090828
2023-08-10,1263.758056640625,1269.8535657391153,1260.5738702782457,1266.0324754708959,3873025
2023-08-11,1248.0645751953125,1270.8087636526227,1243.6977576448737,1266.396413303026,5783517
2023-08-14,1267.806640625,1269.1257591782453,1242.378570429603,1248.0646177377491,4304135
2023-08-16,1290.50537109375,1291.824489722674,1278.5874374632606,1283.5002048304689,7735313
2023-08-17,1284.1826171875,1291.8701096855618,1279.1333621252818,1291.8701096855618,5618346
2023-08-18,1263.485107421875,1281.5893912399047,1261.0742014139887,1277.0405538875152,5134103
2023-08-21,1278.5872802734375,1280.042886077757,1261.9840232223223,1264.3493965362918,3032722
2023-08-22,1277.0863037109375,1279.178813670877,1270.6269757839684,1277.9505385325194,2890714
2023-08-23,1280.9071044921875,1288.7766155616553,1278.814705879977,1288.230777273931,2559125
2023-08-24,1295.14501953125,1296.4642490688886,1286.820624510391,1293.2345299499723,5171963
2023-08-25,1291.9610595703125,1294.1445242124462,1284.046125180156,1285.50173125637,4307172
2023-08-28,1287.9124755859375,1296.236871016697,1284.0459634347399,1291.9608968278883,3133464
2023-08-29,1289.73193359375,1295.8728642902074,1287.5940021549932,1295.508935074852,3074444
2023-08-30,1305.6529541015625,1307.0176054605395,1295.5090234553786,1298.2383261733323,3070887
2023-08-31,1305.92578125,1314.523151204695,1299.739428562197,1305.6529176191962,9792735
2023-09-01,1313.56787109375,1315.5238935615507,1299.32998654913,1301.831847342556,3582133
2023-09-04,1332.9005126953125,1337.3583962271932,1305.243554943164,1312.794670582204,4609014
2023-09-05,1345.4552001953125,1346.5014550487228,1325.0763856474239,1332.8094095252152,5496840
2023-09-06,1344.1361083984375,1349.094408496813,1331.2629855860807,1348.184640888555,5075786
2023-09-07,1333.901123046875,1340.4515159698167,1330.1256765994524,1337.90412243496,4411743
2023-09-08,1336.9945068359375,1341.6798324116455,1328.4426687748935,1331.4449464210497,3125838
2023-09-11,1343.226318359375,1344.6820353527714,1332.3546400444875,1336.994432557999,4182226
2023-09-12,1365.652099609375,1368.2904478169532,1343.8176775697427,1348.7304447397828,6793161
2023-09-13,1363.150146484375,1369.2001227261467,1354.3254459295783,1369.2001227261467,4804686
2023-09-14,1370.97412109375,1376.068908054887,1363.878001064633,1369.200118850372,6444213
2023-09-15,1375.2047119140625,1381.3911761511094,1372.839338313645,1381.0272468920564,8657816
2023-09-18,1357.19140625,1369.1093400919283,1353.7342448047293,1369.1093400919283,3991916
2023-09-20,1355.78125,1360.193600922578,1342.9989700048607,1342.9989700048607,4169337
2023-09-21,1366.243408203125,1368.790801746706,1342.8168939622524,1352.4149859666784,6779195
2023-09-22,1361.148681640625,1370.9741041105199,1351.186660777571,1357.2821697249913,5455613
2023-09-25,1341.1339111328125,1355.417217832278,1338.7685376167728,1355.417217832278,4217863
2023-09-26,1328.8521728515625,1346.3652005445954,1327.3510339810348,1345.6828747903214,3996528
2023-09-27,1334.6290283203125,1336.994401796738,1319.2085123948889,1324.6215850268404,3863586
2023-09-28,1309.56494140625,1339.7237598799838,1305.51651996519,1335.4478965364908,5814602
2023-09-29,1305.92578125,1316.251731755555,1288.2308468786073,1302.8780821778992,6068968
2023-10-03,1304.6065673828125,1307.3358698250358,1292.1427973188988,1306.471635140572,4181867
2023-10-04,1314.0225830078125,1319.1172584733133,1290.2321421817628,1296.4186052113253,4510406
2023-10-05,1331.3992919921875,1342.4985228636597,1319.3448718155562,1320.982497846701,7384621
2023-10-06,1345.273193359375,1350.5498894209854,1331.262862333814,1336.903376560551,3598672
2023-10-09,1342.3165283203125,1356.4634585781648,1330.2621079137662,1332.7185470073355,3567552
2023-10-10,1360.239013671875,1361.9220614766054,1336.5395238912695,1350.0041284403374,5688951
2023-10-11,1359.556640625,1381.254574348816,1347.7750842911132,1361.9220140294271,7220129
2023-10-12,1333.2642822265625,1368.6542604790434,1320.9824208754478,1357.2821666354187,11081662
2023-10-13,1302.0137939453125,1308.2456791767233,1273.6745138020951,1278.2233513513881,17973439
2023-10-16,1304.7430419921875,1313.3403001791105,1300.9674847728108,1302.877974252616,4850745
2023-10-17,1312.294189453125,1322.2106781963569,1308.2913009819003,1310.2927452175127,3923764
2023-10-18,1310.56591796875,1322.802249235784,1308.5643623750436,1311.8850367248974,4264837
2023-10-19,1304.288330078125,1309.746935628435,1297.4195403384058,1297.4195403384058,6795691
2023-10-20,1298.4656982421875,1308.7005828841384,1296.6461631947295,1300.9675589324422,3928622
2023-10-23,1281.544189453125,1303.1056377818345,1278.4509573114844,1296.9647063021316,2636516
2023-10-25,1262.560302734375,1292.5104566531788,1254.4967997562355,1289.2389333048216,6940777
2023-10-26,1252.7918701171875,1266.2003688015045,1246.9400932403355,1248.7371699932087,6357656
2023-10-27,1272.05224609375,1276.337444851252,1256.662518290247,1256.662518290247,4634358
2023-10-30,1269.01123046875,1272.0522558250557,1256.155634097897,1272.0522558250557,2667696
2023-10-31,1261.039794921875,1272.7894712580314,1256.0634389161826,1271.6835518717269,3451595
2023-11-01,1247.9075927734375,1269.3794791877367,1245.603735057758,1265.324779602583,3090672
2023-11-02,1262.6524658203125,1268.3199791238953,1254.819348447591,1262.5142118386507,3758060
2023-11-03,1280.069580078125,1282.7880874213406,1269.6560973022642,1271.7756915818663,3349045
2023-11-06,1293.20166015625,1296.8417109189295,1281.6823697767961,1284.5391312922866,2736381
2023-11-07,1294.1231689453125,1295.5976155760281,1285.4145181543718,1290.1604881630135,2272209
2023-11-08,1281.8665771484375,1294.7681818070128,1277.6735106371746,1294.7681818070128,3550635
2023-11-09,1266.9376220703125,1287.8566074771882,1262.5602919196745,1286.3821608724284,5498051
2023-11-10,1261.454345703125,1265.4170263311844,1254.2202543175401,1262.46802069147,2943649
2023-11-13,1265.78564453125,1273.9872886097166,1263.2974105189112,1271.5912989072524,3462092
2023-11-15,1299.8367919921875,1303.0621934611509,1283.7097846473714,1289.2390443084512,8551860
2023-11-16,1331.537841796875,1339.3709592887674,1299.9288638617754,1304.9973516506468,6673907
2023-11-17,1324.7645263671875,1337.1592379171582,1322.4606682729127,1327.9899276991723,4901251
2023-11-20,1323.8890380859375,1338.0808269307881,1321.170530438921,1328.8653942384274,3584210
2023-11-21,1326.1007080078125,1336.2376835381015,1324.0272357402534,1328.8653376978914,3793135
2023-11-22,1343.4256591796875,1344.4853438157159,1323.5202369954038,1323.5202369954038,3108786
2023-11-23,1335.546630859375,1352.7334359458998,1334.1181937435772,1352.7334359458998,3186928
2023-11-24,1324.6263427734375,1338.679877895318,1321.3548191084903,1332.1369430585005,2973195
2023-11-28,1329.51025390625,1331.6298481427323,1315.0881936422663,1330.7083049952287,3755373
2023-11-29,1345.08447265625,1346.0981477081089,1336.0534165206054,1337.251355220777,3875778
2023-11-30,1340.983642578125,1346.0521303013406,1335.8230230312827,1339.2326879569457,10120867
2023-12-01,1338.3572998046875,1345.3610059685648,1332.6897863489253,1345.3610059685648,3489187
2023-12-04,1349.4617919921875,1356.4194883018783,1335.592634024112,1345.8677509348179,5511948
2023-12-05,1339.877685546875,1351.8117374373267,1328.8652893459846,1350.798062419795,5123039
2023-12-06,1358.6312255859375,1361.1193473034825,1337.2053455420607,1342.4580969426866,5269178
2023-12-07,1350.89013671875,1357.2948166644478,1347.1118322726165,1357.2948166644478,4424453
2023-12-08,1374.1591796875,1377.4305905862009,1351.2127312666094,1355.0371580856024,6323433
2023-12-11,1371.717041015625,1380.471701337861,1365.727010268832,1373.0993558033465,3862018
2023-12-12,1360.243896484375,1373.0993792323097,1352.5029110424384,1361.5800891380788,6103494
2023-12-13,1335.3160400390625,1360.2438275366712,1320.7096034385588,1360.1977053814053,8549258
2023-12-14,1383.6510009765625,1392.4517835867966,1346.697140932601,1348.5863495012065,12489858
2023-12-15,1454.5638427734375,1463.917528966799,1401.6672393803897,1403.5564479809898,18395389
2023-12-18,1441.615966796875,1468.0181998579026,1437.883784632054,1444.9334995521797,6467243
2023-12-19,1436.040771484375,1450.4628321473872,1422.1715017334877,1446.9149134299466,4221721
2023-12-20,1415.859130859375,1459.2637972463308,1409.961231314737,1442.2613685718252,6592367
2023-12-21,1415.4903564453125,1425.3048140325604,1401.897594233354,1401.897594233354,5319038
2023-12-22,1440.2799072265625,1443.1366686825568,1403.5103106025122,1414.522706978693,6741060
2023-12-26,1422.816650390625,1426.5489455360587,1403.5103643743007,1414.5688833319446,6878067
2023-12-27,1444.1502685546875,1446.8227662265847,1422.862643983342,1422.862643983342,4225849
2023-12-28,1440.049560546875,1445.8552154390939,1432.9997322913293,1445.8552154390939,5702253
2023-12-29,1421.8489990234375,1437.1004712006081,1419.1765012951132,1420.144166634131,4388990
2024-01-01,1429.6358642578125,1434.8426052662205,1414.7990428612493,1418.254829482796,2808451
2024-01-02,1414.015869140625,1427.6086309615123,1403.5102544550214,1424.7057474638627,5396313
2024-01-03,1373.0994873046875,1400.6996635455614,1371.2564007445471,1400.6996635455614,7550363
2024-01-04,1394.018310546875,1400.5152349032498,1375.7718232468026,1386.8763509676678,7056038
2024-01-05,1412.3111572265625,1418.9001014903272,1388.0745246781073,1388.5352963045564,8895403
2024-01-08,1403.3260498046875,1415.4903752195028,1394.52526712299,1408.9934505703893,4440136
2024-01-09,1409.3160400390625,1431.1565685607613,1406.1366485499625,1420.9274616897512,4412074
2024-01-10,1400.653564453125,1414.983494047482,1386.9225479581153,1405.3072902245185,4096845
2024-01-11,1376.9698486328125,1405.3534251009314,1369.9661425866611,1405.261293276588,11296088
2024-01-12,1486.21875,1491.056851650907,1433.368271607278,1439.450434041234,26754401
2024-01-15,1522.4815673828125,1534.3233755421343,1507.6447436874366,1515.8925107048797,13228305
2024-01-16,1503.5439453125,1519.1640585147397,1497.5077919845023,1515.7543934625273,6500917
2024-01-17,1511.51513671875,1518.2424471875822,1493.1303945709744,1493.1303945709744,9209876
2024-01-18,1513.7269287109375,1519.6248280436816,1500.5028054955274,1513.7730508709333,6375464
2024-01-19,1529.0245361328125,1534.8303036837544,1515.1553775281222,1522.020829836473,4522736
2024-01-23,1513.312255859375,1543.3084208611072,1509.2113209406687,1520.6384796288353,9401255
2024-01-24,1543.95361328125,1548.1926898142694,1515.9386754431387,1529.669692631178,8999681
2024-01-25,1538.1478271484375,1548.6995649327355,1527.9187194984197,1541.695746187862,8865304
2024-01-29,1526.6285400390625,1547.5936491768944,1518.3346507098104,1534.5077798990815,4253785
2024-01-30,1521.8824462890625,1557.4079810311105,1518.9335530973535,1532.0194213135253,4995943
2024-01-31,1530.5911865234375,1536.4429635862402,1509.5799556993886,1518.93364206389,6763779
2024-02-01,1527.0433349609375,1545.4280783736983,1520.8689274978267,1529.3471931576782,5760011
2024-02-02,1560.4952392578125,1583.6720744845543,1534.3695106294924,1535.3371760388302,7858483
2024-02-05,1554.8277587890625,1567.3147150838886,1549.8975247974827,1561.785455468717,3634135
2024-02-06,1593.762939453125,1597.0344630098957,1542.6172887335351,1554.4130874102375,7694265
2024-02-07,1560.86376953125,1593.3481668011993,1554.5050990563916,1593.3481668011993,4613877
2024-02-08,1559.3431396484375,1572.4751295193644,1550.7728558600897,1564.7802667251876,5919715
2024-02-09,1538.378173828125,1560.080561966992,1529.577503446997,1552.5238399589869,4600004
2024-02-12,1548.284912109375,1560.1267212932257,1539.2998647238455,1539.2998647238455,3555808
2024-02-13,1552.3857421875,1556.578696520759,1532.9872115852988,1550.957305138598,2696481
2024-02-14,1535.4752197265625,1538.4702350970776,1507.1838887623073,1529.9459605809961,3768579
2024-02-15,1544.828857421875,1555.3344719693396,1531.2360957797196,1545.4278829759044,4834391
2024-02-16,1568.14404296875,1574.917363137815,1555.5188333576436,1556.486498735968,4880654
2024-02-19,1566.3931884765625,1577.221322004787,1555.2885469674084,1571.2312906913012,3690993
2024-02-20,1553.030517578125,1561.3244055224675,1537.8250563468305,1552.8001318018933,3706389
2024-02-21,1525.6610107421875,1542.663439133254,1516.2151921931338,1542.663439133254,4300508
2024-02-22,1549.436767578125,1552.4317832308739,1515.3857884617946,1534.3695574852186,5841277
2024-02-23,1545.2896728515625,1565.194983220865,1540.728079066558,1563.8587905950133,5373072
2024-02-26,1529.89990234375,1543.5386736406174,1515.9385009458492,1543.5386736406174,2782438
2024-02-27,1533.079345703125,1539.9909201570279,1523.1267459853489,1530.6833557243867,5159088
2024-02-28,1540.1290283203125,1555.3806128350852,1531.6508761234932,1538.9770993537304,3188916
2024-02-29,1542.5711669921875,1550.2660301238518,1523.5873997921522,1534.369410109207,7814722
2024-03-01,1524.8773193359375,1540.7739377771939,1521.4676548703967,1538.055430635186,6387291
2024-03-04,1508.75048828125,1533.8625405850848,1505.479077403563,1527.7803779385492,4445156
2024-03-05,1480.459228515625,1508.888815229402,1476.312283897934,1505.8016678459578,4596579
2024-03-06,1490.6424560546875,1493.038446210239,1452.3522857571936,1477.049691958927,6420684
2024-03-07,1489.628662109375,1500.6871820049978,1478.3397563825936,1489.7669161066867,6348359
2024-03-11,1475.02197265625,1487.186409973432,1463.4105512344881,1481.9796685740168,6752895
2024-03-12,1486.403076171875,1497.5077168540815,1472.303532549028,1474.4691365947879,4614222
2024-03-13,1484.974609375,1497.0468017752844,1473.1328027552288,1486.3569240580796,5688997
2024-03-14,1523.5875244140625,1527.6883469444472,1481.8415695289827,1487.7394689212454,8803799
2024-03-15,1505.801513671875,1516.6757678865583,1491.3793408128192,1512.3444475668186,11809997
2024-03-18,1476.911376953125,1504.5576756669025,1473.4094674521489,1502.11556344857,4958904
2024-03-19,1438.943603515625,1473.5475961267095,1435.764324431153,1467.4193112677192,6870411
2024-03-20,1432.95361328125,1451.3844780457566,1430.5576233604784,1440.3720813461923,4759059
2024-03-21,1432.7232666015625,1453.2276042120811,1422.309895221054,1441.2936639483573,11062497
2024-03-22,1390.470458984375,1408.9474454626866,1380.6560012352104,1401.6672315575609,14673890
2024-03-26,1375.54150390625,1389.1802760076575,1371.164173630106,1374.9424783172167,8351081
2024-03-27,1367.431884765625,1381.3932870499673,1365.3124028550521,1378.628657389427,6857402
2024-03-28,1380.517822265625,1393.189041141791,1370.4729789851785,1370.4729789851785,12499530
2024-04-01,1378.121826171875,1409.9150687111335,1375.6798265220143,1405.353474561426,6580002
2024-04-02,1366.5103759765625,1376.0023163808078,1364.6672894897633,1368.353462463362,7279400
2024-04-03,1364.48291015625,1377.7991638971826,1359.2761687738598,1362.9623414349414,8736248
2024-04-04,1370.0582275390625,1378.3061066574217,1352.8254147328123,1373.6062588459959,11186915
2024-04-05,1363.054443359375,1370.0581487632178,1360.2438042627782,1363.9299768430176,5072482
2024-04-08,1360.8428955078125,1373.97488704448,1358.4469055155266,1366.6486630791478,6610887
2024-04-09,1377.56884765625,1395.0321590156452,1370.6112639030227,1373.0993855776476,9423230
2024-04-10,1388.581298828125,1391.3919380114644,1368.076963217734,1382.6372778632074,6744595
2024-04-12,1368.2611083984375,1388.5811786121503,1363.4230071564157,1386.0008129525172,12275616
2024-04-15,1352.9637451171875,1374.8964069734686,1346.420810540168,1363.884010132131,8531224
2024-04-16,1303.476806640625,1340.983684459676,1302.1867360834249,1337.159257468646,16173541
2024-04-18,1307.900146484375,1331.3533752077963,1297.072014216493,1309.6049788534715,22107945
2024-04-19,1300.52783203125,1314.903883353496,1270.5776782377934,1276.3373231980736,20603621
2024-04-22,1320.341064453125,1324.1193692022916,1302.1867077963823,1308.4992564312556,5859087
2024-04-23,1329.2340087890625,1333.334831262017,1320.571479724218,1329.786912241484,4856174
2024-04-24,1318.4979248046875,1330.9848800805114,1315.0882599841418,1330.9848800805114,4268213
2024-04-25,1325.59375,1331.5377710414832,1308.5913232271268,1308.5913232271268,9089398
2024-04-26,1318.0372314453125,1331.9986341616486,1315.0422158870554,1326.7457701482465,8062444
2024-04-29,1322.18408203125,1326.8379201034072,1316.1940513407444,1317.7606297548816,5055957
2024-04-30,1309.0982666015625,1323.8429581264434,1306.3336369406475,1322.1380131744238,6936588
2024-05-02,1303.476806640625,1312.2775896866656,1301.08081668616,1302.1406139236367,10076354
2024-05-03,1305.1817626953125,1313.0148803966708,1293.109456008172,1310.5266461015717,8842345
2024-05-06,1314.0284423828125,1332.2749298443393,1305.9188174045357,1308.5913151241766,6445422
2024-05-07,1327.897705078125,1330.1094313833817,1304.536606119083,1313.1530130338447,6080661
2024-05-08,1315.3187255859375,1326.7918940500197,1313.7520345652563,1322.6449494254493,6234983
2024-05-09,1326.6075439453125,1336.1915031252968,1313.0607915586831,1315.5490256671164,6088406
2024-05-10,1313.1070556640625,1323.2900415168567,1302.140668020757,1322.4607425507959,8777481
2024-05-13,1311.770751953125,1313.199189050727,1300.4818466437416,1313.199189050727,3735954
2024-05-14,1312.9224853515625,1321.2624958851497,1306.7943133773022,1314.4891762078207,3463230
2024-05-15,1308.545166015625,1319.4655424641765,1307.255095585117,1314.120547134986,4327544
2024-05-16,1339.32470703125,1341.5364330774394,1315.0420676637514,1321.4467475230538,9249145
2024-05-17,1330.98486328125,1342.6884167000094,1326.3310252131012,1342.6884167000094,7542860
2024-05-21,1321.631103515625,1331.3533160495845,1316.3322305136044,1317.8066770242508,6752663
2024-05-22,1340.6611328125,1345.406990441256,1315.963729310014,1316.6548867308702,7173285
2024-05-23,1356.88037109375,1362.17924504405,1336.237778771356,1340.5689872639355,8641428
2024-05-24,1350.1529541015625,1359.737026123514,1345.4531061608475,1353.0558377538796,5277938
2024-05-27,1355.91259765625,1363.5153292403581,1345.6834903871545,1356.373369267408,5821844
2024-05-28,1351.9500732421875,1360.1978403527887,1345.7296562893546,1359.7370687266528,6186922
2024-05-29,1337.1131591796875,1350.521658721026,1336.237738072663,1350.4295268928772,7401634
2024-05-30,1315.456787109375,1336.0993771509409,1310.0197722599248,1329.6025651299135,9663150
2024-05-31,1322.4598388671875,1350.5182603744363,1315.9739443356261,1325.1858078435043,37113815
2024-06-03,1321.519775390625,1353.5731158092904,1319.7337879140582,1353.5731158092904,10589244
2024-06-04,1310.0050048828125,1330.0735833506835,1276.8236180013437,1324.4336953647442,13736134
2024-06-05,1344.2672119140625,1351.6930870098186,1316.1148183429186,1316.1148183429186,9233424
2024-06-06,1383.8875732421875,1385.8145809499692,1351.2232206049546,1358.2260359203012,12660930
2024-06-07,1441.5552978515625,1447.2891608293014,1388.5873745776473,1392.1123044504961,24075302
2024-06-10,1409.737060546875,1437.983546630723,1407.4341520864498,1433.7536304630544,6810606
2024-06-11,1405.97705078125,1416.0348049461413,1404.2850385180848,1410.0190163300265,4853054
2024-06-12,1396.0601806640625,1418.1967861734406,1393.7572723769142,1416.5518188986746,9564320
2024-06-13,1404.28515625,1414.6719965407349,1399.961264790733,1405.2721826102318,7307565
2024-06-14,1399.5382080078125,1413.4498626747718,1396.8592841989566,1413.4498626747718,4237727
2024-06-18,1408.280029296875,1416.5519111720494,1405.6481503320965,1407.152097561087,5420939
2024-06-19,1420.6407470703125,1424.6827126496337,1406.8699977638037,1414.6718886285164,5493456
2024-06-20,1424.4476318359375,1426.4215695435462,1409.125891319924,1425.2936379231433,7927010
2024-06-21,1440.7093505859375,1464.2559289959652,1432.249518545518,1452.271166938704,17301941
2024-06-24,1435.492431640625,1437.3253492351942,1424.4476516241698,1433.0485032665965,5564989
2024-06-25,1449.404052734375,1451.2370850310506,1429.1004805403306,1434.411397588946,4551525
2024-06-26,1448.229248046875,1455.89011914625,1442.8714001458156,1448.5112883548547,4851004
2024-06-27,1478.919677734375,1483.6666295895413,1440.0985156795878,1446.114304702132,14757754
2024-06-28,1472.7156982421875,1493.1602914681441,1470.3657449978248,1478.1676356666337,8197544
2024-07-01,1495.3223876953125,1503.8761950899986,1465.900925341744,1465.900925341744,6801771
2024-07-02,1523.7567138671875,1535.7414752975033,1491.2803144467298,1500.3980870491325,10493173
2024-07-03,1529.7255859375,1537.809402144264,1509.609963229638,1527.4696078755678,7269965
2024-07-04,1551.5802001953125,1560.3690026530594,1530.2896001922775,1530.4775505601317,8008311
2024-07-05,1548.5721435546875,1565.8678223873435,1535.3184302011182,1552.3320687468383,7065022
2024-07-08,1561.9200439453125,1566.008939897241,1541.5694246287367,1544.483343885064,5880533
2024-07-09,1557.6900634765625,1566.7138611771477,1551.9091554243114,1560.2750121000736,5191182
2024-07-10,1549.32421875,1573.5287378659184,1539.2664644712022,1557.5490553427878,9852770
2024-07-11,1553.5072021484375,1565.0690191786375,1543.4964921091096,1556.6091866425368,8857679
2024-07-12,1609.012939453125,1616.532789615605,1566.6198071109059,1579.1685341207829,17078316
2024-07-15,1604.59521484375,1624.2877782953476,1600.4592739409936,1622.5957659620963,6942230
2024-07-16,1622.4547119140625,1633.5934669800145,1597.9681540095114,1615.4517826281483,6886281
2024-07-18,1652.5343017578125,1659.4431419133819,1615.827983176718,1615.827983176718,11248896
2024-07-19,1685.3394775390625,1733.3255702708213,1679.2295989019908,1733.3255702708213,29819116
2024-07-22,1702.165283203125,1713.586080081119,1685.3395933133556,1692.1075281917851,8462126
2024-07-23,1726.65185546875,1729.5187298905632,1676.2218304432815,1701.36633287668,7113056
2024-07-24,1723.878662109375,1731.7745279912915,1710.3899533806657,1727.2156416274588,6002845
2024-07-25,1715.3248291015625,1721.0117617869892,1703.2460925090763,1710.7659428071297,5815599
2024-07-26,1766.1309814453125,1769.9848820315087,1715.7949342558115,1715.7949342558115,11369047
2024-07-29,1758.799072265625,1788.78450012986,1752.1252276626687,1779.9486525351583,4635931
2024-07-30,1764.486083984375,1767.1179630223214,1748.3653802446454,1758.799150694115,2721265
2024-07-31,1756.1201171875,1772.0058245898792,1753.1122228334534,1764.344953812893,5004209
2024-08-01,1741.409423828125,1755.7911843622094,1734.3595637121655,1744.699358548906,7475014
2024-08-02,1711.893798828125,1747.8951264371512,1707.146962383465,1732.3854358825868,7400938
2024-08-05,1646.7532958984375,1689.6164211011132,1615.4049418548652,1677.8196096487513,10736703
2024-08-06,1646.0013427734375,1689.0994653436978,1640.126459251215,1654.5551502330297,7690163
2024-08-07,1684.11767578125,1689.9925594528395,1656.341179884447,1688.2065718679119,5094329
2024-08-08,1638.5284423828125,1673.1196857214622,1623.4416964698462,1673.1196857214622,6227910
2024-08-09,1664.471923828125,1673.8717370362467,1650.6071993461458,1664.9419144885312,4258524
2024-08-12,1689.5224609375,1695.2563240862842,1661.9809621451984,1666.6339385624474,4315329
2024-08-13,1689.5694580078125,1701.3662700318037,1681.6737063397366,1701.3662700318037,4176918
2024-08-14,1713.821044921875,1715.4660123309595,1689.5694795075585,1693.8464406687062,7450718
2024-08-16,1747.378173828125,1750.1041425189478,1719.6957707243737,1738.9653871768742,7335657
2024-08-19,1752.8773193359375,1755.46226812506,1738.2135180462226,1748.3653628246682,2585989
2024-08-20,1759.8328857421875,1772.5226328723743,1756.0729606665764,1767.1647855371516,3870333
2024-08-21,1760.302978515625,1766.2249067508462,1755.0391060531026,1762.5589566406527,1966902
2024-08-22,1767.39990234375,1779.9956751616294,1757.4830533776285,1770.9248323444356,4300287
2024-08-23,1750.339111328125,1769.6087274887373,1745.5452297686368,1765.4727869250148,5015935
2024-08-26,1763.546142578125,1775.3898853769442,1752.1253455156184,1757.7652339668489,3728589
2024-08-27,1786.0584716796875,1788.5494451104064,1761.431007151832,1763.54596510821,3830679
2024-08-28,1822.7177734375,1833.903574209478,1783.5205978872887,1792.450420519267,6514531
2024-08-29,1817.31298828125,1833.4336919875568,1805.6102659320495,1816.9840177451665,7228284
2024-08-30,1827.041748046875,1832.9636765918535,1812.284086394407,1821.6839001205192,13466759
2024-09-02,1846.5933837890625,1857.1681741009113,1826.195834151735,1826.712755054023,5573739
2024-09-03,1824.7388916015625,1848.943412636329,1820.226934986873,1848.943412636329,4694322
2024-09-04,1807.067138671875,1811.5320501789129,1786.0116477811107,1805.7981867712704,4778310
2024-09-05,1817.1248779296875,1823.5637269032381,1794.9882723576418,1810.638983993486,4081810
2024-09-06,1787.7034912109375,1820.2738676395406,1783.00358450389,1806.6441381891027,5848106
2024-09-09,1780.935791015625,1805.5632579164233,1775.624873131343,1776.5648545358595,4772612
2024-09-10,1797.5263671875,1818.8638977650467,1782.2046254069915,1790.5704823041315,6909600
2024-09-11,1795.50537109375,1810.4040523138208,1790.6644442667855,1799.7822173243185,5312946
2024-09-12,1833.3865966796875,1838.9795546148218,1796.1164275717779,1809.464116978717,8555092
2024-09-13,1827.417724609375,1841.0474542218399,1819.4749280775688,1833.3865832495185,3843127
2024-09-16,1833.1986083984375,1834.8435757434945,1817.0309752474043,1828.9686923682912,1570181
2024-09-17,1835.360595703125,1840.9063937669002,1825.584766901514,1830.8486394119768,2793127
2024-09-18,1778.585693359375,1822.388800311061,1768.3869188956942,1822.388800311061,6385468
2024-09-19,1780.5126953125,1809.3701927065429,1766.0370737643864,1795.9284129903556,7976570
2024-09-20,1791.3695068359375,1800.0643345616268,1755.3212440246816,1790.664520804125,15242974
2024-09-23,1782.6275634765625,1803.73021337189,1765.7078993837924,1794.4243751721033,3636672
2024-09-24,1784.6484375,1796.2102531560402,1759.0809925494216,1774.6846588682515,7277616
2024-09-25,1781.546630859375,1787.4684442930745,1764.156976545127,1773.1337292502485,4268341
2024-09-26,1786.1995849609375,1802.8372091877666,1779.384720079492,1783.8966765192179,8952803
2024-09-27,1792.3094482421875,1856.0871602157958,1789.0665584656958,1816.137952637302,14908931
2024-09-30,1763.029052734375,1787.1395980713203,1758.2351706468926,1767.1649937536263,6986955
2024-10-01,1790.05322265625,1794.377113341949,1762.4647966547086,1762.4647966547086,4029072
2024-10-03,1779.7606201171875,1797.1032292411892,1768.1048290238766,1776.0946700907043,7503887
2024-10-04,1803.0252685546875,1836.8175525476968,1772.8048448832324,1776.1418246086153,10001483
2024-10-07,1818.2059326171875,1825.4437429610623,1801.0512733437376,1807.772048058558,6112575
2024-10-08,1831.6007080078125,1840.436440915146,1791.9334261359113,1821.5898836675146,5637391
2024-10-09,1835.548583984375,1858.3431317562972,1828.3577036972526,1835.3606336116181,4857163
2024-10-10,1803.8240966796875,1846.1232547571165,1799.2181654069389,1840.3893918331603,4782119
2024-10-11,1818.9578857421875,1830.1436867455332,1795.4583520140732,1802.8842276209207,4709431
2024-10-14,1841.329345703125,1851.2931242864458,1815.1978203158008,1816.1848465537662,3751378
2024-10-15,1841.70556640625,1871.9258760220825,1834.6086610794148,1842.3635074756771,5353705
2024-10-16,1804.858154296875,1841.9404871358424,1801.3332242595482,1837.6635261263593,3111512
2024-10-17,1849.9771728515625,1859.2830106666543,1814.304928428157,1819.0517651449982,8162822
2024-10-18,1766.7889404296875,1820.6028732629586,1757.0601563072833,1780.1367445813487,10526196
2024-10-21,1741.5504150390625,1784.8366013292746,1727.6856903747387,1777.5986762175419,4654601
2024-10-22,1740.4693603515625,1765.0969393741664,1736.098424337156,1746.6732140121014,4125240
2024-10-23,1760.9610595703125,1772.804801466981,1733.3255853155424,1734.500561986716,4311910
2024-10-24,1751.5142822265625,1770.9249206806642,1748.3653675509743,1749.6813644323036,2906475
2024-10-25,1750.2923583984375,1763.7340231622866,1735.5816269882255,1751.6082405232555,4689120
2024-10-28,1753.3941650390625,1768.9509020729429,1745.5453438193326,1748.0832475331754,7018940
2024-10-29,1748.5933837890625,1760.2867290719619,1738.8012907344037,1754.9629211020826,4621252
2024-10-30,1713.2276611328125,1748.3079249245552,1707.76122797984,1741.653136738328,5919715
2024-10-31,1670.589599609375,1699.728089871948,1660.3697457491953,1699.728089871948,7395236
2024-11-01,1674.0120849609375,1678.9081313172524,1665.646134457717,1677.4821051581494,371966
2024-11-04,1676.6739501953125,1679.8587185569368,1633.275200045737,1639.4546463788554,7336722
2024-11-05,1667.68994140625,1681.2371893406507,1658.9436944231081,1673.2039554066878,3160880
2024-11-06,1733.762451171875,1737.0898453384439,1675.723259696614,1677.0066599508023,10421494
2024-11-07,1714.131103515625,1735.6640066783782,1698.8725764841015,1723.5427837627808,4550965
2024-11-08,1739.704345703125,1749.829154713953,1723.7329222391422,1728.3437169759088,4210960
2024-11-11,1768.367431640625,1775.8778590726738,1732.669314114394,1738.8011800020988,3804234
2024-11-12,1776.6385498046875,1788.2368497786626,1769.223167165386,1778.825053675029,5012450
2024-11-13,1776.2581787109375,1780.8213927172376,1764.7549244206982,1769.3181384269985,4257495
2024-11-14,1772.5980224609375,1783.4833086013102,1764.469627272938,1773.5961711004963,4311431
2024-11-18,1722.1165771484375,1758.0049000608628,1706.4778709351956,1758.0049000608628,4839244
2024-11-19,1734.7607421875,1767.987103735295,1730.7679155470983,1735.4737552340218,4669769
2024-11-21,1743.602294921875,1774.9272909423237,1730.8155235974339,1751.1601874214036,5436504
2024-11-22,1808.4388427734375,1819.6569616576032,1743.554652462339,1762.6633798054363,6301486
2024-11-25,1796.507568359375,1824.647908539123,1789.187347735094,1821.5106048142616,12764638
2024-11-26,1829.2589111328125,1842.996250535251,1803.7330651846873,1811.0057060152076,6850495
2024-11-27,1829.591552734375,1845.6581372544963,1817.4703304442407,1834.9153604909611,4447143
2024-11-28,1765.0875244140625,1820.4648690644453,1760.3341042723987,1820.4648690644453,8468790
2024-11-29,1766.2283935546875,1784.4340168837268,1754.0121263454853,1759.811276019277,5244346
2024-12-02,1787.095947265625,1789.9479994533772,1744.6953452341356,1767.3216723437565,2868263
2024-12-03,1798.789306640625,1806.0620629902432,1778.8725217831325,1793.9408410909798,4715792
2024-12-04,1796.0799560546875,1819.56180716774,1782.5327074778559,1791.0888644737497,4705573
2024-12-05,1839.4310302734375,1853.7388717964993,1795.7946087095554,1806.2997139926326,9050038
2024-12-06,1827.594970703125,1842.3780374823932,1818.0881305684336,1837.4821076532628,3573331
2024-12-09,1828.783447265625,1835.0103583375276,1803.6377838079438,1829.3062538776032,4274645
2024-12-10,1852.45556640625,1868.664660829215,1836.721697987323,1843.3764867481466,6174921
2024-12-11,1876.79296875,1880.4530791874988,1855.7352935156714,1858.5873457085745,5025612
2024-12-12,1889.0091552734375,1900.227273174294,1873.370449502188,1877.791037372581,6462130
2024-12-13,1901.0828857421875,1907.500003205855,1857.4465798294907,1872.6099443049989,5362693
2024-12-16,1882.4019775390625,1900.9877808683423,1880.072732013709,1897.0424188970678,3119221
2024-12-17,1879.1220703125,1884.255787393359,1861.4393701898068,1870.9462106912868,5811050
2024-12-18,1881.5465087890625,1887.060407082662,1864.861955978867,1869.8055830579622,3064095
2024-12-19,1850.2213134765625,1863.1031292043601,1825.3134369549032,1838.623014099366,5323592
2024-12-20,1827.357421875,1882.3068918972044,1816.9949422253026,1877.7436779576376,11056720
2024-12-23,1829.4014892578125,1844.3271834459897,1814.855975875461,1834.867922920088,2781793
2024-12-24,1814.903564453125,1846.2285597653754,1749.2587795923225,1832.0158786013108,2360544
2024-12-26,1813.3348388671875,1825.0757640546135,1808.4863732653307,1814.9034908105154,3623321
2024-12-27,1822.2237548828125,1829.25884045684,1810.007487366256,1815.236249934069,3937500
2024-12-30,1812.00390625,1821.510747311123,1793.4655661808106,1821.2254956591669,7789055
2024-12-31,1787.2860107421875,1803.4476395627287,1754.0596496753712,1798.9794709559926,3613063
2025-01-01,1789.6627197265625,1799.5973216045268,1781.5819053214227,1781.5819053214227,1838368
2025-01-02,1861.2967529296875,1865.8600828114977,1792.324694404524,1793.9408108770863,7083645
2025-01-03,1843.1387939453125,1856.6384617090841,1827.214835312903,1856.6384617090841,6218003
2025-01-06,1842.2830810546875,1875.69964894824,1832.9188662808956,1855.7352837034794,7164403
2025-01-07,1835.6282958984375,1861.9623140172655,1828.7834170796311,1849.08049857111,4294832
2025-01-08,1837.81494140625,1842.9961231909604,1795.6045452981161,1834.8202633622047,5482050
2025-01-09,1822.74658203125,1855.5926464465324,1816.3294646707038,1838.6705399259386,6833503
2025-01-10,1869.947998046875,1880.2630131182193,1836.9593070090002,1841.475056372847,8036913
2025-01-13,1865.4322509765625,1885.0164358188285,1852.8832675701437,1859.538056114521,5804152
2025-01-14,1844.374755859375,1874.5589763818855,1835.8660634362316,1871.7543886244132,5792162
2025-01-15,1853.501220703125,1861.4869901029845,1841.5700892018165,1850.981884706997,2985439
2025-01-16,1833.3466796875,1869.948017007702,1822.3187674971882,1868.9973329214629,7533579
2025-01-17,1725.9193115234375,1766.3709642563163,1722.6394979722525,1759.7161759087412,16409953
2025-01-20,1723.87548828125,1737.8029172097529,1704.7191808636662,1733.0494968108637,4333011
2025-01-21,1711.896728515625,1741.3204695981628,1704.6240883474466,1729.3418737355341,7169109
2025-01-22,1764.8974609375,1773.7864501626696,1716.1274359637641,1718.2664752007781,8373913
2025-01-23,1773.4534912109375,1786.8582289789933,1761.3322697336553,1766.370941552174,5907471
2025-01-24,1782.96044921875,1801.4513245969808,1772.312833717117,1773.501188842313,4887027
2025-01-27,1732.1463623046875,1771.1244088768565,1722.6395216773292,1757.577160982871,7652371
2025-01-28,1739.5142822265625,1771.5998715284597,1734.9034874184256,1739.7519532584283,6999495
2025-01-29,1788.474365234375,1795.5094503993766,1749.7339902797964,1754.0120684956396,5145155
2025-01-30,1768.224853515625,1794.1309953598945,1753.0614884709362,1780.7739533235829,7336056
2025-01-31,1787.095947265625,1803.875428129993,1778.729881094765,1778.729881094765,5820470
2025-02-01,1760.0489501953125,1797.3633003755383,1754.9628135718901,1787.571323971164,1701402
2025-02-03,1771.40966796875,1784.0062318529979,1742.0335070965566,1745.4559465267448,4823228
2025-02-04,1805.158935546875,1816.947325024505,1782.5326085489075,1795.8421853594061,7334787
2025-02-05,1803.495361328125,1825.0282638663168,1800.880979990787,1812.0039378058837,4996744
2025-02-06,1821.177978515625,1829.116167362465,1806.2997494743677,1822.46137881177,4765255
2025-02-07,1809.769775390625,1828.8309215990796,1796.2699917999128,1824.648004479721,4126260
2025-02-10,1787.5712890625,1811.0531389851265,1785.9550565261386,1811.0531389851265,3828734
2025-02-11,1783.1505126953125,1809.1516975397526,1777.779124750046,1790.2330622534764,4411601
2025-02-12,1771.2669677734375,1801.1659339967016,1755.91339753029,1792.0393905493213,5633947
2025-02-13,1752.348388671875,1781.1065814060805,1745.1232130462338,1776.353161119435,5237744
2025-02-14,1764.849853515625,1767.606860408019,1738.1831200991312,1762.5681886374266,5292961
2025-02-17,1751.4453125,1761.3799146336082,1732.2890052365772,1747.880247229523,4428956
2025-02-18,1760.619384765625,1769.8410902296603,1746.977091046225,1751.445375977347,4365260
2025-02-19,1721.498779296875,1758.004955145868,1716.840404092615,1756.2937934312417,4611411
2025-02-20,1735.14111328125,1740.7025920720746,1716.5077280780874,1716.5077280780874,2218020
2025-02-21,1725.4915771484375,1739.6092122968646,1717.1255109603246,1731.956275207461,3379879
2025-02-24,1677.101806640625,1718.8368620656656,1663.9348549947076,1711.2789698500455,7594720
2025-02-25,1680.524169921875,1690.744023588038,1659.0863139546623,1659.0863139546623,5092963
2025-02-27,1677.2919921875,1688.2723238346587,1664.7428925260701,1668.640674098442,5757079
2025-02-28,1604.4696044921875,1668.5457398498413,1599.4785126706022,1668.4982752722037,12182167
2025-03-03,1624.3388671875,1643.3525496222132,1608.8427856333933,1608.8427856333933,7504969
2025-03-04,1605.0399169921875,1615.212189837081,1587.642352576766,1611.4094536632444,6759673
2025-03-05,1627.0958251953125,1647.4879525703643,1608.9852468032536,1608.9852468032536,8180782
2025-03-06,1631.231201171875,1637.3631829139892,1607.7017709749155,1630.4231429408271,10610547
2025-03-07,1602.853271484375,1620.9162680194895,1592.8710891886537,1619.109945155919,8019331
2025-03-10,1617.5413818359375,1634.225933863566,1593.5366088108908,1602.8533592169706,7558981
2025-03-11,1579.6566162109375,1597.1492261839649,1556.3173920894415,1597.1492261839649,12671234
2025-03-12,1512.3956298828125,1556.1746748414012,1486.6796971141694,1556.1746748414012,14870008
2025-03-13,1501.938232421875,1526.8462251444753,1492.8592690164621,1520.381526929375,7822888
2025-03-17,1511.63525390625,1515.3904095675546,1468.949515897204,1468.949515897204,7526032
2025-03-18,1511.63525390625,1511.63525390625,1511.63525390625,1511.63525390625,0
2025-03-19,1508.307861328125,1523.9465678973438,1495.2359553339961,1523.9465678973438,7387068
2025-03-20,1535.8778076171875,1551.4214700841842,1513.4891497172634,1513.4891497172634,7186750
2025-03-21,1514.011962890625,1524.8022038807094,1486.5371700431922,1500.131882621123,10074677
2025-03-24,1514.2021484375,1527.844442496362,1495.140885206093,1519.1456594946171,8857726
2025-03-25,1548.1414794921875,1555.46181670782,1525.84798372026,1525.84798372026,9890140
2025-03-26,1520.571533203125,1556.9827781599724,1516.3410356679321,1545.8122407498795,6651302
2025-03-27,1524.469482421875,1540.0606082841557,1507.7849306219216,1516.8640098840594,9426573
2025-03-28,1493.19189453125,1519.620840928022,1483.0670864043914,1511.5876072967835,6799047
2025-04-01,1451.21923828125,1471.0885586286036,1442.9957978349414,1463.3404602190724,12680733
2025-04-02,1473.7030029296875,1478.9317655581158,1459.4902057913214,1459.4902057913214,6193478
2025-04-03,1422.69873046875,1458.9673514518697,1411.8134441365378,1458.9673514518697,10459504
2025-04-04,1380.0606689453125,1399.4070681791675,1376.5906485892897,1388.4742004590178,9590254
2025-04-07,1327.8680419921875,1336.5668248830998,1242.5441423903983,1285.3249277060586,21715252
2025-04-08,1358.3375244140625,1384.671428260199,1345.218037067066,1360.4289830692378,12805001
2025-04-09,1334.4752197265625,1339.9416532809853,1313.7503760547593,1335.758736096975,8546854
2025-04-11,1339.941650390625,1367.844321400648,1328.1532604606723,1341.652928180614,12567440
2025-04-15,1355.675537109375,1376.3053358191778,1339.513907284088,1374.3089224037624,10178530
2025-04-16,1343.4117431640625,1357.1016180730755,1327.9156612183533,1354.7249077086744,12022740
2025-04-17,1349.49609375,1359.2881865002564,1310.327954849587,1329.0563853909828,14264227
2025-04-21,1379.442626953125,1399.2169026224717,1340.4645789137878,1340.4645789137878,15648970
2025-04-22,1352.6334228515625,1368.985143422317,1349.3060284057444,1368.985143422317,9399738
2025-04-23,1402.1640625,1414.427911126592,1368.6048659090611,1374.6892676203474,11136642
2025-04-24,1398.836669921875,1409.7695375562273,1389.4248737048488,1397.4106437086987,7114292
2025-04-25,1407.2025146484375,1427.642222162945,1391.3261370921732,1402.7343459374797,8329979
2025-04-28,1409.0087890625,1416.1389193452367,1393.0373668593481,1407.2024661808139,5886253
2025-04-29,1423.6494140625,1435.3428747016321,1401.4033833138335,1408.9138107783806,8056743
2025-04-30,1426.1212158203125,1434.3922372400868,1409.4842438297574,1422.9840278751349,7704183
2025-05-02,1432.5858154296875,1448.081895785028,1422.4134264838601,1425.7408206525301,7402310
2025-05-05,1434.2020263671875,1447.8919007730015,1428.6881281546378,1440.2864278864722,4282493
2025-05-06,1436.958984375,1440.856765886036,1425.170478593818,1431.7302219442606,4270530
2025-05-07,1433.9168701171875,1443.8990531370239,1422.7937965506155,1426.026145690909,5691799
2025-05-08,1436.8638916015625,1441.7123570303784,1427.166844693632,1433.6315426322524,8424409
2025-05-09,1433.2513427734375,1436.8639888159648,1420.4171072727893,1426.6915991963783,4478653
2025-05-12,1546.6678466796875,1551.5163119444549,1456.4479104772702,1461.2013305506293,11372857
2025-05-13,1491.242919921875,1532.6927196880702,1487.4401838690076,1529.6505772658943,12846210
2025-05-14,1513.869384765625,1516.3411402167324,1492.0986956552736,1496.3767741072957,4870057
2025-05-15,1533.4534912109375,1538.7772990924948,1493.524758023796,1511.3976659657826,11151167
2025-05-16,1511.49267578125,1533.0731584594146,1503.5069061207216,1533.0731584594146,4576751
2025-05-19,1482.8770751953125,1506.8342676039738,1478.9791776249906,1498.7534529196623,8855798
2025-05-20,1483.6375732421875,1505.4082621953962,1481.1658178089215,1492.5740269319685,7143998
2025-05-21,1491.1480712890625,1493.5247816353951,1475.5568282070587,1490.5776840160047,4157309
2025-05-22,1471.18359375,1483.8277382618005,1464.0534632471729,1478.789066286349,6158990
2025-05-23,1487.6304931640625,1508.9257236923431,1473.5603223754533,1473.5603223754533,5038421
2025-05-26,1502.55615234375,1505.693456152503,1485.6339297061554,1489.3416207391451,3170102
2025-05-27,1492.6690673828125,1504.8378701621398,1479.6447417622219,1501.985817890451,7775714
2025-05-28,1494.2852783203125,1509.4010623010483,1492.5740005619675,1503.0315254066693,3623370
2025-05-29,1507.404541015625,1529.5555248389078,1498.8483849371494,1510.6368898553303,8609500
2025-05-30,1506.5369873046875,1515.5027951891782,1499.2101525439637,1514.5387348868949,13148092
2025-06-02,1497.9569091796875,1503.9340358386107,1483.6887699715526,1503.9340358386107,4374509
2025-06-03,1487.5450439453125,1510.9717563250315,1480.410974183671,1502.9700087561519,6853403
2025-06-04,1495.4503173828125,1501.3311794658816,1486.0025968815146,1487.545069852834,4548307
2025-06-05,1498.43896484375,1511.3572786610305,1486.195328477135,1492.2689554139665,6948539
2025-06-06,1507.5975341796875,1512.5142181403369,1487.641415492617,1498.8244913615613,3960020
2025-06-09,1516.3704833984375,1530.9277705261318,1514.5387452749073,1521.2871674371763,2903202
2025-06-10,1538.6402587890625,1549.726952383094,1520.8051430073597,1527.0715350387688,8591925
2025-06-11,1572.4786376953125,1575.8528485433976,1532.9521677606,1532.9521677606,10597410
2025-06-12,1550.7874755859375,1569.4902701551284,1540.6648417796544,1558.8856061675938,10483574
2025-06-13,1544.4246826171875,1551.1731050755648,1513.7675163758718,1519.3591134860721,6968315
2025-06-16,1565.441162109375,1576.0458254086714,1539.7006814911979,1542.4964798976407,5591842
2025-06-17,1580.962646484375,1588.193099360836,1557.535932091381,1562.452616510744,7622083
2025-06-18,1574.214111328125,1585.589952431105,1562.7417700471647,1562.7417700471647,5629707
2025-06-19,1560.2352294921875,1571.4183055533617,1553.5831898154863,1565.5375611980423,5147760
2025-06-20,1564.573486328125,1572.0930860674746,1551.076642111549,1560.8136276168789,9202821
2025-06-23,1527.071533203125,1543.4605584963404,1518.7806380620095,1543.4605584963404,7943676
2025-06-24,1524.7576904296875,1551.172965207259,1519.9373891083474,1543.4604830931148,8083992
2025-06-25,1556.8609619140625,1561.6812632899293,1528.1319186406413,1532.8558375256184,7813533
2025-06-26,1557.9215087890625,1565.6339915058402,1548.8593180602195,1550.9803214172216,6519233
2025-06-27,1550.208984375,1571.0326636135578,1544.8102701550988,1560.8136478253264,8912268
2025-06-30,1544.2318115234375,1556.9573602116636,1536.8084767193552,1556.9573602116636,6294505
2025-07-01,1549.0521240234375,1559.5602870581276,1542.978497111504,1551.1730095922587,4178937
2025-07-02,1552.619140625,1589.735462831807,1545.7743359105034,1559.8495930029494,8653641
2025-07-03,1560.5244140625,1573.7321112354073,1556.9574379034102,1560.331649069145,5259695
2025-07-04,1581.7337646484375,1584.3367981958825,1554.3545449332526,1566.5980642699803,4411273
2025-07-07,1568.526123046875,1584.91514830305,1564.669881810128,1581.058907066303,3294523
2025-07-08,1579.8056640625,1587.0361167588558,1563.2238729521173,1569.4902652889589,4590681
2025-07-09,1574.9852294921875,1579.1307357618878,1565.248244218562,1578.937970779495,4580828
2025-07-10,1557.7286376953125,1579.998406486553,1549.341242702206,1579.998406486553,5330179
2025-07-11,1537.579833984375,1549.3413228616234,1506.8262861181436,1522.3476337948875,11391755
2025-07-14,1513.8638916015625,1534.5911874414394,1503.7412587495296,1534.5911874414394,9173426
2025-07-15,1528.614013671875,1545.967099361679,1507.790334380739,1508.8507771918205,7614807
2025-07-16,1550.112548828125,1554.0651724422496,1521.7691530397587,1522.2511831800944,6223491
2025-07-17,1526.5894775390625,1552.1370753633664,1523.3116489985612,1540.5683518202854,7374814
2025-07-18,1529.0960693359375,1541.8217363306167,1523.2153248462614,1534.8804313290245,5161833
2025-07-21,1527.36083984375,1531.8918763569468,1510.4897839367352,1523.2153333190533,3682661
2025-07-22,1514.4423828125,1528.806905141675,1508.7544033781517,1508.7544033781517,8473741
2025-07-23,1517.9129638671875,1534.6876368616054,1494.2934861823694,1519.648319505044,8035026
2025-07-24,1496.70361328125,1525.14339208434,1492.558106924831,1523.21527148752,14169664
2025-07-25,1461.2261962890625,1493.8114825426642,1456.9844249801497,1487.930738061539,10851259
2025-07-28,1461.515380859375,1464.6968268487494,1429.2193615593824,1459.4908778130184,6439855
2025-07-29,1459.2979736328125,1462.6721845547067,1442.3305365336291,1458.5267960319763,7070448
2025-07-30,1464.40771484375,1467.0106307922656,1451.8749299240865,1465.2753927209724,5719051
2025-07-31,1454.76708984375,1472.21655890233,1443.198365471235,1455.4418850255533,6851407
2025-08-01,1416.782958984375,1444.8370894973941,1412.83033538686,1440.2096707795008,8702978
2025-08-04,1427.291259765625,1429.5086455065348,1398.8514812022438,1408.9741142502269,8610216
2025-08-05,1407.8173828125,1425.5559991895734,1402.7078158601623,1425.5559991895734,10213323
2025-08-06,1385.0654296875,1403.768223634903,1378.895537719122,1399.8155998166778,10566934
2025-08-07,1385.25830078125,1390.1749848888187,1363.3740608530718,1378.6062610201184,9892020
2025-08-08,1371.9542236328125,1381.6912093691872,1366.169861688454,1373.785961785155,10048009
2025-08-11,1376.8709716796875,1381.8841562074572,1363.1813615156616,1368.8693412283471,6625368
2025-08-12,1372.918212890625,1389.2108550605094,1369.9296495773656,1376.8708364780418,9899184
2025-08-13,1375.328369140625,1382.4624387348806,1371.279363046038,1373.7858962323605,10318063
2025-08-14,1395.6700439453125,1417.1686356270611,1374.9427475738962,1374.9427475738962,12902347
2025-08-18,1384.1978759765625,1412.05912550974,1378.2206312900619,1412.05912550974,7254561
2025-08-19,1388.246826171875,1397.3090164904586,1381.2091389381637,1381.2091389381637,3986094
2025-08-20,1442.427001953125,1445.1264179190935,1388.921654258322,1388.921654258322,10413061
2025-08-21,1442.619873046875,1453.802949118853,1430.9547668193538,1453.802949118853,6565539
2025-08-22,1434.0396728515625,1450.2359327005538,1432.6899649169563,1444.258688328196,5543397
2025-08-25,1477.0367431640625,1483.6887826854402,1452.549588321255,1452.549588321255,10694531
2025-08-26,1474.6265869140625,1483.1103644867733,1464.021923789744,1468.2638125760993,15994798
2025-08-28,1446.1868896484375,1474.6266696224122,1444.162386475055,1474.6266696224122,5443364
2025-08-29,1416.782958984375,1447.922152992462,1414.951220922169,1447.922152992462,8169075
2025-09-01,1445.511962890625,1449.3682038919694,1423.145694472945,1423.6277245981132,4546057
2025-09-02,1444.837158203125,1458.4305028963795,1432.8829043510907,1445.5120710387366,5218763
2025-09-03,1425.941650390625,1447.9222736017668,1420.0609057500144,1446.09053538698,4623483
2025-09-04,1410.420166015625,1430.6654315565193,1407.6243677138264,1430.6654315565193,5787724
2025-09-05,1392.6815185546875,1419.771590084351,1381.4984423486478,1417.1686742864704,5466487
2025-09-08,1381.4019775390625,1405.5998666589085,1376.9673238557784,1398.8514448025214,3811567
2025-09-09,1450.2359619140625,1453.0316426482493,1419.5787971834648,1427.7733097648295,13072640
2025-09-10,1477.518798828125,1479.7361846012639,1455.056264347903,1455.8274419814547,7281071
2025-09-11,1455.4417724609375,1472.6020926929066,1452.3568266067848,1469.1314991861996,8003662
2025-09-12,1470.7703857421875,1487.4486761823323,1466.4321143461764,1481.7606968153777,12856963
2025-09-15,1454.1885986328125,1472.6021270614033,1447.2472937742573,1470.7703889313757,6167414
2025-09-16,1456.9844970703125,1459.5874130189484,1449.4647790449067,1454.18869843609,8923112
2025-09-17,1467.685546875,1471.830935901443,1459.58741614181,1462.3832147820146,4795698
2025-09-18,1485.2313232421875,1499.1138155530703,1483.2068200825713,1494.2935138953433,9331945
2025-09-19,1484.845703125,1495.546867150236,1465.4681136380061,1489.0875921991392,12988129
2025-09-22,1445.6083984375,1460.2620677071914,1428.7373434373958,1429.4121385641438,15655204
2025-09-23,1443.6802978515625,1458.6232324870878,1439.3420265057648,1439.3420265057648,9832164
2025-09-24,1440.884521484375,1442.909024606748,1429.4121802134027,1433.7504516255494,4937004
2025-09-25,1431.4368896484375,1448.6934761875953,1423.4351414751138,1435.4858961438838,9491867
2025-09-26,1396.8270263671875,1425.555953399892,1389.4036912657584,1421.9889772759154,8597058
2025-09-29,1389.982177734375,1412.3483294621576,1384.872611107433,1407.5280279964163,10513117
2025-09-30,1389.982177734375,1400.0083106366037,1386.4150840398418,1391.1390030128964,7556305
2025-10-01,1393.8385009765625,1397.405477197979,1376.0997670015454,1394.0312659732858,6250692
2025-10-03,1394.609619140625,1396.2485922754322,1381.6911874663804,1387.282784330546,6877533
2025-10-06,1422.9530029296875,1425.6524188431904,1390.4642178899833,1394.6096065704758,4630590
2025-10-07,1406.0819091796875,1429.6050033943986,1401.743637948074,1424.5918193613172,5570320
2025-10-08,1441.2701416015625,1444.1623224877194,1402.707729786136,1404.6358503769075,4657192
2025-10-09,1455.0562744140625,1459.5873108023447,1433.557682406266,1448.0185870707542,7028753
2025-10-10,1460.4549560546875,1467.0104954131987,1444.933608930849,1455.7310370996563,3738353
2025-10-13,1439.5347900390625,1450.6214834671307,1430.087069727637,1443.1982662450723,5859355
2025-10-14,1436.353515625,1459.9729938155936,1433.075686951717,1445.1264411305913,5600789
2025-10-15,1421.4105224609375,1435.1001315764527,1414.75848288892,1430.5690952632847,6986098
2025-10-16,1418.61474609375,1421.5069270236047,1408.0100826842827,1420.9285143742625,8005748
2025-10-17,1389.3072509765625,1405.9855409539045,1382.462446500531,1402.6113299617484,16959378
2025-10-20,1408.395751953125,1414.276496397426,1397.8874708768014,1401.4544470050912,6994246
2025-10-21,1419.482421875,1432.5936185349226,1417.1686535978035,1424.881136066363,1698704
2025-10-23,1473.566162109375,1490.4372172856354,1451.8748054541832,1455.7310466373283,20358624
2025-10-24,1470.57763671875,1487.5450748262833,1463.4435668090073,1484.1708637038648,8652257
2025-10-27,1472.633056640625,1483.2043487095048,1466.3685916918344,1478.0165606695539,7273211
2025-10-28,1468.4241943359375,1474.5908017388306,1458.9296979699484,1467.9347848431598,8211019
2025-10-29,1478.408203125,1488.0005573851865,1465.1941469679696,1468.4241778932897,4884976
2025-10-30,1462.1597900390625,1476.2546872805226,1457.5592692997866,1475.0801523386458,5608867
2025-10-31,1450.9034423828125,1465.3898918009988,1449.3372364048548,1458.4403008415877,4819814
2025-11-03,1454.0355224609375,1459.8105780526128,1442.974820743242,1450.9033496746388,5470600
2025-11-04,1436.808349609375,1450.511814804534,1431.9142548968182,1448.3583414401685,8691330
2025-11-06,1435.6336669921875,1451.58846323567,1430.9354078512456,1447.2816360762577,7944752
2025-11-07,1445.5198974609375,1449.533031326473,1418.4065403991735,1438.8638806951196,8765759
2025-11-10,1481.4425048828125,1487.8048281611332,1458.4402591842686,1458.5381171839108,9787975
2025-11-11,1497.88671875,1500.9210336624128,1479.0933228205395,1492.6989304110698,13692989
2025-11-12,1518.8333740234375,1526.1745164244364,1505.5214596999074,1507.3812396717751,14635417
2025-11-13,1509.14306640625,1524.5104757353395,1497.8866487683968,1524.1189242683809,19655689
2025-11-14,1470.9691162109375,1497.59294295853,1457.2656513734084,1487.8047537888665,9739549
2025-11-17,1475.66748046875,1478.212385937251,1460.8873376663598,1464.3132041198487,7910354
2025-11-18,1454.91650390625,1474.1013313334302,1451.784211591062,1474.1013313334302,7525119
2025-11-19,1508.4578857421875,1510.317665675936,1458.9296699222182,1458.9296699222182,10981126
2025-11-20,1503.955322265625,1522.0634729079381,1501.5082748815287,1522.0634729079381,7387584
2025-11-21,1512.2752685546875,1518.6375916910017,1493.9714020948772,1498.5718033380108,9186302
2025-11-24,1515.2117919921875,1551.4280945139647,1508.3600590826622,1530.4813442936104,19270381
2025-11-25,1498.1802978515625,1517.7566773334454,1493.5798964672151,1516.1905908718425,8107952
2025-11-26,1524.902099609375,1527.251289037942,1499.6485223505715,1499.6485223505715,7575038
2025-11-27,1533.2220458984375,1540.954739594805,1519.3227449478784,1530.8728564928056,7552252
2025-11-28,1527.055419921875,1535.179665000364,1524.0211050739736,1531.8516566735827,4453221
2025-12-01,1530.872802734375,1540.6609920101703,1523.042251313739,1529.4045743430058,5341800
2025-12-02,1527.9364013671875,1546.4361036663386,1523.1401645511503,1533.8093151456649,6335969
2025-12-03,1545.261474609375,1552.406900951154,1521.182551618934,1522.1613705980963,12895312
2025-12-04,1563.7611083984375,1565.1314788059085,1534.7880917871573,1534.7880917871573,12609619
2025-12-05,1581.9671630859375,1597.2368345243183,1566.1103436503722,1575.8985332981872,10344725
2025-12-08,1576.681640625,1595.4749170068917,1566.306063981828,1582.8481284293375,7550413
2025-12-09,1565.1314697265625,1572.8641631737528,1548.883099378693,1567.2848235795727,6957599
2025-12-10,1551.2322998046875,1573.9408513587562,1549.2746619298632,1573.9408513587562,5116140
2025-12-11,1564.1527099609375,1573.3536321517727,1547.023378030827,1564.1527099609375,5159319
2025-12-12,1564.348388671875,1567.8722324584342,1549.0788370408115,1567.4806809838458,4633912
2025-12-15,1572.766357421875,1576.6816332735752,1551.4280562362142,1551.4280562362142,4190558
2025-12-16,1559.1607666015625,1569.0468143358012,1552.0153403019585,1566.1103574156468,5499258
2025-12-17,1568.0679931640625,1572.8642300238714,1552.4068896118622,1553.5814245843821,4817628
2025-12-18,1592.3427734375,1595.4749463972676,1572.6684162407605,1576.3879761796316,6577293
2025-12-19,1603.9906005859375,1619.847539612933,1595.2792073285575,1615.0513027562847,13149023
2025-12-22,1653.8125,1657.3362243784013,1628.7547583833573,1628.7547583833573,23098923
2025-12-23,1632.9637451171875,1643.4370603643276,1621.3157754082474,1643.4370603643276,6593060
2025-12-24,1628.16748046875,1632.2784723030877,1617.4983299175808,1625.8182910699556,4271167
2025-12-26,1621.0220947265625,1633.453167508233,1616.7152673020842,1628.167521100225,2006491
2025-12-29,1609.863525390625,1637.6620082639456,1602.4245250544589,1622.8818655924697,4062817
2025-12-30,1587.2528076171875,1612.9957941560388,1582.554548282334,1612.1148331917736,9395937
2025-12-31,1581.1842041015625,1594.1045668429529,1575.1154547350545,1586.6655664923117,6538656
2026-01-01,1595.2791748046875,1604.8715288376811,1579.9116455766828,1581.184158007412,3658165
2026-01-02,1605.6546630859375,1608.6889779975038,1593.0278744696911,1601.2499777187402,2524526
2026-01-05,1572.374755859375,1602.3265912739637,1549.568226955718,1602.3265912739637,5917885
2026-01-06,1578.0518798828125,1585.5888575673962,1565.1315174017209,1566.2081943610224,4466729
2026-01-07,1604.2843017578125,1607.2207586859843,1580.7926463324388,1580.7926463324388,4508079
2026-01-08,1579.128662109375,1609.472049603195,1574.5281413468902,1604.186403368615,3942131
2026-01-09,1579.91162109375,1596.747378487979,1572.9620305433675,1575.898487352098,6816681
2026-01-12,1562.09716796875,1579.1286413969012,1558.867017677559,1575.996349102621,6985362
2026-01-13,1565.1314697265625,1583.7290294043642,1552.7983751003353,1583.7290294043642,8080618
2026-01-14,1565.91455078125,1582.7501883551427,1549.5682031809922,1554.3644397699236,7557157
2026-01-15,1565.91455078125,1565.91455078125,1565.91455078125,1565.91455078125,0
2026-01-16,1654.00830078125,1658.119292555676,1618.3792672921977,1628.461030733189,19335957
2026-01-19,1645.59033203125,1649.309891747184,1631.201741600405,1649.309891747184,5104958
2026-01-20,1623.7628173828125,1644.6115898062917,1617.889903547792,1637.5641409981627,6406503
2026-01-21,1619.358154296875,1621.9030597634667,1596.6494821313709,1616.0301458476063,6224582
2026-01-22,1628.265380859375,1635.8022392467942,1618.7708845027832,1630.712428320841,6228892
2026-01-23,1635.4107666015625,1640.2068839190629,1626.9928279555104,1631.8869227568262,5869137
2026-01-27,1647.05859375,1653.6167523834592,1625.9161283991023,1650.0930280724322,10673087
2026-01-28,1631.2017822265625,1653.029492632909,1615.05126953125,1644.4158380681818,8588664
2026-01-29,1624.35009765625,1631.2018305177105,1607.318623503672,1622.8818691859371,4749582
2026-01-30,1606.241943359375,1619.9454090553113,1583.8269648597889,1619.9454090553113,9207926
2026-02-02,1594.8875732421875,1626.7970461591942,1583.7290136495644,1626.7970461591942,6784887
2026-02-03,1620.9241943359375,1691.3991593070652,1617.9877374621406,1690.616056346825,8805868
2026-02-04,1503.2701416015625,1551.3301265638145,1478.1144237257668,1540.66097646391,28828622
2026-02-05,1488.00048828125,1518.1481590925844,1483.5958031001303,1501.5082372972433,10628127
2026-02-06,1475.177978515625,1492.6988611765453,1448.6520095352703,1489.86026239605,13900866
2026-02-09,1465.4876708984375,1495.6353420798034,1461.376679139494,1489.8602864300617,8294615
2026-02-10,1466.0750732421875,1483.7916723660803,1459.4190565785855,1468.2284271414342,8657000
2026-02-11,1440.7236328125,1474.003477029586,1437.885033967625,1469.4029562852068,7934411
2026-02-12,1356.64306640625,1405.2903204885395,1351.259562174479,1398.6344233110094,26048896
2026-02-13,1340.1009521484375,1348.1273389393946,1254.3564391221673,1266.493817560756,45785709
2026-02-16,1336.6751708984375,1346.854912154694,1309.953484521095,1344.6035807140283,14621891
2026-02-17,1361.73291015625,1400.6899531531467,1338.0455387563604,1340.9819956812096,25347684
2026-02-18,1344.603515625,1371.3253201935424,1316.805153615715,1361.4392729027982,20241373
2026-02-19,1341.471435546875,1372.3042339560152,1334.326009074035,1355.6643110050506,14574228
2026-02-20,1324.5377197265625,1336.0878308198503,1309.8554358713993,1330.4106332686276,12633552
2026-02-23,1299.3822021484375,1323.3632672728343,1290.0834217940796,1323.3632672728343,12887826
2026-02-24,1248.4835205078125,1275.988307999553,1237.3249610296912,1273.4434027288626,27839061
2026-02-25,1262.7742919921875,1295.564726518415,1258.9568742250233,1258.9568742250233,16669618
2026-02-26,1261.7955322265625,1286.168148899459,1259.054910753846,1277.848187510079,11493914
2026-02-27,1272.5625,1306.723305439908,1266.7874442662774,1298.207628321947,23141724
2026-03-02,1261.5997314453125,1271.290062662244,1246.0364867011174,1263.6552272829085,9700361
2026-03-04,1279.7078857421875,1289.104523520103,1264.6340504084835,1264.6340504084835,15154950
2026-03-05,1278.141845703125,1292.0410271405913,1262.7743163409898,1292.0410271405913,10362147
2026-03-06,1280.686767578125,1299.0884925711757,1275.4011212294208,1275.4011212294208,8724291
2026-03-09,1287.14697265625,1290.0834296280893,1255.3353554613236,1262.676497890922,10068514
2026-03-10,1268.1578369140625,1293.0198627132945,1256.9014187299574,1292.0410437407636,9600171
2026-03-11,1249.2667236328125,1271.975276386956,1244.3726286871142,1260.7188580118502,7868891
2026-03-12,1238.9891357421875,1251.5179472285731,1231.3542997621664,1245.5471752363726,7599940
2026-03-13,1221.8597412109375,1242.7085131232232,1216.280401513626,1224.5025045780033,7366098
2026-03-16,1223.3280029296875,1227.7326883178384,1198.2701415781937,1213.931245180508,12314450
2026-03-17,1206.785888671875,1218.6295738865974,1189.3628638376754,1218.6295738865974,11223276
2026-03-18,1240.261474609375,1263.459555545422,1208.7435520363658,1211.7778669014497,12365381
2026-03-19,1194.9422607421875,1228.4178221249233,1189.3629208552388,1217.846529327881,9156461
2026-03-20,1229.2987060546875,1238.0102183433878,1203.1641691885866,1215.6930991638783,27299975
2026-03-23,1230.1796875,1234.3885372371806,1201.4023868626336,1211.9735596886824,12420293
2026-03-24,1251.224365234375,1269.5282325903943,1224.5025589595862,1242.1213008151199,13613495
2026-03-25,1252.00732421875,1263.263742406015,1230.4733068170258,1243.100095463166,10824030
2026-03-27,1242.806396484375,1267.3748481809973,1236.444073189259,1257.9780904958054,13092541
2026-03-30,1224.1109619140625,1238.6953882487069,1216.6719617488286,1223.5236944376795,14108486
2026-04-01,1248.6793212890625,1275.4011271577126,1242.610691424955,1262.6764804554484,8137156
2026-04-02,1273.247802734375,1277.7503462365091,1233.116223742555,1233.3119397486187,12873492
2026-04-06,1278.5333251953125,1292.041075138383,1271.4858762157266,1273.8350657038357,10208682
2026-04-07,1311.0301513671875,1316.609371698259,1266.1023367797188,1274.4222980187042,15355792
2026-04-08,1317.68603515625,1347.7358488962445,1302.8080347694565,1320.4267760360608,16030133
2026-04-09,1303.395263671875,1309.170319257509,1286.1680743957882,1301.7313192842819,14894607
2026-04-10,1265.12353515625,1290.9643801968148,1256.1184483091881,1290.0834192154255,19233369
2026-04-13,1249.756103515625,1261.6976471062894,1238.8911174058185,1245.0577246851824,10366082
2026-04-15,1277.6524658203125,1294.4881045276459,1272.9540869097948,1278.631284802942,12098912
2026-04-16,1291.2579345703125,1302.808046184627,1281.2740288923192,1294.0965334739733,18527029
2026-04-17,1290.7685546875,1300.165312581974,1278.4354593069281,1285.1893342368037,12064048
2026-04-20,1284.7977294921875,1296.8372503675125,1280.3930442184933,1292.0410136169874,7172300
2026-04-21,1285.385009765625,1296.9351212811175,1271.7795218169556,1282.2528368892558,10057440
2026-04-22,1241.729736328125,1270.2133447995752,1229.2987830540255,1267.5705813427946,20088378
2026-04-23,1214.32275390625,1238.891085420282,1200.0320212693207,1227.438951608261,14792854
2026-04-24,1130.144287109375,1197.9764852174349,1127.7950978335834,1174.5826894228176,42078914
2026-04-27,1145.5118408203125,1154.9084786451926,1130.04645394258,1130.1443119385692,19579883
2026-04-28,1127.697265625,1144.6308809119316,1125.4460537763027,1138.0727223885278,12720276
2026-04-29,1142.7711181640625,1153.2444330805374,1132.2978032475876,1133.961747660014,8303109
2026-04-30,1156.768310546875,1164.5988623339997,1135.0384576467616,1142.7711514334947,12205669
2026-05-01,1156.768310546875,1156.768310546875,1156.768310546875,1156.768310546875,0
2026-05-04,1143.652099609375,1169.6886601132755,1140.5198072387318,1169.6886601132755,7735811
2026-05-05,1153.1466064453125,1160.0961972461241,1135.5278649580357,1144.728787187228,8164108
2026-05-06,1142.4774169921875,1166.2627649868193,1139.443102180398,1161.8580797644604,9856963
2026-05-07,1138.07275390625,1150.5038263553197,1134.6468875555572,1148.1546369607545,12013987
2026-05-08,1154.2232666015625,1158.4322359116547,1134.2554554613432,1136.4088093734103,7582770
2026-05-11,1152.0699462890625,1161.8581361470833,1147.2737093616843,1151.0911273032605,7336288
2026-05-12,1116.1473388671875,1137.3876630949442,1099.2137225952,1137.3876630949442,16891948
2026-05-13,1099.3115234375,1118.398492694932,1097.2560275682617,1112.5255790772605,6664111
2026-05-14,1071.8067626953125,1098.137016652994,1065.933848927119,1096.0815207310736,16914842
2026-05-15,1095.2984619140625,1109.1976439317652,1078.266987402901,1078.658538900176,17482450
2026-05-18,1118.3006591796875,1121.8243835304838,1094.319594715878,1095.2984136735845,12096377
2026-05-19,1171.5484619140625,1173.0166903851343,1137.3876555901809,1137.3876555901809,32175705
2026-05-20,1168.4161376953125,1181.3366195800531,1159.802602590221,1161.8580984968487,15121010
2026-05-21,1156.180908203125,1176.3446743746752,1152.0699163634372,1170.7653346096859,10021033
2026-05-22,1149.622802734375,1166.5564175672662,1147.6651649263981,1157.4533539662823,8803066
2026-05-25,1143.75,1159.900513478819,1141.4008105061328,1157.9428754813864,5856136
2026-05-26,1142.966796875,1155.6914427435413,1138.2685377836078,1141.5965459846338,8005767
2026-05-27,1135.3321533203125,1142.5754376343073,1130.5359164445094,1136.4088302961693,6371871
2026-05-28,1135.3321533203125,1135.3321533203125,1135.3321533203125,1135.3321533203125,0
2026-05-29,1136.3109130859375,1184.370898370815,1129.1654871448488,1156.96396849116,69085430
2026-06-01,1177.02978515625,1191.222659904496,1148.8397516554953,1150.1122640819906,19439331
2026-06-02,1243.8831787109375,1251.811588367994,1206.3943648530496,1206.3943648530496,36032600
2026-06-03,1196.7039794921875,1223.425783618914,1190.2437985614154,1215.7909483013548,18534303
2026-06-04,1175.855224609375,1189.4607121046952,1170.8631524946943,1182.4132636253246,12755957
2026-06-05,1172.1357421875,1197.8787294549086,1169.0035692089534,1194.159169493737,8692290
2026-06-08,1162.4453125,1175.26781631171,1151.5804465064052,1152.559265415463,8631711
2026-06-09,1155.300048828125,1168.3182691086097,1142.5754025403635,1168.3182691086097,10984054
2026-06-10,1145.300048828125,1171.4000244140625,1143.300048828125,1160.0999755859375,8887626
2026-06-11,1114.5999755859375,1133.699951171875,1109.0,1129.699951171875,9372176
2026-06-12,1116.4000244140625,1123.300048828125,1111.5,1120.0,8075333
2026-06-15,1134.9000244140625,1151.0,1123.0,1130.0,7856192
2026-06-16,1143.5999755859375,1153.800048828125,1123.199951171875,1136.9000244140625,10456090
2026-06-17,1157.699951171875,1162.5,1148.0,1149.0,5995119
2026-06-18,1127.5,1142.9000244140625,1125.300048828125,1142.9000244140625,16781447
2026-06-19,1051.4000244140625,1066.0,1030.0,1062.300048828125,45665442
2026-06-22,1065.199951171875,1080.300048828125,1055.0,1055.0,9436132
