Date,Close,High,Low,Open,Volume
2015-01-01,172.18885803222656,174.03603578515143,156.60834082157479,157.41146051809568,1116007
2015-01-02,163.39471435546875,173.87542977923167,161.74831638007325,173.87542977923167,466297
2015-01-05,159.3791046142578,165.04110104255705,157.85318206121684,163.83642147290337,396192
2015-01-06,157.37130737304688,158.77676688920891,155.00210663958632,155.68476330643307,201169
2015-01-07,157.0902099609375,158.57597397502505,154.19897429112552,157.3311360545606,142198
2015-01-08,157.8531951904297,159.78067776033748,156.6083570806564,158.21459664045798,857536
2015-01-09,157.6524200439453,164.63955989082385,156.60836184736903,161.46723911458633,472822
2015-01-12,157.53195190429688,158.61616859146008,156.88946583523034,157.81304875049065,138238
2015-01-13,157.45162963867188,158.6161508267259,156.60835144917243,156.88944826388388,551075
2015-01-14,154.5603790283203,159.4192555137986,153.03445654742205,157.57207781006713,193648
2015-01-15,159.70034790039062,161.1058072931361,153.03445232958535,157.41145198749462,3778423
2015-01-16,158.57598876953125,162.55142899544035,157.5720891036636,160.5837881012666,352406
2015-01-19,166.32611083984375,174.63839318507414,157.853194735388,159.01771596196016,1604458
2015-01-20,174.1565399169922,176.20448567836797,162.5514485778038,165.44268486566003,1835301
2015-01-21,186.72535705566406,188.33159668625044,174.6785598262664,175.3210581294281,2170525
2015-01-22,183.5128631591797,188.65282466528524,174.71870433398843,188.41189854362005,2424387
2015-01-23,178.97525024414062,182.38850935432558,170.30155405439058,181.50507268277644,1550258
2015-01-27,178.25245666503906,182.18775146845533,172.9518727577835,178.29261511036069,446407
2015-01-28,177.9713592529297,180.62164488856445,168.65516432186735,177.48948245301278,898328
2015-01-29,176.4453887939453,179.8988058208982,173.99587135304654,177.5697636831061,723703
2015-01-30,169.57875061035156,177.0477676303696,168.85594765068117,176.4454277457655,131113
2015-02-02,172.71090698242188,176.24462902750383,167.61109160033075,169.45826950079245,591712
2015-02-03,167.12925720214844,174.11639792763884,165.6434804754231,172.71093809330193,211112
2015-02-04,168.454345703125,170.26136490613825,166.00482833255813,169.25746534890865,770070
2015-02-05,172.1085662841797,176.284786567424,168.65514887999564,169.05670875828133,237728
2015-02-06,171.62669372558594,174.11636993369737,170.78341550963626,173.4738716618007,183456
2015-02-09,172.1487579345703,175.08014070973618,166.28598012960123,166.28598012960123,566965
2015-02-10,172.3093719482422,176.76668971359553,169.8196954293207,175.0801330711472,325337
2015-02-11,166.92845153808594,173.23293447202315,166.64735471262017,172.26919318485312,230052
2015-02-12,167.45045471191406,169.37793705854295,163.59547776402235,167.20951635492696,294480
2015-02-13,169.17713928222656,170.90385377953862,167.6110585090422,168.69527487374125,391528
2015-02-16,171.0243377685547,172.510114116316,168.65513710303412,168.65513710303412,181940
2015-02-18,174.55807495117188,175.76275452363095,169.53857673259245,171.86761900415956,322967
2015-02-19,175.64231872558594,177.65011846468644,172.8313990908452,175.0801372495652,300914
2015-02-20,176.4453887939453,177.08788697994666,174.67852797341678,176.56586409705199,136538
2015-02-23,176.4453887939453,178.2925664832116,173.99587135304654,178.2925664832116,497314
2015-02-24,175.36122131347656,177.0879240611984,173.23294639261243,175.52184282995177,103727
2015-02-25,173.43368530273438,176.52570084525263,172.79118713426695,175.36117980813665,268526
2015-02-26,175.1604461669922,180.01931151071113,171.3054683924855,172.9117081106436,467624
2015-02-27,176.6060333251953,179.81851241982105,170.30155045477346,176.44541182139108,800998
2015-03-02,177.087890625,192.94950441113946,175.8832110969388,191.2629481700002,1193700
2015-03-03,177.087890625,179.29646975977892,175.96352796732975,178.0516317965222,290386
2015-03-04,176.6863555908203,183.11131397594107,175.28089594407516,179.2563364939415,632267
2015-03-05,175.92340087890625,177.5296405358611,173.4738829511229,176.68636226503259,714904
2015-03-09,174.59823608398438,179.5775885469024,173.47387328859762,173.79511630024086,203933
2015-03-10,170.70310974121094,176.28478969756443,167.8921905432999,175.08011004131683,115944
2015-03-11,171.46607971191406,174.0762190986294,170.34171687795254,172.02826112889483,59173
2015-03-12,171.62669372558594,173.19277483827238,169.8598326688465,171.26529227721758,58487
2015-03-13,169.49839782714844,174.3171155350723,168.53465673649023,171.10463706312305,54435
2015-03-16,164.31829833984375,168.93623669403945,160.7042596278645,168.93623669403945,149025
2015-03-17,164.71987915039062,168.97640437114435,162.31051970258173,168.6551613466242,64293
2015-03-18,162.6719207763672,165.60330319560816,162.27036086936783,165.4426816837356,75018
2015-03-19,157.0902099609375,164.9206266241587,155.20287386333337,164.9206266241587,112105
2015-03-20,157.17051696777344,161.74829663583796,155.5642776277765,159.7003512810488,120255
2015-03-23,156.12648010253906,159.90115286674447,153.15493937179815,157.4114766505199,131280
2015-03-24,156.1666259765625,159.01770341292308,152.59274569926964,155.12256789716696,62584
2015-03-25,156.64852905273438,161.8286496296546,155.96587227899295,156.84930901505405,85301
2015-03-26,157.0902099609375,159.37909363279132,155.80521360665807,156.2067734355412,132453
2015-03-27,158.5358428955078,159.1381827427622,156.04617887963758,157.09023706580567,72593
2015-03-30,165.16156005859375,167.2095177278485,158.53582258753278,158.53582258753278,121001
2015-03-31,166.2859649658203,171.62670698849632,162.47114573401282,165.44268668470403,567537
2015-04-01,164.15769958496094,167.6512759864128,162.51131362449252,162.51131362449252,34399
2015-04-06,161.90895080566406,164.80017462973672,161.50739091998994,164.55923624740518,30769
2015-04-07,163.9569091796875,164.96080897200653,162.43098639721705,163.87660454908368,43475
2015-04-08,162.47113037109375,168.21343176992778,162.23019199146654,165.241891100219,63383
2015-04-09,160.0216064453125,164.63954489981964,159.4995835218742,163.63564523579635,70662
2015-04-10,163.1537628173828,163.35454274320023,159.9814424403944,160.5034776003002,36999
2015-04-13,160.26255798339844,165.72377505532683,155.88555753955248,163.2742572229212,281469
2015-04-15,153.9178924560547,163.67580459828807,152.5927497939088,160.1019242250945,334933
2015-04-16,154.68087768554688,157.09023707470095,151.82979995745407,155.00212070224651,146758
2015-04-17,152.3919677734375,155.8052266036726,150.5849483927248,155.0021068789114,95604
2015-04-20,152.43215942382812,153.83761924839385,151.78966105309922,153.39590085260292,38190
2015-04-21,153.83758544921875,155.80522632037912,150.98650798057358,152.59274742717542,92741
2015-04-22,153.35569763183594,155.28319218125722,152.03055508599854,154.0785126833565,373204
2015-04-23,152.0305633544922,154.80132389943063,151.54868662727063,153.47618128152266,46687
2015-04-24,150.34400939941406,153.35570835474942,149.01886676092028,152.1911872096133,78600
2015-04-27,148.09527587890625,150.946353420786,143.1159359174649,149.38027237104873,82754
2015-04-28,147.4126434326172,149.38028451427047,145.7662453727962,147.93466640675362,132083
2015-04-29,147.7740478515625,148.57716767684272,145.56546833204186,148.17560776420262,33927
2015-04-30,147.37246704101562,148.41652511675622,145.8465444912185,147.77402689671322,31866
2015-05-04,148.49684143066406,151.54869902525562,147.45279552732913,148.577158309983,206078
2015-05-05,148.0149688720703,150.10307281985916,146.9709107708586,148.97871009832937,147301
2015-05-06,142.39312744140625,153.7974249051145,140.7065711437262,152.59274533666712,577798
2015-05-07,139.42161560058594,143.75845803613413,138.5783372784969,143.75845803613413,284029
2015-05-08,143.1962890625,144.56159052205854,140.14443081166232,140.42552769508814,957253
2015-05-11,149.9826202392578,150.98651997312166,142.87500522164765,142.87500522164765,353803
2015-05-12,149.34011840820312,151.10697944687053,146.56935765953887,151.10697944687053,570406
2015-05-13,153.87774658203125,156.528031911646,148.0952746692563,148.25590842043812,257583
2015-05-14,153.5564727783203,155.60443031206378,149.58103300966133,155.60443031206378,162940
2015-05-15,153.35569763183594,154.80131548024352,151.5888368191749,153.15491771551913,160351
2015-05-18,153.3155517578125,154.19898836383413,151.06682631454757,154.19898836383413,146653
2015-05-19,153.59666442871094,154.19900428921568,151.06684191644533,152.59276466120303,309139
2015-05-20,154.8816680908203,155.80525101716026,152.63293005820205,154.80135120390537,1367674
2015-05-21,154.11868286132812,156.60835911318682,153.5966598994717,155.7249224419762,158809
2015-05-22,153.43605041503906,154.76119327105303,152.5124552310155,154.76119327105303,351871
2015-05-25,151.62901306152344,154.5202368432665,150.7455764241204,154.5202368432665,37204
2015-05-26,149.1794891357422,153.7974275612093,148.6976123981875,153.7974275612093,37512
2015-05-27,151.1471405029297,152.59275856127942,148.1755997608213,150.98651899747648,42624
2015-05-28,150.8258819580078,152.79352277008604,147.29214792881012,151.02666188280423,73588
2015-05-29,156.64852905273438,163.8364492528513,147.85436915406007,150.62513018314425,888118
2015-06-01,152.35179138183594,158.2948839974647,151.8297685241146,156.60832787237058,94171
2015-06-02,149.2196502685547,151.95025248499968,146.97091254373453,151.8699478637129,197622
2015-06-03,150.9865264892578,152.5526076907458,145.72608920585913,151.54870791355657,176984
2015-06-04,152.27151489257812,152.6329163419455,148.85825583424176,149.38027878836849,376920
2015-06-05,151.18728637695312,152.99430573604022,149.8219853121253,150.98650644816567,178641
2015-06-08,150.504638671875,152.99431483882273,148.57715614268875,149.70151890894155,48973
2015-06-09,148.93858337402344,152.5526229330004,146.68984519751032,152.47231829558322,244834
2015-06-10,151.7896270751953,153.3958665151445,149.17948798527794,152.03056544211458,46388
2015-06-11,148.7377471923828,153.15490498416577,148.17556592435514,150.66524158157674,36256
2015-06-12,149.38027954101562,150.38417926911384,146.85045712806223,148.57715975853705,77128
2015-06-15,150.1432342529297,151.7494737469533,149.38027294419544,151.7494737469533,28985
2015-06-16,150.18336486816406,152.07070082584696,148.5771256717131,149.42040370077638,31161
2015-06-17,149.1794891357422,154.19898742429342,147.1716898203217,151.74946980855353,460714
2015-06-18,150.18336486816406,151.70928720293946,149.3802452699386,149.62118360033273,610794
2015-06-19,150.1432342529297,151.78963218523086,149.420431382473,150.66526944126824,217853
2015-06-22,150.9463653564453,152.59276341261383,149.42044262417346,152.59276341261383,479382
2015-06-23,151.7896270751953,152.5927467951699,150.3038506913886,152.35180842825065,936646
2015-06-24,148.7377471923828,153.1950634150176,147.57322622547565,152.55256528528628,962178
2015-06-25,147.4126434326172,149.98262437118285,147.09138815614912,149.7015275361028,535261
2015-06-26,147.29217529296875,149.13935339519423,146.68983540667585,147.41265062300914,32703
2015-06-29,151.7896270751953,152.39196686517624,139.34127141558935,139.34127141558935,276904
2015-06-30,162.27035522460938,165.36235904816408,150.26371687392026,150.98651977952127,398427
2015-07-01,160.18223571777344,163.55533630173505,157.45163340090812,163.55533630173505,132736
2015-07-02,163.43484497070312,165.44264404896728,159.25862533884026,163.75608792137217,312330
2015-07-03,167.2898712158203,167.85205267336838,159.4192940462374,163.35457650371052,233337
2015-07-06,174.79901123046875,177.16822433116897,164.67970958592716,167.811871754673,272291
2015-07-07,167.4906463623047,176.4454277448513,167.04892799600339,175.08012645734968,91672
2015-07-08,163.9569091796875,168.13314211944353,162.55144947044087,164.6395659403189,43169
2015-07-09,159.74053955078125,166.24581549369358,156.688693804365,165.20175719667054,43399
2015-07-10,163.3144073486328,165.04110992285737,161.1058280187649,164.3986116668779,23614
2015-07-13,163.8765869140625,165.44266797062446,161.10582623635523,163.63564853890648,30008
2015-07-14,161.1861572265625,163.7561383878323,160.02163585321304,163.7561383878323,66942
2015-07-15,170.78341674804688,190.1787668369913,161.98925758568254,162.23019597122033,963217
2015-07-16,168.17324829101562,171.82744511647692,164.27812537643447,171.50620216122826,340759
2015-07-17,171.62669372558594,172.67075188558866,166.36625674047002,170.58263556558325,176033
2015-07-20,167.3300018310547,170.02044559280628,166.64734515387173,169.85982409659695,72775
2015-07-21,162.9530029296875,168.8960968174783,162.27035845074482,166.24579901985777,67498
2015-07-22,162.1097412109375,167.00876477955995,160.62396463619828,164.39862535422174,115800
2015-07-23,160.061767578125,170.58262888147206,157.0099100971762,166.9685900301304,447227
2015-07-24,159.70034790039062,164.6395288644714,156.6083323344972,162.23016990547913,198449
2015-07-27,155.8052215576172,160.62393975012083,152.7533642514381,159.78066161550586,97421
2015-07-28,153.43605041503906,160.5436537635521,152.6329305617854,156.60837138446374,93356
2015-07-29,154.76116943359375,155.80522753293724,153.3557099068791,155.00210780338602,407149
2015-07-30,155.5241241455078,157.2106804080609,154.39976147356174,156.36740227678436,39680
2015-07-31,159.21847534179688,160.4231548525797,154.60053721712939,155.7248998586732,91779
2015-08-03,156.36741638183594,159.01771406721656,155.40367511114346,159.01771406721656,70802
2015-08-04,154.43995666503906,156.76899943463994,153.8376167500074,156.36743949128552,83782
2015-08-05,155.5241241455078,161.4270588098097,152.83368051812474,154.60054139745455,319769
2015-08-06,153.15493774414062,157.0099150924789,152.8738531773188,157.0099150924789,101107
2015-08-07,150.54478454589844,153.55648340553086,149.09916664234808,153.15492355757985,88539
2015-08-10,147.2519989013672,153.2352380937258,145.36466274290686,150.94634209343423,88681
2015-08-11,144.03953552246094,149.7015200921862,142.95531893207706,147.77403754776506,76649
2015-08-12,142.4333038330078,146.56936597087966,140.54596736933667,144.561566437032,101690
2015-08-13,138.5783233642578,145.08358636440593,136.5303654318529,143.99938199169904,137369
2015-08-14,141.58999633789062,142.7143589427971,136.53034010654494,140.14437852112997,324367
2015-08-17,143.3970489501953,144.56157025969338,139.74285125103694,142.55377067275322,49557
2015-08-18,145.36468505859375,146.00718335508375,143.2765686586602,146.00718335508375,38944
2015-08-19,145.2040557861328,147.37247669806564,143.5978162580885,147.37247669806564,42008
2015-08-20,144.2403106689453,146.24811002539147,142.95531417896586,144.56155366412278,54332
2015-08-21,140.6262664794922,144.28045136555207,138.13659047032448,142.9553087425451,203364
2015-08-24,130.18569946289062,140.46562112359658,124.48354507687097,138.37751739766773,153392
2015-08-25,132.67535400390625,136.5303304922613,130.3864705219625,132.7155124343893,104507
2015-08-26,133.23757934570312,139.7428550878544,126.93309582239503,132.6753978968517,70519
2015-08-27,136.20909118652344,138.93969296726397,132.51473606704366,136.08861589186466,44214
2015-08-28,130.18569946289062,139.6223552993631,121.27106649424204,138.89954026549162,381016
2015-08-31,138.53814697265625,144.48122779600646,130.1053902004076,133.07693061208272,204754
2015-09-01,139.1806640625,140.5459652742369,134.16116530270583,135.72724646483448,69703
2015-09-02,135.52645874023438,140.94751708984376,132.67538115729062,139.18065607867584,40133
2015-09-03,135.1249237060547,137.57444186160896,133.75962232161635,135.76742207950718,25758
2015-09-04,132.2738037109375,135.88784213066057,128.65976529121443,135.72722065182177,39798
2015-09-07,132.6352081298828,134.8437872145772,129.30226641301567,134.8437872145772,61724
2015-09-08,132.5950927734375,134.68319704068057,129.50307643423832,132.23367903549325,152079
2015-09-09,133.19741821289062,140.5459591765535,127.01338620541418,140.5459591765535,617294
2015-09-10,130.34632873535156,132.0730311749121,128.097591142118,130.34632873535156,258889
2015-09-11,130.54713439941406,133.55883384454987,129.46291769731062,129.94479451038688,515910
2015-09-14,129.82431030273438,132.4344496433772,129.30228733646004,129.70384723502048,79951
2015-09-15,127.77635192871094,131.63131676817702,127.21415832287397,129.74399278523725,159116
2015-09-16,127.57560729980469,129.66371178985912,126.93310889723496,129.66371178985912,39127
2015-09-18,124.04186248779297,128.4991802537731,122.51593962413413,128.17793720499336,842330
2015-09-21,127.7362289428711,128.49919043515226,122.23485245051103,123.60015389795697,582051
2015-09-22,126.59748077392578,130.94889305397152,124.64545254982072,129.24085904986,97070
2015-09-23,129.8915557861328,130.94890971316056,124.88947506882089,125.25547885606663,78968
2015-09-24,128.91555786132812,130.9895961324035,128.67155116872587,130.9489262818538,15832
2015-09-28,126.59748077392578,130.13554589214561,124.9301290207369,129.566205361006,33190
2015-09-29,131.76226806640625,132.73828238475906,125.2961592452865,126.0688367302035,150381
2015-09-30,133.55162048339844,136.6423426200382,130.29823137339753,132.7382732058982,197287
2015-10-01,131.76226806640625,134.20231006763598,130.70491405040093,133.5516297185023,83397
2015-10-05,132.7789306640625,134.16161842467363,131.11156641860788,132.57559386365813,86945
2015-10-06,133.226318359375,135.01568031514708,132.0876244524673,133.3889853715911,80430
2015-10-07,141.44110107421875,145.26384359841046,137.04903029032062,137.04903029032062,616185
2015-10-08,146.7278594970703,148.84256760768739,139.12306909030818,141.52244133189947,1607436
2015-10-09,148.2325439453125,148.84255441422326,143.55579701699673,148.76121472075727,310950
2015-10-12,150.5099334716797,153.27530956854392,146.44319661705822,148.0292215082214,703424
2015-10-13,146.97186279296875,150.75393539450093,146.44319198287607,148.84256416903563,272152
2015-10-14,147.0938720703125,147.86654956467729,144.36915350467837,146.40252186389918,104519
2015-10-15,147.70388793945312,148.84256929767056,146.64653387213923,147.09387740954463,54199
2015-10-16,149.49322509765625,149.94056856150632,147.45985699896858,147.45985699896858,44927
2015-10-19,147.90719604492188,148.72054326010274,146.849842183048,146.849842183048,63824
2015-10-20,152.42127990722656,153.3159669065027,146.52451194928415,148.02920942696812,136323
2015-10-21,153.9259796142578,154.53599010150057,148.88322873519,151.36394053211626,128163
2015-10-23,151.3232879638672,154.53600774806932,148.51724188426525,150.7132774069669,56629
2015-10-26,149.24923706054688,152.50262642426452,148.02921604915275,151.2826054128704,105785
2015-10-27,147.3785400390625,150.22525581623802,146.64653237492428,149.574575442173,38456
2015-10-28,147.4598846435547,148.8019028760017,144.00315822774655,147.05321094757724,77358
2015-10-29,146.84986877441406,149.9405912339038,145.67051758098526,147.45987929625957,90161
2015-10-30,146.6872100830078,151.28261797662117,142.4171361885064,149.24924945543003,161921
2015-11-02,148.5985565185547,150.46925788247592,145.6298436921786,150.46925788247592,86427
2015-11-03,149.04588317871094,151.28258811045148,146.40250462301756,147.25652171545732,1052249
2015-11-04,150.67262268066406,152.01464107629369,147.6632394466446,150.46928580795063,65944
2015-11-05,151.2960662841797,153.78995748666617,149.63347214918872,149.7166069297729,83067
2015-11-06,147.59681701660156,151.628600733511,147.13960103015518,150.4647897540005,39620
2015-11-09,150.2569580078125,151.67016060845117,145.47699945431364,146.30829659405256,54312
2015-11-10,148.677490234375,150.88042245813836,145.89263989753874,149.75816630816865,511282
2015-11-13,150.8804168701172,152.1273624640851,147.2227148683126,148.42809307223095,92482
2015-11-16,150.9635467529297,152.12735752904422,148.22026399827558,149.63346642201068,56714
2015-11-17,149.21783447265625,151.29607729260968,148.38653734467488,150.96356351525213,49386
2015-11-18,148.76060485839844,150.63102322464297,146.3082810929062,150.63102322464297,48202
2015-11-19,148.4696502685547,150.3816232336961,147.26425946281032,149.3840693639298,44961
2015-11-20,149.675048828125,151.71172423296514,146.5576846315572,150.00756260192395,1363336
2015-11-23,148.1371307373047,149.71660273201277,147.59679273241727,149.5919005646329,35815
2015-11-24,148.76060485839844,149.79972617297875,145.47698404124196,147.30583501798603,1016301
2015-11-26,151.21290588378906,152.54298604026275,148.1371097921012,150.631000572051,114486
2015-11-27,148.71905517578125,151.71172999192282,148.42810878380973,151.6285952030236,1097140
2015-11-30,150.38165283203125,151.54547647964546,147.30585584295824,148.84376067978883,2734775
2015-12-01,154.6212615966797,158.23740907882402,149.84130324086837,150.46477606988722,1472020
2015-12-02,161.18850708007812,162.102938989237,154.2056163205306,154.2056163205306,1143969
2015-12-03,162.7263946533203,164.59681298266884,159.65059815975332,162.0613544881903,359038
2015-12-04,162.60171508789062,165.80220125809,157.9880137238873,159.6090405045947,165364
2015-12-07,157.9464569091797,164.88779311560242,155.49413287829682,162.93423975894325,181647
2015-12-08,154.74595642089844,157.11515832664318,154.66283431825067,156.2838611926398,50599
2015-12-09,152.83396911621094,157.53079241789675,151.9611046687987,155.41098238406317,48596
2015-12-10,153.08334350585938,154.24716696245176,150.13224918728923,152.12735699203893,80127
2015-12-11,150.2569580078125,157.94645655039767,142.98310803509682,151.42076892961194,2079573
2015-12-14,150.2569580078125,153.49901177895927,149.6334851530083,153.3743222818335,65513
2015-12-15,150.75572204589844,152.79239724033803,149.88285762411402,150.4647630104416,42877
2015-12-16,151.42076110839844,153.208057477272,149.63347742411193,152.16893610627122,44638
2015-12-17,151.75328063964844,153.54056424245516,150.04911913198012,151.83640273478684,214268
2015-12-18,150.17381286621094,152.95866316616883,148.92686724257368,150.46477191889434,142339
2015-12-21,149.0515594482422,151.4623157522262,148.88530257979258,149.88285647507612,186651
2015-12-22,149.21783447265625,152.2105092072242,148.80218590866556,149.71661782328007,74554
2015-12-23,149.63348388671875,151.87798360810203,147.88775483420534,149.7166186738242,246208
2015-12-24,148.2618408203125,151.08824584761607,147.9708817654782,150.83885418412765,155830
2015-12-28,148.677490234375,149.4672199362192,147.97088263112192,147.97088263112192,118754
2015-12-29,147.22268676757812,150.0075237851396,146.47451194325131,150.0075237851396,148065
2015-12-30,148.6359100341797,149.63346392341862,145.68480306988397,149.50877444398347,216444
2015-12-31,149.34251403808594,151.29606723278346,147.51366301504655,148.0540137230585,178428
2016-01-01,148.59434509277344,149.88285803469094,147.72148066859796,149.88285803469094,26726
2016-01-04,148.2618408203125,149.38408427912998,147.1395846769081,148.05401654816998,69265
2016-01-05,147.51365661621094,149.3009528557551,147.22271026413594,149.21781807825587,264505
2016-01-06,147.30584716796875,148.22027907405752,146.47455004773803,147.97088740107083,66664
2016-01-07,147.9708709716797,149.21781651357585,145.06133137392194,146.55766856111455,803091
2016-01-08,154.4550018310547,159.81686552367003,147.72149032943457,148.80217908315703,248420
2016-01-11,154.49656677246094,156.28385041346104,151.54545961337453,152.95866210679165,121914
2016-01-12,157.86334228515625,158.48681522101325,153.0833831102526,153.78999084472628,200154
2016-01-13,149.92442321777344,159.56746107677344,148.05400491545095,156.3669751479954,393672
2016-01-14,153.78997802734375,156.2838695629223,147.1396005991343,148.55280326571113,142113
2016-01-15,152.08580017089844,157.57236604206355,150.46477338133187,157.57236604206355,178390
2016-01-18,147.18115234375,150.7972870750465,139.53322165150692,148.80217913257857,160987
2016-01-19,146.5576629638672,147.92929793373386,143.23247497913775,143.23247497913775,206358
2016-01-20,147.43055725097656,147.8462058333762,140.6554777471101,145.47700383986316,58410
2016-01-21,143.3155975341797,146.93174455316972,141.73613831012977,146.84860977944686,63542
2016-01-22,145.51853942871094,146.30826902573963,142.56743260178607,146.14201216603652,121910
2016-01-25,149.55032348632812,150.46475524952405,145.06132481238643,145.10289219881994,50820
2016-01-27,155.45252990722656,156.69947533428987,148.80215429622223,149.63345124759778,57099
2016-01-28,155.03689575195312,159.2349482810814,153.04178795820206,157.03200354570419,119563
2016-01-29,159.85842895507812,160.44033436664085,156.5332406780493,157.94644315886924,146066
2016-02-01,164.59681701660156,166.09315425366978,158.1542648353962,160.81441287652498,90473
2016-02-02,162.0613555908203,167.92200226623743,160.4403288979397,164.59681410254956,47852
2016-02-03,155.1200408935547,160.39876976434184,151.2960692346679,159.60904007173758,83709
2016-02-04,153.91465759277344,156.40854896733367,152.70927929865348,153.78996809788043,63750
2016-02-05,152.79238891601562,156.20069895572306,152.54299728272352,156.20069895572306,25843
2016-02-08,153.0418243408203,156.24231104933844,152.79243263616706,152.95868954440624,26554
2016-02-09,157.40606689453125,159.60899851900703,149.88282770867175,149.88282770867175,70187
2016-02-10,155.36941528320312,159.60903535875462,150.50633509786795,159.60903535875462,108629
2016-02-11,152.08580017089844,155.99289395935267,147.30584190049703,154.91221788936625,100952
2016-02-12,150.6310272216797,153.62370176091696,144.31317707213736,152.8755267838143,105214
2016-02-15,153.78997802734375,154.57970781002598,149.21784354544974,151.8364245839719,220598
2016-02-16,153.62371826171875,156.2838666464427,150.50635390042004,154.62127232041672,34308
2016-02-17,154.8706512451172,158.69461026913535,149.79973389473906,153.7899624853299,58562
2016-02-18,156.11758422851562,157.73861089446646,150.88041042079402,155.03689555635307,32324
2016-02-19,155.9097900390625,157.4061275133508,152.29364219991479,153.8731144667813,47371
2016-02-22,154.95376586914062,156.15915674571164,153.91464455112174,155.45254917562426,21579
2016-02-23,152.83396911621094,155.53568455345717,151.8364024994047,154.08091470263227,52080
2016-02-24,149.3009490966797,154.164029027875,148.42808469325925,154.164029027875,26407
2016-02-25,146.14202880859375,150.83885222415026,145.56012339107326,150.46477107607183,87332
2016-02-26,149.1346893310547,150.29851284017258,145.64324417287426,147.92931111609303,40894
2016-02-29,144.52099609375,148.71903601597214,141.56988905225583,147.97087375061813,151572
2016-03-01,145.39385986328125,148.05402077023507,144.1053594869229,146.1836022676135,64364
2016-03-02,145.39385986328125,147.97088598517254,144.02222470186035,146.76550770928944,80494
2016-03-03,144.14691162109375,147.55523479440495,143.85596524774434,147.51366740261588,98060
2016-03-04,146.4745330810547,147.1395732371227,143.93907462112494,144.3547231330942,108837
2016-03-08,146.5992431640625,147.8877434730978,144.77037946494153,147.8877434730978,80216
2016-03-09,146.72393798828125,147.4721003036218,145.06134379011377,145.47699233965562,53392
2016-03-10,147.55523681640625,148.38653392523108,145.39385925962682,145.4769940443442,95610
2016-03-11,147.09799194335938,148.01242365708197,145.643222288991,147.26424879551308,54083
2016-03-14,147.92933654785156,148.38655255201644,145.60170181403942,147.88776915027498,64827
2016-03-15,148.4696502685547,149.467204138321,146.017313954456,146.017313954456,44894
2016-03-16,148.63780212402344,150.9917969903697,147.12451879364085,150.0249710270675,69535
2016-03-17,148.9740753173828,150.7395745996626,147.29265231644567,147.29265231644567,43438
2016-03-18,149.6466522216797,150.06700798634733,147.29265737389292,147.29265737389292,167612
2016-03-21,149.2683563232422,150.86570333015683,148.8480004973971,150.86570333015683,25064
2016-03-22,148.80593872070312,150.06700599799723,148.13336694049832,149.8568281184482,9915
2016-03-23,149.60464477539062,150.4033183264827,148.04933582394656,148.80597122429853,145160
2016-03-28,146.2417755126953,149.9409141297012,145.90549601489502,149.64665994794555,38295
2016-03-29,145.52716064453125,146.7041515716905,144.64441103504234,146.3678721148561,26586
2016-03-30,147.2926788330078,148.38560654602063,145.27497599993936,146.15772579999745,84465
2016-03-31,150.27719116210938,151.24400432360443,147.54487859552557,147.54487859552557,64723
2016-04-01,151.5382537841797,152.58914320015873,148.72186501805984,150.23514834271768,73486
2016-04-04,151.24398803710938,152.58913151787382,150.4873528468287,150.5293909858974,136910
2016-04-05,150.10902404785156,152.16876442609308,148.97405851890318,152.16876442609308,86147
2016-04-06,150.52940368652344,151.454178682866,147.5448751561778,148.30151041029808,52542
2016-04-07,148.59576416015625,150.57144140334117,147.96523050742576,149.64665358137376,402050
2016-04-08,150.27719116210938,150.73958508517933,148.1333741211417,149.94091166982597,93609
2016-04-11,148.67984008789062,151.15993655035658,148.13336989322661,150.48736475674548,39472
2016-04-12,148.38558959960938,150.31922874360927,147.9652338217068,149.56258064644047,61358
2016-04-13,154.64889526367188,155.40554339576937,149.05816829078242,149.05816829078242,374008
2016-04-18,156.6666259765625,159.1887610049274,155.15334239389514,156.70865129777488,509229
2016-04-20,158.39002990722656,159.65109706517657,154.90108256819357,157.25507716201466,253676
2016-04-21,163.0559844970703,164.3590898208888,158.05375389425623,158.05375389425623,189066
2016-04-22,164.6953887939453,167.17549814831634,160.15555151995147,161.41661885475423,102542
2016-04-25,163.98077392578125,166.2927304561087,163.56041819299446,164.9896251188218,81013
2016-04-26,167.3856964111328,168.56268760224575,162.67770599019727,164.06487509602624,114284
2016-04-27,175.70872497558594,178.18882163806202,161.92105982171674,166.88125314666894,337825
2016-04-28,175.91891479492188,179.44990120006764,174.1954533268621,176.88572807229494,238037
2016-04-29,170.74850463867188,177.76843771418834,167.30158248137803,175.70869717893473,205485
2016-05-02,167.93214416503906,171.2529524602264,166.04054304177828,166.04054304177828,73023
2016-05-03,164.863525390625,169.0670827659266,163.93873763676302,167.93211714329956,43601
2016-05-04,163.09803771972656,165.956451806199,162.67768195240768,165.956451806199,189120
2016-05-05,160.0714569091797,163.3502393012798,158.97854227338516,163.2661630239546,109726
2016-05-06,161.29051208496094,164.611320061231,158.51616147163458,160.32368612897756,544732
2016-05-09,180.75299072265625,184.62026914383264,162.3414121477843,162.3414121477843,2293469
2016-05-10,173.9011993408203,178.3989986973974,172.64013194263666,178.3989986973974,205825
2016-05-11,171.33702087402344,173.22862191030333,168.47859383336726,170.66444905103137,190845
2016-05-12,171.0427703857422,174.3635785999318,169.82374114613344,172.26179962535093,131204
2016-05-13,177.5582733154297,183.10697456800935,171.5051528396773,172.30382623088076,1230908
2016-05-16,185.41891479492188,189.1600782207512,178.651184986265,179.57597272219533,1389224
2016-05-17,187.56275939941406,190.71542783735867,185.58708204700582,185.58708204700582,509858
2016-05-18,182.5185089111328,189.03402436158757,182.01407677722014,189.03402436158757,339482
2016-05-19,183.9477081298828,188.8238381739249,181.2153953187139,184.1158478910757,353763
2016-05-20,179.7861785888672,187.3946082130691,179.11360675145818,184.1158381445313,133566
2016-05-23,182.5605010986328,186.42777921476718,179.02951528681956,181.00519248645685,171459
2016-05-24,181.25743103027344,187.47869190849653,179.15565197300327,182.56052378318785,129950
2016-05-25,176.38128662109375,183.86361432151102,173.60693592683288,183.27511879927152,173408
2016-05-26,182.5185089111328,185.37692346132582,176.38131114699152,176.38131114699152,246592
2016-05-27,180.45867919921875,186.63791251513615,176.84363079597435,182.3502796638992,384832
2016-05-30,196.6844482421875,200.50968804303793,189.16008305946974,189.16008305946974,1620825
2016-05-31,195.38133239746094,198.61807655408208,193.78398580197216,197.73532698152738,373226
2016-06-01,205.4698944091797,207.65574953558715,195.6335719968262,196.30614379173926,1384692
2016-06-02,203.57827758789062,206.81502188279913,201.98093092415647,206.81502188279913,441445
2016-06-03,211.1446990966797,230.01868351781468,203.3681173164337,203.5782952023863,3475246
2016-06-06,228.12709045410156,232.41472460749586,207.1093011300915,212.70002795898196,1922900
2016-06-07,229.59832763671875,242.88155976001346,219.6779160305861,225.98325260616525,2700502
2016-06-08,229.8084716796875,235.3151212154945,227.03410860111282,228.5053535854175,1241477
2016-06-09,214.84385681152344,231.9103052436998,213.07835728024125,231.9103052436998,1041304
2016-06-10,215.05401611328125,221.86377194149676,211.2287760118954,214.84383822670225,798461
2016-06-13,218.87925720214844,221.94784922874985,210.09381124091828,210.93452279102718,824157
2016-06-14,225.5629119873047,226.99213196970672,220.89697287052013,221.9478623703799,795749
2016-06-15,226.1514129638672,233.29746132889645,221.02306724119703,225.56290460062527,942714
2016-06-16,224.3018341064453,231.06957756319264,221.10714043874395,228.58946819681975,499879
2016-06-17,223.4611053466797,227.328383359099,221.7376570426835,226.9921038920362,457895
2016-06-20,218.54296875,222.7885516413279,215.76860535454114,222.7885516413279,452116
2016-06-21,225.39476013183594,226.90803058166867,218.24871232316534,220.51861799791442,452622
2016-06-22,224.932373046875,230.18682042375474,221.94785719939983,226.9501013647819,318941
2016-06-23,226.73992919921875,229.43019093027286,222.2421169996578,224.46999761245507,369330
2016-06-24,237.20677185058594,241.7466093409524,210.17789915105644,219.50980300465972,1110254
2016-06-27,235.69349670410156,241.95678258439645,233.0452603570517,233.0452603570517,651377
2016-06-28,234.72666931152344,241.4523615478825,232.8770936839328,239.05632855738364,373557
2016-06-29,241.956787109375,246.16034509012496,236.36606012627394,236.36606012627394,789253
2016-06-30,246.37051391601562,248.85062329591523,241.4523717848452,244.22670968737626,740974
2016-07-01,241.62049865722656,251.24665633936863,239.81297392371647,248.76654695994907,1266267
2016-07-04,241.9988250732422,250.74222007186182,240.44350357268223,246.32848442935628,1880447
2016-07-05,241.36827087402344,244.43686264262664,239.77092419441286,244.22668477277054,376363
2016-07-07,233.92800903320312,243.63821801349775,231.4058741649206,241.70459154374086,750466
2016-07-08,234.81076049804688,238.55193771332532,233.9280235021419,235.0629893943656,699420
2016-07-11,237.458984375,240.77977955906917,235.44125615687994,236.95455232047,733046
2016-07-12,236.49212646484375,240.02312490466645,232.5407979461143,237.50099049235823,570807
2016-07-13,228.9678192138672,237.16475766551054,228.043031282898,237.08068137060732,406828
2016-07-14,231.27975463867188,233.7178130245382,224.04963011165262,228.67354367868484,481115
2016-07-15,231.36383056640625,233.59171105940194,228.79964492569147,233.59171105940194,210733
2016-07-18,234.05409240722656,236.23994758737382,230.85939875226714,230.85939875226714,639170
2016-07-19,231.91026306152344,235.35718520392626,228.71554409636659,233.297431849332,327646
2016-07-20,233.97000122070312,236.6182629825819,231.95229874308802,233.63372175051379,405662
2016-07-21,231.4899444580078,238.34173887460574,230.4810802742527,233.8859776520648,675246
2016-07-22,233.33949279785156,237.75322866910838,224.76424992758447,231.61604429166778,375013
2016-07-25,234.64260864257812,235.81959973097295,231.1956860107578,233.08728707811855,392683
2016-07-26,240.35939025878906,254.23112871257146,234.09610556293683,234.55848658213898,2251385
2016-07-27,259.6116943359375,263.563048548053,241.32621967590512,241.5784485133787,1615063
2016-07-28,268.2710876464844,271.54985788908067,260.62060664277095,263.1427415457655,1841800
2016-07-29,278.90606689453125,285.8419374352393,274.36622949009137,276.67818633699403,2801296
2016-08-01,298.8309326171875,334.68727532222135,279.2003126681117,279.2003126681117,6637764
2016-08-02,304.6318359375,327.87750521434947,301.2689897301733,304.3375817630628,5032368
2016-08-03,292.5256042480469,314.762410124212,289.4149611423844,309.29778485935947,1820593
2016-08-04,302.7822570800781,308.28893308061487,290.46583810642727,298.4946230794832,1250266
2016-08-05,296.4769287109375,309.3818563843527,289.2047787940689,306.27121332659163,2831915
2016-08-08,336.1164855957031,342.00146676380734,287.52336564166376,290.9702883142783,5461511
2016-08-09,319.2601623535156,338.3863471949705,316.5278502333078,337.96599148416925,2173829
2016-08-10,329.0965576171875,337.9660545064432,321.19384825528465,322.32881401738615,3288202
2016-08-11,309.6761169433594,326.8686534337021,305.5986606316952,326.8686534337021,1156538
2016-08-12,310.2646179199219,317.7469719793838,301.4791967482859,311.0633042339265,961017
2016-08-16,307.28009033203125,312.7447157414928,302.8663544243892,311.06329253858155,810487
2016-08-17,301.2690124511719,308.83541698829725,300.2181229321267,307.3221206869827,502318
2016-08-18,302.10968017578125,305.17827199429036,294.33309886463195,304.08535731585545,886530
2016-08-19,294.1649475097656,303.9172060009823,291.7268893010812,303.9172060009823,813453
2016-08-22,287.69146728515625,296.77114064572055,284.370646808541,296.0985817510407,851607
2016-08-23,281.0918884277344,289.8773079985484,280.08302438929223,288.8264186487038,748644
2016-08-24,282.9835205078125,286.89282418964996,279.95695371473533,281.21802107381075,787271
2016-08-25,273.9037780761719,284.66489994868357,271.97015201838474,284.1604679512026,990183
2016-08-26,282.10076904296875,287.9437249654443,274.07198347075865,276.55209297028017,2293655
2016-08-29,285.3796081542969,286.47252314508063,278.44373635401246,280.79771894484793,1152717
2016-08-30,297.7799987792969,299.6295485314773,286.5985213660088,287.3131312128299,1182006
2016-08-31,315.8973388671875,322.2447002837639,300.302151163082,300.76453221486713,2225380
2016-09-01,305.51458740234375,316.78011760387835,302.0256394268305,316.78011760387835,777742
2016-09-02,302.69818115234375,307.82652670200144,301.26898692144255,303.4968673817298,560280
2016-09-06,301.1429443359375,308.751375037508,299.5455715641291,304.8420707231293,700729
2016-09-07,309.550048828125,311.81995495549177,302.10974537715146,302.6562028343055,1165248
2016-09-08,315.056640625,319.3022235182621,307.95261805211805,311.90397243995994,1111549
2016-09-09,308.0367126464844,317.1164129530368,305.51457794852223,316.9482603772469,644622
2016-09-12,293.4083251953125,301.39508476366626,291.3906226461823,300.9747289969108,425190
2016-09-14,282.3109130859375,293.4083152133313,277.6029491836289,293.4083152133313,1077557
2016-09-15,289.9193420410156,295.51006792450823,281.6383293163877,281.6383293163877,569726
2016-09-16,288.1958923339844,298.36850662927833,284.5808431416014,294.2490254049054,826818
2016-09-19,293.8287048339844,295.9304838385193,288.4481557136713,288.4481557136713,600986
2016-09-20,297.69598388671875,300.80660142532054,294.207035864005,294.249061181581,380026
2016-09-21,305.4725341796875,309.3818375940777,299.5455026036308,302.614120159299,838152
2016-09-22,324.01019287109375,326.9526829930667,306.8596841486043,307.8685481673004,1224821
2016-09-23,315.266845703125,325.35538476562505,310.222576171875,324.51467317708335,1433927
2016-09-26,309.550048828125,312.95492084741727,305.89294791258027,312.95492084741727,408277
2016-09-27,313.83758544921875,319.3442610411029,311.1473241051529,314.42609374823724,760818
2016-09-28,306.2712097167969,316.65400256905224,304.33758339977726,314.426122076013,415555
2016-09-29,287.397216796875,310.93713760025724,283.4458626851448,307.99464749983446,700802
2016-09-30,293.24017333984375,299.67163711204216,280.92375447522323,280.92375447522323,535178
2016-10-03,295.1738586425781,299.2933405013279,292.5676474563542,298.20042564411284,914692
2016-10-04,293.8707275390625,297.6119043964696,290.12957633813716,295.93048120778894,355676
2016-10-05,290.634033203125,296.56104018591975,289.3729657041062,294.2490831043853,291600
2016-10-06,286.892822265625,292.5676253434066,285.0012212396978,292.5676253434066,274981
2016-10-07,284.8751220703125,289.7932899110473,282.773343134655,289.7932899110473,192175
2016-10-10,288.9525451660156,291.26450172983414,280.92373515959537,285.33747041779435,371824
2016-10-13,288.3640441894531,295.2999140569837,283.82420722563796,289.2047556885477,874215
2016-10-14,294.33306884765625,295.930415390343,289.2047241314716,290.71799440212726,675983
2016-10-17,291.9790954589844,300.13400732105566,290.5499012942001,300.04993103924977,309914
2016-10-18,295.5101013183594,297.90613429818256,292.9459414272642,295.08974555545984,751137
2016-10-19,289.709228515625,298.41059888786117,288.06983059894196,298.41059888786117,347117
2016-10-20,293.6185302734375,296.3508430104129,290.46586173077355,290.46586173077355,553749
2016-10-21,290.9703063964844,294.2911020109662,290.12959474879534,293.4503903632771,134688
2016-10-24,307.4061584472656,309.2136830621585,291.34856347773507,293.15611374910713,1597576
2016-10-25,310.9371337890625,317.2424696412546,308.70925358591677,310.22252392785197,1128239
2016-10-26,305.43048095703125,310.2225468209217,303.58093103111923,307.28005653942245,208112
2016-10-27,299.8818054199219,304.0853629634785,297.2335436422979,303.8331341169776,210513
2016-10-28,301.73138427734375,309.71814437592855,298.57871581737606,299.2933257995984,386541
2016-11-01,304.1274108886719,314.1318734548883,301.52119988659507,314.1318734548883,284010
2016-11-02,296.4769287109375,306.43936590243635,287.73353355311065,302.57208756633577,311317
2016-11-03,295.1738586425781,300.09202681301167,292.5676474563542,296.5190023828694,235472
2016-11-04,288.86846923828125,298.2423970953235,282.6051584588185,295.5521101006532,278305
2016-11-07,297.4017333984375,300.13404614344086,291.8530316157497,297.6119113018993,198691
2016-11-08,304.2114562988281,314.2579431612683,298.36850120933514,299.2932889751045,929654
2016-11-09,301.4371643066406,309.3818999901778,243.80638857921625,274.0720092304293,1124609
2016-11-10,297.9061584472656,311.9040013552268,290.46585570951714,311.06328976127736,595740
2016-11-11,287.0609130859375,298.4525421065699,270.33073597506495,292.5675624030601,1636968
2016-11-15,271.1294860839844,286.8508029815243,245.6138843553271,282.5631687679696,1649952
2016-11-16,260.410400390625,278.6958764471096,255.57630901937046,273.27327673328415,1110309
2016-11-17,265.53875732421875,271.97019577144346,256.71128574585657,259.77987787751476,476145
2016-11-18,253.6847381591797,267.346302351679,248.00993457152612,264.4878878980835,678679
2016-11-21,243.3019561767578,259.6117577122759,235.39927147980413,259.6117577122759,954647
2016-11-22,249.06082153320312,250.9524227094047,236.744401228343,243.3860180045985,436999
2016-11-23,249.10279846191406,253.34840678208758,243.09171657876414,251.28865341664442,240348
2016-11-24,242.2510223388672,250.86831552494795,239.47668455130628,248.00990145305616,428309
2016-11-25,242.41915893554688,248.76652030889147,240.44348183809905,245.48775068784937,293613
2016-11-28,240.02317810058594,244.64709221460774,238.59395802093118,242.1249572433231,170094
2016-11-29,259.5277099609375,263.73126842705904,239.6448578909948,241.28425595537612,1392237
2016-11-30,254.69358825683594,261.88166213964934,252.2134787861791,260.20023894774147,347415
2016-12-01,253.81085205078125,258.43476630881844,251.6249965429577,256.75334294225945,601939
2016-12-02,248.43031311035156,255.57636272604694,241.15816186802925,252.21351584807263,555991
2016-12-05,246.4966583251953,251.79313129177822,245.06743830234842,251.79313129177822,125092
2016-12-06,250.6581268310547,257.5519713451681,247.25325554258959,247.25325554258959,299710
2016-12-07,251.16256713867188,258.5608182679472,249.64929666201812,252.1293802574495,288090
2016-12-08,251.28868103027344,255.5763151325432,250.5740710704817,252.2134688807992,169654
2016-12-09,255.28207397460938,256.3329634818789,250.5320585330477,250.5320585330477,193100
2016-12-12,249.69129943847656,255.2820254225544,248.72448640696308,253.05414522215975,695661
2016-12-13,243.55413818359375,250.74221143403116,242.12491833361602,250.74221143403116,276656
2016-12-14,233.97000122070312,244.1426155469248,229.7244183895447,244.1426155469248,410404
2016-12-15,227.5806427001953,236.40811459009123,224.6801773880652,234.97889459294376,676052
2016-12-16,226.9500732421875,231.111579655113,226.1513870772787,227.83281002952614,361413
2016-12-19,224.51199340820312,226.99210256923624,221.31730000500534,223.04074829895808,269430
2016-12-20,224.34388732910156,226.99212364027522,220.26643108797077,225.47885307859914,301691
2016-12-21,225.39476013183594,233.67577360612063,221.9478378222402,224.3438707482079,339711
2016-12-22,228.63150024414062,231.86821895936575,222.1580115007331,226.1513910830547,334746
2016-12-23,231.1956787109375,233.4656101826917,223.92352885732598,227.83283247514206,203242
2016-12-26,226.6978302001953,231.19564144691236,222.7885272124792,231.19564144691236,216327
2016-12-27,228.92572021484375,230.18678740439995,223.62924828129877,224.55403601826885,138249
2016-12-28,230.7332763671875,235.02088439778348,226.15138853028373,229.093878715622,638558
2016-12-29,236.99658203125,238.08952244575312,228.25318699762778,229.51425432910636,245925
2016-12-30,237.66917419433594,242.9656468916655,234.8527852668906,237.0806658250854,242396
2017-01-02,239.77093505859375,241.28420552753354,236.36603801876007,239.60278249249848,144601
2017-01-03,240.90591430664062,245.4037267889944,237.92139819610273,239.60282150490912,285215
2017-01-04,241.20016479492188,243.30194389849646,239.89707201329892,241.2842410903615,223054
2017-01-05,246.2444305419922,248.51436219863746,241.28423707147104,243.8063719537512,285723
2017-01-06,248.13604736328125,250.53208078395488,245.61391232183206,247.1692340620226,345224
2017-01-09,245.3616943359375,248.93471876327936,244.1426522098983,248.05195615792871,129404
2017-01-10,242.20899963378906,246.32848104557607,240.61165284021615,245.48776950617136,272573
2017-01-11,243.00767517089844,245.48778462750184,239.770956070002,242.9656498539316,604799
2017-01-12,244.5209503173828,248.68245694058686,242.46119683421028,243.34395932263254,278627
2017-01-13,249.94357299804688,257.4259274990827,247.12720938625782,250.36392883938666,608217
2017-01-16,254.48341369628906,256.7953706154918,248.05194937768488,248.05194937768488,272655
2017-01-17,260.9989318847656,262.97458366047226,255.57633168993553,256.4170433073366,606718
2017-01-18,260.95684814453125,266.5055492539858,260.116136632689,263.98341471845913,279067
2017-01-19,256.75323486328125,263.9833574272982,253.93684677854242,263.9833574272982,203127
2017-01-20,248.13604736328125,256.20688462721563,240.6537185382788,253.30641906695527,376263
2017-01-23,248.7245635986328,251.16262241715927,244.0585982318037,247.96792819377777,275683
2017-01-24,251.2466583251953,253.89489464466297,246.2023888951689,250.40594675352426,244295
2017-01-25,270.3307800292969,273.0630924797669,251.37274544324282,251.37274544324282,1013430
2017-01-27,269.6582336425781,277.4348155948582,266.3794636804805,269.8684115331803,465915
2017-01-30,269.0697326660156,272.7688841672542,265.66486100746823,269.0277073493349,249455
2017-01-31,256.9634704589844,271.4657441508945,252.29753179461377,271.4657441508945,474182
2017-02-01,272.1383361816406,276.5940970879425,258.09844317932624,259.73784094745474,611220
2017-02-02,291.26446533203125,298.45253730596517,272.39048475248654,276.59404161595086,1167810
2017-02-03,288.7843933105469,300.7645318976656,286.304284182552,290.46581627014245,518895
2017-02-06,296.0986328125,297.94818292005846,289.5831179778555,292.65171015577886,255027
2017-02-07,286.17816162109375,295.59413976742917,281.34407096649255,294.83750462235207,346808
2017-02-08,278.9901123046875,290.5078442914708,275.66929166591746,289.62510749204,375354
2017-02-09,285.001220703125,293.15613315102803,279.1162397446534,285.001220703125,930709
2017-02-10,286.5565490722656,288.02779434701023,283.36182965321706,287.271159051295,246589
2017-02-13,276.3839111328125,291.2645152419466,273.315319227957,287.5233387298004,460874
2017-02-14,281.6383972167969,285.84195538421176,278.7379318186874,285.84195538421176,784522
2017-02-15,278.9480895996094,283.10962214766863,273.5255153487988,282.47908846805245,271006
2017-02-16,292.65167236328125,294.92157797349176,279.1162123557001,280.0410001182948,747624
2017-02-17,292.9039306640625,300.0499796142937,288.70037245804417,294.249074421285,601310
2017-02-20,294.5853576660156,298.8729922215883,291.47473994817614,293.40836648476596,219328
2017-02-21,294.33306884765625,296.60297425363973,291.8950108976106,294.58527200727355,198609
2017-02-22,294.5853576660156,296.8552893885198,292.7778327459019,296.8552893885198,148297
2017-02-23,297.35968017578125,306.5234307754826,293.4924019836974,294.8375455709196,702280
2017-02-27,299.12518310546875,303.49689377703845,295.2579301919445,297.990242947555,237665
2017-02-28,299.5455627441406,301.6473419541233,292.56766602959186,299.1252069021441,157822
2017-03-01,301.6473083496094,306.0190188819441,299.37740244959383,300.0499614592692,350158
2017-03-02,297.9061584472656,305.1783086036316,295.9304810701882,302.6561738217834,184250
2017-03-03,292.0211486816406,298.3685103315438,290.0454714981112,298.1163071406589,160891
2017-03-06,294.3751525878906,296.3088046025251,292.5676278345767,292.5676278345767,317329
2017-03-07,295.384033203125,296.7712022466357,292.1472883306116,292.60966945962105,131884
2017-03-08,296.3088073730469,297.8641032747431,293.70259633724663,295.38401950144276,148269
2017-03-09,295.80438232421875,298.45261873948397,292.021180114845,292.9879933259441,104208
2017-03-10,284.7490234375,288.36407298197,273.23126448728937,288.36407298197,763852
2017-03-14,286.640625,294.2070292605563,284.8330745681264,292.3154281954172,162970
2017-03-15,288.9525451660156,289.9613835454313,285.4635720081615,287.2711222105113,106984
2017-03-16,293.072021484375,293.82865667068637,289.9613788049554,290.88616654665947,193947
2017-03-17,293.492431640625,297.52783715358277,288.9946193428292,293.0720758306718,463719
2017-03-20,289.8772888183594,296.60298021234894,286.2622399566806,294.24899848704325,348700
2017-03-21,294.7535095214844,296.35085652464676,289.28888379833484,292.5256287810355,336326
2017-03-22,291.81097412109375,294.75346444510495,286.7667049942174,291.7268978376832,86469
2017-03-23,297.23358154296875,300.1340468804569,294.83757396280646,296.7291750986077,178348
2017-03-24,294.41717529296875,301.1008162725581,292.52557443255085,297.5698433936653,144699
2017-03-27,294.33306884765625,298.03219390874034,292.98792546458674,295.005627710953,74998
2017-03-28,295.0477294921875,296.7711779115177,293.0300012418257,294.1649669685341,113002
2017-03-29,317.9991149902344,327.625271628604,295.2999051958224,295.2999051958224,1423757
2017-03-30,319.2805480957031,324.61968769596575,311.2077585920991,321.8860377926242,332618
2017-03-31,315.1800842285156,333.1195924269455,310.8233413091794,322.4413137374039,1352539
2017-04-03,325.1749267578125,328.0367105666024,314.49664841905593,316.077038827195,547342
2017-04-05,338.3733215332031,343.3280327276432,322.5694680822938,326.11465161538604,1371910
2017-04-06,324.7051086425781,340.8079583702059,321.2026279640729,338.3733055772195,927564
2017-04-07,322.14227294921875,330.38589776344435,318.7252242328547,322.0568415173071,652114
2017-04-10,320.5619201660156,326.7126190022706,318.81069292222895,325.6874938395562,247414
2017-04-11,329.01910400390625,332.6497186064666,321.9714403636421,321.9714403636421,2067773
2017-04-12,326.7126770019531,334.14474450595554,320.3484114661507,330.34329233190283,3998068
2017-04-13,332.8206481933594,338.75775644433094,327.1398082435731,327.1398082435731,922344
2017-04-17,337.1773376464844,338.67229665999423,328.5919859554609,333.16229443933713,461511
2017-04-18,338.62957763671875,350.93094980175266,335.0416915431764,338.9712773499108,2408796
2017-04-19,347.6847229003906,351.956033992533,333.16226518710647,336.9637424871188,1111978
2017-04-20,355.8429260253906,358.27757862600305,343.4134208480744,350.24751877539927,1754014
2017-04-21,347.2149353027344,356.56909219702175,343.3280260497508,356.31282392540413,799906
2017-04-24,337.56170654296875,349.8203744514231,336.1948817950899,349.8203744514231,807718
2017-04-25,336.53662109375,345.16464889295844,332.5215781232159,339.142110507172,988587
2017-04-26,332.26531982421875,342.5591697335936,326.8407492042098,337.51902756248893,861874
2017-04-27,342.04656982421875,342.5591323434734,333.2903825261624,335.55417207702317,793900
2017-04-28,336.8356628417969,345.9335784995463,332.1799482801051,342.51652880875446,1791011
2017-05-02,336.28033447265625,339.0566868262232,321.202610751134,339.0566868262232,895957
2017-05-03,337.86077880859375,342.43108785730305,334.9135631040002,336.6648166639832,420757
2017-05-04,341.9184875488281,344.01144062391694,334.9135262203833,337.86074160040357,1001507
2017-05-05,334.61456298828125,342.55919217939754,331.2829190661835,342.55919217939754,540226
2017-05-08,337.0491638183594,339.6546793499932,333.5039806579551,334.01654322729416,250670
2017-05-09,338.4587707519531,341.5340945127125,336.1522518613642,337.4763481433568,488873
2017-05-10,340.6797790527344,345.5490843654953,337.6044557710067,339.6973826671816,1300117
2017-05-11,338.0316467285156,343.37078680149557,336.96381871391964,342.473795627223,329785
2017-05-12,333.76031494140625,339.9109882998981,329.4035716853797,338.28789502765795,373854
2017-05-15,335.2552490234375,338.71500089970283,331.88090252089415,334.01655826427185,385865
2017-05-16,337.26275634765625,342.516490515905,335.93866016851456,336.2803598853882,514200
2017-05-17,337.56170654296875,339.9963590516884,335.38334833885915,339.05666540814576,311597
2017-05-18,323.936279296875,337.8180418736659,320.43379860195824,335.7250887802353,646434
2017-05-19,323.8935546875,342.4737602205547,305.3560779126235,337.43361772674103,3211995
2017-05-22,329.27545166015625,336.5366820414593,325.303110654369,326.4136674135211,1733876
2017-05-23,327.0543518066406,332.94875691388336,317.8283026183308,330.30053836714575,915259
2017-05-24,329.7879333496094,337.77529065355077,327.6095750258141,328.03670615361824,760640
2017-05-25,332.6497497558594,336.06679911353643,330.4713912183473,332.9914494776235,580979
2017-05-26,340.7652587890625,344.6094395060688,332.69249492536073,336.536675642367,891020
2017-05-29,334.0165710449219,340.6371041027176,330.30052469525236,339.14214502515085,365945
2017-05-30,337.4762878417969,338.54411564292906,326.75530714643605,335.29792955549317,248705
2017-05-31,352.5113220214844,354.9459747154854,336.96376428245446,337.51902954634556,1302071
2017-06-01,350.204833984375,357.03893226087445,344.56669769225977,352.46862382446227,987025
2017-06-02,365.7951965332031,369.0413834597012,349.13707852981383,354.26265330008744,1522773
2017-06-05,370.4081115722656,375.6618191214161,364.00114478793216,365.6242378259604,1130544
2017-06-06,362.9333190917969,374.6794249310805,360.8403661687913,370.4508164009325,514532
2017-06-07,375.1919860839844,377.2422102451507,361.1820644976492,363.3177200967839,629866
2017-06-08,372.0739440917969,382.2396865843292,370.40814820513395,379.29247114405433,853515
2017-06-09,381.5989990234375,387.23710963088837,361.1821081709362,374.7221715206854,1619995
2017-06-12,383.9482116699219,388.6893571366589,380.4884336182336,388.6893571366589,1531400
2017-06-13,396.9757080078125,398.0008071432841,383.8200475074499,385.0587382915804,1525493
2017-06-14,407.3976745605469,409.5333302523824,393.2596443086018,398.00078951647043,1277514
2017-06-15,403.8952331542969,411.07105783030164,400.5209124761934,405.73191808328517,655299
2017-06-16,403.0836486816406,411.7117026378777,401.71682386490744,404.23690793544716,494930
2017-06-19,392.70440673828125,407.22686646696224,389.4154915268999,404.10878808096663,486877
2017-06-20,397.0610656738281,403.2544667102702,389.20186896614433,392.70434924903157,396194
2017-06-21,392.19183349609375,397.53097295756857,390.48330886842183,397.2319759337226,341056
2017-06-22,385.4004211425781,397.06109601228843,383.73462534405706,392.96064750975813,354938
2017-06-23,381.98333740234375,387.57877045268697,374.08141205469485,386.12651428511367,396801
2017-06-27,372.5010681152344,381.85525079424093,371.43324023270014,381.2572567520151,562976
2017-06-28,381.1291198730469,387.4506556780824,367.29008625716097,372.4583627433686,745164
2017-06-29,393.0461120605469,396.71942973390924,382.66682973230854,383.90549449657357,830368
2017-06-30,388.8174743652344,392.78978878221756,384.973294077183,391.67925823812027,327367
2017-07-03,390.013427734375,396.97568606935664,385.7848451529612,391.25211845005055,438293
2017-07-04,384.9305725097656,394.66915688114153,382.70948546050084,392.96063239247854,295595
2017-07-05,385.4004211425781,391.2521229553679,382.4105031723952,387.83507384658736,301216
2017-07-06,381.5135498046875,391.2521348466936,380.3175877942686,388.51848504857907,546249
2017-07-07,383.47833251953125,386.85267895566295,379.1643184308204,383.3929010774743,427452
2017-07-10,383.9908752441406,387.83505530776387,380.3602607396076,384.41800636232097,65893
2017-07-11,380.189453125,386.6818522790168,376.3025698126047,384.8451934178852,323573
2017-07-12,399.5811767578125,401.11883841567277,379.37787928806944,382.2823657918142,1067168
2017-07-13,401.20428466796875,405.6891617506481,395.82244259676014,403.21180629040947,960481
2017-07-14,403.93792724609375,409.191635092252,398.04352268528163,402.3148341163072,991986
2017-07-17,400.1364440917969,406.586139905153,396.8475291215441,406.586139905153,327343
2017-07-18,400.5635681152344,406.8424009342063,393.04607066246143,398.08621277761705,488523
2017-07-19,401.9731140136719,406.0735886872832,397.3174001302176,400.22188673026534,895246
2017-07-20,393.0888366699219,403.8525480835073,391.42304063818875,402.8274227793489,540333
2017-07-21,386.76727294921875,397.1038524375139,382.068830097268,393.72950577946955,452339
2017-07-24,394.1139221191406,400.56359213468824,385.656730460139,387.0235293007728,792689
2017-07-25,398.0435485839844,401.3324377438528,389.4154937179251,394.6692019059159,461333
2017-07-26,408.0383605957031,412.9503685584495,398.94047280044543,400.5635658697847,1687894
2017-07-27,397.531005859375,411.71176665673147,395.2244869931112,411.71176665673147,947528
2017-07-28,399.36761474609375,405.56101625819895,394.9254404749223,397.23195905226436,568445
2017-07-31,405.0484924316406,410.04593244734633,399.6239212363023,399.79478413616266,889969
2017-08-01,401.9731140136719,406.9705536724394,400.69172056629645,405.60372878123565,289288
2017-08-02,396.76214599609375,403.93794428897354,395.52345520082724,402.7846849399353,878610
2017-08-03,387.74969482421875,398.72697178418247,380.01863059845715,397.2320125969895,600109
2017-08-04,394.45562744140625,397.10384585534115,386.42556682335936,390.2697472748728,363852
2017-08-07,405.2193298339844,409.27707578517004,395.5234474524111,396.3777097579239,645228
2017-08-08,409.7042236328125,417.7342844178432,395.05362971028023,410.0459233549381,2443765
2017-08-09,390.69683837890625,413.84735016067754,385.9129646490545,413.46292172693387,1062260
2017-08-10,371.34783935546875,389.7998845331179,353.6645989785352,388.817488083292,1501790
2017-08-11,378.3100891113281,386.9381441105028,358.79018908631883,368.1870749909605,1007259
2017-08-14,387.74969482421875,390.5260476004343,379.12163944412976,380.1467647433555,377613
2017-08-16,387.62152099609375,390.9958675297413,380.36029140167653,388.2622177250129,400475
2017-08-17,396.16412353515625,398.0862136223888,388.26219762097793,389.9707221429624,520185
2017-08-18,396.3777160644531,398.9405030217664,385.2723059160956,394.6264887382959,504493
2017-08-21,388.3903503417969,399.70932584188347,385.27229815388955,398.29979825776275,341119
2017-08-22,378.3527526855469,394.24203605925106,375.8753973262632,390.3978558593234,367591
2017-08-23,379.67694091796875,385.52861760690996,377.24228782029644,383.47839302414064,454308
2017-08-24,378.6517333984375,384.4180034501903,376.7296433811865,381.0009545306331,283381
2017-08-28,387.10894775390625,390.3978627525866,377.7974940970053,379.80501567308414,718218
2017-08-29,387.4933776855469,390.82499538300533,381.98337551935384,383.222066260596,428637
2017-08-30,395.5661315917969,399.32490641581944,388.6466280976086,388.6466280976086,425997
2017-08-31,406.8424072265625,409.74689373869126,394.3274701500267,397.82995068083596,546665
2017-09-01,406.5007629394531,411.28463753091313,400.3073606204251,406.628897083774,531267
2017-09-04,395.480712890625,405.7318597305676,389.75714547698453,392.9606288644666,512020
2017-09-05,398.2571105957031,404.74948347901665,393.3023734157848,395.4380292510899,588587
2017-09-06,431.4879150390625,436.7416232390841,393.08881225976575,395.52346515343953,2614664
2017-09-07,420.766845703125,441.653567393756,418.5884874718384,435.41746362065055,1641387
2017-09-08,418.54583740234375,436.1009177883436,415.42775905381774,422.0910208442103,1477425
2017-09-11,429.6085205078125,437.2968814771828,420.7241974905436,421.10862596701907,1116491
2017-09-12,442.5505676269531,448.9148320970587,422.0055700398611,429.6939306276318,2147310
2017-09-13,434.1361083984375,448.91483566206506,431.3597559419166,446.95004281314914,1049586
2017-09-14,433.751708984375,440.84207607398537,429.6939628146541,434.8195369237753,482743
2017-09-15,433.4954528808594,436.44264243435964,426.2769253797873,433.75172116550505,950298
2017-09-18,434.6486511230469,443.3621370774308,432.0858642035242,433.49541786527504,1051639
2017-09-19,435.5883483886719,440.50038276073894,433.9652552072152,438.9199661969286,736659
2017-09-20,437.9376220703125,441.39737421895177,431.31706267461215,437.0406309454671,545670
2017-09-21,429.77935791015625,441.6535983778794,419.4000764311396,439.04810885414,717922
2017-09-22,417.0508728027344,429.6939446425399,414.87248825647276,427.21658914190436,727941
2017-09-25,407.14141845703125,417.05086637690766,390.7823005833216,417.05086637690766,932044
2017-09-26,408.67901611328125,415.42768202905626,399.6238319150204,406.2016610391376,645134
2017-09-27,393.47320556640625,412.52324370083727,389.7144568039643,410.68658503998654,856738
2017-09-28,391.9782409667969,403.04092152833726,388.81746019491953,392.9606373461592,717862
2017-09-29,405.6891784667969,407.824834308452,392.9606748645361,395.09633070619117,914684
2017-10-03,407.35498046875,413.2493850885682,405.6891585659679,410.04590148323047,758971
2017-10-04,404.57861328125,410.4303150012933,402.870088753939,409.1916242909867,595222
2017-10-05,407.6966857910156,412.95039376216624,404.8349018501398,404.8349018501398,401270
2017-10-06,421.70660400390625,424.5256854018557,408.3374034359585,409.9604966874953,1209931
2017-10-09,415.34234619140625,423.7141064143278,412.69412781231335,423.7141064143278,506118
2017-10-10,419.6136779785156,421.70660510014227,414.1891068261046,415.7694973922426,331889
2017-10-11,412.3524475097656,426.27691341163757,408.8499666545041,422.00560165400594,667854
2017-10-12,423.1588439941406,426.57589326257823,410.68660895034014,412.56599647598756,630626
2017-10-13,425.55078125,432.25674586125825,420.2970730508677,425.4653498016365,928052
2017-10-16,429.99298095703125,431.82963988894477,419.8272636889808,426.1060714248224,519160
2017-10-17,427.387451171875,430.12110117037935,423.7995648776088,430.12110117037935,322491
2017-10-18,429.6085205078125,435.58835681732273,421.4503256849876,427.3874332359909,469502
2017-10-19,426.7894592285156,431.4024705310822,424.5256693001282,430.93263668425317,46582
2017-10-23,426.2768859863281,430.6763315996386,419.4427876138018,424.91006109781955,556238
2017-10-24,426.3623046875,429.0959283128022,423.97035468659305,426.23417056084793,279643
2017-10-25,416.4101867675781,427.13116867327017,410.08862461519965,425.080944277642,738808
2017-10-26,415.555908203125,420.21162211785133,402.91281046208786,413.84738359514836,1099430
2017-10-27,411.071044921875,416.32475305395894,410.13135114190464,416.23932160668573,273218
2017-10-30,424.3548278808594,427.13118055446336,411.75445805450266,415.04337335877574,521196
2017-10-31,421.4075622558594,427.0456983835326,416.87998270773636,425.4226053042064,465670
2017-11-01,437.2541809082031,439.34710798466637,420.9804678021416,424.0985461775145,708061
2017-11-02,432.4275817871094,443.23396847561594,423.84223012740114,439.6888112548146,589288
2017-11-03,424.7392272949219,443.020409287153,422.85983980113247,433.1109874326751,705372
2017-11-06,420.55328369140625,430.84715916306925,414.9578765356578,425.8497199238815,458022
2017-11-07,400.1364440917969,424.09851652933935,388.860197712379,422.00556352917425,984576
2017-11-08,405.43292236328125,412.2670212617099,397.23199847116325,400.64904792037754,713702
2017-11-09,418.8874816894531,422.26180179146036,410.0458625639159,412.6086492049404,1495774
2017-11-10,413.2920837402344,418.84478860194076,410.25946305146266,418.67395178666715,665225
2017-11-13,398.98321533203125,414.7443659276279,392.96067626510575,412.608710078361,426861
2017-11-14,385.5712890625,404.066062391357,382.2823740383346,396.8048329403495,611364
2017-11-15,367.3327941894531,384.88787427445396,363.1469140743209,384.41804043082305,780073
2017-11-16,391.3375549316406,394.9254408587516,368.9131701246378,369.2121671360677,1336840
2017-11-17,390.013427734375,399.36760998995334,387.8777720659795,395.3952956607409,779855
2017-11-20,384.1617431640625,389.8852845808296,382.7094869151731,389.5435848958012,309428
2017-11-21,386.4682922363281,391.6365952337207,381.9834147791791,387.40798606040124,571696
2017-11-22,393.7294616699219,395.09628646954917,381.12909361494707,387.7496259828152,578267
2017-11-23,387.4506530761719,393.55864933523833,385.7421284879052,391.2521307130718,367833
2017-11-24,385.3149719238281,390.26970854497586,383.69187888604415,387.8350559532926,401083
2017-11-27,395.6515808105469,397.06110839788334,384.67430499217033,385.95569844793374,640979
2017-11-28,388.1340637207031,397.1892489064703,386.5536733229488,396.63395758049137,714343
2017-11-29,388.0059509277344,394.0284897743271,386.1265634211293,389.0310500558689,455689
2017-11-30,377.9256286621094,388.6893386384069,374.1668798321368,386.98081407296337,843261
2017-12-01,376.30255126953125,385.05874003346474,373.3126331550174,383.5637809762078,418230
2017-12-04,375.83270263671875,381.29997604559486,371.98852235500675,377.3276616351623,224599
2017-12-05,374.423095703125,376.6869112916183,367.63172714768206,375.832649128417,484715
2017-12-06,368.0162048339844,377.5412507600338,366.2649774688459,373.9960412008227,516737
2017-12-07,371.5614013671875,373.3980601157528,368.91318299785263,369.89557943824644,267914
2017-12-08,375.2347412109375,381.6844115937272,371.6041261849922,371.6041261849922,457008
2017-12-11,373.99603271484375,380.01859770394645,372.5438024150019,375.8327175561409,411038
2017-12-12,368.5714416503906,376.64420390860613,367.33275101547247,374.1241460262059,242384
2017-12-13,352.81036376953125,367.33282426367657,349.393314241497,367.33282426367657,1325259
2017-12-14,360.5841064453125,364.51371806932275,353.66457690064465,356.22736368977974,1017541
2017-12-15,367.0337829589844,369.3830042262385,362.97603713372735,363.91573085463216,394785
2017-12-18,375.7473449707031,379.24982624018645,352.1696960661569,360.96858889947396,765312
2017-12-19,379.8050537109375,382.06884377025114,376.51613838286903,377.5412636516239,371199
2017-12-20,379.93316650390625,384.24718078831023,376.8151142525038,379.80503237001625,312358
2017-12-21,403.3826904296875,407.48313926472156,380.1467441777801,380.1467441777801,1702236
2017-12-22,395.8650817871094,402.78461053306916,392.9605956420187,400.905223343298,585421
2017-12-26,396.2496032714844,403.7671016564679,392.91798526154895,398.04355945222454,578429
2017-12-27,406.7569580078125,409.19161059172444,395.0962837133039,396.5485399409045,1234849
2017-12-28,404.7922058105469,413.420260462189,402.4856871170327,409.78964559981625,601464
2017-12-29,405.4755554199219,413.4629123497726,403.46803399926216,406.1589808344092,425163
2018-01-01,401.75958251953125,408.8499758384818,399.8374921854212,405.6891946388267,155817
2018-01-02,392.02099609375,405.3474942700569,385.1441944482612,402.3575759772325,599045
2018-01-03,390.69683837890625,395.52341479250083,389.45814771018956,392.9606280875818,346999
2018-01-04,394.6264953613281,397.2319850503178,388.2622305491816,393.72950426920397,558723
2018-01-05,402.9128112792969,404.8776302244651,394.5837537985173,394.62648255581337,508207
2018-01-08,401.8022766113281,408.59364623052534,397.70180194368385,402.9128071694309,980342
2018-01-09,402.8701171875,406.97056591443965,400.0510358764639,404.4932103889962,459443
2018-01-10,389.0737609863281,406.1590063725757,387.835070267819,403.21179111544177,1038447
2018-01-11,385.35772705078125,390.7395690891274,383.39290812740455,388.9456130530065,1057873
2018-01-12,385.6994323730469,389.2446157401025,381.85525198394674,386.12656352739134,414216
2018-01-15,387.10894775390625,393.2169178543035,385.95568845956177,389.2019007721617,706309
2018-01-16,374.679443359375,391.16669502942074,372.2874933197205,389.54360190216494,489050
2018-01-17,369.2548522949219,375.44825351907036,362.50618583019747,375.02112240016356,992590
2018-01-18,368.3579406738281,380.10404814340154,363.78763182620867,372.4583895806537,468250
2018-01-19,370.96337890625,373.9959994399417,362.6770247237464,368.3578894939241,390996
2018-01-22,370.109130859375,374.7648706888437,366.9483500120272,372.45835211699364,565922
2018-01-23,372.03125,378.31008342869933,369.04133180252586,371.0915562096474,612008
2018-01-24,364.89813232421875,373.39805254622104,362.63434246745925,372.45835881227856,693198
2018-01-25,363.873046875,372.4583727923207,362.2926563635979,372.4583727923207,884228
2018-01-29,358.61932373046875,369.12676626659396,357.2097960684326,365.709716870134,433636
2018-01-30,360.7122802734375,364.5991635701055,342.3456395964004,356.22740289881216,1088278
2018-01-31,354.7323913574219,360.49866141560994,348.1972905054783,360.49866141560994,471658
2018-02-01,373.65435791015625,375.8327426101616,348.6671834214007,353.6646235331555,1678218
2018-02-02,343.4989013671875,368.1443757530871,340.29541750602255,364.5137607104335,1350410
2018-02-05,338.3305969238281,344.2250280581603,331.19752708071934,337.47633456465167,1068692
2018-02-06,334.61456298828125,347.30033765312544,310.5243550055137,327.8658697676359,1298227
2018-02-07,344.2250061035156,349.39328261889364,335.38338603595355,338.8004352547202,688593
2018-02-08,367.9308166503906,374.5086213192972,344.7803009914679,348.11191905182517,1750814
2018-02-09,360.4132385253906,374.8502653549898,352.8103097045972,363.06145671780587,1561318
2018-02-12,356.6972351074219,370.6644297945527,352.81035182884017,363.0615000659978,1087669
2018-02-14,359.17462158203125,364.68459819104515,357.42336809279516,359.55902400404517,596542
2018-02-15,359.9621887207031,364.6438463799131,357.59947499955393,364.46882065791107,628788
2018-02-16,356.76812744140625,364.90631515487763,354.62418277341527,361.7560394671823,362414
2018-02-19,343.9482727050781,358.6932941384,340.40422907416473,357.9057318543275,564500
2018-02-20,333.1848449707031,344.38579559034116,331.30343884309156,343.90451496647756,1680253
2018-02-21,330.2971496582031,336.553932086884,327.27812949284305,335.89762567747323,466980
2018-02-22,324.2153625488281,332.4410641118658,323.0340056843357,332.4410641118658,609493
2018-02-23,339.3541259765625,340.7542515307324,326.4030246871319,326.4030246871319,1549769
2018-02-26,339.9667053222656,346.3547434145908,337.7790173858289,341.2793180841277,518846
2018-02-27,341.93560791015625,346.5297523542466,339.22286965927765,341.8480950559007,408611
2018-02-28,342.8544006347656,343.9045013974372,335.8538000974132,337.07892655558726,356419
2018-03-01,339.7916564941406,345.9609520783887,337.77899441158127,343.02944510191674,502948
2018-03-05,338.69781494140625,342.8106786926665,333.4036211407937,341.27929723073373,486556
2018-03-06,333.84112548828125,346.5297134819381,329.94703090471137,341.2792632776663,529750
2018-03-07,330.55963134765625,335.1537757939175,323.9090549987004,334.62872537331003,742890
2018-03-08,333.6661682128906,336.9039571847889,325.0904418029846,331.21596829725354,442524
2018-03-09,324.3465576171875,338.21650231580384,321.2400519131728,334.7162021624708,608392
2018-03-12,330.90966796875,333.4036375275104,318.39610380398676,327.278111378711,478850
2018-03-13,348.3236389160156,350.9926340404238,329.15949923457055,331.6534686538731,952319
2018-03-14,348.36737060546875,355.54296974229715,340.44792565585783,348.2798577624843,824299
2018-03-15,347.92987060546875,355.28049622072496,343.4669821838289,348.71743286689383,874137
2018-03-16,347.09857177734375,353.53037982055986,344.2545773852229,348.279928635106,823743
2018-03-19,340.2292175292969,353.092833290346,337.82276079683476,350.03007017630335,817041
2018-03-20,340.7980041503906,349.0674477197269,337.7789844107643,337.7789844107643,655410
2018-03-21,345.17340087890625,348.279906954851,340.62299945270286,343.02945609623515,497807
2018-03-22,340.5792541503906,349.505004528563,338.5228222365127,348.2799046772657,693589
2018-03-23,333.753662109375,336.9039380398737,330.47213024535023,336.9039380398737,459894
2018-03-26,336.1600646972656,338.65403385349987,330.69084580428273,333.4035837162363,475925
2018-03-27,353.0928649902344,355.280553125242,339.48545547255776,339.529198553187,1011803
2018-03-28,356.5493469238281,360.5309277987603,349.15495192161495,350.86135898525544,933515
2018-04-02,361.9748229980469,364.425049390665,350.29256464522257,357.6432171179033,1034785
2018-04-03,364.73126220703125,366.56892511300566,356.1992806555228,358.8682755229432,601937
2018-04-04,363.418701171875,373.21955358947133,360.79347570700185,365.78141477233066,593492
2018-04-05,378.68878173828125,379.7388826296775,366.61275501309933,369.2817236130669,521511
2018-04-06,373.8320617675781,378.81997339238643,370.7255294023561,378.81997339238643,333690
2018-04-09,372.1257019042969,377.4198957995842,370.5943204149788,372.7820082568618,447211
2018-04-10,381.2264404296875,384.15794719005356,373.65704658349176,373.65704658349176,1105855
2018-04-11,379.9138488769531,385.38306824551796,376.80734295767735,382.4078182500532,766258
2018-04-12,375.05718994140625,381.138945810446,370.11302101041065,381.0514596653445,348349
2018-04-13,377.3324279785156,381.31400936207365,373.6571015435581,375.3635088251831,310889
2018-04-16,387.6145324707031,389.1459139203704,373.4383049402856,377.1136311015563,590705
2018-04-17,384.7705383300781,389.4521688261098,382.10154320912017,388.53335063842604,409120
2018-04-18,375.2759704589844,390.80855383509163,373.2195385864651,386.2581525301627,909904
2018-04-19,374.6633605957031,377.98866166040176,371.77562374164773,377.98866166040176,488115
2018-04-20,379.2138366699219,381.4452677090671,372.43200398779686,373.65710390546826,374967
2018-04-23,383.2391357421875,384.94551609736334,374.6196410031804,376.28227828713574,895976
2018-04-24,389.7584228515625,393.3462359060895,379.87008544522433,384.7705110778584,658358
2018-04-25,383.5892028808594,397.9404302069925,381.5327709076388,389.88972802870643,1003372
2018-04-26,388.0520324707031,392.03361317241723,379.78256276077923,385.90808796659826,649034
2018-04-27,393.2150573730469,395.0089509007584,385.9519169883838,388.0958619699502,401947
2018-04-30,394.5276184082031,401.6594752086733,392.0336490054153,395.2714375922167,369288
2018-05-02,388.3583068847656,400.2155901521919,385.25180105632904,396.2339825452016,374336
2018-05-03,387.4832763671875,393.7838283020909,372.1257177454759,385.4706141490468,947412
2018-05-04,387.1332092285156,391.8586093094423,383.50165299526515,387.4832339187376,401416
2018-05-07,386.30194091796875,393.78382287043723,384.5517905941001,387.2207591559299,1004842
2018-05-08,387.4832763671875,390.98357706320604,385.9081517360491,387.6583020840584,268274
2018-05-09,382.6703796386719,390.1522887265897,381.66404848560956,386.78324381835836,368136
2018-05-10,379.69512939453125,385.9519118233953,371.33817179652647,383.63296785111123,1040195
2018-05-11,381.0076904296875,384.1579661078249,375.3197023210295,380.08887226343484,256285
2018-05-14,378.1199645996094,385.4705902647585,376.71983906692066,381.5327522257315,1562137
2018-05-15,373.00079345703125,386.9582531845902,368.8879294512122,380.6577012406067,759321
2018-05-16,367.0939636230469,382.40777616989624,358.4744695056434,377.944888315209,1638626
2018-05-17,362.36865234375,369.7192788182733,339.179159116095,357.0306881842734,3578981
2018-05-18,360.44342041015625,373.1757788578282,357.9494510890517,364.0312335821688,958995
2018-05-21,349.3737487792969,362.8061574860479,347.7986242132694,360.4434439318328,1415465
2018-05-22,347.361083984375,355.8930665128987,344.16703839160925,349.1112342466363,557826
2018-05-23,349.5050048828125,352.61153764676476,347.01103539771674,347.40482989200643,804520
2018-05-24,349.0237121582031,353.3990876980949,344.29831191615455,352.6552685152787,498369
2018-05-25,349.85504150390625,354.2304173441511,347.53609764961146,349.89881128541356,574658
2018-05-28,349.85504150390625,355.23677515154725,347.6236105074513,351.8239606320164,1063142
2018-05-29,347.01104736328125,353.44285519235893,339.3979094209478,352.6552928817968,839344
2018-05-30,345.65472412109375,348.8050003655113,341.10432213413753,343.9920864853442,205617
2018-05-31,340.9729919433594,349.8112553944216,338.65404837433687,345.65464885752726,371423
2018-06-01,335.7225646972656,346.3547220721578,332.834827481182,341.27929705444313,484523
2018-06-04,327.7593994140625,337.38522643597537,322.94648590310607,336.68517697099725,593758
2018-06-05,333.0536193847656,335.5913320698126,325.17794275209724,328.15319302784803,779013
2018-06-06,332.6597900390625,336.37885917063005,331.215921481959,336.0288344757523,588475
2018-06-07,336.9039611816406,338.61036855021564,331.56599697512996,332.5285850623985,1377155
2018-06-08,342.8106384277344,345.65463223728165,333.4035819807704,336.9038820540593,379792
2018-06-11,345.7859191894531,348.2798885565838,339.5291375878254,343.02943797532873,430195
2018-06-12,346.13592529296875,348.6736643017211,344.47328803925495,346.52971974747754,800613
2018-06-13,339.61663818359375,349.5487455157722,337.9540009005599,346.3547001632934,1133271
2018-06-14,337.0789489746094,341.32304196851527,334.40995381912666,336.02884814209597,458136
2018-06-15,338.7416076660156,341.8043707973446,335.8101004707086,339.4416571282493,384864
2018-06-18,341.4105529785156,344.9546232402309,337.77899656887456,339.44163395706494,280823
2018-06-19,338.69781494140625,342.15437235183816,336.0725895780929,341.7168347912859,401947
2018-06-20,339.5291442871094,343.0294447436775,337.69148120637647,337.69148120637647,226364
2018-06-21,332.35357666015625,340.3605367398893,328.5470206021324,338.6541292823644,307097
2018-06-22,336.0726318359375,338.65411444986114,328.06569881207304,330.997206177416,2100797
2018-06-25,333.3161315917969,336.5539204483261,331.4784683679607,333.40364445106053,511730
2018-06-26,343.904541015625,345.3921794832587,329.72831261230033,331.6534886639233,526578
2018-06-27,337.2977294921875,345.74219940479804,332.74732799986316,345.74219940479804,408459
2018-06-28,327.5406188964844,338.43531522710606,324.39036971164495,335.1537834052531,765949
2018-06-29,332.0910339355469,336.378897016868,329.5970643080393,330.77842115319294,295285
2018-07-02,337.8227233886719,340.22917985465955,327.27807937432203,331.6971978388851,347874
2018-07-03,339.83544921875,342.898212328244,332.57230925027346,337.6039915015851,207448
2018-07-04,347.71112060546875,349.76755257509666,335.50381142600656,339.79167437437826,637813
2018-07-05,358.1244812011719,362.63111258142277,348.279886421665,348.279886421665,1570323
2018-07-06,354.0116271972656,363.15617283382517,352.7427843032393,358.9995660363296,527736
2018-07-09,357.46820068359375,362.1060883212866,353.5303624875688,353.5303624875688,412848
2018-07-10,366.3501892089844,370.15677127590595,359.1745893350139,361.44976325531366,739337
2018-07-11,356.8993835449219,365.78139043576044,356.1555643716615,365.78139043576044,495324
2018-07-12,353.6178894042969,362.1936155789947,350.03007578645065,359.655902870578,312133
2018-07-13,343.904541015625,353.6616237975524,341.3668283695218,351.7802175274332,191545
2018-07-16,339.5291442871094,345.6546700861036,331.7847241859177,345.56715723365477,1743538
2018-07-17,353.3553466796875,354.5804732947104,337.29773850547133,340.22921899165783,299703
2018-07-18,350.46759033203125,357.9057289533103,343.24822049373097,357.03065382139516,367340
2018-07-19,340.6230163574219,353.53037535876285,337.86653486088244,353.53037535876285,235039
2018-07-20,341.14801025390625,344.69205348974765,329.9470337001258,340.1416792972623,867368
2018-07-23,345.87347412109375,348.27993093028545,339.13538437328674,343.64204303464095,909896
2018-07-24,358.4745178222656,362.0623311578555,345.9171845002878,346.0922102064818,515047
2018-07-25,344.123291015625,360.79346137321915,342.1543719951923,360.5309495192308,1107143
2018-07-26,357.2056884765625,361.23101282005325,338.39157266916027,342.15438514857095,2762257
2018-07-27,360.88092041015625,362.981095044396,343.20442164137125,357.1618517039425,900578
2018-07-30,359.1308288574219,362.76238531444653,352.5240222924193,361.0560048300289,512570
2018-07-31,354.0116271972656,361.01222811936344,350.99263407271485,359.6558723727763,650997
2018-08-01,350.64263916015625,357.3807020970741,346.9673126817098,354.01165727602745,331885
2018-08-02,353.3991394042969,357.8620284489911,346.8360751342103,350.6426577518959,746798
2018-08-03,361.5372619628906,365.7813814184695,354.40540544134006,355.10545481940227,820646
2018-08-06,372.0819396972656,378.64500288544525,359.91837455770144,361.62478166869715,996856
2018-08-07,367.61907958984375,377.41990534628354,365.1688531218529,374.3571422901759,467060
2018-08-08,367.48779296875,374.2696248837918,364.03123569772436,368.4066111267835,543828
2018-08-09,373.04449462890625,374.5321329418187,367.5315323260838,367.5315323260838,534304
2018-08-10,361.58111572265625,376.28236971793694,358.60583841190675,376.28236971793694,469306
2018-08-13,359.9183654785156,364.0749720595095,354.58042891758726,360.1809040225236,282779
2018-08-14,359.3496398925781,360.9685344182773,348.3674563759837,359.65592156584717,537090
2018-08-16,360.3559265136719,363.9437398743825,354.66793818979545,356.59311415071534,239443
2018-08-17,354.84295654296875,363.15617007480154,353.96788143435475,363.15617007480154,315217
2018-08-20,348.804931640625,356.9868889658571,341.27928062428583,353.2678198821309,899544
2018-08-21,355.45550537109375,357.2056555172731,345.5233979504916,348.8049294745779,415093
2018-08-23,357.64324951171875,359.5683989533188,352.1302596578649,355.2805357593277,416629
2018-08-24,356.5055847167969,359.91837221136757,353.0927972222262,354.4054098513051,340424
2018-08-27,358.9558410644531,361.2747848958056,354.0991579067257,356.15558987233055,499392
2018-08-28,358.2120056152344,360.5309493415666,354.7992179892008,359.43710544186524,249326
2018-08-29,358.5182800292969,363.41867923714904,356.63684719555516,358.1682286243022,291857
2018-08-30,357.9932861328125,361.58109995892806,355.89311089721565,359.21838612814594,248167
2018-08-31,358.2557678222656,363.02493816173654,353.2678553963455,359.5246374957541,394622
2018-09-03,353.7928466796875,362.98113508507566,351.8676975130905,362.98113508507566,601928
2018-09-04,349.8987731933594,357.5556800802116,348.27987896767627,353.53032940437487,813483
2018-09-05,382.2327575683594,387.13318301516813,351.12385132894696,354.40538264977823,10490368
2018-09-06,394.5276184082031,400.74065702588604,380.70141565678335,386.7831983490928,5393398
2018-09-07,408.7038269042969,411.2853092079909,389.4959439122618,393.6962938348698,2905981
2018-09-10,396.71533203125,415.09191052577853,394.65890004916065,410.2352273291197,1917524
2018-09-11,382.3641052246094,398.9905334116062,379.82636587403323,396.6715628529642,2537875
2018-09-12,394.7463684082031,401.74696895029433,382.53906053086286,383.72041721337513,2184014
2018-09-14,398.552978515625,402.0532790345277,390.4147637860721,396.01523927528166,931658
2018-09-17,393.3462219238281,399.7342588948055,389.5834100157462,397.28405951817126,724591
2018-09-18,388.57708740234375,397.28409532783115,386.1268878048579,390.2834945291029,410766
2018-09-19,402.5345153808594,415.66064088240915,391.7273333768826,391.85858929086396,3901764
2018-09-21,400.2156066894531,419.46725909934753,362.28109534983116,406.16610675226036,4126022
2018-09-24,377.638671875,396.40904460283303,374.0946281847928,395.53396944918444,1143852
2018-09-25,374.2258605957031,383.9391995317284,361.40601574154715,376.6760868950206,2146742
2018-09-26,378.64501953125,382.9328823283271,363.1561790441644,376.2823059975679,1234890
2018-09-27,364.03125,383.1516467172366,358.7807992788462,379.78260216346155,1784895
2018-09-28,353.0052795410156,368.4941190342205,337.64772267305966,367.53153111170303,2024932
2018-10-01,372.73828125,388.2708655969439,339.7479364901956,346.0922315051445,1048343
2018-10-03,356.2430725097656,369.8942491792997,353.00528401260385,363.156160341497,1176176
2018-10-04,346.96722412109375,356.6367918161715,341.2792368404201,354.40536133428236,837063
2018-10-05,335.7663269042969,354.8429534222397,331.2159256974543,347.53607098854,896852
2018-10-08,332.6160583496094,340.7105032070924,320.8900570862902,332.26603364275286,901859
2018-10-09,326.44677734375,336.9039361746163,311.5267565666582,336.0288610157212,1208718
2018-10-10,354.2741394042969,358.7807705716628,328.1531438155452,328.1531438155452,3176911
2018-10-11,347.6236267089844,356.15560999510797,331.17222346499085,332.5285793566119,1265923
2018-10-12,352.48028564453125,358.91209381079125,347.5361160246795,356.76817555882207,826244
2018-10-15,350.90509033203125,357.0743586695161,348.62988989158737,352.6552404085002,494367
2018-10-16,354.23040771484375,356.76814699734035,351.1239016347863,352.6552831372433,384079
2018-10-17,352.30523681640625,360.7059630271963,347.9298613634086,358.7807871458083,482188
2018-10-19,332.0034484863281,353.9240931820061,321.32754954713727,347.4047737729645,1103180
2018-10-22,349.5050048828125,355.67430063069935,330.7784022649331,336.90392823280223,1170557
2018-10-23,346.8360595703125,355.84932341470005,340.4042515332128,345.65470271367366,712818
2018-10-24,346.6610107421875,352.87404956597095,341.1917911270919,348.9799545179533,715085
2018-10-25,340.3604431152344,345.3921245305595,334.2786609833384,345.3921245305595,2497249
2018-10-26,348.93621826171875,350.16131813840525,338.6540851844142,340.36049241973876,594563
2018-10-29,352.9178161621094,357.0306802688453,343.073220198814,355.411785813846,896203
2018-10-30,346.26727294921875,354.36171868076065,341.27933354609,352.91782321315543,965128
2018-10-31,358.2120056152344,360.31218056162635,338.34778971458843,352.13022285082553,1231070
2018-11-01,373.91961669921875,378.42627527612206,358.78082664715294,360.7934888950546,896552
2018-11-02,381.88275146484375,390.06470863020195,376.28227641275794,376.28227641275794,802111
2018-11-05,386.30194091796875,401.2219617468788,380.6576954414226,381.9703081843241,1312400
2018-11-06,389.0584411621094,399.9093683540956,384.595552279267,388.4458778370458,675165
2018-11-07,391.5086364746094,393.60881159928175,389.05843661335416,389.05843661335416,73291
2018-11-09,403.2345886230469,410.84775254720455,388.53333787211676,391.9461253637428,915869
2018-11-12,395.5339660644531,407.4349933932679,393.7838157721325,405.72858617618573,668444
2018-11-13,394.3525695800781,397.6341010478562,387.04568750412477,393.69626328652254,671312
2018-11-14,402.5345153808594,410.41019068178923,393.87127789087066,394.92135190789224,724692
2018-11-15,409.141357421875,411.28530212566307,395.6214629814863,401.6594759057008,535083
2018-11-16,403.32208251953125,411.02275893137977,396.67150684276197,411.02275893137977,515117
2018-11-19,403.4971008300781,413.82297548041225,400.4343382314842,400.87187574556907,428383
2018-11-20,396.4527587890625,407.96001758515143,393.7837904469908,406.0348417053416,505017
2018-11-21,396.2340087890625,398.55297925125467,390.2835085780143,394.9651658717225,848601
2018-11-22,397.15283203125,404.15343270002097,395.6214506349563,396.5840385679468,538913
2018-11-26,401.7032470703125,403.8034488474918,392.0336771006804,398.20294638191353,369859
2018-11-27,404.41595458984375,407.60997338328434,394.4401037300517,401.65947334907094,670377
2018-11-28,395.8402404785156,408.04752252143965,394.0463204385399,401.00317840555016,477504
2018-11-29,389.9334411621094,399.6467793972502,380.7013835144281,398.4216529834065,973918
2018-11-30,396.0590515136719,398.0279707666291,387.00201760903343,393.7838505914416,702937
2018-12-03,392.2961730957031,403.84717558207024,390.3272540381524,396.4090369202119,284847
2018-12-04,389.67095947265625,399.2967862674058,386.0394028865811,392.2961849621334,717442
2018-12-05,391.4648742675781,395.140173879863,385.03306656461166,389.9334927528325,474259
2018-12-06,368.1003723144531,397.634159895275,340.66675984278794,388.53338328547903,7106208
2018-12-07,412.4228820800781,423.27383463507266,377.20110946459664,377.20110946459664,13228672
2018-12-10,406.1661071777344,427.73670330947294,393.6962868537175,397.98414955392377,7586556
2018-12-11,410.8914794921875,415.9231610351584,399.2529919966016,402.622036283799,1990904
2018-12-12,418.285888671875,422.57375122726773,411.28528802464695,413.7792573462564,1408268
2018-12-13,421.1736755371094,422.66131403254457,414.12933098530374,418.2859381108826,1227007
2018-12-14,412.64166259765625,423.84264016880496,407.43498165116137,417.410832688854,950903
2018-12-17,418.2421569824219,423.7113763869144,412.64165494808327,413.03544942727586,990385
2018-12-18,423.361328125,424.89270956963077,413.91052760591924,416.53575293957203,971500
2018-12-19,440.4691162109375,446.28836106814373,422.66133018806556,427.0367062769689,4420035
2018-12-20,437.10003662109375,447.3384265393332,435.3498863243126,435.3498863243126,1887351
2018-12-21,425.8115539550781,441.9129306413727,424.1926596602088,438.412630200649,1550585
2018-12-24,432.5933837890625,438.89390852620113,425.5927829443488,427.03665152753643,1352810
2018-12-26,437.0562744140625,441.47539303792297,418.6359273236678,434.03725460219977,1577695
2018-12-27,431.49957275390625,441.8254491038214,430.0557040608077,439.0252245758796,895299
2018-12-28,441.4753723144531,446.9008484243704,433.4246709975123,434.8247964489592,1509008
2018-12-31,451.5387878417969,453.8139619202707,440.7316041483468,444.23190482929095,1775209
2019-01-01,448.4759826660156,453.0263838063544,446.9883443341277,451.53874547446645,573931
2019-01-02,439.5064697265625,451.14495789439536,435.78740054520284,449.3510646183969,973749
2019-01-03,433.8184814453125,442.6129755308186,432.3746128692825,440.2502887805438,482416
2019-01-04,439.2439880371094,445.23823152979213,428.5243173077554,436.09371211438673,1409156
2019-01-07,449.2635803222656,450.66367912628664,436.5312215199629,444.844435018409,1073922
2019-01-08,452.413818359375,464.6648695335167,446.37580562172536,447.7321613196507,2800412
2019-01-09,452.195068359375,457.4017760065886,445.4569792518249,456.78921274038464,817662
2019-01-10,459.0206604003906,463.70234451082854,451.2762666676284,452.15134181982074,1543255
2019-01-11,470.74664306640625,477.2221665172614,456.96421075847184,457.2267225965543,1436280
2019-01-14,465.2336730957031,471.2279158420923,462.03962778946095,468.1214100873188,613762
2019-01-15,473.9844665527344,475.5158480335431,464.8399207424071,465.5399701658502,806950
2019-01-16,470.0466003417969,476.0408432725432,465.6712249440713,473.24059233593,820323
2019-01-17,466.7650451660156,472.4092364150992,462.60843874858233,469.127705032915,688271
2019-01-18,461.68963623046875,469.74033843996546,459.1082072189756,466.76511492169135,635070
2019-01-21,476.8721923828125,480.32874975305117,458.1018205713168,460.46453405289424,813797
2019-01-22,474.6407470703125,481.0725275755338,468.20891315474665,476.8721778531233,757767
2019-01-23,474.0282287597656,479.5411916311192,470.48418501463476,475.77837909418577,679777
2019-01-24,473.503173828125,480.76634078500734,471.66553725490905,471.66553725490905,685146
2019-01-25,467.7276611328125,478.1848197111161,465.97751085729215,473.4593926030721,417368
2019-01-28,445.4570007324219,470.7904373656744,439.85652503416253,470.7904373656744,2100474
2019-01-29,433.5559997558594,453.2451909036245,429.9244164689096,445.45700059659106,1244124
2019-01-30,437.97509765625,440.8628348708153,430.1431646484595,435.2623594426192,452304
2019-01-31,437.0562744140625,442.17544244392184,433.1621794921147,437.5375550425401,1024259
2019-02-01,431.0181884765625,447.9508953782899,421.78615773923445,437.93130246754504,1079351
2019-02-04,439.3314208984375,441.91290299403556,422.8362774676487,431.41200232883074,498204
2019-02-05,436.48748779296875,441.03788939739286,432.1558816880637,438.41266386526553,396252
2019-02-06,424.3677062988281,446.41958414012663,413.56052281392897,434.03727606126847,2498632
2019-02-07,451.75750732421875,465.45245360772486,424.3676681675504,430.44942391375145,4153472
2019-02-08,453.5076904296875,461.164597889909,445.1069637608669,451.5387713684877,2129475
2019-02-11,442.00048828125,455.6954098022508,439.681544345327,453.50772180512047,910606
2019-02-12,448.7822570800781,451.40748245851756,442.1317074855038,442.3504762670404,647541
2019-02-14,461.29583740234375,463.57101118512753,443.6630536495699,443.6630536495699,1131695
2019-02-15,453.5076904296875,464.22736087399755,446.813370962643,460.28952275159793,918950
2019-02-18,455.3891296386719,460.1582464801398,450.66370246230633,456.789228515192,555956
2019-02-19,454.1202087402344,462.47716480150433,451.53872665577336,455.0390268624073,639503
2019-02-20,454.3390197753906,459.41444486516485,451.36374295879153,453.2014327844607,504918
2019-02-21,467.5964050292969,471.09670577894366,455.0390974540794,455.0390974540794,1727824
2019-02-22,468.38397216796875,474.29072940689224,460.8145507865423,470.4403773981213,1716682
2019-02-25,469.6091003417969,474.9032943141851,466.4150546819928,469.9153552799815,869664
2019-02-26,460.24578857421875,468.9527970508068,454.29528820073836,467.2901328917341,678123
2019-02-27,452.2825622558594,468.07771117421385,449.35108191713107,461.9959283026135,890471
2019-02-28,462.0397033691406,463.7898537606904,450.6199827463486,461.16462817336577,768101
2019-03-01,464.4023742675781,469.30277354802007,462.3021726271908,462.3021726271908,677044
2019-03-05,498.3990478515625,506.53723617636257,459.4144600652392,459.4144600652392,2520463
2019-03-06,496.7364196777344,504.78706815792134,488.5106920788596,498.7928248722794,968467
2019-03-07,501.2430725097656,505.7934743101978,490.61094069288214,494.4174965142937,513822
2019-03-08,499.58038330078125,513.2315331508871,497.08638728274184,503.0806836121257,1469812
2019-03-11,519.7945556640625,523.2948557022044,500.71793113825754,501.8555179685856,2761767
2019-03-12,518.7008056640625,530.2080654836767,514.8067104856533,522.8574127107167,1125370
2019-03-13,518.0007934570312,527.8453898016859,516.3381291546815,521.5448374590362,879215
2019-03-14,521.1072387695312,536.3335673622005,518.175758454614,522.4198514616459,1980768
2019-03-15,522.3323364257812,530.9955476684175,519.3570597907278,523.2948976492927,2331463
2019-03-18,518.5693969726562,529.6828595833049,517.3443240818493,525.0449730038382,422231
2019-03-19,522.9887084960938,527.801622039515,519.8384057669165,524.5200900780915,822797
2019-03-20,519.0946044921875,525.0451050001188,515.9005587392968,525.0451050001188,413943
2019-03-22,520.100830078125,526.7076893764147,517.4756049509663,520.6696502198128,681777
2019-03-25,517.38818359375,519.5321283981109,511.5689124691058,518.4820275336945,448632
2019-03-26,521.4572143554688,526.7514074283891,518.0444004881173,519.3570129893541,796801
2019-03-27,519.7509155273438,527.8453609685741,515.5505653318024,525.0451097014297,1402151
2019-03-28,533.7520751953125,537.033606864998,521.5885097755398,523.6449683347505,2419862
2019-04-01,537.3836059570312,544.7342582762225,535.7209952872153,540.796420264587,681175
2019-04-02,540.0088500976562,545.9594038062301,532.3957390717335,539.9213639473794,985966
2019-04-03,533.3582153320312,552.9599168002484,529.5078639474509,540.490097984036,1703701
2019-04-04,530.5579833984375,540.4463206185789,528.3265527397417,536.508482958407,596132
2019-04-05,539.9650268554688,545.127990803628,528.545308601689,532.0456086586539,880829
2019-04-08,536.9898681640625,550.334763729448,534.1458740271771,550.334763729448,814441
2019-04-09,536.90234375,539.1775711698922,526.5327246610058,536.9898833105814,606254
2019-04-10,533.88330078125,540.796415482462,531.1268462436877,535.5459648467098,354806
2019-04-11,545.1751708984375,548.7903207750946,531.339370408997,539.1499029433586,1216659
2019-04-12,549.6382446289062,553.298014639586,544.5056097825949,544.5056097825949,1170077
2019-04-15,545.0858154296875,555.1279265873314,543.5237092496095,549.9059960961927,628357
2019-04-16,547.9422607421875,549.6829044494315,544.5056485237914,549.6829044494315,242338
2019-04-18,550.0846557617188,556.9579353791886,547.406758857402,548.0762330834813,731261
2019-04-22,526.0282592773438,548.9689227165234,522.6362670740234,548.9689227165234,621370
2019-04-23,523.84130859375,533.6156443904272,522.2792018745263,529.241778265776,550635
2019-04-24,523.7073364257812,532.5443627492957,519.8243535643735,526.6530118669527,423140
2019-04-25,517.8606567382812,532.5444146606973,511.38907248704476,523.9305455533954,1035248
2019-04-26,528.4829711914062,530.9377101505169,511.8354105760653,519.2442481744446,959856
2019-04-30,532.9014892578125,536.0257023439135,517.0572657497285,524.1090827939947,740162
2019-05-02,531.0715942382812,540.0425378970401,526.1174959027235,529.9558038707254,639544
2019-05-03,535.2669067382812,544.4163865526587,528.6167861231497,529.6879556319535,449155
2019-05-06,529.5986938476562,538.5696369082491,525.7603861355857,532.7229066684959,232454
2019-05-07,505.5869445800781,534.8206517151134,503.08753061350694,531.0269645296509,759832
2019-05-08,501.16839599609375,508.88963239787137,496.5713180393394,500.3203844480969,1326524
2019-05-09,505.631591796875,510.3625322267665,500.00801904126985,503.44463170248594,590369
2019-05-10,511.56756591796875,519.2888573560093,506.702763310854,508.7558067710061,729308
2019-05-13,488.4930419921875,509.73768052368905,484.4761965121238,509.51452244146327,905359
2019-05-14,509.02349853515625,516.7894093653564,490.9923176775045,495.41085784657906,3557860
2019-05-15,510.45172119140625,514.2454081856929,507.05972959878665,512.192364943998,817962
2019-05-16,515.1380615234375,518.4854325378818,505.3191065477341,510.58565873657324,792162
2019-05-17,517.1911010742188,523.5287676882382,513.3527391577865,517.0125637438357,1097100
2019-05-20,551.6913452148438,556.8239805965112,527.7688120714614,539.1498731351589,1714555
2019-05-21,553.0302734375,569.0976531776502,543.0774570098525,553.431968827393,2514715
2019-05-22,552.2715454101562,557.0024851084382,548.9687954193743,556.4669275886121,719888
2019-05-23,553.6998291015625,573.8733526563706,551.8253229820506,553.4320502961971,1283494
2019-05-24,572.8467407226562,576.506511118366,550.7540927555573,550.932630100166,1449066
2019-05-27,577.7562255859375,582.2193868496373,571.2846417535728,573.0699062590527,1235902
2019-05-28,566.1073608398438,580.0324015811519,562.0905158780879,575.7477778516684,701073
2019-05-29,561.5996704101562,567.0447060068137,559.1895521446688,565.928915558158,562539
2019-05-30,572.1771850585938,575.1674808476371,556.913197702381,561.5995163007548,963987
2019-05-31,580.8358154296875,584.138565647997,565.5717712797538,570.3920072180379,1296006
2019-06-03,573.4268798828125,581.1481148189272,570.3919089656499,580.2108620151369,555337
2019-06-04,576.3726806640625,585.923857065353,572.1772980038376,572.4450767945006,980250
2019-06-06,564.7684326171875,580.2109595677549,561.4656824124891,580.2109595677549,534020
2019-06-07,549.4151000976562,567.356984904331,543.1666749137673,564.768384303029,1284021
2019-06-10,572.8020629882812,575.747738194282,549.8614057793453,549.8614057793453,1227154
2019-06-11,575.3907470703125,584.406365805895,567.089277745749,573.6947784240193,1219055
2019-06-12,569.677978515625,580.7465870023818,567.9373345310837,574.8552352660399,542207
2019-06-13,572.8467407226562,574.5427637735158,566.8660938109307,569.6779071631589,527774
2019-06-14,566.0628051757812,578.2025828847092,563.3849082268748,572.1773147496698,661811
2019-06-17,554.2353515625,570.5705098314933,552.0483917887783,566.1519695706975,637980
2019-06-18,555.3065185546875,563.6972837637452,551.8699060759072,556.8686250417604,596589
2019-06-19,543.9254760742188,561.7781222666205,535.579385772052,555.2619173027844,969035
2019-06-20,556.154541015625,559.5912080437114,541.3368666977573,549.0134826490474,519052
2019-06-21,556.5562133789062,564.8576824896115,552.3608308660274,558.3414778965611,978849
2019-06-24,548.6564331054688,558.1183131428601,545.9338611631154,556.7793647706661,321889
2019-06-25,570.793701171875,572.3111868879822,549.9060848018082,553.0749183818873,2072164
2019-06-26,571.329345703125,574.4089383201137,559.6805040042134,569.9457764062046,999891
2019-06-27,571.329345703125,576.4173611813729,566.6876464162681,570.3920925975955,891901
2019-06-28,575.5692749023438,579.9878155206688,569.588627816668,571.2846509168573,844283
2019-07-01,563.429443359375,579.7646013699452,561.0639462877206,577.4884002055285,696542
2019-07-02,569.63330078125,570.8383325442711,560.6176822301613,566.7768666414798,562275
2019-07-03,568.4727783203125,575.658510907847,561.8227122083841,575.658510907847,704659
2019-07-04,557.5828247070312,571.0169308103351,555.4404852531682,571.0169308103351,680111
2019-07-05,558.5200805664062,565.9289182847843,553.4320651996313,562.2691473883433,569412
2019-07-08,537.230712890625,561.2425428797724,533.9280170588411,561.2425428797724,819901
2019-07-09,548.4779052734375,552.0930550446805,528.6614581248375,537.4985393273868,678509
2019-07-10,540.979736328125,552.4947135522973,538.882072441541,551.2450066739412,457917
2019-07-11,551.1112060546875,555.9313878051248,542.36336589354,543.6130729114045,514163
2019-07-12,551.2451171875,557.4489231453165,546.3802598040918,551.5575712107028,390402
2019-07-15,547.4959716796875,555.6635786037513,537.3646173806558,551.6021127408686,669794
2019-07-16,563.9204711914062,565.9288939222027,544.1486434043397,545.0412757291382,758903
2019-07-17,565.4825439453125,570.1242426530927,558.4307272083051,563.8758167531445,1554712
2019-07-18,558.7431640625,566.8660956906193,556.3330461071623,564.3221155878425,439237
2019-07-19,541.0244140625,566.8215092692678,529.3309527506707,561.5103361994096,812407
2019-07-22,550.7540893554688,553.4319860622214,538.1679966265103,538.2572380572896,640679
2019-07-23,544.10400390625,553.5212637114721,542.2741185999573,552.8517894909784,511134
2019-07-24,527.1439819335938,549.504409645943,521.9667256072019,549.504409645943,1096600
2019-07-25,531.2947387695312,540.1317655661544,522.7254362759556,523.4395856785496,868340
2019-07-26,527.635009765625,533.1693417509396,520.2707921876232,526.9655354403521,654641
2019-07-29,526.4298706054688,528.9738507308334,510.00541537624895,527.6349023528628,1175094
2019-07-30,537.230712890625,542.5865065403723,524.5999988891411,524.957019109954,1230503
2019-07-31,542.6758422851562,547.1836247081391,531.1162425796782,538.2573013034387,815955
2019-08-01,544.7734985351562,551.557536912809,536.6059454283286,536.6059454283286,1350687
2019-08-02,554.5924072265625,557.939778171293,540.3995871100744,544.9519898021284,961630
2019-08-05,546.8712768554688,558.6539812774542,540.9352494376676,553.6106407664273,1133597
2019-08-06,557.76123046875,561.1978972640353,541.9170082912,544.5502842818865,839726
2019-08-07,559.5018310546875,569.0530061324363,554.9494287984055,554.9494287984055,1202504
2019-08-08,567.1338500976562,570.7936748301871,558.1182866128815,563.250921795647,554058
2019-08-09,578.64892578125,585.1205103734815,569.2762860269837,570.3920764739202,1109675
2019-08-13,535.5347290039062,577.5330654480592,528.8399871324063,577.5330654480592,2254196
2019-08-14,548.1209106445312,551.6021987739475,537.0076264427338,542.4973374586692,1298340
2019-08-16,566.8661499023438,569.5440468906064,550.7541472526875,551.6467795821084,1166807
2019-08-19,562.001220703125,569.2761950472723,557.8951343074012,567.357013992476,441478
2019-08-20,553.8782958984375,560.5730375893936,550.7540831093246,559.6804053639328,512254
2019-08-21,545.5768432617188,555.2172606859206,541.1136820021857,555.2172606859206,611742
2019-08-22,533.74951171875,552.851810859327,529.5541288784424,544.32718301861,785726
2019-08-23,546.246337890625,552.0484477451271,528.9738704807445,528.9738704807445,802343
2019-08-26,557.3595581054688,561.4656443636812,547.5406040704919,561.4656443636812,812998
2019-08-27,567.2677612304688,569.4993417231142,557.8951231613579,561.4656519495906,816840
2019-08-28,556.065185546875,569.3653713379936,551.9144244297152,566.8213916093734,643394
2019-08-29,549.7276000976562,553.1196465462276,529.3309730957694,547.2282404634093,1561677
2019-08-30,542.0955810546875,548.7903232572778,533.3924161913201,548.7903232572778,704359
2019-09-03,541.3814086914062,548.4778453076576,537.944796645005,539.1498282763552,492602
2019-09-04,525.6712036132812,542.5865427675694,518.7533030204661,541.8278270759778,1695362
2019-09-05,527.2332763671875,532.008837257846,522.2791236427327,530.2235727032895,574193
2019-09-06,522.4130249023438,525.7157751274626,497.19616381137206,512.3709120785055,3846318
2019-09-09,541.69384765625,544.5056609770252,514.2900817467349,514.2900817467349,1157319
2019-09-11,539.3284301757812,547.2282039980668,533.0800042655599,543.6130541892572,1150631
2019-09-12,538.3018798828125,547.31749850494,534.3296553822977,538.5696586675995,991414
2019-09-13,534.4188232421875,539.9977735965574,531.6070104708102,535.579234019509,511125
2019-09-16,535.3115234375,544.951939980571,531.1161413406055,531.8748568926003,837175
2019-09-17,529.3308715820312,538.1679517705288,525.6264263203408,535.5792967103183,584668
2019-09-18,527.4116821289062,540.3548482571358,525.7603344501506,531.2946646565406,1090345
2019-09-19,521.698974609375,530.2236024390669,519.512014511005,530.2236024390669,474812
2019-09-20,561.9566650390625,564.0990043955719,514.3347526548023,521.6989692801179,1313245
2019-09-23,575.7924194335938,582.9334774021851,566.8214762569405,566.8214762569405,1142994
2019-09-24,615.8715209960938,623.9498305090144,577.756119881201,581.1034902165499,2401596
2019-09-25,597.3048095703125,614.1309033713588,589.2264452354705,610.6496162833085,1223779
2019-09-26,607.882568359375,611.3638559621423,599.0454872027805,599.8488780286343,911163
2019-09-27,613.9970092773438,623.0572474913782,607.4808054077051,610.5603972551615,1497876
2019-09-30,603.330078125,613.8631263567671,600.3397278019944,611.22985067834,851468
2019-10-01,600.56298828125,612.3457452970588,588.3339151245541,606.1419400423383,1181129
2019-10-03,594.2699584960938,613.059857665558,591.7259782134502,597.5280882100324,915774
2019-10-04,594.4038696289062,600.9200745144707,590.1191910086347,597.0817665256,541720
2019-10-07,598.2867431640625,601.8126513159506,589.7174956776544,594.4930562435892,499850
2019-10-09,612.4349975585938,615.8716645933453,593.6897193099727,598.063639360765,820272
2019-10-10,595.6535034179688,612.7028124796913,591.8598162670081,611.4531055077713,676392
2019-10-11,592.0383911132812,606.3205083508425,584.1386168090366,598.9116709302483,764787
2019-10-14,588.2000122070312,599.9827684062517,583.9153884478458,595.385690680929,632814
2019-10-15,582.7550048828125,587.3520832542561,563.7419468227966,580.4341825776291,1770080
2019-10-16,574.4981079101562,591.8151957629689,573.0699180691191,585.566769865019,722327
2019-10-17,583.8707275390625,586.3701414015347,569.1422955501076,578.0686179676561,828043
2019-10-18,603.2409057617188,605.6064031821174,578.693517173234,578.693517173234,752940
2019-10-22,613.1491088867188,618.9065432626624,604.0442491209767,605.650976260355,835554
2019-10-23,610.5158081054688,621.9861101582004,608.3288483046827,613.149084009193,687845
2019-10-24,597.751220703125,614.1310010457961,595.0733238962392,614.1310010457961,1001303
2019-10-25,591.145751953125,601.500265037892,588.7356338007534,601.500265037892,343226
2019-10-27,593.7344360351562,600.7415782682368,592.3954874951825,600.7415782682368,35204
2019-10-29,631.2695922851562,636.9377857664397,590.4762840620311,593.7344138469915,1674717
2019-10-30,630.2429809570312,636.9823434598248,622.2985867253086,625.3781243618935,1068141
2019-10-31,631.6712036132812,641.4901578986279,624.5747666652097,632.4299191970977,1086375
2019-11-01,633.0101928710938,640.463650495227,630.8678536411172,633.7689085039876,533996
2019-11-04,630.5554809570312,637.5626227464126,629.1272365823238,631.9836708497867,311815
2019-11-05,628.859375,633.9027686433813,624.8425301632363,630.5553979460782,240137
2019-11-06,616.0501708984375,628.6808845830203,605.7402247957873,625.3335136359128,713743
2019-11-07,611.4977416992188,623.7714357335077,609.9356351857638,619.888507049986,300378
2019-11-08,602.4375610351562,613.1044734341057,600.9200752288355,609.667860872044,330246
2019-11-11,597.4387817382812,607.0345788708418,596.1891292194907,602.2143971864473,237653
2019-11-13,580.3001708984375,600.1612373303395,577.9793489733306,597.4387200192095,597227
2019-11-14,635.1077270507812,640.4635195487499,593.823493212273,606.0971843534511,6338305
2019-11-15,626.3154296875,637.3394160006137,624.842564706484,634.6615192947288,1477005
2019-11-18,635.9558715820312,658.0931409790006,627.2527069505694,629.3057502749344,3792367
2019-11-19,632.1621704101562,649.4792033727338,623.4143852556637,638.9015330019463,2592903
2019-11-20,621.6290893554688,629.6181040046707,616.2732961254628,627.5204401156968,1208865
2019-11-21,613.3276977539062,628.5917444210294,611.6317288899755,621.4060645266323,1183967
2019-11-22,611.631591796875,617.8353964575058,608.8197785857714,616.3179108274172,677437
2019-11-25,611.3638305664062,619.3528453667793,606.4543533460019,615.0236008833833,1055345
2019-11-26,608.552001953125,628.4130683901724,604.9368524418718,611.453056601233,3277393
2019-11-27,617.9246826171875,622.7002434202934,608.7752019428268,608.7752019428268,995284
2019-11-28,615.2467651367188,625.7351938496043,612.7920265017881,620.379400464301,568950
2019-11-29,605.249267578125,620.8703314720915,603.017687021844,619.0404463123306,653796
2019-12-02,604.4013671875,611.3192681838036,591.3689561356334,605.2493788511803,1988674
2019-12-03,596.3229370117188,612.9705495214889,589.8513534890277,606.2758079462913,1247444
2019-12-04,599.1793823242188,603.597922743893,591.3242296236576,593.60043090593,1375158
2019-12-05,620.5579833984375,623.1019636505804,599.134808283292,599.1794290017249,1922475
2019-12-06,619.8884887695312,627.4312423227403,616.1840430683726,620.3794256200348,1310419
2019-12-09,612.2564697265625,619.4421482978314,606.900676334519,618.594136781035,643789
2019-12-10,617.0321044921875,628.0114713683158,612.4350261523754,616.0055555092922,1328895
2019-12-11,622.8787231445312,624.7532834081977,612.9259070452825,618.1477834957541,1009404
2019-12-12,636.268310546875,637.8750378359472,622.8788256680184,628.6809357821896,1591846
2019-12-13,640.0172729492188,642.7397902013586,633.3671523129809,636.35750280463,714323
2019-12-16,642.5613403320312,645.5070705120387,633.367238524545,638.8569489706114,895191
2019-12-17,640.19580078125,644.792823750069,637.6964416111614,644.4804242845369,611896
2019-12-18,638.3660278320312,642.9184308883029,631.9836849273424,640.1959131984952,439512
2019-12-19,650.8182373046875,661.2620469000781,634.9740127827014,638.3660593645224,2229155
2019-12-20,653.4067993164062,656.8880868432483,645.5070257895815,650.8181440290674,843803
2019-12-23,664.0291748046875,669.1618104140684,647.5154776266793,653.8531450211347,2266616
2019-12-24,664.2523193359375,667.6889317506981,660.235474158293,664.9217935322116,1016526
2019-12-26,669.9651489257812,671.7057927735448,661.7083003102925,661.7083003102925,1076447
2019-12-27,677.0615844726562,680.6767343107608,665.9483016887452,670.009767666911,1085845
2019-12-30,683.4439697265625,685.2292343982369,673.2233185848353,673.2233185848353,1110502
2019-12-31,679.69482421875,688.6211465422429,678.5790339283134,683.7562899795497,819850
2020-01-01,678.9360961914062,683.3992576296404,676.6152740363049,679.2931708992454,248641
2020-01-02,686.032470703125,689.379841474055,680.4535194182419,682.3280797391302,459220
2020-01-03,688.0408935546875,689.8707786807746,681.1676146714362,681.1676146714362,414687
2020-01-06,674.919189453125,695.3158680581357,673.4017582878315,689.5583794305786,1814426
2020-01-07,669.4742431640625,683.7563603515625,665.0110815429688,681.971095703125,1005706
2020-01-08,666.1714477539062,672.6876523849813,660.9941915188856,662.33313991494,710695
2020-01-09,662.3331298828125,673.8481077072474,660.5478653817806,672.1520846384876,694565
2020-01-10,667.5550537109375,671.8843531196292,660.7264492033405,663.2258087841986,612619
2020-01-13,669.6080932617188,679.6055307138889,667.3318374756061,668.5815443981013,902246
2020-01-14,682.283447265625,685.1398813987349,669.6527334549237,669.6527334549237,672650
2020-01-15,678.5344848632812,689.1121561407957,676.8830823698858,683.7563621811522,991772
2020-01-16,704.3314819335938,710.8923618090009,678.5790627300554,678.5790627300554,1862469
2020-01-17,696.0745849609375,707.143246133853,692.2362773626019,704.3314328856366,487514
2020-01-20,691.075927734375,702.0552939719388,687.1037031594404,697.1458163917155,309286
2020-01-21,686.4342041015625,692.5040925392307,679.8733788200294,690.9419860929657,574086
2020-01-22,676.6151733398438,691.6560033554787,674.383592952839,690.0046556618723,720758
2020-01-23,678.6683349609375,681.837168767682,672.8216042219664,673.9373946103941,857187
2020-01-24,671.2149658203125,683.7564405502003,669.6974797947621,680.0966693844257,1028438
2020-01-27,670.5007934570312,682.8637293791535,666.7963475114087,666.8855889512258,810056
2020-01-28,676.1243286132812,679.0700042288269,666.2607528560683,669.4742072581271,760266
2020-01-29,679.5609130859375,686.8358876311876,676.3474588162758,680.185766550024,510568
2020-01-30,690.2725219726562,698.1723502339083,674.8746153491065,677.5078914361906,1130273
2020-01-31,680.7659912109375,698.440098448003,677.3739451553224,698.440098448003,534770
2020-02-03,668.0013427734375,673.1786535661658,654.0763010434904,669.4742078234293,570401
2020-02-04,687.6838989257812,692.9503964483007,670.9916651550573,672.1520761697176,979958
2020-02-05,678.0881958007812,697.3690330333037,674.9193073291133,688.2195513199068,800891
2020-02-06,681.5247802734375,689.3799338386136,668.5816115583558,675.7226701597801,883115
2020-02-07,679.2484741210938,684.4703506263177,674.1604597548568,681.9709913971673,406092
2020-02-10,678.6683349609375,682.5959389209844,672.0628885506164,680.1858207855898,315966
2020-02-11,667.1533203125,683.2653204386972,664.2522656962449,678.4450848219876,713531
2020-02-12,662.0206909179688,673.6249094828274,659.6551938023539,666.7516306672528,534464
2020-02-13,660.9049072265625,667.644269486609,657.8699359328725,663.1364877419386,405771
2020-02-14,666.7070922851562,669.4742306457109,660.6371490084066,664.8771524691628,665969
2020-02-17,780.0713500976562,787.3016495764974,686.4342046761072,698.0384240009308,19143503
2020-02-18,775.9652099609375,802.3424822537045,755.1668892733221,776.5900634371043,19323677
2020-02-19,781.1424560546875,793.5500660569056,765.6999291076751,776.5900533965217,3876635
2020-02-20,814.7054443359375,835.0128274966142,773.4212038444516,779.2679340338834,9227400
2020-02-24,833.2275390625,843.537430089426,797.4776303027182,805.0650040125174,6900742
2020-02-25,843.001953125,852.0175174254591,827.2469714762119,832.8259232665829,4338699
2020-02-26,839.0296630859375,851.6157555501646,834.611122716344,839.0742838003886,2961194
2020-02-27,830.8175048828125,845.9476331122822,808.9033930342412,843.5375150300916,3546208
2020-02-28,785.739501953125,817.6064827100387,777.8397286964458,807.8321491253373,2605536
2020-03-02,767.7529907226562,804.9757671368856,759.094501322052,787.3909005881831,2891530
2020-03-03,773.0196533203125,782.7493682091596,755.3455428128447,766.7712265613724,2390316
2020-03-04,779.5357055664062,784.6237201085507,759.630017989052,776.5900301415691,2480690
2020-03-05,783.6865844726562,795.5585838599537,775.7867554668935,785.3379325313647,1338135
2020-03-06,776.2776489257812,780.8746722703443,750.3020180654281,758.7374036256559,1002524
2020-03-09,741.1525268554688,771.011085731865,730.4409401361838,769.4489793353026,2006855
2020-03-11,744.2321166992188,764.9411951907169,736.4215847398566,739.8135762943901,2067363
2020-03-12,675.3655395507812,725.35294562432,669.4741884848937,716.1142236160081,2809511
2020-03-13,717.720947265625,729.6822411675655,580.2555812349674,617.0766614217506,2279343
2020-03-16,637.9642333984375,691.789943247639,633.7688512333209,691.6114059142828,2122285
2020-03-17,571.4185791015625,650.5950192046512,554.1461116956459,650.5950192046512,4408828
2020-03-18,536.4719848632812,596.2783459046121,526.6530300654508,583.781494343737,3319559
2020-03-19,521.163330078125,536.0256791958183,431.9893988178159,491.215528256747,4459422
2020-03-20,557.047119140625,567.7140849347666,520.3153364287461,521.1186727276936,3163530
2020-03-23,464.8995361328125,548.724157143846,457.3082306684677,501.34703561134455,2089687
2020-03-24,470.75311279296875,508.06945396245277,436.0891259176918,497.68857925780037,3311278
2020-03-25,549.5015258789062,557.91600798374,456.4850540818585,457.3082032653606,3625482
2020-03-26,554.6234130859375,575.705310161516,531.986656949358,554.2575441926118,3344916
2020-03-27,565.8731689453125,632.4115109988697,557.2300329364914,575.0193328014716,2521378
2020-03-30,559.6995849609375,570.4006093022816,532.3068092971317,557.3673240230993,1903403
2020-03-31,560.797119140625,576.6656927985188,557.0928777237518,560.6599043386075,1189965
2020-04-01,552.8856811523438,562.260500394381,543.7395160381611,551.8338498347081,1558510
2020-04-03,554.257568359375,572.5498973481333,543.0077971960402,554.257568359375,1336172
2020-04-07,618.1434326171875,625.5975781364721,567.9310289189058,567.9310289189058,1880919
2020-04-08,628.4786376953125,679.9258066021406,596.787159319206,605.7503882484453,2502475
2020-04-09,672.1973266601562,685.9165725033172,640.2314726808406,640.2314726808406,1722591
2020-04-13,682.3038940429688,687.4714994841921,647.9600563855846,679.5600446031176,2165713
2020-04-15,632.2743530273438,675.444261472389,619.0124142442028,672.2431038350792,4472655
2020-04-16,634.3779907226562,644.8046412943677,602.2292538034424,614.6222963827165,4330356
2020-04-17,646.450927734375,672.8376471188972,633.8292312635755,654.0422334808605,4064006
2020-04-20,672.2431640625,694.1939612563775,643.7071165457063,653.7221789301658,5228457
2020-04-21,659.4841918945312,670.0022812575182,643.0210955002907,658.4781361110535,1702397
2020-04-22,695.01708984375,702.4254610487444,656.2373285188465,656.2373285188465,2896903
2020-04-23,747.5160522460938,783.6891235576647,696.9377710988188,703.0657127968545,5307219
2020-04-24,744.4520874023438,762.7901364729427,729.9096631904423,740.2905936259062,3538348
2020-04-27,750.03125,775.4118578864969,745.9154757481356,757.3024623430459,2025116
2020-04-28,756.02197265625,764.619390041242,738.4613806061775,760.9609240601834,1638939
2020-04-29,753.826904296875,769.83269249126,748.430644804693,761.6011442770049,1087042
2020-04-30,789.0396118164062,800.2893828331958,752.9579821913468,758.2170267071077,3162243
2020-05-04,716.8763427734375,768.2777970248515,706.0838801228397,751.8147013743189,2362296
2020-05-05,715.2300415039062,742.5770948320875,711.5715758184642,733.9339584854796,2086596
2020-05-06,743.9946899414062,758.0340287517683,698.2181522429548,722.5469251134772,2409658
2020-05-07,750.5800170898438,765.0766655907205,736.3576865373097,740.8393295020725,1637424
2020-05-08,740.5192260742188,776.2349870409205,734.8943126151783,760.9608812642543,1605073
2020-05-11,755.0615844726562,770.9759327231703,743.5831594127701,745.138018512333,1633059
2020-05-12,746.41845703125,756.3877985925043,729.8639217373862,752.7293328193846,1377777
2020-05-13,742.9429931640625,772.850964739442,739.0101532656439,768.7351903710071,1317340
2020-05-14,748.5678100585938,760.915131562738,733.8424524001389,743.5831394717993,1180843
2020-05-15,749.8482055664062,760.8693774391008,737.2265108764717,758.2169676473833,1617517
2020-05-18,710.2910766601562,749.5738623569775,702.4253979192088,746.3269852891593,2798879
2020-05-19,714.635498046875,732.6077325417264,700.23028982274,718.9799259239951,2411845
2020-05-20,741.7996826171875,745.2752140655562,710.6570027354256,710.6570027354256,1298348
2020-05-21,755.701904296875,770.1071145754539,741.1137595484189,749.8941116886673,1552282
2020-05-22,736.5406494140625,760.457892995443,711.4344155585263,753.8726430921246,1959499
2020-05-26,735.031494140625,752.7292991981014,726.5712924181677,748.6135253871763,991812
2020-05-27,772.0734252929688,775.5032366548274,718.8884614455792,747.2415687036109,2408770
2020-05-28,779.8935546875,787.301926520694,762.0128120398105,777.424078801847,2049900
2020-05-29,788.9939575195312,803.9479151823258,769.2382073381999,777.2411018294916,1692237
2020-06-01,809.8014526367188,829.5571462487508,791.1432541402088,791.1889737993956,1974737
2020-06-02,824.1608276367188,828.6424703910734,807.7892273340625,813.0939913660753,1598582
2020-06-03,844.0537719726562,859.2364385984232,832.346692529977,836.5539617112773,1812522
2020-06-04,832.9869384765625,854.5718645390953,824.6639510447299,846.0202229929403,809021
2020-06-05,837.1484375,848.7183580875709,825.4870775956236,838.7032966520019,875966
2020-06-08,836.5082397460938,860.9742314479549,831.3864096071713,846.8891706540377,1298751
2020-06-09,863.0321044921875,884.8457414462758,833.9930307039417,843.1849711604896,2260334
2020-06-10,888.1840209960938,905.4702944005161,854.0688382405028,867.6966458089635,2708868
2020-06-11,877.8031616210938,912.7872417794755,874.3733498408603,888.0925969617944,3544259
2020-06-12,895.9583129882812,900.8972644834821,827.7279435102045,832.6668950054053,2185560
2020-06-15,873.2301025390625,906.2020161677465,846.7062240644536,895.9583002128005,2185938
2020-06-16,896.7814331054688,900.6228333768426,861.5686996280995,884.4341109770406,1660790
2020-06-17,914.29638671875,925.4546631176612,894.4949175938405,898.1533835144697,2971881
2020-06-18,1075.40625,1097.128394392625,948.3659810963622,948.3659810963622,18024847
2020-06-19,1079.2474365234375,1174.3675495729608,1061.503854644311,1072.5706916215308,17345811
2020-06-22,1058.7601318359375,1131.2892713682395,1049.9798349878452,1078.332948998841,5568696
2020-06-23,1031.9617919921875,1087.4331907320998,1026.5197570903279,1071.0158700054549,3809949
2020-06-24,1017.7393798828125,1046.8698893432615,1003.6086014286369,1033.97382067627,3338625
2020-06-25,1010.46826171875,1028.8976931952318,998.9440055515798,1016.1388388426657,3938459
2020-06-26,996.931884765625,1042.5254903770094,988.2888043686338,1001.3220881832302,3467590
2020-06-29,992.4046020507812,1017.0534701807794,979.5541965500133,995.1026758603309,2254257
2020-06-30,993.3192138671875,1011.428552108938,982.2980412776463,1001.5049862188293,1435726
2020-07-01,1003.2883911132812,1036.2603561967253,992.3587700559991,1005.9865764166843,3824820
2020-07-02,1014.2637329101562,1022.5410553427271,1000.9561323179444,1015.2241247141566,1328962
2020-07-03,1048.470458984375,1053.134980166629,1020.0716875336625,1027.9830298581442,2536971
2020-07-06,1037.4951171875,1069.735346100952,1032.144633442004,1066.7628427259529,1791168
2020-07-07,1009.096435546875,1037.1293421327027,1004.2946988912407,1029.8581855703228,2244849
2020-07-08,992.5416870117188,1018.7454695811457,990.5295755615493,1016.1388351328544,1524806
2020-07-09,995.1942138671875,1010.6054799118342,984.1273762959664,994.1881580238992,2130005
2020-07-10,991.7185668945312,1006.0779991322346,973.5176789443652,994.1879864152173,1366391
2020-07-13,1015.9102783203125,1025.2850974540358,988.0602505284066,997.2064155369172,2018308
2020-07-14,989.660888671875,1017.0993853405926,978.6397145175952,1016.7335163888373,1135947
2020-07-15,985.3163452148438,1010.6054007129167,978.6853759592698,997.8465459077496,1054335
2020-07-16,1035.025634765625,1040.3761181867987,984.6759590682199,989.6149097829594,3338746
2020-07-17,1100.23779296875,1120.4051299671644,1039.324360885344,1042.4798545664128,6911040
2020-07-20,1124.7496337890625,1129.5513703838114,1042.6628034312107,1042.6628034312107,5138206
2020-07-21,1126.030029296875,1149.535626662856,1107.9205794979976,1133.0268672486009,2848795
2020-07-22,1203.2694091796875,1228.5585769798731,1126.6702795894664,1134.1244261716306,8586005
2020-07-23,1194.351806640625,1215.342320062385,1168.5596687541931,1204.549801856,3347292
2020-07-24,1191.7449951171875,1230.799065033404,1185.7085500884564,1197.9644303876944,4372931
2020-07-27,1246.3477783203125,1259.1067446487798,1177.3400125707255,1198.1475365839194,4239725
2020-07-28,1220.509765625,1285.721957215884,1201.4858121901775,1254.807879368977,6448726
2020-07-29,1233.0858154296875,1254.4878620330924,1193.5744306599493,1221.9275397407603,5405113
2020-07-30,1191.150634765625,1243.8325165699423,1181.684377446081,1240.219826483658,2830108
2020-07-31,1165.038330078125,1195.5407624657919,1150.1758146612144,1189.001233352851,2810663
2020-08-03,1172.9041748046875,1199.9767997874621,1158.5446293431105,1169.1999334695072,2307561
2020-08-04,1176.1968994140625,1199.2451921308161,1165.8160237588486,1179.3980573829188,1620041
2020-08-05,1150.4959716796875,1194.4889974173964,1140.9839389572755,1189.0012991137942,2799674
2020-08-06,1090.68017578125,1211.5467685338087,1075.5432280537468,1155.1606390035379,12456865
2020-08-07,1113.088134765625,1129.2311362065589,1089.3081088790955,1107.600436484118,5779708
2020-08-10,1072.570556640625,1121.3196531025346,1059.1257408586748,1116.746571319898,3680399
2020-08-11,1073.942626953125,1088.3021726882816,1062.9672291849888,1082.8601376397357,1709219
2020-08-12,1049.0194091796875,1065.5740580813715,997.8466577776019,1056.382117078946,5331452
2020-08-13,1077.5552978515625,1087.0673304220597,1047.6472755860812,1048.1503592482131,2855421
2020-08-14,1109.384033203125,1117.890011267565,1081.0766973354564,1086.5643963067025,3745225
2020-08-17,1122.4173583984375,1136.8225687131007,1099.5519452005592,1123.6064045437372,2691520
2020-08-18,1132.5697021484375,1146.9291371168065,1124.6124712899725,1130.4660394548428,2236782
2020-08-19,1148.438232421875,1182.5533609388333,1136.959750669202,1147.843709366404,4920992
2020-08-20,1087.7076416015625,1128.6367288091892,1074.674356848296,1128.6367288091892,9106001
2020-08-21,1081.0767822265625,1107.5092233431646,1077.4183159584522,1094.7960307319759,2645586
2020-08-24,1108.56103515625,1111.2591093223423,1070.101364532626,1070.2842431837912,2610405
2020-08-25,1095.8934326171875,1134.0330072024428,1090.2228550435866,1116.7925087118365,2689211
2020-08-26,1103.347412109375,1112.630790396562,1084.8722064880553,1102.112702365686,1587931
2020-08-27,1094.292724609375,1122.7373833822237,1088.484932918354,1111.2589031393534,1899695
2020-08-28,1105.268310546875,1124.0637250594011,1093.8813793092302,1095.710612384998,2424657
2020-08-31,1048.83642578125,1120.3137244785796,1026.1996683902878,1111.2589991926914,3291808
2020-09-01,1060.1318359375,1068.637813028462,1036.7634541478826,1054.0953900894829,1782000
2020-09-02,1049.4310302734375,1071.884799126846,1031.6874472378906,1065.4368195701245,1377334
2020-09-03,1038.4554443359375,1061.0464239182238,1030.7726445316662,1049.9795882185917,1454583
2020-09-04,1027.0228271484375,1057.2966091109522,1002.4653979600954,1020.3004186155136,2366842
2020-09-07,1001.1849975585938,1030.3155114379651,988.8833383562835,1024.3705040483985,2362089
2020-09-08,991.8101196289062,1018.3339971848659,985.9565519077426,1003.3342647892334,1929294
2020-09-09,1000.0873413085938,1006.0781238871109,969.9965485576217,986.5053089656216,1980268
2020-09-10,1005.620849609375,1017.9681724558748,988.1059211679836,1015.2243229344303,1334535
2020-09-11,1032.144775390625,1037.1751664093654,995.1028051617191,995.1028051617191,2452235
2020-09-14,1027.52587890625,1048.9279276823497,1018.3340499209062,1040.8335938557705,1762325
2020-09-15,1034.47705078125,1044.354842124481,1020.7120276136516,1031.687425760035,993200
2020-09-16,1046.7327880859375,1072.845133304051,1031.8246064189882,1038.0897069907057,2812137
2020-09-17,1029.7666015625,1045.818051996093,1019.7972607201292,1045.4065192852984,1023072
2020-09-18,1010.6511840820312,1037.8152481716547,1006.0781018011171,1035.2543890828529,1555296
2020-09-21,955.5455932617188,1024.1418311125242,947.6341381667546,1016.1389366965968,1839054
2020-09-22,928.1070556640625,944.7530306286928,914.6164628372137,942.0549567223301,2902395
2020-09-23,956.0028076171875,967.1154193870618,922.1620002679066,939.3110580462584,2139405
2020-09-24,931.8111572265625,950.2864192761822,924.2655720879402,949.3718028957431,1831668
2020-09-25,994.6911010742188,1001.50494853079,935.652568353423,935.652568353423,3021115
2020-09-28,996.7491455078125,1013.806654584754,983.2127761171428,1002.4197233715241,1778828
2020-09-29,1033.836669921875,1046.5956362397126,999.9501978314139,1007.953091675975,3637769
2020-09-30,1035.437255859375,1051.443043659309,1024.5532978259168,1037.5409183435154,1861632
2020-10-01,1055.23876953125,1060.9551225622968,1030.0410407113873,1040.8335598930119,1881054
2020-10-05,1062.28125,1086.0156142862,1050.757104855481,1062.692894398297,2542815
2020-10-06,1094.2015380859375,1098.637406229967,1066.7173764703832,1071.0160297960338,2534402
2020-10-07,1075.771728515625,1097.4482034485586,1064.8878830429665,1097.3567641411635,1541296
2020-10-08,1050.894287109375,1088.0734676381783,1043.3029260160718,1079.2473966832572,1569049
2020-10-09,1044.9034423828125,1059.7659586105945,1033.562288548542,1056.1532685557675,1748320
2020-10-12,1044.9951171875,1065.3453341265913,1037.1751015249306,1051.8089653912436,822912
2020-10-13,1041.1080322265625,1049.979767835852,1024.9650282748426,1047.2359182683367,924731
2020-10-14,1057.3424072265625,1062.2355829764988,1021.1235059560593,1028.9435213775355,1301057
2020-10-15,1053.7294921875,1087.4788583983286,1046.3211219576854,1057.3422938191263,1776985
2020-10-16,1083.8663330078125,1101.838457998097,1043.4402165319211,1046.3212808497794,2871896
2020-10-19,1117.524169921875,1124.063700353518,1081.1224995026841,1089.5827022921633,2383318
2020-10-20,1124.3837890625,1128.4995633751562,1102.2501140845577,1103.6220388554432,1383975
2020-10-21,1109.61279296875,1132.0666747228515,1085.5126683550552,1120.1308836650237,1532542
2020-10-22,1091.0003662109375,1111.807893426677,1086.1529653206248,1106.7775022316632,897236
2020-10-23,1083.36328125,1115.8321681089067,1070.1471170326383,1087.0217473749472,1357909
2020-10-26,1083.6832275390625,1092.2348686152834,1054.6899320952407,1083.820442329619,1656394
2020-10-27,1143.362060546875,1165.2214171542334,1067.3574519772296,1087.4790149108192,3321314
2020-10-28,1098.271484375,1147.3405678923991,1091.8691691867823,1137.5084409962074,1888745
2020-10-29,1132.47802734375,1139.3376506194895,1081.6253757891038,1088.3935597506697,2246194
2020-10-30,1125.7100830078125,1143.2706759311034,1103.0275481383285,1136.8683601458893,1361835
2020-11-02,1132.295166015625,1141.441330523021,1097.53974088752,1133.2097824663647,1475959
2020-11-03,1088.53076171875,1156.6239099745283,1076.5035333875094,1142.9961028978091,3625426
2020-11-04,1058.5313720703125,1109.8413348151848,1039.4616405887516,1095.2074709793555,2883865
2020-11-05,1115.237548828125,1137.7828667077456,1060.0404682590652,1070.1926885505072,5076752
2020-11-06,1149.0784912109375,1158.7277405643827,1103.0275698091891,1104.1250650206343,2879946
2020-11-09,1168.9256591796875,1187.1722136440992,1149.6729372501022,1159.8251580418996,2540288
2020-11-10,1083.9576416015625,1161.5628202974451,1062.967128372249,1161.5628202974451,5712955
2020-11-11,1067.037353515625,1111.1675992874764,1043.5774181488569,1111.1675992874764,4320318
2020-11-12,1069.415283203125,1080.5735592241085,1055.7418119468978,1071.9304784383685,2137832
2020-11-13,1087.3416748046875,1090.5428321752302,1062.8756863298256,1075.5888765023396,2041341
2020-11-14,1086.2899169921875,1099.3689769341881,1080.1620314137072,1095.7105111207632,287025
2020-11-17,1067.2659912109375,1091.594767212264,1057.2966492646647,1086.5643765799496,2447176
2020-11-18,1076.2291259765625,1084.73510357252,1063.7903646563302,1070.1012404551843,1752572
2020-11-19,1069.7811279296875,1113.088193489869,1062.9215047159046,1075.5431444407575,3003748
2020-11-20,1082.3114013671875,1089.71977260843,1066.717257197523,1075.5889924936066,1702974
2020-11-23,1057.296630859375,1095.4818681763118,1053.6381650086505,1092.9666729039388,3022990
2020-11-24,1040.60498046875,1065.5282814731652,1026.1997697964732,1065.5282814731652,4652055
2020-11-25,1022.9984130859375,1052.7692206827562,1019.797255780796,1042.6626651032354,4070439
2020-11-26,1035.345947265625,1039.00441351038,1013.9896728913744,1026.199781653738,2860035
2020-11-27,1053.6383056640625,1074.6744871139526,1030.4984614101704,1045.406756401062,14387170
2020-12-01,1055.1473388671875,1071.8847536908706,1042.6628014154717,1071.8847536908706,2493653
2020-12-02,1056.9765625,1061.549644921886,1022.9070984569498,1033.5166273462212,2434046
2020-12-03,1078.4241943359375,1081.9912206896915,1056.4277365082255,1065.5281251931451,1927926
2020-12-04,1071.9305419921875,1089.8113392927896,1060.3606208945932,1083.8205565364694,1561420
2020-12-07,1075.634765625,1083.8205385355218,1068.272058235856,1074.6743736533654,1195294
2020-12-08,1093.1495361328125,1101.975607202812,1072.7078808094566,1082.9058765541445,3077561
2020-12-09,1088.80517578125,1100.9238444954617,1083.8205604785644,1097.539808079559,1358506
2020-12-10,1083.546142578125,1090.1771123236042,1060.0405427600565,1088.8051875486774,2116272
2020-12-11,1072.8450927734375,1097.265307259402,1069.1866269839288,1089.3996281414616,1653068
2020-12-14,1089.58251953125,1096.1677126957013,1072.8449954043033,1072.8449954043033,1686703
2020-12-15,1099.4603271484375,1106.6858188738925,1075.4516471935287,1090.2227240476693,1395501
2020-12-16,1113.59130859375,1124.9782387907967,1105.771293250466,1111.8077395193523,2674862
2020-12-17,1114.4600830078125,1128.6824126818115,1109.6125714305144,1113.0881584082954,1484226
2020-12-18,1107.4632568359375,1123.423380166218,1097.9969993294878,1114.917402900996,927547
2020-12-21,1069.9639892578125,1142.9960875636457,1041.3822263291434,1103.8047965653568,3208545
2020-12-22,1081.8997802734375,1092.737962468101,1054.3240730153616,1071.0158225989924,1695222
2020-12-23,1089.6741943359375,1108.92680597822,1077.09821660798,1081.991392885352,1481813
2020-12-24,1086.5186767578125,1101.3355317314733,1083.8206026170594,1097.5398507514526,807787
2020-12-28,1114.09423828125,1118.575881066374,1087.4331473228965,1096.6250869980233,1235405
2020-12-29,1106.4573974609375,1127.6307934223682,1097.5398858880967,1120.405300177432,1339727
2020-12-30,1108.9267578125,1114.7803258847719,1098.4544432910911,1112.173691125701,604708
2020-12-31,1107.18896484375,1123.6977244293896,1101.1981825636549,1107.3260679903442,942511
2021-01-01,1109.7498779296875,1116.7924917777166,1104.9939169173324,1111.2590174433738,649133
2021-01-04,1137.920166015625,1155.1606650930914,1115.832154721751,1118.4845649600206,3030142
2021-01-05,1182.2330322265625,1187.1719826812387,1134.1242361515685,1145.0996319852934,2784127
2021-01-06,1171.5323486328125,1199.1080596484328,1150.6333830194412,1188.8186235715243,2359748
2021-01-07,1168.3768310546875,1183.5137791487136,1163.3922156701421,1174.3676139311813,1049691
2021-01-08,1173.7274169921875,1183.5137690322858,1159.1392166064052,1170.7091378371915,1382458
2021-01-11,1162.0201416015625,1170.708997441952,1136.8681904846455,1167.050531824946,1462153
2021-01-12,1167.645263671875,1174.1390189740855,1152.5997541422673,1162.0203494501075,1268659
2021-01-13,1131.746337890625,1179.3520537734282,1103.027361052784,1170.708973588361,3982200
2021-01-14,1144.18505859375,1146.7916928725563,1112.7680091704967,1131.74629851168,1466910
2021-01-15,1100.2835693359375,1146.929007437461,1091.1374050023053,1146.929007437461,2690581
2021-01-18,1074.354248046875,1100.7409106124007,1060.9550945661695,1100.7409106124007,1912724
2021-01-19,1104.7193603515625,1107.6004242470242,1071.1529842262,1074.3083660442019,1068153
2021-01-20,1107.3719482421875,1112.0822456354522,1094.4758776786798,1107.6006023714963,873452
2021-01-21,1081.8997802734375,1123.1489582848528,1076.5035210922408,1111.2589448828144,1206726
2021-01-22,1065.89404296875,1095.161769638096,1062.7843246806285,1082.905886765804,1334225
2021-01-25,1073.3482666015625,1102.1129116277752,1056.4735247420663,1073.75979937843,1738566
2021-01-27,1035.25439453125,1072.6622301155032,1033.5166009258535,1070.1012593657067,1457778
2021-01-28,1020.4375,1039.781659704727,1013.0291292921826,1024.3703952837552,1556229
2021-01-29,1011.4285888671875,1035.0257381686636,1006.1695442278775,1024.3704340916886,1543021
2021-02-01,1057.61669921875,1065.4367144482903,996.9319206880233,1015.7273332095419,1309024
2021-02-02,1067.3116455078125,1081.9455090346723,1053.6381739339101,1072.8451198129137,1053066
2021-02-03,1068.7750244140625,1081.945411077805,1062.6470276284938,1070.1011735171103,1435910
2021-02-04,1083.546142578125,1093.789914552759,1063.058821923905,1070.1013244428525,2106805
2021-02-05,1064.704833984375,1092.783621949454,1056.839155975159,1090.679959758007,1726460
2021-02-08,1076.092041015625,1085.4668597336185,1065.5739517222664,1077.1437606269471,1107651
2021-02-09,1085.2838134765625,1120.4051060698039,1077.7382280683373,1086.5642987844303,4647756
2021-02-10,1159.6422119140625,1165.953087708455,1088.3935685824006,1097.5397330242695,9275539
2021-02-11,1167.2791748046875,1198.147478154077,1153.8343584492904,1159.596374752671,4101570
2021-02-12,1202.720703125,1216.3485113682402,1165.907388827828,1166.044603632974,4290890
2021-02-15,1208.3912353515625,1245.3417630643746,1203.086526814747,1216.0740360280906,3154298
2021-02-16,1202.9949951171875,1229.1072263386575,1197.2328671403957,1218.2690443323202,1721816
2021-02-17,1210.4490966796875,1237.8419263589628,1175.2821388191633,1201.4859224538563,2237472
2021-02-18,1182.8277587890625,1224.1227150519328,1175.5108269736265,1215.2508682372052,2047432
2021-02-19,1186.257568359375,1208.0254851286008,1168.3311077745814,1189.0014177850328,2156407
2021-02-22,1181.1358642578125,1211.5010898109883,1169.5201667965594,1197.8732805489037,1902991
2021-02-23,1176.6083984375,1201.2116055929187,1170.709166437509,1181.1358172805983,1388642
2021-02-24,1183.0565185546875,1201.806158006076,1168.0567846640708,1186.2576765098026,671116
2021-02-25,1215.6624755859375,1225.58604172864,1189.001383766591,1189.001383766591,2353972
2021-02-26,1188.72705078125,1208.6199601648198,1162.294722573515,1202.2634199863212,2236983
2021-03-01,1190.922119140625,1216.7600351966353,1175.2821993618893,1186.53202694086,1300733
2021-03-02,1198.970703125,1213.696005351762,1189.504445382618,1194.4890602783732,843375
2021-03-03,1205.9217529296875,1217.903205733578,1198.1475133393178,1207.2479020831572,683405
2021-03-04,1202.4920654296875,1220.8301712500322,1196.3641794263058,1205.4645691092057,1605488
2021-03-05,1179.7178955078125,1207.1107226151107,1173.4527957400267,1196.3182048542126,1352365
2021-03-08,1151.91357421875,1162.5688775518056,1120.4050840646696,1123.6062414477117,3302106
2021-03-09,1153.8800048828125,1160.5567491285703,1137.7827788935626,1147.8435590927822,960195
2021-03-10,1193.4830322265625,1200.754188371205,1157.7672150666133,1159.0477004307213,1742432
2021-03-12,1169.108642578125,1199.9311766438398,1163.3922889570701,1198.1477189730833,1322927
2021-03-15,1154.9320068359375,1175.2822243390851,1144.6425710197393,1162.7520227152577,663807
2021-03-16,1164.672607421875,1175.2821358910774,1159.001918454747,1166.1359714094347,664878
2021-03-17,1169.7943115234375,1181.6843240721512,1158.3616071496745,1167.004686997238,1142480
2021-03-18,1135.0848388671875,1188.4526886959745,1126.4416460535533,1179.8552713658203,970456
2021-03-19,1125.3897705078125,1140.5724929533555,1095.7105112518584,1130.7403660785997,1356660
2021-03-22,1132.5697021484375,1140.9841296277639,1117.2955389957665,1130.4660394548428,615189
2021-03-23,1132.295166015625,1142.6760404020163,1120.4051521560102,1140.618153387852,476555
2021-03-24,1115.14599609375,1137.5083214199785,1111.2588765666649,1131.3804364715759,918064
2021-03-25,1085.695556640625,1119.9478997695878,1066.351395413508,1119.4905915214174,1061914
2021-03-26,1130.283203125,1140.526864061407,1070.5586963784096,1098.9118100800163,1195770
2021-03-30,1106.731689453125,1144.3224035403302,1096.0306099080337,1132.843922335589,973544
2021-03-31,1102.9359130859375,1124.3836225012678,1094.5671508937432,1105.9540801462733,712047
2021-04-01,1110.66455078125,1117.6613895016615,1097.311171894123,1117.6613895016615,649180
2021-04-05,1083.0888671875,1112.539586904827,1065.5282741945493,1111.2591014131995,676793
2021-04-06,1101.47265625,1116.7467065952023,1079.8876183032824,1086.5643631737105,924992
2021-04-07,1102.707275390625,1114.9173818948361,1095.7104376620293,1107.6004507585287,619290
2021-04-08,1131.380615234375,1138.6975472649935,1106.6859696310378,1112.2651079748798,1489515
2021-04-09,1128.4993896484375,1156.9897120007233,1122.4171684376677,1133.9414240570238,1398503
2021-04-12,1060.9093017578125,1106.457245422429,1041.1536088559667,1106.457245422429,1411088
2021-04-13,1073.1651611328125,1105.7712590496774,1069.3238168025632,1083.8204648253661,1146320
2021-04-15,1054.5985107421875,1082.4485361514649,1039.5987790819845,1079.247378672352,1318568
2021-04-16,1068.3636474609375,1079.2476075273732,1044.4921760985258,1060.9552751964009,845133
2021-04-19,1045.177978515625,1049.979715017228,1025.2850701518403,1042.6627832052613,1228823
2021-04-20,1044.4461669921875,1072.2505282456323,1037.1750111760161,1058.1654131717644,874884
2021-04-22,1067.71923828125,1078.7972151275187,1043.5618963934364,1048.216498964326,1007598
2021-04-23,1117.8958740234375,1123.6210578993578,1066.8349066716355,1067.7658271835653,2069671
2021-04-26,1093.5989990234375,1131.9528831361226,1090.1080466962717,1120.8284271753298,1102356
2021-04-27,1094.9954833984375,1108.0283733177387,1089.177228970178,1098.4398445648544,733140
2021-04-28,1096.48486328125,1104.0718892952775,1092.249242512571,1100.3482067006896,710804
2021-04-29,1085.68603515625,1111.2397574739568,1081.8692838266604,1104.0717150656485,1119127
2021-04-30,1077.4473876953125,1105.0026112119692,1071.489473887933,1079.681619577799,1058811
2021-05-03,1079.58837890625,1084.2429810635379,1056.594689704347,1075.2130983334985,424881
2021-05-04,1069.8138427734375,1094.762558785908,1066.6022123545529,1084.4293634841035,443495
2021-05-05,1071.2568359375,1084.5224539362914,1065.9040427099173,1083.5915333749729,427270
2021-05-06,1089.3167724609375,1092.9007940751121,1067.2074080152101,1070.5586994773244,590519
2021-05-07,1127.996337890625,1132.8836705740987,1095.6934416092447,1098.4862031426583,2141889
2021-05-10,1138.46923828125,1145.032273597217,1117.1046571680165,1139.446750311377,941440
2021-05-11,1115.1962890625,1134.3733443627668,1112.4501187433038,1127.9033779999668,539855
2021-05-12,1088.3392333984375,1117.1047022078428,1084.5224817267806,1116.2668509536336,590285
2021-05-14,1087.2685546875,1096.0658216126922,1072.8858783889289,1090.107907673263,600997
2021-05-17,1137.1658935546875,1148.7558074208114,1093.8315022037712,1101.2788656230307,2017066
2021-05-18,1180.6864013671875,1188.7853634784658,1145.0786956874292,1147.8248654416197,2086320
2021-05-19,1177.1024169921875,1186.7375353738885,1169.236183980227,1170.353243159499,624657
2021-05-20,1175.892333984375,1208.3348929354038,1170.8187487242913,1172.0289909134617,1351888
2021-05-21,1177.8004150390625,1189.7162413148396,1174.123325006527,1184.1307190551456,579488
2021-05-24,1180.4539794921875,1186.7376938999398,1158.0652923324194,1179.4764673514271,952156
2021-05-25,1173.7978515625,1193.4402542361804,1169.1432483868518,1189.2511113780972,624138
2021-05-26,1182.54833984375,1202.749268952321,1177.6144158085806,1191.5782231106587,1414370
2021-05-27,1158.2049560546875,1179.5230617892685,1146.8942473648895,1179.5230617892685,1542074
2021-05-28,1178.7315673828125,1185.9927932044761,1160.159747669606,1166.4434614483582,688147
2021-05-31,1220.995361328125,1227.88419607307,1175.1941160729984,1182.2690894714167,1989390
2021-06-01,1218.48193359375,1233.1904101369585,1196.9776915638656,1227.1394265472034,1200226
2021-06-02,1317.159423828125,1339.5945849061602,1203.8198541878714,1217.1785404897876,7848352
2021-06-03,1407.2724609375,1431.2902550629262,1328.4235407966153,1343.0855385314062,13711450
2021-06-04,1405.0848388671875,1442.9267800522377,1380.4154455308105,1393.5879933794838,5359959
2021-06-07,1408.622314453125,1420.2588201839314,1383.3478012782634,1405.6898922814116,2055428
2021-06-08,1388.2818603515625,1416.861075754314,1381.486094887912,1414.9992346560823,1279696
2021-06-09,1367.6153564453125,1409.274051032465,1355.513389302676,1390.5159792338259,2033120
2021-06-10,1379.6708984375,1386.0476817171186,1355.7927627049883,1373.1078628582234,1051186
2021-06-11,1372.502685546875,1392.6571381141136,1369.4307159248688,1391.7262175672458,981014
2021-06-14,1399.6390380859375,1410.2515550164694,1345.2732555817183,1381.5791568024376,1865735
2021-06-15,1411.9736328125,1417.8384772698885,1396.3807148302292,1416.8609653144058,1280198
2021-06-16,1410.018798828125,1435.4794525118566,1393.5880288004212,1409.832546540085,1851954
2021-06-17,1380.275634765625,1406.9000491764023,1374.6436345154561,1395.3566134625871,1154828
2021-06-18,1370.6875,1385.256429966968,1346.4835646501742,1373.1078708074292,1434839
2021-06-21,1384.0460205078125,1395.3567270417664,1347.9728519894484,1350.207083863943,1307713
2021-06-22,1402.617919921875,1413.882149267778,1388.9800250401054,1394.5189567496611,1967423
2021-06-23,1376.6453857421875,1409.4137443837176,1368.4532392629226,1405.6900621000088,808478
2021-06-24,1364.869140625,1385.1631397411645,1357.7475759324955,1382.416969667299,559080
2021-06-25,1382.370361328125,1387.071555343284,1363.798542669739,1367.615294020649,577924
2021-06-28,1387.0250244140625,1391.7262186344544,1373.1078076828228,1387.1182073790305,511263
2021-06-29,1367.2896728515625,1397.3118631150267,1361.9368792386967,1392.6572599734043,1035297
2021-06-30,1379.2984619140625,1394.5189902482987,1372.549287895838,1377.7624202720174,1118377
2021-07-01,1368.779052734375,1382.3704704813647,1363.7986503565307,1382.3704704813647,453878
2021-07-02,1375.342041015625,1392.6571404893439,1355.7927094980607,1372.083819096031,1427078
2021-07-05,1450.9326171875,1456.890530904051,1379.6241321404498,1388.9333368107632,3124351
2021-07-06,1429.149169921875,1467.8755553602775,1420.2589469327952,1459.6834091395936,2716236
2021-07-07,1454.05126953125,1458.752463640716,1417.7919605135996,1436.6431011573293,1026390
2021-07-08,1427.3338623046875,1463.593170468869,1423.005059234911,1455.959667793596,680515
2021-07-09,1428.590576171875,1441.7631239707327,1422.6326622459942,1428.9629670993218,764607
2021-07-12,1450.7464599609375,1475.0434611115902,1435.1535423379528,1443.857625865621,1345335
2021-07-13,1451.072509765625,1470.3891125419757,1448.7452082263055,1456.8907636139234,596313
2021-07-14,1440.3201904296875,1464.1518467733558,1437.1085600744225,1460.6143033242229,633915
2021-07-15,1460.1954345703125,1474.0195816354742,1442.5079445998372,1446.6504954799238,693234
2021-07-16,1460.8004150390625,1472.6696515107046,1455.5872829241673,1472.6696515107046,453737
2021-07-19,1435.3397216796875,1466.013619727903,1427.1010981459262,1451.3050306650352,411561
2021-07-20,1422.7723388671875,1440.9718802945333,1409.4136522749598,1435.293287910541,380494
2021-07-22,1493.8017578125,1500.6440014688148,1426.1703537532408,1433.5711270398688,2191336
2021-07-23,1458.799072265625,1504.414178556883,1452.236037027799,1504.3675870749507,896456
2021-07-26,1449.257080078125,1461.7779153499494,1438.9237716163298,1456.8905827241972,634706
2021-07-27,1452.65478515625,1470.9939863858062,1430.03348617952,1457.821439160098,1020536
2021-07-28,1439.3427734375,1454.4702317688627,1431.2902882750998,1452.235999810833,640287
2021-07-29,1455.0755615234375,1458.9387912950156,1433.7108645101098,1438.2723984041243,540846
2021-07-30,1447.3485107421875,1488.3090088754284,1441.809579745177,1462.9414276451826,690368
2021-08-02,1475.183349609375,1485.2838153787561,1449.4433723251166,1457.7285883819532,595881
2021-08-03,1475.8814697265625,1492.5914482235403,1465.2223611956401,1485.5630662202243,483169
2021-08-04,1482.3048095703125,1525.6390921818302,1473.1817428953823,1484.1666506355832,2052331
2021-08-05,1474.7176513671875,1489.4727177498469,1464.3378656378181,1487.6108768526597,585052
2021-08-06,1440.3201904296875,1480.908416218758,1401.0353897405707,1460.055773736928,2649875
2021-08-09,1395.6361083984375,1427.4270693958008,1382.4636729098872,1425.2394287285065,1835434
2021-08-10,1373.1077880859375,1401.081995596623,1368.4531854144598,1401.0354041148041,1112024
2021-08-11,1343.5975341796875,1379.6707017041645,1305.5228649553344,1379.4379715911034,2079999
2021-08-12,1348.391845703125,1361.9367853667654,1333.5902996431848,1354.4894208534818,790749
2021-08-13,1350.9517822265625,1358.6318763406568,1343.3182795925045,1356.5838966986676,652148
2021-08-16,1372.1768798828125,1377.5296730031152,1343.0856129246456,1357.282151200231,1364617
2021-08-17,1372.083984375,1382.882641310319,1363.7987677681706,1378.134968668852,664828
2021-08-18,1377.203857421875,1386.1406717992745,1369.1047806128563,1385.3028205931332,674182
2021-08-20,1357.2354736328125,1371.4786024872387,1336.8018144725434,1347.972860275935,784220
2021-08-23,1357.5147705078125,1375.8073804052437,1341.6425310961486,1370.2683354459618,722315
2021-08-24,1399.22021484375,1407.5519085297426,1350.7657534898522,1366.870724882501,1145765
2021-08-25,1378.693359375,1413.1374203452058,1369.849613990758,1401.0354529772958,739942
2021-08-26,1382.789306640625,1396.2876536291396,1365.753416365536,1365.753416365536,595100
2021-08-27,1388.654052734375,1394.146506365806,1377.7623284309352,1383.3478513840337,269958
2021-08-30,1399.3597412109375,1413.8821928662192,1392.424428489711,1400.104523114508,822735
2021-08-31,1409.4136962890625,1416.4886696591304,1387.0716033492095,1404.7590935932599,772060
2021-09-01,1419.7005615234375,1427.4271346203168,1406.24869014928,1421.515811308703,406760
2021-09-02,1419.7935791015625,1426.26343183142,1407.5519504556937,1424.308521294452,474775
2021-09-03,1402.897216796875,1432.2212130338369,1393.63460312316,1418.7228655596798,620812
2021-09-06,1419.65380859375,1427.9855018841636,1403.9212289053887,1410.344603291496,409322
2021-09-07,1425.3790283203125,1455.9597457774069,1413.1374003133656,1419.6538441883283,1016948
2021-09-08,1438.2255859375,1456.8439960011603,1418.3039780795887,1426.1702108763825,738402
2021-09-09,1432.5936279296875,1441.0649820345088,1412.3925842236795,1441.0649820345088,664017
2021-09-13,1437.853271484375,1443.4387943591123,1428.357814414669,1431.7556968910185,669489
2021-09-14,1435.8519287109375,1452.2361082300827,1431.3834644612768,1442.926902408095,289304
2021-09-15,1435.80517578125,1449.7689829441067,1426.4494931647882,1440.1339787292864,307112
2021-09-16,1446.18505859375,1447.581439403464,1422.4931763107077,1435.8983411737527,538580
2021-09-17,1408.9483642578125,1455.0289351403774,1399.7322273537452,1443.76481831886,1120149
2021-09-20,1373.526611328125,1411.2754831972438,1351.696570977835,1396.3807551423915,636161
2021-09-21,1376.924560546875,1380.5551734135458,1333.0782254404571,1375.9005706710864,1093338
2021-09-22,1436.8758544921875,1440.5995366547847,1372.0838075905488,1383.347923404853,1126487
2021-09-23,1414.95263671875,1452.5153716144293,1412.1133972395562,1451.3051294509949,804207
2021-09-24,1401.08203125,1424.9600526520971,1392.6571547451329,1414.999248136766,346181
2021-09-27,1390.1436767578125,1405.9227343299506,1380.7412884685396,1401.0354015339021,324586
2021-09-28,1362.3555908203125,1394.937809050959,1357.7009882159346,1390.1436592786567,475347
2021-09-29,1367.98779296875,1382.51013129619,1347.0420799086637,1358.2131268740432,544221
2021-09-30,1350.1141357421875,1376.5987802606512,1346.4369313417578,1355.4203374874105,543427
2021-10-01,1427.8460693359375,1436.3639019610655,1352.7672998187181,1354.4894802103322,3330546
2021-10-04,1415.7904052734375,1435.898265141028,1409.7394220850845,1431.6626450918343,668680
2021-10-05,1415.9300537109375,1431.476380311702,1410.670330257899,1416.8609741933246,575832
2021-10-06,1397.4046630859375,1434.3622730891161,1391.7260710753208,1429.8472180018491,537571
2021-10-07,1437.8067626953125,1480.0239861239486,1400.1510726042688,1414.9992096451117,1649561
2021-10-08,1414.6734619140625,1452.1894925694364,1410.5307972095864,1440.1341166857699,541904
2021-10-11,1427.7994384765625,1450.7931313297665,1407.458846546764,1429.9406012640218,644793
2021-10-12,1434.5484619140625,1447.8606702538957,1422.2603570140275,1426.7287071423339,478933
2021-10-13,1458.799072265625,1468.759876551673,1428.963023613892,1439.7152012662214,976346
2021-10-14,1445.34716796875,1478.3017769069477,1434.827834338402,1477.3708563925227,551085
2021-10-18,1451.44482421875,1470.8544953058342,1438.3188669565482,1459.7765178351551,522124
2021-10-19,1445.1610107421875,1479.6050693331058,1428.96297127188,1452.1893923530856,729901
2021-10-20,1427.3338623046875,1458.007647446643,1409.367051128091,1440.1340192306222,671846
2021-10-21,1425.7047119140625,1441.9027509571893,1408.0172228338358,1441.0648997995227,608376
2021-10-22,1457.8680419921875,1500.643791972021,1426.1701546533104,1433.6175183851815,2997151
2021-10-25,1415.418212890625,1468.9927400898205,1402.57157650216,1468.9927400898205,718804
2021-10-26,1423.6568603515625,1435.4795060291224,1400.104524687289,1421.2829674643076,902649
2021-10-27,1415.2784423828125,1440.2270429087462,1413.1372798370492,1425.7512977175734,441419
2021-10-28,1379.8568115234375,1421.9809611078097,1374.0385588184138,1421.5155008914078,693140
2021-10-29,1366.3585205078125,1392.4708851591283,1350.6725333082252,1384.2787395640382,687082
2021-11-01,1389.491943359375,1393.122556109531,1356.5839257538348,1380.5551291082086,441123
2021-11-02,1388.2818603515625,1405.690029164924,1379.4381151349621,1386.1406976334913,632883
2021-11-03,1414.161376953125,1449.1639667119089,1388.0956016973425,1390.050512113974,1827204
2021-11-04,1424.4014892578125,1466.199844047415,1414.0682940368401,1460.614320831996,538803
2021-11-08,1544.76953125,1566.832302085111,1426.1702344560629,1442.926803790403,7164107
2021-11-09,1516.51611328125,1557.2438858894534,1504.7399460166978,1544.3971373030768,1287977
2021-11-10,1556.4525146484375,1566.6461625034117,1505.9035987026066,1512.7458417825019,1471628
2021-11-11,1569.950927734375,1588.8952519775667,1534.622538055002,1563.9465355974544,2120492
2021-11-12,1574.5125732421875,1591.548466100995,1562.08480565065,1582.3789206904928,1069334
2021-11-15,1594.4808349609375,1602.9986674650033,1538.4393471564583,1576.5606135702396,1280389
2021-11-16,1547.282958984375,1590.943153688516,1541.9301660448145,1590.1053025008594,1062269
2021-11-17,1525.9649658203125,1549.9361707009507,1512.745939069397,1545.3281592955072,898434
2021-11-18,1492.2655029296875,1534.2965845825502,1483.7010801209374,1532.0623527426908,700570
2021-11-22,1438.6910400390625,1492.2655602233308,1432.686648274302,1492.2655602233308,1087201
2021-11-23,1422.725830078125,1446.557371890487,1414.999144557348,1430.824792884634,1119856
2021-11-24,1392.656982421875,1427.1941081220334,1382.416857551126,1422.7257581792653,785928
2021-11-25,1379.2984619140625,1405.4107152777763,1374.969658609304,1396.2877620289032,651893
2021-11-26,1341.130615234375,1381.6721340462543,1337.7327327472365,1378.6001646380466,923373
2021-11-29,1328.5167236328125,1363.7986359876222,1293.979593189621,1328.7494537754726,1043536
2021-11-30,1327.6787109375,1358.212947396441,1319.3470182985648,1344.9939223559763,1529711
2021-12-01,1359.7025146484375,1375.8539632501154,1339.5946537615016,1349.1365892730064,1192258
2021-12-02,1391.07470703125,1394.3794069999606,1355.0480113956025,1361.7507079416105,1312710
2021-12-03,1380.1363525390625,1403.8282358656406,1377.7624596028834,1392.7502582264156,400192
2021-12-06,1365.4742431640625,1391.0745570698411,1362.9142117734846,1384.2787919233863,329405
2021-12-07,1392.0986328125,1399.1736063646351,1360.354264337768,1369.384148344896,532643
2021-12-08,1397.3116455078125,1410.2979407954383,1389.4918907201247,1398.242565991162,412636
2021-12-09,1405.2244873046875,1411.1824012006718,1373.2007995468075,1373.2007995468075,589665
2021-12-10,1388.8868408203125,1411.2755250467721,1386.280331516075,1403.828160798504,248646
2021-12-13,1387.72314453125,1400.0578411619063,1376.878011611482,1400.0113633195385,442103
2021-12-14,1392.4244384765625,1397.9633703966433,1353.1396359933692,1387.0716452148274,793589
2021-12-15,1362.6815185546875,1387.0715910085937,1359.1439750822462,1384.2788294159589,371816
2021-12-16,1363.2401123046875,1377.5763118824782,1346.5300198063292,1369.3841653700933,547166
2021-12-17,1353.5118408203125,1366.5447280639287,1339.2222336057564,1359.3300940540698,665400
2021-12-20,1310.0379638671875,1347.0420562912207,1285.6012990588638,1344.2492945988408,876924
2021-12-21,1308.22265625,1334.9400298013816,1298.3548077973278,1315.3906988210265,467167
2021-12-22,1345.4129638671875,1353.0930586271975,1310.8292417051655,1312.4118748686756,418159
2021-12-23,1390.9813232421875,1396.380707432695,1352.7671060647644,1358.63183685333,1390890
2021-12-24,1371.106201171875,1394.7050125250864,1366.5912595881161,1388.9333510255242,462795
2021-12-27,1384.5115966796875,1390.7953104316377,1359.7025411388797,1359.7025411388797,308466
2021-12-28,1389.11962890625,1402.1525168844425,1375.807532939755,1393.5880930967362,387188
2021-12-29,1390.1436767578125,1407.5052537802337,1385.3028218057368,1396.939328462995,314293
2021-12-30,1377.296875,1399.0804373524245,1371.9906736234025,1389.9108931865994,360968
2021-12-31,1392.3314208984375,1398.149674660058,1372.1769671406296,1372.1769671406296,319179
2022-01-03,1433.9901123046875,1440.4134871603133,1386.2804316432826,1395.4499768087014,997714
2022-01-04,1427.3338623046875,1442.7871199386282,1418.7228476454222,1433.9899666337249,303354
2022-01-05,1427.52001953125,1452.1894132005175,1423.563607339009,1428.9629917858765,535612
2022-01-06,1427.3804931640625,1430.4990542099567,1410.2980105396048,1423.5636280833683,350756
2022-01-07,1420.445068359375,1438.2722192412768,1407.5518417429194,1428.032093408491,259201
2022-01-10,1433.05908203125,1442.9268168901729,1420.6777935667014,1420.6777935667014,516543
2022-01-11,1419.93310546875,1438.3187856203722,1416.1628319319216,1438.2721941395687,383727
2022-01-12,1413.5562744140625,1431.755816759709,1404.386729654565,1425.4721029995478,707506
2022-01-13,1394.5654296875,1420.9570017952283,1385.2096336823276,1420.9570017952283,721974
2022-01-14,1382.27734375,1398.6615225579596,1375.062709551124,1394.5189716020968,648098
2022-01-17,1392.8897705078125,1396.3807223135966,1377.7623126827486,1380.5550741273757,242945
2022-01-18,1362.16943359375,1413.9751826014945,1355.0013911358703,1400.0113749788009,619696
2022-01-19,1373.2008056640625,1377.7623388377658,1347.0419623636806,1369.3840543448334,438787
2022-01-20,1371.71142578125,1385.8613726382423,1361.0058394924924,1380.4621016491783,421387
2022-01-21,1333.7763671875,1368.4531563536032,1321.9071306272901,1368.4531563536032,1031971
2022-01-24,1342.2943115234375,1355.3271987161295,1307.9433218380052,1337.7327782784437,1075305
2022-01-25,1361.3316650390625,1387.1182328634861,1320.0453607228505,1343.5045134977984,986255
2022-01-27,1336.383056640625,1359.1440188992779,1307.9433880503325,1359.1440188992779,635964
2022-01-28,1339.0360107421875,1383.3478018560559,1331.728307867739,1340.9909209782293,692577
2022-01-31,1356.90966796875,1366.6378551605792,1346.1110131358746,1350.4398160923893,426747
2022-02-01,1365.75341796875,1389.2591601659972,1345.2731673414453,1362.0297360365128,634634
2022-02-02,1368.360107421875,1397.870242717033,1361.936733048367,1363.798574105166,944374
2022-02-03,1323.90869140625,1373.1078200619334,1318.183507259456,1373.1078200619334,1160781
2022-02-04,1322.419189453125,1339.594627583086,1312.1790637384522,1334.7538863367079,650058
2022-02-07,1324.6068115234375,1330.4250646894889,1299.7977572958437,1322.4191710605537,711152
2022-02-08,1340.47900390625,1347.9729598078004,1313.0634390945459,1326.561787103671,481143
2022-02-09,1355.74609375,1359.1439764185984,1346.3904105881309,1347.9729300370757,258503
2022-02-10,1364.2640380859375,1368.453180475147,1340.5721560287336,1358.4923762492415,314990
2022-02-11,1325.7705078125,1364.1709800308436,1317.252562156515,1364.1709800308436,526337
2022-02-14,1261.5833740234375,1297.6565421940347,1256.7426330401615,1266.0518377293479,2111735
2022-02-15,1260.4664306640625,1280.0157623065627,1212.9894823894192,1280.0157623065627,2079343
2022-02-16,1262.3282470703125,1307.9433533435024,1245.6647467450032,1275.3611345769382,1449590
2022-02-17,1219.412841796875,1267.8207100246823,1215.7822289522371,1266.0519382657294,1877489
2022-02-18,1232.5853271484375,1245.6182140814888,1204.6577122918989,1212.9894052689972,1318749
2022-02-21,1230.537353515625,1254.8343580755452,1218.1095864237236,1226.9533319881295,948243
2022-02-22,1255.346435546875,1259.5355782683885,1209.9640560638122,1213.9204686341307,1193620
2022-02-23,1251.1572265625,1272.009869732761,1242.7789415631976,1260.4664321172806,646286
2022-02-24,1224.2071533203125,1253.0190997958764,1201.958128746458,1233.4697676296703,1566179
2022-02-25,1253.9034423828125,1260.4664779929046,1236.7745944488097,1238.1243838482742,1093505
2022-02-28,1264.8883056640625,1284.6703674821758,1237.5192185858027,1253.949989129341,1072920
2022-03-02,1290.53515625,1298.2617283469365,1255.2532459806994,1261.3972986561964,1207059
2022-03-03,1325.3980712890625,1344.7146718012648,1304.3126990867456,1307.0123912834722,1474839
2022-03-04,1281.0863037109375,1321.6278244080017,1276.1989709527622,1321.6278244080017,1042120
2022-03-07,1257.0220947265625,1283.692878223243,1250.272920574731,1281.8776285616498,731166
2022-03-08,1276.8040771484375,1282.8084690120045,1246.4094996217264,1260.3267158587344,758890
2022-03-09,1327.0272216796875,1340.525569427394,1288.2543586975166,1288.2543586975166,931359
2022-03-10,1294.724365234375,1347.9729760140797,1285.9270977262101,1347.9729760140797,746154
2022-03-11,1286.5322265625,1304.5455168479602,1278.4332630660185,1285.6943753227138,724301
2022-03-14,1262.2816162109375,1293.0951759077104,1246.5025590698979,1292.1176639201033,1092885
2022-03-15,1241.242919921875,1283.1343455934723,1236.7745693662303,1266.0519758527184,644839
2022-03-16,1239.101806640625,1263.166079414103,1235.3781245514908,1253.949943515944,790866
2022-03-17,1244.6873779296875,1261.3973564960613,1240.1258444664663,1261.3973564960613,1016870
2022-03-21,1260.978515625,1267.5880290077464,1239.9862111153507,1254.8809403779976,756656
2022-03-22,1274.4300537109375,1280.0155762253755,1247.5264308721785,1256.7425657485505,476254
2022-03-23,1244.1754150390625,1283.320672766818,1240.1724108973337,1280.0158590936858,563501
2022-03-24,1257.487548828125,1261.3043004297322,1236.5883138918948,1244.9201211589395,382004
2022-03-25,1217.318359375,1267.913871841717,1188.7856199279536,1267.913871841717,3702963
2022-03-28,1202.469970703125,1227.41868568911,1194.4640770886767,1227.41868568911,685171
2022-03-29,1203.866455078125,1224.113977802064,1197.6293326136736,1212.989522266317,993257
2022-03-30,1224.3465576171875,1227.8841008609706,1202.2371964379242,1214.8512142710892,527708
2022-03-31,1239.0086669921875,1245.9905711533918,1217.0389646258177,1228.8151323719346,632616
2022-04-01,1261.1646728515625,1265.1210853701964,1239.1949695932908,1242.778991147323,443146
2022-04-04,1268.193115234375,1272.5683963798444,1253.0190647602565,1264.190111400021,431309
2022-04-05,1271.5909423828125,1279.0848986341387,1260.745808351915,1262.3283279096738,524664
2022-04-06,1271.2650146484375,1286.5321336069248,1263.0263909342946,1266.0518825654253,336265
2022-04-07,1264.4228515625,1285.6012943182864,1261.3973597402448,1269.6825754579734,412378
2022-04-08,1279.96923828125,1288.39411519773,1266.6571418343394,1275.361226749198,311760
2022-04-11,1276.617919921875,1285.6013262834874,1266.0519940228405,1275.361199861244,899835
2022-04-12,1254.5086669921875,1282.436286977044,1240.9172479937795,1267.2157568128525,621814
2022-04-13,1244.4547119140625,1263.073124039421,1241.0568289736307,1257.3479395833194,433733
2022-04-18,1228.02392578125,1243.7099150814831,1205.9145616471294,1243.7099150814831,480858
2022-04-19,1213.4549560546875,1252.0881594887262,1200.8875284315664,1233.4697481952135,422307
2022-04-20,1225.2310791015625,1229.1408998750576,1210.7087415514602,1226.8601900301455,420571
2022-04-21,1241.2896728515625,1253.0192508376429,1226.0225507824484,1230.6771542402405,534098
2022-04-22,1221.6004638671875,1246.5956573368799,1219.1800932199596,1239.9861443102257,300769
2022-04-25,1207.2315673828125,1227.036149366913,1184.4963753133604,1219.4735228685036,738680
2022-04-26,1227.93408203125,1233.3225222847345,1210.0201578836873,1219.4734403671534,244672
2022-04-27,1183.834716796875,1230.7229790035701,1178.824430476656,1215.6922354394385,958269
2022-04-28,1206.8062744140625,1210.0204142186387,1181.6605607603892,1195.840487489514,718172
2022-04-29,1193.9024658203125,1224.3421097727676,1191.1137931774392,1210.9656897303967,566623
2022-05-02,1204.017333984375,1206.9005158737473,1180.2896182785191,1183.550954542575,272103
2022-05-04,1184.3544921875,1221.3168042216835,1176.9336883961928,1208.1295211006702,522475
2022-05-05,1146.9195556640625,1202.5994154040823,1143.8472387006104,1200.5669364874177,826801
2022-05-06,1144.65087890625,1158.9726273562312,1116.5746713678977,1116.5746713678977,487348
2022-05-09,1135.953857421875,1146.777821085776,1108.870176577068,1134.3940425340847,386348
2022-05-10,1107.593994140625,1152.2134464961555,1101.3075374782889,1139.1206718123074,615861
2022-05-11,1091.2869873046875,1117.1416926311047,1066.8974715713964,1110.9497462510176,555878
2022-05-12,1050.165283203125,1088.8764328335776,1041.7518378399939,1085.2369417788684,752431
2022-05-13,1058.200439453125,1079.753853771876,1049.314331047832,1068.2208955712163,388637
2022-05-16,1076.5399169921875,1085.851377692046,1049.3144157229299,1054.0410572351955,290018
2022-05-17,1124.1844482421875,1126.358749645604,1075.6891722372854,1083.3463089331617,447290
2022-05-18,1121.6793212890625,1143.3745592434243,1108.302902994137,1135.3392688312135,511218
2022-05-19,1097.1480712890625,1110.6663129926228,1077.6743301567635,1077.6743301567635,976165
2022-05-20,1096.4390869140625,1110.7608347995067,1088.0729539184956,1107.9248496893804,776963
2022-05-23,1097.9989013671875,1109.2955292260858,1088.8764595206037,1109.2955292260858,422406
2022-05-24,1081.69189453125,1101.7801206695842,1068.2682789880062,1097.9988075141332,724620
2022-05-25,1061.5565185546875,1090.152703676534,1056.5935442773423,1084.7170651822987,426936
2022-05-26,1075.0745849609375,1085.236863957051,1049.3143893661381,1054.6082046476006,517117
2022-05-27,1036.2216796875,1048.369125738711,970.568557444577,1039.8138581302042,4014975
2022-05-30,1058.8150634765625,1063.4943926455924,1039.8611839201346,1039.8611839201346,722748
2022-05-31,1080.604736328125,1088.4510072291712,1055.1753824570621,1064.108803961967,673088
2022-06-01,1051.15771484375,1088.072829635966,1045.107706283752,1082.4008600635805,499614
2022-06-02,1060.3275146484375,1068.220982902974,1043.5479372621298,1049.3144168338947,712335
2022-06-03,1045.296875,1075.452873944104,1041.1847195522887,1063.4944466425502,826888
2022-06-06,1019.7256469726562,1044.5878287846947,1009.3270351024013,1044.5878287846947,776565
2022-06-07,1008.0036010742188,1019.6783823681754,999.4010213240741,1011.5012695861425,475859
2022-06-08,1015.660888671875,1020.0093763722826,997.8886680222511,1006.774778347063,834757
2022-06-09,1014.6680297851562,1021.9943235473957,1006.8218747357621,1012.4465315301023,261947
2022-06-10,1004.2694702148438,1012.44658287573,997.3686430428639,1009.9414398668085,762658
2022-06-13,982.952392578125,997.321336288316,967.0708313013719,968.9614878630558,535385
2022-06-14,973.1210327148438,993.0674379465056,969.1033872019711,982.9524706962376,359691
2022-06-15,985.5046997070312,997.6049474543662,973.5935868474292,980.3053943368743,1294274
2022-06-16,978.1311645507812,996.3760472481856,972.6010169693631,996.3760472481856,510251
2022-06-17,945.1392822265625,971.3248893226507,933.9371642465265,964.8021005632222,1468939
2022-06-20,939.2781982421875,966.1255456829359,933.0390543924244,945.2338128330891,535579
2022-06-21,966.59814453125,969.4814418789227,943.5794245109581,951.7564793298471,226063
2022-06-22,935.0714721679688,966.1254824532336,933.038993328123,966.1254824532336,350809
2022-06-23,930.8175659179688,946.320915956051,926.4217660913934,935.8750494188566,1011251
2022-06-24,931.431884765625,948.1642058197422,926.4216567331479,945.1391439723909,944827
2022-06-27,946.5572509765625,950.0077224810989,933.9843956516733,946.2264091383796,897071
2022-06-28,938.9945678710938,946.6044489764197,922.8767322558546,940.6016374848402,942348
2022-06-29,917.53564453125,935.8750370229232,907.8933418235627,931.1011405454384,944102
2022-06-30,922.924072265625,925.4764703936977,911.2965449024766,917.9138434650464,636183
2022-07-01,985.6466674804688,990.9877959555134,923.6803454474051,926.4218208537276,1982052
2022-07-04,1004.5532836914062,1031.9204957031393,982.6689073601625,984.9377186815714,1515688
2022-07-05,1001.1499633789062,1017.9767375634219,997.7940018186349,1013.3919184742555,516807
2022-07-06,997.6522216796875,1000.2518745655426,983.7559415029986,996.3760515241179,1506421
2022-07-07,989.7114868164062,1007.720038350799,980.5418478230453,999.0230635405295,573482
2022-07-08,978.98193359375,998.5029854537589,969.9068052786336,997.3213251159439,707729
2022-07-11,970.8048706054688,988.9079309855496,966.1727964633916,980.3054663657908,461790
2022-07-12,959.7445068359375,972.45912565339,953.3162862687342,971.7974420362904,699305
2022-07-13,947.3607788085938,966.1255224819977,945.5646319595089,959.744556457777,613175
2022-07-14,938.7109985351562,953.0800001833022,933.0390287554877,947.4080304036336,980530
2022-07-15,962.2969970703125,965.0857272182617,936.820386719273,938.7110434028639,748231
2022-07-18,999.0230712890625,1001.480901980895,966.7400842542257,975.248039615859,655055
2022-07-19,980.2581176757812,997.3213393560734,972.7428039785777,997.3213393560734,540444
2022-07-20,969.2451782226562,989.5697372194153,966.1255485901255,987.8681000750305,534042
2022-07-21,988.1516723632812,992.3110243733437,967.4962153463813,970.8521191162357,504421
2022-07-22,981.5816040039062,996.2341924565376,977.9894257502051,989.5696972692201,372762
2022-07-25,994.5327758789062,997.1324289436187,979.3128965282731,987.5373227345553,370281
2022-07-26,970.568603515625,996.3761144995093,968.0162630431665,994.4854577357531,617578
2022-07-27,965.0856323242188,975.0587761116149,956.766697575785,973.6880963093969,905272
2022-07-28,1005.73486328125,1019.6784565634933,968.0635512895457,973.6882088617377,1153269
2022-07-29,1007.38916015625,1031.636854953308,1001.5753678346767,1018.1186136460093,720937
2022-08-01,1052.5758056640625,1072.947677775144,1008.6653499436817,1020.9546184996966,1900084
2022-08-02,1052.055908203125,1060.2330212332977,1036.0798365492922,1054.9864029096807,607174
2022-08-03,1046.6202392578125,1054.041043254335,1032.345805159412,1044.6822701048804,620126
2022-08-04,1041.090087890625,1061.2255111514803,1033.5274616000083,1054.0410392546983,657867
2022-08-05,1081.833740234375,1089.0182123056984,1044.6350943429943,1045.0604459235674,1800984
2022-08-08,1061.509033203125,1085.8984309357395,1054.2772495686122,1082.40076283888,546089
2022-08-10,1065.621337890625,1071.9549914116499,1051.3469034829936,1071.9549914116499,503935
2022-08-11,1108.255615234375,1114.5420715416283,1066.5666600651757,1077.6742676483939,1254427
2022-08-12,1122.48291015625,1147.5813087066886,1099.7477170933098,1108.7283364526083,1570362
2022-08-16,983.2359619140625,1033.243853088886,954.1198612166264,1033.243853088886,9964906
2022-08-17,1009.3743896484375,1024.6414662447867,986.922840358669,993.1147874793022,4066934
2022-08-18,1002.5206909179688,1017.976785987187,994.4854001373909,1010.5559816985465,1578967
2022-08-19,986.9700317382812,1013.0610690507204,983.5667576308396,1002.9932998419944,1330191
2022-08-22,973.1210327148438,986.5446492110069,958.5156980754542,978.4148484289703,1037069
2022-08-23,979.1710815429688,1002.0479798295258,959.8390489206105,972.6482933119445,1059330
2022-08-24,975.295166015625,986.9227503246098,971.7974974460717,981.2980930690121,571065
2022-08-25,994.0126953125,1000.5826807586681,980.589079775019,986.5918913274168,1036728
2022-08-26,990.18408203125,1001.9534886083804,979.1237870758946,991.6493870553835,505532
2022-08-29,981.061767578125,983.8977525118873,956.7667607409809,959.5082359229223,608206
2022-08-30,997.4158325195312,1001.102635844153,986.9227118236977,987.8680400917281,596668
2022-09-01,987.6317749023438,1008.7598400442088,979.1711324891652,980.3054803290073,860418
2022-09-02,973.6881713867188,1004.0805000097934,971.7975147432494,988.8134245344736,953335
2022-09-05,974.25537109375,987.6791028556884,972.2702046448549,982.385171796599,469263
2022-09-06,974.25537109375,984.0868089793815,971.703030716103,978.0366844807986,645805
2022-09-07,979.265625,983.4250926670553,968.1580172940745,975.4843117384083,510482
2022-09-08,983.4722900390625,991.507580721531,982.1961198923279,987.8680897858351,438353
2022-09-09,988.1988525390625,993.5399801740105,984.0866977746383,988.4351845990468,417043
2022-09-12,988.9552612304688,1001.5753714296783,985.9301413190519,988.1517552246249,399366
2022-09-13,992.7837524414062,997.2268647696077,987.3954271926453,994.4853895707639,311227
2022-09-14,984.6539306640625,994.816209852562,974.3498291517681,978.4147869857761,602674
2022-09-15,1001.6226806640625,1008.665330581207,983.4251102669789,989.6169416057339,1486124
2022-09-16,976.9022827148438,999.448339461655,973.3099890367706,999.448339461655,1543902
2022-09-19,971.8919677734375,985.5047178912386,964.80200577422,976.713118853602,528575
2022-09-20,977.4221801757812,992.3584139412226,967.1181360026841,976.7604965037087,1822845
2022-09-21,979.7382202148438,998.266630813519,974.633424591608,977.4694093382373,580021
2022-09-22,958.8464965820312,981.6289435501279,951.7565342327139,979.7382869236433,1009721
2022-09-23,947.6915893554688,963.6676601755277,943.4376121463918,963.6676601755277,642287
2022-09-26,903.9229125976562,940.5543834363905,898.2509429194007,940.5543834363905,1113761
2022-09-27,956.719482421875,977.4694498851035,908.5549946040354,908.5549946040354,2355830
2022-09-28,991.318603515625,996.3760871404955,943.2486219980954,945.3283559207738,2459849
2022-09-29,976.85498046875,1000.1573462561972,964.518457633503,991.3185496875852,1382613
2022-09-30,983.1887817382812,991.5076018548211,964.2349024482136,976.8550126509513,512916
2022-10-03,973.3099975585938,986.4027714740786,964.0457917300918,974.63348026192,654575
2022-10-04,983.1887817382812,995.4307375274204,975.3425103930826,988.4352847636872,777162
2022-10-06,986.87548828125,1015.660805877511,983.0941748680028,988.1517738754429,959379
2022-10-07,1000.5355224609375,1002.0480247019375,980.4944927289843,990.6567722247822,387703
2022-10-10,994.9580688476562,999.2120463391664,965.5110682437864,992.5947480190395,589159
2022-10-11,971.1358032226562,994.8162077649976,969.1505214867361,993.5400376465634,608515
2022-10-12,972.5064697265625,979.5964318387853,959.0355417133392,973.6881300785997,384979
2022-10-13,964.4239501953125,973.7354686368119,960.4535597668603,973.2154919094318,593384
2022-10-14,959.602783203125,984.0868105014383,955.726960054711,973.6881986709716,770121
2022-10-17,966.1727905273438,972.6955212665029,952.3710202402003,960.4063108987488,462639
2022-10-18,983.9450073242188,986.5446603324425,967.5908381212278,968.0162474258627,568881
2022-10-19,992.4529418945312,996.7542320314541,979.6438120321992,984.0868091039329,716350
2022-10-20,990.7040405273438,1010.6504442181994,979.596433202729,988.9078937104427,715586
2022-10-21,976.524169921875,995.6670687030153,972.7428565823905,995.6670687030153,674733
2022-10-24,978.7456665039062,985.1739453269928,974.8225308426045,982.1961379987023,64685
2022-10-25,994.5327758789062,1002.0480903982807,975.2480537013689,975.8625402323345,517421
2022-10-27,984.843017578125,1005.829258581655,973.78260780882,975.1534030100216,612241
2022-10-28,990.325927734375,1000.3936974499585,980.7781347548613,989.8060663948288,345063
2022-10-31,986.40283203125,994.4381230989713,977.7058572695042,990.3259678083256,562845
2022-11-01,1009.4215698242188,1020.0092002577218,985.1265641204851,990.3731821617893,878870
2022-11-02,1002.5679931640625,1023.3652161465905,993.5400615744013,1011.5012996047664,688331
2022-11-03,1000.3936767578125,1009.4688053882885,989.9950654236893,996.3760314696285,331972
2022-11-04,1017.2205810546875,1023.7905666952769,995.0998753708866,997.3213738351959,1047381
2022-11-07,1052.3868408203125,1062.5491211156805,1020.9546715346396,1023.790656733347,1215596
2022-11-09,1056.8770751953125,1078.6196268317099,1048.4164327823678,1068.2210151795198,1338477
2022-11-10,1045.01318359375,1071.9078445241491,1038.6795297755725,1053.9466057840027,833908
2022-11-11,1015.2352905273438,1048.3217813174256,979.8801041145882,1039.8611391168563,3518577
2022-11-14,1027.8555908203125,1041.7518718083268,1015.802654009463,1017.1733339979671,761518
2022-11-15,1058.8150634765625,1064.392408418549,1018.4022765560301,1028.044579557406,1487359
2022-11-16,1021.4271850585938,1062.0763002437113,1017.5985594465053,1060.6583078535327,992060
2022-11-17,1024.02685546875,1033.243806164176,1020.2928549353642,1026.1538440907714,465811
2022-11-18,1003.4187622070312,1028.3754545037787,999.2594096546823,1025.6339791240719,1154358
2022-11-21,1001.3862915039062,1009.3269567255384,991.6493640774271,1008.4762535921624,447040
2022-11-22,996.5178833007812,1008.7598390298231,989.5697431465542,999.2120459650907,540995
2022-11-23,995.8560180664062,1006.7746057237068,991.8383729261942,996.3759947725699,512617
2022-11-24,1015.3300170898438,1017.1733613165158,994.6273019911766,1001.8590873512188,856457
2022-11-25,1019.06396484375,1024.6414252074508,1006.3965418303942,1011.5013380174513,342457
2022-11-28,1030.4552001953125,1035.1345293061686,1016.7479393049568,1024.168743673189,438798
2022-11-29,1027.6192626953125,1038.9632032669886,1025.7286059333665,1034.1892487844625,441905
2022-11-30,1021.66357421875,1034.8981706000245,1016.3224461712882,1032.298517739417,700056
2022-12-01,1050.5904541015625,1053.0955968682074,1023.9322454740939,1033.2437050062395,571530
2022-12-02,1073.6566162109375,1076.1144467104566,1045.1549449002798,1052.4340420447072,1166964
2022-12-05,1079.6593017578125,1095.3990391865914,1071.104150883839,1075.7361666935062,1396099
2022-12-06,1054.844482421875,1078.0995338018,1050.4486830728406,1058.7676176558846,495276
2022-12-07,1047.5655517578125,1060.5638155482104,1039.8611032318368,1052.1503708154858,361232
2022-12-08,1059.9019775390625,1063.2579389528648,1045.5803470066305,1054.9863168449854,324566
2022-12-09,1042.9808349609375,1067.8902143876965,1030.4079215032493,1067.8902143876965,504458
2022-12-12,1035.4180908203125,1047.565535899416,1022.8451787856898,1047.565535899416,464126
2022-12-13,1044.918701171875,1050.5434742676616,1033.905602471701,1036.1744136617438,274763
2022-12-14,1047.9908447265625,1062.9270768055467,1045.533014426562,1050.259655540606,434187
2022-12-15,1041.9881591796875,1054.0410954732154,1036.0325444995694,1048.3691254527316,245297
2022-12-16,1019.6309814453125,1043.264186630845,1009.6578380949236,1042.035329199103,475229
2022-12-19,1030.0770263671875,1041.7044954584994,1021.5217589175625,1027.7137055685644,356258
2022-12-20,1032.014892578125,1037.4978430553874,1013.8173222101831,1021.3327516779752,304355
2022-12-21,1029.79345703125,1064.4397655523812,1024.8777955691944,1035.2290952656426,1194194
2022-12-22,1026.295654296875,1042.6970766204408,1020.9545265186546,1034.1891222327854,503732
2022-12-23,986.40283203125,1020.9546297810631,967.401755056297,1018.0713321216812,682389
2022-12-26,1006.3018798828125,1012.6828453024546,978.4620102475708,988.7659954228218,824043
2022-12-27,1007.62548828125,1017.3623008254725,999.4010625865786,1005.9238511315871,416478
2022-12-28,1019.2056274414062,1030.407743592908,1005.8292102594992,1007.5780443596899,707302
2022-12-29,998.8338623046875,1014.1009374840784,983.1414355473703,998.5030204777979,944279
2022-12-30,1004.9313354492188,1020.1982957843131,1002.0480378609144,1004.0805168660695,357182
2023-01-02,1032.014892578125,1035.1345222283821,1003.9859998870603,1007.0583169621673,290289
2023-01-03,1027.8082275390625,1042.3663069109418,1023.885091887408,1038.1595266014715,302077
2023-01-04,1030.4552001953125,1040.617479820921,1018.5912834040151,1027.8082346923577,454794
2023-01-05,1022.6088256835938,1036.5524172517314,1017.8821844740555,1036.5524172517314,389887
2023-01-06,1013.6282958984375,1027.5718886841703,1005.7820246468393,1025.5867222821166,323351
2023-01-09,1017.9768676757812,1026.7211554033986,1014.3373764035933,1015.4245271463335,615045
2023-01-10,1015.6134033203125,1020.7655116273138,1007.7199353488068,1016.5115344143029,359251
2023-01-11,1009.4688720703125,1020.9546347910173,1004.8840525767142,1016.227992963281,269332
2023-01-12,1005.1676635742188,1017.0787775018135,1002.5680106560461,1011.501317252611,333971
2023-01-13,1004.5532836914062,1010.461586405212,988.4353877295295,1010.461586405212,330747
2023-01-16,1003.938720703125,1031.7785948125993,995.66709753349,1009.610690876589,818659
2023-01-17,996.8487548828125,1008.9962012205235,987.4427838663797,1008.9962012205235,451633
2023-01-18,996.89599609375,1000.1573325412548,987.1117559581957,1000.1573325412548,217584
2023-01-19,992.925537109375,998.8338388670551,987.8680538841047,996.328695842495,218009
2023-01-20,994.9107666015625,1006.6328611125045,989.8060858759737,993.492774089671,499047
2023-01-23,1001.3862915039062,1004.8366474029762,994.8635033034069,994.9107004794175,987705
2023-01-24,1000.48828125,1008.9962367835794,993.54014064355,1004.8840813549892,790201
2023-01-25,983.1887817382812,1000.3937112900215,970.4740463847498,998.2667225346211,678345
2023-01-27,954.9234008789062,990.7513663614227,946.2736238948688,985.9774123100382,577350
2023-01-30,967.2599487304688,970.852184807436,950.9530352076564,958.7992487253573,352096
2023-01-31,987.0172729492188,990.7040764657529,965.1802119003183,970.8521818037483,362687
2023-02-01,960.0753784179688,1000.1100080103955,946.50994067462,987.3953887986422,616406
2023-02-02,969.9067993164062,971.7974558452881,949.6294965044964,959.5081884075558,397750
2023-02-03,971.3248901367188,979.8801579554151,961.54076468764,969.9068975963733,255447
2023-02-06,980.7308349609375,985.2211445520675,950.0549766496172,964.2349016742384,458605
2023-02-07,955.4905395507812,978.3202401271425,926.4216955327881,945.328260747743,1352704
2023-02-08,951.3311767578125,964.1876771369787,941.0743870798939,960.5481283138436,555938
2023-02-09,962.0606079101562,968.9141802833186,947.8334287498219,951.0002554276579,453749
2023-02-10,958.5156860351562,964.1404012221764,952.8909708481361,961.8243352394901,279736
2023-02-13,946.3209228515625,962.2497399933632,945.3283396345987,959.6973419366972,213751
2023-02-14,945.7064819335938,950.8584751599859,933.9843875930002,948.069802752402,218625
2023-02-15,944.2884521484375,947.2189467687174,938.9945791044269,945.7064445837201,233823
2023-02-16,936.6785278320312,949.7241045982762,933.6535234149561,949.0151083696003,630114
2023-02-17,927.6033935546875,937.8601825213128,922.6404199840764,937.8601825213128,329475
2023-02-20,935.875,938.0492435108532,925.5236437633785,928.2651188628843,443250
2023-02-21,931.9046630859375,941.405201333247,929.3995776118156,935.8750536410369,283139
2023-02-22,918.386474609375,932.8499865504466,914.0852422380932,931.857403341422,385970
2023-02-23,904.7263793945312,921.8368551355883,902.7412131723745,919.8043763428866,598211
2023-02-24,912.6199951171875,920.7497956959785,905.8608744616749,909.2167785018178,185048
2023-02-27,906.33349609375,914.1324544695241,895.6040431045647,912.4308750908253,357879
2023-02-28,919.4263305664062,924.4366169823913,905.624559729171,908.3660350247757,405030
2023-03-01,907.893310546875,927.3197953186126,906.5698278648487,919.9935010892565,521792
2023-03-02,902.5994873046875,914.3215817975555,900.4252436627921,910.3511912307284,243628
2023-03-03,898.2509765625,909.26401681464,893.3352577842467,902.7885409354027,417131
2023-03-06,900.8034057617188,912.2418556916034,898.3455174383066,902.7885722129339,321342
2023-03-08,896.5494384765625,899.9525974886003,884.6855214161844,888.7031669406871,328485
2023-03-09,892.2481079101562,913.092643434997,889.1285360072433,901.0397074069039,387798
2023-03-10,891.208251953125,893.7133950193564,878.2099878700112,888.8449312107407,510858
2023-03-13,878.3045043945312,894.1860660644523,873.5306079977472,891.4445909028382,615301
2023-03-14,873.6251831054688,889.412119766139,870.6473758416894,879.1553306544746,275133
2023-03-15,865.7316284179688,881.3295450583933,863.2265430916441,876.1774943859951,244153
2023-03-16,879.43896484375,885.6308540837503,861.430471062427,869.7020942413529,333014
2023-03-17,877.8318481445312,886.6234476117571,874.4286892979195,881.9913157999556,170110
2023-03-20,894.3750610351562,910.3511320179948,880.1951368604211,888.5140718682064,1304669
2023-03-21,917.677490234375,923.1131282141305,887.6633153026816,902.6940590564412,954338
2023-03-22,918.5282592773438,924.3892485372793,907.7042387792525,917.2520314624145,807815
2023-03-23,928.1705932617188,935.260555702578,913.9434135033803,919.8044606608096,529010
2023-03-24,909.7366333007812,928.9740981242718,907.5151349559736,925.4763720019772,517086
2023-03-27,913.1871337890625,926.8471392037166,897.1638076347887,905.955349246522,675254
2023-03-28,913.4707641601562,923.3022019836176,907.3733848224454,910.3511921752208,467411
2023-03-29,921.4114990234375,922.6404142650812,907.515161572211,907.515161572211,534469
2023-03-31,926.3744506835938,930.2975283891932,912.4781135605797,915.2668434996136,544235
2023-04-03,927.55615234375,943.1540695097382,922.7822559022968,927.3198202654775,724912
2023-04-05,935.6387329101562,940.6017067396873,926.1854494253353,940.6017067396873,239828
2023-04-06,964.3766479492188,967.0708104121193,925.0037028233223,940.0817001167113,1708935
2023-04-10,971.7501831054688,973.6881522856166,959.5082277377679,968.9615107696671,779901
2023-04-11,971.5611572265625,987.8680703495576,969.3396588079513,971.7501767273513,794757
2023-04-12,968.9615478515625,977.4695029058689,962.3442494759909,977.4695029058689,624112
2023-04-13,976.85498046875,978.3674826767897,958.0429818263659,965.180198986368,319335
2023-04-17,991.507568359375,996.0923875534917,971.324832152589,976.8077824732268,504163
2023-04-18,1014.0538940429688,1041.186835174333,988.8522342563604,994.5491900840126,1481851
2023-04-19,1006.232666015625,1017.288647202154,998.9425949018004,1016.709203887055,622638
2023-04-20,1003.5291137695312,1006.7154626766692,987.2107593712507,1004.3498346455125,805835
2023-04-21,999.4254150390625,1003.5291373843975,984.8933628803899,991.1696441144315,535616
2023-04-24,984.0243530273438,998.3150102952878,977.023885231879,997.0114984864576,632920
2023-04-25,981.4655151367188,997.6389494199686,979.0998282224709,990.34887842227,472116
2023-04-26,981.9000854492188,989.7212738935315,976.2031296647418,982.9622017791366,750019
2023-04-27,977.2652587890625,985.183040870757,968.7198839349024,981.9000983043011,789892
2023-04-28,985.5692749023438,988.2728919356038,978.0860165608675,978.0860165608675,837376
2023-05-02,992.0386352539062,995.659566530722,978.5204918204607,987.838319612143,1125815
2023-05-03,984.0243530273438,991.0248208228085,977.1687460703863,990.2524261322159,391273
2023-05-04,1011.2537231445312,1019.6059102371811,981.7068888862256,987.3072507466069,2802742
2023-05-05,1021.1992797851562,1032.2069357892367,1007.6811346953066,1011.7366489435842,985962
2023-05-08,1030.9998779296875,1034.4277401712623,1018.6887110426788,1021.5371299591872,265587
2023-05-09,1027.42724609375,1042.828226927215,1022.3096159807303,1033.1724100112222,259334
2023-05-10,1031.434326171875,1036.6002825688718,1025.7856967930927,1027.4272564066039,291870
2023-05-11,1031.72412109375,1037.0348208279715,1025.0133749407812,1029.7929575540331,168080
2023-05-12,1023.2269287109375,1042.055772750987,1020.7164397460373,1031.2413043473252,570353
2023-05-15,1031.868896484375,1049.345901497776,1020.9095678777927,1023.4200566977585,458583
2023-05-16,1026.364990234375,1042.3937402710658,1024.0476885186254,1033.172388163744,394472
2023-05-17,1020.7648315429688,1031.627626879159,1010.3848271106093,1024.047833262792,211526
2023-05-18,1014.2470703125,1025.447794779635,1012.6055106541526,1023.516631324306,170430
2023-05-19,999.2805786132812,1020.6199117564595,987.3073413159697,1019.5577954031447,712408
2023-05-22,1085.5069580078125,1094.969706321097,1009.9985121797772,1009.9985121797772,4328646
2023-05-23,1089.3692626953125,1104.3357795385712,1080.4376316759485,1083.3827031055546,1137780
2023-05-24,1065.6641845703125,1089.3691427553265,1055.7186466799965,1085.7965378884717,1205166
2023-05-25,1072.7613525390625,1079.423890363529,1053.7876470774465,1065.6643500631853,484566
2023-05-26,1070.347412109375,1075.3683902599491,1055.9602198929038,1073.4855529207016,375498
2023-05-29,1077.541015625,1091.0109531196383,1070.3474780083095,1079.520505560027,286216
2023-05-30,1077.9755859375,1080.7274705979926,1066.0023475900682,1077.4444687798275,216424
2023-05-31,1077.1064453125,1087.4381229205285,1072.133675711511,1077.5892361889287,526630
2023-06-01,1087.2933349609375,1092.217778122966,1074.2096556035697,1081.4515184503352,229233
2023-06-02,1084.9276123046875,1094.6317558749622,1078.5547964366679,1091.1073589735315,209361
2023-06-05,1088.1141357421875,1090.6246248063032,1076.768549782494,1087.24508856299,241937
2023-06-06,1087.8726806640625,1091.1073558887208,1080.9687477145337,1087.920889029288,213921
2023-06-07,1088.838134765625,1094.873019876208,1082.8514580146166,1094.873019876208,155109
2023-06-08,1086.3759765625,1094.1006303720194,1076.6236247017546,1092.1694669196395,264080
2023-06-09,1078.36181640625,1092.0730310096617,1070.8302311138063,1089.1762855693178,314658
2023-06-12,1094.1005859375,1102.5977519304224,1073.726835916101,1073.726835916101,394676
2023-06-13,1116.5987548828125,1120.0264993605135,1096.5146074142458,1097.8664454327031,806743
2023-06-14,1114.136474609375,1118.7713141400552,1101.2459818675568,1118.0471278301904,390757
2023-06-15,1116.0675048828125,1128.909787725705,1101.680315003723,1117.1779473324966,580174
2023-06-16,1127.654541015625,1138.4208003175909,1105.5910232091956,1117.9987242190382,507665
2023-06-19,1139.869140625,1146.1454213654172,1126.3509974917938,1128.7649516227234,380216
2023-06-20,1150.249267578125,1152.9046174088405,1135.5241457896118,1141.3176363293546,329604
2023-06-21,1188.7275390625,1196.9349830413873,1145.2763650566253,1150.490529511101,1586212
2023-06-22,1168.25732421875,1195.824611075262,1161.2085306502552,1193.1692613961368,395547
2023-06-23,1179.7960205078125,1184.7687900217745,1153.9185007054282,1173.0852745904426,468789
2023-06-26,1195.148681640625,1197.32124034286,1158.6979745253484,1178.6854674383694,455204
2023-06-27,1195.4866943359375,1199.9766728715708,1181.3892249111784,1199.2041603542439,319748
2023-06-28,1204.5631103515625,1208.763366962184,1189.886316395021,1197.3212479646795,603336
2023-06-30,1196.9833984375,1211.2739371204366,1191.527838165482,1206.3494939400405,448143
2023-07-03,1205.239013671875,1215.5224822045689,1194.7624759494677,1199.9766406291717,477399
2023-07-04,1199.3974609375,1214.701908951066,1195.438599116442,1208.9084181293597,414003
2023-07-05,1216.7293701171875,1222.4263252224046,1197.321203219417,1199.3972272665108,379938
2023-07-06,1217.0191650390625,1221.9436080008934,1206.0115103857097,1216.6329087958322,193314
2023-07-07,1224.5989990234375,1231.5029317973024,1203.9355269347027,1211.7567151820147,395194
2023-07-10,1212.1429443359375,1225.3231579060987,1206.9771058964723,1224.6955062372608,231682
2023-07-11,1227.1094970703125,1235.46180246615,1214.6052610275979,1214.6052610275979,351730
2023-07-12,1241.4002685546875,1246.3247121760305,1217.7917227508897,1229.7167523125954,333713
2023-07-13,1233.8685302734375,1252.3594430800408,1226.3370638659749,1241.400114549758,406556
2023-07-14,1262.739501953125,1264.7672000035936,1245.0693092229055,1252.3594984004612,428466
2023-07-17,1265.5880126953125,1268.629618926068,1247.8214019464572,1248.5937966618278,268061
2023-07-18,1245.310791015625,1267.808893935215,1237.8758583586791,1261.7256814930802,419548
2023-07-19,1248.255859375,1262.9326554395964,1244.6349276614774,1254.2907455642041,224641
2023-07-20,1249.945556640625,1259.3599785620202,1244.2486008272388,1254.19413985072,172042
2023-07-21,1242.4622802734375,1256.4148890030644,1238.213697124609,1253.325074641478,177560
2023-07-24,1252.1180419921875,1255.7389732877116,1228.2198954417292,1236.4273397115837,280464
2023-07-25,1267.1329345703125,1273.4574240963618,1242.3174137181068,1258.1529774532244,404639
2023-07-26,1264.52587890625,1273.023045740591,1258.5875273695467,1269.6917178693332,1014053
2023-07-27,1286.058349609375,1297.1625396757534,1260.3255725339511,1264.3327603490693,870523
2023-07-28,1284.2720947265625,1292.4795398635285,1276.1611841939045,1285.9618628429967,737177
2023-07-31,1303.921630859375,1311.260028653619,1276.4025507293102,1285.1893211619783,444481
2023-08-01,1300.735107421875,1315.8464848669873,1285.1892653516493,1312.4186226240267,276666
2023-08-02,1303.4388427734375,1307.1079827439896,1289.3895810030629,1300.7351666950372,258797
2023-08-03,1289.003173828125,1313.0945066666272,1284.0305226360924,1296.100293235887,440588
2023-08-04,1302.6663818359375,1306.2873135832403,1288.375841927905,1306.2873135832403,321524
2023-08-07,1315.1707763671875,1318.0191956130868,1295.1831618003011,1303.1010035135878,168695
2023-08-08,1318.1156005859375,1324.5367426863106,1305.6595726522935,1314.2050652872963,494281
2023-08-09,1315.70166015625,1322.8469886321236,1299.7213530221957,1322.8469886321236,229326
2023-08-10,1317.8741455078125,1323.3780318599772,1307.7355377667739,1316.0878429557822,498500
2023-08-11,1303.5836181640625,1332.4544166310163,1299.721291373154,1320.1432499849952,264842
2023-08-14,1238.06884765625,1275.0023488465831,1193.9901359555577,1275.0023488465831,2519880
2023-08-16,1212.91552734375,1225.1783683050116,1207.0737106640554,1225.1783683050116,449616
2023-08-17,1211.4671630859375,1221.9920277075587,1207.5565098609798,1215.6674201138285,596797
2023-08-18,1198.8662109375,1213.6878664066953,1191.5761398494083,1211.2257038016548,517938
2023-08-21,1218.32275390625,1222.4748025135118,1182.837625151699,1187.3276037923742,312173
2023-08-22,1212.48095703125,1225.0818460236108,1207.942769951162,1220.205611035734,485986
2023-08-23,1221.2677001953125,1224.3575142825541,1206.9770448369027,1212.7705346521197,320535
2023-08-24,1221.8953857421875,1229.6683660240046,1209.391149151995,1224.3576663670497,407688
2023-08-25,1216.1019287109375,1227.2544454453412,1207.025554251363,1216.5847196021434,861055
2023-08-28,1243.6693115234375,1247.9661032239335,1211.8051133244674,1215.3295103353998,894466
2023-08-29,1254.242431640625,1264.912157675436,1240.7726126816299,1245.455660836654,786931
2023-08-30,1243.3314208984375,1260.0842414543436,1235.9446965988964,1256.1253796718245,323044
2023-08-31,1216.970947265625,1250.9594959284273,1214.7018537041006,1249.8490533309975,1002973
2023-09-01,1217.8399658203125,1227.3509223562166,1211.2257544954775,1217.5502441516599,484593
2023-09-04,1234.061767578125,1238.8413499569142,1218.612460018257,1219.4331809086025,323525
2023-09-05,1238.8414306640625,1251.876784766919,1234.0135217370785,1240.772594234856,828164
2023-09-06,1233.53076171875,1248.3042105526374,1224.7439908254871,1235.9447162426616,173969
2023-09-07,1232.9029541015625,1259.6496375664312,1226.530138537881,1241.7380501158943,345340
2023-09-08,1240.0001220703125,1246.7109864188478,1232.9031192901307,1232.9031192901307,163796
2023-09-11,1251.925048828125,1255.2562586747545,1238.068856600739,1240.7242063787048,172215
2023-09-12,1227.833740234375,1264.9121033254753,1220.2539470057782,1253.3734484617705,327724
2023-09-13,1237.0550537109375,1241.448379849569,1216.7295112003299,1225.323212148509,162656
2023-09-14,1246.083251953125,1255.2562786044655,1234.641131756542,1236.041178150516,154086
2023-09-15,1279.9268798828125,1290.0171615814704,1243.7175658414164,1249.2213344281643,538984
2023-09-18,1285.189208984375,1292.9138623817266,1269.401972177309,1283.209719403761,545406
2023-09-20,1255.304443359375,1284.0787051692075,1248.6419065485281,1283.2579843587002,196736
2023-09-21,1234.4962158203125,1257.8632460469187,1230.9718190062242,1255.2562225783388,154384
2023-09-22,1226.4818115234375,1243.6692126973887,1220.3987176174282,1234.4478604401716,105170
2023-09-25,1217.8399658203125,1228.7992949617512,1211.6120107640597,1226.4336668535905,171606
2023-09-26,1194.2315673828125,1221.84718213272,1189.6932623915168,1213.8328063807483,493170
2023-09-27,1216.1019287109375,1221.4126285142022,1184.768847019224,1199.2525737554004,495402
2023-09-28,1172.9404296875,1221.4125863434626,1164.8295194215061,1221.4125863434626,778316
2023-09-29,1208.9083251953125,1214.4604201393006,1172.9404057755637,1172.9404057755637,336534
2023-10-03,1192.6383056640625,1211.7567533294884,1189.6450258540522,1208.9083343537566,318752
2023-10-04,1174.0025634765625,1192.6383386580542,1168.4504683369157,1192.6383386580542,260664
2023-10-05,1157.587646484375,1188.534588427236,1149.0422716513292,1180.0857481945056,779667
2023-10-06,1161.69140625,1170.2367813579156,1147.7387967929812,1166.422780506291,1348815
2023-10-09,1149.1387939453125,1160.0499146479924,1141.6555355336052,1158.6497504173872,660947
2023-10-10,1176.1268310546875,1187.6654851654587,1150.9733807457128,1158.6980343077646,1011311
2023-10-11,1193.603759765625,1203.4526452792961,1182.9823617976515,1186.6998275126718,720110
2023-10-12,1193.8934326171875,1205.9632037337383,1190.4656883414023,1193.6038288317054,179195
2023-10-13,1191.1416015625,1197.6592782564605,1182.8376222373006,1182.8376222373006,124617
2023-10-16,1202.197509765625,1207.7496043883743,1186.555015933261,1192.4933667991902,337108
2023-10-17,1208.6185302734375,1210.839415263968,1196.4040164320877,1210.839415263968,166661
2023-10-18,1207.701416015625,1213.5432329548137,1199.3491100124804,1204.273553535792,199928
2023-10-19,1208.377197265625,1211.8050595217774,1195.3901702692913,1203.114824035167,226176
2023-10-20,1227.833740234375,1244.1520955228052,1208.3772442315876,1208.3772442315876,842129
2023-10-23,1236.2342529296875,1263.3187479134347,1228.2198779621094,1228.2198779621094,1117037
2023-10-25,1236.572265625,1261.5808559962013,1222.667865144549,1235.9446139269676,460800
2023-10-26,1219.4332275390625,1236.5723037686798,1206.1564783471053,1236.5723037686798,1224518
2023-10-27,1246.22802734375,1253.325029166259,1219.9159263847512,1222.4264151960583,303443
2023-10-30,1281.278564453125,1288.037636220113,1240.0966000536343,1253.3733481673607,544198
2023-10-31,1254.0009765625,1293.2518984298079,1241.2553445593785,1290.9828048820607,660662
2023-11-01,1255.835693359375,1260.5670678580864,1243.041734225618,1260.5670678580864,196065
2023-11-02,1267.6639404296875,1276.4507105280265,1255.88389056627,1259.6013566230063,204314
2023-11-03,1280.5543212890625,1285.1891602994415,1269.643319499943,1270.850296547557,200014
2023-11-06,1286.058349609375,1298.224656021373,1280.2165329051688,1281.9063009587483,197328
2023-11-07,1290.355224609375,1298.7075308162803,1272.6368220192248,1292.5761099137103,298547
2023-11-08,1277.512939453125,1296.0037350621596,1270.946936621609,1291.7552697970327,175059
2023-11-09,1268.05029296875,1291.6587207217046,1260.808429502338,1277.4647154750858,284805
2023-11-10,1229.427001953125,1234.0135154102445,1174.14744502258,1197.321407753289,2873040
2023-11-13,1245.9866943359375,1248.4488570387073,1222.4748026640045,1234.013457248951,414961
2023-11-15,1260.1806640625,1271.9125053933642,1245.6004038393924,1256.2701288647859,479683
2023-11-16,1280.216552734375,1289.0033231753123,1256.5115912511737,1264.6223837388898,402212
2023-11-17,1293.251953125,1314.92933513679,1247.0488878235465,1279.3958779451793,475143
2023-11-20,1281.18212890625,1317.5363055801272,1276.6921501687189,1294.410669679932,431361
2023-11-21,1283.5960693359375,1291.9483750052227,1272.7816009378496,1281.1821149730727,352940
2023-11-22,1289.77587890625,1299.9628139613117,1277.1267810024483,1283.596131862515,221435
2023-11-23,1285.9617919921875,1307.5907283957904,1280.3613708244447,1289.051606373027,260377
2023-11-24,1279.347412109375,1294.1691853354355,1275.5334115841272,1289.0515552345266,503470
2023-11-28,1296.534912109375,1298.7074710758588,1278.7681840985786,1284.1754183969424,428007
2023-11-29,1367.1187744140625,1372.4777997929375,1304.6938963077396,1309.5218046242558,1630251
2023-11-30,1430.8955078125,1454.648793444662,1359.8769284659165,1369.5327452162958,1961530
2023-12-01,1400.817626953125,1436.7855446536273,1396.231113957759,1436.7855446536273,1186611
2023-12-04,1414.432373046875,1423.2674694465882,1400.817694233133,1419.4051425281443,605154
2023-12-05,1384.74072265625,1414.432360580086,1377.6920468135347,1407.9146839626585,535244
2023-12-06,1382.9061279296875,1395.2656214122349,1373.1055675138218,1384.7890830536046,416187
2023-12-07,1400.6246337890625,1411.8735667142487,1386.3823031882819,1393.2379099375967,353373
2023-12-08,1391.0653076171875,1411.6804534560604,1373.3951152588047,1409.7492900450397,274606
2023-12-11,1395.265625,1399.4658820274378,1379.8163170415226,1391.065367972562,630927
2023-12-12,1403.4730224609375,1418.6326082357434,1395.2655778851424,1395.2655778851424,460685
2023-12-13,1416.60498046875,1420.3707729170146,1388.796296424598,1411.1977461714594,509346
2023-12-14,1430.0264892578125,1456.048868771645,1415.6392984389754,1422.301835703415,690315
2023-12-15,1436.78564453125,1446.3449274335578,1430.0265722787508,1436.8339707663142,345092
2023-12-18,1427.7091064453125,1441.3721113458603,1423.267454110734,1435.8200164604216,184684
2023-12-19,1434.5648193359375,1441.5652873187103,1424.281467559789,1427.7092121955482,234878
2023-12-20,1393.6241455078125,1449.289837445986,1377.01606918004,1438.7167647452357,348870
2023-12-21,1403.666015625,1408.204320160051,1371.125960746378,1375.9538690588654,227365
2023-12-22,1424.32958984375,1428.095382173762,1404.9214205969056,1406.8525840616437,117221
2023-12-26,1400.8660888671875,1433.8406122483573,1395.9415275106294,1419.4052118333818,283178
2023-12-27,1426.357177734375,1429.0608535237186,1403.8591958292673,1405.7420329144086,181211
2023-12-28,1440.6478271484375,1449.8208528574926,1427.178010228472,1430.41268519421,457822
2023-12-29,1425.48828125,1448.3725199171479,1417.9083707673476,1440.6478664775898,199370
2024-01-01,1415.5428466796875,1438.3305524249051,1410.328681651569,1433.7923653436696,373747
2024-01-02,1404.6317138671875,1421.8674422683584,1391.0170348697723,1409.7493442507123,385614
2024-01-03,1425.0537109375,1441.9513904807782,1402.6039366871446,1409.6044039265028,798316
2024-01-04,1465.56005859375,1475.988270995119,1409.8459197076866,1429.0610205167875,782324
2024-01-05,1447.8897705078125,1484.4370145657313,1441.1306985547917,1471.3534531494147,336177
2024-01-08,1437.8477783203125,1452.379830986969,1416.0739803070205,1452.379830986969,179830
2024-01-09,1429.4954833984375,1460.0079616073779,1419.4052010554883,1439.0547664895237,249633
2024-01-10,1424.571044921875,1435.8200961487305,1402.5558512234309,1424.1847886389826,252839
2024-01-11,1438.0889892578125,1454.1659471073715,1424.3777771431191,1424.5708463232154,213714
2024-01-12,1423.4605712890625,1441.951485408936,1413.6116845687122,1441.5170207681929,143263
2024-01-15,1402.797119140625,1439.6822923607413,1400.0451170432395,1429.0608938255514,327345
2024-01-16,1387.541015625,1408.7838147507828,1380.6370823353466,1404.8731614005342,275059
2024-01-17,1368.229248046875,1388.3133942483173,1364.3185950739332,1375.9539015291439,149763
2024-01-18,1332.79248046875,1371.657144267329,1325.4057568189746,1363.1116518450992,542033
2024-01-19,1381.843994140625,1389.6169742366724,1333.4683729044673,1333.4683729044673,371635
2024-01-23,1317.005126953125,1376.9195192401148,1303.8732392634572,1366.298120424097,708076
2024-01-24,1355.4354248046875,1358.0907747019005,1314.6879208022742,1321.495201635626,459690
2024-01-25,1340.372314453125,1358.380437457723,1328.3507510822742,1355.4353660064764,151135
2024-01-29,1345.9725341796875,1356.1111418083226,1336.4615782161202,1340.2273703376704,190949
2024-01-30,1342.0137939453125,1372.6710150168171,1332.792558801031,1356.1595903914497,727506
2024-01-31,1346.938232421875,1349.3521868280714,1328.0128534510693,1345.055395132589,201126
2024-02-01,1314.011962890625,1358.5735863286989,1303.63195858854,1358.5735863286989,493016
2024-02-02,1330.04052734375,1350.1730010196861,1313.2394992778502,1327.6748992163289,488731
2024-02-05,1317.4398193359375,1340.5654560849764,1312.6119103804913,1340.5654560849764,387501
2024-02-06,1342.641357421875,1344.089729975728,1305.4664618729773,1319.9501874115088,384002
2024-02-07,1376.098876953125,1380.299134060122,1342.1586543151939,1342.641445198041,652247
2024-02-08,1312.9498291015625,1379.6232983483662,1310.3428054356712,1377.8852039918586,553897
2024-02-09,1330.281982421875,1336.365194834929,1311.5014637894092,1322.8470498004717,309793
2024-02-12,1304.6939697265625,1331.199258597076,1299.528131110965,1325.7436983186421,159890
2024-02-13,1320.33642578125,1324.1987525392067,1299.2384894396837,1304.7422579222284,446582
2024-02-14,1331.778564453125,1339.4548918478338,1300.6385545175708,1318.0190251792753,152372
2024-02-15,1297.1141357421875,1395.7000024175388,1277.7542936378911,1355.6766886363246,1814089
2024-02-16,1310.29443359375,1330.5716503258566,1298.7074526039746,1301.6525240864223,705754
2024-02-19,1308.3150634765625,1329.7510509888073,1303.2457588300615,1317.0536262528435,731652
2024-02-20,1292.4312744140625,1319.85382185288,1290.5001107615947,1312.2257018518574,417078
2024-02-21,1278.623291015625,1307.5425348059568,1275.1472203306853,1293.8312033974933,261995
2024-02-22,1290.4034423828125,1291.7069541393244,1269.1123181739538,1280.4096950910707,168663
2024-02-23,1274.7127685546875,1305.9493145375045,1262.836065903399,1305.9493145375045,701117
2024-02-26,1261.7255859375,1274.5678699565772,1259.50481870359,1272.636706517249,236959
2024-02-27,1249.7525634765625,1276.3060628191013,1231.8409740452287,1264.9121504991178,882971
2024-02-28,1230.8270263671875,1260.9049218637538,1218.4676505199127,1249.6558707490321,897732
2024-02-29,1258.877197265625,1265.5879432310194,1218.564159500839,1223.440394449874,698898
2024-03-01,1275.8714599609375,1278.2372060405366,1249.80075193094,1255.1114517148283,672320
2024-03-04,1291.851806640625,1303.5353218777568,1266.9397511194163,1266.9397511194163,411404
2024-03-05,1315.508544921875,1474.4432707711046,1308.7976813178739,1351.8143936342806,7187722
2024-03-06,1344.765625,1372.3813567068948,1299.6246792307045,1312.2738941584748,2895758
2024-03-07,1329.7508544921875,1353.7455360328352,1325.2608760378503,1345.055300780128,567344
2024-03-11,1353.40771484375,1364.7533006693286,1331.0544732391556,1334.4823356786862,1107120
2024-03-12,1351.959228515625,1367.2636747474658,1335.2064097469754,1356.5457415488527,605793
2024-03-13,1304.01806640625,1353.6971969829583,1294.1691803606473,1351.9592206701884,511225
2024-03-14,1319.7572021484375,1322.7504820429863,1285.237654086335,1303.5353813661122,536499
2024-03-15,1295.1348876953125,1321.7849212296562,1283.1133238219595,1313.1912198202938,474116
2024-03-18,1293.30029296875,1305.418273898096,1286.203290276993,1287.1688720818272,325428
2024-03-19,1279.444091796875,1296.8727709385223,1275.5334387243997,1290.7413506546868,356723
2024-03-20,1292.7689208984375,1298.2728068219667,1282.9200355788478,1283.2579655701263,266074
2024-03-21,1385.07861328125,1393.3343839093375,1304.4043334997068,1304.4043334997068,1693364
2024-03-22,1375.326416015625,1385.0787686414174,1367.263831543223,1385.0787686414174,401210
2024-03-26,1432.1025390625,1444.3653796516692,1362.3874687671102,1371.1260304042028,1560486
2024-03-27,1427.3228759765625,1436.8339503777102,1398.403750111277,1427.9505276791613,2344685
2024-03-28,1429.4954833984375,1443.5447452911258,1415.3498047714486,1424.2331099026158,607341
2024-04-01,1509.880126953125,1530.4470652615998,1453.2005256900366,1453.2005256900366,1405599
2024-04-02,1508.962890625,1527.5503394456887,1497.1828403381362,1506.3558670288658,1024805
2024-04-03,1574.09130859375,1604.796855135587,1483.1335556487736,1506.9833775276109,1550553
2024-04-04,1609.1903076171875,1616.8183091234273,1562.745731291199,1588.3819738217035,1526762
2024-04-05,1597.79638671875,1602.0449699550475,1565.0149337429532,1570.084237885738,659689
2024-04-08,1616.576904296875,1638.3991459475062,1602.91401695122,1609.1419720356753,612259
2024-04-09,1618.073486328125,1640.0404693589855,1605.5692508273314,1625.701605108217,553797
2024-04-10,1592.6787109375,1625.7982108737422,1587.706059405715,1619.280534304538,324260
2024-04-12,1609.962646484375,1630.0467932733923,1592.3407802124098,1602.4311798401397,861674
2024-04-15,1590.989013671875,1612.280138558736,1554.586628584857,1573.9947983244722,310331
2024-04-16,1577.036376953125,1597.5066626948528,1570.0842355722382,1588.3819623988309,479495
2024-04-18,1598.713623046875,1633.7642869897684,1578.7744546195436,1579.7882447146199,539125
2024-04-19,1594.899658203125,1602.865707653814,1570.7117881780316,1593.2098901378272,195684
2024-04-22,1584.66455078125,1613.1492130928123,1576.6019665481917,1598.8103473334777,178305
2024-04-23,1561.828369140625,1585.48512032699,1531.4125461867272,1584.6643994718468,691937
2024-04-24,1586.354248046875,1612.5214893603268,1560.9111930310403,1569.070311503312,541443
2024-04-25,1598.0860595703125,1607.8866196518836,1572.9809350586713,1583.5540076573757,364893
2024-04-26,1629.853515625,1657.9037099916789,1596.878996235625,1598.0376470799235,1274470
2024-04-29,1639.36474609375,1646.8962130398706,1628.1639034727198,1646.3168875623023,357609
2024-04-30,1661.42822265625,1693.5338150890473,1637.143818640828,1648.1996822708925,717003
2024-05-02,1657.759033203125,1683.057346221417,1644.4340755390183,1662.7318028772575,232700
2024-05-03,1642.4061279296875,1682.333025093432,1626.0395654369952,1657.7589003695211,291478
2024-05-06,1616.8182373046875,1657.7589251328563,1611.5075379320654,1657.2761342807999,211743
2024-05-07,1618.2183837890625,1627.9707353201147,1590.5061184629503,1622.177245158833,382854
2024-05-08,1602.1898193359375,1635.0678066770638,1579.7400440069553,1600.4517250661481,509893
2024-05-09,1543.3858642578125,1591.2786945991602,1457.7386938939303,1515.9633194907049,2844120
2024-05-10,1606.0037841796875,1614.452624168608,1535.9025753882438,1543.7720899231251,515191
2024-05-13,1633.474609375,1641.488985096843,1584.326592292782,1608.6108791595625,267829
2024-05-14,1619.5703125,1641.4889710243674,1608.755726204873,1636.6610622860605,300769
2024-05-15,1613.9698486328125,1631.5433888290409,1605.2796131331443,1619.280548104832,361547
2024-05-16,1638.350830078125,1651.5792528713891,1616.3838453223993,1616.3838453223993,657004
2024-05-17,1621.7427978515625,1650.082597285836,1612.569771664972,1650.082597285836,269108
2024-05-21,1644.77197265625,1662.4903741533137,1616.4321719341615,1656.9382791038688,393037
2024-05-22,1649.3583984375,1656.3105395047023,1625.315390621064,1633.9090912936192,299569
2024-05-23,1659.4005126953125,1662.9731179131493,1636.9989460613315,1658.7728610032973,327316
2024-05-24,1636.6126708984375,1660.8005398619953,1623.3842486296394,1660.8005398619953,308953
2024-05-27,1649.455078125,1661.7662458382117,1624.1085563625056,1646.3169373353578,1013504
2024-05-28,1685.326416015625,1702.3206313022713,1649.5998911386062,1654.620869108911,1527315
2024-05-29,1679.050048828125,1693.0026573047833,1667.511276742849,1691.0714938965891,378282
2024-05-30,1616.3837890625,1681.7536239457388,1608.6591353513293,1675.2842736101777,449890
2024-05-31,1649.15234375,1709.0565339592904,1640.6296402056382,1666.3448383279836,2333675
2024-06-03,1670.948974609375,1731.0491596978873,1662.3283326362648,1667.3244041727623,760677
2024-06-04,1613.1510009765625,1683.9290196056477,1546.9282697468436,1680.0595425450672,1010052
2024-06-05,1711.75048828125,1719.1467168265685,1612.4653578720736,1628.1393832219842,472585
2024-06-06,1717.5302734375,1774.0546783504108,1704.5502214637102,1704.5502214637102,610386
2024-06-07,1737.02490234375,1750.3968291397703,1703.6196597266394,1720.812034535817,432111
2024-06-10,1723.5550537109375,1752.943851536235,1707.2932761642712,1741.1393032430774,605852
2024-06-11,1721.0079345703125,1726.1019446895316,1694.7538957507888,1725.1223181601958,622637
2024-06-12,1742.7066650390625,1764.2095403234723,1721.3018480797825,1721.3018480797825,1269416
2024-06-13,1756.176513671875,1768.225968381153,1749.1722793252777,1759.164422559809,441208
2024-06-14,1733.9390869140625,1765.2871382029043,1728.306233948099,1756.1765629637546,517872
2024-06-18,1713.072998046875,1745.4987343715302,1706.509547620128,1737.6617215236765,269465
2024-06-19,1704.9910888671875,1733.6941964295106,1700.925734094418,1727.2775942881628,248556
2024-06-20,1706.75439453125,1734.18393853864,1698.8683527957967,1708.5177701936252,500674
2024-06-21,1682.3616943359375,1721.9386323454808,1677.1697451777075,1709.98723582403,395822
2024-06-24,1696.3212890625,1712.485126937388,1667.373396618373,1689.8557778292084,574432
2024-06-25,1744.51904296875,1752.5519330061034,1694.9009333020806,1705.529857665526,838901
2024-06-26,1739.22900390625,1771.164805576868,1729.040863851312,1744.5190112024022,545369
2024-06-27,1792.031005859375,1811.1337247581382,1729.481751131891,1741.825142086984,1705527
2024-06-28,1759.262451171875,1819.0196753166538,1755.4909125810423,1794.1861642813499,612710
2024-07-01,1752.16015625,1782.7734882583911,1746.037489848322,1772.0466245559821,626549
2024-07-02,1760.3890380859375,1769.1566485112983,1720.2243466215396,1757.303190312861,676981
2024-07-03,1754.8050537109375,1772.9281445437048,1748.87826536203,1763.6216924944458,230765
2024-07-04,1767.393310546875,1782.9203678557676,1741.825080836597,1757.3521381454896,544984
2024-07-05,1773.7119140625,1779.491734971365,1754.5112564457556,1771.9486579165705,112079
2024-07-08,1748.0457763671875,1781.3530816705486,1733.9391290279218,1781.3530816705486,163632
2024-07-09,1770.1851806640625,1773.6138735983868,1739.5718508933087,1748.6333965054519,364828
2024-07-10,1786.544921875,1796.6351233454377,1751.229455895111,1776.0629654445356,645190
2024-07-11,1794.577880859375,1805.5986794240375,1786.0550582193785,1786.936746021215,315839
2024-07-12,1809.1253662109375,1826.709615290286,1786.446987223049,1799.7698846441233,658785
2024-07-15,1798.7413330078125,1818.1378671560337,1791.981885823589,1818.1378671560337,200141
2024-07-16,1797.27197265625,1830.3343705359332,1792.7166850317174,1794.6759382394023,373096
2024-07-18,1810.4969482421875,1847.5267624535607,1788.6023173642336,1824.2117208204725,1628821
2024-07-19,1803.7374267578125,1812.3091592678634,1774.5445070616827,1812.3091592678634,350796
2024-07-22,1775.13232421875,1801.4841825460624,1764.84624552222,1793.0105086198614,911815
2024-07-23,1698.6234130859375,1788.74905592718,1630.6863355782516,1787.8184585355166,1576637
2024-07-24,1707.1463623046875,1724.0449215892218,1681.088317991289,1699.750133451169,649123
2024-07-25,1706.9993896484375,1714.297560152484,1676.4350868608037,1694.7540568676022,220022
2024-07-26,1746.8701171875,1757.8420069322428,1705.9707063588662,1714.3465616792582,633110
2024-07-29,1744.7640380859375,1776.8468098670626,1738.396465060676,1758.429781591437,980140
2024-07-30,1771.5567626953125,1793.500422394239,1730.5594135098504,1746.6742232041188,853262
2024-07-31,1800.651611328125,1809.5172798017709,1760.14407574456,1771.5567494357756,424820
2024-08-01,1826.3668212890625,1837.7794950550835,1794.3819889963056,1812.3092035457912,590106
2024-08-02,1839.3958740234375,1856.3923712898222,1805.1089436829923,1812.309175137821,686110
2024-08-05,1786.98583984375,1831.3628519199206,1766.3157430378524,1826.0729640841216,721723
2024-08-06,1751.5233154296875,1802.5129273212067,1635.9764068621823,1793.6472588399115,828312
2024-08-07,1817.5992431640625,1820.6360617501819,1755.9807052392796,1775.5242083512899,536312
2024-08-08,1810.3990478515625,1825.1423569355652,1791.2472993335325,1804.668136378992,570449
2024-08-09,1840.9141845703125,1845.616439893816,1809.9090995986253,1812.5540434785207,402019
2024-08-12,1851.5921630859375,1865.453903020848,1828.1790640571828,1840.914209515642,320451
2024-08-13,1815.345947265625,1866.1395602847992,1805.206836326244,1861.290456665236,950346
2024-08-14,1779.442626953125,1861.339503490242,1748.7803872049667,1861.2904743286417,1740368
2024-08-16,1796.5860595703125,1841.697909931483,1758.429653365432,1779.4425949831843,350869
2024-08-19,1802.855712890625,1822.9380573384472,1794.9207616840033,1795.655481602826,212058
2024-08-20,1837.09375,1839.7386938991144,1796.3902182840793,1802.8557297133864,758672
2024-08-21,1876.523681640625,1909.1942030960338,1841.6979100298709,1861.2904409876355,1417791
2024-08-22,1888.9158935546875,1892.8343998121047,1863.1517866621612,1880.0503448972734,442710
2024-08-23,1862.07421875,1893.030394223575,1857.6168700551025,1884.8505363393374,268498
2024-08-26,1896.802001953125,1904.3941080939317,1864.964137491678,1871.0377745709934,213897
2024-08-27,1945.7833251953125,1960.8205695186716,1882.3525031404872,1901.3572830087137,803610
2024-08-28,1918.549560546875,1947.938356917171,1887.7403535186756,1944.5586931679145,383583
2024-08-29,1933.5379638671875,1939.6606299972293,1910.369771314445,1932.4113693825952,199579
2024-08-30,1925.798828125,1948.2323000218016,1920.1170658887556,1933.8318375796696,398548
2024-09-02,1924.96630859375,1938.6810812758429,1917.3251731232529,1931.8236949347963,177607
2024-09-03,1938.240234375,1949.1629751693551,1903.022586770884,1948.2814069064257,1107585
2024-09-04,1918.10888671875,1947.497684778792,1910.2228447393086,1910.271873902739,309329
2024-09-05,1948.72216796875,1971.1066113327622,1913.455611202695,1920.0680905963304,531077
2024-09-06,1936.281005859375,1963.1717082209882,1925.456084086004,1963.1717082209882,418731
2024-09-09,1948.771240234375,1953.8652507132579,1926.4357059551876,1937.1625693754602,489447
2024-09-10,1919.8232421875,1960.6736238473288,1911.3494481241723,1952.3958268553067,550436
2024-09-11,1908.900390625,1939.5627513882055,1903.414505519068,1919.0885312979178,287550
2024-09-12,1945.9302978515625,1949.7018363365535,1916.9822840522759,1926.4847338012482,175461
2024-09-13,1972.037353515625,2036.3987726023058,1959.2531786913346,1993.540109318433,2042604
2024-09-16,1972.5760498046875,1991.2868934923526,1963.17165859038,1983.7438166893812,597148
2024-09-17,1982.6171875,1998.3402416051554,1950.8772630719839,1977.9150517668288,680183
2024-09-18,1975.90673828125,2001.8668416845487,1965.424782098906,1991.5807629775813,258606
2024-09-19,1993.9808349609375,2018.0307148572488,1968.2167281668783,1988.5439792995423,568103
2024-09-20,1949.114013671875,1974.0454618500414,1887.8873535257685,1960.2327512377437,1609685
2024-09-23,1983.6458740234375,1991.9236707421371,1945.7832830137677,1963.1716547058982,497938
2024-09-24,1950.4365234375,1988.6419601095556,1945.5874196932223,1979.629443394605,504707
2024-09-25,2000.9852294921875,2003.3363572021456,1945.7342664331263,1973.4087173333517,778581
2024-09-26,2005.7855224609375,2017.051228692098,1971.4006517068444,2000.9853280631687,371331
2024-09-27,2015.8265380859375,2027.6310858750107,1990.7970318402197,1993.6379727586811,497651
2024-09-30,1990.454345703125,2022.9289924280176,1983.7929563642551,2009.2142195979973,452799
2024-10-01,1916.0516357421875,1968.5105669132317,1911.643316168991,1958.2735170710266,1481783
2024-10-03,1924.03564453125,1934.2726945240927,1891.6589380228022,1900.4755772989313,692362
2024-10-04,1891.0220947265625,1939.6605770526528,1871.8214381835135,1939.6605770526528,645007
2024-10-07,1843.6572265625,1905.7655757523116,1832.9792729064459,1905.4227303654177,763109
2024-10-08,1845.66552734375,1865.6498141414693,1829.9915018814922,1849.5350045464152,481031
2024-10-09,1894.303955078125,1915.1700500035668,1851.739226096799,1856.392452561002,586719
2024-10-10,1903.8062744140625,1928.3458479120688,1888.7690306837494,1902.777618696088,265399
2024-10-11,1905.814453125,1926.9254534349543,1892.0996812144308,1896.9489044613747,266597
2024-10-14,1910.2227783203125,1919.2354144953488,1898.4183499266342,1903.512360246591,172629
2024-10-15,1917.0802001953125,1933.7828813247856,1904.0022091850847,1910.222814091324,189573
2024-10-16,1916.933349609375,1932.803252455099,1901.112356342913,1928.5908103057247,262413
2024-10-17,1915.6107177734375,1955.7754069190958,1900.3775964450158,1927.9050789915955,406410
2024-10-18,1928.6397705078125,1943.5300462359926,1884.5075465925156,1910.2717726934522,565171
2024-10-21,1905.3736572265625,1947.9383833811492,1901.3081830901092,1928.6397880024654,153127
2024-10-22,1871.5765380859375,1922.4680899142502,1862.0742083116058,1900.4755215319124,357684
2024-10-23,1885.8302001953125,1916.7863762810575,1851.5432698128966,1861.290506473997,505143
2024-10-24,1890.8262939453125,1912.1820819402208,1880.001372250461,1897.5367121961974,401045
2024-10-25,1884.3607177734375,1907.332912777621,1856.4902703847583,1892.9813597535135,452701
2024-10-28,1886.858642578125,1909.243084955738,1868.245738438464,1895.577342644419,157044
2024-10-29,1920.410888671875,1930.5499995756725,1862.9068578616202,1886.858679241846,999517
2024-10-30,1928.3948974609375,1962.192014028071,1917.6190052221414,1933.7828435803356,549677
2024-10-31,1891.1201171875,1935.84009527713,1870.4500198982598,1924.9662639622527,464639
2024-11-01,1892.099609375,1922.0272476340247,1887.6423804232902,1922.0272476340247,26412
2024-11-04,1862.319091796875,1900.4754979034124,1852.5228263437646,1892.7364242787914,170366
2024-11-05,1874.3685302734375,1887.544579786966,1809.370329312002,1834.1059009498624,511354
2024-11-06,1855.3148193359375,1922.4681502080412,1850.1717797478118,1862.4660216799084,348733
2024-11-07,1786.69189453125,1851.4942160082012,1753.482529914756,1851.4942160082012,680859
2024-11-08,1767.78515625,1807.4600319203196,1750.5926622928666,1792.7166043625887,155826
2024-11-11,1780.12841796875,1785.8592093976572,1738.8371347673294,1766.2666783016873,300918
2024-11-12,1756.176513671875,1792.7166327631635,1746.7232128870767,1780.1284551874746,300260
2024-11-13,1734.23291015625,1767.050399219018,1725.1713646687692,1751.5722520665345,194824
2024-11-14,1739.669921875,1753.5316625655778,1720.2733864077911,1734.2330658444166,329256
2024-11-18,1847.23291015625,1885.7811926981155,1808.4397209659824,1827.9832236751602,3587575
2024-11-19,1857.812744140625,1873.976582400305,1836.799802236369,1847.5756944094892,758238
2024-11-21,1860.8497314453125,1875.25019444302,1835.7222855683692,1861.2905155761985,685006
2024-11-22,1888.0833740234375,1894.5979150731107,1864.1804601751355,1872.0665024326343,663522
2024-11-25,1892.9324951171875,1912.2310909786736,1882.989261378067,1905.3737048942214,578112
2024-11-26,1912.03515625,1934.7624444732696,1883.185082479888,1900.034730961495,975300
2024-11-27,1900.867431640625,1916.982240979559,1877.2094259178723,1900.5734958345495,285351
2024-11-28,1872.9970703125,1911.3494764438726,1856.3924469187739,1911.3494764438726,442414
2024-11-29,1877.9931640625,1885.0464275339625,1864.2293629191274,1878.776793568595,648060
2024-12-02,1896.1162109375,1904.1491007898196,1871.184643565592,1877.9931198174427,416898
2024-12-03,1893.42236328125,1906.500354633226,1888.0833264964904,1896.4101526974978,276132
2024-12-04,1908.11669921875,1913.9944586952429,1885.5362587298948,1902.6797238696652,349574
2024-12-05,1898.075439453125,1929.8642726592875,1883.4299510146798,1919.9700685790683,350822
2024-12-06,1911.790283203125,1925.358087300025,1890.777221497106,1893.5691333088648,437620
2024-12-09,1950.73046875,1959.4001401203902,1896.5570707049035,1900.4265478867003,1030309
2024-12-10,1991.8258056640625,2012.7897194606799,1954.4530265593564,1959.2532208671462,1017512
2024-12-11,2022.4390869140625,2026.8474065513176,1987.025561911448,1988.495001790533,519979
2024-12-12,2084.008544921875,2089.44528070135,2015.091724501373,2019.9898570354064,1360458
2024-12-13,2050.211669921875,2081.6575409635793,2013.1817358057967,2081.6575409635793,327431
2024-12-16,2076.024658203125,2081.216727054761,2051.2890863706316,2052.5626487933578,246083
2024-12-17,2062.015869140625,2085.478116798294,2044.9214333472316,2085.478116798294,392484
2024-12-18,2071.6162109375,2083.665665297938,2051.974650838435,2061.624067992248,475986
2024-12-19,2093.315185546875,2105.1194946853043,2030.6678734526974,2040.8071043793238,545143
2024-12-20,2033.3619384765625,2110.1157813429577,2028.561863609995,2110.1157813429577,414899
2024-12-23,2025.427001953125,2056.1381520187842,2016.5613334892016,2033.8028571225404,408710
2024-12-24,1993.5401611328125,2025.4760844421914,1985.899025703985,2018.0308265029944,335157
2024-12-26,2020.4798583984375,2047.41958984375,1978.8947571461852,1993.540126953125,222471
2024-12-27,2027.435302734375,2032.7251906965155,2000.5444808713103,2032.7251906965155,285101
2024-12-30,2058.685302734375,2087.584287474163,2008.234532764915,2008.234532764915,489358
2024-12-31,2092.62939453125,2117.707932699176,2054.179048118185,2064.0733730529264,918815
2025-01-01,2169.921875,2175.015885314915,2087.5842142128517,2087.5842142128517,1001913
2025-01-02,2210.919189453125,2221.793140436738,2155.178531287841,2156.9909361739938,727623
2025-01-03,2191.66943359375,2228.6503347528355,2182.7547365880864,2204.1596717335738,1661048
2025-01-06,2141.267822265625,2210.5273735046553,2120.0099733539723,2180.746821196777,454156
2025-01-07,2164.14208984375,2176.485481138792,2140.239295563396,2155.178601780282,315147
2025-01-08,2134.80224609375,2171.1955179066035,2116.140311467417,2164.9747933089425,284401
2025-01-09,2091.600830078125,2202.6413606662536,2085.625012206459,2135.9289333201837,238684
2025-01-10,2093.021240234375,2106.540135019629,2056.285243082406,2094.343592631857,434479
2025-01-13,2053.787109375,2093.0212014394133,2044.7745927407636,2093.0212014394133,473794
2025-01-14,2080.580078125,2103.5522743713586,2062.0649916354078,2066.9631247014395,312670
2025-01-15,2135.14501953125,2150.9168629296396,2072.84067748347,2086.5554486994415,325597
2025-01-16,2135.5859375,2170.852494266055,2129.708178038991,2139.4554146451687,348613
2025-01-17,2105.805419921875,2150.2803715761993,2099.339788741592,2145.3822386113334,164362
2025-01-20,2098.555908203125,2130.491828800592,2087.8290455152123,2106.343891296178,227843
2025-01-21,2120.940673828125,2138.5249239262994,2086.604712763636,2106.1972452778487,212025
2025-01-22,2152.680419921875,2159.5868352710413,2097.5764237848844,2120.9406138136283,649820
2025-01-23,2150.37841796875,2178.6895306819056,2132.549022742262,2160.0766255187054,640641
2025-01-24,2129.120361328125,2157.970556093164,2118.2466495448534,2146.3618851916694,209999
2025-01-27,2095.42138671875,2141.4638388813405,2081.412677908289,2127.749065896739,390826
2025-01-28,2092.38427734375,2127.063201125849,2055.2565263241877,2087.6822611811826,312942
2025-01-29,2165.562744140625,2178.150802953526,2081.8046664945,2092.286623699923,518813
2025-01-30,2164.6318359375,2187.212277056408,2142.933202264658,2187.212277056408,377592
2025-01-31,2212.780517578125,2223.0175672783694,2161.5950299102633,2169.8728264940346,509537
2025-02-01,2137.986083984375,2228.6505761347485,2111.6342233881696,2213.9561767316623,200225
2025-02-03,2128.189697265625,2137.3983305370352,2089.0046344085017,2118.9322739989584,323920
2025-02-04,2193.3837890625,2201.3188595801603,2125.740529690645,2128.1895960026845,513536
2025-02-05,2219.980712890625,2261.908778995584,2193.530794822074,2215.3274865637504,546000
2025-02-06,2188.093994140625,2233.4995419883603,2183.783493748947,2220.8134257881834,331713
2025-02-07,2198.821044921875,2218.315519588712,2180.5508644007814,2188.0941809385317,560151
2025-02-10,2156.990966796875,2218.511327139177,2147.9782105683953,2204.159892836923,320583
2025-02-11,2143.618896484375,2207.637591004506,2114.0342207465537,2203.9639912233197,642555
2025-02-12,2138.3779296875,2169.1871371305106,2087.5841969436374,2151.259923269933,345842
2025-02-13,2270.57861328125,2287.23226571572,2181.6284689155736,2202.9843769295776,4108598
2025-02-14,2208.9599609375,2283.411583759761,2165.0728798703326,2279.5911356237016,1321117
2025-02-17,2198.18408203125,2219.9319843788326,2157.7256938650767,2209.3029398606072,594759
2025-02-18,2198.77197265625,2206.3640790443483,2164.1911047584204,2191.718708748381,553596
2025-02-19,2218.0703125,2225.417511379295,2173.595364283986,2201.465690866119,514370
2025-02-20,2229.875,2257.990234978313,2202.6413332759516,2217.874574409665,813091
2025-02-21,2167.0322265625,2243.0020825828014,2136.6638001542133,2234.283500990314,586551
2025-02-24,2143.9619140625,2166.542355771495,2103.307408819983,2155.3254394977625,557806
2025-02-25,2138.769775390625,2185.3020389110898,2115.258736980285,2165.2687227656093,672944
2025-02-27,2163.652099609375,2209.0578861962963,2150.280292772005,2172.468738623019,1302048
2025-02-28,2089.34765625,2160.174707125587,2077.0532946105795,2160.174707125587,844753
2025-03-03,2102.572509765625,2116.6790364033195,2071.371308516086,2088.906767241614,292700
2025-03-04,2107.911376953125,2114.76876263393,2075.7305499129807,2099.5845514835764,618729
2025-03-05,2082.587890625,2120.8423534659405,2064.1711036703846,2107.911331437537,521020
2025-03-06,2132.500244140625,2141.610580120078,2088.8088024363706,2101.1031640089786,810783
2025-03-07,2135.047119140625,2140.973907830681,2106.4420706076053,2121.1364694259355,472598
2025-03-10,2140.09228515625,2184.077422167467,2123.9284468670535,2125.250799227094,602812
2025-03-11,2140.09228515625,2152.043681391297,2110.9483949075475,2130.0999028805245,369344
2025-03-12,2163.9951171875,2171.8321298346254,2137.8391353110483,2160.0766108639373,400262
2025-03-13,2151.602783203125,2160.027427698146,2111.6339737191115,2160.027427698146,448206
2025-03-17,2243.540771484375,2260.978172642242,2186.5265517060157,2186.5265517060157,1684308
2025-03-18,2243.540771484375,2243.540771484375,2243.540771484375,2243.540771484375,0
2025-03-19,2367.21875,2374.6149789765964,2265.3866084502392,2287.428207883809,1242059
2025-03-20,2326.3681640625,2385.7824190223905,2319.755684808927,2375.937363467049,1048487
2025-03-21,2308.588134765625,2351.103833419976,2294.187432452608,2346.205700433685,917706
2025-03-24,2304.62060546875,2337.3890674026534,2298.791875032572,2326.613174803563,503852
2025-03-25,2297.6650390625,2339.4462548326683,2265.87620541476,2339.4462548326683,463040
2025-03-26,2266.415283203125,2318.972157291853,2253.0922651007963,2307.412514992283,329877
2025-03-27,2290.26904296875,2309.8615759140034,2252.1616620568966,2266.3662484422052,1195890
2025-03-28,2334.35205078125,2352.0343581485013,2284.538183350489,2311.918698064149,972236
2025-04-01,2291.150634765625,2341.0625599116884,2279.0521511442003,2334.352022342995,525365
2025-04-02,2295.069091796875,2308.24502084647,2261.957667112785,2291.15058566069,541167
2025-04-03,2321.9599609375,2344.9321569957356,2263.182364626457,2277.6318570529215,737548
2025-04-04,2300.457275390625,2325.8785387420276,2287.9180066260947,2318.7762456364662,308590
2025-04-07,2208.372314453125,2260.831367244753,2106.197211210823,2106.197211210823,679275
2025-04-08,2245.94091796875,2276.603279599124,2200.4373084259605,2266.905071540845,881984
2025-04-09,2096.35205078125,2260.5375768214326,1970.2741458158282,2260.5375768214326,5887072
2025-04-11,1975.90673828125,2060.938370092174,1924.9661580181737,2056.382963164821,3912506
2025-04-15,2009.214111328125,2018.0307505294672,1964.64110203245,2003.3363518605634,1955402
2025-04-16,2038.30908203125,2047.4196575272626,2000.4955180146371,2018.030858615388,947851
2025-04-17,2068.57958984375,2092.4823828197896,2038.504862390317,2038.6029207153472,1289031
2025-04-21,2158.705078125,2165.954218649214,2091.404545398119,2091.404545398119,1434482
2025-04-22,2226.3974609375,2257.0598232093985,2181.628570437209,2194.3637170091374,1302934
2025-04-23,2146.753662109375,2240.308003565801,2130.0021905423,2233.548675608909,1113969
2025-04-24,2106.68701171875,2177.4160046880675,2101.299065397219,2163.897109720713,809887
2025-04-25,2075.6494140625,2148.6324081093,2058.593676720342,2131.9732201101806,704651
2025-04-28,2115.51220703125,2120.0737347291943,2038.562996901545,2076.4426569330835,667666
2025-04-29,2134.25390625,2144.3683350648794,2104.009636090703,2115.611488028171,479766
2025-04-30,2151.706298828125,2171.439591820941,2129.295934594439,2136.931325249693,455012
2025-05-02,2151.21044921875,2159.63918049997,2108.769501854089,2150.9131582601867,642076
2025-05-05,2185.123779296875,2203.5676803711485,2153.7886360055777,2163.0107075895153,351108
2025-05-06,2229.349609375,2236.4891915657086,2193.651456327863,2202.774269243412,723267
2025-05-07,2289.044921875,2320.975131839324,2203.071914011288,2206.3442932919706,1555943
2025-05-08,2203.270263671875,2296.085566298813,2184.628086953151,2286.764477939451,695573
2025-05-09,2210.90576171875,2217.549536386998,2127.0150032160072,2127.0150032160072,434822
2025-05-12,2237.48095703125,2279.7238711416985,2216.3597420696365,2245.909688177272,428237
2025-05-13,2197.91552734375,2247.198764153536,2181.553873294045,2237.4808848446874,1064119
2025-05-14,2240.95166015625,2250.4712653202328,2192.8583107982276,2205.8485700395936,381840
2025-05-15,2086.4580078125,2255.924978598101,2067.518057308589,2255.924978598101,5206760
2025-05-16,2087.152099609375,2108.6701049301255,2063.1550558393765,2107.182681860577,1618006
2025-05-19,2067.617431640625,2085.367251014862,2066.030750113868,2077.4343275683004,882488
2025-05-20,2013.67333984375,2076.4426429416526,2010.0044112907017,2072.476181350551,1077938
2025-05-21,2072.07958984375,2075.0544359765117,2011.0951230753353,2014.6649142252895,839425
2025-05-22,2078.921630859375,2094.291669150966,2041.7360543474615,2076.4425924252473,854820
2025-05-23,2072.476318359375,2090.325396699312,2062.5601637260766,2079.417626602684,252058
2025-05-26,2077.434326171875,2097.2666347749478,2065.534941010031,2071.3853752104933,386078
2025-05-27,2045.3060302734375,2090.3252728028115,2041.7361179795962,2078.4258879481467,460653
2025-05-28,2074.85595703125,2088.3420232496,2042.7277150494663,2051.5529952333554,603063
2025-05-29,2047.8841552734375,2084.0781187804896,2041.2403802538793,2076.4427283223818,436101
2025-05-30,2196.82470703125,2224.193389490602,2050.6606908009653,2055.6187679063833,4946342
2025-06-02,2203.6669921875,2210.806574779504,2171.0426996739925,2189.486843289143,550551
2025-06-03,2215.665283203125,2231.1345797938006,2192.461580410708,2196.428041885897,523617
2025-06-04,2253.247802734375,2270.7000891447815,2204.1628386721363,2215.5664161815453,773777
2025-06-05,2275.36083984375,2288.450114970606,2248.587223500522,2253.2477675563623,323620
2025-06-06,2425.689697265625,2449.290193704661,2263.858102116494,2284.582768456548,2308405
2025-06-09,2518.60400390625,2526.6361859502103,2440.4648995227153,2454.2482575458284,1858820
2025-06-10,2532.189208984375,2551.32719273134,2503.828911407818,2513.7450655124035,747211
2025-06-11,2517.31494140625,2543.4934910261545,2501.3498366914127,2533.6765954420907,397673
2025-06-12,2533.577392578125,2576.216855545193,2508.886265511382,2517.314996563012,761780
2025-06-13,2576.910888671875,2584.1497295024787,2481.4182773402267,2489.5497172859923,1003551
2025-06-16,2611.220947265625,2623.0210739865597,2575.2252589167233,2581.1749514671665,904097
2025-06-17,2623.516845703125,2632.5406427849293,2570.8622126103187,2598.0323780471094,817018
2025-06-18,2612.3115234375,2629.8633097630313,2596.049127649483,2596.049127649483,356587
2025-06-19,2614.989013671875,2647.513804439061,2603.486178434193,2608.940063020515,842436
2025-06-20,2584.54638671875,2616.8731469094537,2559.359451372982,2607.9486079468975,635147
2025-06-23,2579.8857421875,2611.4191603803215,2554.401274782498,2563.3258133978093,412498
2025-06-24,2544.485107421875,2612.5100204592927,2509.2827608460852,2609.931723590949,797919
2025-06-25,2552.41796875,2568.283814709596,2512.8526122256962,2558.3676609848485,434487
2025-06-26,2561.540771484375,2571.9527328536,2521.8761567444694,2552.417958512916,479575
2025-06-27,2549.145751953125,2567.490637512264,2494.904436042933,2556.38459305194,1837904
2025-06-30,2601.899658203125,2634.72222613011,2544.187687968941,2549.145765172799,618395
2025-07-01,2619.748779296875,2626.2935381512366,2565.408445922236,2602.990574909192,459021
2025-07-02,2603.386962890625,2637.696952417405,2583.2573640339006,2622.8227214827207,357095
2025-07-03,2613.005859375,2635.713755388725,2595.057523646461,2601.0072160965483,383639
2025-07-04,2640.4736328125,2647.613215536798,2594.1652403452417,2617.864752440879,284105
2025-07-07,2638.2919921875,2669.032069146025,2623.6160360595486,2640.4734976174495,489509
2025-07-08,2627.58251953125,2649.497074483251,2606.361804842751,2637.6969481316814,464677
2025-07-09,2623.417724609375,2639.5808614956873,2602.990351111783,2637.696889126607,402766
2025-07-10,2622.62451171875,2638.490358441678,2598.2306755448044,2628.772478905163,231200
2025-07-11,2618.459716796875,2634.2263047876377,2566.4989246855007,2626.6899309253945,391105
2025-07-14,2643.051513671875,2659.9089749829946,2592.280855082987,2641.5640906150115,393965
2025-07-15,2633.234619140625,2654.653608003459,2616.4764161989347,2637.6968883125824,309635
2025-07-16,2627.97900390625,2632.8380644730983,2610.6257349394978,2632.8380644730983,245451
2025-07-17,2637.697021484375,2641.6634831708175,2605.1719872368235,2630.7557135331003,220480
2025-07-18,2637.697021484375,2651.5796373869243,2617.8647130521617,2632.8382027559264,208268
2025-07-21,2660.702392578125,2680.2371675373256,2622.822732720877,2637.696963719294,388402
2025-07-22,2651.877197265625,2673.3952037135887,2630.3591908176613,2660.7024777698166,307737
2025-07-23,2667.445556640625,2672.8001832254313,2635.813120668838,2671.312760052583,328123
2025-07-24,2639.87841796875,2695.2106046281806,2622.8226818401536,2667.445373969759,332080
2025-07-25,2638.2919921875,2672.899272313045,2617.8646184034274,2657.529233833782,248220
2025-07-28,2625.797607421875,2665.164690806269,2596.4456944289614,2637.6969923497686,263831
2025-07-29,2595.15673828125,2627.6815294519447,2560.747490516689,2624.8059416536485,320111
2025-07-30,2611.12158203125,2614.8897689110477,2565.308999686341,2606.9568458350946,686131
2025-07-31,2590.39697265625,2617.7654125966405,2573.2419777194,2578.99339549102,622451
2025-08-01,2570.961181640625,2608.840841243761,2560.747494671509,2590.396940185615,210510
2025-08-04,2643.448486328125,2647.811497423308,2526.6361391676633,2570.2672184939497,1053175
2025-08-05,2619.35205078125,2654.554397100665,2594.065858354628,2647.61308937571,293862
2025-08-06,2602.69287109375,2633.532206623932,2591.1902778021363,2613.0058164272264,340219
2025-08-07,2612.510009765625,2632.738866934005,2573.63849270701,2602.9904051607396,196791
2025-08-08,2595.850830078125,2642.3574952774425,2573.2419506479314,2618.8562588289738,223811
2025-08-11,2568.085693359375,2604.378672902354,2538.5355050768676,2583.3564741696587,439383
2025-08-12,2511.960205078125,2575.126060712674,2488.95477509754,2570.663791195567,261504
2025-08-13,2488.85546875,2528.5200859154243,2455.834868634673,2500.854112279985,487954
2025-08-14,2734.2802734375,2776.5231873394655,2648.902330682977,2707.110107655979,8765092
2025-08-18,2745.089111328125,2783.464581001586,2732.495643473703,2776.5232728195374,760570
2025-08-19,2724.165771484375,2771.465777524513,2708.2009088414247,2751.7327279524934,381133
2025-08-20,2661.396484375,2731.3053703154137,2634.6228684829266,2731.3053703154137,632863
2025-08-21,2653.364501953125,2679.047243648662,2626.888419528969,2675.2790567579223,439025
2025-08-22,2658.124267578125,2672.4034321219688,2647.6130477794645,2661.495663011267,294041
2025-08-25,2671.114501953125,2693.624124356483,2658.223501041801,2672.4036504629807,368961
2025-08-26,2650.687255859375,2676.469256583093,2636.9036563701466,2671.114388099695,383881
2025-08-28,2622.62451171875,2671.8084913036623,2613.1049068475495,2671.8084913036623,408579
2025-08-29,2615.68310546875,2653.5627646773373,2582.3647317654068,2627.7807647215786,494826
2025-09-01,2687.27783203125,2704.1352944462064,2628.970795965503,2641.7627803483133,1352162
2025-09-02,2676.072509765625,2744.791507412559,2663.974849950809,2709.688418064163,497354
2025-09-03,2760.2607421875,2776.523138015578,2686.7819437332887,2686.7819437332887,1097610
2025-09-04,2802.602783203125,2811.229789163847,2765.0204125468467,2771.5651713273196,874540
2025-09-05,2814.105224609375,2850.7949941197635,2806.2715598486516,2811.229636809515,464545
2025-09-08,2876.5771484375,2909.003167173749,2816.0886062741124,2820.3526011076315,566051
2025-09-09,2917.72900390625,2920.7038500530116,2890.2613062365385,2893.5336854166962,558569
2025-09-10,2873.80078125,2929.9260694632617,2851.9852417389147,2925.26552535007,388493
2025-09-11,2853.274169921875,2895.2195514482364,2846.92792794398,2885.501671718524,292701
2025-09-12,2901.6650390625,2904.4416107007382,2859.223850002606,2874.6931476344967,219036
2025-09-15,2912.37451171875,2920.307435141886,2881.6344334540986,2910.391280862966,162815
2025-09-16,2963.343505859375,2971.772237161384,2915.349415047736,2926.157926585807,329547
2025-09-17,2917.431884765625,2965.8225245943186,2907.4164719776427,2950.155194306983,355490
2025-09-18,2932.8017578125,2937.5613179828597,2891.054653290772,2930.7192686677677,295424
2025-09-19,2910.2919921875,2964.930098533027,2893.5337884680175,2950.0558672694833,423706
2025-09-22,3022.047119140625,3036.227025353834,2910.688663908463,2921.298900021389,915253
2025-09-23,3035.136474609375,3052.2914695038858,3005.6855455523173,3044.2592879003228,576185
2025-09-24,3062.406005859375,3074.8011988354488,3017.585036476615,3024.3278277807094,546580
2025-09-25,3026.013671875,3052.192221774021,3012.5276055066524,3052.192221774021,458349
2025-09-26,2994.97607421875,3045.2509271370022,2976.829463778991,3019.468926451375,456328
2025-09-29,3039.003662109375,3051.597129246404,2987.7371944468146,3004.198106892559,455979
2025-09-30,3051.2998046875,3091.757518809013,3027.89758471293,3054.0761340966856,609599
2025-10-01,3118.134765625,3121.208870340785,3050.209107668151,3074.0078783391637,393081
2025-10-03,3141.041015625,3149.271229711811,3080.0566689570387,3123.5884878711995,548299
2025-10-06,3200.636962890625,3207.8758036948084,3125.869258924793,3146.197374527805,412347
2025-10-07,3215.412353515625,3230.5838762186936,3183.085593023177,3198.951440215816,450418
2025-10-08,3235.740234375,3246.6480035248615,3193.001514777649,3220.7667453409326,326225
2025-10-09,3222.25439453125,3240.698538680061,3206.983613487243,3222.7502022546737,366182
2025-10-10,3130.4306640625,3212.834003394413,3124.0844221278076,3205.8926953623877,542445
2025-10-13,3187.052001953125,3192.704161503019,3106.5328772048924,3119.522894122212,327232
2025-10-14,3191.31591796875,3257.45661730474,3182.0938462498966,3208.8674622825383,524878
2025-10-15,3232.9638671875,3250.0196043353885,3205.496167920459,3211.842409898497,529423
2025-10-16,3241.094970703125,3252.3002732656264,3224.832574800922,3237.624316764786,234148
2025-10-17,3306.54150390625,3349.577514811959,3250.4159762332743,3258.8447070124625,1123086
2025-10-20,3294.3447265625,3315.1686505510033,3254.4818347746586,3304.855946936998,375687
2025-10-21,3247.242919921875,3294.344651682396,3237.723557285385,3284.329481343164,131496
2025-10-23,3155.41943359375,3224.733252610389,3080.949020867306,3223.840895595631,1744380
2025-10-24,3136.578857421875,3210.850756148205,3120.4154775253223,3170.0952652163537,611149
2025-10-27,3119.52294921875,3160.080166404637,3102.8640033234897,3142.4293629651565,468730
2025-10-28,3155.3203125,3207.875930527184,3063.6951431919388,3093.840155562539,1227792
2025-10-29,3156.51025390625,3166.1288753582708,3118.6305921123526,3133.5048238712347,470760
2025-10-30,3164.641357421875,3172.1777314581564,3117.242333977756,3163.253192670059,361330
2025-10-31,3152.0478515625,3217.792001585259,3146.39569215101,3168.211231144808,462972
2025-11-03,3163.84814453125,3193.0015400156926,3144.214111487589,3153.93199068027,287912
2025-11-04,3161.5673828125,3179.912267448916,3138.462695905753,3153.3369266920367,633624
2025-11-06,3157.105224609375,3200.9345777823446,3138.3635479033687,3161.567494002194,375247
2025-11-07,3202.917724609375,3211.2471970867077,3118.8286907272254,3134.4962623808774,397869
2025-11-10,3300.29443359375,3307.0374669525854,3193.2992252785157,3217.7920780393224,452157
2025-11-11,3360.882080078125,3369.5090855275894,3288.791689851214,3321.9115469445037,468605
2025-11-12,3297.02197265625,3360.8821501766597,3277.2889228778768,3360.8821501766597,349779
2025-11-13,3364.650390625,3378.2354735094787,3279.4704804823436,3297.1212834409903,509408
2025-11-14,3694.362548828125,3723.515945679892,3549.983245148872,3619.3963253612797,4743416
2025-11-17,3728.9697265625,3736.2085674300724,3669.96861002734,3694.3624458020076,1176503
2025-11-18,3664.911376953125,3716.6738961595133,3649.244046808135,3649.244046808135,525413
2025-11-19,3670.662841796875,3678.6950237332608,3645.6741810188955,3661.1434787876333,314805
2025-11-20,3666.498046875,3695.0566196344926,3661.639228112799,3678.099898969716,307177
2025-11-21,3605.513671875,3666.993827996081,3600.159045437382,3662.035750889542,290515
2025-11-24,3584.0947265625,3619.3963328380364,3564.262417889415,3605.5137167668768,489543
2025-11-25,3650.532958984375,3666.894613632351,3594.605945388737,3607.4969460204757,639146
2025-11-26,3694.362548828125,3703.6836370477754,3659.0609426255132,3678.7939928770247,334780
2025-11-27,3728.9697265625,3742.257276138019,3694.3624458020076,3694.3624458020076,382058
2025-11-28,3712.806396484375,3740.8691612085177,3700.2129291052574,3733.4320455798725,356642
2025-12-01,3779.1455078125,3800.861788005406,3738.390018466053,3747.314556971675,453900
2025-12-02,3748.20703125,3795.308763725503,3733.630332986829,3768.138598040235,353585
2025-12-03,3731.845458984375,3763.1806038007676,3678.099950426549,3763.1806038007676,287386
2025-12-04,3670.960205078125,3746.8187830598854,3657.3751225380206,3738.390052173023,330361
2025-12-05,3768.23779296875,3775.0798424178024,3670.960225014632,3670.960225014632,328682
2025-12-08,3744.042236328125,3785.9876163793356,3721.5326150528144,3767.246182061835,452775
2025-12-09,3710.72412109375,3736.0103140384963,3680.8764004274108,3721.631890599327,668721
2025-12-10,3714.39306640625,3760.20565011712,3704.278637601555,3736.9026878867003,270109
2025-12-11,3702.89013671875,3752.669180821561,3694.7589389486943,3728.4738621704482,219811
2025-12-12,3805.42333984375,3815.8353014998806,3719.6486081051517,3733.4319652696354,437084
2025-12-15,3824.065673828125,3835.5685097330215,3770.7169570005235,3805.2249805279885,295860
2025-12-16,3814.744384765625,3823.1731155351877,3786.78087933709,3816.8268739108394,176630
2025-12-17,3734.91943359375,3834.5767820807196,3725.0032795154443,3820.6941663710923,283613
2025-12-18,3718.45849609375,3753.1650351354824,3692.8750124178705,3753.1650351354824,345092
2025-12-19,3749.49609375,3758.2223576693777,3690.7925106188454,3718.061934058399,429282
2025-12-22,3758.618896484375,3767.246144096018,3718.5577313626027,3749.496083268819,278670
2025-12-23,3776.269775390625,3787.8716273286523,3738.3901149522703,3769.3284674848783,290999
2025-12-24,3772.799072265625,3857.383914490526,3758.222374272261,3787.9708363377404,622859
2025-12-26,3765.163818359375,3812.761359386831,3753.264433102511,3791.937435187319,218879
2025-12-29,3705.1708984375,3794.8128327036998,3694.3623875423114,3780.0378602552523,228650
2025-12-30,3767.246337890625,3786.9793884293886,3659.16025427219,3678.8933048109534,1688316
2025-12-31,3779.740478515625,3826.6439366790787,3749.0004002474075,3767.2462693789025,334171
2026-01-01,3806.8115234375,3812.6619574644196,3734.9194068839133,3769.625945909783,200637
2026-01-02,3788.76416015625,3852.2275456124903,3765.8577476306973,3802.845050385633,394926
2026-01-05,3888.1240234375,3897.048562129399,3807.7039168319416,3816.727713902305,828263
2026-01-06,3907.658935546875,3961.5037026270875,3882.2737254119916,3916.8810076037535,620673
2026-01-07,3926.896240234375,3960.511905438588,3884.5540690026,3925.8053664575286,485501
2026-01-08,3821.487548828125,3921.5414477328864,3774.7823657720705,3916.8809036839334,619124
2026-01-09,3788.96240234375,3852.4257872560765,3763.279660599483,3817.7192486321483,430996
2026-01-12,3876.224609375,3884.6533402984296,3808.2989542861824,3823.173185327529,492060
2026-01-13,3893.379638671875,3913.9060292716294,3852.425873757355,3867.3993633087575,333979
2026-01-14,3905.080810546875,3921.144932048189,3855.40078080858,3902.9983213123896,291366
2026-01-15,3905.080810546875,3905.080810546875,3905.080810546875,3905.080810546875,0
2026-01-16,3903.097412109375,3936.5148021512287,3872.258076811287,3872.258076811287,254955
2026-01-19,3913.806884765625,3931.3586717350945,3889.2150155192976,3908.948065945249,311547
2026-01-20,3897.445068359375,3928.7802118129925,3858.8713261661437,3928.7802118129925,444231
2026-01-21,3873.844970703125,3994.5245212065993,3865.118706421499,3901.510944612839,1138006
2026-01-22,3829.51953125,3911.9228702982905,3722.821856266852,3899.0318697117564,731117
2026-01-23,3770.9150390625,3901.609995382464,3764.866088369236,3898.2383578132217,481529
2026-01-27,3834.973388671875,3857.086461015419,3786.9792990536507,3796.895453280028,504352
2026-01-28,3922.334716796875,3951.0915634122484,3867.300062067454,3872.2581390701043,467752
2026-01-29,4057.392822265625,4114.708242760882,3962.495273664895,3982.228323961067,751686
2026-01-30,3797.490478515625,3966.4616478777757,3769.2294392744957,3966.4616478777757,1066990
2026-02-02,3505.459716796875,3553.9496132880563,3381.9043404349654,3450.8216111167512,1113164
2026-02-03,3593.8125,3767.047662719944,3559.8993015902015,3693.7673811764625,1218833
2026-02-04,3690.4951171875,3745.033966129742,3605.6129811808323,3605.6129811808323,600107
2026-02-05,3548.793212890625,3600.0596802322707,3501.3939487398834,3600.0596802322707,689465
2026-02-06,3673.141845703125,3681.6698352810936,3441.3021085943515,3519.243178618443,827152
2026-02-09,3748.10791015625,3767.7419433525783,3691.1890413528818,3691.1890413528818,505069
2026-02-10,3849.450927734375,3859.3670815925266,3727.680509937556,3758.71811993229,542510
2026-02-11,3900.2216796875,3914.6001031232627,3863.3336348779208,3876.2246351996387,576889
2026-02-12,4032.800537109375,4048.6663833665116,3849.7484811738213,3916.880794730611,918911
2026-02-13,3556.0322265625,3837.551753168055,3522.9121256071553,3837.551753168055,6498829
2026-02-16,3468.868896484375,3549.9830835152593,3421.0730832758786,3549.9830835152593,1558907
2026-02-17,3466.588134765625,3503.4764208389247,3411.256189842876,3467.5797501526795,1095510
2026-02-18,3427.915283203125,3499.4108525451034,3416.313431090598,3452.90418571455,834116
2026-02-19,3382.301025390625,3463.117684179094,3353.3459028078355,3433.865028544004,539236
2026-02-20,3430.9892578125,3442.392834825461,3336.785795531521,3371.7898673030686,881990
2026-02-23,3444.07861328125,3510.21931308762,3413.6360684389474,3482.553339827911,946415
2026-02-24,3464.704345703125,3474.6205000983828,3415.1235737268353,3445.863652352135,550989
2026-02-25,3475.215576171875,3493.8577528135643,3436.9391232588973,3480.570202723234,476959
2026-02-26,3407.09130859375,3475.6120306284615,3370.5007966066023,3470.4556788876203,800594
2026-02-27,3325.38232421875,3429.0061360216005,3304.459141935946,3429.0061360216005,1362651
2026-03-02,3442.78955078125,3455.581535218927,3326.7705442512843,3326.7705442512843,1268987
2026-03-04,3311.896240234375,3393.7045122809704,3299.501047500042,3370.6000666990612,748065
2026-03-05,3278.677001953125,3350.56911714255,3213.032112088535,3340.752221698951,957052
2026-03-06,3211.7431640625,3299.0053231162515,3204.9011143377766,3276.198167909021,564590
2026-03-09,3214.718017578125,3242.5825084484154,3054.5721230477216,3064.190986548898,691626
2026-03-10,3255.671630859375,3280.9578235438266,3226.518234954743,3277.090620323646,618725
2026-03-11,3137.371826171875,3274.710557274878,3131.025584532353,3262.712156348032,757649
2026-03-12,3216.80029296875,3226.1213807040313,3092.9476288346123,3100.7812934997787,1798792
2026-03-13,3305.25244140625,3326.8697057970653,3189.5309712954577,3210.9499610226817,1425667
2026-03-16,3332.8193359375,3341.743874474673,3255.4733352820035,3288.791709324889,1333026
2026-03-17,3390.531494140625,3399.2577585088457,3308.4256865607194,3341.942337149104,627317
2026-03-18,3404.2158203125,3463.613488589158,3371.4925106503056,3411.1571284226625,1016998
2026-03-19,3278.677001953125,3370.3024084989793,3245.061337343371,3341.743837080874,1181511
2026-03-20,3288.097412109375,3300.9884123253973,3228.6997464129904,3271.3392086659874,1556677
2026-03-23,3089.47705078125,3193.4974098652056,3016.5933185579643,3163.253140031053,2186867
2026-03-24,3128.744873046875,3138.9585601227636,3021.551393172957,3114.6639827343547,1645283
2026-03-25,3292.361572265625,3306.0459139092877,3173.3677181357166,3192.90249410332,1080479
2026-03-27,3243.177490234375,3320.6225092979985,3171.9794546433,3256.5642984074498,4509352
2026-03-30,3133.60400390625,3222.6508754681518,3113.6724370102374,3162.26159287441,1170858
2026-04-01,3228.69970703125,3292.1630919360414,3207.8757838593656,3251.5068609814093,790724
2026-04-02,3152.147216796875,3173.3676904273084,3118.630566424213,3123.5886436363344,657545
2026-04-06,3262.216552734375,3276.0991690212068,3141.4377426202154,3169.302233576231,756759
2026-04-07,3214.22216796875,3264.1004726717174,3198.455579420121,3242.5824661924653,612643
2026-04-08,3473.92626953125,3485.131571938659,3331.8277346896066,3331.8277346896066,1290282
2026-04-09,3446.061767578125,3485.5281086639366,3416.1150311087513,3431.9808774070793,800263
2026-04-10,3543.934326171875,3549.8840188152217,3466.6875801898723,3466.6875801898723,850055
2026-04-13,3532.431640625,3545.520915681877,3408.182180729579,3469.662336448297,524232
2026-04-15,3567.832275390625,3647.6573165715436,3541.1579174732024,3619.693810191484,911707
2026-04-16,3548.0,3631.295695919508,3535.1089994410286,3604.422820993747,734891
2026-04-17,3571.300048828125,3592.800048828125,3498.0,3580.0,612062
2026-04-20,3531.199951171875,3588.0,3508.39990234375,3560.699951171875,428767
2026-04-21,3610.199951171875,3641.89990234375,3528.0,3528.0,522743
2026-04-22,3586.89990234375,3646.0,3571.5,3610.199951171875,826036
2026-04-23,3561.39990234375,3609.0,3544.0,3579.0,338452
2026-04-24,3493.5,3589.5,3443.300048828125,3589.5,542362
2026-04-27,3493.800048828125,3542.0,3480.699951171875,3501.39990234375,492086
2026-04-28,3496.0,3529.0,3475.0,3500.0,333653
2026-04-29,3461.10009765625,3536.39990234375,3450.300048828125,3500.0,382641
2026-04-30,3424.199951171875,3459.199951171875,3385.10009765625,3450.0,425747
2026-05-01,3424.199951171875,3424.199951171875,3424.199951171875,3424.199951171875,0
2026-05-04,3487.699951171875,3515.0,3410.800048828125,3424.199951171875,395692
2026-05-05,3446.39990234375,3499.89990234375,3391.10009765625,3490.0,436391
2026-05-06,3533.60009765625,3568.300048828125,3456.300048828125,3480.0,745380
2026-05-07,3584.300048828125,3614.39990234375,3533.60009765625,3537.89990234375,672712
2026-05-08,3528.89990234375,3594.0,3514.10009765625,3594.0,750383
2026-05-11,3438.199951171875,3493.89990234375,3405.0,3481.5,513064
2026-05-12,3353.39990234375,3450.0,3339.300048828125,3435.0,597136
2026-05-13,3506.39990234375,3533.10009765625,3383.699951171875,3421.800048828125,1385569
2026-05-14,3531.10009765625,3587.0,3497.10009765625,3534.0,603907
2026-05-15,3311.39990234375,3523.89990234375,3239.0,3523.89990234375,5094743
2026-05-18,3290.89990234375,3319.89990234375,3240.89990234375,3278.300048828125,811874
2026-05-19,3303.60009765625,3323.39990234375,3253.5,3297.5,908258
2026-05-20,3309.300048828125,3317.0,3236.0,3260.0,1017971
2026-05-21,3272.699951171875,3348.199951171875,3267.0,3331.0,512509
2026-05-22,3296.699951171875,3307.699951171875,3251.0,3278.800048828125,367680
2026-05-25,3354.39990234375,3375.89990234375,3316.699951171875,3321.10009765625,578727
2026-05-26,3331.5,3356.5,3325.0,3345.39990234375,176984
2026-05-27,3306.89990234375,3360.0,3301.199951171875,3334.89990234375,168567
2026-05-28,3306.89990234375,3306.89990234375,3306.89990234375,3306.89990234375,0
2026-05-29,3342.89990234375,3388.89990234375,3243.0,3307.0,1954693
2026-06-01,3246.39990234375,3334.0,3224.10009765625,3330.0,508201
2026-06-02,3262.10009765625,3268.60009765625,3179.300048828125,3205.0,901489
2026-06-03,3218.300048828125,3266.800048828125,3148.5,3262.10009765625,515696
2026-06-04,3169.699951171875,3224.0,3157.0,3224.0,439987
2026-06-05,3153.10009765625,3225.0,3126.10009765625,3180.0,553284
2026-06-08,2964.699951171875,3113.89990234375,2951.0,3081.800048828125,1025581
2026-06-09,2991.10009765625,3008.0,2941.300048828125,2971.0,699009
2026-06-10,2898.800048828125,2960.0,2870.0,2959.89990234375,1359025
2026-06-11,2890.0,2917.89990234375,2822.60009765625,2846.0,932660
2026-06-12,3042.199951171875,3051.699951171875,2951.199951171875,2955.0,733004
2026-06-15,3160.10009765625,3214.0,3129.0,3129.0,903623
2026-06-16,3166.89990234375,3194.0,3153.300048828125,3165.0,405109
2026-06-17,3190.60009765625,3201.199951171875,3133.300048828125,3157.5,378452
2026-06-18,3182.39990234375,3193.5,3136.199951171875,3188.10009765625,741832
2026-06-19,3126.10009765625,3137.10009765625,3079.800048828125,3126.0,1096624
2026-06-22,3218.60009765625,3227.0,3136.10009765625,3169.0,571404
