Date,Close,High,Low,Open,Volume
2015-01-01,975.6505126953125,983.8717833270817,973.9065841192499,983.8717833270817,366830
2015-01-02,988.6439819335938,993.0516680711252,977.5864950283215,977.7397684210965,925740
2015-01-05,973.6195678710938,996.4820074512432,967.640408206169,989.2381083260674,1754242
2015-01-06,937.7255859375,969.3459397967,935.195920199368,969.3459397967,2423784
2015-01-07,926.6489868164062,950.2013449019227,922.7203967073382,946.6943970144499,2636332
2015-01-08,936.6525268554688,938.6455489142895,927.7413349353964,936.1158828108029,1565408
2015-01-09,962.9071655273438,965.8200156109024,939.0289812884479,940.9453669645467,3197642
2015-01-12,961.9102783203125,968.9242662089115,950.622789266081,964.7082191644898,1596006
2015-01-13,957.3878173828125,969.8443229600563,950.5655599562374,965.858278604742,1468432
2015-01-14,966.60546875,970.3807848532513,958.3841953272183,964.3249891794767,1787096
2015-01-15,973.1787719726562,989.525500337543,967.1037934450297,970.840744593782,5009920
2015-01-16,970.5148315429688,975.4399784904788,952.1750829834191,974.9416996688902,5293830
2015-01-19,962.4087524414062,977.739835714069,959.3425357868738,971.9906794868206,1135074
2015-01-20,958.3651123046875,969.6909682173414,951.7727655437601,965.8581975919764,2058566
2015-01-21,963.4817504882812,966.6246032035081,953.6890043303445,966.6246032035081,2310480
2015-01-22,963.385986328125,966.3372007102909,956.4678173019457,964.5166348388485,2113214
2015-01-23,959.5724487304688,970.4766619623723,956.6978708886577,963.5584925750477,3150380
2015-01-27,960.8970336914062,965.8703833145807,956.0964850665823,964.8527045104042,2738736
2015-01-28,975.3181762695312,977.3535344533523,961.2236865134641,961.2621284176178,3121980
2015-01-29,977.2573852539062,986.4936608654765,965.0639900236888,974.7035305288765,3734392
2015-01-30,953.21630859375,988.9131751343165,948.5885602259269,983.4213278755992,5817402
2015-02-02,965.563232421875,968.3475509212035,945.5353789275473,953.1970365976923,3181802
2015-02-03,982.4805297851562,985.0728266975182,962.8367173535539,964.5840424858882,2345054
2015-02-04,965.6019287109375,987.6460186503135,960.9166102712261,986.2250744836202,2245418
2015-02-05,980.2337036132812,995.3266490328457,967.4066736699433,967.7907176055011,4530168
2015-02-06,989.201171875,996.5172276354804,979.6385153369002,980.4641722981171,2136416
2015-02-09,965.0641479492188,986.6474961571007,960.1100177618652,983.7287241988071,2076432
2015-02-10,937.5089111328125,970.191090877042,934.3789902439756,963.9503762895104,3799054
2015-02-11,944.7098999023438,955.2135419385654,939.8517802831054,942.8473425580706,2937522
2015-02-12,945.5736083984375,952.35203918533,939.755381079123,952.35203918533,3107980
2015-02-13,974.99169921875,978.4480951982551,944.8442453975103,948.5886743753076,4158326
2015-02-16,992.6766967773438,996.5939258261352,981.2321697440368,983.1523892542991,2364392
2015-02-18,1012.205078125,1015.027837766087,985.1684301284354,992.772516677688,2660014
2015-02-19,1029.64111328125,1032.0413881141724,1011.9558695601297,1012.3399135333974,2618002
2015-02-20,1027.5286865234375,1036.4577072951229,1014.7400057628155,1036.4577072951229,1801588
2015-02-23,1035.63232421875,1045.3678781488677,1025.781632085094,1025.781632085094,1614892
2015-02-24,1038.7431640625,1048.440276510075,1028.8540295862604,1034.6146904462057,2199922
2015-02-25,1026.2423095703125,1045.3677186190166,1024.5717745056704,1040.7591908367137,1767994
2015-02-26,1020.1936645507812,1034.1344804961373,1008.2499524130459,1028.85387549871,1991994
2015-02-27,1022.4595336914062,1027.6056855494817,1004.7742895558881,1021.3457498863908,2877376
2015-03-02,1025.166748046875,1040.35570302759,1018.695664595305,1029.12241896474,2176038
2015-03-03,1066.1060791015625,1071.482694774265,1027.759250531601,1030.005945299132,3424308
2015-03-04,1054.5849609375,1079.9703101380758,1042.9291865197047,1070.7148110319556,3862994
2015-03-05,1035.5552978515625,1064.0705613490593,1029.6410584823,1056.120870277661,2173514
2015-03-09,1016.488037109375,1029.1614935873063,1002.3551941636482,1013.8765182344947,2883174
2015-03-10,1014.9129028320312,1028.5656836692858,996.690036607006,1017.293956511044,3037052
2015-03-11,1001.02978515625,1021.5376947567433,997.66940056511,1014.6441245476366,2240200
2015-03-12,1005.8306884765625,1008.0772901372451,994.7126308695309,1007.6932460488449,1827636
2015-03-13,991.736083984375,1013.8569626427357,988.9133230143857,1013.1080955774561,1586838
2015-03-16,984.0359497070312,1002.354829564159,980.0802777960666,992.8305197111713,1556296
2015-03-17,992.25439453125,1001.0874059124158,982.2884721816035,991.7935605156841,1267318
2015-03-18,982.9027099609375,998.3028127939334,979.9647181176268,995.0384399196171,1255170
2015-03-19,997.0742797851562,1000.7611398550542,986.263478203869,989.2973884358449,2448964
2015-03-20,1002.7194213867188,1005.4269496863374,990.3916682142234,996.9779837225867,1963908
2015-03-23,1005.1009521484375,1010.420000296646,1000.8188980513339,1004.6593389494587,1566608
2015-03-24,995.173095703125,1012.7238852775565,991.6399101532028,1010.0355776564178,2394878
2015-03-25,988.4329833984375,1003.8907503073397,977.4685113481783,995.2113207001661,2224858
2015-03-26,965.1410522460938,993.4066355125447,960.4940821571885,980.5796029072668,3091642
2015-03-27,965.7941284179688,987.7229904301254,961.6848752703988,972.015624130817,2751776
2015-03-30,984.7465209960938,986.9547743008447,967.7910135604382,969.711233825439,1339006
2015-03-31,980.8291015625,986.7817832378958,968.1748712046931,986.7817832378958,2427028
2015-04-01,976.4896240234375,984.5354223557456,968.655162444043,982.3847380441518,2075758
2015-04-06,978.2753295898438,984.2663599149018,960.1484709928234,982.3845817621886,1568542
2015-04-07,992.7536010742188,998.1302163218161,977.0077992776837,984.0933913339786,1886922
2015-04-08,1014.41357421875,1020.2126749232428,995.0002290438651,996.2099298892874,1652134
2015-04-09,1023.3047485351562,1032.0993211196183,1012.0137954835062,1021.1732849798291,2544450
2015-04-10,1019.1568603515625,1025.7048299163341,1009.2677264263424,1017.1406291629254,1815544
2015-04-13,1019.8289794921875,1023.4773979840631,1009.2677680683369,1023.0933539322867,1308642
2015-04-15,1009.171630859375,1042.2569842783143,1002.1243858862282,1019.5215980083434,2913934
2015-04-16,991.9085693359375,1008.8832903761919,987.5112855852988,1008.8640694297137,3217570
2015-04-17,950.4512939453125,983.1526017694017,948.5886431134462,982.0389117170052,9668742
2015-04-20,932.7659912109375,953.9267572051893,931.2490363171632,952.4482442118075,2890722
2015-04-21,932.09375,941.6756263858366,922.0893878272406,932.7658268132851,2546032
2015-04-22,939.0255737304688,949.7403587122683,924.6047096610444,933.8025403189973,4186812
2015-04-23,943.6920166015625,952.3522266140061,933.8796747141348,949.356664986901,4342990
2015-04-24,957.4411010742188,965.4868057029244,939.9670956408524,942.9434372256566,3625158
2015-04-27,960.1868286132812,967.7909188708442,954.7334223463963,959.9180165546329,2733052
2015-04-28,958.1900634765625,963.9507251808304,942.8667408475178,963.9507251808304,3088298
2015-04-29,955.232666015625,958.1897860822473,941.3110709272557,953.9653020554318,2019620
2015-04-30,946.1690063476562,956.2693804028514,932.1130548439528,952.4289411241251,3738054
2015-05-04,953.0243530273438,961.9533755221145,943.6728446521815,956.653549869845,1890630
2015-05-05,966.96533203125,974.108494980947,960.1101083533064,960.4941523966477,3255070
2015-05-06,945.9196166992188,965.8706842479368,943.1352976293191,965.8706842479368,3394406
2015-05-07,977.4880981445312,980.7524725023462,942.3288473385032,946.6301218578266,3205028
2015-05-08,970.5751342773438,993.9058057215415,966.3698715099196,983.1525744386191,3003664
2015-05-11,981.6160888671875,984.3236167846314,969.7107294169203,973.5511679492646,2573082
2015-05-12,968.9044799804688,985.072768380996,965.1024822383794,983.1525485595905,2467386
2015-05-13,966.0240478515625,978.1598733407628,952.6017314748262,978.1598733407628,1863774
2015-05-14,959.8218994140625,967.7908118529309,954.3492727994179,967.7908118529309,1309050
2015-05-15,964.39208984375,972.5530251547215,960.4940805995136,965.870696804389,1461454
2015-05-18,967.9440307617188,969.8066808398324,958.9958845392849,965.5246296434439,4507752
2015-05-19,964.9872436523438,971.631222940805,958.8617612163853,967.560319443163,1957722
2015-05-20,982.0198364257812,986.9547461094194,966.6004118818124,967.7909859164074,1897814
2015-05-21,981.4241943359375,990.8332699615413,978.601434143969,982.0002601905663,1579578
2015-05-22,1005.3883666992188,1009.555280014498,975.1833551219454,979.3118265475872,2691632
2015-05-25,998.8983764648438,1012.6855176284032,993.0224849099621,1006.1952119715073,982978
2015-05-26,1001.9132690429688,1007.443465371262,994.2515159121355,1000.4346620764844,1961740
2015-05-27,1004.3711547851562,1011.2455054543212,995.4421310402925,1001.5868355528869,1620690
2015-05-28,1002.1631469726562,1007.347742674565,991.697944537322,1000.0124623623701,2763608
2015-05-29,1002.4700927734375,1017.1789970310897,997.4582997171942,1005.0431688747318,4423532
2015-06-01,1005.3311157226562,1016.6028438950664,1001.7211398613531,1002.1435319774814,882264
2015-06-02,998.47607421875,1010.0358374674506,994.8660977032056,1004.6592208421486,3935820
2015-06-03,1002.7005004882812,1008.3460226256437,994.8660399363358,1000.0506342382623,1804684
2015-06-04,1000.684326171875,1007.270737785741,994.0980083187619,1005.0817054861562,4131468
2015-06-05,998.436279296875,1011.285654804116,996.1686979097655,1004.6962120552965,2308534
2015-06-08,999.0560302734375,1003.9206065792795,992.9317080326987,1003.9206065792795,1570320
2015-06-09,992.9322509765625,1003.9211555319705,988.8041960471261,1001.9830838031443,2578914
2015-06-10,1008.0879516601562,1011.6733841518821,993.7656213359043,994.6183539209693,2763350
2015-06-11,996.6722412109375,1012.8357316646482,991.0324366374241,1009.9286256610184,1847336
2015-06-12,971.2836303710938,1003.5137115586207,960.0428191603451,996.9048708685862,2571456
2015-06-15,970.8958740234375,976.9619971942371,961.6706389714045,971.0896810848989,2525176
2015-06-16,973.687255859375,976.5168595660216,966.8846050298945,969.0358836180085,1267396
2015-06-17,974.3844604492188,980.3342808188895,969.7330906909751,977.175263377693,1975720
2015-06-18,980.6834106445312,986.9821419405208,972.1364978671892,974.8497975023846,2165046
2015-06-19,988.2418212890625,990.3542997926736,979.539901260412,982.6020156455686,1999610
2015-06-22,1004.5021362304688,1007.7968567236036,987.2533054134685,987.2533054134685,1102002
2015-06-23,997.9518432617188,1010.8981234001564,995.083440579993,1007.7972089111988,898318
2015-06-24,996.2847290039062,1003.1066816776097,991.8465656441148,1000.0445675601203,1170246
2015-06-25,988.4163208007812,997.3314484001609,986.1487396236378,993.0676917221966,1930992
2015-06-26,1005.006103515625,1006.3821528340662,988.4937009590749,988.4937009590749,1290102
2015-06-29,1005.044921875,1009.3474777783908,985.85801705548,996.943822137489,1372756
2015-06-30,988.7841796875,1003.4360117453947,984.5398241751047,1001.9824588553723,1549952
2015-07-01,1005.1226196289062,1010.8980345037509,991.0328028057764,993.8042070336103,1279708
2015-07-02,999.1726684570312,1008.9405289777914,996.5756718161879,1007.7970858261202,1445880
2015-07-03,1009.3085327148438,1011.6730170828124,996.1684497711984,997.3506919551828,963470
2015-07-06,1020.70458984375,1025.2396574929512,1000.1610352701672,1000.1610352701672,1182338
2015-07-07,1014.0955810546875,1025.9759176152434,1008.9596932576594,1020.4912149151374,1642836
2015-07-08,1005.8977661132812,1016.2082482617244,1000.2385602773595,1007.0024099332659,2667850
2015-07-09,977.7567749023438,1007.1185492130882,971.6130522596234,1005.8588031205479,3934122
2015-07-10,959.0933837890625,991.9048931034408,951.593009991773,991.9048931034408,8263654
2015-07-13,972.7373046875,976.2452323769563,959.5002220234558,959.5002220234558,2280308
2015-07-14,968.8419189453125,974.8499404470739,965.1595831861686,973.299483285329,1703274
2015-07-15,986.76904296875,988.3970040012107,969.035689844594,969.4233041205318,2003660
2015-07-16,984.6176147460938,991.8466766699943,979.3461181761984,985.9742645051103,1456608
2015-07-17,993.9979858398438,996.2074628618716,985.8193816069867,987.1760315379354,1070526
2015-07-20,1001.8637084960938,1003.7088329733613,991.2785207054541,995.9787704660591,853786
2015-07-21,994.9688720703125,1010.0989702098241,992.5217299592936,1000.6402405605912,1274500
2015-07-22,982.0142822265625,997.9211812715013,979.2951509424439,994.8136026610802,1320628
2015-07-23,966.6903686523438,985.8214056964097,964.5150249830624,977.9164621002253,1496780
2015-07-24,973.1187133789062,977.5276281578747,968.0495519944058,970.1471294751807,1574972
2015-07-27,969.9722290039062,973.0603656883411,963.7958607992819,966.4567624082206,2003738
2015-07-28,971.9149780273438,978.49914345141,968.0692913044361,970.9244180455734,1891188
2015-07-29,973.7402954101562,976.9644270538452,964.7088954427537,975.3911964794663,2413318
2015-07-30,963.601806640625,977.6442341632493,960.5525520794014,977.3528986731836,2770574
2015-07-31,975.294189453125,978.4988801085022,966.0685648391604,967.1950242261328,1963776
2015-08-03,974.8473510742188,980.8294013700514,971.4677838028674,972.4389020220457,1179324
2015-08-04,974.5755615234375,980.0527073346507,965.6801547498777,975.1582325741716,2342692
2015-08-05,989.4338989257812,990.5410121089307,975.3915613355,978.8875884370609,988994
2015-08-06,999.5914916992188,1003.3594116764168,990.579532985036,996.3673600271038,2211366
2015-08-07,991.3370971679688,999.4750503362751,989.375419046441,999.4750503362751,1188506
2015-08-10,999.1253051757812,1005.6900263940676,993.1043722251795,999.0864225127624,1431182
2015-08-11,1011.5945434570312,1013.8475569952872,987.4720205541265,1001.4172421202492,2200306
2015-08-12,1037.81494140625,1045.467336527258,1010.7401755030917,1011.1675055946168,3479784
2015-08-13,1023.7918090820312,1042.5926217030224,992.8713640361123,1037.1543591457041,1406426
2015-08-14,1050.0509033203125,1056.3243851977154,1024.3745892676532,1024.724153963578,2293964
2015-08-17,1042.8836669921875,1047.564474929355,1031.3273622736783,1044.9618975397307,773644
2015-08-18,1064.6953125,1068.191338678959,1044.9233801555324,1051.4881024905992,1916926
2015-08-19,1061.859619140625,1069.33722996087,1057.3147096825612,1068.2301171778502,1690070
2015-08-20,1043.6998291015625,1066.2880051934799,1037.9313478604656,1066.2880051934799,2349298
2015-08-21,1039.543212890625,1060.4222554449811,1031.366473023998,1053.4690866495582,3536080
2015-08-24,1001.669921875,1027.4434466467528,997.9603248077302,1025.1127620796901,4692344
2015-08-25,997.202880859375,1018.5092624416479,984.9085564152549,1005.2631658310243,3925800
2015-08-26,1000.9320678710938,1025.1129240756054,975.7606516018852,993.668118789672,3216158
2015-08-27,1000.1159057617188,1015.7509111930453,988.9092569068174,1015.7509111930453,5264798
2015-08-28,998.6399536132812,1013.4591827630657,993.53181382437,1013.4591827630657,2744152
2015-08-31,995.9983520507812,1006.0785408578595,983.1795907193876,1006.0785408578595,3692044
2015-09-01,985.6466064453125,1014.3140496874087,982.7721330024757,992.8717675708806,2987602
2015-09-02,1006.7778930664062,1017.9068720674062,989.7638796222273,994.3086947961933,3765950
2015-09-03,1012.1383666992188,1015.7897335432302,1000.737400015582,1008.4481171892146,2265074
2015-09-04,989.5501098632812,1015.7508627227036,986.325978128735,1014.3912970978998,2426396
2015-09-07,986.5594482421875,994.4060680601397,983.8208746495286,991.7063771482644,1759184
2015-09-08,986.7728271484375,996.017893092216,980.2468926683716,988.5985107354887,1787746
2015-09-09,990.4434814453125,999.8633282636472,988.2099095193156,995.5709667256655,2045076
2015-09-10,988.7539672851562,1001.6116140718195,981.6065731081978,987.433284068476,2665818
2015-09-11,991.3175659179688,997.6880640655779,986.8893043807004,989.1811056465938,1592672
2015-09-14,991.1815185546875,996.367327962013,987.8214873323193,996.367327962013,1589318
2015-09-15,985.5877685546875,993.9976134420276,985.1022095003203,991.1813709266975,1379900
2015-09-16,990.6766967773438,996.3674122894433,987.0641176018879,992.4829389471843,1756816
2015-09-18,991.0261840820312,1004.5247278926538,986.2677046092219,996.3673345106948,2455294
2015-09-21,990.9486694335938,993.2987949589603,984.0148460341484,990.5407807331942,1108840
2015-09-22,981.5285034179688,999.2416406319827,967.2336260418465,993.4538146996074,2081246
2015-09-23,983.8009033203125,993.5509673638248,976.0126117192094,984.4418981930885,1228352
2015-09-24,1002.3494262695312,1006.0785584746337,982.7328366158752,984.9081795414803,2354254
2015-09-28,1007.5159301757812,1017.3436676583086,1001.999996458422,1007.6324833545829,2366812
2015-09-29,1005.3988037109375,1023.1702690909337,998.2514107601776,1003.4954497247667,3325952
2015-09-30,1005.32080078125,1026.9378496528318,998.6783156882732,1026.9378496528318,3368336
2015-10-01,1027.2880859375,1029.3662227351895,1006.9333842067981,1009.5748456327116,2834408
2015-10-05,1053.3333740234375,1075.999318172692,1030.4344183312892,1030.4344183312892,4807306
2015-10-06,1048.8076171875,1058.90724609375,1042.5924609375,1058.518798828125,3979590
2015-10-07,1030.919677734375,1055.4112986070015,1028.2005466742908,1046.4575695062852,2065530
2015-10-08,1023.0926513671875,1040.3979998101659,1017.7320589597095,1037.1544264971087,2357550
2015-10-09,1021.4806518554688,1029.6187006296566,1013.0708037083864,1029.579817955935,2249724
2015-10-12,1007.0888061523438,1033.4061185209202,1004.9134626938336,1031.3278869161686,2455912
2015-10-13,1009.3997802734375,1014.6243776459999,997.3773549495716,1011.0506813473255,6179712
2015-10-14,964.7863159179688,989.7634904727945,963.3490802089993,989.7634904727945,8337128
2015-10-15,958.5908203125,972.4778112257496,957.5225902422501,967.233772699068,3215710
2015-10-16,960.2418823242188,968.0108295922141,959.4649875974193,963.6990259241638,2333828
2015-10-19,966.7482299804688,969.1565843034725,953.9683515847478,967.2337891115488,3130642
2015-10-20,981.50927734375,982.7717311485851,969.4091811178699,969.6616339445279,2695084
2015-10-21,982.771728515625,987.4330963979125,979.7612617583143,984.7139651332448,1929688
2015-10-23,987.6964111328125,991.920285530466,983.8619254532003,991.920285530466,2335398
2015-10-26,987.462646484375,992.3093325327976,979.1123182261465,992.3093325327976,1414630
2015-10-27,985.3411254882812,990.7133014424802,981.1562190482683,984.9323481763604,1530420
2015-10-28,984.5626831054688,986.2950209712296,977.1466195005167,977.1466195005167,1255342
2015-10-29,971.4240112304688,987.0151469011988,969.3607357417226,986.2950106269241,3130316
2015-10-30,971.3656005859375,977.8667862292788,967.3948239388146,973.2342293147028,1516696
2015-11-02,979.9882202148438,982.109851192655,968.3872526574986,973.2339386635679,1319294
2015-11-03,990.1491088867188,991.8425746126402,980.4362494265918,984.1345398254612,1364906
2015-11-04,986.3923950195312,991.608892577021,981.0201229567629,990.7524654464132,991434
2015-11-05,966.4797973632812,986.8398733231566,965.448207255549,985.2243427674877,1596098
2015-11-06,975.4725341796875,980.3387046584847,966.7912670370349,970.1197466530107,908024
2015-11-09,962.0807495117188,974.3045301934276,961.0101921416131,971.2875048776752,2021556
2015-11-10,956.9422607421875,964.280484928265,953.7695551369598,962.7038264510879,1361920
2015-11-13,933.2927856445312,949.1176333940331,929.0690055394543,949.1176333940331,2743232
2015-11-16,924.4166259765625,930.4117094346273,917.1757269573146,930.4117094346273,2043528
2015-11-17,930.6259155273438,933.7012972181947,924.5723805117256,926.7134954981738,1985028
2015-11-18,915.4043579101562,929.9833832851901,913.2827269349166,929.9833832851901,1520352
2015-11-19,919.7257690429688,927.1418323841217,915.6187018607513,920.8158103155685,1866906
2015-11-20,933.6624755859375,943.4726566845062,919.4921295169862,921.2634346559047,2012126
2015-11-23,930.8207397460938,939.5213970965441,927.3949361063868,936.36817508643,1088082
2015-11-24,921.8277587890625,931.3654519650331,920.874008479942,926.538249354148,998640
2015-11-26,913.107666015625,927.4530788340302,910.110124161211,925.7012575505222,2915292
2015-11-27,916.1443481445312,918.518982640442,908.0275366488431,914.0615888752342,1737206
2015-11-30,924.0079956054688,930.8984744528449,914.8984668383897,920.6795157683129,4100048
2015-12-01,919.472412109375,925.7595600656337,917.5843953877672,919.8617056654639,1721994
2015-12-02,920.7568969726562,925.7788397650872,913.4771280862985,925.7398724011156,1640296
2015-12-03,915.1318969726562,923.7936792581573,913.6720460256618,918.7328626419095,2283358
2015-12-04,906.431396484375,913.7891043052466,903.5896285602769,910.947241338743,1246092
2015-12-07,903.0833740234375,912.4652933993576,901.3120690138741,907.9105769764728,1382604
2015-12-08,906.6646118164062,914.4504822484922,902.1098966221087,902.9273559920596,1139964
2015-12-09,921.7107543945312,923.7156730257261,903.1609563890881,910.1292723029039,5282806
2015-12-10,928.2903442382812,930.8791094180535,915.6188148457727,922.2368079802873,1723988
2015-12-11,928.8546142578125,931.1708923804465,919.9981840506183,927.6867333513693,1652378
2015-12-14,925.9153442382812,929.2438235279325,907.2877024971372,909.0783960323395,2718532
2015-12-15,924.9035034179688,928.4655028648258,919.9205248972562,925.9156100434445,1135868
2015-12-16,937.5748291015625,939.9495584859956,928.0761016486285,928.0761016486285,1435934
2015-12-17,949.7789306640625,951.8227217844586,931.7157481121766,940.1439153821954,1618844
2015-12-18,940.8450927734375,947.6187655656041,934.5579420946859,942.0908136838756,3024970
2015-12-21,952.3681030273438,953.7695984134052,936.9716126868844,942.0713033100975,1610104
2015-12-22,936.2706909179688,949.8764846714854,934.3047390211332,949.8764846714854,1560858
2015-12-23,944.3483276367188,947.9298093452778,938.4116009046795,940.1439382212919,849834
2015-12-24,947.637939453125,949.1756301543497,935.8618081319966,942.4797992876721,843160
2015-12-28,958.7136840820312,960.1540519259597,942.1686999664887,945.2052101773542,3704198
2015-12-29,956.0275268554688,959.725817157833,952.115106000801,957.0202448398487,1708524
2015-12-30,941.4290161132812,957.2732514083036,939.0932538080964,954.9569727974775,1605762
2015-12-31,948.6503295898438,953.1855628849559,937.2245222158592,940.4361950334213,1240318
2016-01-01,940.6891479492188,949.4872225506978,939.0736173013205,949.4872225506978,712262
2016-01-04,922.4700927734375,939.7546894759281,921.0880815745564,938.2558711961431,1870184
2016-01-05,914.4314575195312,929.0884229897213,911.3365914779282,928.4655150255699,2678020
2016-01-06,927.1417846679688,928.9129947220878,914.9179071668682,914.9179071668682,2653228
2016-01-07,923.1126098632812,927.6478430766462,918.7330561000922,922.6259927784824,3199580
2016-01-08,933.3705444335938,937.1661577292069,923.5992352658756,928.4654061576874,1907544
2016-01-11,919.6480712890625,928.0762424368444,914.3926059900283,927.4923018480629,2930228
2016-01-12,905.9059448242188,920.679622076972,895.9984389355087,919.7842275375062,3482594
2016-01-13,887.2780151367188,905.8862695050336,877.8960957568789,901.9933332372854,4746092
2016-01-14,887.122314453125,894.947059138434,875.9106392620928,884.8643924634385,2742052
2016-01-15,880.2315673828125,892.143891410246,877.8568390252688,891.0344619650524,3269408
2016-01-18,886.6744384765625,892.2218717038065,879.8034451629251,880.5820322825383,2213922
2016-01-19,887.3170166015625,895.3753759768758,883.0347865425426,886.421622217107,967910
2016-01-20,887.6283569335938,889.5358575170061,873.1855266567374,885.1757882960773,1615954
2016-01-21,879.78466796875,893.5989466689596,876.3701122602885,891.6868335811017,2675536
2016-01-22,895.8821411132812,898.3406410515406,881.9312376852948,887.0042934772899,1343178
2016-01-25,899.3551025390625,912.7597136118534,894.2235501246524,898.2819562319087,1397560
2016-01-27,905.24755859375,909.2279361758667,890.4771270835204,898.3208879762097,1626986
2016-01-28,909.7156982421875,916.6228378168432,900.6817972401321,903.5890285691246,3106660
2016-01-29,933.1689453125,936.5639706516696,911.2182272503516,920.4472466022627,2235744
2016-02-01,937.6172485351562,941.617155719904,920.5640047629117,933.0905814698715,1495274
2016-02-02,935.8223876953125,949.4415481188416,928.6420080965709,940.0759101595929,1475588
2016-02-03,942.9247436523438,948.2318818929564,921.0715861067233,931.6859578601549,1308692
2016-02-04,944.38818359375,952.1733524001199,937.3444231414296,945.1100611443327,1250046
2016-02-05,945.1297607421875,952.1539916455255,939.7250624604566,939.7250624604566,1402996
2016-02-08,922.1055297851562,941.266101315402,915.8813022393739,936.5637517573487,1063658
2016-02-09,890.2816772460938,910.6520109993489,880.2136951416795,910.6520109993489,2489610
2016-02-10,885.3649291992188,893.5988281378336,881.1894349697404,887.7843664401344,1890732
2016-02-11,857.717041015625,893.2479585524642,847.4538409607745,889.7358433812225,1962408
2016-02-12,868.8970336914062,875.4529035464957,844.4682917634943,858.5167476338667,2172568
2016-02-15,885.5017700195312,900.2137066989104,874.1264571349016,878.028807389968,2479712
2016-02-16,884.0967407226562,890.5160860925033,875.2969242355324,884.2723273819512,1588702
2016-02-17,887.9987182617188,889.5986235983695,876.6233179585715,883.8817225305996,1585178
2016-02-18,903.7256469726562,905.2475251686166,888.9552160078061,891.6868606575229,1529140
2016-02-19,905.2083740234375,908.0766387307991,899.6670573365884,900.4085608314863,879012
2016-02-22,903.7450561523438,914.320461096787,899.4915334306845,905.4426162440545,1324884
2016-02-23,883.4918823242188,905.3059768221956,880.6626790791433,901.5402478531477,1306852
2016-02-24,862.7901000976562,882.887203666861,858.985308645234,882.887203666861,1659328
2016-02-25,863.5314331054688,869.443454392479,852.9169664211554,866.2435469092094,1830556
2016-02-26,862.6142578125,880.7211193021298,858.3607354553488,870.1067489367539,1537536
2016-02-29,849.4633178710938,872.9554389254224,825.3467828910453,872.9554389254224,2191718
2016-03-01,888.4284057617188,891.725967473834,843.6880045893057,855.7852886514095,1999760
2016-03-02,904.8963012695312,909.2473826096202,880.4675566579209,899.4915094056544,1527486
2016-03-03,926.0859985351562,933.0517302386666,897.9305860640618,911.5888087986303,2648284
2016-03-04,919.9984741210938,928.7592301578467,916.8765943558573,928.7592301578467,1512966
2016-03-08,918.72998046875,923.6859443009296,899.179175224482,913.9691340730514,1268152
2016-03-09,919.8814086914062,924.6227256002754,895.6477782695566,913.5400902520234,2017784
2016-03-10,916.3889770507812,920.8962108839424,903.3746001652527,919.4132986555471,1661666
2016-03-11,923.0034790039062,932.9935346849372,911.1988683962039,913.1500437032621,1530528
2016-03-14,919.0032348632812,935.7833363915705,913.1497110743433,921.734879298119,1636742
2016-03-15,909.2084350585938,922.3203683983583,905.3842085006894,916.6814920335679,1623356
2016-03-16,908.0964965820312,910.0281410344983,900.2332031228766,903.3941451521713,1918246
2016-03-17,917.8521118164062,921.6569024902565,910.0278821967663,910.8083520785818,2221088
2016-03-18,946.6517333984375,948.2711707457578,920.954717267485,920.954717267485,3204070
2016-03-21,954.6121826171875,958.0072074007732,944.3685158645247,946.7099254079906,2336982
2016-03-22,965.0900268554688,969.7337843335389,950.8073905547958,952.9536826327975,1951984
2016-03-23,965.3633422851562,970.8655985091476,958.9244649170154,970.8655985091476,2278434
2016-03-28,965.2070922851562,982.27987143723,960.5828652667177,972.0752655500726,3320882
2016-03-29,963.6461181640625,970.4947603830732,958.0267731635521,967.0021767410517,1838796
2016-03-30,971.4898071289062,977.538448225712,959.9778772995016,964.2313997038615,2136504
2016-03-31,983.5091552734375,995.0991141365876,964.7192854255361,967.1192875111877,4363964
2016-04-01,957.5973510742188,983.7236529759051,949.8707765295816,977.5383919082487,3041400
2016-04-04,964.3684692382812,970.9049070166287,954.905268275599,958.4173840968007,1752352
2016-04-05,961.05126953125,969.6949368817542,952.9734238900094,964.1926804117933,1491794
2016-04-06,968.5242919921875,971.2949988402362,959.7245682003864,963.8805332002344,1763150
2016-04-07,964.1927490234375,969.6169779319379,958.8074864553239,967.782892311438,2390942
2016-04-08,949.0709228515625,965.3241703014277,947.1002173128078,962.3193802609741,1399500
2016-04-11,978.1823120117188,982.2212814926469,941.6368503145637,949.4415486180412,2400648
2016-04-12,982.6701049804688,985.3432525070431,970.9436209060201,974.8069088168687,1303628
2016-04-13,985.8114624023438,993.1478981503898,980.4652629087836,987.2943741927254,1601468
2016-04-18,983.2944946289062,996.4649239150361,952.1732580194588,957.2463122630052,7121504
2016-04-20,956.2123413085938,989.2066333384344,952.1733710724134,989.2066333384344,6405024
2016-04-21,946.08544921875,962.8655498436831,941.3246025144864,956.46573562119,2525724
2016-04-22,943.2174072265625,950.3781614130082,938.2028499980877,943.9783463264566,1964126
2016-04-25,956.5634765625,958.826858457967,937.4614937086363,937.4614937086363,2267654
2016-04-26,971.6070556640625,973.0509060109601,952.9538048842048,955.6854496975502,2554368
2016-04-27,979.919189453125,981.2850120128418,966.182840634768,967.7828423136103,1848670
2016-04-28,986.41650390625,991.1968825721987,974.8460744685748,976.0948073921755,4992744
2016-04-29,989.440673828125,991.9772008957183,979.4896830244898,982.221327558821,2372178
2016-05-02,986.0067749023438,987.294569482199,975.5875192511849,986.9043344744986,1116692
2016-05-03,967.0414428710938,987.2946023358132,964.6609711360198,985.3434272323827,2153118
2016-05-04,967.00244140625,973.2657329322735,958.8075054621293,965.4024396130305,1364892
2016-05-05,963.99755859375,971.6656383863107,961.3634722917258,967.0023490986523,1246566
2016-05-06,965.2070922851562,969.460710425796,948.6611684272286,961.9291567968402,885598
2016-05-09,980.4849243164062,982.6116859165488,958.5731728861152,965.2071675884906,1821276
2016-05-10,984.5234985351562,988.835612829165,974.0262188209988,981.440681223883,1158534
2016-05-11,982.7288208007812,985.5775553588375,971.6851512323318,975.587501237281,1598716
2016-05-12,1001.4210815429688,1002.8649320513842,983.606891126305,983.606891126305,1513082
2016-05-13,984.7186279296875,1001.3426714175115,979.5480159280188,1000.952436549461,1621730
2016-05-16,995.5480346679688,1000.8747998623483,984.3678394369688,990.4164822561057,1111526
2016-05-17,1002.9820556640625,1011.1965221050237,995.8797971681701,1000.6406454826325,1756698
2016-05-18,995.5283813476562,1001.2843466421456,985.7529771659645,1001.2843466421456,1500740
2016-05-19,997.8115844726562,999.0018205398563,985.7728892283213,997.0506451091144,1038792
2016-05-20,987.0210571289062,1001.2646296152535,984.4845305217485,992.0941103432217,1230918
2016-05-23,972.2509155273438,993.4991909953595,967.8607720309681,992.7577826470784,1533016
2016-05-24,962.9828491210938,971.002197081403,959.8220029200652,969.3436984025741,1339158
2016-05-25,985.9091186523438,988.4456459515558,968.1729583607572,968.1729583607572,1548678
2016-05-26,994.5921020507812,1000.9138911188694,977.5779101929782,987.2947253094624,1943248
2016-05-27,1003.9383544921875,1006.7481236051431,995.3337462185643,996.3287695678017,1104676
2016-05-30,1028.8154296875,1030.9812528104708,1007.586685575126,1007.9769205424285,1349464
2016-05-31,1002.669677734375,1032.951949029775,999.7819771115542,1030.2203042835688,3722608
2016-06-01,1027.7030029296875,1032.1711728845248,1003.2937941346364,1003.3718220497948,1911942
2016-06-02,1034.1810302734375,1035.800562347152,1014.6107872362026,1014.6107872362026,1408756
2016-06-03,1026.142822265625,1037.2449928448987,1022.611175225755,1034.6694028350291,1554922
2016-06-06,1030.0654296875,1040.5139402661484,1026.3985746474016,1033.2196970319976,1322026
2016-06-07,1037.4189453125,1040.5141091509013,1030.2627386173947,1030.6570220994527,1202194
2016-06-08,1030.301513671875,1036.3931701272925,1027.3049227160552,1031.9377505195148,938266
2016-06-09,1016.1666870117188,1033.9685404149784,1007.4727205489687,1033.9685404149784,1562138
2016-06-10,1007.68994140625,1026.4184055427254,1006.684499342591,1011.7313468251737,1396832
2016-06-13,1004.2398681640625,1006.7436063788805,992.805649013392,1001.479884231142,1029978
2016-06-14,999.4493408203125,1008.9515132494942,992.9041977069458,1008.9515132494942,977570
2016-06-15,1008.1236572265625,1011.2975619263182,994.3828407680119,997.5371083041515,1270844
2016-06-16,1008.6952514648438,1011.2186267456035,992.1944525071389,1003.6681380650422,1145070
2016-06-17,1026.161865234375,1029.0795234633333,1008.9710730048545,1008.9710730048545,1878988
2016-06-20,1048.5181884765625,1051.9484358631214,1021.9040507626343,1026.1623320489878,1872838
2016-06-21,1045.3240966796875,1050.7652266740583,1041.4601002337959,1050.1738015933786,1027690
2016-06-22,1051.81005859375,1055.77262595969,1037.6553232386668,1044.8509951866504,1761712
2016-06-23,1043.0177001953125,1048.5967721728334,1035.1122982464199,1046.8224967546053,1397014
2016-06-24,1014.8655395507812,1022.4554935152933,991.2873775933245,1011.3958270577461,3766586
2016-06-27,984.072265625,1004.2398230969729,978.8676477194364,1004.2398230969729,4272566
2016-06-28,971.494384765625,986.8517011073693,969.3060930476321,984.0720806591765,4499524
2016-06-29,986.8519287109375,990.6370880291397,972.0269299459461,975.8514598496002,2531264
2016-06-30,1006.6450805664062,1010.5089812369047,985.8466292841301,994.3828271829457,5121812
2016-07-01,986.0438232421875,1011.1793936590634,983.48098076831,1010.1542181652685,2197296
2016-07-04,983.4215698242188,995.9006963377955,978.6113319250532,992.016966608958,1883484
2016-07-05,979.9122924804688,984.5451211974981,976.6988258693361,983.4213753023311,1559748
2016-07-07,958.0298461914062,982.4951509656192,956.1372665765783,980.8588170623357,3316800
2016-07-08,956.7681274414062,962.8597866587834,947.6601424876304,960.080069464273,2456356
2016-07-11,971.5733642578125,974.5896899082203,956.9257750151141,958.1086251696446,1543632
2016-07-12,971.8889770507812,975.851545000785,960.4153863386523,974.5503903553289,1465536
2016-07-13,982.9882202148438,985.4130252056506,966.4874174393722,977.0345009341211,2102300
2016-07-14,994.3432006835938,997.1426511384356,974.2742154855968,980.1884660854688,2699988
2016-07-15,964.1607666015625,996.6694074723845,956.7482208447627,992.4111283133227,8336366
2016-07-18,959.46875,973.4855416316234,958.345100266007,964.8113083728564,2598850
2016-07-19,972.3818359375,974.9841452406454,957.1230855051525,957.1230855051525,2362896
2016-07-20,983.7177124023438,986.6945724224178,965.2652232243956,965.9946862876817,2815252
2016-07-21,988.0938110351562,993.3969028540405,971.6915851291652,981.5684023239269,2527148
2016-07-22,991.6624755859375,995.1715602537408,982.5544881744541,985.275005837302,1517216
2016-07-25,1011.56591796875,1013.2459645634083,990.5554915125064,993.006363713296,1688796
2016-07-26,1009.0558471679688,1015.1435071661191,1001.3078285248364,1011.5659766725804,2311290
2016-07-27,1018.9185791015625,1020.0451406191977,1006.0513800662933,1010.004430675591,1750510
2016-07-28,1035.402587890625,1039.4742485614431,1018.7207367300954,1020.084519634154,4632080
2016-07-29,1035.42236328125,1041.5890631220018,1027.3976528087915,1033.327227565287,2488084
2016-08-01,1070.5848388671875,1077.2061980663107,1040.4428305726715,1040.4428305726715,3961704
2016-08-02,1067.0072021484375,1073.5297344372389,1063.2913738727596,1068.4698112990766,2578162
2016-08-03,1050.048828125,1066.9283345304616,1047.182866500196,1061.7893688583993,2294702
2016-08-04,1048.348876953125,1060.5835475989732,1042.122823102442,1055.4643670681915,1415416
2016-08-05,1047.20263671875,1061.117355045993,1040.4428818232607,1057.006124658612,1868484
2016-08-08,1047.3604736328125,1054.6736152679161,1039.2765066408733,1043.6050765769485,2058244
2016-08-09,1047.63720703125,1051.4321733285567,1019.4322554666915,1050.7206050840614,2261914
2016-08-10,1057.599365234375,1060.2084178420318,1046.768042671775,1047.9539581279741,2062078
2016-08-11,1071.2371826171875,1073.2532771008355,1053.7054604718517,1053.7054604718517,2233138
2016-08-12,1082.52294921875,1085.033174552512,1068.1338859387845,1069.300016377379,2327358
2016-08-16,1064.04248046875,1083.1357318318765,1056.9863439173857,1082.3451218086416,3183754
2016-08-17,1037.49755859375,1066.9279909121326,1034.9082920370372,1066.9279909121326,1848566
2016-08-18,1043.031982421875,1050.5427771004968,1039.691674616805,1041.6286304299208,1292064
2016-08-19,1029.1768798828125,1046.155215484191,1027.7933119628624,1043.605516762291,2416244
2016-08-22,1007.5139770507812,1025.5991833650355,1002.6122329597797,1023.0494850555225,2265274
2016-08-23,1028.2081298828125,1029.7497808392789,1004.153781085292,1006.0314799089437,1503374
2016-08-24,1016.7444458007812,1028.5838135921983,1015.5585305660478,1023.7611109396213,1116878
2016-08-25,1008.4429931640625,1023.7214951373713,998.5405821036662,1019.8870553552885,1939690
2016-08-26,998.1251220703125,1016.9416745574827,995.0615089905939,1011.9015369102037,1250314
2016-08-29,988.4799194335938,1002.0783725872145,975.1185913697406,1002.0783725872145,1488728
2016-08-30,1005.71533203125,1007.948863531231,988.7567835235516,992.2157028062427,1444026
2016-08-31,992.7293701171875,1008.0276528406514,988.5984525673504,1008.0276528406514,3231668
2016-09-01,991.2276000976562,1002.0787064677043,983.1436296002636,998.1058706628123,1345736
2016-09-02,994.1133422851562,995.9316879443155,986.7013712314208,993.0064686391239,1742330
2016-09-06,981.957763671875,996.228221484836,980.3567585343563,996.1293951986935,2239066
2016-09-07,964.7617797851562,988.1440353904758,957.824156706757,988.1440353904758,3854040
2016-09-08,917.9379272460938,932.9199505599747,903.1732445092806,932.9199505599747,7021516
2016-09-09,929.9351806640625,935.5484920766434,917.1273379193002,920.9419923713345,2742438
2016-09-12,932.544677734375,934.481634457422,918.6892122663003,923.828179460561,2024454
2016-09-14,920.4481201171875,939.8774232517723,913.1547604880234,933.7106252262819,2069858
2016-09-15,919.8551025390625,925.8440321852925,915.8230101743885,924.9940683887515,2818964
2016-09-16,933.5919799804688,939.2448618771051,917.1077775904394,923.7093530667786,4358004
2016-09-19,953.2583618164062,959.4053747638904,928.9668853296838,934.8964611934903,2802546
2016-09-20,951.301513671875,955.412647202583,942.9605392945573,953.0803862301643,1184552
2016-09-21,954.0289916992188,958.2192630541999,949.0086377995742,951.7757726351267,1678020
2016-09-22,940.0355224609375,959.800777348678,937.3079558904427,958.7136883298523,2857574
2016-09-23,947.9811401367188,950.2541443207865,937.3275911442391,941.6166898173175,1800726
2016-09-26,949.1670532226562,956.2825445654307,946.7556536635938,949.1670532226562,1753476
2016-09-27,963.0028686523438,967.706961109275,949.1671890613206,949.1671890613206,2038792
2016-09-28,957.8441162109375,963.5562560473433,954.7409323310351,960.9867726978837,1731328
2016-09-29,963.6748046875,971.0669908521878,956.4802710753977,962.5679310910145,3603958
2016-09-30,960.9074096679688,968.4182046395638,957.863580481482,963.378065908625,2175364
2016-10-03,953.357421875,971.521674423587,949.1672451430236,968.4976285954609,1818880
2016-10-04,950.7678833007812,958.6345115437392,947.9414908540776,956.6382017793444,1780718
2016-10-05,943.3363647460938,954.8199007022826,939.2844874678419,951.8946815639487,1176354
2016-10-06,944.2847900390625,949.6806645209973,937.9599102313703,946.7554462139424,2267572
2016-10-07,936.00341796875,943.9885615407482,932.2084504741209,943.9885615407482,1816512
2016-10-10,940.944580078125,943.5535353642009,930.9631280932504,936.8333498694338,1202142
2016-10-13,920.6257934570312,936.8332987661911,917.4633533967074,934.2243436224309,5173334
2016-10-14,935.37060546875,943.5929681885647,905.6436908755767,915.1310102038237,7741214
2016-10-17,933.8883666992188,939.1657275547518,926.7530914691225,936.438064889525,2728346
2016-10-18,948.8111572265625,954.9383854726223,930.8643466453378,939.2447943637508,2128632
2016-10-19,946.795166015625,952.6851726700326,936.99158145129,949.1274272119286,1985058
2016-10-20,949.1868286132812,952.4284077313047,943.1979947860268,947.5067818916381,1265854
2016-10-21,960.0574951171875,961.3422364280366,948.0402611520193,948.7320449347842,1259660
2016-10-24,962.2574462890625,965.1112613269177,952.2888829202516,962.4556292329277,1253190
2016-10-25,950.6639404296875,957.0653089001245,943.747373614001,953.2601568843647,1772466
2016-10-26,949.791748046875,952.3681262888383,940.3780583166242,950.7232465804213,1437130
2016-10-27,958.4525756835938,962.9711089628814,937.6036872820317,943.2320646136634,2941602
2016-10-28,950.7627563476562,957.2632144263634,946.5216610560225,955.2417098597213,1752102
2016-11-01,931.4598999023438,951.1592665166868,925.1774614443298,951.1592665166868,2934776
2016-11-02,913.2468872070312,929.0816858349274,909.6597563955454,927.8925881141489,2325076
2016-11-03,919.350341796875,925.5138473719239,905.4973808655933,909.2628547628237,1463310
2016-11-04,923.7505493164062,925.9701402510661,909.2633566043256,919.5688698003643,1183752
2016-11-07,902.5447998046875,929.4381623329082,895.806580939197,926.6636016235885,2048052
2016-11-08,904.9824829101562,914.4160094266598,895.7868146095583,903.8924768304322,1933634
2016-11-09,860.0545043945312,901.7323360774984,849.3526261202048,864.0775791863501,4500226
2016-11-10,854.3467407226562,878.9412607434847,848.5400198046024,873.9074338689014,2172426
2016-11-11,832.8240966796875,851.0173479040169,826.8984463649556,851.0173479040169,2398424
2016-11-15,840.8109741210938,855.1792375021876,813.3031235452595,839.0669061596346,6290324
2016-11-16,867.8827514648438,875.5325353741754,847.4302337755651,850.2444701725086,4019958
2016-11-17,847.1132202148438,875.4138048087306,844.3188211403958,866.0595304405281,2504688
2016-11-18,842.3171997070312,852.1866717560409,834.0330944643646,849.0157446053207,2140534
2016-11-21,845.4087524414062,848.2229889159762,834.3501830224906,842.7531203813132,1793366
2016-11-22,846.2410278320312,863.0667375796224,841.1081098038992,845.0519303690355,1318860
2016-11-23,854.7035522460938,857.3195088341449,843.1494294829259,851.7902244970512,1275808
2016-11-24,867.427001953125,875.0174675897778,847.0339941661495,854.1289056202489,3026234
2016-11-25,911.7801513671875,914.5150368134563,868.9131299375466,876.7611925154904,4276148
2016-11-28,904.7445678710938,919.3505887984302,892.5760610134598,909.2630990541771,1924296
2016-11-29,895.7275390625,908.4706643420633,892.8340485700845,901.7324438822835,1442296
2016-11-30,902.1484985351562,909.5605204637047,888.7711513009696,897.7686366054216,3445832
2016-12-01,897.1543579101562,907.6778916850238,893.428557237047,902.5251350946722,1123052
2016-12-02,880.6653442382812,900.0674297546265,874.065795960588,894.9939284327422,1998032
2016-12-05,866.4557495117188,887.0073575753061,860.113895901386,883.4994810894882,2249526
2016-12-06,865.0089111328125,873.5703540425661,860.0740796856389,868.0410706858312,1593444
2016-12-07,853.9901123046875,865.8414132175285,850.4623979682981,864.9495900019431,2065706
2016-12-08,870.3202514648438,871.6084403830998,856.1501733640271,856.3483562745281,3239546
2016-12-09,870.1221923828125,879.8925725533471,861.4219807274806,873.9867596875534,1588718
2016-12-12,875.255126953125,878.9810243294896,857.3394083243752,869.9438628074963,1311758
2016-12-13,872.1236572265625,879.1393122764129,865.2665097833225,879.1393122764129,2147534
2016-12-14,875.0171508789062,881.7949477813319,867.6447085264529,877.5538532104005,1870366
2016-12-15,895.50927734375,900.5827789718248,872.7974974965132,872.7974974965132,4295410
2016-12-16,904.7645263671875,907.6778542576719,892.6159509992477,902.52509787979,1987230
2016-12-19,907.2417602539062,910.7297991065329,896.3021207962673,903.7141428774698,1334210
2016-12-20,927.2186279296875,929.4778938616058,906.5085128105964,908.4705043628147,2922760
2016-12-21,917.0322265625,929.0024579319049,913.8612992186033,929.0024579319049,2034902
2016-12-22,914.6934204101562,921.5505687269574,906.171554935907,914.0196178427371,1868300
2016-12-23,906.9249267578125,918.677137921575,903.2387042403052,911.6416426360145,1118954
2016-12-26,908.9066772460938,912.2757873710674,898.1651227282764,898.1651227282764,897408
2016-12-27,920.9166259765625,923.5326800009163,904.3089310824423,904.3089310824423,1294692
2016-12-28,916.95263671875,931.4199889505567,912.8898871194069,922.2243214063311,1350418
2016-12-29,932.1336669921875,935.3838480159988,912.830667030156,912.830667030156,1963516
2016-12-30,937.6231079101562,942.7957007904749,929.7353706780523,933.401754212176,1405748
2017-01-02,935.95849609375,941.408526283709,932.4109444821752,938.0394167117344,823132
2017-01-03,938.6932373046875,940.0606798610352,928.8039306706238,935.9186769072916,1475324
2017-01-04,943.1525268554688,946.858586208626,934.7495903070484,939.2681222261126,1420066
2017-01-05,925.2764282226562,947.2945711790866,919.7273061625879,944.9362136573593,2216404
2017-01-06,904.2689819335938,923.2748012352455,894.637369508531,919.9651077882938,3009896
2017-01-09,913.1076049804688,916.1200228801982,894.597346929908,901.7319292270894,1854578
2017-01-10,917.7256469726562,923.4531137610941,908.2722833866917,913.2268561740946,1533914
2017-01-11,921.3128662109375,923.3740463217201,903.79351265242,917.5870654304044,1931296
2017-01-12,929.2206420898438,935.4237310905187,913.2272357765064,921.3130632189949,2570374
2017-01-13,891.5455932617188,934.610697756494,887.0072243074899,930.6668774889064,10235580
2017-01-16,895.212158203125,901.2963162677003,883.1031614780683,891.8232106488571,3364808
2017-01-17,903.2189331054688,906.8060644042472,892.9332557772844,893.7655662334822,3009956
2017-01-18,909.6994018554688,910.8488242402452,897.9470950391747,902.9215063617401,3136574
2017-01-19,908.0740966796875,909.7189761306303,904.8833324641366,909.6595599650296,2251676
2017-01-20,905.834716796875,911.6414376814616,897.7686331950047,906.4886817293491,2037246
2017-01-23,916.9049682617188,919.6079633139199,898.2624250700362,900.3293870352403,2318546
2017-01-24,921.5355224609375,923.3838413106539,910.2664643139894,915.8314121307561,2282638
2017-01-25,935.3090209960938,938.0914957716877,921.4165413469532,923.225169360093,4111648
2017-01-27,937.217041015625,945.5445712726905,932.1489618632438,932.1489618632438,2871658
2017-01-30,927.3194580078125,934.8917850230314,921.4563851893544,930.5392181702,2577956
2017-01-31,886.337890625,926.981915798484,874.5123674082649,922.1920626159703,4666804
2017-02-01,861.7324829101562,890.3721204706054,856.8234601632615,882.442085998677,4864152
2017-02-02,877.53271484375,882.0443369082162,855.8095797040962,862.5869113908273,6009482
2017-02-03,887.430908203125,891.5847275828979,870.9149077726837,878.3480735646541,2153372
2017-02-06,890.6901245117188,897.7456861362119,880.4346972203515,897.5469379214375,2408910
2017-02-07,892.220703125,895.4006751977328,884.827229237878,891.9821664015266,1814638
2017-02-08,902.6947021484375,907.3255948307142,892.0020845848126,892.3398983995825,2212584
2017-02-09,921.1185913085938,925.3717841376762,902.3964687135667,904.3044711826518,4033202
2017-02-10,953.1768798828125,963.7105389796383,918.6145725571454,918.6145725571454,5782160
2017-02-13,959.6555786132812,965.5186498712479,946.9754836598181,952.4012701076616,3819812
2017-02-14,956.475830078125,961.8022436748852,953.1964843750001,961.8022436748852,2033328
2017-02-15,959.4369506835938,965.1211680759094,944.0936493192778,952.7987808393555,1924972
2017-02-16,972.9718627929688,984.9961295070888,968.1423201043154,977.841193941662,4175680
2017-02-17,957.13134765625,984.0419260872608,954.7861581922623,982.6109005209294,2723324
2017-02-20,994.6154174804688,1015.6032456448726,957.2110665430223,963.9287165122568,3973948
2017-02-21,979.9678955078125,1004.0362275185191,975.9133541493004,999.3060586602951,5501112
2017-02-22,958.5628662109375,981.8164128306098,954.0512418521778,980.1866382665958,4505496
2017-02-23,986.5068359375,991.0581514665406,959.9540502523596,959.9540502523596,4853352
2017-02-27,989.7066040039062,994.5361471956555,981.8361546530632,985.4335170405357,2139892
2017-02-28,980.3253784179688,989.7659167808382,973.8660626960055,989.5671686047779,2354828
2017-03-01,985.6123657226562,994.4963533669069,981.8162551248066,985.7514312564836,1130374
2017-03-02,994.3175048828125,997.7161190399435,981.8361548012828,988.4544320717212,1544942
2017-03-03,991.3761596679688,993.6219760623421,983.9627917575644,990.5612724385351,1013970
2017-03-06,982.8101196289062,987.3813294876453,975.675076693188,985.791343449823,1400694
2017-03-07,993.6615600585938,995.7285220126493,983.8235237632592,986.9438124016341,1511672
2017-03-08,998.59033203125,1001.6908230353614,990.6404048643027,994.5358885851088,1791510
2017-03-09,1001.5916748046875,1003.2810347086145,995.3509999803637,999.3656558779713,858468
2017-03-10,1010.53515625,1013.436899187619,999.2859894629366,1001.5319022018188,1171420
2017-03-14,1020.5723266601562,1028.3830945486102,1014.0335282411002,1016.3191332569895,3402294
2017-03-15,993.0652465820312,1022.4202966393458,991.2964070625952,1022.3607109990905,3022496
2017-03-16,1002.0487670898438,1004.4735342652044,996.1261087726958,996.1261087726958,1571818
2017-03-17,1003.9766845703125,1012.0259878911277,997.6167412057179,1012.0259878911277,2593152
2017-03-20,985.7910766601562,1004.0560169174967,980.2261270338489,1004.0560169174967,3487540
2017-03-21,988.4544067382812,990.5611573406687,979.8287531479729,986.5861928248554,3373700
2017-03-22,985.3739013671875,992.1512359093102,981.7964329684761,985.8508777446741,1888716
2017-03-23,977.9805908203125,987.7987353450752,972.7534534139678,986.5863515636768,2620638
2017-03-24,964.8030395507812,981.7364214438,963.2528427351523,981.7364214438,5099814
2017-03-27,958.7810668945312,969.8910701953499,956.3761946270541,964.7037235461648,2181270
2017-03-28,965.8965454101562,971.2428536197489,957.9665100986379,957.9665100986379,1153158
2017-03-29,971.7198486328125,974.1843071837392,964.1674161749539,968.3013403865064,1717764
2017-03-30,970.2884521484375,979.8283631896347,967.9034743881382,971.8386488746346,2986086
2017-03-31,966.6318969726562,970.2292592930663,959.9539371314311,969.2553153440082,1867044
2017-04-03,958.6422729492188,967.903960646964,957.2510352234428,967.903960646964,1196888
2017-04-05,954.4883422851562,961.9016121953555,952.0039894942006,961.9016121953555,2905568
2017-04-06,954.0113525390625,957.9664227176252,951.03012923185,953.9914583080084,1720704
2017-04-07,965.5386962890625,967.2081618403904,950.8710201962674,951.9641353488663,2277012
2017-04-10,962.835693359375,973.4687224840992,955.9788801854874,966.711283414181,2543264
2017-04-11,961.6630859375,971.1235199223645,956.376364265515,960.8680931159992,1557784
2017-04-12,951.3082885742188,965.1212888992804,947.2339503488407,962.9350586320045,1050538
2017-04-13,925.6299438476562,957.5688180884133,922.6090294646748,953.9913505239485,2500472
2017-04-17,920.14453125,927.3192632510697,912.3137749519109,926.3255223041056,2270882
2017-04-18,917.7398071289062,927.8361779644308,915.056706138301,926.1667123126158,1730620
2017-04-19,913.904052734375,933.6000240109965,895.4801479126871,899.7333411168659,5626812
2017-04-20,924.3778686523438,926.9615952256572,910.6443487651899,916.3484608642814,1268842
2017-04-21,918.53466796875,928.4123949315923,914.6391839778335,925.8088712398977,1161154
2017-04-24,925.4115600585938,930.002566598644,907.2856824155417,914.2418705611154,2000020
2017-04-25,918.8128662109375,931.9103522925905,915.3148787194533,925.3715563655904,3148710
2017-04-26,918.3561401367188,931.7119652192772,915.4543960800897,930.1418733463564,2187438
2017-04-27,915.2950439453125,925.2921366028704,905.3576339745906,916.6465899283423,5773186
2017-04-28,903.5687255859375,913.7446702476967,901.5216583455253,911.8565627180931,2540510
2017-05-02,910.2271118164062,915.0368578367768,906.2919356506738,911.8568861327393,2382696
2017-05-03,929.0686645507812,932.1293684411298,901.7208837137326,912.254541821916,3514406
2017-05-04,926.2066040039062,934.1167452842544,917.7399094142365,934.0968510508785,2708208
2017-05-05,922.3903198242188,927.1602762292567,915.2353852166617,917.4216152356375,1682474
2017-05-08,931.1154174804688,933.0830052402852,921.2773816363677,922.5891391579183,1071782
2017-05-09,935.1303100585938,938.4891357138744,927.1803809123518,931.7118017076963,1790270
2017-05-10,927.1405639648438,936.5612103047113,920.6017668519523,936.1041282108583,1206388
2017-05-11,933.89794921875,938.0915558796747,923.2848141608113,933.0433707294967,2071302
2017-05-12,938.3499145507812,942.0267565513578,922.2116176185098,931.4534096740133,2314446
2017-05-15,940.1188354492188,945.2266062935792,930.7776694432007,944.0937997070988,1817604
2017-05-16,965.5785522460938,967.9039455122606,943.4380173368131,946.0416387347763,3601026
2017-05-17,975.9927368164062,978.1391783654337,963.1336906144248,967.3074024392088,2876198
2017-05-18,1008.1302490234375,1022.3606381232687,970.7854854030144,973.8660821936269,5138594
2017-05-19,996.583251953125,1009.85969249144,988.1762402955766,1008.1305440011457,1786044
2017-05-22,1006.2024536132812,1015.1063332938705,997.7158674763054,997.7158674763054,1663940
2017-05-23,1002.3666381835938,1019.2403407140778,999.3059353562239,1006.9378467184373,2748596
2017-05-24,1017.2532348632812,1021.5661111544648,1005.5270868947767,1007.5742523095312,2534548
2017-05-25,1043.2691650390625,1048.4167243790332,1020.7708283683842,1024.3482962248154,4094094
2017-05-26,1024.8453369140625,1044.1637053642035,1019.4393457710066,1043.4282980313833,1362550
2017-05-29,1022.6988525390625,1032.099605428493,1019.1809698897194,1025.1434170614612,1749290
2017-05-30,1014.0529174804688,1023.9306429682428,1003.6782245395053,1017.5905959687658,927634
2017-05-31,1012.2645263671875,1022.5596458887337,1004.8710533748178,1006.8585356797522,2502730
2017-06-01,1015.047119140625,1019.1810439955998,1005.6661627569686,1005.6661627569686,1080064
2017-06-02,1019.53857421875,1030.2511808505783,1014.609657209378,1016.1002688507239,1355648
2017-06-05,1035.060791015625,1041.4008395519618,1017.6504282833616,1019.578324752463,1500188
2017-06-06,1071.6507568359375,1076.7983180281958,1045.4159831151765,1045.8134796867032,5946720
2017-06-07,1039.5528564453125,1073.2406891893104,1024.169759309277,1072.0481995346556,4927776
2017-06-08,1002.3270874023438,1035.458358291562,999.9023202386916,1032.6957773723398,3330714
2017-06-09,996.523681640625,1012.5825007158206,988.1762555080151,1001.6911359131931,3148034
2017-06-12,988.6530151367188,998.8686530885325,981.9750562856243,992.5484992202754,1626506
2017-06-13,985.377197265625,997.2545580020452,983.5483484669546,990.7832770621345,1175414
2017-06-14,992.8736572265625,995.2049323483765,986.7641796911406,986.7641796911406,1489142
2017-06-15,969.158935546875,992.6724553202714,966.6669240174053,992.3911165900099,2997198
2017-06-16,964.5367431640625,978.7252645721597,959.2311473927964,970.666336710151,2450426
2017-06-19,977.3986206054688,983.2871073649457,966.7270815082576,971.4498820275321,1644742
2017-06-20,982.7445068359375,984.3522688103112,956.7389765264433,977.1173399256295,1670958
2017-06-21,967.1896362304688,981.5991471298178,963.5319377044281,980.7350141357653,1657818
2017-06-22,962.58740234375,977.1175145316091,958.6282485223726,968.2748220924091,5775882
2017-06-23,949.26318359375,970.2645818950721,946.1682603121944,964.4163259956819,1424756
2017-06-27,941.686279296875,958.5074292653143,937.164448961811,944.8013179721414,1974330
2017-06-28,944.5801391601562,947.7755459932961,938.5309159857279,944.519789216896,1789726
2017-06-29,937.8276977539062,953.4230092144096,933.7480408172445,948.1776659172676,2471826
2017-06-30,949.5243530273438,955.4127431769087,933.748185518007,934.2706297595208,1753848
2017-07-03,954.0460815429688,957.8443999265928,941.7868953743327,947.5345664510277,1475956
2017-07-04,951.332763671875,956.7990947434388,944.5801446964235,953.9252598675422,1215134
2017-07-05,946.9717407226562,950.5892049274543,942.5503955834588,948.9010745912145,815856
2017-07-06,943.5755004882812,949.3432881525735,940.5810631985953,948.1776998803502,1026788
2017-07-07,937.30517578125,947.1527185190778,934.7126790538238,944.5602217916517,1232090
2017-07-10,978.7052001953125,982.7044893589016,956.1965276106624,967.0690399762171,783608
2017-07-11,995.1239013671875,1010.7995744376724,975.1072530511907,975.1072530511907,3537504
2017-07-12,980.5136108398438,998.138738819188,976.755526511438,997.8171668332835,2646450
2017-07-13,983.3074951171875,993.5972142579567,975.3491493322556,982.7448175002849,3131960
2017-07-14,963.6322021484375,974.7056822052647,954.6086578298984,957.824181729957,4508432
2017-07-17,962.8281860351562,973.5399574017712,957.5024753231771,963.7325520051149,2211822
2017-07-18,968.0136108398438,981.9408123358652,963.1098573826958,963.1098573826958,1908002
2017-07-19,984.5934448242188,988.773586588691,970.7264981830359,970.887235123977,3915576
2017-07-20,982.6241455078125,987.5278011035654,976.9166087281649,984.4529948271787,1182504
2017-07-21,1001.3141479492188,1004.8512439539375,978.5442580132242,978.6848783093751,2148416
2017-07-24,1020.0570068359375,1023.8056060986247,1000.4273678491285,1000.4273678491285,2271402
2017-07-25,1036.5023193359375,1039.9284401659415,1015.0991016117812,1018.0617278097391,2678832
2017-07-26,1030.2547607421875,1037.9131490262648,1026.6271031339404,1031.8670530125196,1459826
2017-07-27,1000.306396484375,1041.8632684644108,994.1797056342999,1024.6923166915005,4255304
2017-07-28,1001.3545532226562,1004.8814429575864,984.3045408799185,1000.0243922698926,1382752
2017-07-31,1004.3777465820312,1015.3413171454065,992.769219582825,995.9938049489081,2019662
2017-08-01,1008.3478393554688,1016.0465753716932,1004.0551499557225,1007.6828080647557,1747460
2017-08-02,997.1223754882812,1010.9074575001591,992.3660926496777,1007.682872308771,1251024
2017-08-03,1003.4302978515625,1008.4888848810905,994.1596166556133,999.6212767806172,1882548
2017-08-04,1016.8726806640625,1019.0895823746243,1002.8457192504802,1003.974343438976,1387890
2017-08-07,1009.0731201171875,1015.7439981993599,1000.1047455299115,1014.3332426463053,1885520
2017-08-08,1008.9120483398438,1019.2105847636101,1006.1913051691339,1012.5195325663718,1073958
2017-08-09,1012.5194702148438,1016.8928520343841,1004.9820240947838,1007.6825937647728,992946
2017-08-10,1012.297607421875,1015.9857842017349,1002.1805347528971,1011.3100983104821,1526172
2017-08-11,1006.0910034179688,1021.7906867941057,1000.8308778342266,1007.6427763835653,1394736
2017-08-14,995.3485717773438,1011.6730306544669,992.768943564303,1008.891865912079,786504
2017-08-16,1004.5993041992188,1025.337396009416,993.655810228304,1001.2336043710314,1373340
2017-08-17,1001.8986206054688,1009.6981245227735,992.4063277408595,1007.9648904959814,1752374
2017-08-18,1013.2451171875,1027.795996173656,996.1547597370911,997.2027890963212,2837356
2017-08-21,1019.2911376953125,1027.4331935375337,1005.3851176180098,1009.8995160487606,2304834
2017-08-22,1006.6954956054688,1023.6043967525794,1004.4584196524622,1016.9536889178019,1131326
2017-08-23,1003.4302978515625,1014.4543863754396,996.8601867139993,1009.6981041675186,1562272
2017-08-24,1006.3125,1014.9180530023057,1002.100306713505,1006.755821436213,1623908
2017-08-28,1002.5636596679688,1009.8592231399466,991.96281831994,1009.5368434114143,2036796
2017-08-29,995.9330444335938,1006.0702918660372,993.1517814578511,1000.4272693956348,1312602
2017-08-30,1001.45556640625,1003.6522957256254,991.6004460753135,1000.0246368254124,970782
2017-08-31,1006.2116088867188,1009.456268733684,994.2402586591612,1001.6366896738891,1784664
2017-09-01,990.1290283203125,1006.8969108699907,982.107911927574,999.6214207673736,1702330
2017-09-04,990.0278930664062,991.9626631675363,982.6919840725127,988.7784257974959,1062544
2017-09-05,1001.3746948242188,1003.652018475421,982.30931752288,991.5598254817412,1165994
2017-09-06,988.8189086914062,997.5455003454874,987.5290944534239,994.8448318517674,1228764
2017-09-07,991.6002807617188,994.9457091311714,987.9524491277841,990.7537877968396,870636
2017-09-08,995.8328247070312,997.2032344135298,988.5573327617085,989.0410009871458,1021134
2017-09-11,989.32275390625,1000.8103372944817,987.5290982865843,996.0742283537195,732764
2017-09-12,1003.0271606445312,1006.4734550718746,990.3505322833784,997.1624277989135,1396460
2017-09-13,1003.32958984375,1020.4400240931614,997.686566168131,1007.682799217675,1278980
2017-09-14,1002.423095703125,1006.7158852719414,996.3568230265626,1000.4279026052694,1081510
2017-09-15,1010.1212158203125,1014.5348459455687,1001.6365086113382,1007.279531195064,2944072
2017-09-18,1007.2997436523438,1015.3208581310097,1003.34960800901,1009.6778353281068,726600
2017-09-19,1006.9771118164062,1009.6978545382158,1004.2563690945966,1009.6978545382158,782754
2017-09-20,1005.0826416015625,1013.3254643009146,997.3234867933713,1013.3254643009146,1334642
2017-09-21,1017.7192993164062,1024.2088160257358,999.6213552710842,1004.0753330071253,2438740
2017-09-22,1009.1339721679688,1018.5254977862359,1004.4582842910004,1015.7039857517105,2435396
2017-09-25,1012.0159301757812,1021.3873810874957,1004.7606133409056,1006.2923110206858,1599558
2017-09-26,997.4649047851562,1018.3239397434926,993.9783614928958,1011.7135796217228,1449230
2017-09-27,1005.6677856445312,1012.6006260486248,997.1024788529695,1003.6524193406343,2010356
2017-09-28,998.1903686523438,1013.3257833878295,988.3352509415107,1005.5464527998489,4332866
2017-09-29,981.8660278320312,1001.2337125241202,976.0416404497412,999.2183467581699,1985014
2017-10-03,986.904296875,989.2623138364364,978.2785720299224,983.4983489135495,1923006
2017-10-04,984.4254150390625,989.1413504515997,977.4522309882352,987.3678682404538,1300778
2017-10-05,979.3062744140625,984.888776843434,977.210215929943,983.9012675998595,1684686
2017-10-06,986.1788330078125,989.5445330020183,978.6817318424255,979.4677047637085,1389188
2017-10-09,989.1820678710938,994.7645731459934,983.9219424597661,983.9219424597661,1773616
2017-10-10,991.2572021484375,995.570063249081,988.0326183862386,989.5441420247693,1222010
2017-10-11,1007.8237915039062,1013.5070627558349,990.2497662619805,991.559753741517,1527746
2017-10-12,1027.11083984375,1029.851756567974,1010.5042480297108,1012.9226865969937,5006356
2017-10-13,1031.302978515625,1051.5976521326763,1016.9535353251987,1027.110958802908,4066320
2017-10-16,1041.7022705078125,1043.9595196426274,1029.8721319063634,1029.8721319063634,1218590
2017-10-17,1045.793212890625,1054.01586383712,1038.9409709663767,1041.9438455401134,1443016
2017-10-18,1042.589111328125,1053.4921619606112,1039.9287890168625,1045.9748866274256,1514144
2017-10-19,1041.50048828125,1046.297116959804,1036.3008849306675,1044.7654195800428,86822
2017-10-23,1043.1129150390625,1059.6792600649167,1026.808626591944,1041.5409691927518,1886088
2017-10-24,1039.28369140625,1056.4142989759353,1035.5150167848333,1056.0515725311866,1339020
2017-10-25,1034.635986328125,1056.50164906274,1032.6555904190132,1042.1535968279552,1105106
2017-10-26,1026.1279296875,1038.37421231861,1017.6604819392418,1024.6122908792536,3007552
2017-10-27,1044.4979248046875,1048.0747748055562,1022.6727160929399,1025.7848094521332,1409270
2017-10-30,1057.3909912109375,1058.9268590620247,1043.4471069980978,1045.1850601276321,1137252
2017-10-31,1060.5428466796875,1067.0095713545636,1051.3682007820846,1051.3682007820846,1592634
2017-11-01,1051.9951171875,1061.6952081897573,1042.2950261852427,1060.543282913468,741882
2017-11-02,1061.4122314453125,1080.7518277428694,1053.5713638626494,1054.2786621792352,1468422
2017-11-03,1058.967041015625,1065.6762113158202,1051.9748724594185,1063.9382586369072,666886
2017-11-06,1077.3365478515625,1079.862613129171,1055.5921582070239,1058.926564373467,1377000
2017-11-07,1095.3221435546875,1118.7438013074345,1077.538643822922,1079.1350973594112,2696892
2017-11-08,1105.4061279296875,1115.106218266182,1098.6362732156758,1100.5560827614402,1402252
2017-11-09,1105.9716796875,1111.4684357851427,1099.0604260732575,1111.4684357851427,1152432
2017-11-10,1094.7965087890625,1101.7684477928876,1088.5723244525125,1100.2325806252793,1356566
2017-11-13,1115.0860595703125,1122.5429847467813,1092.088800099376,1092.088800099376,1496996
2017-11-14,1097.160888671875,1114.1158153836268,1094.2912396724093,1114.1158153836268,1657252
2017-11-15,1093.402099609375,1113.4893468577352,1091.8056464150043,1093.684999127779,6670834
2017-11-16,1110.1146240234375,1116.7228497375797,1085.9856701320691,1095.3018178750783,1653482
2017-11-17,1094.2108154296875,1110.7009915803208,1092.7154043131472,1110.7009915803208,1325464
2017-11-20,1092.6541748046875,1102.131948578827,1089.3602263384735,1097.3223614917679,1014498
2017-11-21,1080.327392578125,1091.6643935193106,1077.518427664747,1091.6643935193106,1527740
2017-11-22,1083.43896484375,1095.1801305974302,1080.1045602084614,1080.347101833507,1822624
2017-11-23,1083.6815185546875,1088.43051914882,1078.73043282889,1083.580475988855,793470
2017-11-24,1086.4305419921875,1092.4324147662894,1080.3882126979477,1083.985290710395,2287512
2017-11-27,1085.541259765625,1089.6030939128052,1075.982569267338,1086.410186777093,1856786
2017-11-28,1085.3187255859375,1092.229979780188,1079.1348991257287,1085.601625112999,911716
2017-11-29,1074.3453369140625,1088.430712563863,1071.0513881523345,1082.1660723690097,1447532
2017-11-30,1065.797607421875,1077.9024941497423,1060.1392204275987,1072.5270067702922,4299962
2017-12-01,1062.9481201171875,1078.3268264131764,1059.5328993411326,1064.9892007491453,1031144
2017-12-04,1063.9178466796875,1074.4868617271989,1052.0351793370824,1059.7346441409497,1259104
2017-12-05,1065.2110595703125,1071.7383704803035,1062.220140129757,1063.372064960645,1167914
2017-12-06,1064.3018798828125,1069.0306535872392,1056.0366153583902,1065.3931201723865,1407518
2017-12-07,1057.814697265625,1069.4143649169441,1056.9053141081706,1063.8974798981424,1326300
2017-12-08,1051.4493408203125,1069.030753976447,1049.6305739420916,1058.1181527071221,1385548
2017-12-11,1075.537841796875,1080.205930764182,1054.2178541704216,1054.2178541704216,1008002
2017-12-12,1055.7535400390625,1075.901471451673,1053.8337308770056,1075.4973011017662,1882246
2017-12-13,1062.3212890625,1071.637435194682,1051.2470611445779,1055.4503932380255,2961458
2017-12-14,1033.787109375,1063.7765344955767,1022.9957790069079,1063.7765344955767,5504150
2017-12-15,1028.85595703125,1044.5579140103307,1025.3194668997828,1036.191608519909,2718138
2017-12-18,1042.9617919921875,1046.3770123822148,1008.1425490050186,1025.3803783314008,2180664
2017-12-19,1040.8599853515625,1049.95381877927,1036.5757399114127,1041.1428848788762,1801952
2017-12-20,1046.376953125,1047.9128204030444,1030.897206836675,1043.567988537522,1577570
2017-12-21,1049.1048583984375,1054.07617296748,1042.779632489766,1045.5885964213462,1293648
2017-12-22,1069.73828125,1076.6697659224506,1046.8824195184418,1052.4599922074242,3665664
2017-12-26,1070.8289794921875,1087.1170622850022,1063.614598856023,1085.6014236629858,2175786
2017-12-27,1058.8858642578125,1074.4868792930088,1055.0867024240736,1070.8291178776312,739284
2017-12-28,1061.7353515625,1072.466094801044,1053.1265028020814,1054.3996986936017,2605088
2017-12-29,1091.7451171875,1094.8572096821079,1058.340471492661,1060.1794666358808,2609542
2018-01-01,1069.27294921875,1089.158107575667,1064.9887047129587,1084.1059789954347,1351760
2018-01-02,1063.4530029296875,1078.9732035414124,1059.0071290891167,1075.093128719881,1920290
2018-01-03,1066.4642333984375,1078.7308450477476,1063.45318352088,1063.7765395899855,1257120
2018-01-04,1073.92138671875,1075.9017825361407,1067.0100322672467,1071.0517369349259,913082
2018-01-05,1086.8948974609375,1091.0578718466872,1071.0514393012488,1071.0514393012488,1153706
2018-01-08,1097.0799560546875,1102.1119558401708,1083.9242901318744,1091.2599424977932,1242220
2018-01-09,1094.8973388671875,1099.7473824502094,1081.782032412977,1097.3223606586985,2149396
2018-01-10,1134.3447265625,1138.1438889949177,1089.097769649606,1095.7059954066838,3365850
2018-01-11,1127.83740234375,1140.5283123216116,1124.4827685829048,1135.718724452943,2520744
2018-01-12,1122.1185302734375,1133.6979727715525,1107.6492102087075,1133.6979727715525,3360314
2018-01-15,1109.8922119140625,1134.9103165302072,1105.426109915059,1122.4416220515595,1457214
2018-01-16,1152.2291259765625,1156.594086984518,1111.690818581288,1113.8935273384225,4267752
2018-01-17,1167.6279296875,1182.1982907493946,1156.796144416864,1159.9689211797477,4280806
2018-01-18,1179.4501953125,1185.431937747235,1159.1810865797397,1170.8818014503036,2209478
2018-01-19,1196.061279296875,1205.2359260682833,1173.5691411902583,1184.4413822900128,1820000
2018-01-22,1262.543212890625,1269.9570888909868,1183.786222458776,1199.586243908431,4367110
2018-01-23,1256.7093505859375,1273.0563347966613,1251.8680819280585,1261.9557479835282,3239610
2018-01-24,1286.1214599609375,1320.3345548874413,1248.8698012319169,1251.8475363915331,5621538
2018-01-25,1264.427001953125,1288.228314076472,1248.201577055874,1286.2836764532294,3833844
2018-01-29,1295.9461669921875,1306.540244449719,1264.8119823789218,1268.6201531404743,3141060
2018-01-30,1277.3096923828125,1297.9509739035054,1273.6027065036226,1288.3088938471315,1574758
2018-01-31,1260.902099609375,1276.1551525840619,1255.3315810861907,1270.8884805257783,3043214
2018-02-01,1271.5364990234375,1292.3600668061326,1251.3610775718812,1265.621582665316,2400630
2018-02-02,1277.634033203125,1292.3605004122364,1257.2965930723558,1264.0014925661999,2456490
2018-02-05,1257.1953125,1291.550244687412,1246.5202310208335,1259.9502073330775,2757742
2018-02-06,1214.2718505859375,1246.6415902741787,1209.3090246055629,1219.4372408920417,2657306
2018-02-07,1197.1754150390625,1227.9449156613764,1194.096397792107,1226.3244010910546,2180324
2018-02-08,1204.9337158203125,1226.5676469564537,1198.775779586537,1207.1821998049961,2755004
2018-02-09,1203.9207763671875,1212.955164945885,1173.515851732747,1195.1295045391985,2102458
2018-02-12,1202.13818359375,1224.8456627093835,1197.3779222703947,1206.594598449657,1974562
2018-02-14,1179.6536865234375,1205.034958252546,1171.8346833747348,1203.2321554444122,2847532
2018-02-15,1185.3458251953125,1192.2937427123293,1176.939404821109,1187.8170508759586,2465236
2018-02-16,1188.2626953125,1215.224028763077,1184.1911322945757,1184.1911322945757,2515756
2018-02-19,1184.4342041015625,1196.4665056657593,1172.9284906749708,1193.10391796588,1568224
2018-02-20,1193.002685546875,1209.3293912025752,1186.1762276962481,1186.2167801277697,1889068
2018-02-21,1232.5230712890625,1240.7472037307643,1199.2012355113673,1204.8527611290704,3089228
2018-02-22,1235.7235107421875,1247.3912367985608,1224.5014658082657,1236.4527621660304,3463010
2018-02-23,1246.0948486328125,1251.4425275769443,1212.1855969485787,1235.6425086143347,3362500
2018-02-26,1228.2288818359375,1251.827632873054,1223.975029717659,1245.7709774958503,1363882
2018-02-27,1232.54296875,1247.208603490841,1228.349848404674,1231.996005606403,1717800
2018-02-28,1229.585693359375,1241.2938714419995,1224.0759043155758,1229.5654171457898,2706864
2018-03-01,1230.6593017578125,1240.1798251986322,1223.4885443095911,1235.2372753642198,1718124
2018-03-05,1258.26904296875,1261.4289677786724,1228.7351006775891,1235.237436251932,2858168
2018-03-06,1232.7254638671875,1266.8372760797313,1227.6005271501183,1264.811632849671,1906764
2018-03-07,1226.5068359375,1251.442526653299,1222.8809539342774,1243.7450815233499,1917772
2018-03-08,1216.9862060546875,1237.6274912901963,1210.3218594471032,1237.6274912901963,1951826
2018-03-09,1229.201171875,1240.9903590776332,1206.1492868061848,1217.4118857639812,1872436
2018-03-12,1236.5133056640625,1249.3761396371535,1229.7679535533275,1232.8064182713804,2091340
2018-03-13,1169.5252685546875,1190.9565320466656,1163.5293454607545,1184.9606089527326,88067154
2018-03-14,1169.566162109375,1184.2116259334227,1164.7654457123235,1172.0172108564202,3668668
2018-03-15,1162.5980224609375,1175.9065422444114,1156.885766095055,1172.8478002203622,2348906
2018-03-16,1144.7718505859375,1163.529324307523,1136.3857084549452,1162.232932585786,7197482
2018-03-19,1146.91943359375,1153.8066219975274,1142.4630175677764,1146.1091761344821,3489940
2018-03-20,1160.6328125,1164.0155772658534,1142.0576249745834,1142.4627536106154,4024984
2018-03-21,1157.3509521484375,1168.5122631637403,1154.616334514062,1163.7317266286468,3907678
2018-03-22,1147.0611572265625,1165.1298374749417,1143.4960049690599,1158.6477784279812,2326094
2018-03-23,1141.7130126953125,1148.1748923590478,1133.5699879779354,1135.1702260095215,3654122
2018-03-26,1141.247314453125,1145.4606125079279,1126.8855247575634,1142.0575716873834,2964210
2018-03-27,1153.6849365234375,1159.8834251857759,1143.6985540012706,1144.4885351553676,2494574
2018-03-28,1154.272705078125,1164.7453243403365,1144.4888839170264,1148.9047483659479,6865654
2018-04-02,1178.7828369140625,1180.5451865534321,1150.5656588235236,1150.5656588235236,1662988
2018-04-03,1179.430908203125,1186.9865187687544,1171.6727332908742,1171.6727332908742,1937290
2018-04-04,1179.2891845703125,1188.6476978282228,1171.6322911108452,1186.8043423188305,2841820
2018-04-05,1198.3502197265625,1200.6999855787044,1183.1174424768037,1185.6292202187385,1809424
2018-04-06,1195.251220703125,1199.1809493026108,1185.629414099768,1196.7501771080783,1129018
2018-04-09,1184.5555419921875,1200.5986750367017,1180.9499368084987,1190.956594021397,1235866
2018-04-10,1190.10595703125,1198.0666954084843,1185.2848667705646,1185.2848667705646,1184532
2018-04-11,1221.118896484375,1225.5145833964446,1193.3473972005704,1195.3730411400686,3124416
2018-04-12,1271.8001708984375,1276.1553040790247,1218.6067570134069,1219.4372905644013,6114360
2018-04-13,1277.4921875,1312.9409442549404,1268.903479930761,1276.1552431778555,8179118
2018-04-16,1291.4085693359375,1296.3916725456756,1260.2542092555543,1262.3811351089953,6270274
2018-04-17,1282.88037109375,1294.3657085146315,1275.0208162546123,1291.408249706821,3301724
2018-04-18,1279.841796875,1293.757904907932,1274.473842937366,1282.6371446452206,2433066
2018-04-19,1292.826416015625,1303.3800384696383,1282.5361865625682,1288.2687181245,4820952
2018-04-20,1378.4298095703125,1386.491928197342,1312.6166871226394,1316.6679731940055,18465662
2018-04-23,1380.9417724609375,1441.4072251899136,1373.2038743712933,1387.1605369783188,15185910
2018-04-24,1371.623779296875,1394.9186767565836,1354.1425175491515,1381.488701523592,8314336
2018-04-25,1405.8980712890625,1411.063462949299,1363.2785457643186,1371.3608446980697,8196574
2018-04-26,1433.8514404296875,1442.2578591310835,1404.5808982043445,1404.5808982043445,12135034
2018-04-27,1398.48388671875,1435.7760004164313,1385.5400455485878,1428.078555718939,4501330
2018-04-30,1430.955078125,1437.8017133873054,1392.6704171176457,1398.4839544441102,3458558
2018-05-02,1417.84912109375,1430.9955271937795,1406.3232297403097,1430.3068282081533,3158046
2018-05-03,1410.5972900390625,1428.483681140019,1405.9584876710046,1421.9206165103283,3761550
2018-05-04,1410.1513671875,1416.7347069035948,1405.7962347599296,1414.7090639140272,2347244
2018-05-07,1385.9248046875,1413.8989571310337,1381.85324206366,1413.8989571310337,3484426
2018-05-08,1394.1290283203125,1412.4813803927661,1376.1007990280486,1391.4956914573975,2992820
2018-05-09,1413.6156005859375,1415.8235322315927,1393.7237417415029,1393.7237417415029,2615050
2018-05-10,1398.2003173828125,1422.4674850664721,1393.7236258135028,1419.1454497659176,3858678
2018-05-11,1400.50927734375,1411.873154220364,1394.6551889249938,1399.3951737069908,2627876
2018-05-14,1391.029296875,1406.2013428640764,1381.8126214067897,1400.529542575947,2433894
2018-05-15,1410.820068359375,1416.2488519882706,1391.090321527266,1397.6939387587274,1952890
2018-05-16,1415.4786376953125,1421.5961185210217,1407.923029606777,1409.8271140590928,1648450
2018-05-17,1414.628173828125,1431.380183378758,1408.2271216752026,1423.1966048123743,2968048
2018-05-18,1418.781005859375,1425.1212305504232,1400.9350665629233,1410.172020849409,1874996
2018-05-21,1440.9417724609375,1455.2225617993076,1425.2633086285757,1429.5778905248965,3446178
2018-05-22,1421.555908203125,1448.3146758402438,1415.3979723844527,1441.4477648702161,1857416
2018-05-23,1415.96533203125,1436.1812142138162,1410.25297790643,1428.078640367758,1507298
2018-05-24,1459.96240234375,1464.5403768303179,1418.9026644019875,1422.0018596609725,2962316
2018-05-25,1452.71044921875,1488.7669019545133,1447.342494176628,1468.591473788109,3769772
2018-05-28,1418.781005859375,1465.1479665196102,1412.2786703407608,1465.1479665196102,3716798
2018-05-29,1427.4708251953125,1435.775962676937,1413.088757849085,1430.0636090408645,3525312
2018-05-30,1423.66259765625,1431.3194894118658,1410.8604930305187,1421.6166782364432,3779106
2018-05-31,1422.4373779296875,1437.1433726367138,1410.2231724869505,1416.677490110205,5049371
2018-06-01,1415.4110107421875,1435.8768919683516,1402.2165461146278,1433.0173931792256,1603856
2018-06-04,1425.0511474609375,1428.931894458466,1399.1930975206042,1425.663896986863,1681483
2018-06-05,1406.5465087890625,1431.301636867426,1398.0089027561544,1424.8473200014153,2449568
2018-06-06,1409.9371337890625,1417.4127004681661,1401.3177476635742,1407.690384771001,2236512
2018-06-07,1417.9439697265625,1428.9325765778337,1408.3442225711653,1409.3245823880866,2414762
2018-06-08,1427.380126953125,1435.7135835628314,1417.4944507300497,1417.4944507300497,2582138
2018-06-11,1429.50439453125,1440.3705308848293,1424.0305362066124,1427.3802151693642,2179378
2018-06-12,1455.076416015625,1458.3444147040375,1432.2004251967383,1435.4684238851505,4608875
2018-06-13,1490.288818359375,1496.4572046853534,1468.9651506351422,1483.6711421320458,5370983
2018-06-14,1460.427490234375,1496.988217712094,1457.5271021285052,1495.1090789771101,3819998
2018-06-15,1503.3203125,1509.0801004489238,1461.2856188057428,1470.599435174798,9183574
2018-06-18,1494.2923583984375,1526.1144548424645,1488.6959307476545,1526.1144548424645,4674987
2018-06-19,1490.615478515625,1502.4619703974975,1487.755980475173,1488.6955497775969,3245034
2018-06-20,1488.9410400390625,1500.2565654918624,1485.7956111896367,1496.7434269443538,3107695
2018-06-21,1486.408203125,1496.7432680169202,1484.9784538242197,1496.7432680169202,2910659
2018-06-22,1478.6060791015625,1492.6584338793468,1470.2318322776637,1492.6584338793468,2949458
2018-06-25,1486.326171875,1488.8588500916017,1475.5009297272227,1480.3212461770358,2083217
2018-06-26,1513.083251953125,1520.4362483179082,1487.756264474428,1489.390263666602,4679712
2018-06-27,1517.9853515625,1540.1669120334964,1512.4706039182338,1519.619350864505,4081208
2018-06-28,1505.4852294921875,1528.6063596998238,1492.0865148897758,1523.7043617531647,4888125
2018-06-29,1509.61083984375,1525.6649001109197,1505.15823242084,1507.282411193867,3506276
2018-07-02,1512.5521240234375,1517.8218310541083,1504.1778784860244,1513.0831936867226,2650290
2018-07-03,1531.0980224609375,1535.8774498069013,1517.2090303296377,1519.578249202219,3242233
2018-07-04,1524.64404296875,1535.8777890859212,1517.291045510238,1535.8777890859212,2700614
2018-07-05,1536.204345703125,1542.0867027694762,1521.3348935514916,1530.2402088938961,2472571
2018-07-06,1562.8792724609375,1569.4561588285435,1537.3072460054814,1538.2876055874663,3713781
2018-07-09,1538.4102783203125,1572.2340823996037,1533.0997808115062,1571.9072626066284,6151747
2018-07-10,1531.9560546875,1551.4006866425032,1528.4021260845532,1550.665366996382,5303302
2018-07-11,1617.5775146484375,1632.3651873402255,1547.519799526103,1552.2992272004146,22903802
2018-07-12,1610.5919189453125,1626.5642988106408,1601.7274944565706,1620.9269824033847,6921701
2018-07-13,1618.5577392578125,1632.2833711722888,1612.7570625757778,1613.5740621008922,4148185
2018-07-16,1625.175537109375,1630.7311741885474,1615.57579197074,1625.8291766709465,2582159
2018-07-17,1639.0513916015625,1644.659094261034,1621.737016292239,1628.2861814261805,3315492
2018-07-18,1637.4959716796875,1646.8694244580274,1631.6017629356627,1641.384538541569,2013869
2018-07-19,1622.0648193359375,1645.846420031167,1612.7322371648588,1639.0107475403138,1746318
2018-07-20,1634.508056640625,1637.2914721297136,1624.193140352676,1624.9299415016023,1934995
2018-07-23,1641.9171142578125,1645.4372315503447,1625.8307028758175,1638.1103909640035,2086201
2018-07-24,1636.4730224609375,1649.5713558072982,1624.316151810317,1649.5713558072982,2038423
2018-07-25,1622.146728515625,1638.9289681999905,1611.422488020867,1638.847123602635,1535492
2018-07-26,1608.3931884765625,1625.0117363832915,1600.5342096371965,1616.7843070145618,3503036
2018-07-27,1591.242919921875,1608.3526387000468,1588.418631625375,1605.24174440134,2033977
2018-07-30,1591.938720703125,1600.2070239095804,1581.255452180589,1590.628907312499,1579251
2018-07-31,1588.3365478515625,1593.90337928786,1578.3491090225957,1589.8101502706852,2204803
2018-08-01,1618.05322265625,1622.1874234055133,1596.1954224850297,1596.3181393939033,2425180
2018-08-02,1595.049560546875,1625.0119780396237,1592.2661447290016,1620.918748875796,1509287
2018-08-03,1620.4683837890625,1622.5969428083106,1601.680502710529,1601.680502710529,1505131
2018-08-06,1617.275634765625,1636.4318651728934,1614.5740638454506,1634.835545949735,1532249
2018-08-07,1610.5628662109375,1620.222927053134,1604.9551622182216,1619.4451535491635,1353521
2018-08-08,1616.006591796875,1619.5268082362359,1606.1828435184743,1614.3693004171414,1315062
2018-08-09,1616.293212890625,1621.573537925654,1609.4575408799685,1620.91858135419,2060297
2018-08-10,1631.64306640625,1634.4264823556612,1614.4106307715815,1621.6964990816261,2784105
2018-08-13,1637.4141845703125,1640.7706118876947,1629.1049108926095,1635.490387199695,3559575
2018-08-14,1640.1981201171875,1657.4305572689136,1622.883738425216,1630.7427194965576,3311765
2018-08-16,1644.2501220703125,1653.7055212217003,1633.1984035500489,1637.537266349463,2152065
2018-08-17,1647.7291259765625,1655.2197540875784,1640.5659761306824,1648.6296162564345,1213731
2018-08-20,1645.43701171875,1656.9390246642831,1640.320475698912,1656.9390246642831,1587032
2018-08-21,1651.740478515625,1656.9388586043249,1640.5659449817524,1645.6006359071603,1376866
2018-08-23,1666.0262451171875,1668.4003382051292,1653.9103458001387,1655.9569605427848,3046791
2018-08-24,1672.493408203125,1674.9493456601047,1662.6696583752066,1666.0260862466084,1570533
2018-08-27,1678.9605712890625,1685.5916821360097,1665.9441831698784,1672.4933494919223,1532702
2018-08-28,1693.9420166015625,1696.2342650407772,1679.8613474245535,1682.317285066987,1987983
2018-08-29,1696.2340087890625,1699.99985921777,1674.621740814162,1696.6433316676314,1525867
2018-08-30,1704.7474365234375,1706.8759949281962,1690.9124064864218,1692.9590203892133,2408020
2018-08-31,1701.473388671875,1712.6070517457395,1697.8714270175258,1704.6662272818091,2504554
2018-09-03,1680.59814453125,1710.9699883858082,1676.9142378576921,1706.7130695359756,1439711
2018-09-04,1718.255615234375,1723.044773181496,1683.913463386451,1686.246683897038,4420803
2018-09-05,1702.169189453125,1725.0912706384984,1698.7309172482562,1719.156088903,1681106
2018-09-06,1698.9356689453125,1704.0112329330673,1686.655981943633,1698.6900352323396,2238097
2018-09-07,1702.6607666015625,1706.0580671637008,1690.8311733746038,1702.210471380566,1312182
2018-09-10,1703.397216796875,1713.7530060291692,1698.076019195443,1706.3851939656479,1530539
2018-09-11,1675.1539306640625,1710.151037828822,1671.8383752755153,1710.151037828822,3679745
2018-09-12,1673.27099609375,1693.6961682590068,1670.0373852472146,1680.1477405400535,2307661
2018-09-14,1690.830810546875,1695.865601704441,1652.1498997424173,1673.3118718733297,3642038
2018-09-17,1697.9940185546875,1700.9821954893987,1681.9486816210006,1694.5967186057728,1033857
2018-09-18,1695.2109375,1701.8010767349856,1684.445824241431,1697.0528907098876,1456507
2018-09-19,1701.064208984375,1710.1512582777411,1692.0183318230293,1696.1523336614136,1301268
2018-09-21,1721.735107421875,1736.3480172156208,1678.3468731397309,1700.3275963021426,4508530
2018-09-24,1799.7515869140625,1809.6163075046993,1717.6413837912883,1731.435643688052,3032226
2018-09-25,1787.267578125,1810.7626740257347,1763.199470102727,1805.0321530809356,2868778
2018-09-26,1753.6619873046875,1800.2020800989624,1747.8906944157704,1790.3783306850526,1970951
2018-09-27,1791.893310546875,1808.9619590945922,1748.464101885629,1753.4577223814629,3311802
2018-09-28,1787.676513671875,1792.834021377538,1767.3332886449066,1783.0102733151955,2904371
2018-10-01,1846.4967041015625,1863.1969996508892,1793.1210341584372,1793.5711294883529,3772208
2018-10-03,1770.60791015625,1846.0460305265788,1764.6727289051114,1842.1984357573954,3902322
2018-10-04,1690.3399658203125,1765.5324661015472,1683.422448464016,1765.4916937014234,4762419
2018-10-05,1721.32568359375,1735.5292695902933,1654.4014826822377,1678.2240578585383,3417624
2018-10-08,1700.77783203125,1737.3302915743761,1676.70952261685,1721.3257242327813,2010154
2018-10-09,1712.443115234375,1725.4185296605822,1680.8433112684793,1703.0696619423018,1867130
2018-10-10,1672.984619140625,1724.0271672935037,1661.0324098595015,1719.1562645169804,2749573
2018-10-11,1620.8779296875,1647.9342169885479,1588.991711462877,1625.0121315063425,4700256
2018-10-12,1570.407958984375,1619.2810633397464,1557.882640816753,1619.2810633397464,9373289
2018-10-15,1595.9498291015625,1600.902675674172,1571.7997803924084,1588.1726947714958,2638151
2018-10-16,1606.428955078125,1614.2879360522645,1584.0798811234374,1602.9087375915715,2815425
2018-10-17,1579.4954833984375,1628.2867610274684,1571.8001916403919,1612.7324882976936,2779207
2018-10-19,1566.2330322265625,1579.167675241917,1530.9085475344446,1579.167675241917,3428776
2018-10-22,1557.8826904296875,1568.5250840059282,1544.7433876183964,1566.8877926865066,1778496
2018-10-23,1512.4755859375,1557.0626876550045,1507.0201039105602,1548.858985401817,2752811
2018-10-24,1516.454345703125,1537.3737862308121,1485.7724795672807,1519.3667000298053,2735913
2018-10-25,1520.1458740234375,1539.7527404573805,1497.2165685981367,1512.7625427410785,2507233
2018-10-26,1475.9281005859375,1520.884430460029,1469.3651385688645,1520.884430460029,2285970
2018-10-29,1534.91259765625,1540.6141303162215,1463.8275019532216,1483.8034956889123,2609483
2018-10-30,1554.4375,1566.4148849298251,1513.5830238518995,1531.631168309754,2404883
2018-10-31,1590.000732421875,1594.7178616927063,1538.5634540263998,1558.703585144223,2769190
2018-11-01,1588.0313720703125,1595.0865346840321,1559.769663054568,1594.5123156888856,2769759
2018-11-02,1569.7373046875,1603.4955581354122,1562.8052166184304,1586.7599861808503,1818635
2018-11-05,1551.19677734375,1581.1402858738236,1546.1925397823593,1566.9068847243964,1713366
2018-11-06,1585.5294189453125,1589.4672358965424,1551.3200222350256,1553.781132793833,1398710
2018-11-07,1593.28173828125,1598.901253185635,1589.0568124271806,1591.5179226167943,144530
2018-11-09,1566.2508544921875,1609.5253855457581,1562.805339470182,1608.7460738588068,2570479
2018-11-12,1570.8857421875,1596.5223090565771,1565.6764118282715,1565.6764118282715,2552008
2018-11-13,1587.37548828125,1590.6980280876228,1561.1646969833657,1571.0091406847848,1418432
2018-11-14,1542.8289794921875,1583.2322051075776,1534.092018289938,1579.212371769054,2422318
2018-11-15,1536.43017578125,1557.8828746791487,1523.9195313163436,1529.1699201695276,1829123
2018-11-16,1547.71044921875,1558.539396293787,1534.2974160446306,1549.679357790834,1829729
2018-11-19,1560.7130126953125,1564.7328461005704,1529.4159743767643,1557.8827759872236,1740628
2018-11-20,1540.8602294921875,1560.3440204946842,1537.5376903377835,1560.3440204946842,1190182
2018-11-21,1486.5107421875,1534.953640592414,1475.4768035015786,1534.9125820269385,3840461
2018-11-22,1486.9620361328125,1515.715951365001,1484.828993512786,1493.0737540248417,3194219
2018-11-26,1514.4852294921875,1525.8883939703176,1463.9504510967913,1492.253219694628,4333177
2018-11-27,1550.70458984375,1556.9804411709836,1505.666251083575,1520.9661735592183,3344839
2018-11-28,1627.532470703125,1631.716338722562,1544.346911837719,1549.6793181734138,5313249
2018-11-29,1608.376708984375,1638.279160361989,1593.6100465474617,1638.279160361989,4035441
2018-11-30,1614.693603515625,1633.357025072836,1607.802473989009,1612.8477706143624,5268901
2018-12-03,1626.3018798828125,1632.5366732798348,1614.7346802665345,1627.6144521543679,1610576
2018-12-04,1649.641357421875,1656.6555625222538,1616.949625757677,1626.7940679236294,3270615
2018-12-05,1646.277587890625,1655.506750897362,1628.4345394109334,1645.6623103568425,2501539
2018-12-06,1634.75146484375,1654.6864984117442,1624.0046365187254,1639.0994664485202,2321216
2018-12-07,1636.8021240234375,1643.939402847852,1618.589950747271,1628.4754489425152,1680420
2018-12-10,1620.8875732421875,1649.7645658645251,1607.9256832891442,1620.2312369877857,2010786
2018-12-11,1640.740478515625,1648.9441809082032,1608.7460391845702,1616.1293713378907,2942014
2018-12-12,1654.5225830078125,1658.7884677936663,1628.3937132302212,1641.642711376924,2219993
2018-12-13,1626.4656982421875,1665.105108926096,1619.8207206323027,1660.4290395339483,3748429
2018-12-14,1632.3316650390625,1639.879031097444,1620.4362967048162,1626.7941659869134,2473761
2018-12-17,1636.064453125,1644.7603578712972,1628.4349696333043,1639.9201532982242,1227921
2018-12-18,1630.7728271484375,1642.3810851162646,1621.379628731758,1634.0953664037372,1768742
2018-12-19,1614.8575439453125,1628.2706756984055,1607.9665149607386,1628.2706756984055,2498833
2018-12-20,1603.0440673828125,1620.1487621618219,1596.440048706931,1602.8389748791246,1940277
2018-12-21,1555.2579345703125,1599.7219613359455,1547.6695098819241,1598.0812208627804,3729956
2018-12-24,1573.8800048828125,1590.615574611462,1562.8050087577576,1563.4613448815605,1864116
2018-12-26,1549.8433837890625,1576.5875331482002,1534.2974081348505,1576.5875331482002,2446614
2018-12-27,1566.045654296875,1592.9127783651293,1535.8150324349049,1566.0867128640416,4968201
2018-12-28,1555.4630126953125,1575.1108396219988,1552.9608434398144,1571.0089884771498,2239130
2018-12-31,1553.0015869140625,1566.0864493541535,1547.341013454096,1565.2660792916317,1879740
2019-01-01,1561.00048828125,1566.9071137839242,1546.3978583679043,1555.421930750953,1094883
2019-01-02,1577.818115234375,1586.9651632531084,1558.7034486750615,1562.8052998557853,2100463
2019-01-03,1558.6624755859375,1595.5791382370276,1553.0429591887316,1574.2905694987082,2611668
2019-01-04,1539.7115478515625,1559.6875390534524,1510.3013008324144,1558.7031350253055,4280862
2019-01-07,1556.9805908203125,1565.9226458463154,1543.1163146948045,1551.9763527310513,1856423
2019-01-08,1553.412353515625,1563.9540927371063,1545.0035572266706,1563.1337223674523,1691756
2019-01-09,1547.997802734375,1574.2907126934626,1531.3853030303403,1564.7744365952801,2414376
2019-01-10,1549.3101806640625,1562.8052303916706,1535.8150307936075,1550.4996773964608,3053461
2019-01-11,1511.5731201171875,1538.1940924873643,1505.3792851809674,1534.0922415740647,9209862
2019-01-14,1487.5362548828125,1518.5052297190603,1484.870051751215,1517.6848595247225,3615370
2019-01-15,1532.2877197265625,1533.5592336335044,1483.2295346623343,1484.8702752980228,7711653
2019-01-16,1534.215576171875,1538.194352200996,1515.2239832081277,1534.0925005951267,2359280
2019-01-17,1557.3585205078125,1560.4003567187904,1538.4495593884594,1543.9577818323962,2625816
2019-01-18,1562.5789794921875,1565.4974762481615,1542.3134863721389,1546.4241299925338,1683728
2019-01-21,1569.197021484375,1588.3526604831009,1558.303816126507,1563.688799295475,2409803
2019-01-22,1563.6060791015625,1577.0478588434867,1553.8227307254997,1567.8811067891402,2457093
2019-01-23,1541.9842529296875,1567.0591731293762,1537.3803532268157,1562.866337692073,2578169
2019-01-24,1563.3187255859375,1566.360561352664,1541.491170469096,1549.548071129747,1962927
2019-01-25,1579.1441650390625,1590.8183473937468,1562.8659836669317,1563.688112011838,2327080
2019-01-28,1607.2611083984375,1613.0160075077924,1583.008319294727,1589.1742826261789,2769033
2019-01-29,1630.0753173828125,1635.2547671838631,1592.1752128136097,1613.0161506519119,2557626
2019-01-30,1628.9656982421875,1635.6249201173832,1606.9737572453841,1627.4858265554776,2429575
2019-01-31,1655.84912109375,1660.4941675530063,1631.9251999468831,1633.569457075293,4094319
2019-02-01,1668.8798828125,1672.826140167836,1642.6951074229614,1652.067393373764,3064163
2019-02-04,1685.569091796875,1689.8441201954436,1663.1660883819427,1668.879841770461,1590764
2019-02-05,1680.8826904296875,1689.4738922203737,1667.2764250233179,1685.3632501468448,1111404
2019-02-06,1705.7525634765625,1715.6592538538841,1678.0057215339618,1685.2814396587978,1789812
2019-02-07,1712.41162109375,1724.7846969589466,1699.3398563310477,1705.711353131515,1339945
2019-02-08,1694.73583984375,1717.837734118127,1686.1857825682118,1705.9168692486785,1684474
2019-02-11,1698.4356689453125,1723.1818240906387,1684.4594804865621,1693.5851897074024,1778730
2019-02-12,1686.678955078125,1701.8060395884786,1659.0553564683814,1701.8060395884786,2422903
2019-02-14,1680.924072265625,1705.916801134467,1671.4285473942878,1693.6260190235073,1724085
2019-02-15,1668.6746826171875,1687.0081938729447,1653.259768564986,1684.5418076245924,1930065
2019-02-18,1619.8402099609375,1678.7456507465733,1613.5509053646902,1675.169410990278,2942184
2019-02-19,1565.9903564453125,1620.4152212473089,1555.4670718416583,1619.5930927738198,4408554
2019-02-20,1574.1707763671875,1589.8323667333464,1546.6706141498355,1574.3763085223472,4645778
2019-02-21,1573.7183837890625,1594.9293398956172,1559.6189598589638,1574.1705946212026,4683919
2019-02-22,1583.1317138671875,1586.7079526527068,1566.2369336065724,1576.1846680568888,2271955
2019-02-25,1632.048583984375,1636.0358875584334,1587.119236649023,1588.7634938224485,2934880
2019-02-26,1676.07373046875,1681.3765207663687,1621.443318825246,1631.1033309921604,6453309
2019-02-27,1692.0228271484375,1705.8755726077145,1662.3439065914527,1677.142220299982,4732082
2019-02-28,1630.6507568359375,1702.9159734631835,1625.8413251126694,1693.5847345668399,8454295
2019-03-01,1640.475341796875,1648.3677558681875,1628.102266877911,1640.187616873583,4148548
2019-03-05,1634.473876953125,1650.012127824768,1625.0193978948366,1648.3678705972395,2449622
2019-03-06,1643.9287109375,1656.5895143944501,1631.966797239138,1635.4608446020047,2635047
2019-03-07,1655.1915283203125,1664.0294106517613,1644.4215635187843,1648.3678208888473,2539884
2019-03-08,1662.91943359375,1671.387398085137,1652.5195873741968,1664.810369465028,2031071
2019-03-11,1656.424560546875,1671.387259271933,1647.2578075974234,1668.016552455572,3111689
2019-03-12,1654.49267578125,1664.6460443684045,1646.7236005844964,1655.8081618390568,2658550
2019-03-13,1644.6685791015625,1657.3293820364315,1626.663939243844,1654.9451885685805,1833163
2019-03-14,1633.8984375,1650.6698813993858,1628.6367942668105,1648.326734549198,1905495
2019-03-15,1677.1011962890625,1700.9429256728856,1636.858041489366,1643.3528774964584,5184318
2019-03-18,1663.0018310546875,1697.36684789341,1653.3006730884936,1679.6087892191906,2349915
2019-03-19,1663.0018310546875,1668.921117041095,1640.2288078145536,1668.921117041095,2373993
2019-03-20,1656.630126953125,1681.088450608916,1644.2570524901423,1667.2766512250043,3091165
2019-03-22,1648.902099609375,1657.4111097890268,1630.5275471095504,1656.5889812623457,3148149
2019-03-25,1631.3084716796875,1650.6696379449215,1625.5124256274887,1650.6696379449215,2429205
2019-03-26,1629.993408203125,1640.1055305089972,1609.769063233878,1631.1032618228849,2316539
2019-03-27,1617.8668212890625,1642.6128709958298,1612.1941141255365,1639.3243567395818,2266166
2019-03-28,1644.50390625,1656.2602852122905,1621.8953693715605,1627.8146552476442,4054489
2019-04-01,1670.2772216796875,1677.1008273394184,1651.0393966134193,1652.4781213459346,2095740
2019-04-02,1709.451904296875,1714.9601253426604,1674.6758270963562,1674.7580198784226,3719663
2019-04-03,1709.451904296875,1717.91986835695,1692.022819484326,1714.1379968070214,2939886
2019-04-04,1656.17822265625,1709.7809723455575,1650.3411291110424,1708.5066327510208,4397518
2019-04-05,1683.9659423828125,1688.980806088798,1659.71315025467,1667.8110963683316,3152103
2019-04-08,1702.4229736328125,1705.9170205423572,1671.140937040829,1692.7629615887774,2194294
2019-04-09,1719.4820556640625,1724.8258918399251,1691.6529208314553,1701.8062898515943,2690970
2019-04-10,1677.3480224609375,1714.5493448559173,1673.8539756061605,1712.4940231766366,3313062
2019-04-11,1660.28857421875,1689.4741371723353,1655.47914236691,1681.2528518332972,3422442
2019-04-12,1656.17822265625,1676.3203752772865,1650.0122575681776,1675.498246598877,3198471
2019-04-15,1737.404296875,1742.748132425446,1677.964362840118,1701.8060906805704,9189201
2019-04-16,1752.6138916015625,1772.4682181608212,1739.254301074214,1742.9127334140874,5771952
2019-04-18,1767.617919921875,1771.6874170012168,1738.1445246012984,1767.4944801830936,3413728
2019-04-22,1776.9901123046875,1788.9521255297038,1763.9594922972833,1765.9325209732554,2007135
2019-04-23,1771.728271484375,1780.3194751721549,1754.463570963195,1778.2641536815381,2163524
2019-04-24,1795.0762939453125,1804.571917526769,1772.591201643368,1774.1531653862266,3003071
2019-04-25,1804.5721435546875,1812.7934289467362,1782.4158195661114,1788.1295727705901,4211526
2019-04-26,1840.3760986328125,1844.8155129821102,1803.0513381218684,1811.149385474105,2716958
2019-04-30,1858.2984619140625,1863.724390246873,1833.429071755791,1840.3760182851036,3488395
2019-05-02,1821.343017578125,1857.516664010381,1817.808026339639,1853.899379653125,2457699
2019-05-03,1752.7779541015625,1797.214039469316,1747.0230546274954,1796.3507644052129,3780886
2019-05-06,1774.0303955078125,1779.9085350952205,1733.4582661654838,1734.6914591459192,2891422
2019-05-07,1769.179443359375,1795.8165280605194,1758.3685335163852,1775.8387647134043,2201698
2019-05-08,1769.9193115234375,1782.3744772384537,1751.4623672734292,1768.3982936069715,1824895
2019-05-09,1786.11572265625,1795.611349153089,1756.149172098183,1763.4660371411087,2264162
2019-05-10,1755.9024658203125,1802.106057254736,1747.722325639553,1788.1298697669026,2039633
2019-05-13,1750.106689453125,1781.5531161690765,1744.2694946655859,1753.6007368660084,1701744
2019-05-14,1720.1806640625,1775.6331917861282,1703.7380939019006,1755.2443646439913,2456110
2019-05-15,1722.688720703125,1746.20168621788,1713.727596478894,1724.0042071557882,2346876
2019-05-16,1733.6639404296875,1746.2014034250888,1707.6025001166768,1723.1817992368108,1946529
2019-05-17,1722.7293701171875,1755.2445970581489,1718.248809298141,1736.8289963258317,1947908
2019-05-20,1762.6024169921875,1768.7272343811585,1685.3634819501963,1747.02312153374,2625116
2019-05-21,1734.48583984375,1766.5077091506455,1728.566553978039,1765.9734058386343,1863157
2019-05-22,1711.4661865234375,1744.5157155881943,1705.916818559449,1734.6913191134638,2595795
2019-05-23,1688.693359375,1739.0898847393535,1685.3636982671312,1724.825872665581,2541294
2019-05-24,1683.71923828125,1701.8060660362244,1670.770713865757,1701.8060660362244,2274208
2019-05-27,1689.59765625,1700.94307204159,1677.224679978179,1689.3100316444388,2329820
2019-05-28,1704.8892822265625,1724.4148375986567,1681.2530836182375,1693.5850133269287,5872979
2019-05-29,1732.6773681640625,1745.9546662783514,1707.6435895894824,1710.0276825146757,3281320
2019-05-30,1764.5345458984375,1772.9613635306387,1738.308524740942,1745.3789105524872,4971725
2019-05-31,1805.8463134765625,1812.7521122718674,1769.4259824644005,1775.79747804535,4265370
2019-06-03,1843.45947265625,1847.8577413651394,1796.88575509398,1809.5055126261627,3682419
2019-06-04,1809.3135986328125,1843.21069275724,1802.6003852279662,1843.21069275724,2408658
2019-06-06,1795.224365234375,1822.491205933583,1783.5384607408234,1822.491205933583,3735467
2019-06-07,1808.1944580078125,1814.8661911017546,1775.3333448287042,1801.771399889531,2659446
2019-06-10,1849.42578125,1853.0310614455743,1811.3018350534953,1820.5841467030616,2080593
2019-06-11,1867.07958984375,1876.320425534248,1849.0121070035566,1853.9847975647494,3048937
2019-06-12,1873.792236328125,1878.76492592235,1839.066368264158,1860.6146898391323,2404448
2019-06-13,1868.1566162109375,1893.7658857654574,1858.9985394027337,1876.361472810939,3320916
2019-06-14,1868.48828125,1875.615884571494,1851.4982569583055,1870.7674308501053,2131408
2019-06-17,1864.0955810546875,1874.704026268889,1857.6725234934213,1869.731336544038,1489497
2019-06-18,1865.4632568359375,1873.0465279936552,1849.1775760186254,1859.7860216007798,1877447
2019-06-19,1872.9637451171875,1886.3072118661921,1859.081651181002,1868.9027955879892,1652817
2019-06-20,1887.9232177734375,1892.937387485728,1833.2651055684898,1848.1831760477994,2199377
2019-06-21,1864.6346435546875,1899.9821031642084,1858.1286260825104,1893.7662402312828,3871804
2019-06-24,1885.8927001953125,1889.6222177303066,1865.4218333044228,1868.1981305102415,1382424
2019-06-25,1879.510986328125,1885.0223031303033,1865.17302392563,1881.334265412655,1386077
2019-06-26,1868.2393798828125,1878.6821086298955,1864.7585377468686,1877.1902613318478,1762224
2019-06-27,1866.8724365234375,1876.3619474239538,1857.5486415108405,1868.9029114138762,2813464
2019-06-28,1845.86279296875,1874.6629606510069,1841.9675589587237,1873.0468766014467,2372928
2019-07-01,1856.097900390625,1868.9025358334723,1828.7895867317752,1852.3269035866122,2769940
2019-07-02,1866.4993896484375,1870.5603391344146,1836.9531999727599,1860.531999402277,1771746
2019-07-03,1854.5230712890625,1872.0519235797328,1849.8405361721793,1866.5818840693269,1656881
2019-07-04,1858.6673583984375,1866.416548895513,1848.266309040464,1851.4984770126891,984140
2019-07-05,1792.73779296875,1864.7588424364717,1773.592854584022,1862.272497313223,4088470
2019-07-08,1802.931396484375,1814.0371912341773,1767.0453153787232,1781.051643364782,2788062
2019-07-09,1768.081298828125,1802.1026214737863,1744.2123483945852,1801.7711897710765,3977224
2019-07-10,1747.2374267578125,1763.5231075157922,1716.6554649363684,1723.8658247933715,6343581
2019-07-11,1742.554931640625,1764.476166229972,1728.8800341569263,1763.6473845642934,2400346
2019-07-12,1746.740234375,1756.8098501864417,1734.7229008084457,1742.1819354359623,1560725
2019-07-15,1778.316650390625,1784.864146477399,1738.7838082775245,1761.1609116252332,2900415
2019-07-16,1749.49072265625,1771.5047322243367,1744.5064186030984,1766.105069500089,2735399
2019-07-17,1758.83642578125,1765.2744856701647,1737.9439641697122,1751.1522897848035,1802969
2019-07-18,1716.220458984375,1757.964005586289,1711.2777313421407,1757.964005586289,3072096
2019-07-19,1725.358642578125,1742.014568740525,1713.354815463678,1725.4002190148167,1953177
2019-07-22,1752.730712890625,1759.0026703660383,1718.588346481621,1725.4001891890327,1920167
2019-07-23,1754.84912109375,1769.4282536048436,1746.5003697573216,1767.6836657511824,3538588
2019-07-24,1741.848388671875,1761.785607459851,1724.98478388467,1752.8138184428865,2413196
2019-07-25,1767.68359375,1773.5817688131935,1738.3178533633352,1751.8999620837467,2544464
2019-07-26,1752.024658203125,1769.262045091082,1740.3530376033623,1769.262045091082,1720592
2019-07-29,1769.4278564453125,1779.396464087258,1747.2477450043523,1753.4781247805684,1647090
2019-07-30,1810.2572021484375,1815.1169786163657,1761.4941458481987,1769.4275352186999,2851672
2019-07-31,1832.3133544921875,1837.297658962572,1783.6748094729771,1804.1105389263014,3000677
2019-08-01,1811.0054931640625,1842.115818969403,1799.54155257834,1827.578264591967,2375236
2019-08-02,1831.981201171875,1835.8855325565662,1798.9186066747711,1805.1489874413658,2500816
2019-08-05,1867.950927734375,1870.9829646342462,1823.9229125825868,1827.4948345812845,3039682
2019-08-06,1839.9559326171875,1870.7340535936382,1837.0899980802749,1854.825896123796,2885467
2019-08-07,1838.751708984375,1859.5612240440992,1833.6013007689692,1852.5001249132638,2165362
2019-08-08,1875.8426513671875,1894.8659947402894,1843.278373820132,1851.5855460899272,2073298
2019-08-09,1865.9991455078125,1883.9840978834452,1861.9287109673521,1877.4215108948943,1744550
2019-08-13,1827.12158203125,1865.9992019600072,1822.8434679906893,1864.9608050752215,1647281
2019-08-14,1831.2335205078125,1842.4068327944988,1800.4969739371336,1811.8779655925405,1945002
2019-08-16,1798.5865478515625,1861.9701311155393,1780.435289276351,1861.9701311155393,3755507
2019-08-19,1796.841796875,1815.9482977201803,1792.4389539439537,1810.9639931518725,974884
2019-08-20,1816.5716552734375,1831.7322510016827,1799.7496243968915,1804.3185710547189,1843611
2019-08-21,1816.114501953125,1829.2398786108931,1812.8332084916537,1815.0761051101351,1214408
2019-08-22,1840.8699951171875,1857.1935130014801,1802.656989803383,1816.7791874193542,2131601
2019-08-23,1867.2037353515625,1877.3384485668896,1839.1254425198008,1839.997736481081,2826425
2019-08-26,1890.9619140625,1895.6969623192447,1848.346074128098,1866.6218555352073,2345475
2019-08-27,1857.899658203125,1889.7577549290822,1851.6692770555626,1885.7286939955707,3432106
2019-08-28,1860.183837890625,1870.9000106494555,1840.8696593795357,1860.8068759071118,1294621
2019-08-29,1855.365478515625,1867.6185584620757,1846.019909064942,1846.019909064942,1670652
2019-08-30,1877.089111328125,1882.4056215440155,1842.5311864892437,1861.6376866196551,2583625
2019-09-03,1870.4437255859375,1907.4936068047155,1858.2735917335106,1885.7288474537531,2545060
2019-09-04,1865.292724609375,1885.7284532895924,1854.9919102183524,1881.5748663880734,2228092
2019-09-05,1840.2884521484375,1872.1463454409159,1833.6427123873718,1862.6346709702673,2055943
2019-09-06,1825.5013427734375,1855.4071668188726,1821.4309089586598,1840.8696134634529,1890550
2019-09-09,1813.3316650390625,1829.9460140224037,1810.7979362567276,1827.5783881675268,1703945
2019-09-11,1789.36572265625,1823.4251444895397,1783.1769170562425,1815.9486860383297,2627440
2019-09-12,1772.418701171875,1798.503146045199,1761.4116957746007,1790.1959721604637,2118859
2019-09-13,1779.354736328125,1792.6462120536312,1757.4238825057698,1773.5812921222232,2291174
2019-09-16,1786.042236328125,1805.4809404731905,1766.4372264697383,1794.3078330920184,2597948
2019-09-17,1763.322021484375,1791.4834600529498,1749.1584535619022,1790.154231228792,2796530
2019-09-18,1776.5308837890625,1780.1859595276974,1755.4305383905598,1766.43754485417,1454663
2019-09-19,1746.1265869140625,1774.2464550651869,1737.030270964217,1773.5818405110488,1652691
2019-09-20,1715.8050537109375,1768.9293859384097,1708.7855328960723,1748.5768115310427,6941979
2019-09-23,1674.560302734375,1743.6759551041896,1640.6669896764051,1743.6759551041896,6323401
2019-09-24,1698.5679931640625,1712.1087286693362,1672.2342895736895,1673.8957245360082,4620978
2019-09-25,1734.9117431640625,1737.860830546915,1711.31944972498,1715.431460362992,4002232
2019-09-26,1734.2059326171875,1750.321770978422,1713.7702010101968,1742.7621606102377,4234281
2019-09-27,1708.0792236328125,1732.2116007480602,1704.133316623305,1732.0454978573946,2046795
2019-09-30,1743.9248046875,1747.8291352923738,1711.277575428845,1712.8144835023859,2620039
2019-10-01,1711.236572265625,1741.1424039905737,1694.4145419203412,1741.1424039905737,3342877
2019-10-03,1711.4854736328125,1728.8473856637177,1699.7723789142544,1719.5849680475292,2317618
2019-10-04,1727.3521728515625,1734.4962202503934,1707.0825481764352,1711.7762228095407,2163251
2019-10-07,1701.0599365234375,1739.9375504254665,1695.4941706461577,1727.8921484292052,2177916
2019-10-09,1678.1322021484375,1711.2778467427481,1674.3109223834995,1711.2778467427481,2066920
2019-10-10,1665.1314697265625,1693.8743731995833,1659.0257170522634,1684.6949052687582,2881452
2019-10-11,1650.5108642578125,1657.2812314242663,1599.1310127778008,1604.1153172332122,12593069
2019-10-14,1678.8797607421875,1688.640689583712,1634.8517412868011,1657.2811096886019,3510704
2019-10-15,1692.42041015625,1700.4783274719853,1680.2918563490064,1688.01756786667,2261310
2019-10-16,1699.9801025390625,1707.9549692739413,1674.72627337367,1693.0020561188192,3034082
2019-10-17,1725.0797119140625,1731.0679915338455,1698.1964278696869,1710.6824999750563,3818774
2019-10-18,1747.5035400390625,1753.0669134731756,1720.0255185592434,1730.6429600318313,3087901
2019-10-22,1742.4498291015625,1793.498581112555,1732.8093146918497,1766.7426231182164,5552505
2019-10-23,1758.3333740234375,1770.0125599334306,1743.3839331098827,1749.7543981516972,2348134
2019-10-24,1768.441162109375,1782.8808834138222,1750.8587194071665,1770.1399528510747,2798671
2019-10-25,1804.9228515625,1809.2123401343897,1762.5381008151699,1778.634103399724,3954245
2019-10-27,1797.0660400390625,1808.3630418027797,1791.2052939655605,1808.3630418027797,224405
2019-10-29,1864.295654296875,1870.1138886060821,1801.992416162835,1801.992416162835,5064173
2019-10-30,1913.518310546875,1919.6339169494909,1849.0067608742252,1889.9050731029279,5195136
2019-10-31,1927.8304443359375,1940.8262371673459,1900.0977637679441,1911.1399054438418,4879261
2019-11-01,1869.434814453125,1932.375115447938,1864.423463036582,1923.0317632413767,4172620
2019-11-04,1863.53076171875,1893.4719457988601,1852.4461116700318,1874.6154117674682,2646411
2019-11-05,1870.2418212890625,1878.013708231869,1842.3390923360128,1866.122169599917,2693475
2019-11-06,1858.901611328125,1877.84316796477,1850.8323559899402,1868.6696572638223,2540719
2019-11-07,1856.2265625,1872.4924035832537,1847.605073642096,1872.4924035832537,1915598
2019-11-08,1809.169921875,1859.83648838075,1804.1160600737596,1859.83648838075,2788759
2019-11-11,1784.5374755859375,1816.8570165839462,1776.0860316395658,1813.4594345052478,2983768
2019-11-13,1850.4927978515625,1854.9096122100518,1799.0193565427915,1799.0193565427915,3823365
2019-11-14,1865.951904296875,1868.6699281725585,1823.3971107110829,1858.0524853988506,2995915
2019-11-15,1846.9681396484375,1878.4382867176246,1842.1266264159387,1865.2726554971302,2724180
2019-11-18,1828.408447265625,1858.2646097901224,1825.1381923375732,1850.322680605942,1611089
2019-11-19,1791.205322265625,1830.14998261307,1787.9775778004307,1828.7485629474238,2975313
2019-11-20,1790.9931640625,1813.4596365870402,1779.0591142068179,1802.3749823456844,2894129
2019-11-21,1799.1044921875,1806.324353137658,1790.01579544682,1793.9230972627342,2052574
2019-11-22,1759.6923828125,1789.6760814656877,1750.1791959468674,1781.1821275906725,3742049
2019-11-25,1768.0164794921875,1770.9468520722107,1743.129153439797,1762.1132230888527,2737010
2019-11-26,1738.4150390625,1781.9464476962712,1728.562073596592,1775.1089809269968,6561580
2019-11-27,1744.913330078125,1759.6927297860627,1738.3305145269985,1742.9596788272693,2907521
2019-11-28,1764.49169921875,1778.9737255648804,1749.7546053944457,1755.742884717391,2924429
2019-11-29,1744.021240234375,1770.9895462747702,1737.693285488261,1770.9895462747702,2064271
2019-12-02,1716.6705322265625,1756.294742785424,1712.3810441881174,1749.7544399938104,3809860
2019-12-03,1742.110107421875,1751.4534575835721,1707.2848931828223,1722.319151514074,4664774
2019-12-04,1765.468505859375,1768.441390040519,1737.4384550085886,1743.80892111104,3334301
2019-12-05,1801.8226318359375,1806.4943068686948,1756.8471836767778,1769.2907442243472,3902721
2019-12-06,1803.776123046875,1807.5133797931678,1784.5797043916568,1804.1157982522034,1829461
2019-12-09,1750.1370849609375,1807.4712867296698,1744.233827142106,1807.4712867296698,2244747
2019-12-10,1709.705810546875,1750.4769005962878,1701.5516340113845,1749.7548314306512,4520045
2019-12-11,1734.3807373046875,1739.5620292522767,1704.5244639658233,1720.3657111901061,4943024
2019-12-12,1716.54345703125,1769.8429231544912,1685.2007410596289,1742.1952643940472,7137306
2019-12-13,1759.310302734375,1764.5340017345777,1704.7366457877565,1718.3269728094826,5711133
2019-12-16,1806.451904296875,1814.3088127791818,1766.9975242574108,1780.3329923151523,5574177
2019-12-17,1838.8985595703125,1842.3386524704727,1799.8688817818957,1806.2393473851823,6059673
2019-12-18,1841.2772216796875,1871.6006016394847,1828.7486371935727,1846.5859439195665,8251081
2019-12-19,1893.3450927734375,1899.6730478142347,1841.1072691916913,1851.5123641327707,6251505
2019-12-20,1888.1212158203125,1908.336870642449,1875.6776544184854,1885.6580517645364,5548338
2019-12-23,1895.5963134765625,1904.3026192695665,1877.164468540406,1877.164468540406,2247329
2019-12-24,1881.9202880859375,1905.6608449747932,1878.1403131466882,1901.7960549296547,1805896
2019-12-26,1870.326171875,1893.3023590707232,1864.5927528872353,1882.5998940114591,1880367
2019-12-27,1867.3958740234375,1891.0939238403016,1848.2844766317944,1875.465130699909,2720261
2019-12-30,1854.400146484375,1889.90491856369,1849.2189585465333,1874.6158001213769,2288830
2019-12-31,1836.1383056640625,1866.122009836325,1832.5283746027042,1859.3268454855329,1909289
2020-01-01,1841.149658203125,1854.994638124291,1829.5977971479383,1841.489333433951,1354908
2020-01-02,1832.697998046875,1851.6395579353712,1825.5206480145703,1851.6395579353712,2380752
2020-01-03,1869.2218017578125,1888.2058708575746,1838.091545000356,1838.091545000356,4655761
2020-01-06,1869.0523681640625,1890.7119543604226,1858.3924126989134,1872.9171593323142,3023209
2020-01-07,1873.6387939453125,1881.1133070408127,1854.9095852213563,1869.0944459269242,2429317
2020-01-08,1915.5989990234375,1919.6336272222454,1870.4112046711753,1872.9168796571023,5197454
2020-01-09,1880.8587646484375,1912.7959068867915,1877.1638117534574,1910.077883113388,3734173
2020-01-10,1880.1795654296875,1897.549662992085,1875.4653786421325,1892.4532896805574,1915807
2020-01-13,1860.4736328125,1884.7662212096955,1855.67442351397,1883.8320105243963,2843893
2020-01-14,1874.5308837890625,1893.9821655543415,1864.4231600840847,1864.4231600840847,2948452
2020-01-15,1891.5186767578125,1895.0012811106913,1863.7434865458179,1879.7121627512147,2620681
2020-01-16,1901.626708984375,1910.2905017107182,1881.4110543749402,1891.5612892435663,3117214
2020-01-17,1884.8936767578125,1914.1553108756536,1879.7122811497393,1903.2830067719287,3281059
2020-01-20,1843.4854736328125,1904.5144114902284,1831.4664037500818,1864.3379657587611,5817599
2020-01-21,1844.080078125,1857.2457079207597,1833.0379370059754,1843.1456601584598,1902980
2020-01-22,1874.5308837890625,1877.1640928409236,1846.3309940949832,1852.5316228443685,1773686
2020-01-23,1865.208984375,1888.0245178056796,1859.0368830317057,1881.2565310047064,2069866
2020-01-24,1858.7813720703125,1865.2089120298385,1847.3737097188637,1865.2089120298385,1319430
2020-01-27,1846.7349853515625,1867.3369890269807,1843.116857571111,1864.1445233383472,1549101
2020-01-28,1859.07958984375,1862.5274951049923,1832.0500411419578,1850.7791772502862,1743024
2020-01-29,1834.26318359375,1861.8033964448073,1830.3470091811648,1860.1433558422534,2306761
2020-01-30,1820.003662109375,1843.1170327548234,1809.0640621727482,1838.860411432064,2098567
2020-01-31,1769.945556640625,1825.5370664923971,1763.6032331447177,1821.3228455779938,3287223
2020-02-03,1789.9090576171875,1868.401104092527,1781.9917013110075,1832.0496038012782,4728073
2020-02-04,1794.3787841796875,1819.0245809705073,1776.3733584635934,1812.469425462486,3509339
2020-02-05,1827.4097900390625,1836.0506465245821,1791.4413467822649,1800.5504730917582,2439322
2020-02-06,1811.9158935546875,1850.948982327817,1800.976294753377,1826.0903579513088,2640065
2020-02-07,1818.8968505859375,1831.1984443127308,1803.9560685721415,1820.9825534100098,2083442
2020-02-10,1840.5206298828125,1844.8198594024605,1803.9562907585666,1822.6002108152,2383032
2020-02-11,1833.241455078125,1851.459917722802,1828.3039409763974,1841.414250561714,1335820
2020-02-12,1848.01220703125,1860.1435781933808,1830.3472279706034,1831.2837678290286,1620407
2020-02-13,1866.0604248046875,1870.3596544729824,1848.225220692237,1849.8852616572199,1645948
2020-02-14,1859.4622802734375,1883.1291346554842,1848.2248423766075,1862.6973538093125,1500115
2020-02-17,1875.68017578125,1887.385884355852,1864.57035262006,1870.3167913748648,1774724
2020-02-18,1886.3218994140625,1890.7913521826165,1861.03760817767,1872.8709333229856,2486223
2020-02-19,1869.8060302734375,1898.4530070862859,1864.8257004585244,1886.321636973739,1760463
2020-02-20,1836.13623046875,1885.1723838048908,1831.4113391930252,1876.7443566535846,2317278
2020-02-24,1800.8489990234375,1854.9931015379816,1793.4849188860398,1835.4552497935824,3092877
2020-02-25,1835.58251953125,1853.0346649546675,1797.1453165285072,1800.976275279989,2674567
2020-02-26,1807.8724365234375,1842.18064086578,1798.8057076721398,1833.7526131070263,2686842
2020-02-27,1792.463623046875,1804.7652197366824,1776.0330196522216,1804.7652197366824,2349001
2020-02-28,1702.776123046875,1761.8154356585435,1694.1351616141587,1760.5384493558192,4298076
2020-03-02,1703.755126953125,1748.5772619969289,1690.4743865772034,1732.444710317085,2667076
2020-03-03,1733.4666748046875,1753.7282367787634,1712.8646662130445,1719.675261307331,2757585
2020-03-04,1773.4783935546875,1783.0557900577294,1723.9313705475129,1750.3224186892278,3237002
2020-03-05,1809.1070556640625,1828.432079021002,1774.2027533756857,1775.6073555745286,3937056
2020-03-06,1801.7852783203125,1807.914771729276,1763.6035080618042,1786.0783865089534,2595027
2020-03-09,1679.109619140625,1770.6694938039764,1647.3126743502442,1766.4980874815278,4940975
2020-03-11,1663.232177734375,1691.8367562231913,1634.5425915246199,1645.609806988068,6796449
2020-03-12,1506.716064453125,1624.6670700071347,1496.9258364788727,1620.9212228674871,8728786
2020-03-13,1537.7470703125,1549.410171241741,1282.1369582711084,1436.9502559705115,8029720
2020-03-16,1444.1865234375,1568.3521483806219,1426.6917679868736,1494.0741052560682,7844271
2020-03-17,1411.4952392578125,1473.6418933385244,1381.8266176487643,1472.7905693100215,5713248
2020-03-18,1408.430908203125,1458.7867600988843,1385.743095379605,1427.5005928402754,7258778
2020-03-19,1403.24267578125,1445.348082417953,1326.4067229795735,1337.5118804365848,5135111
2020-03-20,1541.393310546875,1602.7506610316943,1395.2248932576601,1397.7975267424622,8547498
2020-03-23,1431.842041015625,1500.7029077402246,1387.292645140999,1389.2221203080935,7003490
2020-03-24,1460.526611328125,1517.8534274689914,1400.241204511737,1417.5636623681091,6350865
2020-03-25,1500.9598388671875,1552.1551920018178,1440.6744323552784,1457.825318454746,2765520
2020-03-26,1535.819091796875,1571.0642501631833,1477.163138944683,1570.6782923771457,4556067
2020-03-27,1564.5897216796875,1586.4571033748543,1501.0457040428153,1560.7307719687758,4331250
2020-03-30,1525.142578125,1633.6219349609923,1512.3223323712095,1514.4232740898228,8513547
2020-03-31,1565.9619140625,1590.744969838719,1526.429135478663,1575.6522083117031,3927593
2020-04-01,1465.3287353515625,1573.379310716184,1459.5403116713148,1565.7900650493316,4941878
2020-04-03,1418.5499267578125,1492.127279298979,1414.9482820938595,1492.127279298979,5735369
2020-04-07,1522.3126220703125,1531.4454899369334,1462.1130531895685,1466.4007747531741,5427577
2020-04-08,1462.4989013671875,1548.7250235952267,1458.6828710606205,1509.2779853419709,6285615
2020-04-09,1514.552001953125,1525.3999591120478,1484.580763572668,1501.088492607335,5307397
2020-04-13,1508.6348876953125,1532.4317432494095,1497.2724251334464,1510.1355902978232,2990438
2020-04-15,1487.96826171875,1553.8705312497955,1481.6653309966784,1530.7168312808417,4761399
2020-04-16,1471.5888671875,1513.4798832937831,1436.4295525766647,1466.3577634642584,6245533
2020-04-17,1548.89697265625,1588.1296370426307,1503.2756430453644,1543.5802381526846,9895823
2020-04-20,1559.5731201171875,1569.306227972019,1545.7237573330954,1569.306227972019,3244282
2020-04-21,1490.11181640625,1538.9489205369196,1481.5791881416542,1513.5656311712632,5122541
2020-04-22,1517.4244384765625,1535.0040943051974,1474.247109609199,1490.1116770643087,3829836
2020-04-23,1610.6826171875,1629.334206126048,1510.0068931991498,1526.4288878444029,5934366
2020-04-24,1559.4873046875,1588.1292019596951,1550.2687030129441,1578.4818281142298,2987102
2020-04-27,1574.9656982421875,1607.8954173251448,1565.0182061964742,1571.2783208935366,3374741
2020-04-28,1594.218017578125,1601.8929983693317,1571.535904551885,1599.320365074306,2678505
2020-04-29,1634.1796875,1640.0967654504395,1586.5002345238574,1607.038383302634,4241510
2020-04-30,1727.4801025390625,1742.5300471314006,1665.522525814041,1697.9377427756758,5915544
2020-05-04,1655.4462890625,1685.9320296396047,1641.0396081791857,1685.9320296396047,3729348
2020-05-05,1657.419189453125,1695.3655348849195,1652.4883084083156,1676.5852887520211,2905528
2020-05-06,1632.421630859375,1675.3845878361092,1623.8461861661856,1663.464803457153,3517431
2020-05-07,1622.174072265625,1658.8769140097775,1615.0564110525295,1637.9099928841524,3166754
2020-05-08,1623.6748046875,1663.2075858697328,1617.5433404726907,1662.8645471277882,2686530
2020-05-11,1659.6058349609375,1673.412279827887,1637.052373795397,1637.052373795397,2449841
2020-05-12,1671.782958984375,1677.7857703272275,1638.1243382405246,1657.9765138319592,3256595
2020-05-13,1671.9114990234375,1709.9435731059755,1651.3304329479392,1709.9435731059755,2656665
2020-05-14,1631.3494873046875,1649.1435327200934,1621.702113284287,1637.9097225747016,2263146
2020-05-15,1623.2457275390625,1644.2555641980364,1599.4916861406964,1643.0549811670965,3173682
2020-05-18,1668.4381103515625,1674.7410397983201,1605.4086065225913,1635.3369224741198,3727694
2020-05-19,1671.0538330078125,1686.3180597613286,1631.906912155795,1631.906912155795,3198693
2020-05-20,1675.298583984375,1683.2737881343803,1656.5183422006914,1672.211445329139,2778505
2020-05-21,1707.542236328125,1713.3735796727667,1664.6222052113117,1668.781274295898,3400908
2020-05-22,1732.5399169921875,1742.5303308191005,1681.859060688465,1695.4511193504916,3663418
2020-05-26,1666.20849609375,1735.6695811084662,1650.772699423813,1727.9516827734979,4575317
2020-05-27,1719.6337890625,1723.6642057808476,1664.7080295880949,1679.9294423505874,3482160
2020-05-28,1718.7764892578125,1727.0946290647319,1690.4775206584402,1705.227244237944,3475681
2020-05-29,1691.3778076171875,1717.3614468252256,1682.8452820475384,1699.6531326553115,7237735
2020-06-01,1753.8927001953125,1766.5414802113892,1698.8812054943344,1706.5133716605167,3747773
2020-06-02,1755.522216796875,1784.5500767340839,1749.433671877752,1766.7131095393202,2443886
2020-06-03,1759.8218994140625,1774.9590213727297,1737.331180217039,1764.7243325690986,3699799
2020-06-04,1798.868896484375,1806.1364033501154,1760.3379445508801,1760.3379445508801,4048593
2020-06-05,1761.6282958984375,1804.4165335261428,1754.7908205241492,1798.9122010180326,3573289
2020-06-08,1781.8399658203125,1801.8364804602654,1773.5404211540367,1787.4303892680414,2957841
2020-06-09,1782.0977783203125,1802.2662611756148,1771.9489690226965,1774.4002383364234,2909439
2020-06-10,1813.6624755859375,1833.6589913215028,1783.345177535242,1786.3984509655056,5168397
2020-06-11,1778.3133544921875,1810.436866977743,1773.2821001116142,1806.1365418780333,2269513
2020-06-12,1754.102783203125,1762.445372733657,1729.5909276888867,1729.7628987146727,2842642
2020-06-15,1745.84619140625,1770.8740651614557,1720.9472434270783,1753.758748439288,2399022
2020-06-16,1759.5213623046875,1783.7321127878497,1746.7923558257037,1776.034571531304,2146528
2020-06-17,1761.2413330078125,1770.7450942461157,1742.964949848317,1759.6931738507012,2703527
2020-06-18,1752.8984375,1771.0457878159457,1741.803578116264,1758.8329069367335,1944389
2020-06-19,1758.489013671875,1797.535988682077,1747.6522148334834,1756.252865497034,5681758
2020-06-22,1744.1689453125,1765.0685688515825,1736.6004355654366,1763.1334224123493,3196138
2020-06-23,1750.490478515625,1757.9730026273335,1728.7307902548632,1743.3518964410985,4205944
2020-06-24,1756.4249267578125,1775.3894044406768,1747.3082575837284,1749.3724348467176,2560937
2020-06-25,1733.9774169921875,1771.7343000144529,1728.0859914097277,1750.2326701599084,3043931
2020-06-26,1822.34912109375,1833.6588937884342,1737.2885520515113,1741.6319230401405,6300722
2020-06-29,1807.5560302734375,1829.8748912652577,1798.6544810126632,1813.0175285460944,3076341
2020-06-30,1790.7843017578125,1816.371236165045,1784.6779660870477,1806.1365463928769,3071725
2020-07-01,1799.29931640625,1818.1346589634443,1788.5054569142367,1788.6774279467036,2503466
2020-07-02,1855.2894287109375,1862.0410240359379,1804.416659781708,1807.8569203341992,3758699
2020-07-03,1891.841796875,1896.443228381292,1857.9553215921478,1860.8794584524483,4185208
2020-07-06,1946.4991455078125,1952.2615392478115,1896.4434024586878,1896.4434024586878,5190366
2020-07-07,1952.2613525390625,1980.4715249887045,1919.7939005680507,1956.6477677894404,5630055
2020-07-08,1908.3985595703125,1956.132177451983,1898.6799909380488,1952.3479746196724,2793358
2020-07-09,1895.88427734375,1930.415801474756,1884.4453713877695,1917.0847946033555,3443998
2020-07-10,1911.3663330078125,1935.0181303610507,1871.5022196598695,1896.6591313901322,9610320
2020-07-13,1909.3447265625,1930.8033111111536,1900.7440746410473,1909.3447265624998,2963503
2020-07-14,1868.018310546875,1925.6857162191009,1862.0409002297245,1900.7438288719127,2976738
2020-07-15,1921.2989501953125,1943.7467287078305,1875.8876901786132,1879.241859392305,5569321
2020-07-16,1926.34228515625,2011.0332481349283,1913.7141494103387,1934.3157345969905,8582118
2020-07-17,1897.034423828125,1934.2294028720491,1887.8111246317935,1928.2817249135594,4509135
2020-07-20,1903.1973876953125,1919.575281606094,1888.4574094443224,1897.249710401592,2952646
2020-07-21,1917.9813232421875,1929.704324734013,1897.379523923594,1922.2481548595786,2665286
2020-07-22,1888.5865478515625,1923.1094649164359,1882.768085777073,1923.1094649164359,2861534
2020-07-23,1871.5623779296875,1888.5867689555628,1864.494065264215,1888.5867689555628,2265766
2020-07-24,1859.6669921875,1864.4942459354218,1831.8247360688306,1857.1672921256893,3665100
2020-07-27,1902.2493896484375,1909.3177020313965,1864.9249879661065,1866.2179796379112,4248480
2020-07-28,1990.9915771484375,1999.8270198005737,1909.317607266496,1909.317607266496,8092319
2020-07-29,1961.94189453125,2018.7903685852416,1936.0820691437364,1975.690659606052,6090431
2020-07-30,1964.916748046875,2032.583326121751,1958.667287014482,1970.4334294687214,7098496
2020-07-31,1966.5538330078125,2012.5844577326327,1945.9091103403773,1985.3022101879722,4723290
2020-08-03,1943.0650634765625,1985.906363897298,1922.8513319873985,1974.3555098692739,4012337
2020-08-04,1939.228515625,1956.4252596519864,1917.9804405172633,1948.0639571134539,2927928
2020-08-05,1947.676513671875,1982.5872898629398,1942.0735495918275,1948.1075109088017,3800641
2020-08-06,1989.5699462890625,1999.3966011714856,1952.7196748081049,1961.0378390451087,4748047
2020-08-07,1978.5789794921875,2006.7230131739248,1971.3812418937998,1989.4831247445954,3165491
2020-08-10,1967.760986328125,2004.1371102832632,1961.9425237498833,1998.1031490910125,2929353
2020-08-11,1965.2611083984375,1992.931215070563,1961.5547005349317,1967.9333754351624,2774423
2020-08-12,1945.8233642578125,1979.4840810467297,1936.5137815897494,1972.5451936960646,3415751
2020-08-13,1943.323486328125,1982.5873784562584,1939.9186500938304,1959.3135266222068,2695682
2020-08-14,1932.720703125,1966.4679109105423,1924.9198219883347,1962.7612928178455,2270405
2020-08-17,1942.418212890625,1956.72740496511,1929.3590811291444,1950.6934438044248,2625630
2020-08-18,1956.51220703125,1973.1056027732266,1938.022465294055,1950.5213867620375,3493374
2020-08-19,1945.176513671875,1969.3123552148145,1941.6422526953813,1962.2009019030554,2843005
2020-08-20,1941.944091796875,1962.3733161833436,1930.910521821514,1945.5212842369594,2895164
2020-08-21,1938.281005859375,1957.5895993666197,1931.7729049960337,1948.1076594313345,1975294
2020-08-24,1937.849609375,1948.0641162959087,1922.2474272437946,1940.004595279982,2167966
2020-08-25,1933.1519775390625,1939.487721608806,1925.3079534670655,1935.1777488941198,1663419
2020-08-26,1942.5042724609375,1948.0209521352517,1910.5673396260054,1932.591337411769,2618149
2020-08-27,1938.1085205078125,1971.6833776014764,1932.3763407565448,1953.2797092246374,3579393
2020-08-28,1929.617919921875,1965.3044097045517,1926.644080847966,1955.3483306763478,2941136
2020-08-31,1945.7369384765625,1962.0716909308517,1920.523601251869,1930.867534472256,6018154
2020-09-01,1936.341064453125,1963.6231010591182,1931.9879509586635,1955.8651520206931,3610908
2020-09-02,1952.546630859375,1955.6498950372566,1932.2897614231763,1936.9015158782217,2084137
2020-09-03,1982.156005859375,2003.2748674134323,1955.0031838613013,1955.0031838613013,4654146
2020-09-04,1972.932861328125,2003.4905212841704,1950.6502214965376,1961.0372962983704,5231303
2020-09-07,2005.904296875,2020.0840639821429,1968.2351801866696,1973.1053648197674,4620401
2020-09-08,2024.1356201171875,2060.55489093238,2005.904519024361,2013.5761865672202,7453998
2020-09-09,2006.421630859375,2033.4452455377323,1999.8274563999742,2004.1374293663534,3866535
2020-09-10,2009.4381103515625,2024.3937969909064,2003.533575130218,2012.756872886424,2308813
2020-09-11,2046.4609375,2054.1326032869774,2008.576116219162,2009.2657538113035,4145424
2020-09-14,2147.5732421875,2159.9429487610405,2053.1419029984686,2055.0813908303403,7512131
2020-09-15,2147.5732421875,2187.7422743512006,2124.4719554817475,2147.5732421875,7318770
2020-09-16,2157.572265625,2161.537524563191,2135.419048734727,2145.461200630098,3074003
2020-09-17,2121.3251953125,2151.3226442009072,2112.4036790419095,2137.7462316410897,4828176
2020-09-18,2111.800048828125,2155.330767109225,2100.163124139118,2142.0561371986855,4183256
2020-09-21,2125.07421875,2159.209060799889,2113.7388694159445,2124.8155784156043,4598809
2020-09-22,2174.76904296875,2202.3960095618318,2118.7825407056685,2142.056392861508,7499613
2020-09-23,2126.927978515625,2172.0966100345754,2076.5444493861733,2163.6058812616416,7502280
2020-09-24,2010.386474609375,2111.8863169870165,1984.8284243808987,2111.8863169870165,8424708
2020-09-25,2088.009521484375,2103.2667835211582,2027.4975438185504,2041.2031735156158,8228267
2020-09-28,2091.45703125,2106.7142898685615,2039.4787274259481,2103.266312307402,4347166
2020-09-29,2144.986572265625,2164.510869796369,2091.4568514979874,2098.826944991107,6995811
2020-09-30,2148.3486328125,2159.295919335931,2120.5061722819923,2145.5040092723084,3917166
2020-10-01,2175.19970703125,2189.4657563125415,2148.3486658918328,2163.6059245450706,2610337
2020-10-05,2332.385009765625,2351.6075312620997,2243.8150654132287,2258.4258316620735,17412105
2020-10-06,2339.711669921875,2358.41690813439,2284.371666140752,2358.41690813439,9846367
2020-10-07,2358.373046875,2387.7239921898554,2329.970379382375,2363.588154001655,9656101
2020-10-08,2435.737548828125,2486.8538591490787,2413.5843347027453,2413.5843347027453,19839329
2020-10-09,2424.747314453125,2439.3151473378803,2396.3446386138053,2422.2044728434507,7739245
2020-10-12,2439.44384765625,2460.1317106752426,2414.230514601852,2426.9449304156083,4623203
2020-10-13,2436.47119140625,2460.9086151837078,2424.1014831296125,2452.374951727693,4209878
2020-10-14,2432.185302734375,2460.23291219888,2413.097246491396,2460.23291219888,4395936
2020-10-15,2372.454345703125,2447.8973717468925,2360.681153833888,2433.397404997088,6629355
2020-10-16,2392.104248046875,2399.3324605870826,2364.402827793956,2380.6774544615587,5273773
2020-10-19,2347.306396484375,2401.3674195915205,2343.0213743240615,2401.3674195915205,3331194
2020-10-20,2371.069580078125,2389.1619943438677,2352.847188535399,2358.9502028889706,3406273
2020-10-21,2316.0126953125,2379.726071544138,2305.321801026984,2371.0693743031625,4570143
2020-10-22,2312.333251953125,2325.751130662899,2283.7230409416024,2303.5467901102547,5262294
2020-10-23,2325.88134765625,2339.0394845750616,2311.4247062123227,2326.7470173396605,3499091
2020-10-26,2327.09326171875,2345.9215778268276,2311.770950189481,2328.6081837044576,2672752
2020-10-27,2276.84130859375,2353.0202499452316,2271.604175451966,2337.0920103825324,3537502
2020-10-28,2269.958740234375,2299.175088685862,2255.934935246684,2294.0243969315857,3569445
2020-10-29,2279.005126953125,2298.352928231658,2250.9575147398755,2257.6664545492144,3105968
2020-10-30,2306.879638671875,2315.103499588726,2269.4394297609465,2281.991638528772,3427003
2020-11-02,2254.723388671875,2306.8799881781574,2250.7845492617084,2302.6814055885575,2571196
2020-11-03,2279.8271484375,2307.009084633992,2251.649565566294,2254.203248175203,2879269
2020-11-04,2296.751220703125,2356.222891454612,2259.397661903571,2259.397661903571,4893928
2020-11-05,2324.9287109375,2345.964523658515,2308.740732323712,2324.322784510374,2816502
2020-11-06,2343.75732421875,2348.7782506132935,2321.12014670814,2336.442457718706,3884421
2020-11-09,2360.3349609375,2375.397528365028,2333.066366861881,2364.230474376874,3646592
2020-11-10,2293.67822265625,2348.6913558436745,2283.939439800789,2334.8839681976215,4760020
2020-11-11,2326.7470703125,2331.0754188280953,2288.3112086869273,2309.563442167529,3242441
2020-11-12,2312.247314453125,2348.562119554274,2304.196543208105,2325.1890354304387,2437505
2020-11-13,2299.95458984375,2306.923061740111,2281.905292352151,2299.0022686510715,2548093
2020-11-14,2311.640869140625,2327.7855224207824,2302.724430114096,2318.219831203173,298819
2020-11-17,2307.91845703125,2332.9795494398836,2294.067743565188,2332.9795494398836,2827273
2020-11-18,2273.811767578125,2306.3177147248452,2256.8447642759834,2303.5476133025763,2893762
2020-11-19,2282.684326171875,2316.661861581016,2277.447193611673,2282.770977679126,4167501
2020-11-20,2302.89794921875,2316.5322477621935,2274.5905907023457,2298.3531830376023,2711471
2020-11-23,2358.30029296875,2363.277892926379,2307.009371666227,2328.6511106124394,3706418
2020-11-24,2356.395751953125,2374.531486072446,2341.636044413404,2367.0866436852552,3120516
2020-11-25,2338.43359375,2365.8319551099826,2327.093236186215,2362.4126020773597,3302249
2020-11-26,2355.14111328125,2364.100668032456,2319.9948382826415,2325.188856577304,2341099
2020-11-27,2319.691650390625,2352.6304236558776,2310.5156786810176,2341.6364610983064,6086808
2020-12-01,2360.5078125,2368.385278735733,2271.9064479696062,2319.12876501716,3605017
2020-12-02,2380.201904296875,2384.6600182238285,2339.428781370178,2353.7556555995443,2509032
2020-12-03,2345.48828125,2401.280640557241,2338.0003243041824,2401.280640557241,2852548
2020-12-04,2361.15771484375,2370.939825892492,2336.442799684391,2346.65774563489,2686527
2020-12-07,2369.94384765625,2375.397608925361,2342.6319269026762,2350.2931881313248,1996400
2020-12-08,2421.537353515625,2428.6791269463565,2365.398601464506,2371.9344485095276,4277818
2020-12-09,2433.22412109375,2458.50163080341,2417.9449260529914,2436.8598910956334,3659996
2020-12-10,2410.283935546875,2447.507728748379,2406.777931360035,2439.4569591125182,2127801
2020-12-11,2409.677978515625,2430.540489028881,2393.186930397962,2417.555445053574,1795408
2020-12-14,2421.884033203125,2427.3377944825806,2386.0020670622725,2425.606455114191,2483658
2020-12-15,2390.59033203125,2419.287199605451,2384.9201529195248,2411.7559150757884,2365509
2020-12-16,2436.167236328125,2441.0150704078296,2389.6374974237838,2405.6957100495592,2565149
2020-12-17,2456.943115234375,2470.3609923893687,2428.202930306891,2433.396947270114,2863460
2020-12-18,2476.680419921875,2508.71019116868,2463.868469154135,2482.7401063739735,6076692
2020-12-21,2441.318603515625,2498.755879320951,2410.8903945639527,2476.6812994066313,2705195
2020-12-22,2486.635986328125,2496.288118064248,2440.0195926991205,2453.30770591955,2881737
2020-12-23,2518.015625,2526.888735496347,2480.532101317153,2489.7082806123703,2790988
2020-12-24,2518.536376953125,2528.92441397479,2495.898986136321,2518.2333080019316,1807144
2020-12-28,2535.89208984375,2553.465222554479,2512.1728306328737,2519.098186471972,2108994
2020-12-29,2536.8447265625,2555.456622696639,2527.755195892339,2527.755195892339,1994151
2020-12-30,2518.492431640625,2551.734057394362,2512.1730017380114,2540.2206102586583,2637968
2020-12-31,2478.195556640625,2514.7700959011495,2462.8299218033635,2510.4417480596676,4040956
2021-01-01,2534.897216796875,2545.0688354419235,2492.262985454863,2493.128655126782,2681440
2021-01-04,2631.159423828125,2640.941532578551,2545.890968215903,2553.7253203660493,5113293
2021-01-05,2677.515869140625,2695.911346741413,2631.289200554802,2631.289200554802,5801309
2021-01-06,2641.59033203125,2695.2618380400777,2629.2112166021334,2683.5753004413814,3726716
2021-01-07,2625.403076171875,2666.9985470148386,2597.2254855140523,2661.934294794004,3717827
2021-01-08,2701.667724609375,2707.814062293919,2648.948539200573,2674.918622918226,5879039
2021-01-11,2749.756103515625,2796.112751935151,2723.8726675326607,2796.112751935151,9508039
2021-01-12,2748.371826171875,2778.8000348503165,2726.859847283021,2749.756771033238,3611458
2021-01-13,2734.606689453125,2750.2320665668194,2706.2993384024294,2748.500727525858,3572801
2021-01-14,2819.38720703125,2833.090857385207,2706.3757644928123,2736.385016087656,6931542
2021-01-15,2804.339111328125,2839.5954577091984,2784.0871775340647,2805.7700994774764,4131692
2021-01-18,2794.2783203125,2824.634412874287,2764.4858990565126,2818.7800235945138,4160906
2021-01-19,2828.06005859375,2843.9319995684277,2803.1681069244155,2804.035423789182,2975735
2021-01-20,2869.778564453125,2886.3876004923163,2833.6114874929526,2836.1266221225137,3453446
2021-01-21,2839.465087890625,2870.0812004277477,2829.2741158584604,2866.481920536567,2778546
2021-01-22,2864.834716796875,2883.828873399442,2811.7547497893943,2811.7547497893943,3052459
2021-01-25,2854.6005859375,2896.6654619330093,2843.628898449041,2869.9086468328132,2272887
2021-01-27,2828.364013671875,2867.7401189418397,2798.831828845749,2862.145966901448,2786662
2021-01-28,2772.422119140625,2840.4630934886236,2761.3638277079594,2801.433829608627,3083938
2021-01-29,2698.52685546875,2790.028799742527,2688.6827227365784,2784.13100174319,5445659
2021-02-01,2722.81201171875,2745.0586105460407,2640.2000582734067,2688.6829992710036,3985846
2021-02-02,2778.40625,2796.229654445879,2732.048204560955,2752.863809929039,2881837
2021-02-03,2775.457763671875,2806.637766972181,2743.0199813438967,2786.6894762922184,2505866
2021-02-04,2765.396728515625,2808.242313539117,2754.598674675003,2789.3347613949722,2057261
2021-02-05,2738.943359375,2780.4879658934738,2713.834577493573,2774.5033522408476,2366135
2021-02-08,2787.6435546875,2797.964541919402,2736.515049968468,2766.3074725517463,2526592
2021-02-09,2755.37939453125,2815.1376650902857,2744.191089516285,2771.0779175109137,2658751
2021-02-10,2786.949462890625,2792.2399689811728,2738.3797160414965,2762.4043520441965,2127983
2021-02-11,2780.617919921875,2792.153276786292,2762.4476736180686,2788.4237718492914,1165882
2021-02-12,2767.435546875,2814.8777516414725,2759.803113764648,2761.711169105399,2777404
2021-02-15,2723.244873046875,2783.219748016185,2716.046100903548,2783.219748016185,2630853
2021-02-16,2696.31494140625,2747.356416200862,2688.682509996156,2732.048356931578,3435770
2021-02-17,2665.351806640625,2717.173994459445,2641.457182292696,2693.105949070788,3678426
2021-02-18,2651.69140625,2686.8609371118364,2628.837521259043,2658.3262958294185,4189909
2021-02-19,2664.267578125,2677.5373576665384,2615.957856052445,2652.2551540267127,3725028
2021-02-22,2565.91455078125,2685.2140750503536,2552.644555153912,2685.2140750503536,5366696
2021-02-23,2584.77783203125,2626.235622986641,2574.1966080001152,2575.9312418329996,3832829
2021-02-24,2556.93701171875,2604.85626995892,2533.5626521024114,2577.6658007201077,3774549
2021-02-25,2597.874755859375,2627.883798205514,2574.587208783475,2579.400860674548,4224073
2021-02-26,2510.275390625,2577.969518222327,2497.8727163851563,2567.2580696180776,5553153
2021-03-01,2536.208740234375,2571.5953219209014,2516.780920983558,2537.7699534369503,3265871
2021-03-02,2607.4580078125,2623.6333818146973,2556.849986641232,2567.2577884864477,3306469
2021-03-03,2653.209228515625,2657.458996650778,2599.261947632257,2632.306806408326,3509857
2021-03-04,2645.055908203125,2672.5932156202625,2615.8707836237077,2621.89859281911,3916760
2021-03-05,2608.932861328125,2656.7653076598276,2599.0021243430324,2615.91480530581,3203686
2021-03-08,2607.978759765625,2630.572409522958,2598.481681150934,2615.8280208114875,2003125
2021-03-09,2646.14111328125,2659.974778934964,2595.099628042051,2607.979160169022,1942397
2021-03-10,2663.487060546875,2682.784863519715,2653.989981882737,2666.999736695888,3053778
2021-03-12,2652.211669921875,2703.4267751760967,2637.81433644156,2666.999465404715,2938317
2021-03-15,2659.323974609375,2687.815423184263,2637.511036432186,2637.511036432186,3097083
2021-03-16,2697.399658203125,2724.2430807853034,2653.990393888261,2653.990393888261,4894756
2021-03-17,2699.9140625,2736.384779967567,2675.9328352603716,2693.0189355940715,3838390
2021-03-18,2633.60791015625,2728.9693661508304,2590.7191294669396,2711.1893687333422,3656306
2021-03-19,2645.489990234375,2687.8150976910692,2606.287308345164,2627.9702310435428,5776626
2021-03-22,2714.398193359375,2722.897941147131,2618.1260195174214,2644.1889341547226,2821646
2021-03-23,2725.63037109375,2748.5274542051834,2708.5008610841087,2723.3752622922925,3305973
2021-03-24,2706.982666015625,2734.0429089941254,2698.352694085332,2698.396102276659,2207104
2021-03-25,2658.196533203125,2715.439453933757,2645.316791339809,2699.263865194064,3179786
2021-03-26,2659.887939453125,2704.2945295321547,2639.289159762173,2680.5733237996446,3697370
2021-03-30,2739.4638671875,2765.3965580858217,2654.7702439160366,2673.93803231726,4694008
2021-03-31,2756.203369140625,2779.750940615715,2716.436800626652,2736.385091308138,3530069
2021-04-01,2745.058837890625,2788.424696309118,2727.7124945232276,2767.6959006840207,4285076
2021-04-05,2809.153564453125,2830.0559934493817,2732.9164680842787,2750.2628118994758,5317862
2021-04-06,2831.52978515625,2840.4631926612587,2801.433927418585,2840.4631926612587,2291562
2021-04-07,2837.340576171875,2842.674702445161,2805.5969029549656,2826.585930726271,2491268
2021-04-08,2877.194091796875,2892.5021519199554,2832.700688010083,2836.1265477595966,2578118
2021-04-09,2881.444091796875,2909.2850540175705,2869.0848237381483,2908.9814083487754,2911129
2021-04-12,2815.787841796875,2895.1907496618546,2786.8627372733504,2881.4436915230553,3791828
2021-04-13,2692.19580078125,2787.5572776210893,2665.3089695409717,2787.5572776210893,8654596
2021-04-15,2791.849853515625,2807.721796048167,2677.797674604409,2740.9817991031937,6062760
2021-04-16,2771.2080078125,2816.178481881795,2760.323348153505,2800.5667748679753,3224657
2021-04-19,2742.2822265625,2765.8732005362167,2719.124910977077,2748.526865004475,2679106
2021-04-20,2727.3212890625,2797.4005340751078,2711.536164475454,2797.0968884735703,3141893
2021-04-22,2704.988037109375,2730.313648680331,2693.2358505605457,2730.313648680331,1988980
2021-04-23,2696.922119140625,2705.161630358453,2680.9201633880944,2693.019192774286,1615309
2021-04-26,2689.376708984375,2734.6506159377814,2678.318416769593,2690.460855279942,2490260
2021-04-27,2716.437255859375,2719.9933407974654,2691.285059045862,2693.8870104403636,1471417
2021-04-28,2709.5849609375,2732.915702131098,2699.090341171684,2732.0049769865764,1639037
2021-04-29,2701.9091796875,2738.423308673348,2693.452839264756,2728.232334317733,1621395
2021-04-30,2632.87109375,2716.4805899952744,2619.297665711063,2687.815717231319,3072305
2021-05-03,2634.041015625,2649.6527173968966,2605.419562376523,2623.546398068322,1545831
2021-05-04,2645.10009765625,2680.0096079212435,2632.3071715342962,2656.4186271847993,1990777
2021-05-05,2684.953125,2688.1621554674107,2647.3982575233513,2662.663121026859,1939289
2021-05-06,2698.613525390625,2718.1715667285157,2666.1325450298204,2693.4530314216354,1791671
2021-05-07,2717.217529296875,2740.591893433538,2698.917266401351,2717.304345701702,1912540
2021-05-10,2728.1455078125,2744.364292675277,2710.365510066464,2728.5357580964887,2137153
2021-05-11,2708.284423828125,2713.0546678123724,2681.0071320112424,2710.3659001404985,2415625
2021-05-12,2677.927978515625,2706.0289638256604,2663.1835899306775,2706.0289638256604,1978558
2021-05-14,2646.617431640625,2687.3813245743,2636.6432876249387,2687.3813245743,2043935
2021-05-17,2662.446533203125,2667.1733688098307,2633.1745825571097,2649.6536066244958,2890462
2021-05-18,2678.96875,2709.498265572481,2669.601684197214,2688.6826578984287,2098538
2021-05-19,2673.071044921875,2704.2944575166794,2660.1481060746196,2674.8056789549196,1986041
2021-05-20,2653.989990234375,2678.9687619036904,2647.1382707101457,2660.148025564236,2329027
2021-05-21,2671.77001953125,2678.448318084365,2649.7402524216727,2654.857338024722,1685566
2021-05-24,2672.63720703125,2693.019155551527,2664.397695927308,2672.63720703125,1652260
2021-05-25,2714.036376953125,2726.4561002580645,2686.233713053899,2694.8620672893585,1841613
2021-05-26,2752.820556640625,2758.4856931352156,2705.1462966966087,2719.2655174034353,1923753
2021-05-27,2771.559814453125,2804.46119275363,2755.697470650302,2755.828119490563,5959785
2021-05-28,2739.83447265625,2787.24722336257,2732.905404548071,2779.838967765765,1763701
2021-05-31,2753.38671875,2763.148353991799,2726.7607500282993,2745.4120355694236,1652799
2021-06-01,2748.02685546875,2762.799745103763,2729.7241076207183,2761.6232675547985,1377441
2021-06-02,2727.501708984375,2753.648492779045,2714.9077173465566,2746.1532090944156,2240078
2021-06-03,2737.785888671875,2749.3776709242543,2721.5747991720896,2749.3776709242543,1281706
2021-06-04,2739.96484375,2751.382356919882,2723.623105119284,2726.2377833001988,1836060
2021-06-07,2774.34765625,2780.66646148258,2731.1184405355557,2741.0541319259814,2559821
2021-06-08,2789.12060546875,2816.0082968830657,2777.8339542944295,2787.2468379548263,2574057
2021-06-09,2789.20849609375,2806.4217974914072,2776.9630416567725,2790.7337253315172,1710925
2021-06-10,2803.6328125,2809.907998724652,2782.8896525830687,2797.7061649832917,1874324
2021-06-11,2853.31103515625,2883.9898816397495,2798.5770655621745,2799.0564657600353,3452954
2021-06-14,2855.533447265625,2883.728263440518,2850.304091374797,2857.8429943375263,1847360
2021-06-15,2843.680908203125,2874.4033821941325,2833.9194838462886,2874.4033821941325,1304985
2021-06-16,2853.790283203125,2871.526387314004,2835.182407007951,2843.1136817626557,1635552
2021-06-17,2891.61669921875,2907.566281552538,2841.284135167847,2846.0777126965045,2273413
2021-06-18,2873.793212890625,2926.696832554393,2854.3573932744603,2920.5086749244424,3380431
2021-06-21,2852.701416015625,2863.9444481822334,2834.0499154939534,2845.641699122031,1130569
2021-06-22,2877.19189453125,2899.7217904931717,2863.072674583069,2879.632303446715,1708688
2021-06-23,2842.50390625,2901.4214102067162,2838.1461089982627,2901.4214102067162,1467104
2021-06-24,2940.293212890625,2948.485787073429,2857.4078193674954,2862.201396615176,4155204
2021-06-25,2946.568115234375,2962.9968825509254,2919.7240426734816,2941.730917920498,2722861
2021-06-28,2908.176025390625,2955.893905780267,2904.9076774187315,2955.893905780267,1355238
2021-06-29,2911.75,2933.9311494555513,2899.2430345184002,2912.7522084354405,1497322
2021-06-30,2916.020263671875,2947.6142962678864,2909.701457152673,2916.2381535518475,1693146
2021-07-01,2912.315673828125,2930.182641152224,2904.340990599126,2926.6964036255704,990310
2021-07-02,2898.327392578125,2910.74711500687,2871.9627186504385,2903.164590185935,1682274
2021-07-05,2894.449462890625,2940.6421221899936,2877.889830311606,2912.752214688488,1972858
2021-07-06,2843.28857421875,2900.5499903048712,2837.8849479232354,2887.476597920685,2159420
2021-07-07,2854.31396484375,2861.068551496173,2825.2475809189878,2854.357585378772,2640710
2021-07-08,2839.976318359375,2874.4029148225313,2816.7927530962797,2874.4029148225313,2485811
2021-07-09,2796.093505859375,2860.4582596113323,2789.8619405898457,2832.568355800375,6365067
2021-07-12,2782.97705078125,2820.366872600818,2778.8371426709737,2819.4953129986548,1892226
2021-07-13,2778.138916015625,2801.1916171659377,2767.2008041387217,2801.1916171659377,1809339
2021-07-14,2801.67138671875,2808.1644618657065,2775.9167632036856,2777.6598820502813,2044279
2021-07-15,2797.654052734375,2822.897223301885,2789.8366133271156,2819.185011152029,2232968
2021-07-16,2790.53515625,2812.4154119318237,2788.089421125836,2806.4321146858747,1256526
2021-07-19,2781.62548828125,2794.902060002589,2774.1136343251005,2777.6074802121598,1597058
2021-07-20,2800.142822265625,2808.178625137528,2756.775332345759,2781.6254817571275,1811945
2021-07-22,2809.3583984375,2816.87004050565,2786.342599192207,2786.342599192207,2859334
2021-07-23,2806.30078125,2831.369082897258,2800.88514951478,2821.2805602259114,1776193
2021-07-26,2792.936767578125,2816.258146190416,2787.0846183754047,2795.0767055313113,1259611
2021-07-27,2780.18408203125,2803.8112569236587,2761.142579755305,2795.076642416108,1121367
2021-07-28,2793.1552734375,2798.9637072093665,2736.030762446464,2784.5953079467704,1660654
2021-07-29,2791.407958984375,2817.306003956182,2786.6039213287513,2795.2948195289887,1731997
2021-07-30,2766.645751953125,2815.603314622655,2762.191225983625,2811.6727376362114,2999943
2021-08-02,2812.022216796875,2816.826255643097,2766.25291381549,2777.6079147247424,2608669
2021-08-03,2869.233154296875,2873.687892559987,2811.628419890328,2820.406749263282,3804735
2021-08-04,2859.669189453125,2886.9648608907482,2848.5325555065747,2882.4229038130147,2929598
2021-08-05,2868.40380859375,2895.5248304241322,2849.668102340492,2860.586370931835,2534521
2021-08-06,2890.982666015625,2903.385775596427,2851.851551541015,2858.446227946742,2292362
2021-08-09,2902.25048828125,2914.7410304017426,2891.1575698620823,2903.2985994335254,1510489
2021-08-10,2912.033203125,2926.0085870941607,2896.0490283082218,2896.0490283082218,2040777
2021-08-11,2921.030029296875,2934.8307642305435,2906.0939649630977,2926.0961488608095,1929707
2021-08-12,2927.624267578125,2941.8180154257107,2905.1326363734897,2905.1326363734897,1310205
2021-08-13,3025.146484375,3039.646030624656,2932.646996500656,2935.4857463855783,4363584
2021-08-16,3033.488037109375,3052.180240931902,3001.6504084686876,3022.176753470583,2083489
2021-08-17,3103.45263671875,3110.2219638050665,3024.7973806340597,3041.480581719962,4336019
2021-08-18,3110.003662109375,3140.094370801781,3089.084299979811,3121.6207437384664,2631309
2021-08-20,3109.086669921875,3122.6253251778908,3057.1157029713618,3062.3564727478843,2836148
2021-08-23,3177.12890625,3208.2242222354967,3111.182560271568,3126.9922993746472,3744176
2021-08-24,3155.9912109375,3203.289281535624,3139.5700912462094,3194.248869248207,2511141
2021-08-25,3195.995849609375,3229.8424850759952,3150.6195641945837,3153.1962331483587,2123263
2021-08-26,3207.219482421875,3220.9765001390165,3186.299910279459,3196.8688790309616,1902533
2021-08-27,3249.40771484375,3257.574665170031,3189.095368849665,3202.109859904366,3944728
2021-08-30,3232.943115234375,3267.051829697669,3220.976735250082,3244.9094952186683,2033114
2021-08-31,3307.318603515625,3322.7353285681993,3234.8212913547077,3240.0183451794023,3207480
2021-09-01,3244.8662109375,3333.7409310016938,3237.9222336900857,3315.66031807056,2643336
2021-09-02,3351.2529296875,3370.818379183612,3251.023236931485,3261.504773428846,3403717
2021-09-03,3355.882568359375,3368.853342795532,3323.1277643578337,3340.99000815719,1746812
2021-09-06,3364.573974609375,3386.9346761466745,3331.382434880622,3362.564970344723,1723693
2021-09-07,3333.041748046875,3380.2523861240065,3326.359852679405,3375.0553326995914,1585039
2021-09-08,3296.5751953125,3332.2561889519047,3280.721951691574,3327.8888807095036,4147175
2021-09-09,3311.64208984375,3326.753017556797,3288.58278984343,3310.1572478338157,1441148
2021-09-13,3358.765380859375,3364.9231140500738,3290.3295846609585,3290.3295846609585,1691473
2021-09-14,3394.18359375,3403.442369956585,3340.9898794004716,3362.7826988401503,1991188
2021-09-15,3454.1474609375,3476.377015029846,3376.802397011403,3390.865213451585,2461369
2021-09-16,3409.38232421875,3477.9053364174956,3399.5995980435055,3432.7037036782212,2946666
2021-09-17,3343.4794921875,3445.805415618494,3323.520812782857,3423.9688793978444,6477148
2021-09-20,3339.6796875,3381.1691043056103,3326.0101017882753,3327.014497106709,2002008
2021-09-21,3374.13818359375,3381.6500380706075,3338.06417965979,3369.814591658296,1568129
2021-09-22,3373.439453125,3403.7487396255815,3364.9669187066097,3373.745249967666,1744067
2021-09-23,3379.640869140625,3388.1571186654996,3349.7248131173474,3380.295965257923,2003869
2021-09-24,3381.431396484375,3445.281301332481,3367.1939320211554,3397.7650831549404,2320754
2021-09-27,3351.428466796875,3409.994110133992,3321.687056460379,3406.500263709674,1673362
2021-09-28,3300.94189453125,3362.8267262073114,3276.572404333812,3362.8267262073114,2253075
2021-09-29,3312.078125,3324.394015769892,3251.154193681043,3284.0401426210105,2489161
2021-09-30,3297.797119140625,3323.520513845348,3275.5675699169483,3323.520513845348,2252412
2021-10-01,3258.1865234375,3327.888804029662,3253.6445656195515,3303.2135130286547,1578374
2021-10-04,3295.832763671875,3304.8729634637243,3238.3152308655813,3253.4698752268573,1356860
2021-10-05,3348.240234375,3354.092384166634,3268.143852121344,3278.9746901462354,1877966
2021-10-06,3328.675048828125,3369.334732899232,3314.7870933407885,3350.5990224124544,1678154
2021-10-07,3400.29833984375,3405.6265405305808,3336.666794676636,3345.3576943401195,1647233
2021-10-08,3437.63818359375,3485.0234633029286,3406.4993707981093,3428.335905226302,2934339
2021-10-11,3219.22998046875,3282.0317807413753,3196.869279444693,3279.848126861973,11845402
2021-10-12,3190.624267578125,3237.9221275740247,3171.189747119932,3237.0486659803983,5752877
2021-10-13,3192.67626953125,3210.3638640053305,3183.7670053345314,3188.1343126120823,3545655
2021-10-14,3160.514404296875,3211.753733429355,3157.6702082114134,3172.3725568614204,6442299
2021-10-18,3191.757568359375,3196.614624095019,3151.76382833439,3153.5141032909023,3590107
2021-10-19,3180.380859375,3229.344973413171,3172.5484214832622,3210.879486705096,3135441
2021-10-20,3158.23974609375,3176.748816961341,3131.504255329877,3160.9963434888055,2933693
2021-10-21,3091.423828125,3157.015353947941,3072.827152584262,3154.0837709390435,4871211
2021-10-22,3061.974853515625,3116.889730316667,3049.854113970201,3115.489424887781,2691670
2021-10-25,3056.8115234375,3075.7145791199464,3019.22441010677,3065.6066981460913,2595594
2021-10-26,3047.753662109375,3088.359952904822,3041.102532259636,3058.1677119370643,3878763
2021-10-27,3054.011474609375,3072.8269332250643,3048.1042957416585,3048.1042957416585,2510813
2021-10-28,2994.413818359375,3078.7333928501857,2988.5942400748677,3078.7333928501857,2424942
2021-10-29,2973.49853515625,3028.8509837909737,2963.171869596629,2975.5113942015646,3960501
2021-11-01,3042.32763671875,3051.6041788190378,2986.800210236973,3008.6786457031258,2020718
2021-11-02,3049.15380859375,3074.8829773792254,3036.5081153880838,3057.7301981889086,3087414
2021-11-03,3056.19921875,3080.3966874138937,3033.270656847853,3066.6570701167648,1537639
2021-11-04,3070.55078125,3074.5764987896123,3067.3566151732985,3074.3139148358823,328991
2021-11-08,3065.3876953125,3104.9876648258514,3046.5284405808984,3104.9876648258514,2526082
2021-11-09,3067.96923828125,3093.6108076502364,3059.4804479618747,3069.982097096755,1782692
2021-11-10,3049.24169921875,3080.221481918905,3045.6535499293364,3061.2310404939344,1516489
2021-11-11,3052.65478515625,3071.776626249125,3006.972647388828,3045.4786999165085,1284514
2021-11-12,3085.778564453125,3092.867049870975,3050.466681553837,3068.232015188849,1747259
2021-11-15,3109.62646484375,3123.891250400179,3087.485440917633,3087.485440917633,1809157
2021-11-16,3112.339111328125,3129.0981236798307,3099.7372160142086,3123.365929970274,2013204
2021-11-17,3082.146484375,3117.983533699684,3068.5818539674124,3107.263099990461,1632914
2021-11-18,3041.7158203125,3081.2284125328515,3020.6251316064813,3076.23995711251,2136598
2021-11-22,3026.575439453125,3076.9396452248434,3010.7355789237035,3044.078189423723,3167936
2021-11-23,3031.6953125,3046.3100671183884,2982.2938396390264,3014.8489143573643,2153461
2021-11-24,3013.361572265625,3056.8996712097573,2996.471372556972,3038.6529653855837,2161746
2021-11-25,3015.63671875,3030.601657908948,3005.2664658737567,3013.8864434638845,1849619
2021-11-26,3016.4677734375,3054.229871051029,2985.881546926754,2997.3459336245774,1941251
2021-11-29,3064.731689453125,3088.6667868251257,2981.112254109793,3016.73030953973,2981745
2021-11-30,3088.4912109375,3118.771051824377,3055.1048030638794,3055.1048030638794,5588446
2021-12-01,3131.06689453125,3141.7435289735986,3093.610967944755,3093.610967944755,2102118
2021-12-02,3188.037841796875,3192.50112784943,3127.8285616267367,3141.043007728435,3152938
2021-12-03,3185.89453125,3208.2105393359575,3177.4933387527963,3191.14535668199,2486263
2021-12-06,3094.83642578125,3201.2532400549144,3082.2345302004946,3185.8945329269327,1849642
2021-12-07,3136.93017578125,3148.744531304488,3084.2469442533907,3117.6771519656027,1484458
2021-12-08,3174.0361328125,3191.1451137740696,3151.3701568857164,3151.3701568857164,1428660
2021-12-09,3152.0263671875,3180.905903556539,3120.7402027877074,3159.2462512797597,1567957
2021-12-10,3182.700439453125,3187.2511122032515,3128.704492721811,3137.368269425771,1510718
2021-12-13,3158.93994140625,3204.753474268667,3151.9826411227077,3194.2518244349085,1883864
2021-12-14,3171.3232421875,3181.1247392304226,3130.104181424236,3154.8706148351234,1747007
2021-12-15,3124.54736328125,3170.62326873746,3113.87051449821,3167.997856149491,1603233
2021-12-16,3134.392822265625,3157.890137946773,3124.2411409388565,3134.7427918327685,2072320
2021-12-17,3136.799072265625,3195.433282684752,3127.478730027425,3152.6827318642822,4333992
2021-12-20,3112.7763671875,3155.7457022284616,3071.863690654172,3140.8683653072517,2312310
2021-12-21,3157.75830078125,3186.5502355746466,3121.08991578706,3135.310898436316,2340989
2021-12-22,3177.405517578125,3182.7001422501903,3155.9646485618987,3171.498339379777,1224328
2021-12-23,3205.365966796875,3212.1920817902765,3176.749014275631,3192.5014887265843,1792861
2021-12-24,3212.5419921875,3242.384264810748,3189.7010328479782,3224.881515742944,2209923
2021-12-27,3234.595703125,3238.0086538109676,3196.964791742873,3212.6296670648817,1534135
2021-12-28,3243.740966796875,3259.887211057231,3232.6267631978826,3246.7601484623697,1456218
2021-12-29,3233.370361328125,3255.4675824022315,3224.8815706171167,3231.226317262157,1456923
2021-12-30,3267.544677734375,3273.0142871714934,3220.506036575159,3221.687557676224,1966475
2021-12-31,3271.57080078125,3290.5174447544787,3265.401037841006,3275.4651204512925,1207141
2022-01-03,3341.056396484375,3351.776831519915,3277.390139436575,3281.765827206183,2346158
2022-01-04,3399.6904296875,3403.5409492549384,3335.7615920816875,3352.7393879083083,2488606
2022-01-05,3378.8623046875,3386.7823423019872,3336.374333605073,3382.406654521235,1733031
2022-01-06,3332.0419921875,3356.1520713111595,3301.0184127733232,3336.023910257664,1810293
2022-01-07,3372.34228515625,3382.3187669832855,3322.3718494970512,3343.025179524296,2460591
2022-01-10,3395.40283203125,3481.297505277228,3378.906402180839,3481.297505277228,3937092
2022-01-11,3426.950439453125,3434.9142752098783,3374.529794957781,3374.529794957781,1906106
2022-01-12,3377.943359375,3438.4154498217918,3357.509025682152,3434.9148996056333,3203744
2022-01-13,3411.1982421875,3433.164278039845,3375.4052053019836,3428.788590711219,6684507
2022-01-14,3472.676513671875,3480.421565404021,3378.074285511755,3393.6517745252454,3348123
2022-01-17,3517.308837890625,3538.180952966991,3467.557398640576,3494.161493482207,3442604
2022-01-18,3492.32373046875,3537.0431277245425,3483.047187672104,3530.2608122209094,2389041
2022-01-19,3431.877197265625,3517.2216312846267,3428.2390800444996,3517.2216312846267,3102539
2022-01-20,3354.64208984375,3436.5673581650203,3341.0097453997178,3427.8006047003137,6176776
2022-01-21,3360.734375,3376.558405146631,3306.0299282011783,3337.502482229034,3112358
2022-01-24,3306.249267578125,3374.8927679681947,3278.8531661989327,3366.4329374751173,3258414
2022-01-25,3304.978271484375,3339.606947339262,3263.160900663494,3304.6276869619614,3330501
2022-01-27,3199.206787109375,3272.9789152761805,3178.0351678763395,3270.8749805316374,5718297
2022-01-28,3234.975830078125,3269.823674292716,3196.358239154663,3196.358239154663,3143862
2022-01-31,3275.47802734375,3294.545714756189,3262.459313773471,3286.6556372062146,2739393
2022-02-01,3331.93603515625,3338.3796844983467,3275.6096447337136,3305.0660216803485,2105169
2022-02-02,3380.635009765625,3387.473119428021,3331.9356574912495,3355.8250577253107,1984212
2022-02-03,3352.932373046875,3403.691786320848,3345.436756570653,3376.076514905753,1960538
2022-02-04,3344.428955078125,3353.020416951561,3304.189639142369,3344.779753663376,2307366
2022-02-07,3312.956298828125,3359.2448022267936,3292.9241805536844,3323.4764035081826,1919149
2022-02-08,3281.79052734375,3331.1035192552076,3262.1092071561716,3323.958700262203,2946443
2022-02-09,3296.781005859375,3312.03506891022,3284.1130918732606,3287.532039581612,1638721
2022-02-10,3305.37255859375,3322.423849111696,3294.5455338263955,3322.423849111696,2112459
2022-02-11,3239.27099609375,3289.7236967950407,3234.9314966485545,3289.7236967950407,3851488
2022-02-14,3273.286376953125,3325.4485569139447,3252.4653387334697,3264.738792841898,5951745
2022-02-15,3346.970947265625,3362.0497193674596,3285.7789695408705,3319.092630384668,3931683
2022-02-16,3342.850830078125,3378.794519077385,3336.6263495410367,3369.9400125159605,3256906
2022-02-17,3317.514404296875,3362.049549347574,3312.9557358499305,3353.2827969372806,3134372
2022-02-18,3326.01806640625,3345.348798016269,3294.1949268123303,3304.1889388122663,3688883
2022-02-21,3260.706298828125,3355.738037741911,3248.5644733234813,3340.1331732860235,7465922
2022-02-22,3144.108154296875,3215.5571899740557,3129.730765245821,3199.864787996428,5408531
2022-02-23,3124.29541015625,3176.10679085941,3117.150378194761,3165.6744406252515,2426203
2022-02-24,2982.14306640625,3054.2059622202823,2972.894311300943,3045.5706231135828,5039136
2022-02-25,3086.5546875,3094.663934353476,3035.050011538735,3040.3100635518003,2549723
2022-02-28,3115.87939453125,3124.2516866839496,3029.7021673541517,3059.59688152283,3288942
2022-03-02,3108.822265625,3131.440532889471,3073.623835269187,3114.389239815684,2761341
2022-03-03,3107.287841796875,3137.27030822549,3094.7515562563644,3123.4626722767534,1928039
2022-03-04,3089.710693359375,3122.016049893525,3057.010661712767,3069.6785770495417,2370257
2022-03-07,3055.125244140625,3110.443533520385,3008.3547517838224,3024.5293660217944,3054130
2022-03-08,3155.987060546875,3163.9210144590907,3033.296400672888,3033.296400672888,3300992
2022-03-09,3184.61083984375,3203.3716060011575,3153.4449895405287,3160.414515499226,2719654
2022-03-10,3174.3974609375,3229.671882735904,3169.1812855836843,3229.671882735904,2005441
2022-03-11,3155.285888671875,3190.9667453797583,3149.763005387988,3158.880343092492,1623423
2022-03-14,3193.72802734375,3198.418325678582,3138.497485009779,3138.497485009779,1765688
2022-03-15,3150.68310546875,3207.7547500396386,3143.231365819847,3207.7547500396386,3651133
2022-03-16,3205.036865234375,3215.6447210556885,3170.2767782218198,3191.5361524000095,3090475
2022-03-17,3219.809326171875,3252.465482294645,3208.8947610929595,3240.7181184565948,3600452
2022-03-21,3179.4384765625,3255.9284015121616,3169.18141768512,3240.1921216498486,2413831
2022-03-22,3244.531494140625,3253.3421239439754,3177.948046159232,3191.0981760054083,2907611
2022-03-23,3254.569580078125,3269.823860038966,3234.932137269589,3250.7122940367576,1596195
2022-03-24,3287.401123046875,3294.7212337472197,3239.3153948341424,3243.6987715524565,1879046
2022-03-25,3250.22998046875,3313.3944821827617,3219.1518821471363,3296.21155972623,1690133
2022-03-28,3250.44873046875,3255.0951520270414,3209.683331985244,3239.314997775362,1760990
2022-03-29,3248.38916015625,3262.9857194193837,3235.8087830136874,3239.0963156434086,2689063
2022-03-30,3271.357177734375,3277.0116896090785,3249.1333772121,3277.0116896090785,1583455
2022-03-31,3278.7216796875,3291.608763532692,3261.4073428596666,3278.765556258031,2168110
2022-04-01,3295.203125,3298.9289948453606,3268.289237394038,3285.7788659793814,1387014
2022-04-04,3305.37255859375,3313.832389000472,3276.223107023838,3298.0522347671367,1472994
2022-04-05,3344.341064453125,3362.5759539750275,3306.8193178283004,3306.8193178283004,2314947
2022-04-06,3292.22265625,3339.5192456312348,3271.0069428753104,3339.5192456312348,2051729
2022-04-07,3229.8037109375,3283.5878343659406,3225.288918070297,3283.5878343659406,2494829
2022-04-08,3231.1181640625,3248.081916364023,3193.2897112971536,3234.9317871479743,2296773
2022-04-11,3240.542724609375,3254.525867868103,3205.2128787232596,3234.932087901723,2291660
2022-04-12,3235.896240234375,3277.8889009048767,3198.4183716829752,3228.7950847907623,4483476
2022-04-13,3210.341064453125,3252.3339396432675,3204.730428159187,3249.835329431341,1621672
2022-04-18,3092.954345703125,3164.7978439809913,3088.0887549648314,3164.7978439809913,3820792
2022-04-19,3043.728759765625,3124.0761760326986,3015.0176449045566,3112.1971834135416,3170014
2022-04-20,3118.158447265625,3128.9852577507763,3050.8297479526764,3068.363252251255,2640370
2022-04-21,3181.14697265625,3194.6040208706886,3127.4506235129106,3138.496815235199,2280996
2022-04-22,3167.033203125,3170.9343651637614,3131.045641465959,3139.461809441389,1581465
2022-04-25,3110.618896484375,3142.0039113968096,3097.381229406358,3119.2103562360066,1960694
2022-04-26,3108.95361328125,3145.4231768034088,3084.275075531486,3134.2455668934876,1943469
2022-04-27,3122.01611328125,3128.3720093644906,3073.886723725813,3108.690691195903,1727648
2022-04-28,3142.267333984375,3159.8883791702183,3101.721101186624,3145.510989801784,1703660
2022-04-29,3109.30419921875,3176.4137352800244,3100.669076056526,3153.4010089842677,2051115
2022-05-02,3105.534423828125,3110.4000144347265,3062.007581823019,3085.8092300435665,1324161
2022-05-04,3050.61083984375,3108.208363580262,3037.9429247118774,3102.1155131222386,2305825
2022-05-05,3080.1103515625,3097.2932699209764,3055.5197851087237,3078.9708451060023,1612262
2022-05-06,3009.27490234375,3046.007501815443,3002.173748731324,3032.419038359366,2010812
2022-05-09,3020.234619140625,3029.7902957452734,2934.1012578683526,2978.943120643067,2481830
2022-05-10,3014.6669921875,3037.504425076492,2999.982681865685,3010.5027847828064,1622685
2022-05-11,2991.216064453125,3023.1708356998556,2965.047221652753,3011.379595954421,1841769
2022-05-12,2988.278564453125,3024.26612096296,2936.9494073636065,2961.408557617447,2807195
2022-05-13,2993.75830078125,3015.6751825815522,2965.047185622854,3011.3795593615127,2187823
2022-05-16,2960.357421875,3006.9965085895665,2951.41537593867,2993.8463780855304,1195813
2022-05-17,3025.932373046875,3039.4330862596703,2937.2126666815007,2954.3955871632793,1754076
2022-05-18,3023.4775390625,3063.9798913868717,3018.4366565516343,3037.679634808444,1866781
2022-05-19,2859.6708984375,2985.079340558719,2831.661165933822,2978.0659382901526,4642963
2022-05-20,2886.891845703125,2905.214274385835,2866.772189797455,2901.795326230593,3065125
2022-05-23,2912.095947265625,2927.130841857703,2864.097978389944,2897.2363449132604,2293690
2022-05-24,2882.50830078125,2914.813870239504,2871.6376129969626,2906.3099488564503,1711510
2022-05-25,2795.70654296875,2906.2058140394383,2783.7035752705465,2906.2058140394383,3548046
2022-05-26,2848.04345703125,2860.8850480046017,2807.0918029068916,2816.3147271888583,2813186
2022-05-27,2878.35986328125,2893.8931509887725,2850.0289426919717,2871.210874953486,3103153
2022-05-30,2978.929931640625,2988.9473068380908,2900.468608772178,2909.8680052200993,2094624
2022-05-31,2969.310302734375,2986.123291775877,2934.5806678887907,2960.307807704976,4840965
2022-06-01,2961.233642578125,2990.1823220850274,2947.862636034561,2990.1823220850274,1493835
2022-06-02,3021.0732421875,3029.0164671888692,2953.3793566594723,2961.0577643993756,2657939
2022-06-03,3036.209716796875,3068.9977170114703,3028.3106631264545,3053.1993941968394,1913622
2022-06-06,3028.08984375,3047.550788928705,2980.6069647315944,3016.6604681605313,1084210
2022-06-07,2967.853515625,3017.4105418438976,2961.9402691478545,3001.7005652596245,2308256
2022-06-08,3004.43701171875,3013.0863456965512,2953.5563204177347,2983.2550748623253,2185707
2022-06-09,3024.692138671875,3033.429600648325,2959.381172582851,2987.535408261443,1279197
2022-06-10,2965.382568359375,2994.5960733606303,2958.4102675817367,2984.887686444342,1527582
2022-06-13,2841.556396484375,2906.337722015469,2817.5942055078235,2903.6899803920114,3030921
2022-06-14,2833.569580078125,2858.5906142622416,2801.928975005278,2815.432503146479,2611493
2022-06-15,2829.818359375,2854.265800096779,2825.1406388713017,2840.585800127237,1404536
2022-06-16,2773.068603515625,2863.842116144225,2765.1695492197227,2859.5615134916056,2032028
2022-06-17,2726.203369140625,2752.5484885593214,2668.7916684356446,2728.939455430997,5240434
2022-06-20,2746.944091796875,2770.2001794932535,2708.6401755045144,2730.7046930632023,1502769
2022-06-21,2834.804931640625,2857.5755559549466,2758.4175317802415,2762.4774890399144,2964461
2022-06-22,2844.513427734375,2868.8727412761314,2809.2543718174775,2824.169899477694,3336315
2022-06-23,2920.28271484375,2928.40241322025,2844.5130845990975,2844.5130845990975,3692578
2022-06-24,2906.42626953125,2952.232116631172,2892.6579259368214,2946.9366330138964,2132118
2022-06-27,2925.490234375,2968.0305814736325,2918.253115652628,2956.6453765118113,2037686
2022-06-28,2928.534912109375,2938.9935790531804,2888.3335356818407,2918.694224002663,1400046
2022-06-29,2904.131103515625,2941.6407743557447,2886.920783953688,2886.920783953688,2133994
2022-06-30,2883.479248046875,2922.136107068585,2872.7999362877504,2887.80380692274,2719603
2022-07-01,2925.84326171875,2941.641369502859,2870.1965074487266,2877.2129806718635,1502879
2022-07-04,2855.1923828125,2928.3582275862204,2846.3665769061995,2923.106916166727,2622535
2022-07-05,2838.64404296875,2887.80373957271,2830.3918281224514,2872.7998692876445,2170627
2022-07-06,2877.875,2884.7150003833476,2826.24402936441,2840.585965652074,2182144
2022-07-07,2901.792724609375,2929.6379702823137,2881.669843746481,2886.921155244726,1989921
2022-07-08,2882.0224609375,2916.928562932089,2868.3866352584837,2912.5156604163067,2136916
2022-07-11,2748.17919921875,2846.3221075534384,2741.295028235963,2829.685378967849,6974600
2022-07-12,2722.49658203125,2767.949487076794,2718.569141097803,2749.1504754874695,3734815
2022-07-13,2681.941650390625,2744.825514673745,2678.631973323092,2739.530031365693,3863530
2022-07-14,2653.624755859375,2705.170780712667,2625.528853900714,2704.285870414756,4764908
2022-07-15,2649.952392578125,2680.304642138172,2613.140038767697,2671.145950429042,4574806
2022-07-18,2710.9228515625,2722.824852536626,2667.385305641953,2675.083982462359,3202795
2022-07-19,2720.434814453125,2724.593848622174,2681.3218321110585,2681.3218321110585,1865074
2022-07-20,2800.564208984375,2806.8912313215537,2741.496445439905,2750.1243210138164,3402251
2022-07-21,2811.62548828125,2817.5543439749486,2782.202221341185,2802.5108691484493,2420640
2022-07-22,2806.050537109375,2829.058204711029,2781.7155040691646,2818.439281202573,2075886
2022-07-25,2802.289306640625,2819.7219939415763,2786.670728413376,2800.7407138288713,1797504
2022-07-26,2757.292236328125,2804.1924876537432,2740.1250609391755,2800.4759071723042,2639367
2022-07-27,2821.845947265625,2826.49172576554,2752.070692330837,2756.4952432831374,1389808
2022-07-28,2885.249755859375,2888.346941611716,2833.1727032922854,2845.871251293897,2106333
2022-07-29,2921.88525390625,2935.513002248576,2898.081253084199,2911.3549076784775,2430257
2022-08-01,2919.14208984375,2944.0965166592227,2894.5415407250725,2944.0965166592227,1306913
2022-08-02,2912.94775390625,2931.6192315155813,2895.116681826572,2911.3548721658553,1269114
2022-08-03,2955.157958984375,2963.5646068688943,2899.895353730968,2902.5057959181763,2895824
2022-08-04,2968.830078125,2997.9878323495136,2926.708473067324,2964.4498148906173,2150567
2022-08-05,2977.76708984375,2988.341723447563,2968.8736991905753,2974.360099181766,1106933
2022-08-08,2986.085205078125,2990.023012291132,2952.0604508243423,2977.72284682971,1068836
2022-08-10,2968.21044921875,2995.4214416353784,2951.175925510779,2995.4214416353784,1878359
2022-08-11,3028.605712890625,3034.092113924601,2986.6167594368567,3008.6952297525563,1449248
2022-08-12,3010.06689453125,3025.508537188174,2992.10317091767,3025.508537188174,1472354
2022-08-16,3002.2353515625,3021.8362457691064,2997.633860873879,3018.429254447469,839942
2022-08-17,3009.6689453125,3024.5795564097702,2983.121632452877,2995.5103784540343,1622326
2022-08-18,2992.10302734375,3001.6158133086874,2975.068503639094,2999.845992664048,1430659
2022-08-19,2996.084716796875,3027.720256522339,2983.2535188662678,2997.190854549514,1398410
2022-08-22,2968.4755859375,2994.624725831893,2962.148348315227,2977.7228544165578,1536532
2022-08-23,2906.576416015625,2957.2816026427063,2893.6566394043225,2937.8578650454288,1849256
2022-08-24,2880.69287109375,2927.2833126117357,2876.135453360613,2913.1247476172416,1691923
2022-08-25,2847.818603515625,2900.868938739498,2844.765705846881,2898.9664677982364,1946930
2022-08-26,2851.3583984375,2882.153325194302,2846.5799684418707,2862.065901260692,1457962
2022-08-29,2772.025634765625,2781.0073873469664,2726.4084683684146,2765.3445191987325,2539173
2022-08-30,2841.57958984375,2855.1630492052304,2780.476707184959,2791.8919635030225,3431525
2022-09-01,2771.273681640625,2822.8639979144714,2761.805184166478,2822.8639979144714,3546935
2022-09-02,2770.12255859375,2798.970714978602,2761.1850959899534,2798.970714978602,2052900
2022-09-05,2772.77783203125,2785.653320032453,2754.0620657083778,2764.1499566547036,2147912
2022-09-06,2767.158935546875,2779.3707415075887,2748.841334627087,2774.636384748224,1936453
2022-09-07,2787.11328125,2797.9975039888873,2744.9914688760246,2744.9914688760246,1291534
2022-09-08,2804.85595703125,2817.1120515885295,2796.405236165702,2805.165762065538,1346113
2022-09-09,2847.33154296875,2861.3574576535334,2803.838288101197,2827.2884110725345,1561185
2022-09-12,2869.7197265625,2893.4796538091186,2853.83563037096,2867.0207070213914,1785928
2022-09-13,2857.684814453125,2887.8601223695387,2853.8353687015865,2887.8601223695387,1972678
2022-09-14,2761.273681640625,2779.8567957058763,2755.433403988491,2774.193456883954,5090269
2022-09-15,2747.0712890625,2776.627205727724,2743.221842962614,2769.769151120317,2138023
2022-09-16,2662.4296875,2738.2223874832284,2654.7310107772587,2721.9841963836157,5322221
2022-09-19,2680.216796875,2691.897571531114,2643.9354686590973,2686.5881088653723,2072220
2022-09-20,2690.392578125,2725.4791818403546,2681.277959674037,2698.976164028321,1544295
2022-09-21,2655.79248046875,2691.3658277213344,2653.093461118295,2679.5081173179838,2253818
2022-09-22,2661.279052734375,2681.2338224800474,2636.413203836875,2645.881700493006,2017983
2022-09-23,2638.846923828125,2674.6415038891964,2636.1479040813615,2658.2706625916117,2652374
2022-09-26,2649.775146484375,2677.605746474014,2589.3359496927173,2619.2016704081934,2925489
2022-09-27,2670.17236328125,2676.853478808768,2633.4928770032707,2663.0487926332676,2227447
2022-09-28,2686.27783203125,2698.9320923707896,2637.0326608719206,2637.0326608719206,2739767
2022-09-29,2652.34130859375,2704.152842506657,2645.881421112963,2702.5156722672205,2493902
2022-09-30,2658.757568359375,2672.1638744157713,2610.574240599038,2646.634339166177,2817353
2022-10-03,2641.412353515625,2673.04788951552,2631.72263115213,2650.3057432080122,1763331
2022-10-04,2735.390625,2741.45234749849,2675.0840692343236,2681.234153144955,2145875
2022-10-06,2744.947509765625,2764.459825429553,2736.54086176896,2752.955991328854,1790816
2022-10-07,2712.160888671875,2747.6458702244654,2706.143672804583,2740.920467023661,1939879
2022-10-10,2759.63720703125,2767.1146562581002,2659.1555938777074,2663.580145614609,3064063
2022-10-11,2716.2763671875,2783.0428039660296,2701.940863997202,2743.22184174712,4730645
2022-10-12,2743.885986328125,2751.9828302585565,2709.6399962637565,2729.860069746357,1665247
2022-10-13,2746.14208984375,2752.0709454566427,2701.0559547014504,2743.8855254420205,2054781
2022-10-14,2742.469482421875,2787.467254518983,2717.5593455961257,2783.0427033213336,2245977
2022-10-17,2760.745849609375,2775.5176496549793,2724.9916301054623,2726.056227267023,1517005
2022-10-18,2789.979248046875,2799.4280629231534,2775.6510472338673,2794.6814538133085,1793722
2022-10-19,2769.70703125,2802.666443942167,2760.9680194833886,2802.666443942167,1194289
2022-10-20,2801.157958984375,2803.5533568233523,2754.7573332077563,2754.7573332077563,1587601
2022-10-21,2783.50244140625,2803.9080505555708,2774.27564390983,2801.6014594822955,1021913
2022-10-24,2805.061767578125,2819.523178997157,2799.1175675695504,2812.5143817126964,260949
2022-10-25,2805.41650390625,2825.067906352721,2795.701486132634,2821.7409048142667,2069643
2022-10-27,2801.246826171875,2815.974441397047,2780.7970275331877,2804.1746311987695,2438421
2022-10-28,2806.43701171875,2819.966819488832,2790.245602420128,2794.6816049676954,1355739
2022-10-31,2832.964111328125,2838.154320749786,2819.345713992005,2838.154320749786,1919414
2022-11-01,2892.007568359375,2894.580579896571,2842.1025377869346,2851.90614711306,2991060
2022-11-02,2876.03759765625,2901.1454132070917,2858.6041958047094,2901.1454132070917,1405955
2022-11-03,2845.0302734375,2863.92768787321,2834.6056673057806,2863.92768787321,1422652
2022-11-04,2854.478515625,2856.8297266750774,2809.0094945626156,2854.1237221012757,1464013
2022-11-07,2868.93994140625,2877.013551831129,2834.6941353155285,2864.7701427720986,1474498
2022-11-09,2853.28125,2883.2242672806515,2840.5054326659097,2883.2242672806515,1162267
2022-11-10,2844.053955078125,2861.221369938422,2812.4253465751312,2812.4253465751312,1573092
2022-11-11,2941.91259765625,2964.669421548433,2887.8821712205927,2900.790982443406,3265394
2022-11-14,2959.257080078125,2971.2342860685476,2935.746268319147,2949.054274975172,1342074
2022-11-15,2956.684326171875,2963.2051195621743,2920.663901019243,2946.3927142420735,1400708
2022-11-16,2976.8681640625,2988.002356606377,2946.7919383664444,2962.273543145715,1748235
2022-11-17,2971.234619140625,2980.9938251157064,2943.5096021659624,2963.249814251922,1417986
2022-11-18,2966.31005859375,2983.433069198455,2946.3924534408056,2972.121264386239,1164540
2022-11-21,2913.122802734375,2957.660223917546,2903.8071976091396,2947.723621770964,1304194
2022-11-22,2941.025390625,2944.5741927896725,2888.0595616376004,2910.017775031512,1149739
2022-11-23,2935.12548828125,2954.3776960130094,2919.776876149794,2954.3776960130094,1150011
2022-11-24,2998.87060546875,3010.2268148938447,2935.125381162029,2942.178581633321,1296591
2022-11-25,3007.298828125,3019.4536472052473,2970.3470171361205,3001.3990319508653,1588981
2022-11-28,3012.26708984375,3031.5636981065,2985.9172818811535,2986.316478731776,2195437
2022-11-29,3014.130859375,3042.2106699945516,3001.3994449085935,3001.3994449085935,1576028
2022-11-30,3008.319580078125,3029.7009827453585,2994.301768478687,3001.3993726706362,3410702
2022-12-01,3083.598388671875,3087.4577975595,3034.2257665670945,3038.661769149795,2180856
2022-12-02,3051.215576171875,3077.6097915939044,3028.015369256716,3068.0281992766704,2411749
2022-12-05,3039.460205078125,3051.2156120851228,3022.692201723914,3045.7594154734948,1475065
2022-12-06,3003.484130859375,3023.534731073787,2988.0911164070485,3016.525934157563,1166999
2022-12-07,2999.27001953125,3010.892215820277,2975.6704001996686,2988.3574103425613,1167505
2022-12-08,2972.609619140625,2999.270036952731,2962.7616071469197,2980.993620377601,1285619
2022-12-09,2921.3291015625,2993.502940359297,2906.77910172055,2993.502940359297,1797896
2022-12-12,2915.739990234375,2924.212798185376,2871.0695757813564,2888.281178547479,1527610
2022-12-13,2956.240478515625,2960.099670215043,2899.1934506517446,2907.5330475990972,1378016
2022-12-14,2985.740234375,2996.076033369137,2964.0480092678117,2971.0570230498492,1213311
2022-12-15,2932.286376953125,2985.2077986532413,2926.829964070142,2979.928999146625,1415694
2022-12-16,2874.75146484375,2920.6640914329523,2861.399053790707,2905.581682698335,2703680
2022-12-19,2840.860107421875,2879.4089217974597,2834.1617010266477,2862.9957142629496,2120965
2022-12-20,2878.033935546875,2882.514341262833,2806.7916941337708,2838.06551085569,1529971
2022-12-21,2899.859130859375,2912.723537635871,2874.5295141963525,2882.5143184024537,1432566
2022-12-22,2892.007568359375,2922.438590322109,2879.0545703851453,2922.438590322109,1384101
2022-12-23,2864.19384765625,2898.3510672263396,2854.1240352462114,2854.1240352462114,1360281
2022-12-26,2885.974609375,2902.9202266787493,2861.2662037880355,2864.1940089506857,870157
2022-12-27,2891.830078125,2904.5170888075672,2866.9884637094456,2900.4358797986224,835883
2022-12-28,2889.700927734375,2897.685732490091,2862.108904660057,2883.2243205566224,910795
2022-12-29,2900.036376953125,2902.476178111556,2863.8829597872846,2866.6333677338184,1037927
2022-12-30,2889.345703125,2926.874326011963,2880.0300982680355,2915.385123342042,1163131
2023-01-02,2893.5595703125,2898.3505822166803,2870.270560866437,2893.1603734708974,709547
2023-01-03,2937.8310546875,2945.5052513070204,2879.2314264729434,2885.175625677841,1245178
2023-01-04,2940.7587890625,2952.0264076914345,2915.517980403362,2933.705589035318,1231668
2023-01-05,2937.609375,2960.853982507191,2911.7473529923486,2954.55477293235,1826057
2023-01-06,2849.288330078125,2929.136361654218,2839.04112270553,2927.761157790078,2488376
2023-01-09,2945.461181640625,2951.7159883266663,2857.805731152668,2864.7703415409696,2885060
2023-01-10,2915.695556640625,2925.9871687992077,2865.7463431410715,2914.4535626153415,3864655
2023-01-11,2953.22412109375,2971.6779339396694,2902.1656914177715,2918.978313377468,2720512
2023-01-12,2958.236572265625,2972.1211710959064,2941.557162373175,2953.4899637547082,2250391
2023-01-13,2993.90234375,2997.8503424610212,2932.1975086811703,2965.8223193412623,1742837
2023-01-16,3025.206787109375,3042.4013462974403,2992.5415773071954,3009.736136495261,1843607
2023-01-17,3065.447998046875,3068.533178172047,3013.3652308156584,3021.5315322541833,1688475
2023-01-18,3075.97412109375,3093.168681388935,3059.868356890383,3066.900451120022,2421189
2023-01-19,3060.6396484375,3073.2519608477514,3049.6604193709163,3066.9003919886036,1585044
2023-01-20,3051.565673828125,3080.1929219636927,3044.7604221587917,3053.289582307642,1529349
2023-01-23,3098.567138671875,3102.2874315724907,3044.760458713778,3074.1590576682065,1067916
2023-01-24,3117.9853515625,3132.1855568902733,3100.745378091647,3107.732059877436,1387863
2023-01-25,3112.041748046875,3116.8054244598047,3089.58441638592,3108.004009487608,874110
2023-01-27,3095.074462890625,3126.7868974204284,3068.9876598433707,3108.6395561701647,1785879
2023-01-30,3115.580078125,3138.082820181694,3071.935865803959,3103.1946093031756,1953798
2023-01-31,3047.572998046875,3129.5082689944597,3040.5863175994305,3129.5082689944597,2820375
2023-02-01,3092.6240234375,3102.2873921912537,3044.2159113195835,3051.474846428542,2205161
2023-02-02,3139.851806640625,3147.655249284631,3103.2851039108023,3109.545845862908,1813847
2023-02-03,3159.72412109375,3179.4139405185306,3133.0473986092443,3179.4139405185306,1804469
2023-02-06,3139.444091796875,3151.4212906880075,3118.4840491186737,3151.4212906880075,1138714
2023-02-07,3150.877197265625,3169.4328073868965,3140.759922695128,3147.5651749297117,1455647
2023-02-08,3194.0224609375,3211.988149167831,3155.867636723843,3155.867636723843,1986946
2023-02-09,3212.850341796875,3218.9750686870316,3180.5934025370234,3189.394817614889,1655427
2023-02-10,3209.855712890625,3214.2111181684145,3183.17899401736,3193.9313800289237,1187821
2023-02-13,3159.814697265625,3220.2454270252683,3151.6483944075726,3220.2454270252683,1087939
2023-02-14,3175.875,3198.332330949659,3171.2473401639604,3180.32100923453,1579818
2023-02-15,3194.520751953125,3199.3752528157324,3139.6250619941484,3163.987948544657,1429449
2023-02-16,3228.45654296875,3243.8363661901417,3200.282759035701,3200.464188093824,1618931
2023-02-17,3176.827392578125,3211.0804915355684,3166.7103407014015,3199.5115640731206,1061369
2023-02-20,3164.260498046875,3195.746083812349,3153.145254001815,3177.5987465959242,1296082
2023-02-21,3131.322998046875,3183.859450029968,3125.6519552367354,3170.339772580638,1139541
2023-02-22,3086.45361328125,3127.693390442905,3080.510316377622,3098.61223991111,1218430
2023-02-23,3097.5693359375,3132.5935672666674,3092.3065633263427,3104.1023336676694,1441570
2023-02-24,3085.455322265625,3115.8521093908926,3068.986703821226,3105.462804066529,977592
2023-02-27,3023.21044921875,3075.9737450556004,3008.8285954585162,3075.9737450556004,1128022
2023-02-28,3005.970703125,3077.7887089468877,2994.2201238468547,3020.170907349562,4116217
2023-03-01,3072.072265625,3075.066620891651,3007.921465994636,3015.180401659178,1669307
2023-03-02,3013.773681640625,3057.7355627061675,3010.6433102071874,3049.660086077865,1556538
2023-03-03,3032.556396484375,3046.9382514091512,3022.5301687973756,3043.3087835694737,1043190
2023-03-06,3059.505126953125,3089.5388380017994,3047.845373843557,3050.4766492061635,1334132
2023-03-08,3076.3369140625,3081.4182577501183,3022.3033877346093,3052.3825144497637,1844590
2023-03-09,3027.747802734375,3071.437437196996,3022.303600482327,3071.437437196996,1648500
2023-03-10,3022.439208984375,3028.110252231494,2985.2371652832767,3006.0157791306688,1024404
2023-03-13,2977.93310546875,3057.6453856745457,2968.9048480506426,3024.2542354990196,1901233
2023-03-14,2917.139404296875,2998.3033356920723,2912.103473293845,2976.1636701703733,2670334
2023-03-15,2902.575927734375,2958.333801726604,2896.3151846482865,2948.942465572347,1780522
2023-03-16,2889.96337890625,2921.539789172319,2878.167610012755,2910.8328161793565,1901060
2023-03-17,2884.790771484375,2922.9907736979076,2852.7606851356963,2858.658568231556,6739966
2023-03-20,2852.126708984375,2876.0356962978067,2808.346251639935,2876.0356962978067,2289468
2023-03-21,2818.372314453125,2864.3303576607777,2810.523458137798,2852.1263176035486,1815297
2023-03-22,2840.7841796875,2852.307694383167,2818.372262786457,2840.103654549664,1123939
2023-03-23,2835.2041015625,2854.894141943843,2813.7449614277098,2826.357273644435,1372218
2023-03-24,2831.438232421875,2876.35289113198,2818.2814132037633,2857.207362142478,1329577
2023-03-27,2833.071533203125,2860.700809218684,2818.2814093833103,2844.595047783863,1524217
2023-03-28,2827.26416015625,2857.79718628707,2822.046800988624,2837.336020376838,1303530
2023-03-29,2848.1337890625,2858.2056499628916,2816.55759910205,2839.150945629806,1740616
2023-03-31,2908.92724609375,2915.369639228699,2860.0202623245746,2894.4547893885947,2382581
2023-04-03,2903.57421875,2926.21297968179,2879.7558364868164,2926.21297968179,1521830
2023-04-05,2939.687255859375,2961.9631570208894,2890.4171900754327,2890.4171900754327,2655065
2023-04-06,2922.3564453125,2955.611574142893,2917.1844984383324,2926.258167173755,1703464
2023-04-10,2961.100830078125,2968.904273441099,2917.1843640321313,2921.7211981908126,2203187
2023-04-11,2916.096435546875,2969.767110998651,2896.4518048813256,2961.6462197440314,2348779
2023-04-12,2941.365478515625,2958.8777019410077,2902.6663733700425,2928.9345977455678,2417727
2023-04-13,2893.45703125,2930.7950906210835,2885.4267455650293,2912.6477525986616,4174070
2023-04-17,2848.6787109375,2870.3646937373487,2785.8435458690424,2843.779017722726,5505048
2023-04-18,2840.738525390625,2864.4208867828047,2822.455173519428,2862.696756998552,2617302
2023-04-19,2803.40087890625,2849.1320823181222,2786.9774493121377,2840.738938445051,3298034
2023-04-20,2817.1923828125,2824.632745997743,2792.8749091490695,2803.763310354329,2419999
2023-04-21,2868.051025390625,2871.317413624094,2813.5635935937275,2821.9113255572283,1929184
2023-04-24,2880.708740234375,2886.288958566477,2836.565203622376,2859.204187054987,1640676
2023-04-25,2881.797119140625,2895.5890509725477,2855.937163883853,2888.1486870984286,2024090
2023-04-26,2901.8955078125,2911.196019002823,2886.3342533089885,2886.3342533089885,2000029
2023-04-27,2892.64013671875,2902.8480138926443,2876.942645737427,2889.963448787062,2434446
2023-04-28,2921.041015625,2928.299951130164,2900.1715760476527,2903.937060230904,2931312
2023-05-02,2921.177001953125,2935.3320146523815,2912.647841432502,2935.3320146523815,2321159
2023-05-03,2885.3359375,2918.091971436183,2879.2112108808474,2918.091971436183,2468285
2023-05-04,2922.3564453125,2925.7590710882832,2883.611924117269,2885.5626742853387,1953253
2023-05-05,2931.429931640625,2943.497954612831,2912.69289547793,2921.721151002872,1710027
2023-05-08,2949.48681640625,2953.3431255778287,2931.9745916279403,2944.40547335836,928235
2023-05-09,2979.112548828125,2992.496211386631,2945.3131298244402,2951.3018403250803,1107375
2023-05-10,2982.3330078125,3000.2080880605745,2963.5051481943974,2985.2365370389502,1559987
2023-05-11,2978.1142578125,3003.112260846999,2968.9045721537977,3002.4771483059035,1719623
2023-05-12,2970.9912109375,2985.2368256484924,2958.015821159296,2975.3918070815257,1027479
2023-05-15,2953.524658203125,2987.0518206947813,2947.4453443068564,2979.792885529059,1150390
2023-05-16,2956.33740234375,2980.700292430745,2949.3507214579936,2954.5680811783823,986306
2023-05-17,2911.468017578125,2976.1633194055926,2901.9860781368707,2954.341101981148,1588815
2023-05-18,2903.4375,2929.841738749702,2899.0366827791768,2927.119638578078,1369364
2023-05-19,2924.307861328125,2934.8785984009746,2906.3419501972057,2912.648106621465,1152449
2023-05-22,2993.130859375,3001.9776857947654,2919.0444477620817,2930.7948036761345,1333243
2023-05-23,2991.634033203125,3019.671581346221,2985.3278776559046,2999.7549225207754,1687418
2023-05-24,2997.3505859375,3009.9174847895656,2972.5340122132757,2972.5340122132757,1016555
2023-05-25,2988.4130859375,2999.75517294956,2964.4586867780845,2988.866769417982,1374917
2023-05-26,3020.533203125,3029.380029282114,2986.1440905704612,2988.412507533824,1791115
2023-05-29,3012.77587890625,3059.6412922971313,3005.199276419958,3049.4788269717515,1210372
2023-05-30,3009.009765625,3018.763958815021,2995.535501435705,3007.9209697599713,1344224
2023-05-31,2984.783447265625,3019.444818885679,2962.68897442061,3002.477101991778,5815424
2023-06-01,3016.087158203125,3030.6050265939944,2992.0419386807475,3007.0134904588317,1177314
2023-06-02,2999.39208984375,3026.885129479105,2991.9969167513864,3018.1291275724834,2030661
2023-06-05,2984.239013671875,3018.8097823868075,2980.7457838991895,3007.9213792041683,1861468
2023-06-06,2932.8818359375,2984.193474251993,2922.265688378492,2976.1631892319806,2022849
2023-06-07,2971.53564453125,2975.119920852353,2940.7759965528526,2951.6643988850446,1567196
2023-06-08,2936.647216796875,2967.089417047442,2933.51684566189,2958.923115899605,1759366
2023-06-09,2912.01220703125,2948.9419901100723,2908.4281526098266,2944.4051562791337,1775689
2023-06-12,2946.129150390625,2952.934401335374,2913.5547711451322,2917.184238315665,2324605
2023-06-13,2943.225830078125,2962.552788439429,2938.961250154766,2958.015954153917,1371928
2023-06-14,2949.894775390625,2954.2501801820126,2927.0291771422044,2943.225541035836,1658544
2023-06-15,2940.068603515625,2968.5432011878183,2934.3096334323036,2966.577942883082,2273810
2023-06-16,2902.2236328125,2924.619450378722,2884.946948530458,2922.4256636412783,4156189
2023-06-19,2934.6748046875,2938.788322324805,2902.315221876412,2916.026947334096,1468186
2023-06-20,2950.489013671875,2954.87681041467,2926.127937589783,2937.9656824973704,1528452
2023-06-21,2978.369873046875,2981.294996829443,2947.06142983265,2970.8741736125958,1645987
2023-06-22,2960.361572265625,2987.007936549625,2952.68309515918,2980.015045726706,1529603
2023-06-23,2940.113525390625,2970.324844066426,2933.531719622913,2959.264187764596,1119505
2023-06-26,2915.706787109375,2937.8740756056604,2900.486861802617,2929.7385414678183,1978803
2023-06-27,2922.745849609375,2933.9892862063707,2908.988373447767,2926.9963953304227,863542
2023-06-28,2939.291259765625,2953.460043363007,2919.134977819985,2932.4811471226985,1575872
2023-06-30,3018.635986328125,3025.7203769387825,2938.056845619168,2943.4500343634077,2672406
2023-07-03,2991.2587890625,3033.76513982982,2988.0136359285348,3029.6516220136277,1687264
2023-07-04,3024.669677734375,3030.2913960326273,2995.8293032220745,3007.4385197427887,1656681
2023-07-05,3034.81591796875,3043.088702994408,3021.1499439460854,3034.861668351287,1453008
2023-07-06,3037.512939453125,3042.586322830739,3018.4080233653217,3022.567291654091,1848238
2023-07-07,3043.31787109375,3068.59306578827,3018.4082331911277,3018.4082331911277,1789326
2023-07-10,2990.938720703125,3039.2040404212626,2984.7684440589132,3039.2040404212626,1407431
2023-07-11,2991.35009765625,3012.009187727315,2980.7464966348984,3012.009187727315,1110172
2023-07-12,2979.923583984375,3006.661449392106,2970.9654349670614,2999.165750561899,1515240
2023-07-13,3053.64697265625,3078.2365774087834,2991.669929707117,3001.953723675249,4585146
2023-07-14,3212.794189453125,3222.1183409737173,3064.113474251122,3075.9969692288264,6306101
2023-07-17,3191.815673828125,3245.0171284101766,3178.4239767823524,3208.544024917349,2743228
2023-07-18,3196.5234375,3221.341572891563,3167.4087826530267,3177.464048629703,2600090
2023-07-19,3172.02490234375,3214.8055303533806,3149.720361723245,3199.4026028392373,2405370
2023-07-20,3174.08740234375,3188.3845460576213,3149.1129905127177,3164.7392268860317,1715404
2023-07-21,3087.020263671875,3148.058500877566,3078.542712080561,3119.7848549572223,3770223
2023-07-24,3111.261474609375,3128.399831677828,3090.503018591767,3098.659708565961,1680132
2023-07-25,3115.2939453125,3122.305243933692,3097.926465252558,3113.7818228908627,1272980
2023-07-26,3105.35009765625,3135.181959017552,3102.3256291018097,3116.393871751204,1066803
2023-07-27,3113.232177734375,3126.750437306845,3102.3718797194615,3111.44506274488,1701769
2023-07-28,3075.19775390625,3110.2994489526377,3052.8354343417113,3102.3260117822556,2599831
2023-07-31,3135.731689453125,3140.4974033773265,3080.2380509028217,3083.445773087776,2743678
2023-08-01,3163.776611328125,3171.062678801949,3129.8205341354496,3129.8205341354496,1956167
2023-08-02,3153.32861328125,3158.598443121832,3128.5376797292315,3148.1046527985704,1914899
2023-08-03,3116.02783203125,3146.5470692102185,3086.745948911386,3134.4035466974287,2026351
2023-08-04,3155.986328125,3181.1439908212683,3117.218668620236,3117.218668620236,2248493
2023-08-07,3193.104736328125,3196.7248358153356,3153.8788248995197,3165.5182312426314,1853889
2023-08-08,3180.77734375,3198.511330361983,3167.946455269771,3193.1041168607753,1634225
2023-08-09,3173.35400390625,3177.478218496164,3139.0314183474447,3175.5534955196863,1794589
2023-08-10,3154.657470703125,3175.5533110759743,3143.6136964143225,3161.89766861704,1096701
2023-08-11,3160.798095703125,3177.1573459356628,3128.90412489908,3150.9916746844083,1679974
2023-08-14,3161.7607421875,3166.48058757082,3126.1549303050842,3153.3747042088594,1190425
2023-08-16,3169.5966796875,3176.5621102267,3148.334104427348,3161.898234357217,1328445
2023-08-17,3148.837890625,3171.796063632933,3128.1709479820706,3166.4803644355306,1843241
2023-08-18,3085.9208984375,3125.238323326548,3076.205991860868,3125.238323326548,2526749
2023-08-21,3117.58544921875,3125.009125174637,3090.4115463271137,3093.1610227918177,1375579
2023-08-22,3099.714111328125,3126.15500170862,3084.0422284209553,3116.07358716192,1222012
2023-08-23,3114.46923828125,3117.9060836115095,3094.0772893217095,3105.0751943785403,1330046
2023-08-24,3104.846435546875,3128.033732845426,3096.0023753608025,3123.405402507195,1152881
2023-08-25,3098.93505859375,3103.059273411215,3070.477931602647,3093.1611130987044,1158046
2023-08-28,3093.664794921875,3110.5740285527827,3079.50503745056,3110.5740285527827,1037485
2023-08-29,3094.21484375,3106.4959726571,3083.9960459073914,3098.705789480217,944517
2023-08-30,3107.779052734375,3123.4970275682554,3100.5388541540133,3114.2403672286305,1188200
2023-08-31,3076.480712890625,3132.0199996616384,3064.4287075753277,3116.9896187870163,3417652
2023-09-01,3097.01025390625,3105.991921800439,3076.4809190792193,3084.912602177715,1277950
2023-09-04,3133.02880859375,3146.1805621005997,3088.624803095302,3095.9108718530606,1828332
2023-09-05,3142.972412109375,3159.148408891023,3120.7931233027793,3134.403121092921,1501842
2023-09-06,3143.475830078125,3156.30671811396,3114.331563399073,3147.2335367897917,1314818
2023-09-07,3166.709228515625,3171.0625658531403,3136.5108595249253,3144.3010421288996,1885092
2023-09-08,3154.47412109375,3175.645178451275,3148.1962843578217,3166.709380330092,1518917
2023-09-11,3189.98828125,3194.6166113129034,3157.3154259226967,3172.8957923205735,1783604
2023-09-12,3281.77490234375,3290.114846064527,3192.1419316903975,3200.3903604544553,4476016
2023-09-13,3269.90673828125,3289.153074204672,3248.964802311003,3272.8853378884464,1754929
2023-09-14,3262.7578125,3297.2636512739155,3249.514546133057,3271.922733688605,2604721
2023-09-15,3297.813720703125,3306.1080193423236,3264.9573878973515,3269.906579718022,2952897
2023-09-18,3305.0078125,3317.05981755895,3276.6882968344953,3281.0875035527256,1395753
2023-09-20,3304.91650390625,3322.283985091515,3281.0418390696896,3281.0418390696896,1649396
2023-09-21,3285.899169921875,3303.9540195360164,3233.3841278566065,3288.8777692460058,2004073
2023-09-22,3302.716796875,3330.3032996737925,3267.3403346720384,3284.707815901169,1989083
2023-09-25,3278.429931640625,3317.7017112878607,3261.47482621001,3301.6630980426844,1238778
2023-09-26,3286.265869140625,3294.743421558143,3240.716253874933,3269.6774954186676,1726062
2023-09-27,3289.565185546875,3312.2024959846676,3258.770961052586,3290.2066852753064,1541134
2023-09-28,3241.403564453125,3301.937914832368,3232.788627869385,3299.3716920990314,1755753
2023-09-29,3233.934326171875,3270.4564045061975,3212.8091371274368,3241.816024498274,2243791
2023-10-03,3220.415771484375,3239.066250983437,3189.484163912358,3239.066250983437,1948148
2023-10-04,3242.319580078125,3251.7136230986325,3186.9176833077663,3195.166111325773,1788138
2023-10-05,3289.611083984375,3321.3674464755695,3254.646775316749,3257.2129980061186,2990768
2023-10-06,3318.984619140625,3331.403132660782,3276.5053417710587,3291.123346974305,2075691
2023-10-09,3334.519287109375,3371.7746033230796,3327.782980338707,3340.659739733684,4233074
2023-10-10,3325.8583984375,3343.3634886605696,3300.609217759891,3336.0774205452512,1848148
2023-10-11,3308.44482421875,3345.196247840039,3303.954102318724,3345.196247840039,2426417
2023-10-12,3246.718994140625,3288.9691438839695,3242.640649221404,3276.4591167575277,4241281
2023-10-13,3272.656005859375,3278.2923429472667,3230.6347522754027,3235.217212916928,2890357
2023-10-16,3229.763916015625,3276.1382803907245,3225.227325030977,3268.2107135060846,1671104
2023-10-17,3214.18359375,3239.0203948649587,3210.7926178047637,3235.2170422343333,1672065
2023-10-18,3196.03759765625,3228.5272031563977,3193.0589978448274,3217.8042885858754,1408245
2023-10-19,3175.270751953125,3194.750838771474,3171.8250136242077,3187.9971019140276,1514545
2023-10-20,3211.014404296875,3215.562733635809,3164.6117987679113,3170.4464472402333,1481211
2023-10-23,3133.462646484375,3196.6805076496757,3125.3308381439233,3191.2133140425376,1106272
2023-10-25,3115.03955078125,3147.1078003867246,3103.1860758536272,3115.407006485019,1518537
2023-10-26,3066.01806640625,3099.9700309962845,3059.8157372092046,3094.778541475233,1984471
2023-10-27,3079.0654296875,3089.218915665749,3066.247329439799,3078.1925542772933,1108851
2023-10-30,3104.426513671875,3108.3776718312,3063.261381474391,3078.1929142674794,910972
2023-10-31,3095.42138671875,3123.2170073341836,3078.2386842955907,3123.2170073341836,999811
2023-11-01,3060.41259765625,3098.0402370916254,3042.357019784433,3082.787013402831,1563475
2023-11-02,3087.47314453125,3102.036995503541,3071.9442177455426,3071.9442177455426,1245384
2023-11-03,3079.02001953125,3113.0179735265256,3072.955654228553,3107.596767892487,1402598
2023-11-06,3105.98828125,3117.060631061004,3086.4624322812665,3101.164247975372,1099852
2023-11-07,3096.983642578125,3127.949299700163,3092.8947446003413,3103.921107326189,1191144
2023-11-08,3107.18310546875,3125.927832295336,3096.1567427867762,3097.902493811986,992899
2023-11-09,3075.85009765625,3116.3260865331913,3070.8883236510724,3115.0397671487226,2112352
2023-11-10,3062.985595703125,3075.8496851503864,3052.786345097661,3067.1664696398684,1338557
2023-11-13,3061.23974609375,3083.705913859629,3057.058872291712,3083.705913859629,1030990
2023-11-15,3128.08740234375,3136.081470807579,3083.7522335870945,3108.6075388652434,2059802
2023-11-16,3214.046630859375,3242.990829737397,3137.1835681286,3151.747643646015,3951984
2023-11-17,3218.273681640625,3238.534668324732,3209.1770219858477,3214.047043797082,2021292
2023-11-20,3234.03271484375,3247.172286071188,3207.9828396461726,3207.9828396461726,1475621
2023-11-21,3225.39453125,3251.9038322872334,3216.941032130206,3234.0319825306688,1807236
2023-11-22,3243.7265625,3246.023721722861,3198.656478013036,3216.0229120050813,1798051
2023-11-23,3223.602783203125,3256.4521524041547,3216.022159541349,3243.5880637659893,2729804
2023-11-24,3176.603271484375,3220.2033021073066,3172.835841192993,3210.738962666845,1989733
2023-11-28,3188.594482421875,3198.7939582765516,3154.4587888727906,3176.6034917170814,1689195
2023-11-29,3228.6572265625,3232.562397167378,3193.7863950865076,3198.564441313145,1441634
2023-11-30,3204.62841796875,3231.321223058578,3198.5638291631694,3215.5168157957996,3266235
2023-12-01,3226.72705078125,3231.597072394953,3206.879732976231,3216.022380305287,1172141
2023-12-04,3227.46240234375,3259.944320290129,3214.1848682091013,3257.049765355103,1625213
2023-12-05,3245.058837890625,3250.939475303679,3218.595520868006,3250.939475303679,1377656
2023-12-06,3311.6767578125,3319.7168152042755,3239.132289080572,3245.9780031254213,1896572
2023-12-07,3321.599853515625,3335.980203089425,3300.282263403626,3312.503193839517,1967653
2023-12-08,3332.442626953125,3349.257875970475,3309.792728580914,3338.231512592795,1641155
2023-12-11,3347.327880859375,3356.608492292705,3321.6916779737553,3328.950610165191,1102503
2023-12-12,3374.1591796875,3398.3251133631525,3336.3937952739866,3343.698716167012,2236866
2023-12-13,3301.982177734375,3353.851980623107,3273.910851221953,3347.92535555113,3850968
2023-12-14,3369.702392578125,3379.580175854481,3333.269542133453,3335.4747249461025,3290396
2023-12-15,3547.732666015625,3579.8469067429264,3369.1974082492507,3369.1974082492507,8531230
2023-12-18,3546.078125,3610.214844891434,3519.38509432448,3545.0675097062062,2521612
2023-12-19,3506.567138671875,3542.311066426432,3482.4929578140577,3533.0304545633385,2004435
2023-12-20,3473.3505859375,3582.4656444029156,3460.9459266593262,3516.7209053622064,2586083
2023-12-21,3480.196044921875,3497.8381819861793,3439.628304850481,3451.481556102388,1517562
2023-12-22,3513.734619140625,3533.9036315153803,3456.7650724913783,3491.681891405433,2413058
2023-12-26,3487.59228515625,3522.9225406782575,3482.6302878237593,3509.920712322704,1285231
2023-12-27,3501.97265625,3508.4047009886162,3462.2777964437796,3490.762566000509,1293976
2023-12-28,3491.589599609375,3526.598391456395,3484.422643209007,3513.7343014406606,1682889
2023-12-29,3485.6171875,3512.4481848321616,3459.889005984073,3484.3308681569797,1574996
2024-01-01,3501.881103515625,3521.0852627367144,3466.8723111444738,3482.4929921117296,825907
2024-01-02,3476.244384765625,3501.880811283447,3461.5885566534093,3501.880811283447,1344068
2024-01-03,3392.21435546875,3465.8154121881867,3387.8957418477744,3461.358834441872,1803075
2024-01-04,3369.288818359375,3417.2534494983192,3354.770729797893,3401.4030536919613,3598144
2024-01-05,3434.620361328125,3443.6712580495737,3376.686187429657,3376.823927244929,1963127
2024-01-08,3379.85595703125,3436.320079253609,3374.4345273007075,3434.620091894895,1067805
2024-01-09,3390.5146484375,3447.897858716544,3383.944863545508,3408.937908160742,1370944
2024-01-10,3411.7861328125,3426.671676512049,3388.7685574784305,3390.6062844618787,1292227
2024-01-11,3432.460693359375,3466.8720875812282,3406.227094795551,3421.847774755498,1777909
2024-01-12,3567.763427734375,3588.3918695130374,3511.5290234837503,3535.7869314092995,6813450
2024-01-15,3587.059326171875,3643.293726721728,3569.784647746258,3638.6994092857612,2801505
2024-01-16,3548.0078125,3582.6489229025124,3542.7243471738425,3582.6489229025124,1432672
2024-01-17,3569.4169921875,3592.710045684237,3503.2128367764412,3509.1394610705506,3458696
2024-01-18,3585.956787109375,3591.65369594661,3548.6508392529267,3581.7299252739276,2239110
2024-01-19,3648.365966796875,3667.33389806662,3622.4585484772238,3650.1701882508987,2941975
2024-01-23,3569.90380859375,3639.9000178846713,3555.5622006022504,3608.5336236676276,2618854
2024-01-24,3554.68310546875,3593.4053099998555,3521.1885578051592,3590.028183123641,2657709
2024-01-25,3525.537109375,3572.447997496506,3496.298646388011,3552.924816553991,2205154
2024-01-29,3516.93212890625,3534.51216322596,3498.288130235622,3516.7471210923645,1646747
2024-01-30,3516.515869140625,3560.234639498123,3503.978483467616,3522.900107152383,1411621
2024-01-31,3530.76513671875,3547.4662161180863,3512.7224681704183,3526.3701277133873,2459358
2024-02-01,3566.10986328125,3613.067060107317,3520.6794891794907,3534.512155183783,2363107
2024-02-02,3669.87890625,3686.626068543693,3582.62636463885,3585.4484682920206,2826510
2024-02-05,3676.355224609375,3721.4155819266507,3665.992302479133,3685.3302493321357,1691523
2024-02-06,3826.895751953125,3839.7568441271724,3691.807072121124,3698.2839266336173,4474396
2024-02-07,3778.226806640625,3844.4758674214854,3769.4830980416878,3842.625337521403,2124267
2024-02-08,3825.1376953125,3847.251435959756,3780.678671899335,3784.333423058057,2345173
2024-02-09,3824.768310546875,3872.002910542726,3793.586697705998,3827.4049545026455,2100596
2024-02-12,3812.73974609375,3848.7324649898974,3798.721619618426,3821.3445300582025,1013716
2024-02-13,3839.38720703125,3858.355139973566,3776.4691855640554,3817.1347639781625,1257415
2024-02-14,3793.67919921875,3807.372940800221,3746.8606988444094,3800.063437499442,1391283
2024-02-15,3796.547119140625,3836.425674906847,3777.8565874411574,3819.4935079493257,1091582
2024-02-16,3819.771484375,3837.9533038448403,3793.679281317608,3805.846426237156,1307556
2024-02-19,3797.1025390625,3819.7715328328027,3751.9497852480945,3814.913891310595,772291
2024-02-20,3729.41943359375,3791.7361242365173,3710.312800924459,3777.0245004960025,1193648
2024-02-21,3693.1953125,3759.6756942779607,3683.1100141804095,3713.088510350119,1885939
2024-02-22,3781.65087890625,3788.9140740170506,3674.2275161668267,3674.2275161668267,2982052
2024-02-23,3749.266357421875,3821.344409805824,3743.9921662615307,3821.344409805824,2538072
2024-02-26,3702.031494140625,3747.3231697416345,3685.0990998243196,3734.369460019071,1379284
2024-02-27,3797.6572265625,3815.7925092534197,3700.1343948846816,3700.1343948846816,2960475
2024-02-28,3811.120361328125,3844.3833662089555,3783.408494524996,3789.5153337368693,1939225
2024-02-29,3789.052978515625,3828.839375475597,3760.786086194176,3792.6614218354753,3772719
2024-03-01,3788.3583984375,3830.5966503717427,3781.3726033285243,3800.2481426498143,2043265
2024-03-04,3775.72900390625,3810.1488182185494,3771.287686534873,3798.2129895593343,1749271
2024-03-05,3712.255615234375,3760.276776027011,3682.554519829602,3758.426246117549,2070859
2024-03-06,3760.5546875,3767.6791830158427,3662.615294214232,3695.5548194727744,1744204
2024-03-07,3801.543701171875,3815.792691183568,3735.942280037316,3761.20205859874,2688905
2024-03-11,3814.26611328125,3842.62539405937,3783.408436385448,3783.408436385448,2304068
2024-03-12,3878.94287109375,3913.825548378326,3813.063810916541,3814.266926699585,4039801
2024-03-13,3838.92431640625,3924.048692667849,3823.102195243199,3890.7391541307015,2837260
2024-03-14,3893.14501953125,3909.244539822552,3780.6327076248394,3843.0420112308407,2919608
2024-03-15,3903.924072265625,3922.1980547097196,3864.831628809271,3879.265852135675,3373143
2024-03-18,3842.1630859375,3936.7714364581766,3810.1027425981874,3900.22346730838,1526904
2024-03-19,3680.056640625,3754.725483197155,3670.1563500054817,3748.4799442588646,8931209
2024-03-20,3674.134765625,3717.714838283346,3664.2344751221162,3688.1063577395266,1817913
2024-03-21,3676.031494140625,3708.8320928330704,3652.946177836041,3691.853615815909,3829582
2024-03-22,3618.618408203125,3643.6931773590013,3566.8961906345735,3605.7573164469345,5852485
2024-03-26,3587.71533203125,3651.743630108658,3582.117433142739,3585.4021693413524,3440925
2024-03-27,3553.850341796875,3603.907269973938,3543.2097940164645,3597.8930473154446,1968575
2024-03-28,3586.604736328125,3622.412446366123,3553.4802044110074,3562.3628386987034,4311783
2024-04-01,3624.031494140625,3639.344674247267,3597.4764352455786,3606.405151658199,1569676
2024-04-02,3593.544189453125,3617.6473874613553,3583.5512824485972,3599.2807871740365,2142666
2024-04-03,3652.298583984375,3683.4799693421774,3563.195519200383,3563.195519200383,3973090
2024-04-04,3704.113525390625,3727.5688582731514,3641.1491951647313,3678.761128130228,3394637
2024-04-05,3681.86083984375,3702.9106191002543,3664.512120676301,3680.7042585659196,1636819
2024-04-08,3675.661376953125,3731.2696657380807,3664.0492564790175,3685.330350645436,2302538
2024-04-09,3651.6044921875,3715.725399430203,3631.711295443335,3686.2556199419873,1876992
2024-04-10,3686.857177734375,3691.992443782896,3625.18835440643,3660.718440875778,2101965
2024-04-12,3702.355224609375,3713.4123219078538,3650.633002250067,3674.227259392984,4354821
2024-04-15,3646.654052734375,3760.461637744864,3626.1595251412014,3702.3549556662488,4200329
2024-04-16,3583.365966796875,3635.088184592879,3574.159626177411,3610.383656825331,3051420
2024-04-18,3573.37353515625,3641.843147171155,3562.270354829509,3587.0675027381876,3476284
2024-04-19,3540.248779296875,3564.6296015885387,3516.8395304016394,3551.1669511103,2957749
2024-04-22,3575.779296875,3588.1777578205415,3527.1102663259167,3550.2418918920625,1728883
2024-04-23,3585.124267578125,3603.907192347492,3572.0781665521927,3587.298730696502,1807586
2024-04-24,3544.736083984375,3606.682522875856,3538.629245383536,3599.2804037935043,1317312
2024-04-25,3564.30615234375,3584.1530434445426,3526.1852756240714,3526.370283464037,2856271
2024-04-26,3535.76171875,3587.0676210226866,3518.366690485543,3567.0354969857567,2039178
2024-04-29,3580.960693359375,3587.9927979834483,3533.772176573303,3551.167204410655,1110693
2024-04-30,3535.11376953125,3591.647553590295,3525.2597872554966,3582.6262194890505,2203078
2024-05-02,3574.575927734375,3581.7930391219893,3495.69709513327,3495.69709513327,2491044
2024-05-03,3556.1630859375,3602.6115654122227,3513.7861335226567,3599.419220737888,2962234
2024-05-06,3628.010009765625,3645.4974261548164,3565.0456876480675,3565.0456876480675,2053831
2024-05-07,3681.583251953125,3689.9569456672593,3621.024700819664,3637.031831043767,2062112
2024-05-08,3679.732666015625,3686.533454251881,3644.248888132834,3664.974734166066,1247685
2024-05-09,3664.234130859375,3674.227037283015,3617.832184974583,3665.8996529124415,1726486
2024-05-10,3602.889404296875,3676.6332077878074,3594.7009443311135,3666.4552924738027,1672489
2024-05-13,3652.76123046875,3659.423093323152,3580.7755679293546,3594.191910496532,931326
2024-05-14,3609.643798828125,3650.9107084833586,3601.9640540938385,3641.8430662390724,1058317
2024-05-15,3590.398193359375,3633.469324021022,3585.864485245422,3612.697170078893,1115021
2024-05-16,3635.646240234375,3643.6148000120916,3582.1034617844925,3626.466275520861,2599399
2024-05-17,3573.3427734375,3653.400619466784,3569.521523611679,3652.468629512838,2765804
2024-05-21,3560.38818359375,3583.2685838009415,3550.928576025766,3570.0810162003927,1908117
2024-05-22,3571.385498046875,3580.0064051076615,3557.91828874032,3574.1814679044273,1311168
2024-05-23,3628.65625,3639.420779503035,3565.3275779741,3579.726777292213,2095742
2024-05-24,3587.6953125,3619.6626132920987,3582.8490102673554,3614.490023562313,1309452
2024-05-27,3585.411865234375,3642.542892805684,3580.099568200672,3592.821139586903,1841538
2024-05-28,3578.748046875,3606.8010348271864,3569.5214375679907,3595.617155649428,1801993
2024-05-29,3544.963623046875,3587.1361699587314,3541.5619506089633,3587.1361699587314,1568095
2024-05-30,3482.0078125,3536.342645636951,3462.7620831275535,3520.126111198893,2919230
2024-05-31,3421.28857421875,3494.7760752132112,3405.25839205768,3485.6425278948263,10956800
2024-06-03,3451.019287109375,3496.407154925521,3444.6350645492275,3478.9323423009814,2156773
2024-06-04,3462.343017578125,3490.3027189313802,3347.242247007224,3448.363166901497,3395997
2024-06-05,3491.6533203125,3526.4632321477425,3448.362437382942,3463.2742749500035,2799670
2024-06-06,3569.894287109375,3578.748191817024,3487.0404698598118,3523.8540736442465,4328036
2024-06-07,3629.1220703125,3648.74050345654,3576.324932841619,3576.324932841619,4552445
2024-06-10,3596.269775390625,3640.259657979909,3580.6122978489143,3630.101057972248,1734661
2024-06-11,3590.118896484375,3616.074682376751,3579.773716105295,3583.5016762366204,1419898
2024-06-12,3571.059326171875,3628.7029976160984,3567.145013751887,3610.901897932011,2177001
2024-06-13,3614.39697265625,3625.441145308923,3590.0255248663166,3594.4991224295495,1932323
2024-06-14,3571.43212890625,3624.508910984573,3567.657524106183,3624.508910984573,1860730
2024-06-18,3555.635009765625,3580.7054488326035,3536.9485654428177,3565.8402543844654,1774045
2024-06-19,3543.146484375,3573.1101006391245,3534.991571536935,3567.331580370277,1509050
2024-06-20,3529.678955078125,3550.8350815373415,3522.968672913241,3537.833867179764,2846526
2024-06-21,3551.580810546875,3614.0707841122357,3539.7445833273214,3566.725647697406,4642195
2024-06-24,3557.21923828125,3594.6851882543083,3533.4534948795167,3549.7166737784796,1702154
2024-06-25,3577.397216796875,3585.971479881088,3534.945023860779,3557.4060754250127,1338808
2024-06-26,3593.613525390625,3603.9584772724033,3579.7733836736766,3583.035348485668,1639845
2024-06-27,3666.58837890625,3673.9045914436874,3558.4311210986525,3570.453701121453,4526556
2024-06-28,3638.628662109375,3690.6803945471183,3632.7573071473466,3651.3504621125517,2731571
2024-07-01,3707.642333984375,3729.54409757546,3619.8489271393464,3619.8489271393464,2658723
2024-07-02,3744.17626953125,3749.768209134794,3711.696556855965,3721.9950911331453,2307449
2024-07-03,3695.572998046875,3752.2846751988714,3686.0201014501963,3746.5994457218176,1821198
2024-07-04,3747.485107421875,3772.0897796971713,3711.2774328068517,3727.820255141,2518001
2024-07-05,3738.95751953125,3752.8907244942034,3716.776112071244,3737.2798920275045,1668616
2024-07-08,3721.622314453125,3757.0845784309718,3707.5027573776674,3748.4636711812386,1758882
2024-07-09,3714.44580078125,3734.4369389213416,3704.753196694115,3713.979805824434,1305801
2024-07-10,3643.288818359375,3731.03581821931,3636.6251805066217,3712.7687221974984,2669716
2024-07-11,3656.84912109375,3709.320203652745,3630.6603385899334,3663.6526936077744,4872189
2024-07-12,3899.39990234375,3914.3117429549025,3701.2120841991746,3709.3203520241623,13509164
2024-07-15,3885.652587890625,3951.637292730522,3874.328546212561,3947.6299180714223,4848030
2024-07-16,3894.2734375,3909.27811105421,3863.0049028468607,3888.2619205264737,2029521
2024-07-18,4022.04931640625,4030.8568040536547,3877.0784519914923,3877.0784519914923,5613364
2024-07-19,4019.1064453125,4071.7461454391314,4003.085786003565,4033.1187635646565,3903354
2024-07-22,4005.048095703125,4035.5016290194912,3984.16964770657,4016.8185357125435,1896386
2024-07-23,4019.06005859375,4074.502224282176,3985.383512221981,4000.9840761992705,2365208
2024-07-24,4022.70361328125,4053.3906859171716,3987.065703265684,4005.1882129331457,1809793
2024-07-25,4037.88330078125,4057.0334702817745,3992.763815580868,4012.1940490122543,2810342
2024-07-26,4098.9306640625,4131.252506902691,4051.475333101173,4063.5728185417897,3552210
2024-07-29,4092.624755859375,4139.23897856482,4083.1897032965085,4124.292505159937,1746803
2024-07-30,4077.911865234375,4108.411921630266,4042.3670091056038,4101.966346130687,1797906
2024-07-31,4096.5947265625,4123.358163060002,4058.9014994326476,4063.572272159268,2330091
2024-08-01,4107.57080078125,4128.308756789134,4077.6308756871877,4109.719173657026,2202244
2024-08-02,4001.030517578125,4108.4117670194755,3988.839982986167,4077.5846664483884,2811282
2024-08-05,3881.458740234375,3959.8811983653177,3839.8423368437457,3959.8811983653177,2787771
2024-08-06,3896.5458984375,3977.8638749268666,3886.8303255725164,3896.312359784595,2203067
2024-08-07,3923.86962890625,3965.439506030656,3905.046049978384,3949.605404089638,1237666
2024-08-08,3897.806640625,3953.342314714544,3886.083182706168,3905.7004295419442,2441283
2024-08-09,3950.3056640625,3973.5660188394713,3928.633098185982,3939.3293491815693,1302536
2024-08-12,3919.385498046875,3959.8811895481867,3910.698043069639,3951.473798487575,936912
2024-08-13,3920.6005859375,3955.210833666653,3907.5689459677865,3935.593585790649,1495593
2024-08-14,4012.427734375,4022.6569101782006,3912.379680783193,3931.8568963353414,3226545
2024-08-16,4125.2734375,4135.50261331458,4040.3123462174317,4063.5727056513274,3457058
2024-08-19,4194.35498046875,4198.325138301042,4101.266547462351,4129.898300368005,2055210
2024-08-20,4225.46142578125,4264.415856031023,4203.695805507033,4208.366578624263,2212298
2024-08-21,4251.80419921875,4259.744512454685,4196.735609089243,4220.510023524182,1896990
2024-08-22,4205.564453125,4260.633055059924,4201.08069302378,4259.745425644158,1829872
2024-08-23,4169.97314453125,4209.301149291511,4161.659258786881,4203.696220996849,1809253
2024-08-26,4205.98486328125,4252.412076557385,4189.683681888486,4193.420300556836,1844164
2024-08-27,4201.033203125,4213.0371807751935,4191.364611938651,4208.366407847505,930697
2024-08-28,4209.34716796875,4262.080377779873,4163.807131055486,4202.528021816373,1848058
2024-08-29,4214.71875,4256.008567811444,4166.329721782055,4166.329721782055,2133641
2024-08-30,4253.90673828125,4289.871692313383,4192.29905664945,4203.695925833791,3637222
2024-09-02,4223.359375,4285.901206487449,4214.905458515991,4274.691351544587,1216500
2024-09-03,4215.23291015625,4255.915163522401,4199.86588340543,4223.359782095085,1717263
2024-09-04,4184.3125,4191.552199028855,4144.564399396893,4182.164126611271,1265505
2024-09-05,4181.22998046875,4202.76206420468,4160.865133996732,4185.947279329001,1688793
2024-09-06,4163.29345703125,4221.398054814522,4147.646367693666,4179.361098385194,1649179
2024-09-09,4156.5673828125,4194.587657162911,4138.771920285124,4161.658707791496,1184938
2024-09-10,4211.029296875,4241.015753552719,4148.0673621993965,4149.935671573333,1385591
2024-09-11,4184.40576171875,4249.796587828451,4176.839017757158,4223.733764076483,1325919
2024-09-12,4220.22998046875,4234.14879133681,4139.518666509012,4213.270346969656,2742216
2024-09-13,4224.80712890625,4247.600406919028,4208.365918885027,4231.719780810027,1458786
2024-09-16,4216.0732421875,4246.713330569917,4198.511318185657,4228.917867918421,1155120
2024-09-17,4208.97412109375,4237.138794663336,4171.934977688061,4216.07378818868,1699364
2024-09-18,4059.9755859375,4200.9394121289515,4036.4816909272813,4200.9394121289515,2961779
2024-09-19,4013.26806640625,4131.018523683511,3999.86285709495,4100.985089340959,2927551
2024-09-20,4002.759521484375,4045.5440819048326,3949.139131072677,4032.6524729200523,5447908
2024-09-23,3987.43896484375,4025.645797282258,3972.9595683449616,4016.864835147739,1702319
2024-09-24,3990.0546875,4008.457717080139,3960.8158285760405,3971.6986393318166,3012026
2024-09-25,3993.277099609375,4007.149385684038,3960.815229509036,3972.352129245545,2713073
2024-09-26,4009.8583984375,4032.558171508336,3979.4983756188117,3979.4983756188117,3964251
2024-09-27,4024.99169921875,4089.7284239804594,4016.910897844242,4049.559780254749,3012477
2024-09-30,3987.43896484375,4015.697141881708,3979.5451759133052,4004.6273184936945,2503416
2024-10-01,4005.561767578125,4012.894973053944,3963.571788322826,3975.3417724055544,1823365
2024-10-03,3954.042724609375,3997.2473731270484,3932.790708311492,3981.927329527354,3350119
2024-10-04,3972.259033203125,4014.996607609391,3945.9156901334163,3946.803319485732,2965463
2024-10-07,3991.502197265625,4014.295476129203,3950.9130012728624,3992.4828770510344,1472619
2024-10-08,3973.193115234375,3997.6211671843516,3927.1394751787057,3991.2690982560466,1541867
2024-10-09,3972.9130859375,4012.1941053785968,3967.0746195443417,3979.4986935769084,1082504
2024-10-10,3949.044677734375,4011.119427271969,3922.1412103434836,3973.1926630034595,2378875
2024-10-11,3875.994384765625,3962.6372224848437,3841.6642037825386,3870.2024438892004,5759183
2024-10-14,3864.270751953125,3891.12769821191,3850.7724909029175,3867.4002612649715,2137590
2024-10-15,3845.727783203125,3895.3784690785774,3825.363393742248,3859.0394873205432,2759474
2024-10-16,3825.316650390625,3844.0464972844616,3799.3938580942354,3816.02185696404,2359151
2024-10-17,3838.44140625,3858.0121283615904,3823.4481787021273,3841.9910114211275,2522659
2024-10-18,3860.962158203125,3882.593864616222,3820.6488768482636,3830.013212330735,2361000
2024-10-21,3820.508544921875,3876.788293233767,3811.2845829224775,3869.905415130514,1595450
2024-10-22,3760.2490234375,3829.8260838402684,3751.6807476679483,3807.538919013043,1928049
2024-10-23,3807.773193359375,3852.066320525731,3741.192671772974,3745.359984263881,1966476
2024-10-24,3790.589111328125,3819.7122849196376,3749.479771713221,3749.479771713221,2676744
2024-10-25,3799.626220703125,3831.8863126796623,3776.3557541640885,3799.1580039005003,1759676
2024-10-28,3830.80908203125,3871.216096182637,3793.492115538428,3810.3010511703237,1532534
2024-10-29,3816.200927734375,3842.655176236552,3802.0140505171976,3835.4915508341114,1445885
2024-10-30,3825.003173828125,3845.9325549291766,3801.967045880175,3815.966681601265,1935002
2024-10-31,3716.190185546875,3819.057516573936,3708.277366688217,3811.2850713184453,3740372
2024-11-01,3730.9384765625,3744.7508713227357,3723.306634635094,3736.22946325371,154895
2024-11-04,3712.162841796875,3738.148871941436,3664.498467142464,3714.176311035008,2269192
2024-11-05,3718.905517578125,3732.624177811658,3690.578402330056,3690.578402330056,967590
2024-11-06,3876.50732421875,3886.0120339656723,3722.5577293084234,3749.105713751395,3792017
2024-11-07,3887.042236328125,3938.452350809554,3825.3782193936936,3904.6474627956704,3724349
2024-11-08,3883.39013671875,3904.6940011051383,3855.905719127717,3890.881605513963,1648039
2024-11-11,3931.803466796875,3965.1401331569796,3855.905258290536,3865.784905929242,1406487
2024-11-12,3930.5859375,3949.8765593236603,3899.6369927808482,3948.0036922969543,1587640
2024-11-13,3886.527099609375,3929.977525148187,3868.4536576373816,3912.513130781797,1098813
2024-11-14,3882.359619140625,3895.5634231532636,3854.781926464299,3872.152585273737,1825432
2024-11-18,3763.99462890625,3945.1945196123975,3736.557080351516,3945.1945196123975,3313944
2024-11-19,3782.770263671875,3869.48387485758,3758.9380751010713,3764.369206895897,1776233
2024-11-21,3813.95361328125,3832.307574351096,3768.208741263394,3787.780111716493,2384347
2024-11-22,3974.785888671875,3984.478067243221,3796.3015647983802,3812.220934951704,3096553
2024-11-25,4040.80419921875,4052.977834453394,3981.902624801247,4007.935292636629,4052167
2024-11-26,4076.0146484375,4089.030983820762,4036.0287514597285,4046.376159677075,2060669
2024-11-27,4057.144775390625,4099.143909292085,4049.185090644818,4081.8669855719377,1558993
2024-11-28,3975.06689453125,4064.075182497466,3963.9234261473007,4044.456715693407,2558544
2024-11-29,3999.3671875,4025.4469524620627,3928.9472039488446,3951.749451593235,2017425
2024-12-02,4004.79833984375,4015.6144213940793,3961.160446167199,3998.5711483563714,1670944
2024-12-03,4029.23974609375,4050.0753940748286,3994.310955072099,4040.1024675010203,2010905
2024-12-04,4077.6064453125,4108.0876338534845,4016.41041706955,4039.353040657334,3302642
2024-12-05,4180.2861328125,4203.65033349106,4082.850401875924,4121.056708977947,3746747
2024-12-06,4162.9150390625,4181.175491938829,4132.246842565077,4169.93829016878,1842087
2024-12-09,4169.14306640625,4185.296547190364,4134.8695026852665,4148.8227301424695,2066639
2024-12-10,4150.78857421875,4208.145132266229,4131.638781428679,4144.795490622383,2087828
2024-12-11,4146.01318359375,4165.86530184749,4126.862933306924,4150.13340004317,1635256
2024-12-12,4171.7646484375,4199.904292516949,4144.654715424752,4148.447088243233,1914642
2024-12-13,4189.51025390625,4209.175359798749,4115.063781598932,4153.036438989519,1967048
2024-12-16,4134.5419921875,4190.540540988883,4117.498717034216,4175.557602741771,1646224
2024-12-17,4053.3525390625,4151.1632042757365,4043.519986986687,4129.671871841429,3225027
2024-12-18,4071.472412109375,4084.7228544504474,4016.9251617031996,4037.6204331342105,1575404
2024-12-19,4000.3505859375,4086.596211548236,3991.0799847888597,4009.808656702463,3015763
2024-12-20,3905.208740234375,4103.45191021329,3888.5404055592617,4053.8209309249955,4116989
2024-12-23,3893.97119140625,3948.940020065292,3853.330069463599,3933.0672895418265,2195338
2024-12-24,3913.82421875,3949.876912235315,3893.971643595964,3893.971643595964,1181886
2024-12-26,3904.085205078125,3932.9742715466155,3879.784571556427,3913.824022550346,1208464
2024-12-27,3900.105712890625,3915.182385850013,3883.6243894799213,3898.3732192187385,858100
2024-12-30,3894.439697265625,3932.3652563563705,3850.6147896579423,3887.135698411994,1527169
2024-12-31,3834.50830078125,3876.7884144403706,3775.7470931508838,3872.1528852838974,1555429
2025-01-01,3851.03662109375,3871.2165826951264,3825.752684747837,3834.133719917376,763161
2025-01-02,3910.312255859375,3917.1013988528443,3836.521477668905,3858.106087323385,1720835
2025-01-03,3839.28369140625,3914.2454689148967,3832.1669338378674,3914.2454689148967,1791953
2025-01-06,3834.6953125,3885.8713135613334,3807.9132220434763,3844.527864583333,2085593
2025-01-07,3772.2353515625,3877.162777576041,3756.5500894487573,3853.3774566252837,2669054
2025-01-08,3847.24365234375,3863.724974901958,3762.3560392419636,3778.415783789389,2181277
2025-01-09,3782.114501953125,3874.727682896163,3769.4257824077367,3840.313752052967,2392472
2025-01-10,3994.498046875,4023.8553328042613,3904.92826106441,3933.021270136816,7894300
2025-01-13,4018.330078125,4048.155577994656,3958.6790783856877,3975.160400233359,4003771
2025-01-14,3963.969970703125,4039.680716861343,3950.859900623536,4028.5372487422837,3441709
2025-01-15,3979.468505859375,3985.8831677707726,3939.99791920476,3949.8771112539193,1653474
2025-01-16,3938.920166015625,4021.0455693202,3925.3889758814885,3989.2068293675015,2637705
2025-01-17,3933.1982421875,3967.8165423249693,3910.071878467617,3967.148790924069,1761466
2025-01-20,3888.85302734375,3953.70197855909,3879.6025285384753,3953.70197855909,1287799
2025-01-21,3848.8466796875,3920.5144684100183,3843.2676496454324,3905.5419834373433,1971591
2025-01-22,3964.001953125,3970.2482693362895,3856.8099236471508,3862.3412243118146,2409223
2025-01-23,3953.368896484375,3997.1420062138413,3948.2187353873046,3974.873845832015,1822998
2025-01-24,3959.94873046875,3984.4101308405807,3913.838960500178,3913.838960500178,1910099
2025-01-27,3876.7890625,3963.7634492210204,3853.8058882600144,3911.9316916717908,1551782
2025-01-28,3853.0908203125,3911.9318748383976,3841.6468460321344,3882.1775882750967,2468272
2025-01-29,3909.83349609375,3917.5107746444246,3866.155848644477,3866.155848644477,1217089
2025-01-30,3910.072021484375,3938.539000483225,3870.447447016769,3909.929064937949,1531251
2025-01-31,3921.849853515625,3937.1564483563893,3895.9579550966228,3919.5611518137493,1492943
2025-02-01,3884.41845703125,3944.260904282812,3868.0632040212854,3922.4220804091583,437172
2025-02-03,3880.126953125,3888.0901447868278,3813.4181682881867,3844.1261184510477,1265713
2025-02-04,3916.74755859375,3928.0010789730964,3877.6475473199966,3894.4796324423637,2547132
2025-02-05,3901.536865234375,3957.707610233867,3887.136438388733,3957.707610233867,1693912
2025-02-06,3893.57373046875,3947.6941907477535,3863.819444687176,3915.174138224137,2284536
2025-02-07,3842.69580078125,3900.4879649829604,3822.287472775478,3900.4879649829604,1548940
2025-02-10,3849.895751953125,3864.2484488532355,3828.3430745365245,3852.8044751646275,1339511
2025-02-11,3779.896728515625,3852.804328210295,3771.7428510078503,3832.2050832252044,1810908
2025-02-12,3767.11767578125,3835.400146101803,3757.5810309224153,3787.097133023103,1678002
2025-02-13,3728.97119140625,3799.828511079361,3721.437334907012,3784.140776452309,2277310
2025-02-14,3752.52685546875,3765.0674505275315,3719.2915544724856,3743.133167001155,1681975
2025-02-17,3723.583251953125,3751.716356302624,3677.521207418633,3677.8073533505512,1799806
2025-02-18,3693.7333984375,3742.5609756413837,3685.4365636204366,3717.765697945917,2149879
2025-02-19,3608.76171875,3695.4019938643646,3593.550584592638,3692.7794166411277,4366672
2025-02-20,3604.279296875,3612.480904202741,3577.4814657672678,3587.2087965043847,2888572
2025-02-21,3610.57373046875,3640.137329423988,3600.0834211620527,3601.1325452240194,1833931
2025-02-24,3505.289306640625,3588.8301766028944,3499.9486923438976,3569.7091569360205,2508516
2025-02-25,3461.373046875,3488.504755446709,3453.4575849265707,3457.033826816381,4101954
2025-02-27,3445.16064453125,3469.4313588459286,3433.8596273751255,3444.349936596485,3823856
2025-02-28,3321.851806640625,3433.192134904543,3296.8181139902795,3418.83943788603,7085018
2025-03-03,3331.19775390625,3359.9983745974937,3315.08068451919,3323.520708287026,4990439
2025-03-04,3368.390380859375,3386.4622746215477,3303.779617945939,3313.030116033584,2797737
2025-03-05,3382.695556640625,3433.5259187324127,3357.7095944485823,3357.7095944485823,2501894
2025-03-06,3434.7177734375,3442.203899231017,3372.252755650945,3392.1842483477326,2786513
2025-03-07,3443.873291015625,3457.033908045006,3408.778389880028,3433.1922948860747,2051315
2025-03-10,3423.321533203125,3454.268131170074,3416.598385027634,3439.3908724736634,1004626
2025-03-11,3409.636474609375,3422.46321459512,3373.7308692128186,3393.138033446029,1995450
2025-03-12,3343.738525390625,3403.8671205164956,3325.2852564493496,3399.8140462677893,3174167
2025-03-13,3348.363525390625,3360.9995790197195,3322.6623157069057,3340.0189616732987,1693004
2025-03-17,3335.63232421875,3366.86483705381,3316.225391054831,3327.3354895121856,2690906
2025-03-18,3335.63232421875,3335.63232421875,3335.63232421875,3335.63232421875,0
2025-03-19,3335.060302734375,3382.6480693895237,3302.301833176931,3382.6480693895237,3051244
2025-03-20,3398.04931640625,3413.117260947197,3349.269474003577,3349.269474003577,2845192
2025-03-21,3412.30712890625,3448.6893373916764,3304.4475780330895,3313.9842232799383,4161925
2025-03-24,3460.80078125,3480.6370496480163,3401.33993867541,3433.1922402172363,1834751
2025-03-25,3488.266357421875,3538.0953280117983,3469.4314833711383,3476.1071349334247,3135390
2025-03-26,3467.33349609375,3509.9622534210275,3457.8445807190283,3478.7297405017125,1734499
2025-03-27,3482.019775390625,3493.2730630548403,3443.2056768112207,3447.354210516991,2528474
2025-03-28,3439.056640625,3491.3174941481584,3425.466923487325,3481.8285803264416,2051919
2025-04-01,3386.27197265625,3417.933587672838,3361.667381848982,3407.1571321951615,2618493
2025-04-02,3379.739013671875,3398.9554916534353,3366.4831712122864,3379.786743459071,1764313
2025-04-03,3245.463134765625,3339.732960373482,3238.7874835027424,3329.242651246095,4537821
2025-04-04,3146.5205078125,3242.1253724074613,3142.80130945332,3206.7922895105216,5317367
2025-04-07,3122.34521484375,3138.8911537557533,2914.446359699624,2956.3598667283995,6623955
2025-04-08,3140.369384765625,3193.822325127449,3104.464010431693,3149.0478246149446,5557558
2025-04-09,3096.167236328125,3118.4828923346345,3063.2180815269526,3109.4708094407843,2990265
2025-04-11,3081.766845703125,3146.0914699537143,3057.44840084302,3137.1271167444256,7108961
2025-04-15,3097.69287109375,3160.825412160961,3088.537831919463,3160.825412160961,3512160
2025-04-16,3122.106689453125,3126.207493109741,3079.382475986214,3097.6927866639667,2384391
2025-04-17,3146.043701171875,3150.526110549214,3068.8923368600476,3095.1181104037555,2932346
2025-04-21,3167.692138671875,3198.5907757535792,3131.929719443861,3137.6517065203434,2432946
2025-04-22,3160.825439453125,3179.421896695883,3142.3244417890623,3168.645674402416,2710498
2025-04-23,3254.85693359375,3262.390790001095,3182.6645776182195,3209.081037662751,3543923
2025-04-24,3243.985107421875,3254.379956863419,3230.7290317834236,3243.5082751937634,2252175
2025-04-25,3288.2353515625,3316.6546015726303,3247.2277761224805,3261.5327442992316,2742991
2025-04-28,3283.94384765625,3297.5812971612027,3247.2277628196694,3275.837699055966,1593296
2025-04-29,3311.599853515625,3333.05730397037,3271.4504864223404,3294.910725384157,1578332
2025-04-30,3293.670654296875,3347.2665464023585,3210.0343339326632,3311.122759184256,2809332
2025-05-02,3272.02294921875,3329.7196523454577,3261.532639559349,3311.123194312883,1721761
2025-05-05,3294.2431640625,3342.117073001106,3286.7090751925784,3290.142360352066,1284443
2025-05-06,3299.67919921875,3312.076837828531,3277.7449155245213,3299.67919921875,1324763
2025-05-07,3285.469482421875,3299.202157339632,3262.104703449532,3262.104703449532,1477128
2025-05-08,3289.09326171875,3315.89132616591,3269.8292861996833,3288.2350568363695,2543591
2025-05-09,3280.89208984375,3286.518617372084,3240.6474937252347,3241.505698660658,2531757
2025-05-12,3452.646728515625,3462.278832722667,3339.923635561146,3342.5939426230407,2228678
2025-05-13,3352.130615234375,3455.1263780922163,3347.8391251152984,3452.646757336565,3062887
2025-05-14,3384.269287109375,3395.999407449705,3346.0274789718064,3357.8528260686357,2119499
2025-05-15,3414.0234375,3433.192187008764,3351.272499900048,3398.8602651386764,3548330
2025-05-16,3396.285400390625,3427.37472311883,3381.789746684424,3427.37472311883,1666727
2025-05-19,3355.754638671875,3385.5089240585153,3341.3542118072583,3385.5089240585153,2537377
2025-05-20,3336.204833984375,3393.138562626365,3332.1040297404493,3368.1525972918466,2038374
2025-05-21,3362.430419921875,3373.1114160079887,3336.2046455537043,3345.4551448560997,1440153
2025-05-22,3315.891357421875,3335.7276249349993,3291.382227143766,3333.057317857191,2034383
2025-05-23,3351.74951171875,3371.204175356121,3305.0199488920316,3315.8916316020463,1274331
2025-05-26,3373.3974609375,3380.7406309750972,3347.457833268305,3357.8526831208233,967470
2025-05-27,3336.5859375,3375.972327891045,3321.708911006242,3368.3430118958113,2467680
2025-05-28,3335.63232421875,3365.482070074091,3331.1501475683763,3356.8990894476624,1222933
2025-05-29,3336.013916015625,3368.8198820327834,3324.951314566822,3342.3079620855306,3188072
2025-05-30,3302.921630859375,3344.2153514588645,3293.0990724903722,3328.2892004179307,3404365
2025-06-02,3289.95166015625,3299.678990962806,3260.1973759363364,3290.142346480254,1877585
2025-06-03,3247.418212890625,3312.553542881876,3242.936036438699,3286.3277699067066,2848125
2025-06-04,3252.902587890625,3266.276489448532,3242.4153443856753,3260.6960243688586,2544807
2025-06-05,3243.4736328125,3279.9386829080418,3236.353648443686,3279.9386829080418,3584683
2025-06-06,3256.07763671875,3262.5239346599506,3231.5430403786086,3243.473730125776,2070390
2025-06-09,3292.350341796875,3303.992342378787,3262.5239694574043,3271.27954690969,1718678
2025-06-10,3331.7978515625,3353.831020585222,3293.6009022564963,3309.7649174374747,2419874
2025-06-11,3340.45703125,3356.9097352615186,3318.5204057648953,3338.6290574254713,2847013
2025-06-12,3304.1845703125,3343.1512807546196,3293.6010193282204,3340.4572389790806,4060134
2025-06-13,3315.2490234375,3319.867346975648,3264.7366235777054,3264.7366235777054,2178493
2025-06-16,3363.933837890625,3376.152982383372,3296.4876555687347,3309.765249187461,1934088
2025-06-17,3382.2138671875,3386.7358823235677,3356.04368234908,3377.1144735669664,2111940
2025-06-18,3320.7333984375,3404.0549041256045,3312.747815947458,3385.8705329382847,2696327
2025-06-19,3294.370849609375,3320.3486571267385,3283.787298398597,3319.386516107577,2672768
2025-06-20,3305.627685546875,3315.826473793808,3281.7665424976394,3295.332824141505,2351248
2025-06-23,3265.121826171875,3295.332959933054,3242.4152043720856,3285.71154983106,3123421
2025-06-24,3262.042724609375,3311.785601803136,3253.9608342374113,3304.569544364703,3403048
2025-06-25,3314.383056640625,3319.386142397456,3271.2790968554636,3278.302772484131,1757699
2025-06-26,3311.496826171875,3320.7332385135887,3286.000090554292,3314.3832490719788,2879106
2025-06-27,3310.82373046875,3335.1657116254887,3301.106011701098,3324.197397384813,1778433
2025-06-30,3330.931884765625,3333.721999491074,3300.143375143297,3309.66847634863,1468351
2025-07-01,3299.854736328125,3353.06117731207,3284.268100073099,3324.1969490999145,2375183
2025-07-02,3293.697265625,3357.7757139896216,3290.5221534097136,3355.1779803217332,3090585
2025-07-03,3272.04931640625,3305.243182495177,3268.9705120384147,3300.1437879715377,2531870
2025-07-04,3290.329833984375,3297.257202194738,3261.7542933055606,3278.9765232213795,1109320
2025-07-07,3282.536376953125,3296.3913481829886,3279.361264698508,3288.8866014623586,1639174
2025-07-08,3277.24462890625,3295.3329266950955,3264.929177120374,3276.090106685197,2325242
2025-07-09,3255.692626953125,3284.749236961352,3239.528611847941,3280.9006731219124,2034938
2025-07-10,3253.9609375,3270.3173348795094,3228.9452709195743,3252.036655455352,3035012
2025-07-11,3142.3525390625,3208.7402687610033,3137.638142071979,3174.9690253465947,7635550
2025-07-14,3100.69189453125,3148.125494964879,3078.8513398189525,3142.3526487027184,3924009
2025-07-15,3129.17138671875,3136.002447241285,3084.624209084001,3084.624209084001,2590889
2025-07-16,3121.2548828125,3132.6464874286985,3109.187305299685,3115.365810708297,2540733
2025-07-17,3098.181640625,3129.8470122556437,3093.2582102459683,3112.5663349360093,2947640
2025-07-18,3079.549072265625,3117.103513998714,3076.749488627971,3113.434923384125,3432645
2025-07-21,3048.946044921875,3086.9831935033963,3042.9605731669335,3079.6460115490218,3844346
2025-07-22,3050.297607421875,3070.0884350644405,3045.470576289542,3050.297607421875,3198036
2025-07-23,3069.122802734375,3071.92238630693,3048.3665703944635,3050.297382705153,1922875
2025-07-24,3039.098876953125,3063.909770455093,3031.3756269481614,3055.6074181166887,2934778
2025-07-25,3027.32080078125,3047.6907301283586,3017.47370470728,3031.375459671135,2568917
2025-07-28,2972.775390625,3010.1365638260077,2963.700430830921,3002.413314143324,3374473
2025-07-29,2950.281494140625,2967.658806606113,2935.993434530025,2954.1431191329557,4785312
2025-07-30,2947.96435546875,2962.831516110354,2941.7856146047457,2954.14286063789,2880121
2025-07-31,2931.74560546875,2953.9499481457733,2910.6997030967705,2936.47600158721,2968371
2025-08-01,2899.11474609375,2931.7455219766357,2896.2185275661836,2925.0840779463133,2053847
2025-08-04,2968.044677734375,2972.8717086542492,2888.1092342571515,2905.0038424767117,2519252
2025-08-05,2957.907958984375,2971.0375775693733,2936.7656575031788,2968.044724074376,1927996
2025-08-06,2927.401123046875,2960.7076353045086,2921.319017147813,2957.0390447864347,1487081
2025-08-07,2941.5927734375,2946.0337363593026,2906.741514367591,2911.665180402855,2543076
2025-08-08,2931.359130859375,2953.94977611907,2920.353595060068,2942.6545713366527,2762140
2025-08-11,2935.607177734375,2944.3922326106717,2916.78175710605,2931.3592490987544,1884215
2025-08-12,2930.393798828125,2989.2835752923374,2922.187846369997,2935.8001676667204,3358232
2025-08-13,2931.166259765625,2939.0825434733065,2923.8293140563796,2931.0698605624675,2148166
2025-08-14,2917.7470703125,2950.1845757137776,2914.6578177545016,2929.0422751905776,3342174
2025-08-18,2907.03125,2943.5236533530624,2899.501034118434,2941.1101377304376,2945609
2025-08-19,2911.858154296875,2920.353776057107,2906.9347240582983,2907.0311232620697,2650784
2025-08-20,2991.40771484375,2996.0414760002127,2906.741403418293,2906.741403418293,4952358
2025-08-21,2995.26953125,3021.721568272579,2976.444109339037,3021.721568272579,3230726
2025-08-22,2948.3505859375,2988.6079780367672,2944.4889610705222,2979.2435848733217,1593791
2025-08-25,3031.955078125,3042.960615514831,2970.6517789228456,2980.4988759076773,3448370
2025-08-26,3047.98046875,3052.6144657420946,3012.067404527304,3020.756060501902,5522097
2025-08-28,2986.67724609375,3037.6507428505593,2979.7263682848406,3036.2026334864163,3116051
2025-08-29,2977.988525390625,3007.2403810515466,2970.747978726777,2986.001444170926,2271789
2025-09-01,3004.92333984375,3022.7833539936464,2983.105066117822,2983.105066117822,1246862
2025-09-02,3003.861572265625,3045.856744495596,2995.752253975034,3013.1295666219185,2185229
2025-09-03,2990.345947265625,3033.209891747505,2981.1745876210657,3021.6250164070084,1799774
2025-09-04,2988.60791015625,3010.136515439645,2983.877514079595,3008.205703050011,1481391
2025-09-05,2942.84765625,2996.0413944584525,2923.8292019621163,2989.959524182405,2802055
2025-09-08,2914.56103515625,2958.8730811610762,2911.664816837115,2944.488624453979,2626187
2025-09-09,2943.909423828125,2954.1428233110028,2925.9530108288373,2927.208085964641,2489301
2025-09-10,3002.413330078125,3014.6739418754814,2947.7712440051832,2950.667462651561,2079428
2025-09-11,3016.1220703125,3030.4101295308183,3002.5099840051885,3030.4101295308183,2263446
2025-09-12,3025.003662109375,3039.774423958481,3013.0327196287853,3035.237062003493,1447167
2025-09-15,3004.24755859375,3025.583130595429,2988.8976937854013,3025.583130595429,1732539
2025-09-16,3036.878173828125,3041.0294675418386,3001.5444490507502,3019.790531578054,2573429
2025-09-17,3063.040771484375,3072.308529384687,3033.692282229551,3042.9602758247306,2418271
2025-09-18,3066.805908203125,3092.1961390627853,3052.035145819797,3074.8188270106057,2633138
2025-09-19,3059.565185546875,3070.474322402291,3035.2369972120114,3060.337557621526,4901694
2025-09-22,2967.465576171875,2999.420379452393,2958.96995461183,2987.93214013821,3634901
2025-09-23,2956.4599609375,2974.126942183857,2946.419830367542,2963.79714260431,3177741
2025-09-24,2930.393798828125,2951.2466664114318,2928.0769182943645,2944.4888232106205,1625714
2025-09-25,2855.092041015625,2924.794553291062,2848.913535961088,2917.4573723057974,4974361
2025-09-26,2798.809326171875,2852.5824066299083,2791.279110356836,2839.2597533717444,3934636
2025-09-29,2795.912841796875,2827.964278797825,2793.885394606466,2815.124329879908,3110035
2025-09-30,2788.479248046875,2814.448816935253,2785.2935960579534,2810.297523025748,2253458
2025-10-01,2813.38671875,2823.620118812873,2767.433524755383,2790.989341906879,1952902
2025-10-03,2801.51220703125,2822.8477787064007,2791.086008442819,2822.8477787064007,2899519
2025-10-06,2885.019775390625,2890.040076154485,2795.4302691582598,2801.608774520881,2112774
2025-10-07,2870.828125,2900.562680563452,2853.2577807972316,2891.3913224455114,3062943
2025-10-08,2922.477783203125,2937.7312492504684,2865.3257797487317,2872.083623568894,4121889
2025-10-09,2955.7841796875,2959.9354735767624,2915.5267874109013,2929.042474504859,3211304
2025-10-10,2923.53955078125,2963.7969409179377,2902.8797173331764,2944.4888175243354,8817365
2025-10-13,2903.16943359375,2930.4904757795234,2894.4807779251564,2922.2845232036298,2866865
2025-10-14,2857.89208984375,2922.477671901626,2853.2580928331454,2916.492200456414,3611416
2025-10-15,2877.756591796875,2887.349664986807,2859.539215693528,2878.9193527026337,4282226
2025-10-16,2878.628662109375,2882.7954389661986,2851.8842144350965,2877.8534092983937,3251495
2025-10-17,2870.391845703125,2896.1675207642234,2863.8025522629873,2877.950145926403,4374683
2025-10-20,2921.749267578125,2929.307567962745,2886.186765192536,2892.9698128193104,3133039
2025-10-21,2913.512939453125,2937.8351067763124,2903.1446131495227,2937.1568492749448,310644
2025-10-23,2977.951904296875,3001.9833223001874,2942.001890896718,2960.3160263483123,5564758
2025-10-24,2968.26171875,2994.231149497321,2963.513679841537,2984.541081052346,2684318
2025-10-27,2989.2890625,2998.300873295387,2965.3546412157716,2971.4594315335457,1946312
2025-10-28,2963.1259765625,2994.424945391891,2945.974602490029,2980.6650953225503,3470737
2025-10-29,2962.83544921875,2980.665080689528,2951.691870406029,2963.125962015583,2895420
2025-10-30,2941.226318359375,2968.8430115115416,2938.8038014162025,2954.598659200471,2241536
2025-10-31,2963.222900390625,2972.3314700068563,2931.342670159881,2940.9357431934422,1868085
2025-11-03,2923.2998046875,2963.2228381217715,2916.710511035491,2952.4667678534975,2194877
2025-11-04,2897.5244140625,2935.412678861251,2883.764563259587,2926.0133591519766,2670720
2025-11-06,2917.582763671875,2930.276848617888,2897.330614208824,2897.4276095278424,2542721
2025-11-07,2899.074951171875,2910.896788283535,2868.7449872547954,2907.989767522932,1830520
2025-11-10,2931.439453125,2953.4358611387806,2899.2684732632038,2900.237480105872,1556656
2025-11-11,2952.56396484375,2960.9942773891976,2924.462765309628,2950.6259510827763,2806868
2025-11-12,3034.735595703125,3039.192885115363,2962.3508338140637,2965.1608589527805,4460315
2025-11-13,3009.444580078125,3034.8325126833847,3005.859301984357,3034.7357539410323,1740435
2025-11-14,3009.7353515625,3016.6153949995773,2981.924901585002,2994.2312415737683,2210794
2025-11-17,3006.052978515625,3026.6928715689805,2990.93661372188,3009.7352518307202,2232853
2025-11-18,2991.421142578125,3008.7662705711664,2982.6030856096777,3005.8592500198897,2548350
2025-11-19,3050.142822265625,3057.216619603584,2987.932629650603,3001.0142221592077,3151053
2025-11-20,3047.3330078125,3066.422396812198,3040.8407087665255,3050.433782640164,2700767
2025-11-21,3052.952880859375,3071.7515179167412,3038.0300343800313,3047.3325941742696,4177037
2025-11-24,3043.84423828125,3080.375748831919,3033.960415828725,3060.1236005069036,6703764
2025-11-25,3022.526123046875,3052.1778273241375,3018.4563415864895,3047.817296493595,2737920
2025-11-26,3064.87158203125,3079.503679669953,3020.394263540353,3022.1385231343734,2508527
2025-11-27,3039.386962890625,3081.4417653096157,3028.1463888655812,3081.4417653096157,2836233
2025-11-28,3040.2587890625,3049.7551028737985,3028.146204245518,3042.6813060258964,1616690
2025-12-01,3036.285888671875,3056.2475238822894,3025.433059554359,3040.646419381282,1747647
2025-12-02,3038.5146484375,3046.557452385492,3023.688796726563,3033.96036368288,2512003
2025-12-03,3081.441650390625,3112.3528729457903,3041.7123712503685,3042.6813780586676,3952112
2025-12-04,3129.11669921875,3149.27208789607,3088.6121678196405,3095.00770730463,5025905
2025-12-05,3137.837890625,3170.2028609083113,3122.527535293584,3129.892081880524,5244013
2025-12-08,3136.190673828125,3158.8653395160463,3109.1554773099156,3142.489218360763,2544725
2025-12-09,3108.86474609375,3133.4774256277456,3082.604565643986,3129.8921475722495,2734893
2025-12-10,3090.356689453125,3125.0471830165943,3079.6008550466445,3125.0471830165943,1386849
2025-12-11,3092.972900390625,3108.9615135733166,3055.3756234989633,3105.6669848803986,1914362
2025-12-12,3120.6865234375,3123.1090405337873,3086.9650381423917,3098.5931202045713,1146554
2025-12-15,3130.0859375,3137.8379924435076,3098.2057061744017,3111.578048266741,1562190
2025-12-16,3105.763916015625,3120.202023295087,3092.197820262168,3120.202023295087,1734623
2025-12-17,3118.0703125,3136.5782015286727,3101.306446555184,3101.306446555184,1376350
2025-12-18,3179.117919921875,3185.9009682967376,3121.171259347543,3127.9543077224057,2307422
2025-12-19,3180.280517578125,3215.067769256,3177.179742937931,3196.753634213965,3902511
2025-12-22,3221.850830078125,3225.436344736965,3189.0015919916527,3207.4127224224762,2632816
2025-12-23,3207.41259765625,3217.005670614833,3191.423985009323,3217.005670614833,2365420
2025-12-24,3216.1337890625,3223.98283930865,3193.943626455098,3201.695681385047,1367708
2025-12-26,3178.342529296875,3217.102804044398,3170.3967202884214,3210.4167512800273,1176664
2025-12-29,3150.7255859375,3186.094333865139,3142.392032892103,3178.342279524835,2079473
2025-12-30,3146.17138671875,3166.229780553915,3139.097589626445,3149.2721612242462,2807593
2025-12-31,3106.82958984375,3145.3961082329884,3099.3682847144837,3139.582067367493,3362634
2026-01-01,3127.37255859375,3133.865093634826,3099.0776063813255,3115.35696849259,1255735
2026-01-02,3149.950439453125,3153.4389586535176,3119.717473820805,3133.7680727866077,1184324
2026-01-05,3116.4228515625,3146.3650669323792,3092.1006863508537,3140.066522757738,2341703
2026-01-06,3154.892578125,3162.063134250383,3105.666982384277,3110.512016678168,2912325
2026-01-07,3193.458984375,3198.3040184958663,3123.3027483604965,3142.3921354819236,1989442
2026-01-08,3104.600830078125,3185.028395467413,3083.3796755266676,3185.028395467413,4159336
2026-01-09,3108.380126953125,3129.6012816982266,3092.1007650495476,3092.1007650495476,1938673
2026-01-12,3139.19482421875,3151.2104150586442,3075.9186268106855,3103.7290773163704,2228342
2026-01-13,3166.71435546875,3178.3424375573745,3110.9964621274244,3144.42719813222,5645341
2026-01-14,3093.554443359375,3158.9624073145064,3084.348878061986,3158.9624073145064,3539511
2026-01-15,3093.554443359375,3093.554443359375,3093.554443359375,3093.554443359375,0
2026-01-16,3163.8017578125,3178.7983689605644,3128.579389024886,3176.3318131508636,4293470
2026-01-19,3121.278564453125,3176.9239686725823,3109.9324074221513,3145.3520534559602,3387562
2026-01-20,3060.798583984375,3117.7266457653604,3049.7484617692403,3109.4391143226594,4499273
2026-01-21,3080.826904296875,3096.5141025881594,3040.769942385441,3058.5291438659533,2015150
2026-01-22,3108.2548828125,3117.7265535020897,3080.5309399469356,3107.8603302315137,2269827
2026-01-23,3120.193115234375,3151.7650297600667,3109.8335807806325,3147.621264153488,2068857
2026-01-27,3115.75341796875,3132.5259981161435,3088.127991843631,3132.5259981161435,4279874
2026-01-28,3157.290283203125,3162.3219126707263,3128.184923835551,3133.5125881835056,2751234
2026-01-29,3102.335205078125,3157.2902623909354,3083.786897692938,3157.2902623909354,2457641
2026-01-30,3082.109375,3098.980713054142,3050.636219281569,3098.980713054142,3022068
2026-02-02,3127.1982421875,3155.218220087344,3092.074390792288,3155.218220087344,2636272
2026-02-03,3182.153076171875,3305.1848335937134,3143.674804974814,3305.1848335937134,4366060
2026-02-04,2958.979248046875,3078.2617963038065,2946.0543986420407,3078.2617963038065,10852595
2026-02-05,2951.480712890625,2989.1696378838233,2932.5376122480607,2950.000779389259,3521545
2026-02-06,2902.248291015625,2945.0676030314735,2876.990663463912,2936.7800719556926,4687389
2026-02-09,2908.760009765625,2937.174782066686,2898.2031986297916,2919.5143380742375,2380318
2026-02-10,2944.673095703125,2971.3118985519286,2904.1228216834434,2910.3385905230825,3547763
2026-02-11,2870.873779296875,2957.893822910036,2865.348597754142,2940.134620504305,3363513
2026-02-12,2713.31005859375,2841.472197833708,2703.3450771056805,2831.4086986412967,10612156
2026-02-13,2656.1845703125,2676.706362809734,2550.4187054416375,2550.4187054416375,11168735
2026-02-16,2670.39208984375,2683.4154564010123,2635.2682386101537,2663.880286127823,2918730
2026-02-17,2681.04736328125,2723.0775699498763,2659.144396219614,2679.666188399951,4209118
2026-02-18,2658.848388671875,2693.478928386682,2621.751534036431,2693.478928386682,2950820
2026-02-19,2642.075927734375,2711.9288391622777,2630.9272877397234,2671.7733571903564,3238849
2026-02-20,2650.264892578125,2666.4456435463158,2612.0826560359187,2631.3217917460984,2293482
2026-02-23,2640.497314453125,2667.8267040377664,2624.612599044486,2650.0675026055624,4699596
2026-02-24,2539.269775390625,2612.0825495938816,2527.035755172012,2605.669504618486,7798833
2026-02-25,2594.126220703125,2618.6930211303556,2560.2850255621997,2561.2716479227247,3621285
2026-02-26,2612.27978515625,2635.26813265383,2599.749730266882,2614.549064594777,3464267
2026-02-27,2602.11767578125,2652.6329325338243,2590.969035984877,2645.726576120342,5083717
2026-03-02,2578.537353515625,2588.6996112720262,2545.7815416803182,2557.324974292137,3374385
2026-03-04,2553.181396484375,2599.7499237945026,2545.880246481027,2589.8837001747893,3446434
2026-03-05,2544.3017578125,2574.5910157046947,2512.335049229941,2565.2181034037962,2960636
2026-03-06,2523.385498046875,2584.161292192951,2519.4390085227947,2537.5927639837228,3998643
2026-03-09,2493.589111328125,2525.7530947438377,2471.4888680989507,2496.1544256648085,3653428
2026-03-10,2479.480712890625,2511.1511456572443,2456.7883989435327,2507.007379980955,4323710
2026-03-11,2431.92529296875,2487.2749022159755,2427.1896984686477,2474.547570466413,2720664
2026-03-12,2409.726318359375,2439.818299872899,2403.412031703097,2426.8936916820116,2752075
2026-03-13,2378.253173828125,2413.179508655849,2364.9337721078678,2404.398666093815,2466488
2026-03-16,2376.970458984375,2392.5591399058967,2334.4471812699776,2377.759805019881,3807907
2026-03-17,2359.70458984375,2387.6260500920594,2328.428710007132,2387.6260500920594,2993367
2026-03-18,2408.14794921875,2449.684606821956,2377.759931791064,2377.759931791064,3082388
2026-03-19,2324.482177734375,2391.5724952581177,2318.7597201236085,2384.6661390424383,2757060
2026-03-20,2358.619384765625,2375.5892402804725,2332.5724113216993,2354.0808258010857,4206320
2026-03-23,2351.910400390625,2374.602714385491,2316.589272171523,2333.3618520807718,3860515
2026-03-24,2366.709716796875,2402.819949907421,2347.2733048784753,2371.9388633725343,3420182
2026-03-25,2345.595947265625,2389.204849113034,2338.097761710688,2368.781573169959,5843778
2026-03-27,2357.830078125,2389.69802736586,2353.0942427947716,2371.7413083689694,4979411
2026-03-30,2327.34326171875,2365.9202902405636,2314.8132066050703,2343.3267357786763,6804756
2026-04-01,2375.98388671875,2438.9304406017563,2365.8216283746565,2396.5056797013217,4132661
2026-04-02,2417.915283203125,2436.858383664294,2343.91860884341,2354.080866963729,5378361
2026-04-06,2440.804931640625,2448.7966690134326,2415.4487854587173,2440.903690225315,2572417
2026-04-07,2505.823486328125,2509.868493428073,2415.251506653692,2428.0775971710527,4516550
2026-04-08,2524.9638671875,2545.781695099603,2506.119524847839,2537.592681428627,4769337
2026-04-09,2554.365234375,2570.1511917909907,2497.2398973257214,2519.8334525275204,5628261
2026-04-10,2490.53076171875,2531.4755878535475,2467.641172150841,2531.4755878535475,10480239
2026-04-13,2439.5224609375,2471.390169384871,2436.9571465386753,2456.5908344868626,3739587
2026-04-15,2520.72119140625,2524.7664391435346,2460.0439205944767,2468.430210056267,5261384
2026-04-16,2542.427001953125,2559.298340252972,2523.779936147688,2537.5926488552986,3905403
2026-04-17,2546.965576171875,2554.365243737743,2521.707947863873,2535.6194192375438,2718206
2026-04-20,2545.091064453125,2559.2983296867455,2526.937069016173,2552.490731944509,2288558
2026-04-21,2575.57763671875,2579.0308149330826,2525.7532081976633,2525.7532081976633,2719959
2026-04-22,2504.540771484375,2545.485597963241,2470.107748698972,2545.485597963241,5232045
2026-04-23,2488.064208984375,2525.2598221872495,2482.637786236952,2495.167841496993,2509050
2026-04-24,2364.8349609375,2471.4889309127534,2356.8434646078067,2454.7163513416886,5107719
2026-04-27,2414.85693359375,2426.1043319099444,2364.8349883004043,2364.8349883004043,5853425
2026-04-28,2411.99560546875,2453.7297789552113,2394.9269906770533,2411.3050180002156,4508363
2026-04-29,2441.59423828125,2454.6176048964962,2414.8569175928637,2418.211337173827,2835961
2026-04-30,2440.804931640625,2457.6762701500647,2405.3852856787867,2445.8368019678887,3970446
2026-05-01,2440.804931640625,2440.804931640625,2440.804931640625,2440.804931640625,0
2026-05-04,2398.77490234375,2464.8785979918853,2392.559133533261,2460.6360738276094,2632358
2026-05-05,2394.828369140625,2427.485422911908,2379.9302759850466,2397.4922011892513,3385720
2026-05-06,2402.81982421875,2437.9436740268407,2374.306536440952,2409.2328690917466,3147628
2026-05-07,2369.274658203125,2407.0623398832377,2365.9202387848723,2405.582406456141,5829594
2026-05-08,2362.368408203125,2374.7999458983372,2343.326789953136,2365.920344937355,3792199
2026-05-11,2360.888427734375,2382.6928771212197,2339.2814955090735,2339.2814955090735,1975188
2026-05-12,2269.52734375,2343.2279819983573,2252.4587296430527,2343.2279819983573,6347884
2026-05-13,2242.395263671875,2278.308219875756,2238.6460506699204,2275.1510766173806,3171843
2026-05-14,2215.953857421875,2234.6996825737074,2176.883514966109,2234.6996825737074,5633313
2026-05-15,2233.712890625,2274.06564640704,2221.873423006846,2221.873423006846,3410637
2026-05-18,2252.656005859375,2262.226194073794,2222.070714305826,2233.7129057172556,3773336
2026-05-19,2295.968994140625,2345.793423403843,2266.3703232911885,2269.2314317901273,10394707
2026-05-20,2296.2646484375,2310.669430390967,2286.793218866712,2292.8114703818346,2537422
2026-05-21,2296.0673828125,2304.650948701518,2283.0440165455843,2299.816595750975,3299087
2026-05-22,2286.300048828125,2308.696328282268,2277.223171267918,2299.9154856057353,2617262
2026-05-25,2308.199951171875,2326.10009765625,2293.0,2325.0,3298364
2026-05-26,2276.199951171875,2327.89990234375,2272.39990234375,2308.199951171875,3587597
2026-05-27,2284.199951171875,2295.60009765625,2260.89990234375,2275.0,2653950
2026-05-28,2284.199951171875,2284.199951171875,2284.199951171875,2284.199951171875,0
2026-05-29,2258.89990234375,2334.0,2235.0,2291.0,16331582
2026-06-01,2297.39990234375,2335.0,2280.0,2284.0,7505095
2026-06-02,2446.89990234375,2457.39990234375,2316.199951171875,2320.0,11306127
2026-06-03,2241.699951171875,2393.0,2224.800048828125,2393.0,15660062
2026-06-04,2241.0,2253.10009765625,2216.60009765625,2241.699951171875,4867263
2026-06-05,2198.89990234375,2271.800048828125,2192.0,2262.89990234375,5019717
2026-06-08,2151.39990234375,2177.0,2143.300048828125,2170.0,6536734
2026-06-09,2151.0,2174.0,2132.800048828125,2174.0,4148655
2026-06-10,2153.89990234375,2180.800048828125,2144.800048828125,2151.300048828125,2848650
2026-06-11,2135.60009765625,2154.60009765625,2110.0,2127.0,3079815
2026-06-12,2161.39990234375,2168.0,2138.0,2150.0,2124656
2026-06-15,2162.0,2192.0,2159.300048828125,2192.0,3337083
2026-06-16,2199.0,2209.0,2160.60009765625,2167.0,3079898
2026-06-17,2223.0,2231.0,2200.699951171875,2209.0,2865010
2026-06-18,2203.300048828125,2214.0,2182.0,2209.0,3735188
2026-06-19,2125.0,2138.0,2059.89990234375,2105.0,13286502
2026-06-22,2125.10009765625,2157.0,2123.89990234375,2132.199951171875,3736189
