Date,Close,High,Low,Open,Volume
2015-01-01,551.9232788085938,553.8914355575857,539.5269153617133,544.4228038858669,451940
2015-01-02,550.83642578125,560.4813623805101,546.6651190458321,552.2562454573535,1107210
2015-01-05,547.0861206054688,554.8020454475051,543.4436083498615,554.8020454475051,545510
2015-01-06,547.840087890625,553.4312137265796,539.0862374040582,547.9477830875336,904490
2015-01-07,549.6515502929688,554.2144913637552,539.1449345784822,544.6185633601312,825565
2015-01-08,554.89013671875,558.8264496547419,548.8584292144233,550.1019440823204,1304430
2015-01-09,559.5216674804688,562.6354451881842,554.5278854474695,557.1520743376651,2708760
2015-01-12,596.270263671875,615.6383672179943,570.6647432845991,577.7148345746338,7742810
2015-01-13,607.88330078125,614.6885976957562,598.4734175014371,599.0609002111263,2814310
2015-01-14,600.1282348632812,613.9444178660949,595.3694455849674,609.4402243520492,1448840
2015-01-15,595.3695068359375,605.1318808218942,591.5506895075671,605.1318808218942,1092860
2015-01-16,627.5059814453125,634.2917352426417,595.4379129811699,597.2983744466263,3530555
2015-01-19,660.602294921875,668.5825577497177,622.9528983687524,630.7863203922154,3363840
2015-01-20,658.9866333007812,675.2409602313193,646.2573224049266,662.9033443456595,3407760
2015-01-21,653.95361328125,666.8004200990003,650.3698491467381,661.924134211181,1401855
2015-01-22,695.0300903320312,700.112024762486,654.1102775606978,654.1102775606978,4701000
2015-01-23,690.3104858398438,702.2564658828908,675.6326214945843,695.2455797590205,2446270
2015-01-27,684.29833984375,701.081460654464,670.0023687423133,697.9970866313456,1961155
2015-01-28,678.3840942382812,685.8160792150222,671.7550421404959,685.8160792150222,1170310
2015-01-29,685.01318359375,685.4342228523957,662.7172872151227,678.3743297956793,1753365
2015-01-30,675.8970336914062,700.102278593288,670.7367479077552,688.9494298576462,1770620
2015-02-02,638.7763671875,690.3202970435054,636.5634159637731,677.6888804684926,2665235
2015-02-03,659.9070434570312,665.4491631269177,636.4655261495079,643.2806246831061,1921525
2015-02-04,661.28759765625,672.1760482712281,656.2546699893135,663.8824423173243,1308815
2015-02-05,664.0489501953125,675.0548984139483,656.2644752212581,665.7429683226461,994925
2015-02-06,660.1223754882812,673.6742204043172,654.4823624496659,667.4074595646193,628360
2015-02-09,662.5997924804688,669.4442353745966,654.11033814192,657.0184673657357,643155
2015-02-10,648.8912963867188,670.5017561961572,644.3087517530587,661.8850040705332,877130
2015-02-11,647.5007934570312,657.1946158801034,641.1654832804124,651.348954269845,878140
2015-02-12,661.8262329101562,667.79919298866,650.565689333368,650.565689333368,823690
2015-02-13,669.8162841796875,677.1992624024994,663.6376753837271,671.6767456851404,851225
2015-02-16,650.8789672851562,673.6351070682986,647.2364549547084,673.6351070682986,769080
2015-02-18,657.1947021484375,667.7404654546016,652.3771644373561,663.6866552976383,4358570
2015-02-19,654.1690673828125,665.8408490617836,651.5448782670455,658.9474594336912,683960
2015-02-20,648.1275024414062,655.8532290444126,646.2572992806738,655.8532290444126,515305
2015-02-23,639.8045043945312,656.8324197322975,636.661382080589,654.482429001644,525010
2015-02-24,638.7666015625,648.5583793730037,624.881867798918,641.7531416061188,1167060
2015-02-25,660.3280639648438,665.5862434581602,641.3613966051576,643.123904520838,1400505
2015-02-26,680.6851806640625,684.8369445398945,653.121362768187,661.5324662007517,1623075
2015-02-27,669.9534301757812,690.1244679704432,664.949846204211,681.5077157017798,1381170
2015-03-02,679.284912109375,684.3473037399345,668.6021099280551,671.7158877754778,704935
2015-03-03,705.233154296875,713.4288670803138,679.6080899478277,679.6080899478277,2043040
2015-03-04,755.1516723632812,792.742259683276,699.1328933825755,708.532975606383,4075330
2015-03-05,756.2483520507812,799.4007217325741,750.657225703956,765.3252889574488,2807980
2015-03-09,714.1339111328125,782.9504911045717,709.7178099963725,754.946031857084,3118990
2015-03-10,719.7054443359375,729.0957254479938,707.9063644546355,722.2414812289824,1245745
2015-03-11,709.0127563476562,728.508156663161,699.3286752442896,722.3393495474942,1221695
2015-03-12,691.6715087890625,720.22430258519,685.6201981222606,713.9183961687255,1712345
2015-03-13,694.5699462890625,711.666350934841,691.5344595156001,697.566227704816,1446500
2015-03-16,695.8330688476562,704.0287815935499,685.6202523865159,695.0203346050074,745725
2015-03-17,723.5339965820312,728.4886335399409,700.1120818504824,702.4914765793252,1697800
2015-03-18,740.2974853515625,747.112583645429,713.0763572974128,727.1373346986137,1913555
2015-03-19,754.8773803710938,759.6459705043209,744.3708238424397,748.875016898973,1020830
2015-03-20,725.7469482421875,758.2165154827081,719.6074847040586,756.7085435179656,1076315
2015-03-23,703.7252197265625,729.2719920750948,701.482924321051,726.5498493972451,656770
2015-03-24,717.4826049804688,735.1274049468861,704.0483166223498,706.1829166778996,1179970
2015-03-25,705.0765380859375,736.3220741675854,701.3360718642825,722.2414931722612,1471825
2015-03-26,690.2908935546875,712.7336900890454,685.4440116171806,704.9688178852159,1301935
2015-03-27,701.4633178710938,708.5329521012878,676.6215846736591,695.2161594319584,1416015
2015-03-30,716.4251098632812,721.6441435938721,702.0703914747315,707.6321134851352,816775
2015-03-31,716.2293701171875,725.3748567267736,705.9871494573582,718.7164600578376,1176815
2015-04-01,711.5684814453125,715.7985364885086,705.252773017674,714.6039085584948,810645
2015-04-06,721.9574584960938,727.5191802821294,709.120454065562,716.9538751328109,722655
2015-04-07,737.4970092773438,739.8666024371435,721.0761810953829,726.54981041079,1381465
2015-04-08,771.7584838867188,789.2172393015398,738.2999980562792,738.2999980562792,3354520
2015-04-09,756.1210327148438,780.1696346624168,753.9668298196491,778.0545773601297,969775
2015-04-10,764.189453125,789.21723296083,755.9251908756336,756.7085210894912,1743325
2015-04-13,759.9691772460938,771.2003165442154,753.9668132890284,767.6361552113251,731845
2015-04-15,761.4478759765625,775.4990541880741,756.3561392146802,758.2753493116827,960435
2015-04-16,747.5924072265625,765.6582485809197,737.7125372440817,765.3057589360217,1066085
2015-04-17,753.0757446289062,762.7793685799068,749.0708818531818,750.8333896223374,673345
2015-04-20,718.6381225585938,756.12107577689,710.8830514584959,756.12107577689,1439670
2015-04-21,702.0900268554688,718.6380944398434,699.5441289287661,718.6380944398434,1441585
2015-04-22,691.6226196289062,714.4472500211431,676.6118083620746,704.2050294966482,1292625
2015-04-23,696.6065673828125,707.6125149281081,689.0766886437302,694.2075701173652,1103910
2015-04-24,669.0231323242188,698.741150227574,663.8824496389614,696.9786424026237,961835
2015-04-27,645.9048461914062,678.7660501509936,643.1239549954125,662.9033581363828,2345590
2015-04-28,673.33154296875,678.3742720679109,641.3613684087758,641.3613684087758,1533595
2015-04-29,658.1347045898438,670.73671666041,648.2058284844694,668.7783612832993,1110840
2015-04-30,652.1617431640625,664.6658015797726,646.257273028186,657.0282275786558,1356400
2015-05-04,690.4671630859375,696.1169776445229,646.4531145364014,655.2265082762897,1439465
2015-05-05,707.66162109375,713.6247805266919,677.6008501821663,692.6704111176059,1276095
2015-05-06,680.9592895507812,705.9870672416198,676.8467315751627,697.1744686214054,993775
2015-05-07,660.9058837890625,687.392631902745,656.0491402802087,675.6326967064836,1259585
2015-05-08,652.396728515625,674.6534179393354,650.3698235570711,665.8310175270775,793205
2015-05-11,659.936279296875,665.5470074222832,651.1726878417631,655.0893981284745,907760
2015-05-12,638.8743286132812,659.3783128427924,631.0017013486264,659.3783128427924,958815
2015-05-13,704.489013671875,710.491378286865,644.6906788169396,645.6698566038643,2853855
2015-05-14,719.5390014648438,732.4249543112619,688.4598495919514,702.5698343856429,2201445
2015-05-15,729.7909545898438,742.6084174251095,717.3455840746662,721.6539900102848,1428825
2015-05-18,742.0697631835938,753.379312929266,731.1715110839809,732.229039687152,1296100
2015-05-19,744.5960693359375,757.4918225315968,736.7724493053627,743.979182621943,1144625
2015-05-20,731.5045166015625,749.8542978002798,728.1165401220159,749.8542978002798,1010805
2015-05-21,724.4837646484375,740.2583022213995,712.2538453816911,736.7332865927162,1119465
2015-05-22,726.00146484375,730.2706649698679,717.8350971080342,727.9206745149153,978005
2015-05-25,730.985595703125,739.866685318971,716.346876361562,723.0248758002305,662945
2015-05-26,710.7655029296875,741.6194013532975,701.1108252968271,734.1678735121853,2075125
2015-05-27,685.5418701171875,716.7286552092426,680.52848519445,692.6703122892358,2624795
2015-05-28,671.0892333984375,690.3202983220675,656.2547266760333,683.2702067267762,2348965
2015-05-29,712.175537109375,720.674792435407,673.8701099882429,677.3951258281451,6875275
2015-06-01,700.9443359375,706.3788200094824,685.6691876513303,695.2161702712524,1334475
2015-06-02,694.0509643554688,701.6199890832011,687.5786139041079,700.8954071253413,640240
2015-06-03,672.2152709960938,695.0104960492206,657.0282157901381,693.2577895371354,999815
2015-06-04,694.1978149414062,700.2491257049442,671.5200268811262,676.8076101477283,987615
2015-06-05,701.8157958984375,706.8683861599301,683.6618633531849,690.3006568997936,891920
2015-06-08,692.7682495117188,723.6025469135691,689.7817693642035,709.8842572443477,781660
2015-06-09,681.2335815429688,700.2884039191895,677.7869161687477,693.2481128240356,650160
2015-06-10,692.4745483398438,696.1954120067163,679.5493894974137,684.445278470738,654875
2015-06-11,695.0300903320312,705.2037605317928,691.2994258493918,697.8697294430661,1002240
2015-06-12,700.6310424804688,704.0287603840712,685.4243842404031,695.0301150061159,546220
2015-06-15,704.1266479492188,710.8829978677162,695.6078499184126,701.6591608277238,669220
2015-06-16,686.2468872070312,704.9981032553881,682.5259643435983,704.8120571122164,738635
2015-06-17,678.0414428710938,690.1244627773535,674.663267697725,688.7536497928058,1115080
2015-06-18,670.8052368164062,683.2212021904126,665.9484941792882,679.0792998742515,861545
2015-06-19,656.3917236328125,675.2408936784849,653.4248463861566,675.2408936784849,1524660
2015-06-22,656.4602661132812,667.7991600815028,654.0906729244045,658.7907137111289,999530
2015-06-23,644.4751586914062,658.9865790906413,638.6294966246548,658.8886852282793,2146085
2015-06-24,652.46533203125,660.2693500573527,646.2573187638169,649.7627918632276,1669660
2015-06-25,646.364990234375,651.7406663534671,642.8105703305763,651.7406663534671,1212145
2015-06-26,642.7713623046875,655.6573135485843,641.3613441346455,647.226608543916,1472590
2015-06-29,649.1751708984375,650.9572813701606,626.6638865776023,636.4654642899492,976990
2015-06-30,662.1297607421875,663.8824672748731,643.907218690101,654.6781731739115,1762620
2015-07-01,657.9290771484375,666.0464986995754,655.6573776654278,664.0783419193151,765565
2015-07-02,648.3429565429688,665.6450103353535,646.2769058716409,663.8825023704092,692445
2015-07-03,659.9559326171875,682.6434619599884,648.2156021941106,650.1348118970095,3079300
2015-07-06,672.8419189453125,675.63255122947,652.1322885780102,654.2864912739124,1081735
2015-07-07,685.5908203125,689.3410875654934,675.6326000286796,675.6326000286796,1433540
2015-07-08,669.9729614257812,691.0644880953407,667.818818219323,683.4366552874758,1032145
2015-07-09,686.677734375,689.3410689089392,672.5286053117298,675.6325817431364,1522120
2015-07-10,683.1234130859375,693.0228862571865,675.8774734919423,689.5370156950137,480555
2015-07-13,680.176025390625,685.4244036235186,676.2201091548682,682.6827179618775,362385
2015-07-14,680.3032836914062,690.8392449020598,677.6300880331158,684.2493385938171,628745
2015-07-15,683.9164428710938,688.8906223023674,680.3424205432189,682.0951270214234,539940
2015-07-16,688.7926635742188,698.9369287284983,681.8992750831911,681.8992750831911,880225
2015-07-17,702.7362670898438,704.5575233267991,683.2996130275255,689.7132152152548,1152270
2015-07-20,710.7557373046875,717.5414318325289,704.9883661055105,706.9663242536107,695995
2015-07-21,690.6825561523438,713.3113380196652,685.4243767858561,711.2746914731993,575435
2015-07-22,700.6016235351562,704.0091427053545,685.767057915185,691.2994356615238,770460
2015-07-23,702.8145751953125,709.9038119760744,692.278613885634,699.9749360417034,683615
2015-07-24,742.0208129882812,750.8334118593161,701.6982844367465,709.3163152587753,3314875
2015-07-27,722.9367065429688,742.3929632326317,718.7164529225093,741.2375406843863,689240
2015-07-28,725.3552856445312,732.8166149410077,711.8621882451425,724.1802604511088,614005
2015-07-29,715.6026611328125,751.5972433116216,708.9246619794709,725.5706830480497,1458935
2015-07-30,719.5584716796875,729.1544006720854,716.8069848808545,718.5205457639349,721095
2015-07-31,725.697998046875,730.1630461188302,714.6038975978768,714.6038975978768,480280
2015-08-03,704.6064453125,733.1690395690763,702.3640903280847,729.4775208410016,690380
2015-08-04,692.8856811523438,710.4521305139533,683.877234855369,710.4521305139533,1458015
2015-08-05,720.9684448242188,727.0295564738548,693.6494260255948,698.5061086044132,1653020
2015-08-06,709.4142456054688,725.4629824961297,702.3739555324919,724.3956525039115,901905
2015-08-07,703.5391845703125,711.6174006770698,698.3495546606425,707.1621540498322,456945
2015-08-10,699.2601318359375,708.9148090091302,695.5000634074316,704.420417115933,511310
2015-08-11,698.89794921875,705.5954918369089,691.691215025031,702.6384155496863,525380
2015-08-12,698.89794921875,698.89794921875,698.89794921875,698.89794921875,0
2015-08-13,682.9959716796875,694.2369112879685,680.9494642203792,682.4867802083413,617360
2015-08-14,684.5529174804688,697.4584725828468,666.0562361144689,689.3411108466768,846455
2015-08-17,691.7498779296875,697.7619833997485,679.7451501389958,684.7976806174835,370150
2015-08-18,686.3448486328125,694.2272175003576,682.5260315346148,693.2578410983925,403025
2015-08-19,680.9398193359375,688.9299437738907,678.0806368502903,685.4244704623873,500255
2015-08-20,670.1002807617188,687.3827922503588,667.995084421792,681.272732548194,547985
2015-08-21,661.6499633789062,669.3658888631172,656.0490953117497,667.5838379430345,562820
2015-08-24,611.3005981445312,646.3160006542461,596.7304298550625,646.3160006542461,975545
2015-08-25,628.7985229492188,641.3613894957787,581.631550168691,622.3653183286716,935265
2015-08-26,608.8135375976562,629.6014610879125,602.2236907873294,628.7985282005084,750750
2015-08-27,632.656494140625,636.4655097655685,617.273650607574,617.273650607574,890890
2015-08-28,643.5546875,650.0564412209609,630.8057758008056,634.4972945418324,739130
2015-08-31,647.7162475585938,657.9878120748282,636.8572003277494,636.8572003277494,1112570
2015-09-01,645.6111450195312,659.9658658953974,633.7826599472317,645.4152974981617,879000
2015-09-02,639.9906005859375,655.78474363674,636.6614318495316,649.1850946784087,766640
2015-09-03,638.9819946289062,648.6073280901542,634.8988403809418,645.2486960088453,387855
2015-09-04,624.235595703125,638.3651229826569,614.531911063146,638.3651229826569,535250
2015-09-07,608.363037109375,622.5023641876301,597.503990883009,619.7215332433555,700315
2015-09-08,594.0377807617188,611.1048426891052,591.6681872134528,611.1048426891052,1125195
2015-09-09,603.2615356445312,611.0068039301293,594.3607852333149,606.1990683557339,998395
2015-09-10,615.9517211914062,619.7019885222406,583.58991010886,598.8259127540174,774130
2015-09-11,625.361572265625,629.7972757113175,613.9443871517101,616.686072621545,374260
2015-09-14,639.422607421875,641.537604847266,614.0031341407948,622.6003425851519,662715
2015-09-15,625.3029174804688,644.6710829988538,623.7362569104205,634.8989077058911,731425
2015-09-16,620.593017578125,633.6258704713729,617.2736505713067,626.6737326554324,980870
2015-09-18,615.5306396484375,628.6320411755739,611.0068437594364,626.6736859071142,1066855
2015-09-21,608.6861572265625,614.9235135622879,605.2394330578298,611.0068032848211,527625
2015-09-22,609.1171264648438,616.0007151547022,600.2359768622335,614.5809551905049,600965
2015-09-23,604.1624755859375,614.9236295406155,596.5150997174123,607.0510619132253,526835
2015-09-24,606.2578735351562,609.5968430674145,602.693652500865,606.2970191265151,545640
2015-09-28,600.40234375,611.9860320995738,597.4942148123081,609.2149426122339,449375
2015-09-29,616.8721313476562,635.2904609473013,587.7024500457505,595.5358714132001,1166480
2015-09-30,605.973876953125,621.7386732581069,602.1942655000759,619.7998608367988,867065
2015-10-01,606.3656005859375,615.5110869644773,603.3693191723993,611.9860711006435,422930
2015-10-05,626.5562133789062,634.8792235887596,612.3777398165669,612.5735275395066,895865
2015-10-06,646.1593627929688,653.1016989456986,627.2611861127548,632.3333789923728,925590
2015-10-07,650.2327270507812,654.0906894961645,638.8546872032615,650.1739787806185,559105
2015-10-08,646.7468872070312,653.8557270511049,642.5364349433964,653.8557270511049,312510
2015-10-09,623.892822265625,646.041876298389,619.8292707653842,643.3197336699865,768480
2015-10-12,611.1243896484375,620.7888688976429,607.4818772417801,614.9236039572124,389135
2015-10-13,613.73876953125,616.8819514657581,605.3276665498872,611.0068852613224,447865
2015-10-14,618.0961303710938,623.5599587469804,612.3581633128166,618.6444675001396,598655
2015-10-15,613.2001953125,626.2819942309693,610.0374706619203,618.448573116064,328990
2015-10-16,609.2932739257812,616.2944178131149,609.0484795208291,615.119392716493,241750
2015-10-19,622.805908203125,626.2330298453637,611.0068299305549,611.0068299305549,470145
2015-10-20,623.6383056640625,630.982138468565,618.4780200222008,620.7986664072824,415370
2015-10-21,614.8551025390625,626.2233423382048,611.3006823800124,620.7987188964236,232690
2015-10-23,619.8977661132812,623.716522860052,613.1610195053107,619.6235677009272,320290
2015-10-26,612.4070434570312,624.3236181979471,610.0276490441878,622.365262984322,308485
2015-10-27,615.8538208007812,619.4277835149157,608.137895813389,614.0815115703728,282060
2015-10-28,614.8941650390625,619.8194573442995,606.2088639961214,615.8243957667601,675515
2015-10-29,617.489013671875,620.6027914715895,608.2651768112671,619.4277663219726,533740
2015-10-30,615.990966796875,632.352989009307,609.2444176491316,618.8403477982123,1417725
2015-11-02,636.9354858398438,642.1447183319506,612.0448056481899,621.1903515859115,1010735
2015-11-03,673.0964965820312,685.2285222701571,652.5240239145838,663.8433154017184,3892590
2015-11-04,688.2345581054688,691.8868714457532,664.6951500080216,678.3742324562752,1712430
2015-11-05,676.6019897460938,694.8244724100495,670.7367248820352,685.424390390401,1147865
2015-11-06,675.5739135742188,683.0743890022453,668.7784174543172,678.5701951622866,754690
2015-11-09,704.6456909179688,710.2955656753031,657.2241195290225,657.2241195290225,1576395
2015-11-10,684.5137329101562,701.0912034971126,678.5897200289896,701.0912034971126,1073730
2015-11-13,687.4121704101562,691.886960043256,678.7660143211245,691.886960043256,881890
2015-11-16,674.496826171875,688.9298966138986,672.225126624994,682.8981282187364,830625
2015-11-17,690.4671630859375,693.0619480723458,672.979004347706,679.3339176756593,1411265
2015-11-18,690.6238403320312,694.8244912662867,677.9826821710499,686.207739220389,660715
2015-11-19,702.7069702148438,708.7288778103349,685.6203056972375,694.1391644875325,1437580
2015-11-20,703.7349853515625,713.6736025888695,699.916168630699,703.0495490472715,597925
2015-11-23,670.3743896484375,709.8646404383409,662.5703128128868,704.4204151732985,1818080
2015-11-24,660.1517333984375,680.9201113333875,657.1456510636508,671.9018643290274,1387275
2015-11-26,629.4741821289062,675.3976416419802,621.307873316182,665.0575271879068,2969915
2015-11-27,623.510986328125,642.3405538664448,617.7240128092986,636.4654878249834,1051960
2015-11-30,607.5504150390625,629.3959289207713,606.1894033309904,627.8292085972695,1131435
2015-12-01,613.1610717773438,621.5819758730611,609.1366658782265,613.1610717773438,632815
2015-12-02,609.6165161132812,620.407014557969,605.6704009917597,616.6666080486767,1032695
2015-12-03,605.1024169921875,612.3777599247164,602.6055258000955,609.8318620360182,787470
2015-12-04,614.1402587890625,622.0520312539819,603.065761511716,609.0485228509607,860430
2015-12-07,625.547607421875,630.5707934642046,617.2736042280109,617.2736042280109,900530
2015-12-08,610.331298828125,624.6958201071221,608.0694005499832,624.6958201071221,504745
2015-12-09,584.2361450195312,611.9664648846758,581.6315586122578,609.9885665540107,837145
2015-12-10,608.8331298828125,611.0068756574399,583.5899004676829,583.5899004676829,896535
2015-12-11,603.6434936523438,609.9690035734933,594.7623440901459,608.8331836544501,438285
2015-12-14,599.197998046875,607.5503526656837,589.4649694170921,601.6459422720291,551470
2015-12-15,593.0291748046875,610.0276847093453,591.0316141208777,603.760923753657,694870
2015-12-16,585.8224487304688,598.6300497032929,584.0990864582905,597.4942298953185,650705
2015-12-17,585.4307250976562,592.1674719604482,582.0232060762678,586.5470019371661,932530
2015-12-18,592.1871337890625,600.2261446700115,588.4858132981104,590.65955916288,1162215
2015-12-21,599.3939208984375,605.0339946645906,589.5825400858889,592.4025769689655,748765
2015-12-22,592.5493774414062,600.0400505881347,590.6399690754423,600.0400505881347,471780
2015-12-23,594.0181884765625,598.4636338157115,592.2066738337685,596.1233847186006,310450
2015-12-24,594.0083618164062,601.2150951938739,587.7024551700563,596.2800612044855,517340
2015-12-28,600.2946166992188,602.1942236326302,593.3816252380063,595.3399804368116,563040
2015-12-29,584.1578979492188,606.1110470887783,582.8066278288486,601.2151581785296,1538560
2015-12-30,572.7405395507812,580.6523112166973,565.9646473579276,580.6523112166973,1755895
2015-12-31,585.8322143554688,589.4649851979871,572.8091626818546,572.83856670019,821260
2016-01-01,589.5628662109375,597.2983939065806,587.7024644491308,587.7024644491308,479595
2016-01-04,583.090576171875,591.3156935638999,575.9523915542441,589.2691856740018,470210
2016-01-05,576.7356567382812,587.1149162984942,573.8177263601627,584.3732307320477,341045
2016-01-06,567.6586303710938,579.3794177220552,564.789647076515,577.5189563126138,739640
2016-01-07,544.873291015625,564.0064033933817,541.4853143689932,561.5878629545682,1040375
2016-01-08,550.3762817382812,554.8021248123177,536.1977463696024,548.3395751537145,755675
2016-01-11,540.1339721679688,549.2990606566473,535.8060236756918,549.2990606566473,628640
2016-01-12,554.586669921875,557.2402630012097,541.289420035914,542.0727502422345,730815
2016-01-13,547.8695068359375,559.8937774976829,538.7435638165888,556.1631129805819,532910
2016-01-14,541.0446166992188,548.7311973680538,538.0189911272369,544.0310966790217,370695
2016-01-15,524.8196411132812,547.9478134559469,522.0192072528905,547.9478134559469,581810
2016-01-18,507.26300048828125,529.4021941581655,499.3708305397426,518.9641860704586,845210
2016-01-19,534.8562622070312,538.5379802397513,507.2140924697791,509.17244803916043,754960
2016-01-20,536.3446044921875,554.0774989344387,519.9139734075691,527.7669979689709,1041570
2016-01-21,524.261474609375,548.1436316230665,517.2211849781635,539.3310328517496,779895
2016-01-22,540.0067138671875,547.9478308715906,527.2186551723552,528.7559713719447,894645
2016-01-25,528.7559204101562,561.6562648855288,523.8698335967958,545.2060926478425,1182680
2016-01-27,506.57757568359375,548.14368235485,502.33777913481487,548.14368235485,2758305
2016-01-28,505.0304870605469,528.5600954435522,499.4001855638746,499.4001855638746,2848850
2016-01-29,487.32696533203125,510.15159575740114,475.2928627004305,510.15159575740114,1780510
2016-02-01,480.3160400390625,498.98896610735346,478.8178993407051,495.0722552743007,861040
2016-02-02,480.70770263671875,490.36241032850654,476.8889155708522,483.3025175736453,793935
2016-02-03,495.0428771972656,514.6557754602203,473.2855474975837,477.64287033538665,2465060
2016-02-04,484.5950622558594,507.9974044927114,475.88038626165087,499.38065224988054,1018485
2016-02-05,512.8737182617188,518.7683273055524,484.59503196050207,484.59503196050207,1301090
2016-02-08,510.337646484375,522.8809108887191,506.2348893810258,522.8809108887191,660565
2016-02-09,490.6463317871094,507.60572601800624,488.42360924260294,507.60572601800624,776955
2016-02-10,473.1484375,493.89721489092574,470.2207058045632,493.89721489092574,904520
2016-02-11,452.91864013671875,479.6012328714303,446.5050380560906,476.66369972632447,1103925
2016-02-12,456.39471435546875,467.53776093312007,447.4841916524833,451.4009023015203,801515
2016-02-15,465.7850646972656,469.0359419878749,456.49267744378477,465.1094296615024,2096590
2016-02-16,453.9957275390625,469.29047819308147,445.3985486625997,463.1510448675212,1396580
2016-02-17,452.1451416015625,458.1377048386131,437.8491400261806,457.86353625528835,1008335
2016-02-18,443.59686279296875,463.4252107958872,435.8221896298959,457.86348874999,1303115
2016-02-19,469.09466552734375,478.58289978270665,444.54667354135506,447.4450311516322,1840670
2016-02-22,485.7798156738281,494.2301236801588,471.18030302600374,475.88034385193595,2090795
2016-02-23,504.8052673339844,508.97657404197287,484.03691596848785,487.23884628236243,2452905
2016-02-24,507.67425537109375,512.6974419703098,496.2864433289648,501.92648680484734,1097865
2016-02-25,522.0192260742188,526.2101354409525,503.2973526779244,507.40991109234807,1525050
2016-02-26,534.5428466796875,554.8020347270011,522.0289873417732,543.2477503652294,6837610
2016-02-29,519.0914916992188,531.9774442531144,506.62657839500747,528.7559710557068,2270705
2016-03-01,516.9667358398438,528.1685323282148,512.061045470744,520.9225926599436,1211900
2016-03-02,491.4689025878906,525.8184444316761,484.69297950405894,518.9642002770732,2752025
2016-03-03,485.86798095703125,495.46391035089556,475.20472158649096,494.09306756350514,2892395
2016-03-04,476.2916259765625,494.46516154515393,472.5511600223079,490.56802357436106,1955190
2016-03-08,477.5743713378906,486.6513382576843,467.1657071489441,469.41780400492917,2734485
2016-03-09,472.7666015625,477.18267283103125,466.08860223274746,471.96366864744596,1295160
2016-03-10,460.0176696777344,476.83996520725526,452.58571455014584,474.01992866132895,2410955
2016-03-11,467.0677490234375,484.4970996127595,448.1794033846125,459.72391649162245,7006465
2016-03-14,471.0726013183594,474.88161695691974,463.1608585629742,466.2844378510992,2285455
2016-03-15,483.6061096191406,490.33305592942486,470.9844941740463,473.92202740174304,3099475
2016-03-16,498.9595947265625,500.3598116853989,483.9096380485949,483.9096380485949,2273555
2016-03-17,495.4149475097656,507.19442364600656,490.5680061547853,504.2373477615776,2466355
2016-03-18,507.2727966308594,512.8932670639117,491.22408967417897,497.6181188568614,1710205
2016-03-21,513.1087646484375,518.7292356008428,504.5017536250697,508.3891205288509,2554510
2016-03-22,513.5101928710938,518.9544189042174,507.7134771827382,514.2543775416515,1729235
2016-03-23,511.7966003417969,516.6631446574141,505.32424999618644,513.852909399595,1854850
2016-03-28,506.8321533203125,513.6570529447365,502.5629529054933,509.7598850715957,1458895
2016-03-29,500.76123046875,508.9667138272725,497.61807867404804,505.62774443775487,701830
2016-03-30,497.8432922363281,506.22505064455555,493.53491649374604,502.12229384429315,1119755
2016-03-31,489.47137451171875,502.9056644467471,483.9096521081933,497.618140497863,2284645
2016-04-01,489.2950744628906,494.2986578169394,482.73457237832514,486.4554354255495,797935
2016-04-04,499.67437744140625,504.02192889901687,482.7346148762881,487.6305034652971,1897340
2016-04-05,479.5326843261719,501.3389599720779,475.22427873320737,497.42224934729603,1478855
2016-04-06,469.32965087890625,481.3050046493164,460.62477685226924,479.7970626568267,1928650
2016-04-07,461.10455322265625,472.50216559113306,456.31636014502965,468.8302493839215,1943360
2016-04-08,461.25140380859375,465.70664999314744,458.45097017993237,460.40932540516553,1677310
2016-04-11,442.63726806640625,455.7092963595169,436.71325492443214,455.7092963595169,4751415
2016-04-12,455.4351501464844,461.58438521914167,441.423118939243,442.6666639237589,4486130
2016-04-13,465.6871337890625,466.96985422689687,455.7093103134177,459.8218687390198,2148170
2016-04-18,469.60382080078125,474.8816028487936,458.9405913853194,465.3052463166423,1158000
2016-04-20,478.3087158203125,480.18872020022457,467.263592971404,469.80943099077945,2406625
2016-04-21,470.4361267089844,482.9304434611402,466.2844229103679,478.24997534862007,1044085
2016-04-22,476.45806884765625,479.03331095488323,463.6014609898963,470.00529145293945,1414625
2016-04-25,477.4666442871094,479.91458863449185,472.94284791428794,472.94284791428794,831115
2016-04-26,470.96490478515625,478.1422642371724,469.02612216560976,470.98447758175007,703425
2016-04-27,462.8475036621094,476.27202139558597,457.6676453263667,470.9648950614129,1060365
2016-04-28,458.9112243652344,468.04693912939183,456.29680676631085,464.13022834169817,1124805
2016-04-29,465.3052673339844,466.98945421793877,454.92597746227165,459.01893318511605,1339820
2016-05-02,462.0935363769531,465.8633464779253,460.2330749095118,465.8633464779253,505100
2016-05-03,479.4053649902344,500.56537885001575,460.2526532829491,463.73852319239745,6897715
2016-05-04,487.5227966308594,493.8972231018495,476.31120007660644,477.25120229627714,3744355
2016-05-05,508.34014892578125,510.7488879232064,489.78471875250915,489.78471875250915,3468385
2016-05-06,505.3634033203125,512.1099522158727,503.4932001543861,510.52368907619234,1535825
2016-05-09,506.40130615234375,513.4808014480903,500.4772931163874,507.9582249663395,1577700
2016-05-10,516.937255859375,520.8833705235571,503.6890131716885,503.6890131716885,2470685
2016-05-11,527.4340209960938,532.6725970800574,511.1306905804962,511.1306905804962,2769330
2016-05-12,524.3790893554688,533.299384318136,519.355902714805,530.7143407136713,2278060
2016-05-13,524.5846557617188,534.4351811143808,520.3938062485761,523.2725911008865,1694760
2016-05-16,515.9874877929688,525.6225626219567,511.6790821284539,521.5296071227988,1018245
2016-05-17,514.4501342773438,520.540590270431,512.5407260020057,518.5724337295869,1636095
2016-05-18,496.3157958984375,516.614130489989,492.72223047429605,513.6178491192804,1961805
2016-05-19,478.84722900390625,502.1614755639126,476.477606021849,495.4638743651532,1826710
2016-05-20,478.9255676269531,489.0013140456664,477.319731814367,479.01371991201853,1573475
2016-05-23,483.03814697265625,487.3954996740573,470.39695932752886,480.7762488847669,1183145
2016-05-24,482.6269226074219,488.54113454379586,476.41890954250755,481.95128758745693,1131370
2016-05-25,489.2852783203125,492.40885738885504,481.8630950599784,486.59253980481935,1185740
2016-05-26,482.6660461425781,497.422260936967,480.16915501395573,491.35134737425386,2365700
2016-05-27,485.8973693847656,494.30850239002194,463.1510602556569,476.85954829705054,4215630
2016-05-30,487.51300048828125,490.9596952519018,482.5583636921439,490.568030146375,778290
2016-05-31,483.7333679199219,492.4186994232236,479.79708423134673,489.80428175488584,2913480
2016-06-01,482.3135681152344,487.6304958683523,480.77625195052406,483.7137850581647,614505
2016-06-02,487.9046630859375,489.3930024321419,479.7970729264654,482.75417882244466,686300
2016-06-03,488.5509338378906,496.83476897921986,481.9512855696625,489.3930123333749,1174380
2016-06-06,484.54608154296875,495.04286748125355,482.73459685623004,485.8875501851402,519310
2016-06-07,482.646484375,491.12616685484056,480.1887387822442,490.1763632892129,839615
2016-06-08,478.3184814453125,485.4762676876015,477.1728603269874,484.6929375192105,789245
2016-06-09,482.4898376464844,489.1972112289556,471.29784310475287,480.17899249351944,1307255
2016-06-10,475.49847412109375,485.446923255434,473.9220123490586,481.54981508836795,1191755
2016-06-13,477.73101806640625,480.97209383345955,470.98446943113174,473.92200250450674,921880
2016-06-14,475.82159423828125,482.36249383189624,475.1067837892938,477.9268202297371,481610
2016-06-15,475.5180358886719,479.405372264026,473.931772913714,479.405372264026,416840
2016-06-16,477.633056640625,480.5705894822595,473.34425391069794,475.6844728691595,1281400
2016-06-17,479.5816650390625,483.7137962345702,476.3699632957863,479.7872839943513,774175
2016-06-20,479.69915771484375,482.6171180698803,474.90119287664027,475.88037059391166,1524160
2016-06-21,476.3797302246094,481.7358331896896,473.530319664329,481.55955850147086,1032290
2016-06-22,473.5107421875,480.58040642410896,471.7286614719912,474.3136750785864,548325
2016-06-23,473.794677734375,476.4678434370042,469.22193491033056,474.6074119058776,746305
2016-06-24,462.0445556640625,469.80942730289314,455.3567854230446,469.80942730289314,1387410
2016-06-27,469.4276123046875,471.9245036334365,462.04460364620684,467.4594554498475,698325
2016-06-28,473.794677734375,477.34909733257683,467.86086365348814,471.3761077792714,621490
2016-06-29,482.3233337402344,484.6537814252577,474.3626442157784,475.8803576835213,564915
2016-06-30,489.6182556152344,496.4431258183179,477.4960301287068,486.25968306000993,3011040
2016-07-01,503.0329284667969,504.86398594013946,487.6402840838665,488.80550790910837,1656350
2016-07-04,511.8651428222656,513.8529022406842,503.0721461983003,507.78198854608473,1989700
2016-07-05,525.3876342773438,527.5809829716137,507.46869261639335,509.17245241411126,1862805
2016-07-07,514.1956787109375,528.5014530219673,512.8738124945722,526.7976930935769,1416275
2016-07-08,513.999755859375,518.1123142560026,511.31681845595693,514.1956033571697,694790
2016-07-11,504.6192321777344,523.6642514670057,500.86899452389474,514.0683214200187,1627955
2016-07-12,497.99017333984375,507.9875691256691,491.93886242493033,503.82606396900957,1754845
2016-07-13,489.80426025390625,500.1051986892875,488.43341747841924,496.05141863305215,1259400
2016-07-14,489.5105285644531,494.4847381285788,486.66111787373757,489.58884963225626,2054960
2016-07-15,479.0431213378906,494.08327660490346,473.61846846296277,490.56803221540343,1650855
2016-07-18,486.1813049316406,487.6304986973852,476.07621369315143,480.77625473979145,955205
2016-07-19,474.67596435546875,487.62069478522466,470.592810067697,484.10545041709037,1432325
2016-07-20,468.683349609375,476.1544794362059,466.2843824322379,476.1544794362059,1822330
2016-07-21,464.8548278808594,474.1178707597145,462.5635555691357,470.2990536913754,1296825
2016-07-22,470.57318115234375,471.96362656130486,460.40934226224124,467.61607541153904,1934530
2016-07-25,481.1777038574219,484.49710063006387,471.1803081834493,472.70782296270374,1381950
2016-07-26,481.1777038574219,493.0159583377089,479.4053946599263,486.0637908832336,1487675
2016-07-27,499.370849609375,502.9742165464724,481.755451503864,489.5888734795366,2223460
2016-07-28,495.826171875,508.97652027824785,491.93883548741496,503.2973019753468,1619055
2016-07-29,480.63916015625,500.71230336865943,478.81790394479157,496.44310286300475,2246495
2016-08-01,466.98944091796875,484.2621199734475,464.76668841875556,480.7762497588419,2489090
2016-08-02,467.9685974121094,477.2903579179191,463.15103020768896,467.8510709926738,2818185
2016-08-03,453.5845031738281,472.15950560205704,452.2234318080645,467.8707024339737,2704850
2016-08-04,431.06341552734375,457.0703732046587,426.55919206928047,454.92597162174366,4345235
2016-08-05,441.1195373535156,443.5674815119702,433.0021461570836,435.2444713732246,2311230
2016-08-08,438.2897033691406,445.29084762882513,434.9507338042872,443.95915045635303,2440620
2016-08-09,430.828369140625,441.48182686453197,429.46732773168185,439.8466169060234,2297405
2016-08-10,422.769775390625,433.52112746486347,414.7796817335275,432.5615524387152,5217310
2016-08-11,441.0412292480469,447.3275332976804,419.3034725293801,421.04640762612854,3178470
2016-08-12,444.7620544433594,455.15111452414163,442.19661389071916,445.3299643080443,2615790
2016-08-16,435.5774230957031,446.83796712690065,431.28861980528825,446.83796712690065,1913655
2016-08-17,431.4452819824219,440.9335164748919,428.1160837125679,436.32159778307107,1227085
2016-08-18,440.4732666015625,444.93831425557374,423.592253626873,423.592253626873,2373825
2016-08-19,442.9408264160156,446.8967128373681,439.6508035657183,443.9591796286885,1199895
2016-08-22,436.5957336425781,446.40708289934605,433.2175588105389,443.763321184043,1172530
2016-08-23,450.3238220214844,452.2724059806381,433.2959372147187,437.6924355622225,1874840
2016-08-24,452.0960998535156,454.92593757688934,446.7106228328472,448.65920665653755,970490
2016-08-25,447.4548645019531,454.33848299515034,445.22234039286576,454.33848299515034,3407240
2016-08-26,452.73260498046875,457.86351665177096,447.8758917628858,449.2467346208165,1299100
2016-08-29,447.7681884765625,453.2417883519948,444.66418195234485,452.57595467331737,945760
2016-08-30,452.4584045410156,457.26617048588656,448.6592202829469,449.8146427616708,890540
2016-08-31,452.9773864746094,462.43624674731205,451.4009247035584,451.4401001789896,1685645
2016-09-01,454.3580322265625,459.8610360818549,450.4315499121158,452.96761660626703,708095
2016-09-02,458.0691223144531,459.2343461804068,452.79136999407365,457.45223557575616,526155
2016-09-06,464.5904541015625,465.9906710697457,455.6309839381015,458.64683816819854,960520
2016-09-07,462.6222839355469,467.586722005057,460.4289354680324,465.26607565645793,845600
2016-09-08,461.9270935058594,464.5219085104408,458.2649783628702,462.17188793802995,1016375
2016-09-09,454.0153503417969,464.3260906235302,453.39846359194513,461.9270932368028,877180
2016-09-12,446.79876708984375,455.9051375176918,421.04640584781816,421.04640584781816,2227420
2016-09-14,453.8194885253906,455.90514180160824,448.639630140105,449.2467155312397,976780
2016-09-15,451.469482421875,456.0814011558132,448.14028412161787,454.73013110942975,1204280
2016-09-16,459.1560363769531,463.640657252503,451.4009355721307,453.94680365807477,1914905
2016-09-19,454.2796936035156,461.97601579700205,453.2123935220391,459.4301777439329,1305440
2016-09-20,451.9590759277344,457.4718513765889,449.64820092618265,455.317648399052,899855
2016-09-21,453.3200988769531,455.6113711053163,451.4988427013818,453.555121844415,810190
2016-09-22,452.3996887207031,459.23436010412786,451.08759413483307,458.05933486316167,918420
2016-09-23,448.8648376464844,456.8843051249817,447.68004103712065,453.574679831363,936585
2016-09-26,446.9162902832031,453.75093137160684,445.18312666337357,448.79629469661614,1238765
2016-09-27,447.552734375,450.8036113353977,445.5845777418569,449.2075469893295,1104120
2016-09-28,451.5673522949219,454.92592433103766,449.45232506798595,454.338411787645,834025
2016-09-29,451.5184326171875,481.3833535502397,440.6397823190963,461.9760436607214,10054030
2016-09-30,483.0185546875,485.2804526841265,458.25514338015284,458.25514338015284,6715690
2016-10-03,475.0088806152344,479.19978986612443,467.3223595611876,472.94283000769246,1717265
2016-10-04,498.99871826171875,501.53481472429246,475.8803478073406,475.8803478073406,4161685
2016-10-05,501.0060729980469,509.1724115513022,490.4897139063658,500.69272895768813,2913290
2016-10-06,493.0355224609375,506.3033976255009,488.06131311791273,501.5348072231851,1549265
2016-10-07,484.8398132324219,497.9901620578322,480.05165000523823,493.0355254800158,1441425
2016-10-10,483.468994140625,496.7955884255639,482.1862737315516,486.3379776581933,1910690
2016-10-13,480.58038330078125,491.3121919633885,474.11783465417534,483.3220986764944,1545045
2016-10-14,473.12890625,486.2988591306653,470.9845045559417,482.7150649280218,1123880
2016-10-17,467.4888000488281,478.6220456669027,466.11795725138444,475.2536720033944,989505
2016-10-18,478.96478271484375,480.7566947024517,468.2428044544692,468.2428044544692,1111820
2016-10-19,474.67596435546875,481.75542990616964,473.1386780720828,481.128741832787,894965
2016-10-20,469.75067138671875,478.2891016016298,467.1852307514124,473.5890608831282,949080
2016-10-21,467.53778076171875,472.5217916881381,465.11921063807995,471.0627965896458,629785
2016-10-24,463.8266906738281,471.34676829600147,461.29062399716287,469.99549827845914,810840
2016-10-25,464.9429016113281,469.7604687063864,462.5733084771198,463.5231119749484,793385
2016-10-26,455.9736633300781,467.4398250913497,454.44611872493203,464.91353005411764,1003110
2016-10-27,444.889404296875,458.8916337790003,442.6079034689297,455.513488564876,2569465
2016-10-28,440.6789245605469,452.36053756672356,438.6911949678704,446.50504399535697,2050630
2016-11-01,435.4697265625,447.8758917799108,434.5786712342779,447.8758917799108,941380
2016-11-02,429.38897705078125,440.3166033310207,427.900637763952,433.76590238978474,1839000
2016-11-03,417.6192932128906,435.9201269988866,415.5042657739519,429.42817400203273,1820075
2016-11-04,400.9341125488281,419.47974149668335,398.5057708570226,415.39658701928016,2567725
2016-11-07,394.8338317871094,406.3587424726829,392.06274218275973,402.7553757352391,1564300
2016-11-08,399.5142822265625,408.8849896193202,386.9905917258532,397.2327815698525,3318570
2016-11-09,395.95989990234375,400.287848785926,352.50398695195827,377.9626082318219,5782265
2016-11-10,397.3209533691406,405.90836154511794,393.90363251073643,401.8545512298756,1151280
2016-11-11,388.0578918457031,398.5253033084286,385.7959938661446,394.3931724326481,1829015
2016-11-15,370.7166748046875,389.4777226978583,366.67266621408874,389.4777226978583,1900065
2016-11-16,366.6531066894531,376.00424189839623,362.51117420472343,374.2025584918223,1159900
2016-11-17,369.76690673828125,375.0152852515956,364.5087268849661,365.82082151329473,1471395
2016-11-18,366.07537841796875,373.8304793280243,364.2541221506396,372.0875441323738,785860
2016-11-21,350.2126770019531,366.25161146646826,348.58723853976045,366.212435994018,1882200
2016-11-22,368.5330810546875,372.0679278495189,347.30451713698994,353.6789730918938,2600515
2016-11-23,371.6468811035156,377.08133522423935,364.675140716533,372.0875230178368,1931570
2016-11-24,362.52099609375,371.82318489717954,360.3569917096051,371.82318489717954,1652380
2016-11-25,366.1341247558594,368.63101584269384,362.68740025886524,366.2124458207316,781015
2016-11-28,375.5342102050781,380.70426712066785,364.293269649179,364.71430887664866,1868045
2016-11-29,371.0887756347656,381.0861715883033,368.3764342802422,375.7692438471351,1124810
2016-11-30,375.7007141113281,383.5635102657722,374.48654326095027,377.9626123282139,2088520
2016-12-01,372.25396728515625,378.92216445707925,370.1291387110853,378.92216445707925,853800
2016-12-02,371.8035583496094,377.6492504492642,367.5441293524112,371.6958631453811,1129080
2016-12-05,378.6382141113281,380.8805393337918,371.10833546811955,372.86107185751183,1260710
2016-12-06,376.1021728515625,381.8401400178713,374.4375587542477,379.3334474144291,904180
2016-12-07,378.706787109375,380.7042881565418,376.0042470216246,377.74718217972077,911775
2016-12-08,382.6430969238281,386.7556556091153,378.51096544024074,380.90016164679656,893080
2016-12-09,374.83905029296875,382.66267133318155,370.3446277880294,382.66267133318155,1232560
2016-12-12,375.8670959472656,380.6846628458065,374.2808330301024,375.22086503311874,843430
2016-12-13,380.6846923828125,382.4668029094088,374.1046172617985,377.3750670854568,779925
2016-12-14,379.33343505859375,388.1068588848693,377.38488099759337,380.1167951479865,1342805
2016-12-15,376.9736022949219,382.4765760291644,373.2625404340236,378.35424639798237,3257485
2016-12-16,378.5794677734375,381.095961559975,374.0458703749251,376.9834033883407,1043565
2016-12-19,378.8046569824219,380.4790723040163,376.3273386862777,380.4790723040163,499730
2016-12-20,374.7410888671875,380.86094948675236,373.6639874217177,380.86094948675236,700895
2016-12-21,372.0386047363281,379.13764355112005,368.6114825498768,374.6334198439287,698950
2016-12-22,369.23809814453125,372.06793590942044,365.4291126072859,370.1291533959698,947815
2016-12-23,362.795166015625,371.1377498789373,361.580965257993,369.1500201962429,742775
2016-12-26,357.9580078125,362.7265985482793,357.41944213490285,361.86491736983004,631655
2016-12-27,363.9211730957031,366.0165977516652,356.41086728722945,360.1415317853005,488215
2016-12-28,367.7106018066406,370.716684528151,363.27492800499164,366.79997371408103,834995
2016-12-29,374.7313232421875,377.2673899365495,365.2332874599472,365.2332874599472,1598070
2016-12-30,380.46929931640625,382.8584953866275,375.8867546763294,377.14010098512307,657505
2017-01-02,378.4228210449219,383.42640493533673,376.7680082795592,381.8107676464338,789170
2017-01-03,374.5060729980469,380.8609263165138,373.0666806726075,380.8609263165138,977750
2017-01-04,381.9086608886719,382.84866307368566,374.6333780588864,376.00422080414205,1095045
2017-01-05,380.1755676269531,385.2378999250355,377.22823299957304,384.8168606588766,531060
2017-01-06,375.8279724121094,381.0078006602023,375.0250395682155,380.31259289640656,525860
2017-01-09,373.80108642578125,378.94176934322815,371.0985464154698,372.08752545329895,502960
2017-01-10,373.92840576171875,376.3469760112149,372.097348141494,374.43756743661606,436235
2017-01-11,375.6027526855469,377.6394589397165,373.5562749746867,375.61255402436797,579840
2017-01-12,373.76190185546875,379.1767532014589,371.23563660279444,376.9834047723382,596020
2017-01-13,375.5440368652344,376.00425159763137,371.1475383814926,375.02507385909587,482730
2017-01-16,383.30889892578125,385.79601868225274,374.0458861335547,376.0042415583377,713690
2017-01-17,408.3464660644531,413.1934075258199,382.0947148947676,384.0334974557406,6303880
2017-01-18,412.1554870605469,437.2615875322778,406.2412454368006,413.2129858192449,13084445
2017-01-19,400.4444885253906,420.0672172506703,396.5669533485349,413.2129736125475,4381110
2017-01-20,406.9266662597656,409.02212093701894,399.7591080152179,402.05038030840933,3005415
2017-01-23,431.5921936035156,434.7549486950597,416.37579191432604,417.91307836933385,9230915
2017-01-24,432.5223693847656,437.87847253150534,427.117319306496,436.71324869262935,3974575
2017-01-25,429.69256591796875,435.734105882501,427.90068375427626,432.01324232444784,2296530
2017-01-27,444.65435791015625,455.9247024675687,429.95692138579096,430.01566965549046,4570575
2017-01-30,439.0437316894531,446.0742208806511,437.1539257719707,445.91754885216756,1055005
2017-01-31,426.62774658203125,440.23831097821335,424.80646047547674,440.23831097821335,1276740
2017-02-01,448.85504150390625,450.950496077713,417.2863627355471,424.96311214324675,3588240
2017-02-02,446.2308654785156,453.6138737504884,443.9591660283498,448.8354817629438,2108335
2017-02-03,443.6556091308594,449.834217868856,440.2480600646688,446.8966848441807,1018990
2017-02-06,441.67767333984375,448.4144204076292,438.5344915427142,448.20877158432717,1129935
2017-02-07,445.5160217285156,456.4534490385425,440.9334775772506,447.7191714030234,2361250
2017-02-08,444.09625244140625,448.46337651823336,436.22365554339075,445.5454162802636,1707785
2017-02-09,441.8833312988281,448.2577879771732,437.71202454538934,444.56626875620924,1457445
2017-02-10,460.7520751953125,462.95522511792086,439.98372362518813,442.35334691231003,2926310
2017-02-13,459.2930603027344,466.8621141989599,451.77298321766693,465.50104293927154,2153700
2017-02-14,462.0935363769531,464.85479467921647,454.6419788146579,460.17432664023795,1260780
2017-02-15,453.37884521484375,462.0837492597804,452.1059261652254,460.957700887867,1038490
2017-02-16,453.672607421875,459.15600837671985,451.4107093838478,455.10219845996596,1387035
2017-02-17,462.896484375,465.27590904055046,452.77178992956715,456.2968358395181,1174565
2017-02-20,458.1180419921875,468.8302478972956,456.3065872414116,462.36769929879995,1363960
2017-02-21,473.0407409667969,475.28306621048154,455.4253142663292,459.2147569711545,3771880
2017-02-22,469.486328125,475.4299438738142,467.9000650486607,472.9428241747184,1527795
2017-02-23,456.5611877441406,470.00530868556854,455.3372155861053,469.8094611874298,2146240
2017-02-27,454.1719970703125,461.58437971871564,451.59678472035347,457.80476799344365,1691940
2017-02-28,459.25390625,464.6100093727753,454.338445037549,454.338445037549,1641620
2017-03-01,455.92474365234375,463.1510802994684,454.1426329581263,459.2343692609951,866335
2017-03-02,451.2540283203125,465.54022672208254,449.1585737950174,459.17557196405875,1882920
2017-03-03,447.5722961425781,451.400884234632,446.5049961192889,451.3029604958992,797245
2017-03-06,451.3323974609375,454.14263284922686,448.0815201280721,448.4634137976559,561860
2017-03-07,444.7033386230469,452.38008804646444,442.7841587377253,452.38008804646444,874735
2017-03-08,438.8282775878906,447.62130401070766,435.9299199895045,445.52584940852785,1234960
2017-03-09,434.2848815917969,442.1379058494824,432.9238401311241,438.4757609413693,801795
2017-03-10,432.9042663574219,439.8466629917807,431.64114855857736,435.1465918011761,688740
2017-03-14,438.9360046386719,445.38878250475597,434.7451250123633,439.63124236486703,1196700
2017-03-15,444.87957763671875,453.8390473132981,435.3423967224679,439.8466199670718,3060455
2017-03-16,434.2555236816406,442.39248826046503,432.79655842028916,442.39248826046503,1767890
2017-03-17,431.9250793457031,438.38765841806554,426.99004504212445,435.47949932960915,2189770
2017-03-20,428.811279296875,433.5798698736724,426.9214735238594,430.83818429013337,1584840
2017-03-21,423.35723876953125,431.17108725455086,422.0451442908774,429.858992775897,1626815
2017-03-22,418.0599365234375,421.53600545177807,414.03550058424827,419.0880611692474,3992400
2017-03-23,431.75860595703125,433.6875871700648,418.30471427877444,421.0463998130769,1655595
2017-03-24,436.1061706542969,438.4366183713087,429.46734701546296,429.46734701546296,1613400
2017-03-27,429.28131103515625,434.7549109452096,427.4306507870333,434.7549109452096,955020
2017-03-28,428.3413391113281,433.021807784182,427.4013069113764,431.79783553832965,953400
2017-03-29,433.5700988769531,435.146560618629,428.3412935842815,429.8590070549714,1630210
2017-03-30,429.6827697753906,438.142849649142,427.90065917188747,432.9923952155729,2480020
2017-03-31,425.883544921875,429.6435836483387,423.49434897868485,428.2923136612078,1341170
2017-04-03,400.845947265625,407.23997608442335,392.2585700869725,404.4003668937985,5140180
2017-04-05,397.67340087890625,402.7063581714172,394.0504318296528,400.4836357914612,2677560
2017-04-06,398.0552978515625,400.15075242037057,394.8044506796091,396.5669585425011,1432075
2017-04-07,396.38092041015625,400.82639551343755,395.03945174885024,398.916987054912,1366915
2017-04-10,369.9529113769531,398.52530837841664,366.56493515177146,397.5461307165532,7077845
2017-04-11,368.4841613769531,373.01775893543874,359.94573058805145,364.273679313207,6235955
2017-04-12,373.38983154296875,376.00424923658034,360.46470340474104,363.27493871555026,7468110
2017-04-13,372.4498291015625,376.5427848491915,368.1708271943019,374.04589358570036,4646955
2017-04-17,376.95404052734375,379.5390541177533,371.1083484605298,372.08752616095336,1747350
2017-04-18,369.1695556640625,377.9527805896592,358.4475780697169,377.9527805896592,2061510
2017-04-19,373.3310852050781,375.602784727705,370.52084987969965,373.45838309208966,952585
2017-04-20,369.7962341308594,376.52317979150257,367.78890202317393,372.2833537237848,4275445
2017-04-21,372.8023376464844,374.86838825653354,369.8452018586558,371.8525340792235,879185
2017-04-24,378.168212890625,380.7042795594421,372.48899415733763,374.24173061540205,1497160
2017-04-25,376.3175964355469,380.8609656131787,374.5159129787159,380.29305567177465,1383200
2017-04-26,370.0410461425781,379.6859524105652,368.1708131600846,376.41550249654154,2362705
2017-04-27,362.4915771484375,371.8916586610952,359.88696101957737,371.8916586610952,3290845
2017-04-28,367.377685546875,375.0152596933829,361.5613675883297,363.2749285721606,2233510
2017-05-02,379.0984191894531,379.9992458854512,367.3874629665668,369.8941553377104,6098125
2017-05-03,379.3040466308594,382.8976418031135,377.01277448471706,380.90011100309295,1390365
2017-05-04,377.1596374511719,383.29910039884516,375.02503736062164,377.3946604053978,1106820
2017-05-05,371.8329162597656,377.01277446506907,369.74726305601723,376.5623611069956,935340
2017-05-08,372.6750183105469,375.61255125064764,370.7264344737647,372.4791708283547,714720
2017-05-09,371.50982666015625,374.2417408977876,368.8072865591819,371.69587281969484,701955
2017-05-10,384.34686279296875,388.83151389173946,372.08756738307403,372.08756738307403,2660460
2017-05-11,418.3536682128906,431.6117425075704,385.7960100079085,385.7960100079085,12814325
2017-05-12,426.2947998046875,434.0597018705717,412.50799059154923,412.82133463510826,6786475
2017-05-15,421.52618408203125,433.77570625201685,419.2838887409192,426.9214625866351,2161450
2017-05-16,415.465087890625,424.4049851100668,413.496961025263,420.85056526309523,1865815
2017-05-17,415.40631103515625,427.3131146833936,413.5458795018351,417.01217670278146,1516035
2017-05-18,400.5228576660156,414.1921700896853,398.74074706744045,413.99632259541886,2247310
2017-05-19,376.160888671875,405.7810125105154,374.3787781816075,405.37954608916084,3659445
2017-05-22,403.7051696777344,409.2570903291539,378.94175805199126,378.94175805199126,8576840
2017-05-23,394.49114990234375,403.421246500038,378.3542892847738,400.48371315173677,4224375
2017-05-24,393.9329528808594,400.42490539745194,385.3455757591032,397.3502732728352,2525480
2017-05-25,391.48504638671875,397.3013645016012,388.4398179855955,394.6086257403457,3114535
2017-05-26,402.7554016113281,409.4823480112627,389.7421208722056,389.7421208722056,2016060
2017-05-29,395.166748046875,403.6072549646806,389.71272113466074,402.44203112147125,1424095
2017-05-30,409.7760925292969,411.9009214234243,391.67110525133666,395.58781630385005,2218925
2017-05-31,443.63604736328125,455.7092952466881,423.2006135614262,424.9631214671931,16110560
2017-06-01,453.15362548828125,460.8891228184482,430.83815884821485,430.83815884821485,5418895
2017-06-02,459.0286865234375,463.93434609770776,450.93086845189663,455.31759496308615,4056740
2017-06-05,486.64154052734375,493.2901658184413,455.51350136248783,459.1168683116431,8535215
2017-06-06,476.0174560546875,487.4542442900347,471.58175243684997,483.77252661726106,4861240
2017-06-07,460.35064697265625,477.82894610355913,458.51955945830474,477.3883340403199,2817775
2017-06-08,464.60028076171875,476.5854071479496,460.30167599231595,463.5427520322665,6093050
2017-06-09,465.3247985839844,472.7469519360078,461.5941341717036,472.7469519360078,3563030
2017-06-12,464.2281799316406,468.63447983208033,456.29683413442245,464.1302561796486,1605855
2017-06-13,463.84625244140625,472.2671865024249,462.2795621701721,466.8719078998982,2428835
2017-06-14,462.3481140136719,467.0677576462957,460.5562319909655,466.0885799573098,1236730
2017-06-15,451.54779052734375,466.87191556096616,448.4242112727441,462.5635396559731,1679530
2017-06-16,447.0141906738281,454.92596318536874,445.0754379618154,454.92596318536874,1799830
2017-06-19,450.4021911621094,455.4645233839203,447.0729629140933,449.23696725173045,1371620
2017-06-20,447.11212158203125,454.1426103747704,445.2125144322636,451.9884373400119,1037470
2017-06-21,454.5636901855469,460.28208456591324,442.118319672006,447.48422441157703,2868540
2017-06-22,449.3446350097656,459.76309995265075,446.83794251926264,453.40821643820465,1786920
2017-06-23,440.3753967285156,453.7999453487501,438.9262327666082,451.400947881127,1526635
2017-06-27,446.28961181640625,455.3176314240128,441.71683879998824,452.3800983180514,1963810
2017-06-28,463.728759765625,471.75802879629214,446.1133626413362,448.071718026169,9428755
2017-06-29,460.2330627441406,470.7690236933385,458.2551346725652,470.7690236933385,3128170
2017-06-30,469.6821594238281,471.96363021427834,458.6468081156236,461.1828746589277,3318520
2017-07-03,476.22308349609375,482.9206554221831,470.4067655293603,471.96365449671976,2007785
2017-07-04,494.3182678222656,497.8922903523438,477.05538997868473,477.6428726961635,5772495
2017-07-05,508.22265625,509.95576022773247,496.48229470809616,502.51403323372256,5546655
2017-07-06,500.3500061035156,515.0474730233658,498.40145203211637,510.14178315719175,3443130
2017-07-07,513.5786743164062,519.3362436446977,497.4320445279205,497.4320445279205,4690480
2017-07-10,516.6044311523438,517.9850455256139,462.2698358301931,514.0683344063276,410580
2017-07-11,516.9667358398438,524.8295025426098,512.5114290122568,520.9323940002844,2597265
2017-07-12,523.6348876953125,526.2786197240954,519.5516735785185,524.8392571646143,2349155
2017-07-13,519.79638671875,526.4058352856051,516.6434636448115,525.8183526520314,1706505
2017-07-14,522.939697265625,528.9518633446022,519.2677804890255,519.9434155664907,1738420
2017-07-17,539.5758056640625,542.4447888663966,522.871038163435,522.8808395017369,4417085
2017-07-18,534.9443359375,539.3212313053905,532.5159945126799,536.3934997214398,1585745
2017-07-19,535.5123291015625,543.2477973773001,533.1035303496707,536.1977057071125,1511620
2017-07-20,528.3447265625,539.5073166204782,526.151378049954,534.8268782346461,1157810
2017-07-21,529.6763916015625,536.5893838274551,519.55166780752,529.6176433296703,2131725
2017-07-24,517.3289184570312,534.2295334056046,512.8932152394863,529.7350819225941,2599720
2017-07-25,508.43804931640625,520.4133741362599,502.5531814461955,515.6349819104116,4238110
2017-07-26,503.7771301269531,509.75015001261505,502.5140123970124,509.11366059582446,1588895
2017-07-27,498.55816650390625,511.42454710932225,495.46396110561193,506.7441083565351,1706300
2017-07-28,501.3585510253906,508.7806744569966,497.4320391528041,499.3903944197891,2127150
2017-07-31,496.5802001953125,504.85426383103106,494.48474554403896,503.8456820988169,1265980
2017-08-01,517.7010498046875,519.1600149774237,494.48472562694917,497.4222586504756,3168050
2017-08-02,508.83941650390625,520.8833490600355,506.6656708709715,518.9641394067189,2455245
2017-08-03,511.46368408203125,520.5112760780073,507.90926440300336,509.87736129324225,2177555
2017-08-04,508.40863037109375,518.6802549221346,504.08068155477014,511.5224681333332,1544165
2017-08-07,503.92401123046875,514.0486748863201,501.73066280847627,508.97654171939695,1356360
2017-08-08,499.0281066894531,509.5542663172685,497.42224101676396,504.5506829213294,1251420
2017-08-09,496.6291198730469,503.22876774058795,494.4847184066141,498.7833226783636,1074905
2017-08-10,487.7871398925781,499.38059963953043,479.40538163037525,496.62911284385166,2490530
2017-08-11,473.68701171875,492.13471592317836,472.94282710760285,480.0124912671053,2829980
2017-08-14,484.6831359863281,489.95111653071984,475.4103224345401,480.5803792373895,1382105
2017-08-16,499.0771179199219,500.7417320748981,486.49467765097967,487.8263749513875,1073100
2017-08-17,509.4465637207031,515.987463087829,498.15661701098554,499.4001618378984,2587270
2017-08-18,509.5445556640625,513.0891745698345,502.3280199555483,507.60580271678134,1080495
2017-08-21,495.9730529785156,517.9458317375106,492.19344158944733,510.51384707087163,1118480
2017-08-22,488.1396789550781,499.7331398765593,486.063826915649,497.2264472385165,684315
2017-08-23,483.6061096191406,491.48847849394025,480.1985603174444,490.3722015239915,962140
2017-08-24,502.73919677734375,510.73906181158276,494.4847359801199,494.4847359801199,4184660
2017-08-28,503.64984130859375,508.56533262262354,499.77230587673023,505.98028907995933,1654810
2017-08-29,502.03424072265625,505.05986647206333,494.48475883013356,502.1223332512903,1295940
2017-08-30,500.4674987792969,506.0390222703512,498.61686846916285,504.2961170456838,806585
2017-08-31,497.99017333984375,504.2765072187474,496.27661239298396,501.0843784068864,2494885
2017-09-01,499.4393310546875,502.40626790986306,497.657220626751,499.57643026397307,835110
2017-09-04,503.4637451171875,519.9433213586493,498.5874596459576,498.5972609845359,3623425
2017-09-05,501.2410583496094,517.0058252864757,499.81146727547326,509.172403691226,1249680
2017-09-06,497.2949523925781,501.3389609013018,495.12117679650987,499.6743469298319,1310495
2017-09-07,497.1676940917969,510.14179909320814,494.57287906794124,497.49083947865677,929690
2017-09-08,496.6683349609375,501.13338305706395,493.7210004063395,499.1456534435784,1244950
2017-09-11,505.4710693359375,511.6105324661635,499.5764603880624,499.5764603880624,2072345
2017-09-12,509.9753112792969,514.0682666880734,500.9962390730078,507.2140231322325,847925
2017-09-13,520.1784057617188,528.7364101854528,509.75993960922955,509.95578712240433,2615440
2017-09-14,514.63623046875,527.2480439810142,513.2849604664171,524.0559151280906,1004265
2017-09-15,518.7781372070312,523.8600718837262,511.32660921954783,513.6374542586395,1875520
2017-09-18,522.6459350585938,528.7559947691994,516.7121201745324,520.100037002996,1150000
2017-09-19,523.2725830078125,533.2504060893458,521.6177703161893,523.4292251424055,1404340
2017-09-20,515.36083984375,526.797628776327,512.8345445182257,526.4059337711583,755985
2017-09-21,502.0733642578125,515.7133024085998,500.35980328764936,512.8932658594188,983190
2017-09-22,482.8520812988281,501.4956023675735,480.79580224329766,497.4222496119084,1367215
2017-09-25,478.9353942871094,489.26573700410955,473.92200921866464,485.2706752337268,1745285
2017-09-26,483.0087890625,486.53383486403203,473.46180620283934,480.58041753652617,1053585
2017-09-27,470.96490478515625,486.66112225023574,470.0052998736799,485.67214320280254,1074190
2017-09-28,470.40679931640625,474.90122172585257,468.0469772885722,472.88411789630936,1120000
2017-09-29,469.54510498046875,479.38582940921054,468.04696421915304,471.96367521680287,1331780
2017-10-03,480.2181091308594,483.204619025807,470.45570632976563,476.74204027121255,1225485
2017-10-04,469.7997131347656,483.7138209534951,468.1644731020267,480.3846224942096,1346345
2017-10-05,469.1729736328125,473.9024185031152,467.4692140528215,468.0469252910698,733310
2017-10-06,462.4068603515625,472.27698814927703,461.19268958457735,471.7286510363075,1870890
2017-10-09,460.68353271484375,464.7275114943231,458.26496261283665,464.1302274437786,974565
2017-10-10,463.97357177734375,470.3969752925274,461.01646579171376,466.0885992589968,1233455
2017-10-11,470.41656494140625,473.12887641952284,466.0885863486026,467.92944521028016,1450595
2017-10-12,478.1422424316406,485.2804559649331,472.72739114824054,473.66739333812234,2736010
2017-10-13,477.35894775390625,482.6660743503021,473.6282829694239,482.3429588454833,822255
2017-10-16,473.7751159667969,481.12871986112117,470.55361310384427,481.050398796591,960870
2017-10-17,487.7676086425781,490.17637749077323,472.90366799450675,474.7053514313963,2031100
2017-10-18,490.2057189941406,497.0305885114693,487.6990265634154,492.22282259258157,1585910
2017-10-19,483.5375061035156,492.8984418883696,479.75786489983545,492.526349606532,248675
2017-10-23,489.8825988769531,492.35014584339496,480.9721055758806,480.9721055758806,1286205
2017-10-24,492.1836853027344,498.186049633346,485.9071524000587,492.33055598738775,1556430
2017-10-25,497.1676940917969,502.0146358376302,484.89859825555897,497.0306247474723,2105135
2017-10-26,504.2079772949219,509.17241551793353,489.5888610749361,498.40146057428495,3146610
2017-10-27,592.5493774414062,622.1107530175387,530.7338877578298,533.4559705411583,30119580
2017-10-30,602.3313598632812,611.7901897586404,581.4552849891227,599.2567276687477,9378550
2017-10-31,597.5628051757812,605.9739083066424,592.8529627420834,602.977626879695,4329870
2017-11-01,598.4243774414062,605.915049763412,595.3399442848865,598.2774769047132,1984695
2017-11-02,608.137939453125,618.8403452136682,597.2298848475484,598.4245127938927,2366510
2017-11-03,607.237060546875,611.8685518364249,604.319070428517,611.4181085896852,1452770
2017-11-06,607.2860107421875,622.8745027162336,601.4109446461927,607.6776459566961,2142525
2017-11-07,599.021728515625,618.0569444155013,591.5799425196855,609.9885301446204,2072000
2017-11-08,597.9054565429688,609.0289003906336,594.3804408810751,601.1856777904459,1574195
2017-11-09,610.3900146484375,614.7865130785814,588.7502107963214,604.9359875395731,2091060
2017-11-10,593.6950073242188,611.212510044618,589.4747539906546,609.4402008665844,1987485
2017-11-13,586.8897094726562,597.8858554732576,583.648633807635,596.2800495312049,1210955
2017-11-14,591.1491088867188,596.3191956242971,582.6303110463523,585.548241351937,2420345
2017-11-15,583.4527587890625,594.1454213652065,581.7881448922554,585.5482132266401,1138175
2017-11-16,610.4878540039062,613.7485322763215,583.6290185332974,583.6290185332974,3317740
2017-11-17,623.8438720703125,631.5695982434106,613.7485526657053,618.8402885113729,2872845
2017-11-20,635.4472045898438,639.01136612535,620.7986841552097,624.127912360802,1810350
2017-11-21,627.0164794921875,641.3712594891286,624.9504286803541,640.1864328375639,1464310
2017-11-22,646.178955078125,652.1323724494963,626.8794001426013,633.7238429578292,3427145
2017-11-23,639.8436889648438,648.558334758143,632.5488030449859,648.0197989684655,1877360
2017-11-24,638.7470092773438,645.405405721,634.9967419317866,641.3613970166849,1131355
2017-11-27,648.8717041015625,652.8178191284703,636.4655387192905,636.4655387192905,3057100
2017-11-28,661.003662109375,665.1945711387968,643.7114111042706,649.2731329853245,3266065
2017-11-29,659.720947265625,666.4674956745915,655.5300382013445,663.5887109686802,1952250
2017-11-30,643.2511596679688,658.5851149734552,640.8815665139186,657.8115263889758,2735480
2017-12-01,628.9061889648438,652.8176881335564,622.7569252301314,647.8238467424976,1941145
2017-12-04,648.2940063476562,654.9622042792054,620.9945265326386,631.3737865350776,1959560
2017-12-05,665.204345703125,669.9044464682747,638.6197070420988,654.9817281381728,2225360
2017-12-06,657.9388427734375,672.2936208430879,653.7283907571798,665.057483538799,2716485
2017-12-07,658.72216796875,666.9178802003349,650.1935688008114,656.4407270516286,2239240
2017-12-08,669.9337158203125,678.942161593981,659.1921663534208,664.6657356091724,2803105
2017-12-11,677.3363037109375,679.5296519734633,666.1345095722456,673.4783415749478,2016480
2017-12-12,664.303466796875,680.2934540951218,661.1407422029724,676.8075841520274,1526315
2017-12-13,657.1752319335938,672.3034817665634,654.0809964878493,666.2619712212153,1375625
2017-12-14,656.4700317382812,663.882413348112,647.8826250546289,660.9350792073974,1552725
2017-12-15,657.94873046875,670.7367900907116,655.207044593496,663.8825455204416,1723675
2017-12-18,666.9863891601562,671.5395889065567,642.5461545095383,655.4615094460866,1367460
2017-12-19,682.49658203125,684.445135874391,669.8651672059768,671.5199797247699,3009020
2017-12-20,687.2848510742188,691.1036082430962,671.6180078847385,683.2701866483561,2106460
2017-12-21,694.0313720703125,698.84896960395,686.4035989551198,690.7217465124688,2012565
2017-12-22,696.077880859375,702.8537741277174,691.319091357227,695.8036824036462,2013305
2017-12-26,700.0728759765625,703.0495545251562,693.845260685557,703.0495545251562,1403705
2017-12-27,701.0618286132812,708.9050515461992,695.8036491496891,702.0704103303095,1657415
2017-12-28,709.7667846679688,715.2697589592607,703.2552883500739,705.9871728157361,5418430
2017-12-29,718.4911499023438,722.2413569925241,711.0395631194759,715.5829614208255,1297135
2018-01-01,713.5855712890625,723.0248589392625,711.6957654439614,723.0248589392625,903690
2018-01-02,703.4412231445312,719.9109380508659,694.1977840601768,717.5413449544603,1964390
2018-01-03,704.6456909179688,710.8830484211841,699.3581071479721,710.8830484211841,978700
2018-01-04,722.407958984375,724.5915061553867,705.8304875085048,711.6663484170593,1288910
2018-01-05,774.1868286132812,784.3506973454303,726.7946067086563,732.2290306833663,6133535
2018-01-08,768.3607177734375,780.0128960085025,762.9947835847444,780.0128960085025,1638570
2018-01-09,752.8995361328125,772.2089524062902,749.8053607445288,772.2089524062902,1800895
2018-01-10,750.1284790039062,767.3228372512059,746.5348537674292,755.8664460578585,2282635
2018-01-11,749.5899047851562,756.8945318994938,741.2570933136134,752.008444925088,1677425
2018-01-12,745.9864501953125,755.337644331672,735.7540918186835,755.337644331672,1585775
2018-01-15,742.3145141601562,754.945929097451,739.3769813621117,748.9533669705806,1630870
2018-01-16,723.3185424804688,746.1333697875237,720.8901412671846,743.1958368356044,1717180
2018-01-17,721.5756225585938,726.3540145727424,696.9786832222868,726.0406705332923,4191660
2018-01-18,721.3602294921875,737.7516547630917,708.1511317725292,728.077374226163,2035530
2018-01-19,727.3233642578125,730.6623936001189,711.6467798709793,722.6331247060876,1753230
2018-01-22,741.6585693359375,763.1123865348087,728.5669680704377,736.1457940205713,4505035
2018-01-23,734.5007934570312,749.0709628488802,730.8582809912019,747.5043023878437,3570780
2018-01-24,683.0450439453125,710.4228758998169,668.9938070922977,704.4205113907311,13209785
2018-01-25,659.4859008789062,681.497793733079,657.184797709408,675.6325295964,5070500
2018-01-29,643.2708129882812,666.79062110552,641.0284577677367,663.882491973545,2366945
2018-01-30,642.5657958984375,655.011166618795,636.3480410902847,640.9697313844472,2999680
2018-01-31,643.4371948242188,648.1568381386402,639.4029877987274,643.3196982906031,2172405
2018-02-01,646.8056030273438,663.4124779212597,616.979829512346,645.4543330538255,3806790
2018-02-02,623.20751953125,646.2671445992293,617.6653397559165,646.257343259018,2491110
2018-02-05,624.6565551757812,632.1570292311629,599.266487397308,609.0484619751093,2081690
2018-02-06,611.2222900390625,622.796177905626,579.6732124663398,606.5027060030894,2640665
2018-02-07,612.4070434570312,627.3786475500614,604.7792714150949,622.7569579327503,2061685
2018-02-08,617.76318359375,625.6748957232227,609.048478880908,615.7068747357574,1291660
2018-02-09,625.4987182617188,630.1694151306849,601.2151226545823,609.0485444481272,1665755
2018-02-12,640.02978515625,646.9427779647774,630.012755722386,634.7520025234288,2131800
2018-02-14,629.5525512695312,646.8350626355202,626.6737662651799,646.2573214609668,2186245
2018-02-15,648.8424072265625,653.1116081930651,630.7961671134202,634.5072295488848,3264300
2018-02-16,635.5450439453125,661.2778613076376,629.0237470841026,655.8531788704529,2787430
2018-02-19,635.1632080078125,643.9072580561729,629.6308896341876,642.9280803159631,1163110
2018-02-20,629.6406860351562,648.2156589343892,627.3591851843686,635.2709579971996,2132730
2018-02-21,622.3065795898438,636.8474044253495,620.7986674332956,634.3113078630602,1267660
2018-02-22,618.3115844726562,627.4472695683057,616.6175663776675,622.7570298055035,1918455
2018-02-23,634.2819213867188,636.4654684076154,621.1903210715368,628.2403522947974,1246120
2018-02-26,636.0738525390625,641.8706279408764,632.7446839950491,639.59892835329,931155
2018-02-27,642.3112182617188,647.5791994877941,637.9441236215561,641.9489272650487,1000480
2018-02-28,644.6808471679688,649.2339878045473,635.3003076762483,641.7531152849904,1509765
2018-03-01,635.4569702148438,651.9365488569633,631.5892658255995,646.237727050356,1249635
2018-03-05,624.979736328125,636.2500806155434,618.8402733524229,636.2500806155434,1084850
2018-03-06,593.2348022460938,626.6737455428769,585.8714263756655,623.7362123606447,3867755
2018-03-07,601.1954956054688,603.6826451732301,583.0121588325703,591.4233214387111,3653765
2018-03-08,587.8395385742188,609.6947311994518,579.7808658492904,605.1219882933442,3449210
2018-03-09,583.2472534179688,596.896993707307,579.6732307080651,589.4650082538095,2751760
2018-03-12,613.7681884765625,619.4278046470658,600.2359451515163,600.2359451515163,3885385
2018-03-13,603.4476318359375,619.907605769337,597.8956515209039,616.8819205295127,2202460
2018-03-14,609.7633666992188,617.1757497492187,594.723210172036,597.4943000547177,1651295
2018-03-15,624.5880126953125,627.6626447114202,611.3985190728961,611.3985190728961,1997670
2018-03-16,611.3104248046875,628.0445979202792,607.7364023097192,625.4008061890676,2237395
2018-03-19,594.997314453125,619.8096422827148,592.4220724891657,619.8096422827148,1358285
2018-03-20,596.103759765625,600.3044100963613,590.2384358208161,593.0291278007517,1146775
2018-03-21,601.7732543945312,608.4610549099203,594.4392228846837,600.8234209352756,1608165
2018-03-22,598.19921875,604.4268342907875,595.4379304873684,601.2151027747858,1270875
2018-03-23,602.9677734375,605.9151076767128,586.7232499651906,597.4942039340419,2342040
2018-03-26,608.5491333007812,611.006878866195,597.494238690276,607.8636969645851,1788440
2018-03-27,625.547607421875,632.3333610163805,609.0484881987229,614.2577203820373,2207405
2018-03-28,612.8966674804688,623.9320188679534,611.0068617624341,623.9320188679534,1326350
2018-04-02,639.6967163085938,642.340507790461,613.9443572936266,613.9443572936266,1926760
2018-04-03,636.23046875,639.0798493674112,624.9111776965141,637.8167317352408,1197565
2018-04-04,617.8023681640625,647.2364468511716,615.1389737955185,636.5633862273459,2147500
2018-04-05,636.847412109375,638.4238738962781,624.8818292850054,627.8487664655731,1346950
2018-04-06,650.6047973632812,655.4615400015633,640.1765315298493,641.3613579963964,2756355
2018-04-09,651.672119140625,656.4309080962355,647.4322632533787,651.348973787562,1040330
2018-04-10,656.0784301757812,662.0024430113834,648.9205841733963,654.2865183404871,1547150
2018-04-11,677.5712890625,680.5088218301539,657.0281623652689,657.0281623652689,3159375
2018-04-12,672.9985961914062,677.5909418147967,664.0783020378163,673.870078653637,1343170
2018-04-13,682.4574584960938,690.3202841786206,672.254443512157,678.8443501270654,2767245
2018-04-16,686.0315551757812,689.9482664312802,678.8346221495102,680.3327331273177,1397350
2018-04-17,683.03515625,687.3827073881536,676.0732175314143,687.3827073881536,1013200
2018-04-18,670.3353271484375,687.7744806149155,668.0048793049842,687.7744806149155,996830
2018-04-19,681.2432861328125,685.4243940611501,669.1798096256246,674.8492867913452,1391025
2018-04-20,675.88720703125,688.0485773000732,671.7355031561775,682.0364118940656,1243195
2018-04-23,683.1722412109375,688.5577181507676,670.8345672720437,674.6533839168998,1326900
2018-04-24,698.486572265625,701.0911583733645,684.6801323106117,684.915125371249,2036975
2018-04-25,693.6591796875,703.5391080014981,687.578525019869,699.7398941193891,1725055
2018-04-26,688.4696044921875,696.9199126548069,685.620223738625,693.2381950143837,1085565
2018-04-27,699.906494140625,706.7705402377604,690.3203647747068,692.2199721406861,1459325
2018-04-30,709.3555297851562,711.8426197486551,696.910159099371,704.5575349167287,1223405
2018-05-02,702.2662353515625,716.2097157797959,696.7143147087144,712.8413422117414,1353925
2018-05-03,683.6520385742188,703.7741271148914,678.3938594307743,702.2760164037377,1305730
2018-05-04,681.1845703125,686.981345637273,678.5701824474548,683.2702237063586,1664485
2018-05-07,681.0768432617188,686.4035723765812,678.295952278496,681.8993788315989,804490
2018-05-08,657.9976196289062,681.1159910132525,654.1494584012053,681.1159910132525,2750480
2018-05-09,645.8165893554688,657.6842173661662,641.6452831188284,656.8421389537318,1710410
2018-05-10,635.574462890625,658.3794894093262,633.1362602797029,645.6697823218169,2066075
2018-05-11,634.4679565429688,641.557192998345,628.8474267634556,639.5988377448484,1411010
2018-05-14,626.1058349609375,640.7739586421309,620.7987081645668,636.3872015788049,1607415
2018-05-15,626.0274047851562,644.9059169824733,618.6737717792437,628.4361433231613,3868875
2018-05-16,629.6602783203125,636.7201718405342,620.8085324393385,625.6162691867438,1556795
2018-05-17,628.0054321289062,638.4238978108386,623.4816356709586,632.548831266567,1371325
2018-05-18,618.1940307617188,632.1766562303274,613.9443735543981,627.8487078429318,1738560
2018-05-21,611.0068359375,622.4632260641799,595.7610331960022,619.2319518654392,1375320
2018-05-22,631.8633422851562,643.035793034804,606.874768636688,611.9860474178762,3781535
2018-05-23,629.5230712890625,638.7861132940895,623.246568902439,633.5279341396355,1494570
2018-05-24,610.8404541015625,640.7739241883739,606.6984917042282,634.4484145989321,2852790
2018-05-25,636.5242309570312,654.2767268168295,616.8917307131335,626.477858544941,10261485
2018-05-28,643.9072265625,646.4726673352317,636.4655000065899,640.3822107758612,1435845
2018-05-29,663.177490234375,666.0268709973707,641.3613827569563,644.2989158077515,2977410
2018-05-30,663.2265014648438,672.4992863406617,658.1151623835042,660.3672593212665,2468240
2018-05-31,654.795654296875,670.7366952444199,652.8372989822927,667.7991622725465,2188075
2018-06-01,638.5706787109375,664.861572663888,634.1349756144223,655.6377366519389,1562450
2018-06-04,645.5228881835938,655.0698706026913,639.0505380357108,640.7739003218504,1459805
2018-06-05,636.4556884765625,652.71981534212,630.5904237557745,648.411469423464,1459000
2018-06-06,647.618408203125,650.0663526604789,628.6321366484641,639.9905750248784,1543655
2018-06-07,655.1971435546875,657.7136372785606,649.1947797989351,650.7614401280397,1148650
2018-06-08,657.0281982421875,658.9865535275592,649.5277237954887,651.162933724781,1230560
2018-06-11,661.5226440429688,667.2018623672535,654.4431491095309,657.0281924066844,1178815
2018-06-12,671.333984375,674.6534110018719,659.9266004394035,665.0574818403289,1321370
2018-06-13,672.2740478515625,676.7978440928093,664.6756192560051,676.7978440928093,1027665
2018-06-14,676.6705322265625,681.39017586523,670.8542143559674,674.8492760661396,1905280
2018-06-15,663.1480712890625,684.8368803982411,659.4272081280005,680.2836803662992,1812392
2018-06-18,651.8875122070312,669.0720677933957,649.0478731523968,662.9032606296059,749102
2018-06-19,659.3292236328125,664.8616010672791,646.5509677006452,647.6280989364817,1635356
2018-06-20,653.1605224609375,665.30235076921,651.0553261045377,662.8054593973426,1242456
2018-06-21,640.137451171875,655.9511956686728,634.6050730036504,654.0907340463671,753118
2018-06-22,667.11376953125,669.6596674650457,633.7727800757166,634.2623689363389,3056663
2018-06-25,660.0147094726562,669.8554332965655,654.3844377595835,667.7991840548877,1374458
2018-06-26,686.5014038085938,693.943189561071,655.2656736650295,658.0073590415172,3234528
2018-06-27,663.931396484375,693.9921624214804,658.1052774889721,688.3618909097718,2344906
2018-06-28,643.9561767578125,670.8835609339442,639.5008708372642,658.9865291104227,1597592
2018-06-29,651.1041870117188,657.7136361156323,643.56450719218,650.7614389774039,1372947
2018-07-02,636.8572387695312,652.1323879140635,618.2528613365474,652.1323879140635,2397334
2018-07-03,641.7041015625,648.705246238936,635.0946518838392,641.1655657637587,1458878
2018-07-04,653.0136108398438,655.9511438444957,631.7654434866752,644.2499587564462,1163914
2018-07-05,616.1476440429688,650.1740733325884,611.9861383025117,648.4605121453413,2379864
2018-07-06,623.2955322265625,630.5904178014974,607.2370543398641,611.9860421210185,1458596
2018-07-09,627.897705078125,633.4300830324723,620.7497197645914,626.6737329434698,547672
2018-07-10,625.0091552734375,634.9967804265232,617.1757331556084,629.8560971616979,720399
2018-07-11,606.9432983398438,628.2894208870042,604.1526656860605,624.7153982296703,1010894
2018-07-12,590.2972412109375,612.8673345742075,588.4857864064066,609.1464115742043,2181247
2018-07-13,595.2910766601562,599.6973761768646,583.9325798251951,589.464957568545,1633359
2018-07-16,562.3906860351562,599.6973921274515,560.0896423542664,595.8296282737257,1370230
2018-07-17,567.9230346679688,575.5606083537548,561.7052805217047,566.9438570219895,910605
2018-07-18,545.7936401367188,584.2753094143634,543.4435898963278,568.1678252925121,2675999
2018-07-19,550.199951171875,554.9978858482963,536.5893577893956,541.5341930205515,1763889
2018-07-20,555.144775390625,562.9781965168304,541.7789766883328,551.5707530960897,1571898
2018-07-23,567.2376708984375,573.6512733468888,549.8083185240807,561.166756764196,2377847
2018-07-24,570.0772705078125,580.8482252383253,548.2905666210934,548.3395135533793,5350884
2018-07-25,566.454345703125,575.5606871038392,563.3699117905638,567.9231123730553,1287804
2018-07-26,566.3563232421875,573.6511482351692,561.9500242328269,568.3636252824897,1476131
2018-07-27,582.7576293945312,590.9337392464191,568.0699639617288,568.7063936052587,1677576
2018-07-30,587.7025146484375,589.8567177141375,576.5398640670725,582.6107782470383,848296
2018-07-31,574.8262329101562,593.577508990508,572.818930661545,584.8628039174739,1141665
2018-08-01,580.5054931640625,583.5899269184148,570.7137158667737,576.7356828103126,972126
2018-08-02,585.744140625,589.9056460527108,573.7002662811843,579.6732266364273,930237
2018-08-03,601.8515625,604.1526060565859,583.8836168827106,587.4086922579665,2043631
2018-08-06,588.7305908203125,609.1954286106659,585.5482633023648,607.041225722587,1121991
2018-08-07,575.5606689453125,593.3817159310795,573.7981609498557,589.4650049348347,728962
2018-08-08,592.4514770507812,595.4379571919055,568.9022644593201,575.707561675499,1481135
2018-08-09,597.4453125,600.235945109075,587.6535352551538,595.2421626199095,973878
2018-08-10,592.7942504882812,602.3901807562885,589.4650221386016,597.6901393764756,710281
2018-08-13,595.1441650390625,605.0828421143423,586.2336723099752,592.4024795658249,999936
2018-08-14,612.2308959960938,616.8330434326444,594.360901830674,594.360901830674,1365566
2018-08-16,614.2870483398438,621.7777809451222,603.2713002522333,608.5588832399897,1364199
2018-08-17,625.3518676757812,627.6529113859209,610.1256064914351,611.8881741788133,1905157
2018-08-20,616.9798583984375,630.5904526327067,613.9444313675576,622.8549247273137,1050665
2018-08-21,609.4402465820312,623.8341114848567,607.5797849785661,616.8819734673596,987581
2018-08-23,630.7373046875,633.5279370733864,603.3203305946796,611.7901813755124,1886308
2018-08-24,618.7913818359375,636.3676341391371,615.2663061299546,632.744664565321,1205896
2018-08-27,619.0361328125,627.7507781871774,617.0288305487085,622.9038965486418,565806
2018-08-28,618.9872436523438,625.6945873892287,616.7840936967478,622.7570541151008,603000
2018-08-29,627.1143188476562,633.5279203075002,618.8402560036169,620.2111285776829,662633
2018-08-30,632.9893798828125,648.0197323368042,626.8695198015034,627.1143142047558,2277787
2018-08-31,617.126708984375,636.4654674174435,609.6359761159886,633.2341931510992,1753048
2018-09-03,596.9557495117188,624.3237202858666,594.4587983946448,623.1977017124633,1216509
2018-09-04,590.0524291992188,602.0473554364164,580.8971420585723,597.2983677298425,1200690
2018-09-05,581.7784423828125,593.3816739832148,569.9793035293269,587.506607904173,1285638
2018-09-06,589.1713256835938,594.16510882463,578.6941107110965,587.4088175023029,746384
2018-09-07,592.5003662109375,598.3754320524511,586.2826121010398,593.3327030637081,817130
2018-09-10,582.8065795898438,592.3535621746231,576.7846128229697,590.4441537048144,717543
2018-09-11,566.2584838867188,584.5691198620519,559.4042396002291,582.1211754740199,1961943
2018-09-12,559.7958984375,586.0378486287588,553.8718853540887,568.9022390197308,2588213
2018-09-14,569.7835083007812,573.4554245518236,556.1729148245462,559.6000366588524,1122659
2018-09-17,558.52294921875,570.0772334066658,556.5155872472932,570.0772334066658,912697
2018-09-18,555.7322998046875,569.2939470064618,553.235408586046,559.3063223676307,645164
2018-09-19,549.2697143554688,561.0687930772784,541.9258819853474,558.1312601292299,863419
2018-09-21,525.96533203125,550.0530798464571,496.1003819260346,549.318696562283,3405712
2018-09-24,510.2984313964844,530.4205191729536,502.6607982863577,530.4205191729536,1029721
2018-09-25,519.06201171875,523.8600057707644,496.14929218471354,509.17234205756534,1394559
2018-09-26,522.5872192382812,533.1623278375772,516.4184108690479,519.1111498985306,1194600
2018-09-27,504.1296081542969,526.308006666507,500.45772171084815,525.6715172643678,1153803
2018-09-28,503.5910949707031,517.9850195655479,494.4847540276024,508.1932422580706,1630419
2018-10-01,505.7942199707031,512.2568285341209,484.692952864505,503.24838190176644,1397723
2018-10-03,492.33056640625,505.7942606235087,488.60970286633386,505.7942606235087,1124397
2018-10-04,479.9439392089844,492.2326371588222,473.92200238649144,484.6929569861844,1255447
2018-10-05,461.5843505859375,480.09080268975873,456.2967971108644,479.9929088278434,1046998
2018-10-08,455.0238952636719,470.44594424612376,450.7154894200112,465.1094137564859,1001645
2018-10-09,452.575927734375,458.9895294733638,429.0756638253388,458.40201689921173,2220759
2018-10-10,461.78021240234375,473.82408624049765,453.4082250817549,453.4082250817549,1819418
2018-10-11,486.3575439453125,489.0992293743387,442.97995672417625,450.4217127371287,2491373
2018-10-12,510.8370056152344,518.3276789794432,486.8960994798148,491.9388585357084,2467853
2018-10-15,522.0975341796875,530.4694911222582,511.2286264218102,515.0474431570057,1701165
2018-10-16,515.4881591796875,525.3778309468661,509.1724504852379,525.2309901370186,1219071
2018-10-17,522.1954345703125,540.2123274353763,512.5016115866056,520.4329267336623,3902709
2018-10-19,518.768310546875,528.7559345976836,508.4379982219392,520.8246194844228,1610958
2018-10-22,498.6951904296875,526.6997084954727,495.6597634667775,519.7475109700853,1124949
2018-10-23,501.2900390625,508.9765601569129,488.6586227362172,496.9326863134016,634301
2018-10-24,510.69012451171875,516.5162438597672,497.5691491275369,508.6828221519413,1167721
2018-10-25,524.3497314453125,526.6507754553767,501.5838467467065,508.1443502041055,1732582
2018-10-26,507.26300048828125,527.5809379617945,504.374414292206,525.818430037427,1274221
2018-10-29,525.6715698242188,528.4622623692482,503.6890763685448,508.1932702725748,1301776
2018-10-30,550.5426635742188,553.9208386028049,520.28604864238,522.5871521032495,2622983
2018-10-31,564.7897338867188,568.9022925325792,541.5832084518992,552.2073232673943,2886623
2018-11-01,606.8453979492188,620.7986805966998,582.6107491404359,588.4858155183227,6327332
2018-11-02,602.0963745117188,615.5110608087858,599.2567353567742,611.9370981639898,1535180
2018-11-05,618.742431640625,624.7153918893466,597.2984154427922,601.2151263637286,1321439
2018-11-06,612.9161987304688,627.6038619650151,605.6213140377931,626.6736313406429,1820650
2018-11-07,612.083984375,619.3299235923004,608.1672733957602,613.552750992215,250830
2018-11-09,612.4267578125,618.595565907477,604.15269357327,611.0069380708597,1203332
2018-11-12,620.30908203125,628.4362451073779,612.1819189551221,612.9652491737372,2876707
2018-11-13,625.05810546875,628.0935924138008,616.0007110977721,621.7289369098704,1877437
2018-11-14,634.458251953125,639.4030877693914,620.9456105963039,625.7435458404534,1717750
2018-11-15,630.19873046875,639.5009184217602,619.8684179053649,636.4654915217461,2784321
2018-11-16,633.6258544921875,639.2071792357493,628.5831252854553,632.548782947054,1512060
2018-11-19,637.3956909179688,640.8228126268218,629.6112167978648,634.4581580246661,831311
2018-11-20,615.21728515625,638.4238066451287,610.2724501404547,637.4446290275748,2781080
2018-11-21,624.7153930664062,632.0102791232481,611.7902350501103,613.4548491474977,2425802
2018-11-22,613.74853515625,627.5549757918299,610.0276720628121,619.8194485004175,938568
2018-11-26,623.883056640625,627.3591253064797,614.0422735565402,614.9235573374093,1141284
2018-11-27,633.2342529296875,636.4655275010705,620.798683747198,623.7362169510491,956364
2018-11-28,621.9736938476562,636.4655120145186,615.3642442998132,633.6258727475172,1000593
2018-11-29,620.4069213867188,629.072679255751,616.1964695378701,625.2049156711045,1924604
2018-11-30,658.3991088867188,660.9449469990838,623.0018111528401,623.0018111528401,3996990
2018-12-03,654.9229736328125,662.5116007254693,646.6979169006198,660.9449403281745,1056341
2018-12-04,644.2989501953125,658.49702736527,639.0603732141726,654.9230047236778,639243
2018-12-05,632.108154296875,641.410342476524,627.750801565134,641.410342476524,634807
2018-12-06,630.6882934570312,640.1373815803264,619.2319628906347,626.1841002227437,1118905
2018-12-07,623.5892944335938,637.2488353035121,617.6652813005508,632.5487942956541,817334
2018-12-10,606.8453979492188,621.7778583263475,604.2505530599458,611.9860810298696,654693
2018-12-11,597.98388671875,611.0069393383318,593.6265336119609,599.7463947832183,1046506
2018-12-12,627.5059814453125,629.6112373265258,597.9838107635977,602.1942627617626,1485652
2018-12-13,623.24658203125,635.0946078389438,617.077774711837,629.1216480048361,1634609
2018-12-14,613.6995849609375,630.1008104066426,609.3422325165399,623.6872088269951,1172655
2018-12-17,621.9246826171875,627.359106397389,611.9860059744589,611.9860059744589,1147005
2018-12-18,631.5696411132812,634.2134329591669,614.189236260939,625.6945746843205,2438537
2018-12-19,629.0238037109375,642.2916501272637,622.6101417063048,639.403063843113,4008028
2018-12-20,624.2747802734375,635.4863777819198,620.3580691623008,626.6737777818624,1276198
2018-12-21,608.9995727539062,629.2195560778258,604.935961458018,626.6247710727727,1351216
2018-12-24,595.9765014648438,614.7277176316836,593.9691394679487,610.0276768575435,1163240
2018-12-26,606.8943481445312,610.3214702167172,576.3439908624777,594.3608850905331,2830572
2018-12-27,618.4486083984375,621.2882476202956,604.2995385138464,610.6641935328092,1939485
2018-12-28,625.3518676757812,626.6737336770504,620.7986674238281,623.6872536178487,1541941
2018-12-31,622.5610961914062,631.4716480677533,617.7631618865335,630.590364336115,1354900
2019-01-01,608.0693359375,620.7986457075282,606.1109805882649,620.7986457075282,1292037
2019-01-02,606.8453979492188,612.3287693295401,599.3546644117068,606.9922985143722,1096370
2019-01-03,607.1880493164062,612.3287320843729,602.341167660876,603.1734447747467,1291984
2019-01-04,592.0107421875,607.0901008564103,588.828415045914,607.0901008564103,1405001
2019-01-07,594.9483642578125,607.0901920035906,590.9337594744628,596.319236984172,1239175
2019-01-08,587.80029296875,597.7389693731271,585.7440439436925,597.0045861835699,1324469
2019-01-09,581.7784423828125,591.9129074634544,577.8127249680491,589.9545521037738,1469533
2019-01-10,574.336669921875,582.2190384806437,570.3710121763345,582.2190384806437,1375874
2019-01-11,579.2816162109375,582.1702029412505,571.1055047296057,573.798243928931,928898
2019-01-14,584.4222412109375,587.0170862652741,574.3856688435995,576.7357194499524,924828
2019-01-15,591.6681518554688,594.8504795237026,584.4712193422466,588.2899766855672,1149115
2019-01-16,582.8065795898438,593.3816868078235,579.8690464868348,590.4441537048144,743176
2019-01-17,582.5618286132812,587.3108169116298,578.8409650248128,583.9816483384816,666895
2019-01-18,572.1334838867188,584.2263636159214,570.9095118350339,582.6106966019933,844196
2019-01-21,575.071044921875,583.5899027708798,571.8887174319332,572.721054326322,845920
2019-01-22,584.7649536132812,592.5004218389772,568.1189321661492,577.4211206218994,1897923
2019-01-23,568.1677856445312,590.3461815361857,563.9083871158455,588.4857202453481,2208148
2019-01-24,559.8449096679688,583.5899714247649,553.4313070019768,578.645135465379,4920065
2019-01-25,543.2966918945312,562.096914613112,538.5477042266009,559.7958710553025,1699151
2019-01-28,532.7705688476562,549.3186960754202,528.7559641367681,547.2134400902809,995460
2019-01-29,540.94677734375,544.8634884697589,529.3434847743874,531.4976878465461,889786
2019-01-30,538.6456298828125,546.7728526195913,532.9664111649265,544.2269547362189,813316
2019-01-31,528.5601196289062,542.807143456925,526.210128966909,540.5060997279197,3109820
2019-02-01,533.0643920898438,549.4166127366871,521.9996356809269,529.735163827366,2464873
2019-02-04,544.8634643554688,546.8707667658563,529.9310038484333,531.8893593247658,1317498
2019-02-05,538.4498901367188,548.6333032848902,533.6518950643772,548.0458205171326,1377111
2019-02-06,545.7936401367188,550.1019858917551,532.2319939717407,540.5060569779694,1010896
2019-02-07,561.4605712890625,565.9647652381914,543.0519809404876,549.5635371798182,2439820
2019-02-08,540.4570922851562,564.4469436632547,532.9663596838426,557.1520585362466,1034579
2019-02-11,516.5651245117188,531.1548944762256,511.32654832248187,531.0569408588875,1687509
2019-02-12,517.446533203125,524.3497249115715,514.1173046948032,520.1392722199445,655752
2019-02-14,510.88592529296875,514.9495363380415,501.0452021251798,504.32542325968967,1559519
2019-02-15,497.1774597167969,512.4526073947101,493.50554347073484,507.9484140385788,1469667
2019-02-18,498.7441711425781,503.10149401037233,486.4554729878444,500.35980838304414,1888823
2019-02-19,501.8285827636719,511.13077112709607,494.72954427579555,494.72954427579555,1556531
2019-02-20,517.1036987304688,529.2455256293348,505.3535668016028,506.1369567416031,1802403
2019-02-21,525.3287963867188,527.4340521884736,507.8504996670676,518.9641418172617,1377694
2019-02-22,522.146484375,529.6861642691322,518.2297737561533,525.2798648229297,1320461
2019-02-25,513.284912109375,523.9089652099639,507.7035878122041,521.901663074069,1247358
2019-02-26,511.3755798339844,517.4954407702456,501.5838023359665,508.97658239411663,1451486
2019-02-27,529.9798583984375,535.0226467766607,511.2285840754971,514.0682229268908,2947688
2019-02-28,534.8758544921875,538.5477711134153,527.336173743746,533.2601872731401,2663737
2019-03-01,552.8436889648438,554.8020443062201,536.5893635371248,538.7435663654911,2334745
2019-03-05,554.948974609375,560.530299584325,546.674910895694,554.3124851836052,1510553
2019-03-06,551.3259887695312,563.9574049304871,548.5353562467511,555.144805682638,2147710
2019-03-07,548.5843505859375,556.6625672612324,546.4790944557592,552.2073203204387,745615
2019-03-08,546.82177734375,556.5646070343397,544.2758795637742,553.1374852170451,1189052
2019-03-11,562.2438354492188,569.2939266935617,550.3957496702396,551.277033487381,2174306
2019-03-12,568.4616088867188,576.1481897863431,564.3001036097087,567.8251792323231,1859892
2019-03-13,564.3980712890625,570.4689254446461,560.3344597764147,570.4689254446461,1027092
2019-03-14,573.798095703125,578.6939838917182,555.1937205864707,561.4604813735741,1148193
2019-03-15,572.2803955078125,583.4919916709553,568.5105256571492,581.6315302107047,3407840
2019-03-18,561.8521118164062,573.553296440995,559.1104264068429,572.8189132189195,1074399
2019-03-19,563.0761108398438,568.1188997788196,556.5156084553574,562.0479862325149,1368113
2019-03-20,559.6979370117188,564.9855203802546,557.2989995112889,563.0271650236506,920117
2019-03-22,553.3333129882812,561.4115292851764,551.0322692215387,560.3834046184247,1020415
2019-03-25,540.6039428710938,551.6196911526351,532.0361386521172,549.5634420457844,1983101
2019-03-26,537.2748413085938,546.8218243343244,534.6799963753807,540.5061159182954,1128525
2019-03-27,528.70703125,541.8769837705847,525.8184449718823,537.6664716884472,1851486
2019-03-28,521.314208984375,532.2320040116693,519.2579000441781,527.776757620968,3681691
2019-04-01,537.9602661132812,551.0322648385745,533.7987607813151,546.7728656397977,2000332
2019-04-02,529.3923950195312,543.933158519803,527.2381923398685,537.5685040996792,1716206
2019-04-03,524.6434326171875,536.3935657542545,522.4402826539874,532.6727022137035,1673139
2019-04-04,526.797607421875,531.6934959666879,516.0266526232865,525.7694827803172,1794954
2019-04-05,525.181884765625,533.6517949582808,523.8600189040004,532.5257168063353,1331657
2019-04-08,522.4402465820312,532.1830765883411,520.4329442625636,526.2101165617763,1427858
2019-04-09,532.96630859375,534.6309223193898,521.0203309773527,521.9016146451187,1629349
2019-04-10,535.7571411132812,542.3665910651247,532.1341714090468,532.8196078013508,1895631
2019-04-11,543.0029907226562,544.6676047935299,530.7143223336508,534.4351857034322,1800769
2019-04-12,535.952880859375,545.6467638263285,532.7705533897732,543.7863023230101,1374575
2019-04-15,539.13525390625,542.6603297214455,534.6310600895906,537.4216928162192,985497
2019-04-16,544.4716796875,546.1852404470911,539.0372560885054,539.9185398134262,1172951
2019-04-18,541.240478515625,547.2624453301885,533.7497451379255,547.2624453301885,1248023
2019-04-22,538.3028564453125,540.8977008504779,534.6798875686824,540.5060059259891,602822
2019-04-23,542.9540405273438,545.2550842415465,531.0080605051787,538.5477408296466,1046858
2019-04-24,543.443603515625,547.8499030035896,537.6174844620195,542.4644258516329,1432922
2019-04-25,536.2466430664062,545.2060823567974,533.455951013917,542.9539858022637,1177111
2019-04-26,535.6101684570312,539.9185739737242,531.938252311302,536.0997572764618,722337
2019-04-30,549.4165649414062,551.1791325530738,531.8893205640637,531.8893205640637,2020715
2019-05-02,532.3788452148438,549.3186048555783,530.8611319671134,547.2623559088797,877395
2019-05-03,520.041259765625,534.973719897404,518.3276987668962,533.1622650330252,1177221
2019-05-06,511.3266296386719,519.9923287634507,508.78073164686197,515.0474931113378,914033
2019-05-07,511.42449951171875,518.9152328041828,510.1515804576714,512.1099358529024,623670
2019-05-08,515.8307495117188,526.0142204926526,510.15153136492245,510.83696764014536,1190506
2019-05-09,514.8515625,520.677681086542,513.0890547989618,513.0890547989618,834823
2019-05-10,526.6996459960938,529.1965368808153,514.3619725871791,514.8515613788601,1090708
2019-05-13,516.9078979492188,532.0361446139848,514.3130533081192,526.3079793490987,1168551
2019-05-14,520.041259765625,524.1048711826019,509.1724110508229,513.4318101990999,1035449
2019-05-15,512.6484375,523.811086415278,510.24944034772204,520.9225004467907,2194025
2019-05-16,512.6974487304688,517.9850325143944,502.31818843078327,515.2433467526159,1291009
2019-05-17,520.4329833984375,525.3288722356758,508.1932613053416,512.6974551298937,1647513
2019-05-20,541.9258422851562,545.4019107328464,522.3422907328099,530.959041462991,1832929
2019-05-21,539.673828125,551.1301597191318,532.1830946079764,538.449855966288,2785383
2019-05-22,531.4976196289062,541.1915023272774,527.5319620756676,541.1915023272774,867201
2019-05-23,523.07666015625,539.7226785378632,520.1391275006712,534.6309433153423,1039771
2019-05-24,536.5404663085938,539.820687903556,523.2726195945611,524.3496912263872,1006522
2019-05-27,525.181884765625,529.7350845365686,519.1599783507975,524.8391965094285,1316062
2019-05-28,532.672607421875,536.099728976979,526.0631587084602,526.0631587084602,2352913
2019-05-29,524.055908203125,535.5612459851517,521.3631695732889,535.5612459851517,721367
2019-05-30,528.3641967773438,533.0642969595395,514.3130224495369,517.005760786969,5659761
2019-05-31,542.5133056640625,545.7935862911678,525.5735461255812,530.7142282255519,2997826
2019-06-03,545.9894409179688,553.1864325987173,538.4498207251775,541.6321481295478,2090788
2019-06-04,559.893798828125,562.8313319382036,537.1768641573311,540.6529928156688,3599023
2019-06-06,545.35302734375,561.0688173426415,542.0727462180055,559.6979446685597,2004180
2019-06-07,539.8206176757812,554.6062358078586,533.700757463231,544.8144594677782,1692483
2019-06-10,551.9135131835938,555.0958405856219,539.5268918515336,541.5831410363702,2199870
2019-06-11,550.9343872070312,561.0688530554676,547.8499533761503,552.7458421462678,2144450
2019-06-12,563.5657348632812,566.9439100104976,544.7165634164728,547.8988910633366,2313546
2019-06-13,554.410400390625,566.3563797382861,551.5218143546017,566.3563797382861,1138787
2019-06-14,540.4570922851562,554.8020083730969,538.1070421220065,553.2353481071693,886986
2019-06-17,528.2174682617188,541.6322158739135,527.1403368392686,539.6248536025238,890517
2019-06-18,524.15380859375,530.4205697523945,518.0339479951767,528.7559557167298,832411
2019-06-19,509.36822509765625,527.4830116089574,500.60457318393134,526.3079864769938,1186752
2019-06-20,530.3226318359375,532.6237353477333,507.311955303573,510.2494884779174,1041677
2019-06-21,540.4081420898438,549.6123756839633,525.9162657784823,530.3225649845497,2726318
2019-06-24,548.3884887695312,550.8853800875323,540.7019673120193,542.807163623003,706786
2019-06-25,549.02490234375,551.1300983638115,541.0445808516619,544.9123443954608,746985
2019-06-26,554.948974609375,560.4813526510193,546.5770170290826,547.1155528239758,1166570
2019-06-27,564.1532592773438,566.0626079928345,555.1937593607893,557.054220908092,2277777
2019-06-28,572.7699584960938,577.5189460285212,564.3489951389969,564.3489951389969,2087870
2019-07-01,575.9523315429688,580.4565250295016,572.8189509694286,574.7283594255127,1217743
2019-07-02,582.5128784179688,584.1774328130946,569.9793551690741,575.9034284802351,2050192
2019-07-03,567.6293334960938,583.0513825116294,565.1324422750029,582.5128467210827,1319940
2019-07-04,563.0272216796875,569.2449766568775,561.3626075062156,566.0626488821662,1251513
2019-07-05,568.4127197265625,573.5044563005675,554.0187939408393,562.2439114653299,1252555
2019-07-08,568.853271484375,573.2106240085592,555.8302206060555,563.1250463354156,1472082
2019-07-09,557.05419921875,569.5876614160242,550.4447499598942,565.524050188208,931240
2019-07-10,548.7802124023438,562.8803369264609,542.6603511251392,558.1313484810582,953559
2019-07-11,554.410400390625,556.9562383887322,546.0873903204712,552.9416339076566,617876
2019-07-12,575.071044921875,580.9950579887603,548.4373998224319,553.3332882684963,2147283
2019-07-15,575.071044921875,580.2606747218506,567.9720066750816,574.7773035679638,958019
2019-07-16,584.5200805664062,586.7721770946857,571.8397186871864,575.3157872160806,1174333
2019-07-17,584.4222412109375,590.5421024105337,577.1763614091772,580.9461720024207,1452156
2019-07-18,589.3180541992188,596.8087872475714,581.6315334291344,584.4221658706907,2394106
2019-07-19,569.8323974609375,595.0462198285519,565.7687866493866,591.6190983416917,2291454
2019-07-22,587.0659790039062,589.2691288323654,565.2792751446987,569.9793161592255,1927371
2019-07-23,578.0574951171875,587.5065832366138,568.0209243202287,583.6388196107873,4023782
2019-07-24,567.384521484375,582.1211336896887,564.8876303406613,577.6169402447251,1146331
2019-07-25,570.6157836914062,580.1138189849821,562.0479791314752,568.3147400867294,1005011
2019-07-26,580.2117919921875,582.610789549067,568.1679170350355,570.6158615289391,839312
2019-07-29,574.7772827148438,582.2680156712612,563.761534110854,579.6731709832836,875622
2019-07-30,556.9562377929688,580.7992495328734,555.0468294143002,572.8189277449109,1315846
2019-07-31,581.6805419921875,584.911816678537,551.374978074686,556.956303313436,1403452
2019-08-01,563.5167846679688,579.3794758764624,556.0750578117696,575.8054532495778,1047139
2019-08-02,570.7627563476562,580.6524280975733,559.1594637050201,562.8313804088411,2397977
2019-08-05,572.42724609375,577.4700350362275,561.0688089457539,569.8814080391427,1969059
2019-08-06,580.2117919921875,587.5066785368743,570.8606559783295,571.7908868388669,1982100
2019-08-07,586.6253051757812,595.5358576336392,579.6731677787338,579.6731677787338,2073682
2019-08-08,585.1075439453125,595.3399614862079,575.75641012153,590.003431786482,2706881
2019-08-09,592.5003662109375,596.4660834653674,584.7159517823403,586.4295126527817,975937
2019-08-13,571.5460205078125,597.298381392026,566.5032315788798,597.298381392026,2947262
2019-08-14,576.2950439453125,591.3744049690747,571.3012614028316,571.8397972041947,2039278
2019-08-16,577.274169921875,582.5128061926607,567.923035344486,571.8397459330687,1241250
2019-08-19,573.50439453125,591.4233346036399,570.1751664241331,580.6523798343683,1896932
2019-08-20,566.013671875,576.6377860477746,564.2022169898031,576.6377860477746,1040092
2019-08-21,566.7969970703125,584.5201495906421,552.5499732536206,582.6107410913552,4891313
2019-08-22,552.64794921875,575.1690375996855,549.3187209436874,565.0834589046353,2496040
2019-08-23,570.3709716796875,572.7699688353124,550.2978301870976,550.3957240447721,1349987
2019-08-26,578.2044067382812,582.1700642981979,559.9427195206903,571.5460106203117,2182588
2019-08-27,587.0659790039062,592.4025094301379,577.4700494816923,580.6523770116889,2054499
2019-08-28,587.310791015625,595.8296492269405,580.7502882660249,591.4233494380807,1327138
2019-08-29,600.7744140625,605.8172026882411,589.46492455585,592.4024574024738,3203753
2019-08-30,615.16845703125,619.2320688345781,601.6558152522597,605.1808314505109,3145927
2019-09-03,608.363037109375,622.7569599284985,604.8380216192567,612.2797475491768,2193190
2019-09-04,600.0889892578125,609.8807656005313,593.9201821147517,608.3630522202618,1590757
2019-09-05,593.8712158203125,601.0192003645562,587.3107139317707,597.2983374285088,1309834
2019-09-06,596.4171752929688,599.3057617617251,589.5629306789633,594.8505147154756,829805
2019-09-09,604.3973388671875,605.9639990314533,595.0462052774193,596.4170179800883,865233
2019-09-11,603.9078979492188,609.8319115863005,600.7255701529723,606.1599948983239,1284170
2019-09-12,601.2151489257812,612.9652821295424,599.1098928210669,603.9568347204719,1180191
2019-09-13,603.1735229492188,604.2505946202059,593.8223869407659,603.8589593599696,735238
2019-09-16,597.1024780273438,602.1452664843714,594.2138922052868,599.2566806623145,1022438
2019-09-17,586.6253051757812,600.4806928045753,581.4846225223381,597.4452660006274,1466817
2019-09-18,590.982666015625,594.3608409027682,587.9961860990318,588.8774699006384,917920
2019-09-19,587.80029296875,596.7597917870509,581.6314861293207,591.3743150636312,1133182
2019-09-20,610.9579467773438,617.3226019201584,583.8347121389577,586.2826564246557,2496887
2019-09-23,634.9967041015625,650.5656525951076,618.9381667845003,622.7569835136372,3345282
2019-09-24,636.7102661132812,641.7530549101557,631.7164840102539,641.361359944943,1766379
2019-09-25,637.2488403320312,645.278109489457,633.7727714219287,637.5425816915408,2905402
2019-09-26,656.9793090820312,659.9657892019765,639.3051630302914,640.3822346262501,1934513
2019-09-27,650.4677734375,659.9658096539188,645.3760371371682,656.9793294414245,1238356
2019-09-30,653.1115112304688,657.1751224999016,648.4114703288891,650.7614608975476,944609
2019-10-01,630.54150390625,653.8459216583288,622.0715927338356,653.2094322354712,1120197
2019-10-03,607.6287841796875,624.8133429658972,604.8870982368506,624.8133429658972,1626483
2019-10-04,603.7609252929688,621.1413288743448,601.2640341961023,613.9443969308601,1464250
2019-10-07,604.4464111328125,615.2173663473635,599.5505223989256,605.13184750841,909608
2019-10-09,608.5589599609375,612.7694122523836,599.9422078789455,604.4464015369083,1045125
2019-10-10,602.3411865234375,618.3996649572156,599.0119584351743,609.3422712252575,1261320
2019-10-11,596.6129150390625,608.0693052059393,590.4441079535932,602.4390338614398,1194736
2019-10-14,603.8098754882812,609.195352150414,598.5712396038347,600.3337472858633,1068802
2019-10-15,605.5235595703125,611.9861089753852,604.1037398446359,604.1526867805002,1412617
2019-10-16,613.2100219726562,615.462118683336,603.4671921058269,603.4671921058269,1342068
2019-10-17,622.2184448242188,623.834052075644,612.1329270602165,615.4131482565961,1328903
2019-10-18,621.9736938476562,631.3737759655495,618.6444657252591,619.2320082102929,1461351
2019-10-22,599.4036254882812,630.8841512418782,594.0181483851135,621.6799171422936,2296738
2019-10-23,607.1390991210938,608.5589186879405,597.004634195873,597.2983755424677,960332
2019-10-24,596.270263671875,611.7902060848273,593.5775250361457,608.5589316748049,1517923
2019-10-25,614.1402587890625,623.6382943297838,590.7378881050004,590.7378881050004,3114733
2019-10-27,616.0986328125,621.7778516304447,613.9444298776202,617.8611407540325,113846
2019-10-29,603.2713623046875,618.1059284942554,599.5504989652186,616.1475730772439,1029850
2019-10-30,599.2567138671875,612.3287114159393,596.4170748140735,612.2797644869394,1086890
2019-10-31,611.9371337890625,616.0986391379766,597.9838511485857,602.1943034311045,1111478
2019-11-01,623.7362060546875,626.1841503484657,612.5246092363303,615.7558837512645,1978384
2019-11-04,623.148681640625,630.9821028566516,614.6787710450918,623.7361643261225,1315012
2019-11-05,615.7069702148438,623.7362398868054,611.9861066393303,621.7778843455595,896428
2019-11-06,626.3800659179688,629.0728049337638,610.517373217522,613.5038536276404,1282547
2019-11-07,635.192626953125,636.416599157149,622.7570574073881,628.5831770513956,1521095
2019-11-08,619.8683471679688,635.7310357147024,614.7766118639948,633.6257800388244,1190123
2019-11-11,613.9443969726562,625.4007876249984,610.3703745837773,618.8402853057715,656830
2019-11-13,607.237060546875,620.7986474731948,605.0339107727193,614.8256875467445,687275
2019-11-14,605.572509765625,609.3912672476245,599.0120066892438,606.1110455915683,867227
2019-11-15,611.4965209960938,614.1892598795833,601.2151543500426,604.0547938056118,785063
2019-11-18,599.942138671875,612.6225007814288,598.2775247679504,609.2443260455175,929243
2019-11-19,596.9557495117188,604.4953705056291,594.5078050944055,599.9911766834799,851204
2019-11-20,598.8650512695312,606.1109900808885,595.633776845539,597.2983908713118,683915
2019-11-21,597.8858642578125,604.6911610497355,594.4097954655282,599.3546307698421,837443
2019-11-22,598.37548828125,606.1110162718475,596.3192389492006,600.1870029444992,819210
2019-11-25,608.0203247070312,610.0276267748678,594.3607856377926,594.3607856377926,829182
2019-11-26,596.9557495117188,616.7840992919561,593.0390384440175,608.9506771565536,2257567
2019-11-27,594.1161499023438,600.9703947302241,589.4650551977106,599.1589396457074,1441634
2019-11-28,592.1087646484375,598.5713135355068,588.4857952208474,596.1233692958193,1403539
2019-11-29,593.62646484375,600.872403536826,586.0867848013357,592.4024927512887,1358216
2019-12-02,591.3255004882812,597.0047198058013,586.6253992117278,597.0047198058013,1116937
2019-12-03,583.2472534179688,596.6619408442248,579.8690782118335,595.2421809115056,1098309
2019-12-04,582.2190551757812,588.4858165623513,578.6940392485018,580.6034477775556,776164
2019-12-05,587.9472045898438,590.4440955285307,580.2116776083936,582.7085685470805,846201
2019-12-06,580.8971557617188,593.3327241885263,574.2387595237922,590.7378794437677,762604
2019-12-09,573.8470458984375,586.6253021905463,572.5251799856975,576.3929436295531,917364
2019-12-10,572.6720581054688,588.4858019812189,569.8814255458725,576.0012862153943,1280904
2019-12-11,574.679443359375,577.7148704679917,567.4335041291545,572.8189817352121,552314
2019-12-12,579.6731567382812,581.6315119975321,573.01476080968,577.3231065214762,714005
2019-12-13,577.91064453125,582.6106851646,575.0220585931282,582.6106851646,829328
2019-12-16,578.9387817382812,583.5898755450581,577.7148096838663,579.6731649709302,1112402
2019-12-17,571.6439819335938,583.1493209677934,569.8814738641872,580.6524295557784,1707930
2019-12-18,581.484619140625,583.3940274965088,562.1948673932009,574.6793823361,1884891
2019-12-19,586.8212280273438,595.8296755013351,581.5337039061067,581.5337039061067,2361340
2019-12-20,585.744140625,593.185867601788,579.2325846971105,587.5555955525322,1327369
2019-12-23,581.7784423828125,589.3180627061726,578.400267434511,587.4087140418941,554934
2019-12-24,578.98779296875,587.0170624902778,577.0294374641953,581.7784854213007,1043459
2019-12-26,571.30126953125,583.883679698527,569.5877084707269,579.673227331238,1158893
2019-12-27,577.51904296875,582.6107793800512,573.455491038358,573.7002854834757,1143386
2019-12-30,579.6243286132812,583.3941393543208,577.1274370988089,579.6243286132812,591123
2019-12-31,587.0659790039062,592.4025094301379,582.6107324147638,584.5690878178386,2466194
2020-01-01,584.4711303710938,590.1503484693384,583.3939991580211,588.4857346049587,372494
2020-01-02,581.3377685546875,586.9190929761775,577.1762636438608,585.8419617289373,448857
2020-01-03,570.9095458984375,580.6523759640085,568.0209597312612,579.1836094143524,1179798
2020-01-06,556.564697265625,570.7627756676637,555.5855194447947,569.1471083575852,1065809
2020-01-07,552.5499877929688,561.7053355381553,550.7385328761877,559.6000794873955,952333
2020-01-08,561.5584106445312,563.859454332574,545.8915674530535,545.8915674530535,1489088
2020-01-09,579.5263061523438,580.6523844292024,556.8583779307406,566.6501550711994,4138116
2020-01-10,573.8960571289062,583.9326290971792,571.8887546881051,580.4565600268747,729791
2020-01-13,571.399169921875,579.8690814519782,567.7272533217032,575.7565229069323,768907
2020-01-14,569.2939453125,572.6720606054114,563.2719784816965,571.741889590995,904799
2020-01-15,566.0625610351562,569.8324307494847,562.5864924196981,569.3917888654386,1024184
2020-01-16,572.867919921875,576.9804783474635,565.6220405665673,567.9230843301295,922525
2020-01-17,569.7345581054688,573.7002758612763,567.4824612010125,573.3085808499501,427043
2020-01-20,566.0625610351562,574.875159659041,563.8594113791851,570.8605553027527,1083383
2020-01-21,566.1605834960938,568.4126803542911,558.3271615446134,566.0626298631403,1266923
2020-01-22,576.4419555664062,578.4492580086738,564.6428755869625,569.0981224135243,1281675
2020-01-23,570.22412109375,578.4002909108314,568.1189248552046,576.6377829684341,1538990
2020-01-24,566.0625610351562,571.8397329276288,563.2719287099632,570.2240659408795,861701
2020-01-27,563.7125854492188,570.7626764869656,560.7261055674975,563.0271491408906,1598863
2020-01-28,642.24267578125,649.488554885154,580.6523746946149,586.5274408803951,25848157
2020-01-29,621.58203125,643.7114845256755,616.2945071947368,638.4239007061444,10611958
2020-01-30,621.2882690429688,634.360267819254,617.7142464264558,620.7497332448784,3678649
2020-01-31,606.1110229492188,628.1425221678899,604.2016143974139,625.6945778102597,1646074
2020-02-03,608.7547607421875,614.3850322646882,598.9140372513647,611.0068573983356,2345052
2020-02-04,631.1289672851562,633.9196595564491,606.404730646013,610.9089838724941,3522700
2020-02-05,639.158203125,643.3197080859824,629.6112211556874,637.3467484006294,3425633
2020-02-06,640.578125,647.9219584574345,632.5978020705468,643.319810871255,2117746
2020-02-07,662.5606689453125,677.4931300948787,636.5145041307866,641.5572936050361,6916358
2020-02-10,673.5763549804688,676.1221930616721,657.2730225816762,658.1052997101525,2604922
2020-02-11,657.2730102539062,680.5284798904504,655.0698604988652,676.6607161454149,2519026
2020-02-12,677.9336547851562,680.3326520962709,649.9781434815287,660.895998711569,2496467
2020-02-13,695.6077880859375,697.5661432778863,672.1564727094984,675.9262825482969,4769127
2020-02-14,688.900390625,700.5526280061866,684.4451444842844,697.0765594684528,1477021
2020-02-17,685.6201782226562,698.9369698857464,681.3117728094019,688.998352948474,1275171
2020-02-18,707.0641479492188,714.7017813311412,675.6325696993446,685.3753991427886,2267917
2020-02-19,714.8976440429688,719.548738307804,703.5881530992226,715.093491543815,2695032
2020-02-20,708.0923461914062,727.2352574227972,705.6933489801705,710.8829786066783,1945097
2020-02-24,688.215087890625,708.8268282442798,683.5150464371726,704.9590640091529,1852203
2020-02-25,688.6556396484375,700.1120302785756,681.5566015791792,689.9775653543736,2090631
2020-02-26,673.625244140625,686.697241238929,669.7574806547525,685.4243223074952,1913508
2020-02-27,672.1076049804688,682.8295531084053,661.4345440209825,671.7159099902206,2800806
2020-02-28,672.05859375,679.3045326708615,643.3686989536546,665.8408392305381,4245730
2020-03-02,643.7604370117188,688.1171780517416,633.968659309097,682.3890120014152,2311007
2020-03-03,653.5521850585938,672.695097645732,649.2437791592322,653.0625961956783,2133475
2020-03-04,650.8594360351562,662.9033099198425,633.1362836189178,659.7699292938087,1628869
2020-03-05,648.3626098632812,663.0012702902786,643.3198202433368,653.9928822626712,1377480
2020-03-06,631.6674194335938,637.5914914772143,616.8329152726301,629.6111704653034,1588183
2020-03-09,606.9432983398438,627.0164420133676,599.7463658552869,624.7153982296703,1336935
2020-03-11,595.535888671875,618.6444584698343,592.6962494381768,610.0277066687781,1471198
2020-03-12,532.0361328125,588.485746181357,521.1672851997125,587.5065685670785,2858789
2020-03-13,553.1375122070312,572.3783183472706,495.46392119042423,495.46392119042423,3091001
2020-03-16,513.8235473632812,549.3187423931411,510.9349609183422,528.6581148469858,2210731
2020-03-17,514.2640991210938,530.0288349324668,507.80149095615894,516.173507437194,2243358
2020-03-18,494.5826721191406,519.306879655546,484.301306063907,514.0683027616807,2108869
2020-03-19,489.0503234863281,509.7109494421825,466.52923595950875,480.2866709523867,1726998
2020-03-20,506.3817443847656,518.9152063217558,488.70756991551434,489.5888238219678,1771436
2020-03-23,438.76953125,479.50332935180165,436.51740462148143,474.90118223093776,1548756
2020-03-24,442.2945861816406,469.9073798380415,434.4121876401368,434.4121876401368,2197794
2020-03-25,455.85614013671875,508.1442502234628,433.4329780692158,441.4622467015534,5315856
2020-03-26,480.4335021972656,490.5679967288689,453.8977822261244,466.0885557743345,2963071
2020-03-27,460.6051940917969,495.46392694413487,457.2759958160296,493.50557150166793,1360535
2020-03-30,457.5697326660156,484.4971197343205,450.3728003916472,455.31763588224663,2142024
2020-03-31,474.509521484375,483.17525014393254,461.19269872935155,468.0469426595118,1847553
2020-04-01,453.2124328613281,493.3097442632279,448.85507987004354,478.8179253466928,2390621
2020-04-03,456.1009521484375,479.797063996634,453.5551140819156,455.3176219559894,2828163
2020-04-07,499.8702392578125,522.8809162853513,467.6063205791121,473.72618149069154,3596860
2020-04-08,510.7391052246094,528.5601527414427,494.4847780115222,504.27655579392865,3029867
2020-04-09,539.4290771484375,552.2562824993635,514.0194011337776,514.0194011337776,5291432
2020-04-13,559.6000366210938,563.3208998023799,537.2258508386235,543.7373464648088,3063731
2020-04-15,550.5426635742188,568.4126566559964,535.0716678179161,559.6000573279965,4778240
2020-04-16,532.5747680664062,557.837540447707,528.7559511799568,540.0654415162311,4217526
2020-04-17,519.0130615234375,545.401909114787,509.7108745636701,543.4925008912467,6951437
2020-04-20,516.2224731445312,527.5809100692961,514.3620116890085,521.069414503489,1885574
2020-04-21,512.8932495117188,520.9225183259866,499.2337389999305,511.0817947352748,3008708
2020-04-22,529.4903564453125,532.6726840614887,503.5910935854256,514.0683072284587,2579448
2020-04-23,518.5234985351562,537.7154158129639,516.0266075482584,532.6726271465894,2460719
2020-04-24,508.68280029296875,516.9079166384445,505.94111476589757,513.9703836242405,1442370
2020-04-27,511.17974853515625,519.4538127361159,508.19326825644515,509.9068293729168,1214764
2020-04-28,512.0120239257812,517.9360368345114,505.74526297641916,514.3130675282946,2151641
2020-04-29,521.21630859375,528.3642942737919,511.718272388967,517.0058561875007,2258773
2020-04-30,525.4757080078125,534.1414062754124,516.1245136704091,524.986119184462,3049732
2020-05-04,530.5673828125,546.3811256782466,516.8588957883146,538.5477045215692,12143351
2020-05-05,484.5950622558594,532.672695733206,477.83874176067,531.6935179836963,12416595
2020-05-06,483.5669250488281,487.97322480751154,468.53654100667035,484.69297345517623,8307352
2020-05-07,494.23992919921875,505.89216738421175,483.90961672799637,493.40762220284336,7738482
2020-05-08,490.91070556640625,503.98273276458593,488.80547966067707,503.98273276458593,4537570
2020-05-11,482.9304504394531,499.0379055699968,481.4127070850844,494.9743241179572,3776506
2020-05-12,494.9743347167969,497.81394411263295,477.54498335024533,479.7970801409109,3129331
2020-05-13,499.5765075683594,521.1184183945866,494.5337181737854,499.38066006254013,5925755
2020-05-14,528.5601196289062,549.3186991800054,489.5888584492027,494.4847470336947,15134694
2020-05-15,529.5882568359375,546.9686617229934,525.0840631371112,528.7559796625455,8456596
2020-05-18,531.3017578125,557.788560499465,519.0130905162486,530.8121689977946,12095957
2020-05-19,543.54150390625,548.3394984231576,531.6934779353118,541.4363077619329,4665270
2020-05-20,563.174072265625,566.943882466128,546.3811509777192,549.7593259608104,6641662
2020-05-21,597.2494506835938,602.9286693965961,559.453155566069,563.1740786413162,9001534
2020-05-22,576.98046875,600.7744752793278,571.9866863075939,598.2775840581247,5628139
2020-05-26,570.860595703125,585.5482611157269,566.6990905028878,579.1836061035993,3646789
2020-05-27,566.1605834960938,575.4138251291332,559.2573923542051,575.4138251291332,2987301
2020-05-28,551.864501953125,569.0001109001256,545.4019533416749,555.2916237425251,5927606
2020-05-29,581.7294921875,589.0733254995671,551.2770872925025,555.1937983922717,9119124
2020-06-01,577.029296875,594.3607508204739,571.9375618508703,589.4648632519362,4617364
2020-06-02,561.509521484375,579.5263571497122,560.0897017212137,578.3023848994472,3981967
2020-06-03,560.5302734375,575.462733019369,558.082329243751,566.845981410225,4512337
2020-06-04,566.3074340820312,571.7419184661642,560.9219563973548,562.0480347280397,2651308
2020-06-05,573.8470458984375,582.6106977587532,565.0344471088093,570.860566039249,4592442
2020-06-08,584.373291015625,598.2776275364286,569.685624218495,585.3035218656304,8090062
2020-06-09,595.535888671875,605.4745064612912,579.6731979902354,587.506619584698,6243812
2020-06-10,595.731689453125,601.2640071618655,583.7367635771291,599.2567049885303,3850474
2020-06-11,581.92529296875,609.4402220938352,579.9669375761146,600.1380339788172,5237813
2020-06-12,604.59326171875,608.5589193125037,558.1312695223284,558.1312695223284,7105642
2020-06-15,599.942138671875,616.6860520387279,593.9201724137608,608.9505847128858,5637181
2020-06-16,592.2066650390625,611.0068889599127,574.5325193865846,611.0068889599127,3943220
2020-06-17,592.9410400390625,599.9421844496679,585.7930548330663,594.8504484932516,2130297
2020-06-18,597.2984008789062,602.1942894107005,588.5347484541415,588.8774965099258,1954063
2020-06-19,605.1807250976562,618.2527823778194,597.2983570921608,600.2358899958928,4699787
2020-06-22,621.8757934570312,626.0863057853102,600.0890875267511,608.0694104586065,3202098
2020-06-23,609.4891967773438,628.974797962735,606.6006104888294,625.6945764364197,3497845
2020-06-24,595.340087890625,617.3715878536826,592.1088131822303,612.7694403529903,3650060
2020-06-25,588.5836791992188,600.1869705590129,584.5690746192639,588.4857853369808,3292075
2020-06-26,579.1346435546875,598.1306544508443,576.7356463158017,595.8296108372925,2952630
2020-06-29,571.888671875,582.4637781232284,568.9511390413667,576.7356130033468,1978694
2020-06-30,579.9669189453125,594.2629487108646,570.9095255453327,579.1835887662747,4671449
2020-07-01,586.7232666015625,589.4649521003397,577.7637670949972,581.6315308099697,2744307
2020-07-02,582.26806640625,593.0879684694246,580.7992997977394,587.9962322737347,2353091
2020-07-03,576.2950439453125,587.4087470954263,574.7773304090108,583.1003411559897,3083462
2020-07-06,576.6867065429688,585.5482525934111,573.0147902432609,577.9106786428714,3088879
2020-07-07,581.3377685546875,588.3878594152928,576.8335156161783,578.693977011428,3761703
2020-07-08,600.1869506835938,614.580874047396,581.337780978778,585.0096971550408,9455705
2020-07-09,612.4267578125,619.8195381391894,603.9078991269274,606.9923330565505,4709177
2020-07-10,622.8548583984375,625.6944973940357,605.6703031693404,608.7057896412314,4158881
2020-07-13,616.2944946289062,631.5696434961293,609.1954560004614,627.6529325287114,2830295
2020-07-14,606.6006469726562,620.4560367454555,602.1943468735813,609.5381803720396,2408930
2020-07-15,585.5482788085938,611.5943823549086,580.9461315540677,609.8318744049934,3661770
2020-07-16,596.2213745117188,599.6974436799873,578.4003269519847,589.367130047534,2825453
2020-07-17,592.15771484375,601.9984387886726,588.4857984639831,597.2983977754237,1703496
2020-07-20,587.849365234375,598.3265795921576,584.0306076930096,591.9619239256122,1507378
2020-07-21,580.9461669921875,592.2556584386515,579.8201483997345,590.9337923366465,1403937
2020-07-22,583.39404296875,594.3608448093532,577.7148244440172,584.0305323590118,3422942
2020-07-23,598.8650512695312,601.5088429852569,582.6107255220172,586.7722307043174,4553480
2020-07-24,586.3316040039062,601.2151172302107,583.8836597155096,592.4025177919829,3160507
2020-07-27,578.4981689453125,588.4857933645858,572.0845670104147,588.2899458731758,2275138
2020-07-28,573.063720703125,578.6939922008489,559.1593860950239,563.0271497723996,5321852
2020-07-29,565.5240478515625,579.4773295626055,563.0271567613861,576.735644056446,2126185
2020-07-30,563.6146850585938,572.1824903112652,558.3761080383813,564.9855578047278,2495978
2020-07-31,569.09814453125,575.5606940512432,563.6147130387602,563.6147130387602,1956449
2020-08-03,562.0479736328125,572.6720272774844,560.1875121837242,570.566831179054,1155421
2020-08-04,563.2720336914062,569.881483891175,561.0199366873021,567.9720752139433,1151809
2020-08-05,571.790771484375,577.6658370844934,562.3906306656309,565.964652811406,2191264
2020-08-06,567.580322265625,579.5752479188797,566.0625491674801,574.1407644033455,1721817
2020-08-07,574.679443359375,581.2398864498863,568.363734941236,570.4689312377711,1785701
2020-08-10,582.4638061523438,586.3315698556024,575.7564630984826,578.5961022133464,1656613
2020-08-11,570.6647338867188,585.5482464174048,569.3918148690985,585.254505069379,2551509
2020-08-12,570.4689331054688,575.560669357083,568.0209887310644,572.6231361077979,994206
2020-08-13,579.6731567382812,588.4857554049105,571.2032463363171,571.7418418440187,2677014
2020-08-14,571.9866943359375,591.9618841501963,568.9022605836931,584.3732567499834,2210749
2020-08-17,573.0148315429688,575.7565172915034,565.8668459172031,575.7565172915034,1126715
2020-08-18,576.6378173828125,582.7576784954495,571.9377162368924,574.7773556988634,1407930
2020-08-19,578.7429809570312,585.4503842150198,575.8543947226722,581.0440844635698,1025959
2020-08-20,571.2032470703125,578.204391036835,569.293898501497,575.7564469596257,2239962
2020-08-21,572.1824340820312,578.5960954808783,570.4199262703964,577.7148116929305,2012019
2020-08-24,569.1959838867188,576.2460752650745,567.5313698472888,575.2179506350415,1436488
2020-08-25,566.4053344726562,573.749166988688,565.0834087612134,570.2730982172853,1289679
2020-08-26,562.978271484375,569.8814628182371,561.6563456347408,567.9231072759064,1198038
2020-08-27,558.2291870117188,566.4053567260229,557.1521154394221,565.4751259512589,1710682
2020-08-28,572.9658813476562,576.3439967562288,557.8375732357358,561.0688478411298,4360899
2020-08-31,535.2675170898438,579.575308302836,533.6518499686366,579.575308302836,5003065
2020-09-01,550.2489624023438,553.2354426620907,525.9163588443969,533.6518871696273,3106660
2020-09-02,556.71142578125,563.516722216121,547.4092383597849,549.7103416331239,2636640
2020-09-03,568.1189575195312,576.5888094223486,558.5230272687423,561.950149484329,2771340
2020-09-04,556.4176635742188,569.636560993052,552.6478537715876,561.0198101839973,2120823
2020-09-07,548.6821899414062,561.8031947796559,544.4227909324421,558.620867314673,1915961
2020-09-08,538.8904418945312,552.1093413009148,534.6310426581807,552.1093413009148,1326313
2020-09-09,538.9883422851562,544.1779718088438,532.4278401638485,538.5477003956169,1885393
2020-09-10,537.8623657226562,546.3812247277168,535.0227858971502,543.4436912614389,1576321
2020-09-11,535.6101684570312,544.4227672067813,531.6445109724957,538.7924957833299,1650889
2020-09-14,535.2675170898438,542.6602968200426,532.8195728239325,538.547738500459,1379432
2020-09-15,530.1268310546875,540.0165019258653,527.8257275995275,537.0789688238208,2283249
2020-09-16,536.5404663085938,541.2405076104305,523.0278251542127,531.6935244368409,4483212
2020-09-17,540.5550537109375,549.5145538431154,535.806065627749,537.2748322222526,3359522
2020-09-18,532.3788452148438,544.7164584235452,528.462135019795,542.415415089656,2313366
2020-09-21,511.3755798339844,533.6518736419752,500.555677651528,533.4070792045246,2533017
2020-09-22,504.6681823730469,511.6692666794915,495.02324670676194,511.13073092734356,2263281
2020-09-23,498.5483093261719,509.9557233110051,496.6389307812484,505.8431651060247,1944241
2020-09-24,485.23150634765625,498.4014586115613,483.7137928371538,498.4014586115613,2366213
2020-09-25,500.8983459472656,504.8150567899994,486.2106802870139,491.4492870155968,1640253
2020-09-28,517.299560546875,520.4329411008996,504.71715116349924,506.7244534707724,1796687
2020-09-29,501.2900390625,526.6507058157978,497.71601652616584,521.9017178424493,3274515
2020-09-30,505.10882568359375,513.0891483663733,495.5128955486793,499.47858342239437,1537235
2020-10-01,511.9140930175781,517.3975240326678,508.29112355058874,511.13076280521227,2054700
2020-10-05,513.3338623046875,516.4672426111396,508.6827686548119,512.1098902915624,1182370
2020-10-06,516.5162353515625,519.6006690039171,511.2286518801728,514.9495749415097,1170598
2020-10-07,519.0130615234375,523.1256192900807,514.16612057576,516.3692701188629,1637674
2020-10-08,509.8089599609375,524.5455743167958,506.62663202051783,518.9642487453592,2207897
2020-10-09,510.4942932128906,515.9777244409032,506.6755358677246,511.5714245904502,1132946
2020-10-12,519.8944091796875,525.475733994755,512.2568351105621,512.2568351105621,2558798
2020-10-13,515.4391479492188,524.251746954522,514.1172222398661,522.8319273841486,1525944
2020-10-14,513.1380615234375,516.8589248290714,507.7036372435007,515.5370588403146,927326
2020-10-15,495.9535217285156,516.0266652535591,492.4284759135448,516.0266652535591,1129642
2020-10-16,499.4295654296875,502.2202576857361,490.37217185888363,497.6181106212319,1144560
2020-10-19,503.5421447753906,506.18593658413783,500.1150227399723,503.1994564775549,587946
2020-10-20,503.3952331542969,507.45884452703035,500.8983419647591,503.2973392897127,610616
2020-10-21,509.85784912109375,514.9495852016112,503.29734646528857,505.25570189900566,2641916
2020-10-22,504.47235107421875,510.93489983582936,501.828559393828,509.1723919703231,4009024
2020-10-23,515.6839599609375,518.8172807916544,507.01820145149367,507.2140489444795,1339542
2020-10-26,505.5494384765625,518.4256492370946,501.9754757024127,517.0058296082342,902690
2020-10-27,507.605712890625,509.51506147875494,499.5764442833047,506.96922351840817,686289
2020-10-28,501.7796325683594,511.4245091662396,500.0170947500997,507.2140569398621,1165964
2020-10-29,494.337890625,502.7588252098801,491.7920225111339,499.3806500361937,1482596
2020-10-30,493.79931640625,499.87023027428546,490.56804185586094,495.46393049713697,828740
2020-11-02,493.45660400390625,497.7649798213576,489.686763957837,497.422261656782,1350151
2020-11-03,499.0869140625,504.0806967111568,492.33056364206567,492.52641114607064,3279029
2020-11-04,499.8212585449219,504.76609387444756,497.9118501166956,501.33897199557157,1134793
2020-11-05,522.8319702148438,530.7143391291297,506.33278931140205,514.1172643566476,7942523
2020-11-06,532.8685302734375,541.5831761735207,522.2934227888369,524.7903140364937,3909524
2020-11-09,544.2269287109375,551.6197080535362,533.5049214355439,537.5685326096088,3311715
2020-11-10,552.207275390625,563.7615602877868,546.3811561278072,549.6613775142669,3905043
2020-11-11,557.2010498046875,559.5021532234425,542.0727426156448,556.8583615205761,3645524
2020-11-12,546.4790649414062,559.3552759432234,543.7373792616273,559.3552759432234,2274509
2020-11-13,543.247802734375,546.6259779184305,537.715484315749,543.4436502368633,1390255
2020-11-14,544.2269287109375,547.5561566437325,541.1425549561603,547.3603091598749,172352
2020-11-17,548.5843505859375,555.5364889098778,542.4644894682898,546.3812005835844,2550588
2020-11-18,552.011474609375,553.1375529643966,542.4644912347561,549.3187357088415,1248153
2020-11-19,560.1386108398438,565.7199358770748,548.0947366632499,550.2978865649781,3791641
2020-11-20,559.5021362304688,574.7772837498015,554.1166591254877,564.9855071952904,3212681
2020-11-23,554.9978637695312,565.7688176032402,551.5707420951693,564.0063098378488,2637746
2020-11-24,551.668701171875,560.8239881153701,550.1509280325251,556.5645893265269,797636
2020-11-25,538.7435913085938,558.0334042670958,535.659157597416,556.0750488350502,2096322
2020-11-26,545.4019775390625,547.800974850929,539.0862694369692,540.5060890512792,2490769
2020-11-27,536.9810180664062,550.3957033330483,526.0631639548465,548.2415604311913,4642422
2020-12-01,555.144775390625,557.2989781531835,535.610169504298,542.4644129897279,2308974
2020-12-02,557.5438232421875,560.0896614339081,549.4166002736046,557.6417171094591,1899715
2020-12-03,559.5021362304688,563.7615351259766,553.4801697437399,559.1104412625838,2234949
2020-12-04,567.5313720703125,569.5387341704587,561.1667170084696,563.027178547637,2086026
2020-12-07,576.5888671875,578.645176581423,569.0492453692725,572.8190562783863,2631889
2020-12-08,574.0918579101562,592.1087510048077,571.8397612143904,576.8335434425783,4130925
2020-12-09,571.6439819335938,580.2117875973595,570.1752152483767,575.1690578366762,1369040
2020-12-10,580.6524047851562,583.3451435931819,567.4335051821215,570.9095742359921,1736313
2020-12-11,581.0440063476562,590.1992929168982,573.8959621226571,585.4503055067206,1838624
2020-12-14,583.2472534179688,590.444186008384,580.1628195853524,584.4712256111868,1388614
2020-12-15,581.92529296875,585.9889043141739,571.8397746495306,583.5899070053428,1373269
2020-12-16,582.4638061523438,587.5065949984516,578.9877374181218,585.5482396817902,1655310
2020-12-17,571.399169921875,587.2129146523217,570.0773038515201,585.5483005073903,1916274
2020-12-18,576.1971435546875,579.6732125215158,567.3845440400023,572.8189684545384,1832076
2020-12-21,544.5206909179688,581.8763437942247,538.6456247627052,576.7356609083691,2746593
2020-12-22,544.2269287109375,552.256197435008,532.8195448884342,548.2415929551033,2077716
2020-12-23,549.6124267578125,556.3687767406666,544.178002518176,545.01027965096,1870824
2020-12-24,557.4948120117188,564.6918041256447,553.2354128275139,553.5781011244443,1878518
2020-12-28,567.7762451171875,568.7064760155827,558.6209562431015,559.1105451618072,1281903
2020-12-29,558.3270874023438,572.5251628039881,555.536395344155,568.9021936796823,2424274
2020-12-30,565.719970703125,568.4127096376704,559.6980033619793,562.5376428713896,1858973
2020-12-31,566.20947265625,569.6855413396793,561.2646375067864,566.8949089599181,1648221
2021-01-01,569.391845703125,571.7908430763953,564.985545951338,566.9439013965767,873143
2021-01-04,572.1824340820312,578.4491949281334,568.902212870496,568.902212870496,1812702
2021-01-05,570.1261596679688,573.3084868795117,563.5167108439948,569.8813652670808,1240679
2021-01-06,573.945068359375,583.3940978918882,565.7688981986936,571.8398122680919,2493024
2021-01-07,601.1171264648438,607.0900856599899,571.9375874394594,576.7355813769905,6427840
2021-01-08,617.76318359375,624.3236258281661,601.0681573821507,609.048478880908,7907269
2021-01-11,628.5341796875,631.4717127414732,615.021479827813,621.2392939839474,3289035
2021-01-12,630.5904541015625,647.872964831636,626.7716370731916,628.5831517207072,4088271
2021-01-13,627.45703125,643.2707743313069,618.3506909840843,632.5487670240989,2438828
2021-01-14,625.6945190429688,637.3467569965782,622.3652911235772,628.338310653749,1547673
2021-01-15,620.5049438476562,629.3664904140519,613.7975404911016,625.2049850320842,1437341
2021-01-18,614.3850708007812,624.4705893382202,601.6068135402061,616.24547260548,1575429
2021-01-19,615.657958984375,626.2820127804284,613.9443980647366,614.0912986206961,1676565
2021-01-20,606.9922485351562,621.5819596470448,604.8869926840521,618.840274182632,2288161
2021-01-21,615.0214233398438,638.9133805567891,607.9713924692438,610.0276415124591,4964084
2021-01-22,612.0349731445312,629.9539120392627,607.4818329680458,618.7913227796522,2690499
2021-01-25,621.8268432617188,629.0238358730197,596.2213799251602,616.5393190570434,2350783
2021-01-27,631.4717407226562,636.1717818644246,616.490273672138,624.6664435598825,3617581
2021-01-28,582.0232543945312,615.7069317405749,574.9731629337383,608.6568402797819,9413919
2021-01-29,566.650146484375,587.5066195246472,556.8583694922976,587.5066195246472,7086937
2021-02-01,560.6281127929688,576.6377021221265,548.3883930142198,568.4125865251045,5375994
2021-02-02,566.3074340820312,572.7210962270144,555.7323262177022,567.0418174026689,3496097
2021-02-03,566.650146484375,578.6940202317775,564.5448905253728,569.0980907323943,3767441
2021-02-04,578.1065673828125,582.6107611261482,566.5032751892189,571.2523231342695,2572238
2021-02-05,568.6085205078125,582.2190551140609,566.9928533454922,582.2190551140609,1793709
2021-02-08,568.1189575195312,576.7357099944383,565.8178538876476,569.881465563265,2405253
2021-02-09,556.4666137695312,568.7552806004487,554.2145172600187,567.9230035526693,2787359
2021-02-10,560.9219360351562,563.0271920502678,551.3260062800222,559.0615342156364,2102358
2021-02-11,559.7958984375,568.7063915284892,555.1937513325083,564.4959394059807,1999144
2021-02-12,555.8302612304688,565.6709854444682,554.2145940734882,562.1949164627614,2219681
2021-02-15,557.6906127929688,562.047965242913,554.6062390861674,562.047965242913,2649311
2021-02-16,556.6135864257812,562.4397058078082,554.9000254172007,560.0896553760488,1777197
2021-02-17,553.1864013671875,556.1239341899912,548.9759496073536,556.1239341899912,1890083
2021-02-18,548.6821899414062,555.9281286904568,544.6186384216013,553.3332839286888,2625977
2021-02-19,544.7655639648438,554.1167600896681,540.5061642932417,550.0042012345824,1861565
2021-02-22,535.5613403320312,548.2906524609814,531.6935758476878,547.5073221289776,2098907
2021-02-23,538.9393920898438,544.8144578767349,534.924727943579,538.3518496525988,1704931
2021-02-24,535.2185668945312,547.9478784210646,532.1831395900662,544.4228622117329,1910674
2021-02-25,533.0643920898438,539.9675832885299,531.9872607040929,538.547763595289,2549968
2021-02-26,523.9580078125,532.7706078600871,519.9434028076402,528.7560028552273,2723869
2021-03-01,534.9736938476562,536.0997720691227,521.1183657340159,526.6996903823824,1633766
2021-03-02,540.5550537109375,544.6676121284006,532.6726849399549,538.5477513179692,3078825
2021-03-03,555.8302612304688,557.1521272576233,541.2894361104406,546.0874308835675,2932503
2021-03-04,550.7874145507812,557.9353992667662,548.9759598486291,550.2978257378472,1956062
2021-03-05,540.5550537109375,554.9979252235557,537.0300377898353,550.1509835088409,1563136
2021-03-08,545.2550048828125,549.8082044801133,538.0580736630851,542.3664788683644,2338848
2021-03-09,543.9822387695312,561.7053935878198,539.3800909542067,553.2354813394797,3205168
2021-03-10,541.7300415039062,547.4092599906792,537.5685364403878,547.3603130604313,1385971
2021-03-12,532.4768676757812,545.4020263941701,527.8747201321687,543.4436708236345,1672495
2021-03-15,522.146484375,536.050819024758,516.6631134143191,536.050819024758,1645296
2021-03-16,526.4058837890625,528.5600865844157,517.7891323719111,522.880868134311,2281341
2021-03-17,526.552734375,536.442403853189,523.7621022268319,526.6996349151165,3253910
2021-03-18,514.0194091796875,532.6727347202539,508.4380836461247,531.5956630226677,1767057
2021-03-19,525.181884765625,528.5111125297835,506.8713113555272,514.0192959223002,2395956
2021-03-22,531.4486694335938,532.2809465302266,523.1746063398592,527.4830119047213,3421043
2021-03-23,542.7582397460938,546.3322626030937,530.9591592707097,535.6102537963637,2741088
2021-03-24,539.624755859375,550.1999218371087,537.7154073351949,538.5476843962857,2732975
2021-03-25,535.022705078125,546.919677960865,529.8330155935566,539.8206398230539,3593649
2021-03-26,543.0029907226562,548.2416273643979,537.2748249869381,538.5477440655127,1863902
2021-03-30,541.4363403320312,549.2697622092958,539.2821373629303,548.5353789083023,1196785
2021-03-31,544.7655639648438,547.849998047226,537.6175777304868,538.5478086255126,1487197
2021-04-01,546.6749877929688,550.2000639508075,540.7509736873204,547.3604242484602,1157038
2021-04-05,528.5601196289062,542.4644551617166,521.2652336851601,542.4644551617166,1833323
2021-04-06,529.735107421875,536.1487090616537,523.6641940530975,530.7142850696049,1951613
2021-04-07,532.1341552734375,536.5404551077233,527.091366001826,532.6237441439138,1383196
2021-04-08,535.0715942382812,543.1498091780833,532.2809023096144,534.5820054540509,1345132
2021-04-09,526.0142822265625,541.974867082089,524.6434095152288,541.974867082089,1244589
2021-04-12,504.91302490234375,521.3142520267376,497.520215045352,520.5308620243087,2201004
2021-04-13,513.284912109375,515.0474198442032,504.2764661972712,509.22130114596564,1136807
2021-04-15,511.3266296386719,517.9850263420108,506.23489341931867,517.9850263420108,1116960
2021-04-16,508.2421875,516.0266623863859,507.2140628389903,511.2286676159865,1988015
2021-04-19,507.16510009765625,509.1234554915931,496.9326812114833,502.31815854480976,1475111
2021-04-20,512.0120239257812,516.418323409603,507.4588238867942,507.7036183025621,2128604
2021-04-22,508.0953369140625,511.3266113996902,505.79423344022223,509.17240848785025,1061097
2021-04-23,511.2776184082031,514.5088926027386,506.1858828291654,506.332723613673,1340593
2021-04-26,507.26300048828125,514.606833310033,505.69634005868,511.1307643939234,1440846
2021-04-27,510.0046691894531,517.0058134861159,506.47965345775276,517.0058134861159,1604048
2021-04-28,524.9862060546875,526.4059660659252,510.15163834676525,515.0475273904002,1844620
2021-04-29,514.3131103515625,530.3716492687221,512.4037017967377,528.7559820844241,2260360
2021-04-30,508.7317199707031,521.1672876841731,505.25565137629553,513.0401253997704,1001011
2021-05-03,513.8235473632812,515.0475196056902,501.8775663245159,506.23491946034574,1365561
2021-05-04,515.1453857421875,519.943380579798,510.73908590676547,514.0683141325687,1221920
2021-05-05,530.8612060546875,533.6518385524215,515.047462529493,519.6496096038069,2649970
2021-05-06,532.1341552734375,540.3102655046836,526.6507240655442,534.0925107553423,1607023
2021-05-07,536.5404663085938,539.9675884734721,530.714346675447,534.6310577210223,1369570
2021-05-10,540.0654907226562,543.4436660047286,532.721657398268,537.568599345218,1043521
2021-05-11,543.4925537109375,545.401962120045,534.6310077514265,537.0789519261126,977801
2021-05-12,547.7520141601562,562.3906725595152,540.0654335688541,546.3811415123058,3212609
2021-05-14,553.5291748046875,559.1104999797558,546.2342885526235,548.5353921431498,2216049
2021-05-17,554.6552124023438,559.1104589225164,551.2770374314829,559.1104589225164,1222315
2021-05-18,561.509521484375,565.3772857480661,556.319891096106,559.6001128211078,1795905
2021-05-19,560.4813232421875,567.237613319028,556.5156058600007,563.9084450934763,1450790
2021-05-20,560.2365112304688,571.0564122111807,555.6833112938983,557.6416665759913,4302709
2021-05-21,560.3344116210938,565.2792468131721,558.3760563161708,564.0063278178244,1083285
2021-05-24,561.2645874023438,587.4086401167117,559.3062322891216,577.3720701614477,9339511
2021-05-25,576.0502319335938,581.82740429915,562.1949032655617,567.8741220020535,4705386
2021-05-26,578.5471801757812,584.5202006241666,576.0502887345289,579.6243116161147,2193455
2021-05-27,589.6607666015625,593.1368351518709,578.7429123831174,580.4564731945343,3921389
2021-05-28,598.5223999023438,600.6766029059704,584.4222163915756,594.36089446335,2497007
2021-05-31,599.6974487304688,604.7891851853124,594.4588117015908,595.3400956172583,2167092
2021-06-01,599.6484375,611.3985697062892,597.7879759949657,603.1734532561816,2753791
2021-06-02,603.2713623046875,605.6214127108071,598.3754737621588,599.5994458977909,1091076
2021-06-03,601.410888671875,604.9359040956876,597.0535364367056,604.1525739753134,1354140
2021-06-04,616.2454223632812,631.3737288181684,598.5712779561504,604.1526024437339,6477511
2021-06-07,620.1620483398438,628.6319576563346,613.454706342202,621.7777151273715,2846455
2021-06-08,626.6248779296875,632.2062036352852,608.2652932167167,621.7779356126085,2613617
2021-06-09,619.4278564453125,634.4093246951901,615.1195099555591,628.6321517315132,2140346
2021-06-10,630.9331665039062,633.3811109068301,616.9309364720349,625.6945893873561,1866797
2021-06-11,632.5977172851562,642.3405469857342,629.9049787116642,634.1154307100903,2125935
2021-06-14,634.262451171875,638.2281095042324,623.6383954246087,633.5280677857246,1330851
2021-06-15,639.158203125,645.2780633617388,633.4789847781584,637.4446422587131,1695689
2021-06-16,638.668701171875,647.0896060972572,627.0164617905904,641.3124931065823,1441743
2021-06-17,648.9010620117188,660.4553467099822,631.5206581509298,631.5696050821921,5239072
2021-06-18,658.7417602539062,664.8616205312558,629.4153778519951,654.4333547129479,3412990
2021-06-21,657.1752319335938,666.2326269634052,641.948968693682,643.3198415768759,2268647
2021-06-22,659.8189086914062,664.665850549069,650.7125674897696,662.7074950319743,2262757
2021-06-23,649.8803100585938,669.7576072085673,646.2573402889684,669.5617596980501,1435280
2021-06-24,661.0918579101562,664.8616682056162,648.313540923364,655.5105329841487,1495153
2021-06-25,650.3698120117188,666.2814489448061,645.2780762402786,663.8824517312729,1631192
2021-06-28,656.8323974609375,660.9449558054689,645.8655951302753,653.1115341070338,1265218
2021-06-29,653.6500854492188,663.49080973918,650.1740164406798,657.6157433255594,988787
2021-06-30,647.8728637695312,659.9167359401972,646.4530443387044,654.090617439791,879938
2021-07-01,650.1249389648438,652.9645179693605,646.8446583506769,650.1738858889424,880033
2021-07-02,648.6563110351562,652.1323800872726,646.453161102429,649.1948468436362,1314519
2021-07-05,647.0895385742188,656.0490381501836,646.3062083919665,649.2926883292007,968320
2021-07-06,643.1727905273438,649.7822394082497,640.87174704488,647.6280964732872,927820
2021-07-07,650.027099609375,651.1531778828481,639.2561447872528,640.9697057816812,933315
2021-07-08,643.2218627929688,655.3636305608403,640.23532296054,651.153178352915,830310
2021-07-09,641.606201171875,646.2572953429035,640.3822290216043,643.2218683159383,300258
2021-07-12,646.5020141601562,648.4114224441132,640.9206898548429,644.6905594953237,833537
2021-07-13,637.7384033203125,649.1947939906469,635.8289949145465,649.1947939906469,838252
2021-07-14,634.0175170898438,640.7248599672524,627.0163731112558,638.9134052526997,995306
2021-07-15,637.591552734375,640.4311320698645,625.6945203432704,636.9550633541429,1244132
2021-07-16,653.5032348632812,660.1616314128428,620.0642917873606,629.611274566558,10486985
2021-07-19,646.2083129882812,662.9032802499967,642.9280319468031,652.9156560984,2325938
2021-07-20,640.0394897460938,651.1041851503844,635.7800311438587,645.7676550474059,1097891
2021-07-22,660.602294921875,663.6866689850533,642.9770953690831,642.9770953690831,1689336
2021-07-23,669.218994140625,674.0659355862414,649.9781289151604,665.8408192079675,3195921
2021-07-26,643.9561767578125,675.6325484193042,640.4800484436689,675.6325484193042,3710716
2021-07-27,631.0799560546875,648.2155638606721,629.170547803455,644.2499065784242,1752498
2021-07-28,622.7080688476562,634.5071481528936,616.0006657593954,634.4092542888224,1844171
2021-07-29,624.7153930664062,629.6112817268013,620.2111994045492,626.6737485305644,984828
2021-07-30,627.4081420898438,634.5071807635096,623.7362255344993,627.1144007182696,1165344
2021-08-02,637.689453125,640.8717805302304,628.6320597408829,633.5279480566219,1045179
2021-08-03,639.0113525390625,653.1115355327314,636.71030881583,638.4238698161033,1614724
2021-08-04,629.6602783203125,643.3687676505734,628.1425646687449,643.2219268377402,640150
2021-08-05,633.1362915039062,636.1717783024126,622.7570315504383,633.5279864986378,846984
2021-08-06,634.3602294921875,639.0113234238692,629.3175003511319,633.0383635436249,622651
2021-08-09,629.7581176757812,641.1165542967552,626.6736842305054,634.9966940991917,702209
2021-08-10,624.0299072265625,635.4373508065808,621.0434273333498,632.5487647731082,855463
2021-08-11,632.5977172851562,636.3675871466021,616.5881863993719,624.0299127331361,1765843
2021-08-12,642.2916259765625,645.2781060166548,631.9123064703917,637.8363793825629,1769937
2021-08-13,646.7468872070312,652.1323646932367,643.3197651703551,649.0969376521725,1678263
2021-08-16,642.9771118164062,647.0406637364629,640.5291673714557,646.2573334669324,750588
2021-08-17,646.4531860351562,652.1324052390388,636.4655606687315,642.9771168489732,842924
2021-08-18,709.3652954101562,713.6246944915986,644.4458259726864,644.4458259726864,17766746
2021-08-20,689.2432250976562,716.3664002909562,682.0462329544531,703.0496071257567,6318744
2021-08-23,687.23583984375,700.601639257299,681.2628798228733,700.601639257299,2647125
2021-08-24,678.4231567382812,691.6910606480133,673.9189638135553,690.3201881417457,1621285
2021-08-25,669.4148559570312,680.9691408201013,664.1272724914967,679.0597323595325,1642981
2021-08-26,670.1492919921875,678.4232963656511,661.4835328394047,667.8971353020485,2759111
2021-08-27,685.8650512695312,690.2224041103267,667.1627208132867,670.7367434248333,2751709
2021-08-30,693.894287109375,702.070396834871,688.802551218529,690.8098535104623,2026109
2021-08-31,700.2589721679688,710.5892851877325,692.376543690247,695.2161829912695,2952559
2021-09-01,720.3810424804688,725.8644136691695,687.6275366154932,704.0287630139403,2617635
2021-09-02,732.4738159179688,745.0562843520745,724.0529121855615,729.4873360921882,6220305
2021-09-03,737.2718505859375,760.8210619800876,733.5509873321951,734.3343175280993,5197255
2021-09-06,733.6978149414062,743.489591624901,730.6623880752277,741.2374949405496,1064115
2021-09-07,736.97802734375,744.0280580877876,725.5705846643103,733.697746601761,1383997
2021-09-08,732.5228271484375,743.9302714722437,724.6894054021026,737.1739213103239,1380649
2021-09-09,739.6707763671875,748.7281690866324,727.871638580721,729.4873055120546,1267467
2021-09-13,738.887451171875,743.3427574137157,733.5019739482775,741.2375015024226,889775
2021-09-14,743.0979614257812,755.7293175740876,736.8312004003918,738.8874496120834,2023070
2021-09-15,736.8802490234375,746.7209740618953,734.7260458884057,743.0980639760129,972664
2021-09-16,727.6268920898438,744.5667133459075,725.71754347252,739.2301831691611,1847717
2021-09-17,726.3050537109375,752.5959508596826,725.2769290862418,728.5082035199697,3950356
2021-09-20,722.6332397460938,736.1948288085197,717.2477616721053,723.612417577728,1632456
2021-09-21,731.298828125,735.0197511291755,713.3309415603785,724.542537975642,1035741
2021-09-22,757.3939208984375,765.6679840879955,729.4873575557026,729.4873575557026,3854537
2021-09-23,811.8851928710938,825.9363685971241,759.20538616161,767.6752969533436,15131123
2021-09-24,810.4653930664062,835.4833713122381,800.7225630126959,817.5644313811015,4833080
2021-09-27,804.5413208007812,817.0258355399186,789.3150608957591,812.8153239341353,2415356
2021-09-28,809.73095703125,828.2373784699693,797.1974952589633,802.9256605167016,2897964
2021-09-29,809.9268188476562,817.9070808537879,800.0370887027988,801.9464970772635,1606839
2021-09-30,835.3364868164062,847.9189563436784,808.8007945803126,808.8007945803126,7981474
2021-10-01,847.1356201171875,851.3460723193475,822.6071706585499,837.1969424502304,3601848
2021-10-04,848.7512817382812,854.4305008691939,840.7220120463098,850.8565378560744,2235401
2021-10-05,863.9773559570312,868.1878675678493,845.0302927653883,846.9886480209279,3159781
2021-10-06,855.4586181640625,871.2233551666836,842.0928187056453,871.2233551666836,2535979
2021-10-07,883.9036865234375,896.8777905314803,859.7179863442714,860.599270144862,3629362
2021-10-08,895.3110961914062,906.2289513314122,882.239097946626,888.6037529262632,2406100
2021-10-11,877.1473388671875,899.4725776384889,874.4056533626876,891.051673639469,1477775
2021-10-12,887.0370483398438,899.3257157739532,873.6712496427433,881.2598763558071,2944902
2021-10-13,882.2390747070312,900.6476028257573,878.8608998155115,893.9892066676132,2176597
2021-10-14,870.0972900390625,890.9538230935797,866.9149624784948,886.8412647547623,1085377
2021-10-18,865.103515625,884.491222528259,861.6763936049801,884.491222528259,1839400
2021-10-19,839.448974609375,870.391023736759,834.7978808426999,865.6909232769216,3110777
2021-10-20,821.5789794921875,845.0302957118993,818.9351879351384,841.1135851871627,3355223
2021-10-21,819.5228271484375,833.0354681016108,811.5914515406878,829.36355155106,2284108
2021-10-22,816.5364379882812,834.5532746793266,808.8498559604544,823.3906829799805,1742596
2021-10-25,809.0945434570312,819.8165515150982,794.3089836925338,819.8165515150982,1361068
2021-10-26,817.0748901367188,827.3562565708138,809.535209465529,813.8925624309275,1489536
2021-10-27,864.5160522460938,878.9589239394006,817.319673132739,821.5301254701379,4033672
2021-10-28,873.9650268554688,925.0781137349858,858.5429783862165,900.8434661404466,16133086
2021-10-29,927.6239624023438,943.339812166828,863.1451353043176,880.1828510469999,9686157
2021-11-01,953.327392578125,971.148438816111,923.6093730468091,944.8575412627055,6129953
2021-11-02,954.8451538085938,967.7702515796246,945.3960651399668,953.2294867050831,2146825
2021-11-03,942.06689453125,973.4985363370365,938.8845668263127,959.5942002579958,3200769
2021-11-04,955.8732299804688,959.5940930824261,949.8023166224013,954.6982048524137,481222
2021-11-08,978.2474365234375,990.9277992673093,947.4522869352522,961.9441642221126,3214798
2021-11-09,983.583984375,998.7122915579112,972.4703415582998,978.1985071086361,2937600
2021-11-10,950.2919921875,984.3673654259142,946.8648701136656,981.1360908520093,1852255
2021-11-11,931.10009765625,954.6982562906518,924.098953204413,953.131595878342,1898483
2021-11-12,938.6397705078125,945.8857097887125,930.218865734241,934.1355767478589,1530182
2021-11-15,917.4405517578125,942.4585298706162,915.9228382859385,939.0314079438139,1693756
2021-11-16,915.7269897460938,930.0229601472546,911.2227365031805,916.9999087931675,1519795
2021-11-17,909.0195922851562,925.0291835104626,906.7185485999224,913.0832036386907,1289262
2021-11-18,900.8924560546875,931.1980186676498,881.5536959404014,913.5728195761485,3476119
2021-11-22,900.7945556640625,928.2604787632225,886.2047837271623,928.2604787632225,3460459
2021-11-23,911.5166015625,918.174998384022,891.0517624531975,897.3674709640984,1469479
2021-11-24,918.7135009765625,938.1501549225853,911.3696680351032,911.6144624664852,2847579
2021-11-25,922.7280883789062,927.2323416901196,909.3623485355654,924.3437555013251,1341040
2021-11-26,867.2577514648438,918.272888706901,862.9493454276558,910.6353141539471,3412104
2021-11-29,871.5659790039062,881.2598613848432,844.0511116819276,863.6346641571464,2598008
2021-11-30,864.56494140625,885.9599497317662,858.2492334400622,870.0972594198389,3194347
2021-12-01,855.8502807617188,879.3015992880105,851.0523457555662,871.4681774680727,1543968
2021-12-02,869.4608154296875,871.3702238201544,849.7793085987962,859.5710852019477,878830
2021-12-03,876.5109252929688,887.134979229024,871.9577251693663,878.1265326085037,1865863
2021-12-06,860.109619140625,883.022338892837,856.878285281547,879.3014760029145,1370051
2021-12-07,877.4900512695312,885.8620079982179,862.312798104169,864.613841613859,1137208
2021-12-08,897.1226806640625,899.864366454487,880.2808111453578,880.2808111453578,1661995
2021-12-09,910.5863037109375,912.5936060202539,893.0100522429952,900.7945268223082,1651425
2021-12-10,906.0331420898438,915.1884897286898,902.361225600424,910.3415480098025,1353888
2021-12-13,901.7247314453125,917.5873617337421,898.3955034939627,912.103990740737,901611
2021-12-14,906.96337890625,919.350001185143,891.0517406798245,895.2132460621204,1280644
2021-12-15,902.8018798828125,910.1946598964615,896.8289195506827,910.1946598964615,455752
2021-12-16,903.1934814453125,913.2300522820221,898.8850759121427,906.7674439822675,813792
2021-12-17,864.4180908203125,906.6696339089166,859.9138971537981,902.8997637779548,1945227
2021-12-20,844.7855834960938,854.8221551922223,830.8323008941588,854.8221551922223,1479264
2021-12-21,870.3421020507812,883.5610014155926,845.3241229835655,845.3241229835655,1687523
2021-12-22,884.9318237304688,887.0860265681976,870.342052468101,870.342052468101,802240
2021-12-23,885.3236083984375,890.6600794561101,879.2037473100345,889.0934189231864,878774
2021-12-24,867.8941040039062,890.1214490684506,865.837854802362,890.1214490684506,594280
2021-12-27,865.6909790039062,870.6358741908331,853.4023108453285,859.8159128151746,762754
2021-12-28,880.9171752929688,884.1973964349472,868.4326605592527,869.3138845642535,762782
2021-12-29,873.0838012695312,884.0015965303666,869.167090554054,877.4410941290896,495351
2021-12-30,870.0972900390625,874.8952847283936,861.7742794960392,871.4681627400898,1067763
2021-12-31,879.5463256835938,886.2047217626351,870.488932404915,870.488932404915,1288352
2022-01-03,881.847412109375,891.9819371559814,873.7202491578028,873.7202491578028,701976
2022-01-04,891.3943481445312,896.926725762636,874.7973348187381,886.2536654914156,851040
2022-01-05,880.4765625,899.1298849420801,876.461898241484,898.8850905274485,1264377
2022-01-06,878.2244262695312,880.4765228298212,865.7399116858109,876.3639648964498,1042611
2022-01-07,867.0618286132812,884.0015903871479,865.1524201999026,880.182833324653,630249
2022-01-10,878.1265869140625,881.2110207065117,866.5233545791658,867.502532320989,667948
2022-01-11,863.0471801757812,880.8681650897147,858.738774732083,879.7910936109198,934861
2022-01-12,895.65380859375,896.9756745158201,862.9003042415997,868.3347282473754,1883589
2022-01-13,922.7280883789062,930.8063044624719,891.2475609542364,896.975726635059,4088111
2022-01-14,924.5396118164062,938.0522523504385,912.6915255889116,920.2312059583601,1892243
2022-01-17,926.8406372070312,938.0522337913146,918.0280379334176,926.3021014264965,1597608
2022-01-18,898.4444580078125,936.5834401584393,894.4298534716463,927.2812523053236,1587776
2022-01-19,904.3196411132812,914.7968554783572,887.8694661011511,902.2144447114433,1132268
2022-01-20,891.4923706054688,911.4675603128532,883.4141543839474,910.6352831533117,2049119
2022-01-21,880.574462890625,902.018477677095,871.6150231072186,891.0516758674129,1141509
2022-01-24,837.5396118164062,880.5744831718272,829.0208137392539,877.343208753156,1910110
2022-01-25,856.7315673828125,864.0264534289889,814.186283033329,832.3010710503062,2057540
2022-01-27,824.5654907226562,856.5846124348571,806.1569625080544,856.5846124348571,3179684
2022-01-28,837.1480102539062,857.1722067383187,828.1395632061708,834.2594240043246,2246342
2022-01-31,848.359619140625,862.7534841292503,838.7146825282979,846.9887463968196,1556154
2022-02-01,862.5086059570312,867.6982952945481,844.6386139095828,851.9824462578493,1326673
2022-02-02,868.57958984375,879.7911867586357,866.5722874584226,869.5098206362477,759682
2022-02-03,869.2160034179688,878.1754429699181,862.6555012738174,873.2306078382835,969604
2022-02-04,866.7191772460938,875.2869822415504,858.1023655535371,867.6493482627601,548582
2022-02-07,838.0781860351562,869.6076589861822,834.3572631027141,866.719132690474,1952437
2022-02-08,830.146728515625,847.9188252445201,825.6914825431028,838.1759965098084,1534006
2022-02-09,836.80517578125,847.9188777016439,830.587421758084,830.587421758084,1010236
2022-02-10,843.4147338867188,846.9398096571067,826.0343287659019,840.8199486990726,820059
2022-02-11,826.7197265625,844.0511839396354,823.1457637883675,844.0511839396354,1515571
2022-02-14,796.658935546875,817.4175142897899,791.2245113825178,812.7174733845151,1479218
2022-02-15,833.916748046875,836.2177918353289,799.3027790016888,802.925748600667,2366674
2022-02-16,832.0562133789062,845.8136474960435,828.9717798560866,835.238540761644,1116311
2022-02-17,833.4271240234375,844.0022312402627,829.020824369405,838.8615483105581,977599
2022-02-18,818.5436401367188,831.6156390030138,816.6342315991913,828.5802119279558,1443436
2022-02-21,821.3832397460938,826.8177241233628,806.6466264167638,818.543660101775,1174568
2022-02-22,821.4321899414062,824.0759218990936,804.9819569000517,808.8497207373257,1813004
2022-02-23,838.8616333007812,850.9055082891896,822.6562526619366,828.1885713739545,1847750
2022-02-24,826.9645385742188,841.3095162011039,812.1300318473952,822.6071857299495,5468778
2022-02-25,861.7252807617188,879.3015315694389,835.4833316387792,835.4833316387792,3874313
2022-02-28,866.7191772460938,875.3848761072211,847.6252118276477,861.6763881144906,2748107
2022-03-02,865.2013549804688,874.4056488743241,851.8845627331041,861.7252862463067,2254261
2022-03-03,858.4940795898438,874.9932005271244,853.3533964785273,872.4473623205598,3579885
2022-03-04,808.60498046875,857.4659744905117,805.6674471952397,851.8357023829502,2153794
2022-03-07,758.8627319335938,797.6381456853978,749.2668022439317,793.1339520854335,2749718
2022-03-08,772.6691284179688,774.9702319586481,750.1480404653081,755.9252130197406,2322268
2022-03-09,800.0861206054688,804.8841155160769,766.5003355240138,774.4317112070028,1993280
2022-03-10,828.9229125976562,842.778301670677,807.9685445989358,811.7383550320388,2544833
2022-03-11,834.1124267578125,838.1760377624812,820.8445820381389,821.5300183209366,1025573
2022-03-14,837.0989990234375,844.9813671731678,830.3426493155196,837.1968928829825,1081248
2022-03-15,840.3793334960938,847.8700674527715,833.2802945588999,837.0011581869201,1356249
2022-03-16,858.983642578125,870.9296225440336,847.967893385758,848.9470710917461,1966583
2022-03-17,900.40283203125,902.8018293223236,867.3066380935445,870.7337600052887,3898848
2022-03-21,886.1068725585938,915.4332566592358,883.2182863875113,903.3403761921567,2156745
2022-03-22,897.07373046875,899.0810329277878,867.7473445470451,885.6662856369288,1029613
2022-03-23,885.2745361328125,906.6696047718616,882.4839035888889,897.9059523894715,1478958
2022-03-24,886.8412475585938,896.8778189011563,877.3921589255003,881.2599227615843,1445436
2022-03-25,868.7265014648438,891.0517419476007,864.8097905112279,887.1350309939849,1549820
2022-03-28,853.9408569335938,873.2306697722788,850.6606355109982,871.3702679819502,1924067
2022-03-29,841.701171875,859.718066420964,840.1345113772062,856.8294800991563,1498901
2022-03-30,861.9212036132812,865.2993787612106,843.6105679653773,846.9887431133068,2257862
2022-03-31,869.8524780273438,871.4681451234466,859.326317847482,868.334764558914,1101499
2022-04-01,880.6724243164062,885.9110009690705,863.9284502245566,870.4889525963014,1377931
2022-04-04,890.1704711914062,898.4934820904552,884.0016633014351,888.8975520655815,1032230
2022-04-05,908.9706420898438,918.1259893943776,891.9329860596343,893.9892353129181,1108730
2022-04-06,909.1175537109375,924.3437550968086,904.2706121100665,910.6352672034237,1523973
2022-04-07,883.8547973632812,913.4749235440729,881.8964419133115,913.4749235440729,1240662
2022-04-08,884.2953491210938,895.1153104215379,879.3015668010913,879.3015668010913,1295505
2022-04-11,891.4434204101562,898.4934521844559,880.672465487541,884.148534441532,793267
2022-04-12,881.7006225585938,897.0247185851795,873.6224060696189,888.2121187790252,995964
2022-04-13,875.3358764648438,893.0100211812028,872.7899787037968,887.1349552523791,1138781
2022-04-18,868.4328002929688,880.280827570355,848.8002379178321,867.551516381907,1534952
2022-04-19,841.1136474609375,885.1766441265279,832.7416900473281,873.4265116823705,994050
2022-04-20,845.1282348632812,855.0179653268289,840.2813531405628,844.8344935110351,978103
2022-04-21,853.0106811523438,862.6555576356404,847.9678920686318,854.8221359999025,960928
2022-04-22,854.038818359375,866.1805862149192,848.0657984156522,852.8637931438668,1338384
2022-04-25,826.7197265625,848.9470724775683,822.9499162939974,847.9678947699817,1009053
2022-04-26,852.227294921875,853.6960614850293,833.1333296008687,837.1969409979681,1301427
2022-04-27,847.2334594726562,856.339799641267,837.4906299274863,849.7303505208504,878716
2022-04-28,845.0792846679688,854.4304195579746,837.3438168554709,854.4304195579746,858615
2022-04-29,844.883544921875,864.1244126908989,842.2887595978526,847.9679789125421,1524361
2022-05-02,828.482177734375,840.0854686330387,817.7112236887056,839.6448267419546,834125
2022-05-04,808.507080078125,841.0157933289789,804.6393160130095,836.4136459514085,715713
2022-05-05,800.4288330078125,825.2020171803379,797.0506579469534,816.6342121962643,995021
2022-05-06,800.3798828125,803.3663628704934,781.4817052275368,791.175588447137,1177251
2022-05-09,784.0275268554688,795.0922219319658,775.7534640709359,795.0922219319658,962919
2022-05-10,790.0985107421875,802.4850727997049,777.5160414273784,783.1463132074127,1272079
2022-05-11,793.62353515625,802.6809289874595,777.2712554216458,787.5036744594869,1041950
2022-05-12,775.2149658203125,790.7349078345261,764.9336003844045,788.140122892592,932166
2022-05-13,805.4225463867188,828.3353267998032,783.5868972235626,786.8671183734026,2148295
2022-05-16,794.0151977539062,802.8767437284508,781.579629372552,800.5266934110606,1147390
2022-05-17,816.3404541015625,818.788398332547,796.1204108479252,799.0089969933396,735774
2022-05-18,820.1593017578125,832.3011303891982,815.6061608442454,815.8509552943599,1065578
2022-05-19,779.2295532226562,807.7726053073827,774.5295125079506,790.2453016622446,1455374
2022-05-20,782.1671142578125,794.9453709542454,775.6556185824429,793.133916162542,1343721
2022-05-23,767.4794921875,785.985975174927,764.7378064986168,783.3421833532566,1365475
2022-05-24,757.149169921875,776.0472879134024,752.6449763278841,763.7586195138216,1035665
2022-05-25,730.564453125,765.8148500866746,726.7456959793767,757.1491514059683,1187130
2022-05-26,741.6292114257812,749.070938015392,713.6246934401116,730.9561506254773,1665004
2022-05-27,761.6044311523438,771.053520211001,748.7282797817528,751.0293235557805,1650821
2022-05-30,805.5205078125,813.5007697037042,764.2970933938319,782.3629327679207,3971701
2022-05-31,792.5464477539062,808.6538729747452,788.5807302901787,793.133930463359,1981144
2022-06-01,784.8109741210938,803.9049404284691,775.410891537016,795.7777769786961,1025708
2022-06-02,807.0382690429688,811.7383100311893,784.8598703215739,785.3005122376522,2027812
2022-06-03,789.9027099609375,814.4800478006166,788.2380958181575,807.8216509937639,1141204
2022-06-06,785.8880004882812,789.8047113001128,776.9775072970702,788.2380508810858,428231
2022-06-07,773.6482543945312,785.1535920353714,766.7450637628796,783.3421372486886,655873
2022-06-08,755.4844970703125,777.4670470668041,752.6938646987618,777.4670470668041,1133798
2022-06-09,769.7316284179688,776.8796740184218,755.9252456352602,759.7440628803168,1634604
2022-06-10,769.976318359375,772.3263686164955,756.4147318621145,764.6887949272448,829213
2022-06-13,763.9544067382812,767.4794223368422,749.1198415854619,757.8834934169728,894632
2022-06-14,751.9595336914062,768.1649128249171,747.55323400025,762.779435424615,832945
2022-06-15,752.204345703125,763.7096840545513,745.2521479471079,754.9460313999734,754798
2022-06-16,731.8863525390625,760.8210403846215,724.248778758324,760.8210403846215,1406780
2022-06-17,717.0028076171875,731.8863192979753,697.1744609401673,724.5914341232076,3085598
2022-06-20,722.5841674804688,735.3624240141472,709.0225210059385,719.6955814252972,785017
2022-06-21,738.0552368164062,741.2375645373394,724.6894364827803,724.6894364827803,615510
2022-06-22,732.9634399414062,739.2791479262112,720.7726658803665,737.3207925674662,1087362
2022-06-23,738.1040649414062,741.2863921500907,725.5706035800545,725.5706035800545,426649
2022-06-24,745.4969482421875,750.6866380742006,734.8239467376264,739.3770873688384,716566
2022-06-27,754.2116088867188,758.4710078939084,744.46877900667,754.9459921475626,795387
2022-06-28,756.267822265625,758.373078085964,736.8311701222568,749.0708905561813,1000883
2022-06-29,730.2218017578125,754.4075039599692,725.71760804624,745.1542623368358,1960095
2022-06-30,743.9302368164062,748.9730257363981,727.8227521480159,732.1311578135,1328305
2022-07-01,772.3753662109375,775.0191579825558,738.3489407657147,744.6646489522852,2124003
2022-07-04,781.481689453125,784.0765342339098,769.4867627664371,773.5503740802856,801738
2022-07-05,776.5368041992188,788.1400949236744,773.8440657282292,782.5587705036808,828031
2022-07-06,792.8402099609375,795.3371011881766,775.4598054720607,777.4671078404583,810926
2022-07-07,798.02978515625,799.792292974295,788.6297036171691,799.0089628067485,811550
2022-07-08,797.099609375,801.9465510318919,790.1964184160399,800.9673733139042,417876
2022-07-11,800.0861206054688,807.3320599063326,792.1058577517955,793.1339824428495,854397
2022-07-12,794.5537109375,800.9183656215843,791.7140718650504,798.0297796198016,410581
2022-07-13,789.9515991210938,800.9673481017102,788.2380381685534,799.0089927273784,959665
2022-07-14,807.7237548828125,814.5779991752597,791.0287263305092,793.0850354768038,1723421
2022-07-15,806.79345703125,816.6341807092464,803.855924007116,812.6195761486349,672847
2022-07-18,813.8435668945312,816.6831463577171,807.0382699464642,809.7310086136354,568407
2022-07-19,804.3944702148438,816.8789857294381,800.6736069555036,811.7383028704875,788414
2022-07-20,799.8412475585938,811.6403861714289,796.0714374738012,811.6403861714289,793719
2022-07-21,825.8385009765625,832.3989437940043,797.7850357997162,802.7788181935853,1788878
2022-07-22,826.3770141601562,831.1749489287872,816.7810848586316,829.7551891056211,734646
2022-07-25,847.2334594726562,851.8845532981345,821.1383512618999,826.4259344639374,1201643
2022-07-26,832.6437377929688,850.3668901173896,828.3843386806357,849.8283543323295,1018445
2022-07-27,776.3900146484375,819.9634218726165,768.7523808516651,817.6133715098769,6620183
2022-07-28,764.3950805664062,783.3421447877549,760.7231642627137,783.3421447877549,3417970
2022-07-29,762.7794799804688,775.8025323199646,760.1356880584915,768.6545465785211,1544031
2022-08-01,776.9775390625,778.9358945484798,757.5408847698568,765.716995018116,1559712
2022-08-02,769.0951538085938,779.4254668243294,765.1294959867753,776.9775225189767,1201738
2022-08-03,758.8627319335938,769.0951510460675,749.0709547473539,769.0951510460675,1989560
2022-08-04,769.8295288085938,777.4671030061794,757.8835487742857,766.6961481786378,1086913
2022-08-05,770.123291015625,780.9921400028281,766.8920164327484,772.5712353608749,1383706
2022-08-08,764.8356323242188,773.452443385945,761.6533049874536,773.452443385945,917828
2022-08-10,760.1356201171875,767.626353265886,754.8480965101027,766.5982286559747,1071170
2022-08-11,768.6055297851562,775.5087204575891,761.359591067095,763.7585883294438,1861706
2022-08-12,771.8367919921875,781.3837741957065,762.9262991746077,768.6055176607719,815515
2022-08-16,794.455810546875,797.5402442369225,771.5920349400797,778.4462789052834,2092015
2022-08-17,789.9515991210938,798.7152513740813,780.6983580245234,796.0714596658808,2071513
2022-08-18,791.5182495117188,798.8131351417653,781.4816783451095,787.2588505320822,1046049
2022-08-19,775.5087890625,796.7569584934548,770.9066416189977,796.0715221058239,1450973
2022-08-22,757.687744140625,778.4463247535739,754.162728085184,773.4525420476543,1540261
2022-08-23,751.7147216796875,758.6668593462898,745.0073186703822,751.0292853464665,2714460
2022-08-24,759.6461181640625,772.0816880603101,747.4553427155195,761.8003212567169,3988498
2022-08-25,798.9111328125,816.1446369332181,765.7659308349371,768.4586695890658,9101610
2022-08-26,793.7704467773438,806.3039097060758,781.9223604447861,799.743406994893,2592769
2022-08-29,785.4473876953125,791.9099363770433,769.633644503686,773.5503551627379,1315318
2022-08-30,794.9453735351562,802.3871597423625,786.6713699720817,797.1485233094272,2451106
2022-09-01,793.1339111328125,802.8277939523628,787.2588451244212,795.8266497199918,1351115
2022-09-02,807.1361694335938,817.3196414606375,789.7557651880406,796.952757170814,2959818
2022-09-05,801.5057983398438,813.9413655925757,793.5744838259376,811.2486272402393,1683307
2022-09-06,800.1839599609375,808.7517641032169,794.3088942633744,808.4580227711905,967650
2022-09-07,789.3641357421875,801.1632152085862,785.8390601235204,799.5475480794973,1590828
2022-09-08,784.761962890625,799.0089861690964,781.6775292956642,795.7777117808239,811942
2022-09-09,791.3224487304688,798.4704336856419,785.5942235689051,792.5464208037607,998822
2022-09-12,820.9425659179688,825.0550642378238,791.3224419963669,794.6026632191705,2705885
2022-09-13,820.1102905273438,829.608326400032,817.6133992847763,826.3770518646937,1931057
2022-09-14,835.042724609375,847.9678821093916,804.8840636188452,809.77995208368,2832665
2022-09-15,835.8751220703125,845.0304102571948,816.1936131570941,840.1345214376283,2028845
2022-09-16,820.6488037109375,857.7596623221325,807.8215997896796,840.1344637812668,5451840
2022-09-19,833.6229248046875,840.3303280194057,811.3956384577322,820.5019792657962,2216082
2022-09-20,852.5210571289062,862.6555220463339,834.1124692329668,844.932430232358,3018580
2022-09-21,854.968994140625,873.8671109463296,848.3105382692063,856.7804488983055,3949758
2022-09-22,856.9274291992188,866.327511664783,837.7355094993139,853.7940484559417,2295819
2022-09-23,853.157470703125,867.5513940470513,845.0303081970713,858.5429477542071,2072105
2022-09-26,828.1395263671875,846.0095191028673,813.256013615303,845.9116252401578,1978562
2022-09-27,841.2115478515625,850.6116897383714,827.4051660282757,830.3426991621039,2081748
2022-09-28,831.6156616210938,849.094020537814,825.9853894875129,835.0917307246249,2136906
2022-09-29,821.8238525390625,840.8688712408347,808.6539001865713,837.196954772534,1997629
2022-09-30,824.7612915039062,833.1332481424771,808.2621726300224,825.9363165923962,3581734
2022-10-03,810.0736083984375,826.9154749022888,803.6110602089892,812.7173998447598,1728864
2022-10-04,843.6594848632812,846.5480710395191,816.732098035116,820.5509149819069,2550163
2022-10-06,846.7929077148438,855.801354983311,840.1345109561565,854.626329728421,1926301
2022-10-07,856.241943359375,865.5930783502381,839.1552807083191,846.0095245414092,2177648
2022-10-10,840.0855712890625,846.988762545394,834.749040543293,841.7991323693567,1030110
2022-10-11,798.6173095703125,843.0720011315002,791.1755829433823,843.0720011315002,2367997
2022-10-12,820.0613403320312,824.1249517749051,785.3005312791512,801.9465525157417,2922626
2022-10-13,809.9268188476562,824.4675830757703,806.8423853378085,813.9414233155986,1076032
2022-10-14,806.3528442382812,827.4051650046723,804.051800525335,825.446809584543,1078914
2022-10-17,808.5559692382812,812.0809849804815,800.4777533784983,805.8632306183537,526152
2022-10-18,816.7810668945312,819.3758518283025,810.3674054266135,812.7174557102754,748435
2022-10-19,811.2977294921875,827.0135207499945,807.8216603610633,820.8936596866532,872474
2022-10-20,813.647705078125,818.2008454311715,803.7090277212839,811.7382966494384,1024335
2022-10-21,803.5132446289062,820.0124257163337,798.715309471357,817.7603288248908,1480648
2022-10-24,818.0540771484375,822.4603770986201,810.2696019502612,822.4603770986201,582843
2022-10-25,845.52001953125,853.3534418314816,816.8790692460282,821.5301637367907,3972295
2022-10-27,855.4586181640625,859.228428388609,842.58240755373,848.1147854427924,1668130
2022-10-28,855.0670166015625,860.6972889696804,842.0929107098125,856.7805777570766,921996
2022-10-31,877.6859130859375,880.2807579131893,853.940853709525,857.074234322358,2082894
2022-11-01,875.9234008789062,883.4630811329212,871.957743140888,881.2599313046595,1708048
2022-11-02,875.3848876953125,885.4704063277633,868.5306436082127,875.92342349216,1621348
2022-11-03,874.6505126953125,883.1204240175479,866.082707505182,870.4890073172492,998190
2022-11-04,866.0337524414062,879.0568042552983,863.2920667591551,876.2661716395592,879336
2022-11-07,875.629638671875,878.3223772867451,865.2993261204074,866.5722451491298,715350
2022-11-09,858.445068359375,884.7359646823861,854.0877158099571,880.280718272458,858084
2022-11-10,860.990966796875,863.634758623064,852.0315264180183,858.8367638361185,781360
2022-11-11,866.474365234375,872.8879671765418,861.6763706285786,866.229570810901,1164676
2022-11-14,863.0471801757812,871.5170307498739,857.7106501815499,866.4252951612104,426011
2022-11-15,886.7432861328125,889.0933364785491,856.7804729281172,866.5722497615814,2121221
2022-11-16,870.1952514648438,894.77258832402,861.7742872167233,891.1986255056141,1792803
2022-11-17,864.2222900390625,872.4474073473716,847.7721151867133,872.4474073473716,1248940
2022-11-18,855.8502807617188,868.5795912191176,843.3168178026715,868.5795912191176,1227016
2022-11-21,858.2003173828125,859.6690839503805,847.1356211933202,855.850266968998,732762
2022-11-22,861.0888671875,863.3899108070535,852.8637508510843,855.5564894444718,510130
2022-11-23,860.5013427734375,870.8806621550938,857.759657191887,865.3972312277291,632485
2022-11-24,863.2921142578125,866.5723359174422,857.0253525556399,862.1660359043027,690259
2022-11-25,870.8317260742188,881.1620993618668,857.9066273182133,865.5931489090399,1261861
2022-11-28,881.6026611328125,892.0309280503037,866.3275121761868,874.6994699651888,1549756
2022-11-29,888.5548095703125,900.6965771063839,875.4338045768624,881.259923803751,2303417
2022-11-30,912.8873901367188,915.3842814074293,889.338177569295,892.9122002067691,3658663
2022-12-01,906.7675170898438,918.174961451624,902.5081179068012,917.489525093685,1348885
2022-12-02,916.4124145507812,920.3780722016392,905.2497650938914,910.6352423334981,1578503
2022-12-05,910.2435913085938,919.5947864148606,902.4101694909148,917.489530395653,1024143
2022-12-06,912.6914672851562,917.3425611411337,903.9278750942498,910.2435231504313,558757
2022-12-07,915.5801391601562,918.1260371575258,907.0123338853166,912.5936589886369,1143644
2022-12-08,922.2384643554688,927.2812532604252,915.5311212233343,920.4270095721221,867087
2022-12-09,918.4686889648438,931.9813293656315,909.0196001886575,926.8895933374937,1261935
2022-12-12,913.1321411132812,922.679123572554,908.2851996041825,918.9582603105106,991836
2022-12-13,912.8384399414062,917.342633599369,902.8508151299826,913.1811282416313,837466
2022-12-14,915.04150390625,918.1748843047949,911.4674816171774,913.1320955568038,563572
2022-12-15,919.4478759765625,924.5396120562293,911.1738123176372,915.0415762514352,1291666
2022-12-16,884.784912109375,919.9863610362668,883.2182517547608,913.5727592984388,1324668
2022-12-19,895.1642456054688,898.1017786408635,879.3994491236263,886.1557990107391,671714
2022-12-20,898.836181640625,900.6476364798646,886.1558184731564,895.1642652657363,452102
2022-12-21,884.1974487304688,902.8018247281199,881.3088626095598,898.4444720810806,715559
2022-12-22,879.3504638671875,890.0724709319257,871.8107841187625,884.1974051171936,519054
2022-12-23,856.046142578125,877.2453646386117,852.6190204745809,871.4681920440736,985112
2022-12-26,862.7533569335938,869.5586531865623,846.4500857997816,855.9970673718883,625140
2022-12-27,862.3129272460938,871.4682154919025,860.6972600195306,869.9015549652648,561475
2022-12-28,858.9346923828125,865.2013938187727,856.7804894849688,862.1659668474458,587480
2022-12-29,859.8649291992188,864.369122755621,847.5272542053208,858.6899039953812,1380769
2022-12-30,859.2774047851562,873.4265349328293,856.9763610259611,872.8390522006885,1033608
2023-01-02,851.5908813476562,863.83060293836,846.9397871431888,856.7805113492616,666141
2023-01-03,847.0377197265625,855.899266610422,840.9178586514844,855.899266610422,750764
2023-01-04,833.7208251953125,849.0939263112473,830.5384978207891,846.9886704500889,998970
2023-01-05,832.4968872070312,843.0719943470333,822.8030041328756,837.1969281843362,1125318
2023-01-06,838.6656494140625,844.9813571505932,831.4197109658435,833.4760198702485,742874
2023-01-09,845.1282348632812,848.8491578726085,839.6938106718077,842.8761381437104,535278
2023-01-10,846.1074829101562,849.0450162054318,836.2667583238368,846.6950254277721,599702
2023-01-11,850.4158325195312,853.500266180489,842.9250992082132,846.1074267334734,724011
2023-01-12,839.8896484375,855.4095906381599,837.1969098386039,855.4095906381599,607382
2023-01-13,828.3843383789062,840.8688541168863,825.2509577702467,839.8896764119467,594110
2023-01-16,826.6707153320312,833.1822704867229,823.7821293664704,829.6571951550309,462115
2023-01-17,832.1051635742188,833.6718836888869,819.6206484083325,826.6707395136852,770203
2023-01-18,831.762451171875,836.2176974431052,828.384276389774,832.3988807739023,359401
2023-01-19,817.5154418945312,831.3218228201151,816.1445692821743,830.5874395844083,457764
2023-01-20,804.8350830078125,819.6695885769373,801.8486031220885,816.6341617614659,806691
2023-01-23,811.6404418945312,814.235227012773,801.7507109923151,807.8216248531556,519973
2023-01-24,799.6944580078125,812.7664566989397,796.7569248399849,812.6196158991074,737979
2023-01-25,752.5469970703125,786.2796802362911,749.0709282450345,782.3629695003693,4460372
2023-01-27,751.1761474609375,757.7855965047983,723.416425618166,748.8260972285274,4073654
2023-01-30,749.9031982421875,761.8002308951626,738.9854030281472,753.0365787539918,2693103
2023-01-31,752.6449584960938,755.3376971549418,737.2718567454539,751.7636746656744,2194356
2023-02-01,754.4563598632812,769.4867124973587,737.6634396932618,759.8418367993592,2176984
2023-02-02,755.1907958984375,760.8210676344712,743.0979752928356,745.6927603213192,1263924
2023-02-03,752.8406982421875,759.009565133431,745.4968660042878,755.8272378303411,710330
2023-02-06,764.1503295898438,766.2555258650884,751.6168067492703,756.6106490647611,924556
2023-02-07,764.0523071289062,769.6336316778958,754.9459669512185,767.6752763810055,857173
2023-02-08,774.7254028320312,776.7816520820971,764.101289001988,764.15029569806,910308
2023-02-09,775.410888671875,778.4463158089451,770.2702054542688,775.6066764116081,484673
2023-02-10,763.8074951171875,777.3691410942228,762.436682299507,769.9273552789563,1339250
2023-02-13,761.5554809570312,772.4733365730184,758.8627421944059,763.7586308537246,833249
2023-02-14,756.7574462890625,761.9960827370514,754.9459914862726,760.9189514301995,385913
2023-02-15,771.4451293945312,773.5503853616642,754.9949559371614,754.9949559371614,1274574
2023-02-16,770.2702026367188,779.8171857202087,767.0388682432008,779.8171857202087,461526
2023-02-17,755.7293090820312,766.6961108710985,750.6865799712573,756.904334231621,908426
2023-02-20,749.8052978515625,760.7720996652539,747.1125592696601,757.6387191807332,728784
2023-02-21,737.0759887695312,754.4074454267618,735.7541228249021,754.4074454267618,599089
2023-02-22,730.0259399414062,736.3416482120355,726.5498709751732,736.3416482120355,595470
2023-02-23,726.2561645507812,736.7333786511309,722.1925528962788,731.445794783136,914936
2023-02-24,727.9207153320312,730.8582483886346,723.2206146300554,729.9280176345243,626374
2023-02-27,724.5914916992188,730.7602992027244,715.3382505618288,728.2144611105675,772559
2023-02-28,725.178955078125,733.0613830958804,720.1851728903682,724.5914723845989,797913
2023-03-01,726.4030151367188,730.3197262726219,722.8290520837686,725.570737926047,985924
2023-03-02,720.3320922851562,730.7113519039832,718.7653721210085,730.074862499132,518797
2023-03-03,740.2582397460938,746.8187413898164,722.2903553193347,723.6122211274646,1238246
2023-03-06,740.698974609375,745.0073205813262,738.3978711822497,744.0771495884223,935557
2023-03-08,735.6561889648438,738.5937220445097,728.8019451122897,738.3978745530127,873905
2023-03-09,729.2426147460938,740.5521055798366,726.8436173536596,735.6562169276306,550651
2023-03-10,731.298828125,732.8166013439856,719.1081137916927,726.7946346920946,542803
2023-03-13,738.691650390625,740.0624632556616,727.0394123343762,727.529001164231,1719241
2023-03-14,752.3511962890625,754.5053992804119,740.3562689156182,741.384453359041,2025278
2023-03-15,746.08447265625,762.5835932650821,744.8605005112546,758.8137829642021,1442589
2023-03-16,760.2825317382812,764.3950900020345,739.2791582690431,748.0428105748865,1429107
2023-03-17,754.6033325195312,764.1013085757038,752.0084876603098,761.2127821181082,1446809
2023-03-20,749.9031982421875,760.5762588018221,740.2583220523688,740.2583220523688,478756
2023-03-21,754.0158081054688,756.4148055256851,745.3501089964151,751.5189168167809,668979
2023-03-22,760.1356201171875,763.415901199801,753.9668126934572,754.9459903722799,852759
2023-03-23,752.742919921875,771.0535563983568,750.3928693393382,760.9680371964849,1236561
2023-03-24,747.846923828125,757.5897533156283,745.7416679928228,751.0292511635638,515568
2023-03-27,733.8447265625,749.8053108444026,730.4665516029048,749.0709275820673,530247
2023-03-28,723.906005859375,734.2853245379084,722.3393455658368,729.4873302720263,804259
2023-03-29,725.5216674804688,731.4456801121936,720.5768324660293,724.6403837192083,824570
2023-03-31,740.5520629882812,742.4614714056785,726.6477280628463,728.2633951308584,996821
2023-04-03,735.019775390625,747.7490856807788,733.8447501802193,747.1125962605652,756161
2023-04-05,739.8177490234375,741.3354626076275,727.5290800150676,735.019813829409,913185
2023-04-06,740.698974609375,745.1542211403444,736.2926750099906,741.237510385336,463499
2023-04-10,735.2645874023438,743.1959031747872,726.0602927590312,743.1959031747872,1571166
2023-04-11,733.1593017578125,739.8666450868863,728.8019490465995,738.2999846749791,752976
2023-04-12,750.197021484375,751.7636819043574,732.8166172462736,734.7259659567945,841161
2023-04-13,746.182373046875,752.7918226876442,742.4615096464062,752.0084924608506,390070
2023-04-17,749.5115966796875,753.5751483534511,743.6854773009743,748.9240541899493,771167
2023-04-18,758.8627319335938,769.0951510460675,746.1334215914818,752.6939242591156,1410292
2023-04-19,742.3145141601562,758.764745640612,741.2863896336922,758.764745640612,989817
2023-04-20,741.8740234375,746.4761109099253,740.6500512875432,744.0281666100118,554638
2023-04-21,744.1260986328125,747.3084261302923,738.5447738382258,742.2166901814718,702807
2023-04-24,749.7074584960938,752.4980911417915,744.2240273084592,744.2240273084592,766583
2023-04-25,755.0928344726562,757.8834667429445,747.6021018840286,752.9875787148893,677824
2023-04-26,759.98876953125,762.1919192802128,748.581325814249,754.897033714128,688140
2023-04-27,751.8126220703125,759.3523022726812,747.7980174275743,758.7158128653932,783910
2023-04-28,760.9680786132812,766.5003975241933,748.1897600511284,748.1897600511284,1350446
2023-05-02,762.9752197265625,768.3606966808173,758.1282785148811,760.869963920559,626485
2023-05-03,769.4867553710938,780.8941992406274,755.2397320901517,762.7794121736034,1461628
2023-05-04,767.2836303710938,773.4524977613005,764.297150305641,773.4524977613005,510695
2023-05-05,770.6618041992188,781.2369115074578,765.5211212250769,765.9128162145269,1177524
2023-05-08,777.3692016601562,779.4254509290121,771.6409762438909,773.5503847159794,482419
2023-05-09,775.900390625,789.2171827053917,772.5711627227718,778.2014341874814,1096632
2023-05-10,777.5160522460938,783.1463241044704,771.6899328919642,777.4671053132217,754121
2023-05-11,779.278564453125,784.0765591861959,776.43898492406,781.8734093164876,462545
2023-05-12,778.9848022460938,784.076538206029,775.7045808780056,779.376497229267,672108
2023-05-15,788.87451171875,794.3089358204653,774.088893081099,778.9847814185473,911312
2023-05-16,785.7411499023438,794.1131072054798,783.5380000981362,793.1339295147209,483145
2023-05-17,779.5723266601562,787.4057480280337,775.5576623505618,784.3213144587271,557758
2023-05-18,780.404541015625,788.2379617535485,774.5294754621824,781.2368180633265,469018
2023-05-19,800.037109375,804.1007206419566,764.7377660572215,773.5503651539116,3025568
2023-05-22,806.499755859375,808.4091046087708,795.0923114749943,804.884088709908,857453
2023-05-23,804.8350830078125,809.1924355120299,802.3381919480846,807.8215628935365,1073977
2023-05-24,817.9071044921875,820.7467436710766,801.4569314141809,802.9256979347932,892521
2023-05-25,823.7822875976562,825.2510543269154,813.7457149477184,819.473941050392,666410
2023-05-26,840.7709350585938,842.7782373407188,820.648786013629,821.0404809895734,1750270
2023-05-29,848.5064697265625,850.0241832905322,833.8188034347256,841.064742711072,1512222
2023-05-30,849.093994140625,851.4929317724177,841.6522075194691,848.5064516429131,770563
2023-05-31,865.103515625,867.4045593613072,848.9470832449066,851.8846164049236,1533930
2023-06-01,857.9066162109375,869.9994376113648,854.2346996200059,864.6139599446653,545741
2023-06-02,856.437744140625,864.1732116146659,853.3533106782526,863.6346758671472,503772
2023-06-05,857.9066162109375,863.6347821870836,848.4575269445668,854.8221823688481,439560
2023-06-06,848.9470825195312,860.0607257263935,846.4991382216087,856.6826104066724,301807
2023-06-07,857.2211303710938,859.7669684882192,848.3105774326268,851.7867060829034,792531
2023-06-08,852.9127197265625,861.1867832065275,848.1637318090143,860.6971943587693,826968
2023-06-09,869.70556640625,875.38478459957,852.0314224731708,852.9126464648838,1041577
2023-06-12,862.4107666015625,874.2587929665112,853.8429616537752,872.4473381118277,692376
2023-06-13,874.895263671875,877.4411017533515,862.5576487166227,862.6065956481389,568855
2023-06-14,879.3504638671875,887.8693212514012,870.8806131761713,876.6087784398312,719762
2023-06-15,877.3922119140625,881.2599759837334,869.8035843430914,879.3016204815473,465225
2023-06-16,890.4152221679688,892.8142194981576,878.17550085503,884.6381095668202,701638
2023-06-19,880.3296508789062,900.7944875905542,877.832759833904,893.9891909964912,414584
2023-06-20,873.1817626953125,880.182907546656,870.8317121784828,880.182907546656,585057
2023-06-21,877.7349243164062,887.6735422275582,874.1119548317376,876.3640516148782,689890
2023-06-22,875.629638671875,886.2536925739305,873.818183873031,877.6369409591985,538864
2023-06-23,887.7225341796875,890.0725847116961,869.8525400421864,873.4265627753937,953329
2023-06-26,882.2390747070312,889.0933183507041,877.7348813611794,887.1839099542572,811669
2023-06-27,891.0516967773438,896.7309154193357,878.5671812455734,887.8693692888532,784408
2023-06-28,894.1851196289062,902.703977876965,891.8350691590052,895.947627599199,747306
2023-06-30,893.2059326171875,903.2425042975311,890.6600346738581,895.9476182940869,460345
2023-07-03,900.8924560546875,912.3488474170164,890.6600368514906,894.0871588970602,691211
2023-07-04,898.5424194335938,907.5998129481504,894.9683970059285,900.8924100004348,527033
2023-07-05,910.6842651367188,920.9166846973203,899.8643628249201,900.5497992108285,1040442
2023-07-06,924.3927001953125,930.1209256265279,905.1028874593244,913.3769510171261,732653
2023-07-07,895.6048583984375,923.3645207747744,892.4714779763602,922.4342900576211,1243755
2023-07-10,895.8497314453125,901.4309967096192,886.3516954864103,888.4568917529028,896148
2023-07-11,906.08203125,908.1383402115204,890.5620891166731,899.8642769634113,680447
2023-07-12,909.802978515625,919.9374437453796,899.6195065897472,910.1456668029061,1160673
2023-07-13,905.2498168945312,919.9374829339233,898.0038777427247,910.0967586403839,793742
2023-07-14,925.127197265625,927.7220424080281,905.6415944033499,907.6488969920895,964936
2023-07-17,952.8867797851562,957.9295089605392,926.6447702437259,926.6447702437259,2349402
2023-07-18,940.3043212890625,962.0420779029279,934.1355138110872,956.7544944850844,1098883
2023-07-19,950.7325439453125,956.4117623190027,940.3042781469056,940.3042781469056,1270000
2023-07-20,954.7471923828125,956.7055477580972,942.0668293749916,951.8096593198856,1466161
2023-07-21,1017.4146728515625,1022.2615548259624,954.7961850126806,974.2818458350888,8346024
2023-07-24,957.2930908203125,1027.1573949710253,952.9846850863207,1027.1573949710253,6109585
2023-07-25,962.9722900390625,969.3858918148843,953.7190491188862,965.6160816968646,1475852
2023-07-26,963.4129638671875,978.1006293813883,957.0483088110338,968.847388154589,1287267
2023-07-27,976.191162109375,978.6880531435324,962.8253633908553,968.3087940444128,1192702
2023-07-28,990.7809448242188,992.8862008125152,970.9525961393534,979.7651955548491,1315502
2023-07-31,994.6976318359375,998.5164487301671,983.5350420357321,992.8861770163172,787817
2023-08-01,996.55810546875,1008.553032309322,992.1028588808189,996.8028998940678,958075
2023-08-02,982.7027587890625,996.8029421913859,965.518201355414,996.6560416242562,898416
2023-08-03,981.5277099609375,992.6902994226417,974.28177137366,984.2693954551669,571218
2023-08-04,985.0037841796875,987.9902641054492,975.7015963610535,985.8360612893342,382504
2023-08-07,984.9548950195312,987.9903220537325,969.581792822631,982.1642026517023,681753
2023-08-08,998.4186401367188,1000.6217901259502,985.5424285161703,988.9695507216413,860792
2023-08-09,997.390380859375,1002.6779643426688,987.1580217104532,1000.9644033684503,428259
2023-08-10,989.8017578125,997.5862325092414,986.6194302756903,997.3903850156619,280293
2023-08-11,967.0358276367188,988.8715371425343,964.4899896408332,985.1016673143155,552202
2023-08-14,966.20361328125,974.9672658106089,961.1118771945612,967.0358904358826,813223
2023-08-16,974.4287109375,975.6526830610891,955.7263810304994,965.1265227982225,550173
2023-08-17,981.91943359375,986.8642692675523,964.2942341324028,976.3381084781367,1244731
2023-08-18,974.7224731445312,993.0331084579593,971.9317807844942,988.0882131614721,768977
2023-08-21,981.6256713867188,985.8850705937629,968.2598715065201,979.1777270690461,516608
2023-08-22,1012.6654663085938,1014.966629382756,979.1776388706264,984.8079102941326,1504647
2023-08-23,992.7392578125,1019.5197432079668,989.1163482413015,1018.3937845091648,1057293
2023-08-24,997.5372924804688,1009.2384183084599,994.6976532145732,997.7820869080714,651292
2023-08-25,987.1580200195312,997.2435383548026,981.1850002039286,996.0195662324575,711399
2023-08-28,979.5204467773438,994.5508612283817,976.4360726967312,987.9414113587254,403389
2023-08-29,982.555908203125,995.23627179925,979.1777330711762,986.0319772026745,799395
2023-08-30,992.2496948242188,999.2508392597698,982.5558714876063,982.5558714876063,604846
2023-08-31,986.5704956054688,998.7612701200815,979.5204040988269,998.7612701200815,998409
2023-09-01,991.368408203125,999.34867006736,984.0735228717708,987.0110557758657,466577
2023-09-04,1003.51025390625,1009.5322207387682,981.7235498214415,992.8861996402627,721197
2023-09-05,1010.168701171875,1013.4489225711096,1001.4050487774653,1006.251990360006,660018
2023-09-06,1036.655517578125,1046.692090304339,999.2509724001397,1010.5115174100383,2101361
2023-09-07,1030.290771484375,1043.7544654259423,1028.1366282651375,1041.7961099435324,1064869
2023-09-08,1033.2281494140625,1040.8657824589395,1026.227125239526,1034.1094331543968,671258
2023-09-11,1044.929443359375,1050.5107081009219,1032.7876167068916,1039.8376479097424,932525
2023-09-12,1016.0927124023438,1046.8389179315566,1008.7978859113655,1042.9222068967151,1238905
2023-09-13,1007.9654541015625,1036.9980940994624,1001.2091046971692,1015.3581733286712,769157
2023-09-14,1043.069091796875,1045.3701355895703,1011.001020680848,1011.001020680848,1450831
2023-09-15,1027.1083984375,1052.5670185838098,1021.7719277951653,1052.5670185838098,1025493
2023-09-18,1022.7999877929688,1028.1364577862637,1012.2738288203951,1027.695875687189,515926
2023-09-20,1017.0718383789062,1023.8281884757289,1003.6571515789695,1018.2958105149781,416251
2023-09-21,997.2924194335938,1016.386383281365,986.8152068052981,1016.386383281365,1000226
2023-09-22,996.2642822265625,1005.3706221470661,981.4786642940643,989.2141914040161,865651
2023-09-25,996.75390625,1003.0206073858946,989.1163324908647,1000.719563801449,482925
2023-09-26,992.7882690429688,1001.0622725890988,989.948629878463,996.8028736066027,334094
2023-09-27,995.8237915039062,998.3696297987005,986.0809607452868,993.473740951582,477461
2023-09-28,981.1849975585938,997.6841775818821,977.953723117167,990.1444973757106,974562
2023-09-29,986.2767333984375,993.8653605355314,974.2818066333534,986.3746272622429,682357
2023-10-03,977.9537353515625,987.0111291458073,976.1422804984193,983.9757021583067,330560
2023-10-04,965.224365234375,979.128699770365,960.9159596831914,977.9536746414731,734244
2023-10-05,990.438232421875,993.0820241350234,969.4838059716042,970.2671959342134,628247
2023-10-06,1003.3145141601562,1005.6155579869413,987.0111805753036,995.774833466797,466321
2023-10-09,993.3757934570312,1009.9239207727164,985.0038359332381,1009.2384246540017,1215500
2023-10-10,1003.4613037109375,1014.4280455814909,993.3757261027243,995.0892869905309,886292
2023-10-11,1028.479248046875,1032.0532704698617,1011.24574485555,1015.113448864212,1406477
2023-10-12,1031.31884765625,1040.1804530952766,1023.3385259974974,1031.0250465533186,911102
2023-10-13,1046.0067138671875,1065.1496881996472,1024.4157949668195,1029.1158963486207,1415702
2023-10-16,1055.5535888671875,1064.219287838545,1040.1805463769165,1047.573266492773,988255
2023-10-17,1063.7786865234375,1075.1371240374351,1058.2463085641693,1064.2192686808937,1988932
2023-10-18,1034.3543701171875,1063.3870136875682,1028.8219920426648,1063.3870136875682,889566
2023-10-19,1024.2689208984375,1030.4866756305614,1007.3290982154548,1020.3032032471483,991916
2023-10-20,1018.4428100585938,1024.4647774590433,1012.861544387079,1022.2616273999915,660749
2023-10-23,991.025634765625,1015.0154862007081,986.7662360695891,1008.5529378830829,547657
2023-10-25,989.9486694335938,1008.2103577160915,986.1788591381926,991.0257410139185,487319
2023-10-26,989.703857421875,994.4038984154729,973.1557304338745,989.9486518461694,744678
2023-10-27,1000.670654296875,1016.7291325871911,995.6768122090938,1004.1467231506383,702387
2023-10-30,1006.39892578125,1010.9520066349369,990.1934864243995,1007.5738912540985,667943
2023-10-31,1010.7070922851562,1018.0020372765545,997.1945128364731,1006.398806376848,469941
2023-11-01,1023.8772583007812,1028.4304588334069,1008.8957906201518,1013.3999844529013,682202
2023-11-02,1035.2357177734375,1042.5305444925607,1019.2750719958767,1033.032567747436,905238
2023-11-03,1048.89501953125,1052.6159423014903,1036.2637238464465,1039.886633231798,1358472
2023-11-06,1048.0628662109375,1059.9598996134603,1046.1045107382106,1052.6160665907341,562008
2023-11-07,1060.15576171875,1062.4079184817865,1043.8035401857921,1048.699429211054,389438
2023-11-08,1076.6549072265625,1084.53721613633,1047.720157859316,1062.2120358915859,765818
2023-11-09,1074.255859375,1086.8872759471187,1050.2171179168918,1077.095498686334,1940488
2023-11-10,1022.604248046875,1057.511958355712,1002.6290580253824,1057.511958355712,4108910
2023-11-13,1023.191650390625,1032.9834270134493,1016.8760022803125,1029.997006860602,1355917
2023-11-15,1024.3177490234375,1040.865875751533,1021.8209176519673,1040.865875751533,1302729
2023-11-16,1018.981201171875,1020.5968681299871,1005.6154029235173,1015.5050728537707,1451826
2023-11-17,1038.4437255859375,1045.2753411704775,1022.2741488239907,1027.1397325941339,818777
2023-11-20,1041.9332275390625,1047.14294167265,1038.0996756284726,1041.9824233287068,481392
2023-11-21,1035.15087890625,1047.3395565895194,1026.4517428142708,1044.8821667336076,405678
2023-11-22,1038.0997314453125,1045.71763988645,1028.171900571584,1035.1508636616463,435188
2023-11-23,1041.9825439453125,1045.9143679005954,1034.266243441274,1034.266243441274,522209
2023-11-24,1024.7315673828125,1046.5531412534863,1022.2741775329736,1044.8821641514912,457015
2023-11-28,1023.4046020507812,1027.1889584259818,1014.4597269849239,1027.1397626330324,638605
2023-11-29,1032.6444091796875,1034.2171146833286,1020.6031989331486,1026.1568039938431,645953
2023-11-30,1030.9732666015625,1042.4247267776893,1024.5349774823485,1034.8560143811374,2154075
2023-12-01,1035.8389892578125,1038.984400183951,1029.842862195899,1032.0545130004534,269341
2023-12-04,1032.44775390625,1043.6042798956516,1028.9091364985188,1039.5741845149093,1137943
2023-12-05,1050.681640625,1063.0668616167618,1031.4157279722883,1032.1037491424872,1249769
2023-12-06,1043.8499755859375,1059.0367163159137,1038.296370713054,1059.0367163159137,2379141
2023-12-07,1047.880126953125,1055.3996431784276,1039.4758064793164,1043.8499119953242,832078
2023-12-08,1027.4345703125,1054.7115943030974,1015.1476225689877,1050.7797710251734,908224
2023-12-11,1029.74462890625,1034.0696590828716,1023.5520784169931,1025.2230555355848,569735
2023-12-12,1032.103759765625,1038.8861798991759,1025.4196112302939,1034.0696716889881,697698
2023-12-13,1054.3184814453125,1056.087850073127,1030.3835291170024,1038.0014373933263,1473906
2023-12-14,1066.3106689453125,1071.323720322403,1058.2012823092205,1065.3767887933725,2077791
2023-12-15,1064.7869873046875,1076.3367192232936,1059.6756645791556,1073.3878514993942,1322021
2023-12-18,1086.3138427734375,1096.7331523311325,1043.2112463548774,1060.9044542795561,1780071
2023-12-19,1067.7359619140625,1093.9808392881114,1064.590550689593,1092.0641230715983,1062384
2023-12-20,1041.8841552734375,1076.3368107740198,1032.1037911531698,1071.4220308161475,1312725
2023-12-21,1041.14697265625,1049.6004904547037,1029.6956309681045,1032.1038252310773,1214989
2023-12-22,1057.6605224609375,1066.0156474060284,1042.9161843225415,1042.9161843225415,624137
2023-12-26,1058.6927490234375,1089.999871887499,1053.9253166963008,1078.5976069184355,784200
2023-12-27,1064.73779296875,1071.471136939312,1057.0216130786132,1060.5602303541823,502279
2023-12-28,1075.1572265625,1084.986785700977,1064.5412546970506,1067.8833288020799,685526
2023-12-29,1098.698974609375,1102.8765372504754,1066.9003747391823,1075.1572284277747,1411353
2024-01-01,1088.3287353515625,1105.8253985421682,1083.069945231998,1104.842442632353,563368
2024-01-02,1075.255615234375,1094.865539854955,1060.4130033170948,1091.9658675892697,686566
2024-01-03,1079.482177734375,1086.2645977963723,1066.556402966421,1078.4992217830636,444285
2024-01-04,1089.7049560546875,1095.5536160255424,1081.841308354506,1083.2174706999863,512069
2024-01-05,1082.28369140625,1098.305801318395,1074.56739124501,1091.0810991194705,616100
2024-01-08,1079.0889892578125,1107.9387197015112,1076.3366648586295,1091.1301985222126,1238667
2024-01-09,1077.66357421875,1091.4249555066906,1061.690542366676,1078.3025194907775,922305
2024-01-10,1098.3057861328125,1110.6419310698102,1077.1231578014947,1084.1021209176372,1348846
2024-01-11,1098.846435546875,1112.7060898769,1089.4100828108835,1099.9276630496918,820469
2024-01-12,1092.5555419921875,1100.4191896178622,1082.5785150691645,1100.4191896178622,1306539
2024-01-15,1092.5555419921875,1092.5555419921875,1092.5555419921875,1092.5555419921875,0
2024-01-16,1091.0810546875,1104.4492309992377,1082.3327231339506,1086.1662751618805,1509427
2024-01-17,1076.7789306640625,1095.5042874768524,1067.8340564870061,1082.234383590861,647461
2024-01-18,1051.2220458984375,1073.6826822104606,1043.2110520166934,1068.4729684072497,927129
2024-01-19,1064.1480712890625,1069.849263708258,1045.7176475068425,1061.5924098558758,843847
2024-01-23,1089.1644287109375,1109.757308629827,1076.4350766933917,1094.0300128476506,1288819
2024-01-24,1093.2435302734375,1126.4674884882706,1073.6336075927693,1125.53372835671,2174641
2024-01-25,1077.319580078125,1093.9806332522392,1058.8399626429389,1093.8823616680602,928881
2024-01-29,1075.255615234375,1100.9599391782363,1070.9797805415135,1081.25162296377,786771
2024-01-30,1061.985595703125,1083.7580932416772,1059.6264775066472,1079.3347916194325,795246
2024-01-31,1071.1763916015625,1073.5845860093525,1055.8423007025335,1063.5584819572293,760259
2024-02-01,1061.6416015625,1077.663711248335,1059.3315591322287,1071.4219650827272,548008
2024-02-02,1067.5391845703125,1078.6465130122713,1062.1820035167402,1072.355571953348,510352
2024-02-05,1044.783935546875,1075.304646743916,1040.9011874305165,1071.3237470172119,993598
2024-02-06,1053.728759765625,1058.594343636185,1036.7235741354525,1055.6946716308594,778083
2024-02-07,1063.2142333984375,1066.654578919541,1046.9462658670416,1058.1519867051534,522858
2024-02-08,1062.62451171875,1071.4219189287396,1057.7097322741226,1068.4730512619633,1155336
2024-02-09,1092.5555419921875,1094.0299759220015,1052.7950216807656,1056.726845493603,1438336
2024-02-12,1076.7789306640625,1100.5173382802816,1071.4218693133864,1092.5554199466321,800005
2024-02-13,1094.47216796875,1096.9787534388977,1056.6775626763576,1076.336680121499,1031556
2024-02-14,1109.8555908203125,1112.70618720598,1085.2816909261876,1094.0300232864452,965064
2024-02-15,1124.55078125,1129.3671693217955,1109.1183011340565,1115.6549820754417,1105029
2024-02-16,1107.201416015625,1126.4673253304888,1101.7951592186637,1120.5695906428946,1186754
2024-02-19,1137.181640625,1144.0623315372563,1107.2505631628485,1108.7741927178818,855770
2024-02-20,1124.1083984375,1140.2288999869882,1101.0581294465899,1140.2288999869882,884842
2024-02-21,1121.749267578125,1129.4163718844632,1111.0842196570593,1122.5848761165666,859276
2024-02-22,1139.983154296875,1142.8337505280292,1116.3430158842173,1121.7984693609042,573609
2024-02-23,1146.17578125,1159.887968131594,1139.9831110513696,1140.1305784350961,874210
2024-02-26,1127.25390625,1147.1095680001226,1125.1896028093668,1140.8678218551388,436233
2024-02-27,1133.64306640625,1137.2307593828143,1120.3731620027645,1126.418244683678,1174737
2024-02-28,1118.2596435546875,1146.1264153326276,1113.6888752760437,1131.5295463051082,1197154
2024-02-29,1145.979248046875,1153.007407564077,1112.0181896644758,1116.6380349469664,992054
2024-03-01,1147.3553466796875,1162.001414511885,1143.7184576160726,1154.432581610408,656223
2024-03-04,1145.9300537109375,1151.5328544305826,1132.0212035156426,1148.0925087280584,409989
2024-03-05,1133.9378662109375,1155.95610166925,1131.23473757183,1145.9299998037252,1098233
2024-03-06,1133.64306640625,1137.8206289036434,1103.908650983625,1126.0742341230155,974502
2024-03-07,1126.9588623046875,1141.4082650509506,1123.8134516356192,1130.399207719486,583929
2024-03-11,1128.3350830078125,1143.8166381776055,1124.6489984435761,1126.5166386207356,593445
2024-03-12,1113.54150390625,1127.401157309063,1107.7420404285547,1121.7000854075518,375718
2024-03-13,1090.39306640625,1130.6450639380785,1082.627690523833,1113.6398782711303,719249
2024-03-14,1108.0863037109375,1112.8044203336385,1077.4180057095443,1090.3439006049048,541801
2024-03-15,1098.3548583984375,1142.194664017695,1089.5573318065321,1110.7400777452629,720942
2024-03-18,1089.41015625,1098.355031634089,1080.6126282705236,1098.355031634089,560066
2024-03-19,1068.9154052734375,1089.410132927068,1063.0668653370587,1085.4291133134045,582067
2024-03-20,1082.82421875,1084.4461200178584,1064.8361973866456,1073.3386701128754,549490
2024-03-21,1090.9827880859375,1093.8824600234245,1078.646643424304,1086.7560296786746,755512
2024-03-22,1115.16357421875,1124.9439383546073,1087.1493284142243,1089.0169687991418,916955
2024-03-26,1106.857421875,1117.8664787922557,1103.6628155385965,1115.1633503537605,536595
2024-03-27,1120.029052734375,1123.0271162265408,1101.8443685766586,1103.515465601208,387737
2024-03-28,1114.9178466796875,1128.1385569274228,1101.9428754327632,1124.354200312882,709064
2024-04-01,1138.5579833984375,1150.009324812701,1102.8766325836561,1113.2468663850425,599438
2024-04-02,1133.2498779296875,1149.0754438773572,1129.1705869581813,1149.0754438773572,438478
2024-04-03,1111.03515625,1134.0362294461636,1107.938821015212,1129.4163844855043,468953
2024-04-04,1101.107177734375,1120.5697530195566,1092.2114986187196,1113.6890615536472,628302
2024-04-05,1109.069091796875,1112.705980309063,1095.0127756751733,1100.9597063396754,549428
2024-04-08,1121.306884765625,1128.4333146709948,1100.3698771856814,1116.3429097322003,795445
2024-04-09,1109.1181640625,1128.8264760461693,1102.3357449764912,1116.7360715889488,693210
2024-04-10,1179.6453857421875,1183.9704158253417,1110.297916983454,1110.7401991553643,4341449
2024-04-12,1162.78759765625,1186.4277343101023,1159.3472521135116,1178.318348387933,1248275
2024-04-15,1129.3673095703125,1154.9241669589906,1126.0744307893372,1150.1568540978992,1057333
2024-04-16,1131.2347412109375,1143.472613810285,1119.3901949480376,1129.3671010563273,692591
2024-04-18,1129.318115234375,1145.8808989980544,1124.6490744707114,1131.2348313414566,1027109
2024-04-19,1103.957763671875,1126.2217391351603,1099.239647275711,1120.5697426262998,1068784
2024-04-22,1140.0323486328125,1143.1777596488485,1100.910654176019,1105.727162285987,3530061
2024-04-23,1150.1077880859375,1154.9733725958654,1127.401407066931,1144.1608559162446,1001198
2024-04-24,1162.738525390625,1175.222016973469,1146.1265471501088,1147.2077746117382,682498
2024-04-25,1174.4847412109375,1179.3995203263448,1155.9560479437969,1160.7725554748408,832424
2024-04-26,1178.514892578125,1198.2232057714891,1167.751573795348,1168.734529665546,766218
2024-04-29,1160.37939453125,1181.6112171422621,1150.0583579852287,1178.5148821805099,645110
2024-04-30,1156.93896484375,1181.5620553794308,1151.1886974701258,1171.8798448560394,1002463
2024-05-02,1174.5340576171875,1183.0857261603232,1155.2189497121199,1156.9391225791662,1270379
2024-05-03,1187.7056884765625,1191.9323269470647,1160.870943811693,1179.547106328562,905136
2024-05-06,1210.7066650390625,1221.0277014008934,1179.1047306467622,1197.240217972374,1950840
2024-05-07,1181.955322265625,1219.3076479922147,1176.0085108214191,1213.9013903212608,724981
2024-05-08,1216.702880859375,1224.566528187625,1175.1237976153589,1184.3636072239997,1877013
2024-05-09,1174.3865966796875,1218.5704177114148,1169.815827609917,1216.7028974372988,546733
2024-05-10,1181.90625,1199.2062506008847,1171.2412020151448,1175.1730257876068,1203642
2024-05-13,1169.4716796875,1190.8017728550642,1156.9389930592038,1184.4617558507566,447010
2024-05-14,1155.56298828125,1175.7627810052315,1153.5970763855726,1166.8669816813951,524864
2024-05-15,1154.23583984375,1164.999157780405,1145.4384334929475,1159.6420967048448,573450
2024-05-16,1157.0374755859375,1164.8028519300872,1143.423559078206,1159.9863435655075,819159
2024-05-17,1162.39453125,1171.1427426456073,1148.338214081105,1160.7726300397842,592430
2024-05-21,1151.04150390625,1166.6705286831148,1144.3082791409565,1159.88810812073,977167
2024-05-22,1167.014404296875,1169.6192614566555,1143.521734046921,1147.1095471168271,941607
2024-05-23,1154.1378173828125,1172.7647856835054,1147.2079295509786,1172.7157098770986,1087942
2024-05-24,1158.26611328125,1171.5360185328893,1148.19081484945,1157.9221026986,908722
2024-05-27,1137.968017578125,1193.750765890577,1129.4163490926392,1171.6834535408407,1470425
2024-05-28,1169.8651123046875,1175.1239029287951,1142.2440725867864,1144.209984595032,4342918
2024-05-29,1160.035400390625,1171.535936137303,1149.6651679089107,1169.8649591449587,1137792
2024-05-30,1151.3853759765625,1160.7234570793564,1144.013206684883,1160.0354359413602,787238
2024-05-31,1139.63916015625,1159.8388330718872,1133.643152818537,1153.0073371689564,2180048
2024-06-03,1160.9691162109375,1165.2941458958858,1146.5197133888867,1153.990153759401,1322571
2024-06-04,1183.47900390625,1213.901443593823,1116.9329318320038,1158.9543001185423,2908958
2024-06-05,1276.3681640625,1286.0011793343342,1191.6374182638683,1207.0205812382617,2680777
2024-06-06,1283.19970703125,1291.5057562206762,1246.928731009169,1276.3682116532573,1533822
2024-06-07,1283.19970703125,1283.19970703125,1283.19970703125,1283.19970703125,0
2024-06-10,1292.685302734375,1304.3825021472067,1284.8708511883929,1304.3825021472067,654963
2024-06-11,1295.240966796875,1312.0986848099212,1289.6381660530571,1293.6682613240257,625503
2024-06-12,1268.8485107421875,1296.2238066439306,1262.4592978392081,1296.2238066439306,1374418
2024-06-13,1253.7110595703125,1277.8426750057376,1250.7131160574088,1269.979027774933,1049119
2024-06-14,1247.37109375,1260.6901947957874,1236.7551215519766,1260.6901947957874,1574896
2024-06-18,1231.2506103515625,1253.1213804411973,1215.916521387789,1243.4392882421612,3609667
2024-06-19,1251.1553955078125,1259.412249080217,1224.5173145691163,1233.6096566600368,1292892
2024-06-20,1243.9798583984375,1256.954827981711,1237.5414494068225,1251.2536358980033,388681
2024-06-21,1239.1634521484375,1254.2026063083251,1233.6097269891438,1253.2688461443493,580871
2024-06-24,1276.2208251953125,1279.661170997428,1224.5173665671846,1233.6097090442036,1700427
2024-06-25,1260.0511474609375,1287.4264443058375,1253.8094017155415,1287.4264443058375,612621
2024-06-26,1255.0380859375,1269.1925542834044,1248.3539381154785,1257.8885619303903,370291
2024-06-27,1265.8507080078125,1272.7804753935966,1242.3088412420439,1243.4884603643343,619542
2024-06-28,1254.7432861328125,1275.8768393265889,1251.0572012734328,1265.0643237390755,632972
2024-07-01,1246.1915283203125,1254.890663969685,1233.8553838753962,1239.6056518477114,533705
2024-07-02,1253.2196044921875,1269.9790509546274,1242.407089352481,1252.2858443623802,749206
2024-07-03,1249.828369140625,1264.2286964086534,1246.4862952369945,1258.1834939048367,420654
2024-07-04,1237.9346923828125,1260.1002760758693,1235.5755742097635,1243.684960436677,375289
2024-07-05,1232.774169921875,1246.1423462066418,1228.0068577895895,1237.9346884133638,779976
2024-07-08,1250.418212890625,1257.2006327965444,1235.5756023653294,1235.5756023653294,2122654
2024-07-09,1266.29296875,1284.5759249335003,1254.3500302786877,1257.2006264554627,2432990
2024-07-10,1259.2156982421875,1273.370167149153,1245.4051199110531,1267.7673665392904,854243
2024-07-11,1262.60693359375,1272.0432868340267,1252.9739171671654,1258.183631763332,682041
2024-07-12,1272.6229248046875,1275.6325837334584,1256.3900399704974,1267.5408955653072,703819
2024-07-15,1286.4873046875,1290.730580313879,1259.103685724419,1272.6228779921798,551101
2024-07-16,1281.4547119140625,1300.055813475893,1275.2379623527747,1290.730628904645,1048505
2024-07-18,1282.2933349609375,1284.8097155365656,1265.9125285780785,1280.862527470401,558296
2024-07-19,1280.6158447265625,1297.292738612838,1271.833327074394,1288.7569202179855,1365917
2024-07-22,1290.8292236328125,1297.6381475099513,1275.4352134270814,1277.951594139924,1066896
2024-07-23,1314.4136962890625,1318.015529683682,1246.8674850798807,1300.1051387844143,1093010
2024-07-24,1364.59228515625,1398.587516019553,1324.2816494997885,1342.0439965124533,6354785
2024-07-25,1424.7376708984375,1430.8557646050217,1320.1864480991906,1355.8591865981377,3367113
2024-07-26,1396.7125244140625,1423.6520107504487,1392.1238941852048,1422.0238920364266,892506
2024-07-29,1402.3372802734375,1416.0043954860944,1387.7327560356268,1411.119798214188,860229
2024-07-30,1390.643798828125,1411.1198384418797,1385.8578570342263,1391.3838966454896,394332
2024-07-31,1394.6402587890625,1405.692337088869,1387.6832917032095,1395.1829248679794,940385
2024-08-01,1395.0843505859375,1402.238629306891,1387.4860613692028,1392.3706586573,489925
2024-08-02,1402.238525390625,1412.1064953089265,1375.6936622186709,1381.5157885621923,1436552
2024-08-05,1381.7626953125,1416.8926494054722,1364.3950897398813,1367.70083606722,1199119
2024-08-06,1392.46923828125,1409.5901423322312,1372.6346424497247,1381.811902836467,396031
2024-08-07,1443.48681640625,1446.6445188779212,1402.485349560195,1406.2844942254133,1689987
2024-08-08,1440.5264892578125,1450.9865146765587,1436.0859022014797,1450.5917717353802,552871
2024-08-09,1435.7403564453125,1460.8544142854926,1427.0072264211133,1440.6250742429552,528351
2024-08-12,1399.2781982421875,1430.8557034211367,1395.3310100948188,1430.8063153858454,1029967
2024-08-13,1384.673583984375,1410.379695535821,1381.5158815813534,1406.087152424061,778303
2024-08-14,1386.005859375,1389.3608730134758,1372.8320222516957,1387.4366669291367,363536
2024-08-16,1387.732666015625,1398.7353561728214,1376.97655464923,1386.4497817351987,904222
2024-08-19,1384.377685546875,1404.9523811367653,1380.3811090799431,1390.6932111236058,828423
2024-08-20,1388.670166015625,1392.8146654941152,1380.2823909855076,1384.3776228860547,410409
2024-08-21,1412.748046875,1418.0767751353626,1383.4894897091824,1394.245601845009,614100
2024-08-22,1432.632080078125,1443.6841594309865,1413.2907605226715,1424.9350145033113,1011531
2024-08-23,1410.7742919921875,1438.7499615982078,1406.0870064520013,1438.7499615982078,487071
2024-08-26,1438.207275390625,1440.6742679522463,1405.6923616119027,1419.0141214446585,833325
2024-08-27,1410.08349609375,1447.1377708684756,1406.1856962070083,1445.657575398784,580798
2024-08-28,1429.17822265625,1438.6020622544543,1413.093382479493,1430.905117502157,1221654
2024-08-29,1429.7208251953125,1438.7500419370529,1411.31703684973,1438.7500419370529,409294
2024-08-30,1454.8841552734375,1464.7521254254716,1413.7347679229028,1437.763251151382,2319735
2024-09-02,1465.24560546875,1476.1990288553027,1455.1309355000697,1465.3936491209924,817883
2024-09-03,1459.3740234375,1483.3038493108756,1455.525491267173,1470.3274454156528,702946
2024-09-04,1479.5540771484375,1487.103098388584,1445.9537111355328,1455.5255939768822,590555
2024-09-05,1465.3936767578125,1494.0107923308606,1462.1865862194536,1494.0107923308606,689394
2024-09-06,1442.4012451171875,1470.228995076621,1434.260169198921,1462.4826620824808,712351
2024-09-09,1484.1922607421875,1487.0046084504625,1444.3256328890348,1444.3256328890348,1791287
2024-09-10,1488.2872314453125,1499.684785317471,1480.2941995995002,1498.5006770657292,591925
2024-09-11,1503.18798828125,1511.0329766131142,1485.9683075542234,1492.0865215142965,622732
2024-09-12,1509.0101318359375,1516.6578096381545,1499.635559046123,1508.17137836226,475277
2024-09-13,1503.2373046875,1522.6278913620276,1495.5896273329597,1509.0100435021047,551554
2024-09-16,1526.8216552734375,1532.3970824042917,1505.2601649571955,1513.6479394408434,516123
2024-09-17,1535.2095947265625,1538.6633845909641,1520.457026203499,1526.5751200655582,1224149
2024-09-18,1517.4471435546875,1541.3275836651896,1504.914869368997,1539.8967761450754,320652
2024-09-19,1509.552734375,1549.2713142466089,1502.2011447933924,1543.3505321539467,1528204
2024-09-20,1553.3665771484375,1561.1129097835149,1511.9211016674592,1523.6146224435822,1821157
2024-09-23,1606.752197265625,1615.3866709189792,1540.5381433984824,1564.0732274933307,670632
2024-09-24,1613.9559326171875,1622.8371058982877,1591.0129016410117,1613.6104572893582,964946
2024-09-25,1605.1240234375,1616.8175441405754,1586.42426791956,1613.9559291230914,898849
2024-09-26,1622.886474609375,1625.7482102700133,1585.7829280145136,1609.466058239995,774246
2024-09-27,1575.5201416015625,1589.7300431741737,1553.2185524246738,1589.7300431741737,2273207
2024-09-30,1568.90869140625,1589.4833862990567,1554.3040465335387,1575.0267850791108,668068
2024-10-01,1589.6806640625,1592.8877544841762,1564.616115287684,1568.908658375741,473000
2024-10-03,1543.44921875,1574.0399268428926,1523.1706119506914,1573.9412712310916,658824
2024-10-04,1511.131591796875,1551.1462591230943,1507.0857481084422,1544.337335596472,1019377
2024-10-07,1486.412353515625,1529.5353337747304,1477.284481362453,1511.1315458282336,755578
2024-10-08,1498.94482421875,1510.7863896503663,1472.0546027177884,1475.3603489757213,1607560
2024-10-09,1503.3359375,1517.6938829506362,1493.7640541719932,1506.839115257231,336186
2024-10-10,1487.8927001953125,1526.5257098943757,1482.5145837806838,1505.8523590463587,369677
2024-10-11,1499.487548828125,1501.905153487015,1471.4130996694362,1495.3429288232207,316816
2024-10-14,1520.111572265625,1525.785655694222,1499.832963765558,1519.6675617459703,426793
2024-10-15,1527.3646240234375,1531.8052110445512,1501.263768035267,1519.272815398673,441089
2024-10-16,1532.7919921875,1540.3902817165506,1516.7565392228016,1529.5355135558318,546976
2024-10-17,1507.973876953125,1532.4957585929103,1500.7209430115856,1532.3971029835013,537173
2024-10-18,1499.1915283203125,1506.7898179799176,1482.169277957617,1504.8656117745445,709462
2024-10-21,1475.4588623046875,1512.611794355132,1471.2157073760754,1497.0204736489559,272480
2024-10-22,1453.5521240234375,1477.4325655897258,1449.3582363607766,1473.9787757498873,741250
2024-10-23,1446.9898681640625,1465.2456140683364,1435.789745444247,1445.657716203314,1172365
2024-10-24,1440.4276123046875,1473.2880024037743,1420.987758514022,1455.525655422349,1227944
2024-10-25,1460.656982421875,1483.0573483024702,1435.7403562748784,1435.7897443120858,1101554
2024-10-28,1447.43408203125,1470.3277273201638,1441.4145231565217,1460.6570672388996,322416
2024-10-29,1429.1287841796875,1453.9467533237982,1410.3302527657038,1449.752865988902,569482
2024-10-30,1426.760498046875,1432.8293240275598,1414.0801799803671,1421.3331142437403,685466
2024-10-31,1429.967529296875,1440.6249852345131,1407.7645964756457,1423.9480916015102,522184
2024-11-01,1433.9642333984375,1455.4763379548913,1430.9051864728215,1448.1247477256986,54659
2024-11-04,1417.0899658203125,1435.789721918899,1399.6729736242105,1435.789721918899,444771
2024-11-05,1427.2540283203125,1431.7932711011233,1410.6759085392682,1413.0935133640135,281371
2024-11-06,1437.121826171875,1441.1676698908286,1425.4283054937132,1430.7570335312084,240099
2024-11-07,1419.95166015625,1446.595182255817,1405.4457907521607,1434.6056936779175,283200
2024-11-08,1429.5235595703125,1436.727105704688,1414.0307737293954,1422.073193716713,1499108
2024-11-11,1456.364501953125,1475.6564337861203,1427.8954292014093,1438.7501974952695,650600
2024-11-12,1427.697998046875,1461.9891950041283,1420.099588604195,1455.525626243125,681448
2024-11-13,1408.85009765625,1424.7868940778137,1404.6562102010291,1414.1788258087258,296683
2024-11-14,1423.3067626953125,1435.3457595025397,1406.3831684622216,1408.850161194199,548233
2024-11-18,1451.3812255859375,1462.285261286213,1421.2345259409365,1423.948217971027,934866
2024-11-19,1467.761962890625,1486.066975975622,1455.7723545872511,1459.4728435414636,701161
2024-11-21,1473.3375244140625,1485.0803140637938,1461.9893572551248,1480.1957163831835,545772
2024-11-22,1480.3436279296875,1488.0899607290255,1470.031526417365,1473.28800488623,621662
2024-11-25,1466.4791259765625,1523.3186140602847,1456.66054315054,1498.8461185932554,3600031
2024-11-26,1491.1983642578125,1508.5659679905416,1447.5325954378084,1466.4790503355814,658663
2024-11-27,1495.7376708984375,1506.7897499879948,1480.245004958118,1498.6486740949306,547190
2024-11-28,1482.9093017578125,1502.6452432218991,1475.70563493997,1501.3130912647987,566858
2024-11-29,1508.911376953125,1521.5916952218904,1481.33044700617,1495.984359416646,1224425
2024-12-02,1511.9703369140625,1532.3477193482115,1499.931461524746,1521.6409958362885,554366
2024-12-03,1522.5784912109375,1524.6014733882043,1493.1226227585607,1512.167854395987,522548
2024-12-04,1505.9017333984375,1528.5486782202508,1500.573005070179,1528.5486782202508,618463
2024-12-05,1509.898193359375,1514.7335231602115,1495.1456251446211,1506.0496606420306,423566
2024-12-06,1496.5762939453125,1517.4470744174153,1493.0732368989534,1517.4470744174153,323615
2024-12-09,1486.363037109375,1502.5465326092947,1472.5478785901842,1492.7278298151246,516426
2024-12-10,1493.5174560546875,1506.00046383924,1480.2450828414212,1496.9712460092242,522996
2024-12-11,1496.77392578125,1502.1025338836394,1486.8565665021627,1499.9316283944165,324261
2024-12-12,1505.8028564453125,1512.5131243289313,1490.8529780390338,1490.8529780390338,540314
2024-12-13,1492.0865478515625,1508.8127098922282,1463.2720013259925,1507.973956480089,462501
2024-12-16,1499.1419677734375,1523.9106690643177,1447.9765669524675,1492.0864655265284,805782
2024-12-17,1542.6597900390625,1547.0016004489642,1507.9244635495263,1519.6673718784928,2444937
2024-12-18,1558.7445068359375,1574.7799579802615,1519.3712827036888,1559.1392497250597,2242721
2024-12-19,1551.59033203125,1565.0601359818352,1533.8773730010344,1539.4034124411494,584413
2024-12-20,1524.4041748046875,1567.9711694465423,1520.9503850304939,1557.757843777438,484886
2024-12-23,1524.6507568359375,1537.775084693499,1510.391467875204,1510.391467875204,375618
2024-12-24,1544.0906982421875,1549.024683537737,1521.1476666178828,1534.0746840004972,388993
2024-12-26,1546.2615966796875,1558.7446035133753,1532.5452139862489,1558.7446035133753,544734
2024-12-27,1558.54736328125,1568.5139898960037,1539.4034754562856,1539.4528634947203,356482
2024-12-30,1598.167236328125,1643.362469673045,1546.508313559215,1563.2345961020899,3987698
2024-12-31,1603.9892578125,1611.7849787988503,1580.4049040804734,1593.7266645966045,816405
2025-01-01,1637.688232421875,1642.2274744062925,1590.5194093841071,1607.6403127752178,433570
2025-01-02,1666.2562255859375,1669.5619716486635,1630.2874004362127,1638.083121310076,615262
2025-01-03,1660.2366943359375,1677.5550312240844,1644.4479411008874,1677.5550312240844,647193
2025-01-06,1619.4820556640625,1676.3709315488268,1612.081077547015,1643.017141984548,309219
2025-01-07,1604.8280029296875,1636.0600314891406,1600.880814945315,1619.7778810536042,542151
2025-01-08,1554.994873046875,1609.3673675805935,1541.9198118529162,1598.6112554123285,1413532
2025-01-09,1553.66259765625,1577.3951153575924,1540.3902252569294,1540.3902252569294,777640
2025-01-10,1518.8287353515625,1564.073356948213,1510.9836263648795,1553.662599669618,402378
2025-01-13,1463.962890625,1516.707147607198,1459.0781726890175,1500.5236510231116,906542
2025-01-14,1388.670166015625,1448.6180875544057,1385.463075562933,1442.944004445797,2008577
2025-01-15,1392.2720947265625,1401.5480118397418,1369.6744163591693,1386.1046126644264,1287420
2025-01-16,1395.4791259765625,1422.7147015114826,1389.3116441770503,1412.1066328163217,489271
2025-01-17,1408.7021484375,1419.2114404406811,1392.6173086641659,1395.4790441430478,696620
2025-01-20,1438.60205078125,1457.8445931964661,1394.14691609204,1397.4032740717485,1610101
2025-01-21,1418.9647216796875,1454.390758663436,1414.573523139751,1443.733423160506,562153
2025-01-22,1439.4407958984375,1478.1725797677827,1422.665246197065,1432.8293039054636,913499
2025-01-23,1480.8370361328125,1489.0767675140778,1430.8557408186964,1449.308797706494,1235078
2025-01-24,1450.3450927734375,1528.5487659166897,1442.0559727270945,1515.720403129784,1968647
2025-01-27,1372.4866943359375,1444.8682360469004,1368.5888940542131,1430.8557656973157,805934
2025-01-28,1378.60498046875,1396.3179407921652,1344.067080873184,1396.3179407921652,1371996
2025-01-29,1409.0968017578125,1413.0933780005514,1362.8161164010905,1379.4928902075217,766197
2025-01-30,1408.060791015625,1416.0044353104506,1393.4068783291464,1410.0343851945076,749914
2025-01-31,1405.1990966796875,1418.9648682986794,1398.4888280907417,1401.2519082058682,664221
2025-02-01,1478.320556640625,1488.0898709995204,1367.2566269390077,1405.1989232780618,1426531
2025-02-03,1453.601318359375,1478.22185446763,1435.7895849468634,1450.5915394308518,802852
2025-02-04,1462.8773193359375,1488.978175024309,1446.447243913441,1470.7716961716858,478244
2025-02-05,1422.96142578125,1472.3999366629223,1419.359592255334,1450.6904003472582,819735
2025-02-06,1396.3671875,1439.5395576248006,1391.6305135657158,1432.7306340162504,431647
2025-02-07,1408.65283203125,1412.0079661957645,1381.5159123248686,1398.192807072516,621350
2025-02-10,1400.7584228515625,1427.1552441346053,1391.926637372088,1408.6527993100426,670743
2025-02-11,1371.203857421875,1405.1003112167614,1365.233687223463,1393.4067905353754,694651
2025-02-12,1379.0489501953125,1393.357508175872,1348.8035949239897,1373.621566133721,654233
2025-02-13,1378.407470703125,1392.272017796171,1367.2073479888788,1385.4137058468532,561668
2025-02-14,1346.3858642578125,1381.959824185798,1341.5011467841491,1380.529016705041,828825
2025-02-17,1331.8798828125,1338.0473641555575,1320.3344059217445,1327.3406406357337,890483
2025-02-18,1317.3740234375,1338.5901593954823,1308.0488397696492,1322.3080085440076,415003
2025-02-19,1311.3052978515625,1319.1504070454664,1300.5985734441465,1312.4401386044879,464950
2025-02-20,1327.1927490234375,1331.6333360991139,1303.5096179531631,1312.440180144366,728768
2025-02-21,1289.2503662109375,1331.435940765486,1285.5992652516552,1327.1926651999406,1297282
2025-02-24,1325.071044921875,1327.0939064740164,1281.4052781616163,1288.4607802655896,754464
2025-02-25,1328.327392578125,1335.5803262997317,1316.9792272919626,1326.3045310414134,400379
2025-02-27,1317.7689208984375,1342.8828598527182,1304.5952032106456,1320.3345693630213,621665
2025-02-28,1267.4913330078125,1317.3739685393207,1259.7450008051283,1317.3739685393207,900840
2025-03-03,1288.905029296875,1299.7104091324081,1258.018232529478,1258.4623634903662,705964
2025-03-04,1270.9947509765625,1284.859299355065,1254.3178547641019,1284.859299355065,516071
2025-03-05,1302.7694091796875,1309.3316336133794,1270.994592549402,1271.882733980641,621963
2025-03-06,1315.25244140625,1318.6075755123752,1302.720166888853,1312.6374050974189,275303
2025-03-07,1310.318359375,1323.1961082808482,1305.532418064145,1321.4198255150013,265595
2025-03-10,1295.76318359375,1326.7486350872905,1291.6186841629442,1298.6249191334134,613699
2025-03-11,1302.4239501953125,1308.838130467969,1283.8228514963314,1293.6414331148756,302563
2025-03-12,1318.607421875,1321.2717254513775,1294.3815086161342,1303.0159819118546,598766
2025-03-13,1335.8271484375,1344.4123552407123,1314.6603994225175,1326.255265020727,441272
2025-03-17,1335.185791015625,1347.224666791048,1321.3212443385557,1345.9911704837866,546482
2025-03-18,1335.185791015625,1335.185791015625,1335.185791015625,1335.185791015625,0
2025-03-19,1329.51171875,1356.4512060431964,1306.4699111771854,1356.4512060431964,838919
2025-03-20,1359.5596923828125,1369.6743625674785,1332.2747287197676,1342.8335298706454,855272
2025-03-21,1373.2266845703125,1401.3011315662618,1367.7500334816764,1401.25174353269,1093226
2025-03-24,1374.1148681640625,1386.5484866855281,1367.0099777114028,1381.515845910009,440777
2025-03-25,1347.520751953125,1389.4102382979045,1342.0439801741122,1389.4102382979045,426894
2025-03-26,1343.524169921875,1357.4873721292033,1337.850086942036,1357.4873721292033,421022
2025-03-27,1389.5089111328125,1400.1663675262087,1349.4449747315923,1350.086416910027,768855
2025-03-28,1382.798828125,1401.7452843124017,1372.4374585471892,1398.2914944531315,959532
2025-04-01,1387.584716796875,1394.5909518654148,1368.6875289137308,1389.3608792383861,365985
2025-04-02,1415.5108642578125,1421.2343348625063,1376.4337283699795,1396.2190557854983,870739
2025-04-03,1415.2142333984375,1419.2218646916829,1398.787619880803,1419.0240017125607,230919
2025-04-04,1412.443359375,1427.187774478611,1402.3499320130456,1415.164639582881,500497
2025-04-07,1389.1395263671875,1397.5507570007653,1349.7551275529504,1355.6924668237111,579009
2025-04-08,1410.2169189453125,1423.8233205786614,1396.2641967022084,1396.2641967022084,562645
2025-04-09,1436.440185546875,1440.7447321457178,1410.6127851583487,1419.3703359895396,886893
2025-04-11,1461.4759521484375,1468.5017788179207,1439.6067786580186,1468.5017788179207,693426
2025-04-15,1486.0169677734375,1534.6042892151022,1465.1373495009323,1534.2084424506693,797044
2025-04-16,1487.501220703125,1498.8811199804966,1468.1059382677413,1498.8811199804966,739318
2025-04-17,1501.9488525390625,1510.5579454757983,1484.532562099627,1496.110445230079,569237
2025-04-21,1500.8603515625,1522.7296476696813,1489.2825883961489,1522.7296476696813,528024
2025-04-22,1541.333251953125,1543.708211822717,1500.8603650609855,1508.7768174293071,823672
2025-04-23,1563.8951416015625,1568.842924180158,1527.380482012433,1543.7081645217982,1385393
2025-04-24,1544.4998779296875,1592.3943172704967,1540.442599526645,1568.447097600092,1320677
2025-04-25,1531.23974609375,1557.5619247286727,1514.3183541709761,1549.1506945125395,517429
2025-04-28,1540.343505859375,1544.0049371064506,1511.0526598600795,1516.9899984056985,604732
2025-04-29,1529.75537109375,1548.5569440232787,1518.8702499240228,1543.8070246492107,560975
2025-04-30,1547.5673828125,1552.6140966348198,1520.0576647132755,1520.0576647132755,705329
2025-05-02,1544.7965087890625,1558.650298720056,1534.8020130693667,1547.567315093446,810473
2025-05-05,1542.8175048828125,1554.8901665809988,1537.276012678213,1549.1506906004136,247436
2025-05-06,1559.837890625,1571.4156528473134,1534.307285730327,1542.8174470967294,898145
2025-05-07,1572.9000244140625,1599.1232711249606,1521.5420189607946,1598.133714645304,2290058
2025-05-08,1521.146240234375,1577.0561838352207,1516.099526121535,1572.9000947529935,715376
2025-05-09,1515.2088623046875,1528.172149072438,1482.8504131193702,1509.172591822455,991191
2025-05-12,1547.8641357421875,1563.4002443336124,1535.8905269725433,1538.7602648087714,480122
2025-05-13,1537.671875,1556.770243040916,1532.9219554648498,1547.8642345091134,427254
2025-05-14,1518.37548828125,1546.1820012323183,1505.1154072795878,1533.8125452224597,638135
2025-05-15,1522.4326171875,1529.8542906544524,1512.1412058208994,1513.823524284022,441481
2025-05-16,1524.2138671875,1540.9372747638718,1515.109875257128,1533.8125165535516,847943
2025-05-19,1539.7498779296875,1551.3276403902773,1520.0576798819043,1524.2138895618232,982452
2025-05-20,1540.343505859375,1555.5826989522232,1524.0158248589223,1555.5826989522232,726976
2025-05-21,1541.13525390625,1553.6036411346065,1486.016886644768,1553.6036411346065,2403116
2025-05-22,1552.0203857421875,1560.5305471923868,1503.2352036404975,1535.296857304368,776793
2025-05-23,1562.4107666015625,1576.264557464945,1551.8224396786954,1553.9006049445786,640485
2025-05-26,1539.255126953125,1571.7126282858183,1536.7812357172634,1563.4992610645693,343457
2025-05-27,1517.0889892578125,1548.655864586431,1512.7349166615434,1546.9736669175272,639811
2025-05-28,1506.797607421875,1523.7191199071733,1502.2456717619602,1517.0890189978577,423530
2025-05-29,1506.6986083984375,1513.3287090105741,1490.9646368745314,1509.172499493534,649913
2025-05-30,1504.2247314453125,1521.7399530405428,1482.8503363418206,1504.2247314453125,1450384
2025-06-02,1533.0208740234375,1535.099039299704,1495.2198642255335,1504.2248041726289,962416
2025-06-03,1563.1033935546875,1592.988071764405,1545.2913768929704,1562.5096838250572,2105296
2025-06-04,1567.556396484375,1582.1029492239245,1551.3276460462882,1573.196940900087,1158597
2025-06-05,1593.1859130859375,1627.6225264820066,1555.5827673112383,1564.4887755210354,2195473
2025-06-06,1576.75927734375,1610.602059739079,1569.832382168469,1606.5449024383647,803768
2025-06-09,1576.0665283203125,1590.8109437595676,1566.9626571903455,1583.58725406603,619292
2025-06-10,1593.0870361328125,1627.820445180922,1586.6549188722192,1587.2486286141027,1003019
2025-06-11,1488.0950927734375,1531.8334411602118,1467.1164227815586,1507.0945289967717,9786390
2025-06-12,1469.59033203125,1498.485454270002,1467.5122875431152,1489.2825305140852,1578161
2025-06-13,1437.924560546875,1457.5178280359257,1427.0394387852855,1449.700307338962,1568758
2025-06-16,1469.88720703125,1477.209949079972,1432.481924087664,1443.663960534608,1234580
2025-06-17,1459.39794921875,1475.2308529442782,1452.0752070865994,1474.4391594398141,946768
2025-06-18,1446.53369140625,1459.8927037073095,1443.3670382353853,1459.397925473937,366997
2025-06-19,1445.544189453125,1465.0384042649735,1440.7942699154348,1454.2522142115947,593453
2025-06-20,1443.6639404296875,1452.1741018075927,1433.6694443650963,1451.6793235786974,1652262
2025-06-23,1405.0712890625,1441.684879316339,1400.420301066487,1438.716209836298,3416836
2025-06-24,1428.2269287109375,1433.867352379335,1412.2949726036802,1415.0657790907171,1116069
2025-06-25,1439.7056884765625,1446.4345997901692,1414.570930745634,1424.9612733639126,1958351
2025-06-26,1429.414306640625,1445.544125258737,1423.4769678799164,1439.8046494718653,1725849
2025-06-27,1427.1383056640625,1445.7420157870388,1425.2582449903791,1437.1329227381166,2130175
2025-06-30,1413.1856689453125,1421.794883310427,1403.1911720622156,1411.899317922118,3001009
2025-07-01,1385.77490234375,1418.133350538444,1382.3114547047567,1416.9459310946902,1280859
2025-07-02,1368.9525146484375,1391.910177606345,1365.9838450868733,1389.238423319127,1464003
2025-07-03,1367.2701416015625,1377.957399915504,1363.4109679616931,1373.7022587286367,930122
2025-07-04,1363.8067626953125,1376.9679128756993,1357.869423509359,1370.4368639302454,905626
2025-07-07,1368.1607666015625,1380.332359637207,1355.7913105878868,1371.5252827963761,1772885
2025-07-08,1350.4476318359375,1372.415857386728,1347.0832365601495,1368.1607163561052,963015
2025-07-09,1356.5830078125,1361.1349434789263,1348.3696406786999,1350.7446003989346,1302716
2025-07-10,1369.546142578125,1370.832614296132,1353.9111021698125,1364.0046505533762,686811
2025-07-11,1343.421875,1370.4368156627988,1341.838608765271,1370.4368156627988,781058
2025-07-14,1349.7550048828125,1359.254722693569,1331.2503474888956,1352.7236742483906,1850508
2025-07-15,1355.8902587890625,1359.6506217817562,1343.9166493793361,1355.395480542417,962048
2025-07-16,1362.817138671875,1367.3691951253822,1351.1404446617307,1360.6401627296952,1343693
2025-07-17,1365.587890625,1385.2800879894824,1362.1244430763134,1367.2700882590334,1027003
2025-07-18,1348.0728759765625,1372.514873348135,1347.0833194709041,1372.514873348135,509628
2025-07-21,1352.1300048828125,1360.640166492325,1343.8177062520563,1356.7808720428166,949878
2025-07-22,1329.4691162109375,1357.671475579759,1327.0941565260484,1355.5934311537815,827126
2025-07-23,1328.2816162109375,1339.8593778788559,1322.937987442875,1337.8802650607186,860631
2025-07-24,1321.2557373046875,1337.880334153779,1318.386120206559,1334.9116647732603,924127
2025-07-25,1295.923095703125,1327.094123708363,1292.8554948839246,1323.1358979299202,815158
2025-07-28,1302.25634765625,1311.2612876032895,1289.1942502380684,1296.0220934184308,746523
2025-07-29,1310.1727294921875,1317.09962458769,1285.235955466564,1302.2562779544703,1769493
2025-07-30,1302.058349609375,1316.7037117415466,1299.2875433921072,1311.1622201024693,541385
2025-07-31,1326.20361328125,1333.9222025339839,1292.4597597649674,1296.3190543913342,1486378
2025-08-01,1316.44775390625,1331.3802372275077,1310.5742861623833,1329.9865144800183,1209840
2025-08-04,1333.6697998046875,1336.5567708584285,1308.0855272185736,1317.0450171310295,1091819
2025-08-05,1317.7418212890625,1343.0275171920816,1314.0585240345822,1342.8284660240568,1528084
2025-08-06,1302.3116455078125,1319.0360760616954,1298.528822504079,1319.0360760616954,1071422
2025-08-07,1284.193603515625,1302.1125840297966,1278.021558835756,1299.32513845258,1182773
2025-08-08,1285.686767578125,1304.800296931455,1280.2115238911874,1292.1575101172327,1324949
2025-08-11,1296.338623046875,1300.0220419009713,1279.1165649352522,1292.157576262076,691799
2025-08-12,1291.95849609375,1301.5152610451337,1284.691305655661,1298.5287644027726,642530
2025-08-13,1300.320556640625,1303.1080020447853,1288.673268637872,1294.2480379253361,402056
2025-08-14,1313.3616943359375,1327.8959533847737,1294.0489921517424,1313.0629960696563,1527475
2025-08-18,1301.61474609375,1319.832423653156,1296.736777425633,1319.0359759649857,2136037
2025-08-19,1322.6197509765625,1327.7964179214862,1297.1350046596388,1309.080990888277,1846772
2025-08-20,1329.886962890625,1337.253678822568,1318.2395532152825,1324.0134952616086,1075724
2025-08-21,1330.9820556640625,1334.7650001673396,1319.6333436750951,1334.0680780110179,1071331
2025-08-22,1323.9140625,1332.0771051866423,1321.1266168640961,1327.199136084244,545032
2025-08-25,1305.397705078125,1329.0905050581455,1300.619261936834,1328.9909794762139,1258475
2025-08-26,1296.93603515625,1305.3977759343104,1290.0670683381222,1305.3977759343104,1382762
2025-08-28,1275.7318115234375,1299.0265095612406,1273.4421154968309,1296.9359862226506,1374328
2025-08-29,1305.0989990234375,1309.3796927086685,1278.4195810986737,1284.1935230665404,1687323
2025-09-01,1315.2530517578125,1322.0224926477858,1297.4337192919718,1305.0990119437101,911511
2025-09-02,1327.9954833984375,1334.2671748444193,1315.2530493421937,1315.94997145889,969704
2025-09-03,1341.0364990234375,1345.118020072724,1319.931971657803,1327.9954881738777,1743317
2025-09-04,1315.5517578125,1357.8604598231177,1312.3662100341614,1357.8604598231177,716303
2025-09-05,1306.194091796875,1327.000043260953,1304.20309398253,1322.1220743116353,551551
2025-09-08,1290.1666259765625,1311.072103712294,1288.4743263872547,1308.981580242894,822646
2025-09-09,1298.52880859375,1301.316132642295,1285.8858994649809,1294.1485890650495,411404
2025-09-10,1297.6328125,1311.3707458897024,1295.3431164280958,1303.9045041607035,748158
2025-09-11,1313.06298828125,1316.0494848429207,1296.9359554565701,1300.2210287618943,1024840
2025-09-12,1303.8048095703125,1319.9319640301233,1292.1575215056077,1318.3391901567838,1240784
2025-09-15,1309.3797607421875,1316.8460025433005,1299.2255989801563,1316.8460025433005,1111447
2025-09-16,1324.0135498046875,1325.3077469955485,1309.5788156150875,1315.0540596180392,879154
2025-09-17,1331.08154296875,1339.7424562337264,1318.7373324150944,1326.0045229283764,1831382
2025-09-18,1321.42529296875,1335.959552921397,1314.45680051685,1335.959552921397,708672
2025-09-19,1322.2215576171875,1331.7784440371308,1316.2485643651523,1322.0225064504632,1037085
2025-09-22,1333.8690185546875,1356.865019153259,1330.9820474012527,1344.9190321907945,1193493
2025-09-23,1335.1630859375,1337.452782032764,1319.0360522466783,1333.1720881227882,608739
2025-09-24,1344.8194580078125,1350.891976856792,1326.8009526280434,1329.9865004279104,755361
2025-09-25,1311.6693115234375,1356.6659342078178,1308.782340441867,1337.054533186768,1180092
2025-09-26,1291.560302734375,1313.9590280809755,1289.1710810598984,1313.8595024947185,733634
2025-09-29,1302.6103515625,1307.687371807787,1294.148610646733,1298.7278814263866,829604
2025-09-30,1318.3392333984375,1336.059040791942,1285.1890716333235,1302.7098278564529,1455473
2025-10-01,1340.6383056640625,1348.7019438843943,1324.7103234346434,1328.4932678224748,1098185
2025-10-03,1356.466796875,1362.738488645997,1335.1630957961067,1340.9370381097503,1058525
2025-10-06,1354.8740234375,1357.86052018277,1334.8645195483634,1356.4667973974713,405517
2025-10-07,1345.7154541015625,1358.8559908997208,1341.0365363852152,1353.8784964275605,269092
2025-10-08,1327.099609375,1345.7155124201433,1319.533841753615,1342.131619028186,727143
2025-10-09,1331.579345703125,1337.7515119873888,1319.8325312307115,1327.0996005139557,889040
2025-10-10,1330.9820556640625,1343.4257921605476,1323.3167625905733,1331.579330711721,849804
2025-10-13,1310.176025390625,1332.475224159627,1308.6827771005694,1330.9819758695714,526581
2025-10-14,1296.537841796875,1317.6423706845706,1294.1486200403197,1310.1761286458764,647546
2025-10-15,1327.099609375,1328.991081660563,1299.5243374125619,1305.0991071587998,822427
2025-10-16,1352.9825439453125,1357.5618146260178,1319.1355810136058,1319.1355810136058,835083
2025-10-17,1355.272216796875,1363.1366823532085,1344.1225562863576,1352.4847712890303,560298
2025-10-20,1359.4532470703125,1370.1051580054607,1353.9780032269032,1360.5482715348223,518539
2025-10-21,1353.579833984375,1366.8200182391745,1350.8920355065986,1366.8200182391745,94445
2025-10-23,1345.1180419921875,1369.30871345547,1342.1315453434297,1353.5797824970014,526206
2025-10-24,1351.290283203125,1357.9600774816379,1338.6473737737224,1355.0731062562866,561687
2025-10-27,1347.009521484375,1358.4577587000786,1339.9415036814607,1358.4577587000786,422172
2025-10-28,1345.7154541015625,1368.8109798440412,1331.181073026166,1347.0095297518073,417933
2025-10-29,1381.1551513671875,1386.729920714128,1346.312691047737,1346.312691047737,1390351
2025-10-30,1388.32275390625,1393.5989467312274,1369.7069729200628,1381.1552103712459,958881
2025-10-31,1424.9571533203125,1481.302366896756,1421.5724327476933,1448.4509031147713,10485938
2025-11-03,1441.084228515625,1458.2068830449589,1421.7715249459752,1428.5409662865504,1297031
2025-11-04,1444.369384765625,1451.536928269295,1436.504919116325,1448.4509059696832,961290
2025-11-06,1410.1241455078125,1468.3608292439276,1407.1376489059605,1463.3833349075076,1003182
2025-11-07,1422.66748046875,1427.2467511907862,1397.680481912521,1410.1242183967847,507698
2025-11-10,1403.1556396484375,1423.6628918087981,1399.1736442184313,1422.6673929512965,429606
2025-11-11,1408.1331787109375,1424.558910382009,1402.3592365454895,1406.9386286522947,1025644
2025-11-12,1429.13818359375,1432.7219552971235,1405.9431323463182,1411.7169530015142,1363723
2025-11-13,1414.4049072265625,1429.4369165408689,1411.0201866109442,1428.5409432130782,464975
2025-11-14,1422.9661865234375,1425.9526832959698,1406.4409286862644,1412.6129734078188,335913
2025-11-17,1428.44140625,1431.626954144705,1417.889142137819,1427.5454329293445,380093
2025-11-18,1428.2421875,1431.7264335628558,1410.5223804357058,1431.527382396179,455921
2025-11-19,1405.345703125,1422.070132713098,1402.3592065214723,1421.7714344444023,484493
2025-11-20,1409.825439453125,1426.3508177754597,1400.368200266157,1403.653395118394,560899
2025-11-21,1420.6763916015625,1423.5633625851021,1389.0196009265194,1403.6533854860097,1018074
2025-11-24,1424.7579345703125,1432.5228743670245,1409.7259259328982,1428.441353302951,888660
2025-11-25,1423.961669921875,1429.4369139451533,1412.9116562881586,1425.0566944223579,522357
2025-11-26,1452.9306640625,1456.9126597159773,1422.5679472047361,1423.9616699876258,1283956
2025-11-27,1439.2923583984375,1462.1888331011432,1434.513915069528,1453.4283941717633,855725
2025-11-28,1445.066162109375,1453.4283770761772,1432.5229004196021,1439.292341469123,714629
2025-12-01,1440.58642578125,1451.1386897577117,1429.5364123575885,1451.1386897577117,512075
2025-12-02,1434.4144287109375,1449.5459637981864,1422.6674927599583,1448.3514136937224,761536
2025-12-03,1414.902587890625,1432.1246453725264,1410.0246191394801,1425.554377156285,965273
2025-12-04,1425.454833984375,1430.8305521025507,1408.9295773047545,1418.5858675845313,756367
2025-12-05,1449.0482177734375,1450.541466167994,1418.5859748286584,1419.1832498823078,612882
2025-12-08,1422.9661865234375,1458.3063983317375,1415.1017207182626,1452.3334047866726,456180
2025-12-09,1428.9390869140625,1433.8170556287039,1403.8524427477034,1418.5858744733837,404040
2025-12-10,1430.0341796875,1438.49592039571,1422.5679378861382,1428.9391551941394,384839
2025-12-11,1430.73095703125,1439.0931720168671,1418.2872208981476,1439.0931720168671,287781
2025-12-12,1440.58642578125,1444.46889577358,1426.5499156743901,1433.5184079351861,347794
2025-12-15,1435.9075927734375,1440.3873376833874,1423.065633060743,1438.495865528348,229303
2025-12-16,1444.8670654296875,1448.0526131639117,1431.626882022551,1433.4188285735875,428654
2025-12-17,1418.4864501953125,1449.7451409132561,1405.744015278168,1445.3649213154338,726612
2025-12-18,1384.93798828125,1403.65341576648,1366.1231567334078,1403.65341576648,1129800
2025-12-19,1400.3682861328125,1405.2462551588392,1381.1552298347644,1385.6349749874873,397838
2025-12-22,1420.2781982421875,1427.04763920953,1398.3772229630736,1400.3682207157203,530499
2025-12-23,1435.310302734375,1445.862566329868,1419.8800704282621,1427.346311866704,386351
2025-12-24,1415.698974609375,1438.0977000685937,1409.1287061121768,1433.6179549767498,499655
2025-12-26,1421.970703125,1427.5454728570887,1409.726017615578,1415.6990112258588,578732
2025-12-29,1423.2647705078125,1428.540963441063,1408.133235391905,1418.5859741487907,923624
2025-12-30,1417.391357421875,1430.7309452298405,1400.7664531726643,1418.5859074724553,2611454
2025-12-31,1437.20166015625,1440.4868550130677,1405.9430930692658,1414.9025828378337,765435
2026-01-01,1397.8795166015625,1444.9666635110248,1383.7434807305024,1440.9846678830233,1020153
2026-01-02,1375.3812255859375,1403.2551941708557,1364.9284873665931,1397.7799503416754,1986738
2026-01-05,1369.3087158203125,1384.9379997007936,1362.6389219015782,1375.08265795956,1093742
2026-01-06,1370.40380859375,1375.0827264972766,1355.6704972792688,1369.3087840702406,1189346
2026-01-07,1371.598388671875,1374.783936440512,1358.756428973002,1370.4037171179928,825599
2026-01-08,1344.12255859375,1372.7929753604565,1337.4527646096979,1371.598425295536,863070
2026-01-09,1325.009033203125,1349.8965056524698,1318.9365142296572,1333.9685232848892,753264
2026-01-12,1321.624267578125,1325.3076862875394,1304.1035118754205,1323.0179902919342,564288
2026-01-13,1313.4613037109375,1328.3937875604915,1307.8865340446102,1324.411791867277,565666
2026-01-14,1329.986572265625,1337.2537630727281,1304.1036000508748,1304.1036000508748,1050390
2026-01-15,1329.986572265625,1329.986572265625,1329.986572265625,1329.986572265625,0
2026-01-16,1342.6292724609375,1347.4077156278427,1331.3802081835042,1343.923469595558,888719
2026-01-19,1318.8370361328125,1346.113609702782,1311.0720958406716,1334.466320785437,429661
2026-01-20,1312.664794921875,1322.8189563798974,1307.0900255147878,1317.5427637233981,1422810
2026-01-21,1314.05859375,1323.3167824506759,1270.256640625,1279.2161310369318,2399345
2026-01-22,1332.375732421875,1334.5657813612438,1306.5922869878102,1313.5607791850784,1240014
2026-01-23,1327.0,1351.3897224306077,1321.027006751688,1347.9054763690924,1398884
2026-01-27,1311.5,1329.0999755859375,1300.0999755859375,1329.0999755859375,830607
2026-01-28,1326.699951171875,1331.5999755859375,1309.300048828125,1313.199951171875,1154014
2026-01-29,1330.4000244140625,1337.699951171875,1324.0999755859375,1329.0,949233
2026-01-30,1362.5999755859375,1368.0,1328.0,1332.5999755859375,1803157
2026-02-02,1346.5,1348.5999755859375,1318.0,1342.0,510793
2026-02-03,1366.0999755859375,1371.0,1350.0,1365.0,726570
2026-02-04,1358.0999755859375,1375.0,1350.0,1375.0,506352
2026-02-05,1359.4000244140625,1366.9000244140625,1353.199951171875,1360.0,519049
2026-02-06,1377.0,1378.300048828125,1352.0,1366.0,475208
2026-02-09,1409.800048828125,1413.4000244140625,1366.199951171875,1378.699951171875,689551
2026-02-10,1409.9000244140625,1412.300048828125,1401.0,1410.0,309157
2026-02-11,1412.9000244140625,1420.199951171875,1399.5999755859375,1420.0,383041
2026-02-12,1417.4000244140625,1428.300048828125,1407.4000244140625,1412.9000244140625,493044
2026-02-13,1402.4000244140625,1423.0,1398.0999755859375,1414.0,383577
2026-02-16,1401.0,1406.199951171875,1390.5,1390.5999755859375,151661
2026-02-17,1424.0,1425.800048828125,1402.0,1407.0,567457
2026-02-18,1424.5999755859375,1431.300048828125,1416.0999755859375,1430.0,271072
2026-02-19,1397.0999755859375,1429.800048828125,1390.4000244140625,1429.800048828125,278639
2026-02-20,1379.300048828125,1410.4000244140625,1375.699951171875,1401.0,288978
2026-02-23,1416.9000244140625,1420.0,1380.0,1380.0,785217
2026-02-24,1421.5,1425.0,1405.5999755859375,1418.0,681459
2026-02-25,1412.5,1427.300048828125,1406.5,1424.0,381768
2026-02-26,1388.800048828125,1409.800048828125,1375.699951171875,1405.5,559059
2026-02-27,1380.800048828125,1392.699951171875,1371.0,1385.0,1362196
2026-03-02,1366.5999755859375,1374.699951171875,1345.0,1345.0,957355
2026-03-04,1316.800048828125,1356.0,1311.199951171875,1340.0999755859375,837406
2026-03-05,1325.800048828125,1331.800048828125,1310.0,1316.800048828125,628562
2026-03-06,1389.800048828125,1417.9000244140625,1306.800048828125,1320.0,5578937
2026-03-09,1355.800048828125,1389.699951171875,1340.0999755859375,1389.699951171875,773145
2026-03-10,1407.0999755859375,1410.0,1354.0,1361.699951171875,747118
2026-03-11,1382.0999755859375,1413.5999755859375,1377.5999755859375,1401.800048828125,316208
2026-03-12,1363.5,1368.800048828125,1341.0999755859375,1367.0999755859375,842671
2026-03-13,1314.4000244140625,1368.0,1310.0,1350.0,675221
2026-03-16,1317.4000244140625,1363.4000244140625,1302.5999755859375,1309.9000244140625,885117
2026-03-17,1301.4000244140625,1332.5,1298.699951171875,1325.0,1291896
2026-03-18,1320.300048828125,1330.5,1305.199951171875,1310.800048828125,1747262
2026-03-19,1288.9000244140625,1317.5999755859375,1281.0999755859375,1311.0999755859375,806047
2026-03-20,1300.0999755859375,1317.5999755859375,1296.0,1296.0,867349
2026-03-23,1275.199951171875,1288.9000244140625,1266.4000244140625,1288.9000244140625,1141612
2026-03-24,1328.0,1334.9000244140625,1282.699951171875,1290.9000244140625,1628922
2026-03-25,1311.5999755859375,1345.4000244140625,1305.0,1337.9000244140625,3189905
2026-03-27,1253.800048828125,1314.5999755859375,1250.5999755859375,1314.5,1426042
2026-03-30,1218.800048828125,1252.9000244140625,1211.5,1243.199951171875,1479878
2026-04-01,1249.300048828125,1262.5,1228.699951171875,1262.5,3909216
2026-04-02,1221.199951171875,1238.0999755859375,1211.0,1238.0999755859375,957515
2026-04-06,1236.300048828125,1240.9000244140625,1213.4000244140625,1225.199951171875,948501
2026-04-07,1238.0999755859375,1249.4000244140625,1210.800048828125,1225.0,649429
2026-04-08,1248.800048828125,1270.5,1246.300048828125,1269.0,713361
2026-04-09,1249.699951171875,1256.0,1232.5999755859375,1241.5,1159575
2026-04-10,1268.199951171875,1270.699951171875,1246.9000244140625,1256.699951171875,1592029
2026-04-13,1231.5,1251.9000244140625,1227.300048828125,1245.0,1370011
2026-04-15,1252.4000244140625,1259.300048828125,1231.5999755859375,1231.5999755859375,1625397
2026-04-16,1254.5,1263.0999755859375,1236.300048828125,1256.800048828125,1707814
2026-04-17,1302.9000244140625,1306.9000244140625,1254.9000244140625,1258.0,2825738
2026-04-20,1307.699951171875,1318.5,1294.0,1309.0,1189368
2026-04-21,1363.0,1367.300048828125,1310.199951171875,1315.0,2334336
2026-04-22,1392.800048828125,1400.800048828125,1354.5999755859375,1376.5999755859375,1841125
2026-04-23,1382.300048828125,1394.5999755859375,1375.199951171875,1390.0999755859375,1008437
2026-04-24,1391.9000244140625,1398.5,1370.0999755859375,1383.0,967932
2026-04-27,1391.5999755859375,1414.4000244140625,1382.0,1393.0,821321
2026-04-28,1374.4000244140625,1398.0,1370.199951171875,1397.0,582625
2026-04-29,1363.4000244140625,1391.0999755859375,1360.699951171875,1379.9000244140625,769004
2026-04-30,1325.5999755859375,1350.0,1322.0,1350.0,1077576
2026-05-01,1325.5999755859375,1325.5999755859375,1325.5999755859375,1325.5999755859375,0
2026-05-04,1321.699951171875,1339.5999755859375,1312.5999755859375,1334.699951171875,778722
2026-05-05,1315.5999755859375,1334.199951171875,1307.4000244140625,1330.0,656051
2026-05-06,1290.300048828125,1328.800048828125,1269.4000244140625,1328.800048828125,2800460
2026-05-07,1279.800048828125,1301.199951171875,1277.5,1296.699951171875,995377
2026-05-08,1280.800048828125,1291.9000244140625,1273.9000244140625,1285.0,1284584
2026-05-11,1266.0999755859375,1280.0,1263.5999755859375,1280.0,437790
2026-05-12,1247.5,1273.5999755859375,1244.300048828125,1266.0999755859375,529790
2026-05-13,1256.4000244140625,1263.0,1236.0,1256.4000244140625,711715
2026-05-14,1272.5,1278.4000244140625,1252.4000244140625,1266.9000244140625,585021
2026-05-15,1320.699951171875,1342.0999755859375,1286.0999755859375,1289.0,3849617
2026-05-18,1315.699951171875,1320.300048828125,1271.300048828125,1320.300048828125,837730
2026-05-19,1304.9000244140625,1328.0,1300.4000244140625,1309.0999755859375,707901
2026-05-20,1284.5999755859375,1305.5,1282.0,1300.0,988906
2026-05-21,1272.5999755859375,1294.4000244140625,1270.0999755859375,1293.0,946896
2026-05-22,1282.0999755859375,1286.9000244140625,1259.0,1275.199951171875,842545
2026-05-25,1284.0999755859375,1302.0,1279.0,1290.0,739366
2026-05-26,1293.4000244140625,1297.0,1276.300048828125,1284.0999755859375,1103951
2026-05-27,1302.5,1310.300048828125,1290.5999755859375,1295.0,443996
2026-05-28,1302.5,1302.5,1302.5,1302.5,0
2026-05-29,1270.0,1308.9000244140625,1260.5,1305.9000244140625,2164859
2026-06-01,1248.800048828125,1282.199951171875,1245.0999755859375,1276.9000244140625,509716
2026-06-02,1275.0,1277.5,1242.800048828125,1250.0999755859375,997132
2026-06-03,1262.9000244140625,1280.0,1250.5,1280.0,600804
2026-06-04,1249.699951171875,1268.199951171875,1248.0,1262.9000244140625,611875
2026-06-05,1246.699951171875,1256.800048828125,1241.5,1249.5999755859375,271036
2026-06-08,1238.5,1247.0,1229.199951171875,1242.800048828125,488904
2026-06-09,1257.199951171875,1262.5,1239.0999755859375,1239.9000244140625,555079
2026-06-10,1259.9000244140625,1275.9000244140625,1253.199951171875,1260.5,902528
2026-06-11,1257.800048828125,1275.5999755859375,1252.5,1259.9000244140625,638516
2026-06-12,1272.4000244140625,1277.0,1261.199951171875,1270.9000244140625,497161
2026-06-15,1271.5,1289.0,1266.0999755859375,1285.0,781530
2026-06-16,1299.0,1302.0,1268.0999755859375,1275.800048828125,1039955
2026-06-17,1308.0,1309.9000244140625,1286.300048828125,1304.0,321861
2026-06-18,1350.300048828125,1367.5999755859375,1325.300048828125,1329.0,2744272
2026-06-19,1320.5,1348.4000244140625,1312.0,1348.0,784253
2026-06-22,1343.4000244140625,1346.4000244140625,1314.0,1320.5,636140
