Date,Close,High,Low,Open,Volume
2015-01-01,195.7729949951172,197.2343056165878,195.5580959885364,196.84749002802124,208341
2015-01-02,198.523681640625,199.16837860186305,195.9878762163673,195.9878762163673,582581
2015-01-05,198.2658233642578,200.54376076289876,197.32027558062885,198.52370480211837,967248
2015-01-06,190.959228515625,197.70706173892367,189.7557994733365,197.70706173892367,1479156
2015-01-07,189.19708251953125,191.64692321956306,187.4778905406764,190.83030965288577,1172388
2015-01-08,194.61253356933594,195.55809443734898,190.14263689118968,190.7873339058183,1084102
2015-01-09,192.3775634765625,196.33169671452467,190.87327066381343,194.87038631970404,1225314
2015-01-12,195.98789978027344,196.50366265783208,191.73290194779645,192.46355072187725,1035171
2015-01-13,197.79302978515625,200.07095376514093,194.44059777059843,195.98787307605642,2105508
2015-01-14,200.15692138671875,201.01651733320858,197.75005011326851,198.7815626257777,3179578
2015-01-15,206.6898651123047,209.31163565653821,201.05950842927083,202.13400347884237,3732809
2015-01-16,205.74432373046875,208.10821291296617,203.76725015455554,205.87325789386514,1204955
2015-01-19,212.1483154296875,212.7500300631527,205.0136653335835,205.70134482171318,2395181
2015-01-20,212.4921112060547,213.99640408308272,211.03080074879176,212.32019464338723,1960237
2015-01-21,212.01934814453125,213.52364114446803,209.1826918377657,213.1798079910401,1033591
2015-01-22,214.03941345214844,214.85602706493194,210.68699415066058,212.40618622658147,2518070
2015-01-23,217.04798889160156,217.82162004109324,210.85890034648617,214.9849637486944,2926698
2015-01-27,215.0709228515625,216.18840030744448,210.77294272616598,215.32880428236518,2395358
2015-01-28,214.08236694335938,216.61817228934095,212.32019268042544,213.3946875826543,2733606
2015-01-29,220.01361083984375,220.95915864419868,212.62109252963447,213.26578958021992,2751278
2015-01-30,213.82452392578125,220.31446380709585,207.16265433613378,219.1969994013034,2568740
2015-02-02,214.25433349609375,215.58671010901764,209.35463822196976,214.8990305878573,845482
2015-02-03,210.64402770996094,216.96205119856924,208.4520550235476,214.68412677167427,2247358
2015-02-04,213.82452392578125,215.715632669886,208.88184648830088,211.50361714363473,2304210
2015-02-05,212.79299926757812,216.18840095350942,211.28870621919387,213.1798148567409,1218994
2015-02-06,213.3946990966797,215.11389103300743,211.460608168311,211.5465730116848,864075
2015-02-09,211.46060180664062,216.01646292412738,209.7414099220338,212.4491318937323,807547
2015-02-10,214.55519104003906,217.04801447457498,210.6010437476074,210.6010437476074,1479339
2015-02-11,215.62965393066406,216.6181840478169,213.9104619937766,214.89899211092947,1570176
2015-02-12,223.23709106445312,225.21415136577025,216.1024285448723,216.23137581434563,2027412
2015-02-13,227.87892150878906,228.65255271879843,222.63538027883004,225.0422387617014,1674012
2015-02-16,228.82444763183594,230.37170981659418,226.4175632821402,227.7499527166466,955073
2015-02-18,232.1768798828125,233.3803090105266,227.7929351299799,227.7929351299799,2423402
2015-02-19,227.83592224121094,234.66972132228335,225.30012963692593,234.66972132228335,2789435
2015-02-20,226.1597137451172,228.65253690846384,224.4834910453421,228.0078399059024,830196
2015-02-23,225.34312438964844,227.79297865189716,222.85030081322392,226.97635182021673,1068181
2015-02-24,221.17404174804688,226.46057816872423,218.33738542267858,225.42905246888762,1165496
2015-02-25,224.3975372314453,227.6210224027424,222.0766436477851,223.4090070254721,1385462
2015-02-26,223.28005981445312,226.93334279505532,219.6697592569015,225.2141508041837,3015768
2015-02-27,231.6181182861328,232.39174932465193,223.92472473587486,223.92472473587486,1907559
2015-03-02,245.37167358398438,246.70403680882686,232.4347388409228,233.81009760279062,2832881
2015-03-03,241.54647827148438,245.84445831190226,238.32299324117096,245.4576296151493,1657278
2015-03-04,236.0880126953125,243.91034076462952,234.66968468279777,242.49201275211476,3325192
2015-03-05,234.9705810546875,237.24850529739817,231.27430237016327,236.38890926371195,1196807
2015-03-09,226.71849060058594,236.3889475456346,224.8273685271035,236.045114323036,1477604
2015-03-10,223.06517028808594,228.69551380416863,222.2055742561473,227.6210187642453,1755355
2015-03-11,223.36605834960938,226.76144730401563,220.18554219368218,224.22565447469327,1390394
2015-03-12,226.976318359375,230.9734608345818,224.35456099412994,224.35456099412994,1700626
2015-03-13,220.0565948486328,231.01644478738308,218.33740270137787,230.37174773216248,1480291
2015-03-16,220.61534118652344,223.19412957264944,219.3259469934604,221.68983634740928,976672
2015-03-17,222.37750244140625,224.01072964441073,218.4663247830444,223.19410292651406,1014172
2015-03-18,217.2199249267578,223.45200956961818,215.7586142265898,223.45200956961818,1030832
2015-03-19,216.3603057861328,220.7442374192286,215.0709118146822,220.7442374192286,1354373
2015-03-20,219.36886596679688,222.20553499425733,208.88179885340244,218.50927008674174,1780884
2015-03-23,220.185546875,222.63540113013332,216.79014473200888,220.09958201410555,1117431
2015-03-24,217.77867126464844,222.20558581281372,216.48927714968048,219.1110346903325,662042
2015-03-25,213.8674774169922,219.6267677242516,211.93338650748314,219.11100490182517,1470418
2015-03-26,214.98497009277344,216.5752148617433,210.9448583010685,212.27723475686093,1416055
2015-03-27,215.28578186035156,217.3917891072464,212.3631611646271,215.97346117593142,769766
2015-03-30,221.0021514892578,221.68981784170455,214.7700800763462,217.34886824720618,789976
2015-03-31,219.4548797607422,222.37751427479148,218.3374022440879,221.4319533492236,1383023
2015-04-01,223.7098846435547,224.69841491031093,217.82164612203644,219.15402269804372,1346375
2015-04-06,224.7843475341797,227.32016615435325,222.80728728416418,226.67546917289766,2100720
2015-04-07,223.58096313476562,226.54655410294978,218.55232042705364,224.7843924942951,1385846
2015-04-08,221.4748992919922,228.95339482095187,220.57233400491904,223.75282339543335,1722699
2015-04-09,220.185546875,223.4949972734929,217.95060477210282,223.4949972734929,1162924
2015-04-10,222.0336151123047,222.89321103025057,219.49782289403572,220.22848467084683,771330
2015-04-13,221.43194580078125,223.66690075790194,218.7671928223985,223.32304135466077,1109353
2015-04-15,223.45199584960938,225.2141571971587,221.4319399564359,223.8387983188626,2877879
2015-04-16,217.04798889160156,224.26859000817052,214.8989989025758,224.26859000817052,3346874
2015-04-17,212.1912841796875,215.71562001503955,211.24572330490835,215.24283957765,1579668
2015-04-20,213.22280883789062,217.6927058006466,209.56952552238124,211.6755332809841,1651654
2015-04-21,206.3030548095703,213.13684087685834,205.6583577632904,212.32022724151614,1187332
2015-04-22,208.06521606445312,209.39759249824144,202.99359175461282,206.90475620874204,2817535
2015-04-23,204.24002075195312,212.23425328998312,202.95062671467159,209.61249590729287,1605610
2015-04-24,200.5867462158203,204.58386265560074,199.16840484437938,204.58386265560074,1431828
2015-04-27,197.8360137939453,201.53227921050748,196.58960221948905,201.53227921050748,1045609
2015-04-28,198.1798553466797,199.3832844692949,192.59248148980654,197.62111009115617,3076993
2015-04-29,204.8417205810547,207.59242503903863,196.15979610926215,197.70707146575106,4216759
2015-04-30,199.77011108398438,206.990725568178,198.99647990757535,202.4778464342049,2718627
2015-05-04,207.42051696777344,208.8818275412855,199.42627156205037,201.4033449809874,1225037
2015-05-05,205.6153564453125,207.16263183750206,202.69273535059406,207.16263183750206,1425990
2015-05-06,194.9563751220703,205.7872768355001,193.0222841250585,205.61536025904454,1784868
2015-05-07,198.91053771972656,199.81311627262806,191.0882208661709,193.4091277762062,1204512
2015-05-08,200.4578094482422,206.26008316815114,199.12543285965063,200.07099382352737,1726625
2015-05-11,205.01365661621094,205.7872878097142,198.17987068561618,201.1024919904005,966021
2015-05-12,196.7185516357422,205.78727902510838,195.60107420229977,205.78727902510838,1408233
2015-05-13,202.13400268554688,203.07956357201675,195.98789627267647,198.35178537245656,1485322
2015-05-14,202.0480194091797,204.19700916440092,198.695587521199,201.61822145813542,1388619
2015-05-15,201.74716186523438,203.68125270502625,199.72711930239865,201.9620608474335,688530
2015-05-18,206.90476989746094,208.79587861421362,200.8016457153775,202.3918905632944,1454344
2015-05-19,205.4434356689453,208.83883710797764,203.81020858173287,207.7643421515501,1281230
2015-05-20,205.27149963378906,207.85028728467486,204.1540223617934,205.70129757560335,1327514
2015-05-21,207.3345489501953,207.67839521401746,202.34888961412156,205.2715238328377,1900169
2015-05-22,207.67840576171875,210.30016315590134,206.3890117187852,207.33455948043311,1215616
2015-05-25,199.6841583251953,207.7643556769932,198.73859745542575,207.59243909605175,1474372
2015-05-26,194.9563751220703,201.05949884280454,194.35466054627878,200.5007666902254,2058074
2015-05-27,195.64404296875,198.09388355018052,193.40908825787943,194.01080279806973,1051814
2015-05-28,197.66412353515625,199.5122630477014,194.09680491323223,196.11684790867994,1925339
2015-05-29,204.24002075195312,206.13112938335382,197.49218671028865,198.09390130440784,3367891
2015-06-01,206.21710205078125,207.2056454495555,204.19705905713914,204.24004148602424,896412
2015-06-02,198.8245849609375,206.3890334319097,196.89049369306147,205.4864548836217,1281246
2015-06-03,194.0968017578125,198.4377646806018,192.7644251812184,197.87901934647107,1280160
2015-06-04,196.84750366210938,197.53518315407703,190.05669983036768,194.09679881063408,1682455
2015-06-05,190.65841674804688,196.76154116083288,189.28305774765806,196.33174311276082,2306031
2015-06-08,191.73289489746094,193.70996836687573,189.28304099373477,190.14263701379386,1452746
2015-06-09,194.05381774902344,194.91341384093494,190.3145695026502,191.34609530606036,1635006
2015-06-10,194.13973999023438,195.90190109873438,191.260088467869,193.92484101442778,1326034
2015-06-11,190.74435424804688,200.19991059973975,189.28304361697323,195.3002158407778,2285209
2015-06-12,187.77874755859375,190.40051803746752,184.64122733861984,189.11112401012576,2071964
2015-06-15,185.3718719482422,188.9392032141297,184.89910464188074,187.8217257920879,1311042
2015-06-16,188.7242889404297,189.97070041489587,184.21141031066406,185.37185694562515,1211923
2015-06-17,190.87327575683594,192.5494851696323,186.10251580011337,188.3374704281037,1548357
2015-06-18,190.959228515625,192.97928417560158,189.54090049318552,190.57241297463176,1018469
2015-06-19,194.78445434570312,195.98788347133805,190.4864744450159,191.30308800286772,1392473
2015-06-22,196.37474060058594,198.43777925938107,193.6670179366382,195.85899077318453,1162719
2015-06-23,198.2658233642578,198.86755109139736,195.12830303340633,196.37471468060508,1256867
2015-06-24,195.12828063964844,199.94202320595036,194.0967681229818,197.62110364795888,1613338
2015-06-25,194.78445434570312,196.50364630597804,192.89333269628577,195.1282874912006,2082661
2015-06-26,195.12828063964844,197.5351519227994,193.452071160516,194.69848266467122,1388968
2015-06-29,195.51512145996094,196.20280093207086,189.3260324437617,192.5495176726566,980547
2015-06-30,197.62110900878906,198.43773567651283,193.4090939863113,195.12828593285627,1597249
2015-07-01,204.71279907226562,206.13114045932318,196.8475002687828,197.7070963398255,2913864
2015-07-02,206.1741180419922,207.9362794531108,202.69275141278658,204.79875911408053,2573710
2015-07-03,208.32310485839844,208.881837036011,205.4434528872701,205.48643531240828,1396131
2015-07-06,211.2457275390625,212.0623411565246,203.72426216381612,203.81022701466253,1515391
2015-07-07,211.28872680664062,212.92195417175193,209.39761798482866,211.03084534993997,2317825
2015-07-08,207.16261291503906,210.30013271885502,203.81019413517015,210.30013271885502,1262638
2015-07-09,208.1511688232422,210.30015885080567,205.87324464058258,205.87324464058258,634397
2015-07-10,207.97926330566406,210.17123587363741,205.0996243854123,208.15117989373366,1117210
2015-07-13,213.05088806152344,213.5236553999517,206.81881664571347,207.16264982209674,882744
2015-07-14,216.9190673828125,218.20846145138546,211.84744284325544,213.5236525091213,1491806
2015-07-15,219.36886596679688,221.1740094450774,215.0708865665211,217.1768938493778,1257139
2015-07-16,218.5952606201172,220.01358874239483,215.62965710855875,219.19697518361698,821358
2015-07-17,215.41476440429688,220.5723404415931,214.94198397759922,220.5723404415931,6722087
2015-07-20,216.05946350097656,216.96202882312727,210.94485672135312,214.89900363479097,2520171
2015-07-21,208.1082000732422,217.64970795134533,207.29157336746528,215.7585993453028,1874950
2015-07-22,211.93338012695312,212.62105949735377,205.48641062268396,207.42050147396472,928326
2015-07-23,210.1282501220703,212.83598552779523,208.7958736319258,212.75002067692344,609596
2015-07-24,206.4320068359375,211.20276801452738,205.44347652599012,208.53802786247982,1229746
2015-07-27,201.18844604492188,207.7213677627996,199.55520577815693,203.81021646327017,2260013
2015-07-28,197.87899780273438,204.32596784267832,196.07385406138656,197.49218222361657,3148609
2015-07-29,200.75863647460938,201.91908313570596,194.91338139922604,197.96494964088288,1599267
2015-07-30,198.60968017578125,202.69276162297618,197.44922020212556,200.7156879831606,2314400
2015-07-31,199.6841583251953,201.4893020996722,198.48071602581638,198.99647888503512,1135189
2015-08-03,197.36326599121094,199.94205424135882,196.4177050529319,198.78159428223415,1027084
2015-08-04,196.93348693847656,198.9105476277749,194.26873357648822,198.13691632469263,985064
2015-08-05,197.40623474121094,199.85608881844678,196.76153768050628,197.7070986160979,741013
2015-08-06,198.0079345703125,200.41479276444113,195.94489639712498,197.87898730651696,1552864
2015-08-07,196.41766357421875,199.12538541850984,195.94488320491917,198.82453472269557,1059600
2015-08-10,194.8274383544922,198.05092352327196,193.40911012678697,196.76152945576004,833181
2015-08-11,191.3460693359375,194.6984883928328,190.14262710075928,194.31167282725158,1663784
2015-08-12,191.90480041503906,193.23717679259912,188.46641653302268,190.87328787371285,1937108
2015-08-13,190.9163055419922,194.0968085967549,176.21720648610503,192.37761633835385,1686056
2015-08-14,194.5265655517578,195.30019665798721,190.0136868271687,191.389032473398,754609
2015-08-17,194.5265655517578,195.7299946317576,190.35751995962772,194.1397499986431,1935464
2015-08-18,195.21426391601562,196.58960969598576,193.49507185375708,194.35466788488634,930090
2015-08-19,198.56663513183594,199.6841123251202,193.66694156354941,194.74143634240133,2290638
2015-08-20,192.50650024414062,198.13685604349234,190.83029085316832,196.07383111866378,1763388
2015-08-21,195.17127990722656,204.4978888994504,189.88475648884872,190.14263791937353,3353922
2015-08-24,182.36326599121094,192.0767023405643,180.08534208961768,192.0767023405643,3420210
2015-08-25,178.4521484375,185.67275014086448,173.72437007743167,183.0939619444636,5337022
2015-08-26,170.37193298339844,178.36617880113803,169.6842535261874,177.93638077993046,13203158
2015-08-27,180.42918395996094,181.3747447478578,172.17707074174268,175.3575731211516,9588672
2015-08-28,177.16273498535156,183.00797709885387,176.0882400208999,182.2343459710061,2305680
2015-08-31,178.10829162597656,181.8045571125363,173.98222813205857,177.07677903159563,2519792
2015-09-01,178.4521484375,180.21430987859125,174.97078174907978,177.9363855516618,2862960
2015-09-02,180.42918395996094,184.38333056121087,178.9248910532844,179.6985352751254,3979719
2015-09-03,187.77874755859375,190.40051803746752,182.44925486885998,182.44925486885998,3757279
2015-09-04,181.80455017089844,187.47788889796627,180.1713230518545,186.40339392059687,4209879
2015-09-07,177.8504180908203,183.56673971219692,177.506584916233,182.23436320698013,2205149
2015-09-08,179.26873779296875,180.1713161627263,176.2601519713724,178.40914184394123,2767023
2015-09-09,182.36326599121094,186.10251342435433,180.12832450814432,181.37473594706125,2977388
2015-09-10,181.6326446533203,183.17992013818974,177.29168205724582,180.4721847605696,3337613
2015-09-11,177.93637084960938,183.86757796470545,177.3776386997793,183.86757796470545,3237366
2015-09-14,181.58966064453125,182.234357664571,176.90486492218793,178.71000870846257,3455014
2015-09-15,175.701416015625,181.8905176686605,174.58395171597678,181.41773724844336,5716055
2015-09-16,180.90194702148438,181.71856046930375,177.076748048568,178.53805839462242,3528310
2015-09-18,180.30027770996094,182.6211845017803,178.9249187359371,182.2343688892096,3986002
2015-09-21,180.42918395996094,181.07388091996518,174.9707575684277,179.39767144723282,2320677
2015-09-22,178.66702270507812,182.01944164946735,176.30313385248766,180.73004772987255,2351761
2015-09-23,179.39768981933594,179.95643511172992,175.4005735045226,175.4005735045226,2097301
2015-09-24,177.93637084960938,179.56959799249265,175.8303632865039,177.3346562767784,4214954
2015-09-28,174.5409698486328,177.89338899103794,173.72435627460018,177.89338899103794,816802
2015-09-29,174.4980010986328,178.4951175521174,168.69572766308715,172.3490109373196,2655447
2015-09-30,176.90489196777344,177.5066066551897,175.05675235794206,175.35761625984844,1873748
2015-10-01,180.47218322753906,181.37476167907877,177.7644609893144,178.10829415352265,3720910
2015-10-05,180.47218322753906,182.75012056870068,179.82748620735276,181.37476167907877,2664054
2015-10-06,180.34323120117188,182.96500144676975,178.4521227526137,182.23433964973006,2279449
2015-10-07,179.7845001220703,180.64409613148283,178.49510610795153,180.60112682412753,1205766
2015-10-08,180.42918395996094,181.67560857575037,178.9248910532844,179.65555285451316,2837012
2015-10-09,179.7845001220703,182.06243741684997,177.29167694133167,181.50369214089534,4634135
2015-10-12,180.47218322753906,180.94496366562126,179.09683745431164,179.9994027894569,1486928
2015-10-13,180.47218322753906,181.15986267235002,180.08536763870617,180.51516565216372,2682919
2015-10-14,180.47218322753906,181.15986267235002,179.65556962524866,180.601130501413,2170530
2015-10-15,180.21429443359375,181.5466708441572,179.74152713122078,180.9449562731784,2993217
2015-10-16,182.36326599121094,184.59822059067017,179.95640795043036,181.33175352853462,3865670
2015-10-19,180.5581512451172,184.3833510087327,180.1283532241178,184.3833510087327,3187045
2015-10-20,180.47218322753906,180.85899881637195,179.56960477599935,180.85899881637195,2407020
2015-10-21,179.8274688720703,180.55813067107044,178.92489050753872,178.92489050753872,1299281
2015-10-23,179.6125946044922,181.8045671867605,178.79598096853988,180.94497112441175,1604359
2015-10-26,179.35470581054688,180.3862315361979,177.33466301666826,180.3862315361979,874211
2015-10-27,176.56101989746094,180.51516689505326,175.4435555478929,179.31173769564404,4472757
2015-10-28,179.44068908691406,180.08538617345388,174.58397628153915,175.3576075388286,3866274
2015-10-29,178.32318115234375,180.51515349665326,174.24010029944324,175.35757768246316,4392554
2015-10-30,177.89337158203125,180.85897485876873,177.2056922283142,178.3231695385553,2865884
2015-11-02,180.5151824951172,180.7300815218971,176.21720195951917,178.49512639682786,965211
2015-11-03,180.25729370117188,198.566692660697,179.52664490970338,181.54668780935822,4046742
2015-11-04,179.69854736328125,181.7615725275153,178.79596893528105,181.37475694877068,2195061
2015-11-05,178.92491149902344,180.25728799189474,177.76446470824757,179.6555733837449,1127252
2015-11-06,180.38623046875,180.51516462549617,176.9478463806453,178.8819374302042,1717509
2015-11-09,176.21722412109375,178.4521795272373,174.75591317849097,174.75591317849097,3763169
2015-11-10,169.08253479003906,175.70142153169434,168.22293876861903,175.3575883696841,5616108
2015-11-13,165.60116577148438,169.21147949987497,164.61263560838333,167.8361206398791,3043549
2015-11-16,166.89056396484375,168.48082186677672,162.24875064976587,165.30031917930526,3882134
2015-11-17,171.05958557128906,171.66130008318592,167.44928538351527,167.7071667790118,3433667
2015-11-18,169.72723388671875,174.28309547937212,168.56678711341291,170.80172892666556,3293580
2015-11-19,170.2429656982422,171.0595791563635,167.8790770415588,170.32891741592266,1583080
2015-11-20,173.5954132080078,175.1426886636527,170.15702913608334,170.20001156026126,1408094
2015-11-23,172.5209197998047,175.27162445980366,171.61834134920025,175.27162445980366,825259
2015-11-24,174.15415954589844,176.26016717944773,171.9621870634719,172.00516948791054,2351546
2015-11-26,174.66990661621094,175.7873840525377,172.86476286497006,173.38051260115566,2387706
2015-11-27,174.15415954589844,176.21718475500907,173.03668209246584,174.92779072021634,772024
2015-11-30,170.97364807128906,174.49799710167386,170.28598172853617,174.15416393029741,3352994
2015-12-01,172.60690307617188,174.9278099709346,171.91922355865808,172.00518841699574,1088925
2015-12-02,172.04812622070312,175.1426769245782,171.1885302603371,174.79884378698918,2388672
2015-12-03,169.94212341308594,172.30601236907987,169.51232542108704,171.23151738908263,1969587
2015-12-04,167.66419982910156,169.8131897958514,167.19141941313782,169.34040937988766,2711059
2015-12-07,168.3948516845703,170.62980653817712,167.7501546825369,168.91061453275466,1962362
2015-12-08,167.3203582763672,167.70718697439042,166.11692910765595,167.62122212674208,1650962
2015-12-09,162.80747985839844,167.62122278493374,161.81894968853217,166.8475916186379,2732209
2015-12-10,163.23728942871094,164.95648157905606,161.69002698651647,163.7960347474102,1553164
2015-12-11,162.46365356445312,167.14844941697453,161.26022434016326,163.3232496150587,2526945
2015-12-14,166.11692810058594,167.19142310770488,162.50662749994518,163.7100566613607,1484031
2015-12-15,166.20289611816406,166.84759313473353,163.4521783543522,166.7616282859665,955636
2015-12-16,167.06246948242188,167.40630259806883,165.0853962764704,166.76160566893634,1968396
2015-12-17,170.3289337158203,170.93066137912763,166.93353230729787,167.23439613895152,1386966
2015-12-18,171.4894256591797,174.06821401495682,167.62124312551398,170.20003148129112,2885447
2015-12-21,172.60690307617188,173.98224899480363,170.32896549418214,171.91922355865808,928789
2015-12-22,171.919189453125,173.63838134765626,171.3174749133177,171.919189453125,1053432
2015-12-23,173.1656036376953,173.38050262784296,172.30600767710473,172.73580565740002,810750
2015-12-24,174.755859375,175.5294904839594,172.52090465694994,173.50944786994617,494077
2015-12-28,174.2401123046875,175.78738777883143,173.29456454344,174.4979937364439,1402316
2015-12-29,176.68997192382812,177.33466896579074,173.55243844977323,174.32608276996527,1357720
2015-12-30,176.17420959472656,177.0767880795762,175.61547740316936,176.99082322715435,685334
2015-12-31,174.5409698486328,176.9908105707307,173.98222458063594,176.21717941983536,1177258
2016-01-01,176.77590942382812,177.4206064138733,174.49798530555938,174.92778329892283,553703
2016-01-04,173.767333984375,176.73295081113758,172.13410675733022,175.4005743278144,1079102
2016-01-05,175.35755920410156,175.95927369573914,173.46645089478673,174.4979633256501,1097743
2016-01-06,174.5409698486328,176.17419699669807,172.34899743257068,176.17419699669807,1593489
2016-01-07,169.85617065429688,174.0681857037815,168.26591284698878,173.63838771438947,2114333
2016-01-08,170.50086975097656,171.61833404412687,166.8475867958781,171.05960189755172,1860881
2016-01-11,170.15704345703125,170.88770538036772,167.23442199647624,168.48083370417189,1818961
2016-01-12,167.7931365966797,171.23152059708866,166.93354059657744,170.54384117372805,1601848
2016-01-13,170.15704345703125,170.93068780816316,166.80462395131252,169.29744736670384,1692489
2016-01-14,170.15704345703125,171.48942002031782,165.47224738802595,166.847606379108,1391517
2016-01-15,166.6756591796875,171.01662160364984,165.55819487262679,168.9535964498826,1561732
2016-01-18,164.268798828125,167.44930136576616,162.5066244264987,167.1054551001547,2315714
2016-01-19,164.48370361328125,165.5581986378875,162.46364772046377,163.32324374014877,2220899
2016-01-20,160.70147705078125,168.48082383586947,159.19718398081815,162.463651556017,1976025
2016-01-21,165.12838745117188,167.10544764556693,161.00232426265558,162.46363475623193,1546722
2016-01-22,165.90203857421875,169.03955892763955,164.74157865369605,166.58971804132867,1064284
2016-01-25,169.29742431640625,171.3604625221411,166.3748032537739,166.93353538985568,1102255
2016-01-27,164.95643615722656,169.6842132688514,164.09684031874932,169.29739776481497,1409030
2016-01-28,166.07395935058594,167.62123491150967,164.18285060563255,164.95648182789682,2728142
2016-01-29,167.92208862304688,168.91061880460768,165.90203271902942,166.71864631897893,1857531
2016-02-01,171.87623596191406,172.60689788662887,167.92210180878615,168.91063206796926,1699676
2016-02-02,168.99658203125,173.59541284807725,168.13698601505115,172.60688267600628,1122874
2016-02-03,164.95643615722656,169.81316051445796,164.26876997955804,168.30886779712276,954604
2016-02-04,168.17994689941406,169.34040670971834,165.68712382384876,165.68712382384876,802383
2016-02-05,168.05099487304688,171.4034135651339,166.84756588521878,166.84756588521878,1742979
2016-02-08,169.4693603515625,172.7788104753854,167.965067225533,168.05103207929275,924357
2016-02-09,169.89915466308594,170.4578999674853,167.6212303687354,168.91062444849493,962190
2016-02-10,168.13697814941406,169.34040726923695,164.1828314133211,169.34040726923695,2357622
2016-02-11,166.20289611816406,168.26592132462858,161.69001700217785,162.03385016445716,3151319
2016-02-12,167.3203582763672,168.78168198802337,163.66707523001512,167.62122212674208,1650757
2016-02-15,170.1999969482422,171.36045671944657,167.87909052222662,168.4808050598761,1061877
2016-02-16,166.76165771484375,171.23155519526125,165.3862985902245,170.97367371984555,704409
2016-02-17,166.2458953857422,167.2774212912627,162.0338793649882,166.76165833850246,986654
2016-02-18,167.92208862304688,168.82465395560482,165.64415128841526,167.62122476793127,1106473
2016-02-19,167.5782470703125,168.17996168112185,166.76163344732876,167.36334805813811,1086947
2016-02-22,169.52432250976562,170.38924252257056,168.6594024969607,169.3080925065644,1609745
2016-02-23,167.44851684570312,169.8270468395476,166.67008092913858,169.35133820125233,1271281
2016-02-24,165.54568481445312,168.0539607647521,164.98349208639632,166.9295621110065,905452
2016-02-25,163.2969207763672,166.62685530920035,162.51848475226183,165.07000965625684,2832446
2016-02-26,163.46987915039062,166.36736641438412,161.22108188302568,165.11322186279688,1864015
2016-02-29,162.5616912841797,166.06461949109604,160.0101802388165,164.33477970473044,2396243
2016-03-01,164.6807403564453,165.58890887263766,162.77791925438467,163.68608777057705,1759654
2016-03-02,169.22157287597656,170.38922001809684,165.76189328170048,166.92954042382075,1346291
2016-03-03,172.6812286376953,173.5893970453782,169.35129540636268,171.1676190241,2223554
2016-03-04,175.05978393554688,175.75172250082235,172.59477011864288,174.54083990981306,1767133
2016-03-08,174.4110870361328,176.8328653190137,172.76774455719394,174.71381427060413,3088272
2016-03-09,176.74639892578125,177.61131888490397,174.281371763229,174.54085039049207,4723889
2016-03-10,174.28138732910156,176.9626447209099,173.63269730182202,176.78965015552947,5056909
2016-03-11,173.58944702148438,175.27603843696028,172.68127835234128,172.98400564126638,3751968
2016-03-14,176.18418884277344,178.17350734096084,174.62733031386023,174.62733031386023,2540418
2016-03-15,177.22207641601562,178.51945622344658,175.18952263628506,176.48690244371602,2283229
2016-03-16,178.34646606445312,179.64384580769254,175.70845794700713,177.30856490938743,2060089
2016-03-17,188.6822967529297,190.19590678527427,179.47090383514268,179.47090383514268,4253989
2016-03-18,192.0554656982422,193.0068696660166,187.3848903375696,189.41745737382948,2980833
2016-03-21,200.61819458007812,202.3480346078393,191.5797830745523,192.27172172518317,5598530
2016-03-22,198.80184936523438,200.574924647359,194.08802523188646,200.01273197707033,4129162
2016-03-23,197.41798400878906,201.43985660768115,195.68814406128598,198.75861260763025,2525210
2016-03-28,198.672119140625,203.81839044359714,194.73673054507043,197.20175779658035,4176299
2016-03-29,199.70999145507812,201.9587883820674,195.73136799653605,199.79648872058917,2206647
2016-03-30,200.14248657226562,202.9102411836307,199.0181011087347,200.44521385714373,2195098
2016-03-31,201.13711547851562,202.39124663222356,198.67208860586615,200.4019283206715,3951966
2016-04-01,203.55889892578125,204.46705424118082,198.19638511460855,200.57491478330837,1438907
2016-04-04,199.96949768066406,204.89953895041577,199.40730497006217,204.42384351727492,1587549
2016-04-05,195.55841064453125,199.88301049781472,194.8232233904205,198.9315932510398,2201058
2016-04-06,198.1099090576172,199.79650025138199,195.2556707002142,196.20708788522538,1630990
2016-04-07,195.86111450195312,199.19106149438448,194.69348052103499,198.10991158744324,1036460
2016-04-08,195.25570678710938,200.099264482587,192.9204252258599,195.2124581438647,2292188
2016-04-11,194.21775817871094,196.8990018396097,191.57974995292574,196.29356057409254,1953589
2016-04-12,193.52584838867188,195.77464564900075,191.57977840487516,194.21778702243705,1992521
2016-04-13,199.88299560546875,201.09387819511838,195.51514743955408,196.3368187109328,4045604
2016-04-18,197.720703125,202.95345819230204,197.11524861023665,202.95345819230204,2161949
2016-04-20,195.68814086914062,200.18572201975596,195.08269953691703,197.80719213073877,2229815
2016-04-21,191.2770538330078,197.5477238694647,190.36889838583338,197.28825842606167,1539176
2016-04-22,191.0608367919922,192.22848415703857,187.255193790771,190.0661839977918,2644190
2016-04-25,193.17987060546875,194.0880259689793,191.45003075477328,192.87714335254475,1167120
2016-04-26,194.1313018798828,195.9043906154877,192.22848041630084,194.5205132614467,1853159
2016-04-27,194.86647033691406,196.94227296941827,193.78532038297826,195.1259489653849,1052496
2016-04-28,190.15264892578125,197.80718226839716,189.5039589883919,195.29891978954393,2041651
2016-04-29,191.14735412597656,194.0880773719379,189.89322254159993,192.87719443480893,2815037
2016-05-02,193.56907653808594,194.04478512329658,189.3742097379971,191.19054680966306,1083922
2016-05-03,189.07150268554688,195.42865627629013,188.37956409942785,194.04479230168295,2144066
2016-05-04,185.87132263183594,188.94179160027676,185.13614847166178,188.4660829097916,1684800
2016-05-05,186.69297790527344,188.0335932798562,184.01172076084555,185.741560673991,1192764
2016-05-06,190.23910522460938,191.19052227292906,186.39021479754996,187.64434585387784,2109197
2016-05-09,190.54185485839844,192.44467598138496,189.93641357348864,191.363526116321,2535941
2016-05-10,190.62835693359375,192.66092415093905,188.1200942887957,189.6337042428435,2697582
2016-05-11,190.7581024169922,191.88250101984065,187.6876338776246,188.76878384235746,1385627
2016-05-12,191.14735412597656,192.53123165209612,189.54724656125293,190.54191265741207,702627
2016-05-13,187.90386962890625,191.75276098177866,187.6011423504514,190.28239962420886,1070227
2016-05-16,187.90386962890625,189.41747962591703,186.1307809928816,188.3363296280522,965999
2016-05-17,187.60113525390625,189.2877397448802,185.95779259836854,188.55255249508994,2549385
2016-05-18,187.38490295410156,187.9038602061053,185.3955976158933,186.99569161391435,816161
2016-05-19,184.79014587402344,187.68763304571723,183.49276592209452,187.68763304571723,1695453
2016-05-20,180.63853454589844,185.87128961893768,179.5141359856306,184.96313424105875,1384674
2016-05-23,183.88198852539062,184.61716257181374,180.63853867979435,181.89266998056533,1347184
2016-05-24,186.3470001220703,187.51464733070338,183.36302894155702,184.7469061371495,2405753
2016-05-25,192.3582000732422,193.09338734217548,186.99569878658045,187.90386741360638,2306509
2016-05-26,194.26101684570312,198.49911912086552,192.87713971221353,192.87713971221353,8149868
2016-05-27,199.1478271484375,200.66143712676438,195.4719172010722,195.4719172010722,5155370
2016-05-30,198.1964111328125,201.18039566700747,197.28825569819494,200.66143839211313,1338209
2016-05-31,197.5477294921875,201.39663418221988,196.55307673714705,197.63422677420508,4144610
2016-06-01,200.09925842285156,201.35338985316946,197.67747964845304,198.06669103060239,5666522
2016-06-02,198.7153778076172,200.09925514104307,198.06668778212986,200.09925514104307,1578557
2016-06-03,197.76394653320312,202.17504367423908,197.2882511061924,199.06132649261,2388282
2016-06-06,197.9801483154297,200.4451751661035,197.2449743617693,197.80716698501723,1874667
2016-06-07,202.60751342773438,203.25620343870898,197.76395606673785,198.93160336554496,2061597
2016-06-08,206.02394104003906,206.71587967848922,201.69934104676523,203.55892696245206,2491761
2016-06-09,200.57493591308594,207.49429567823086,200.27222184193968,206.75912162176306,1986233
2016-06-10,203.5156707763672,204.03461483773782,199.71001500482578,199.79651228053655,4770107
2016-06-13,205.28875732421875,206.54288862387722,200.2289702905245,200.6614302695537,7155871
2016-06-14,202.30479431152344,205.93746907775446,201.91558292875087,205.2455303985851,2441739
2016-06-15,206.3699188232422,207.10509291016413,202.30478423471882,202.91023879735468,2439469
2016-06-16,202.82371520996094,207.01858197629792,202.30475799433754,206.19689751862248,1589162
2016-06-17,204.0346221923828,205.15902082899638,202.39127947569273,203.34269675228077,978870
2016-06-20,209.3106231689453,209.9160644807343,202.73722641847158,203.03995367318146,3103000
2016-06-21,207.7537841796875,210.0458301293696,205.93746007361912,209.61337012350114,2247740
2016-06-22,210.0458221435547,210.86749348393894,207.14833493534383,207.97000627572808,5593979
2016-06-23,216.1435089111328,217.00842893590348,209.95933601307556,210.00258465384053,10068647
2016-06-24,214.58668518066406,215.58133803094097,205.67800538278755,211.47296749675053,2400680
2016-06-27,220.03562927246094,220.94379785648042,214.37041417682198,214.413649616074,3601057
2016-06-28,217.87335205078125,220.85733673666775,217.05168065512177,218.82476937057584,2876613
2016-06-29,221.33302307128906,223.58182035390135,217.74361034466023,218.6517789856241,3730629
2016-06-30,220.38160705566406,222.6303910188827,218.30579124619555,220.64108568155152,2354039
2016-07-01,218.78150939941406,222.63040072538794,218.08957076608993,221.16003937809398,1201416
2016-07-04,218.95448303222656,221.16003157415756,218.21930898333707,218.82475031701998,1619285
2016-07-05,219.3004913330078,221.3762942687617,217.7436325323758,218.47881988750663,2790794
2016-07-07,222.24119567871094,224.01427104976426,218.82475125710562,220.55459118799183,2048744
2016-07-08,223.23585510253906,225.7441177990312,222.1547051130801,222.37093511097189,1621615
2016-07-11,225.44139099121094,226.39280826296377,224.48997371945813,226.34957282140098,1927776
2016-07-12,225.5711212158203,228.20914300355517,224.1872703579577,224.9656930643212,1576218
2016-07-13,225.39816284179688,227.43073017101264,223.84129096621564,225.57113100890746,1366007
2016-07-14,227.17123413085938,227.90642141447495,223.71155410938727,224.92243683784972,790661
2016-07-15,225.61439514160156,229.20380798763807,224.70621327279366,228.29565251409477,1179457
2016-07-18,224.83595275878906,227.25771807359015,223.92777096929194,226.17656813032855,1575126
2016-07-19,227.2144775390625,228.33886289673723,223.7115359642851,225.09541313968128,1137771
2016-07-20,226.60903930664062,231.06337201395888,224.57647203380697,227.64695386157035,2450710
2016-07-21,229.98223876953125,231.53911071533085,227.30098130337544,227.47397587355277,2164365
2016-07-22,229.24703979492188,230.97687982776873,226.8685097497575,230.9336443850532,628541
2016-07-25,232.66346740722656,233.0094301094488,228.5983330691441,229.59301213151863,983068
2016-07-26,233.35540771484375,236.98808230833254,231.9715568175756,234.56631684284932,2261427
2016-07-27,231.79856872558594,240.4477690511675,230.41469139443996,240.4477690511675,5029755
2016-07-28,234.86900329589844,236.85833503018048,230.2417026514052,232.66346796806076,2946512
2016-07-29,234.6095428466797,237.76649547137043,232.79320562300765,235.60419553729966,1313996
2016-08-01,234.393310546875,236.0799150369594,232.96619788348346,234.95550324514892,1126254
2016-08-02,229.56451416015625,235.43739812731872,228.78146827494038,234.7413366888821,1581110
2016-08-03,228.3899383544922,232.26170221598022,226.0842928586528,230.73910262695026,2730261
2016-08-04,230.04302978515625,231.34811508259702,227.86788762275492,231.34811508259702,1128677
2016-08-05,240.0487060546875,240.7012487640888,230.65210166012102,230.65210166012102,2703051
2016-08-08,240.57073974609375,241.6583109022696,236.56847258096064,239.61367181825298,2391360
2016-08-09,235.35035705566406,241.0057260791828,232.914208712497,241.0057260791828,2564563
2016-08-10,226.6063232421875,235.9594346289404,225.3447301552559,235.9594346289404,3625493
2016-08-11,225.9537811279297,229.69501507077095,222.9520742874434,228.82495819550286,3841083
2016-08-12,230.1300506591797,231.00010756148282,226.60633082566378,226.60633082566378,1527202
2016-08-16,234.6107940673828,235.30685538892655,228.99894403906947,230.7825497309779,7699939
2016-08-17,234.6978302001953,236.6119658495157,230.4780492587576,233.17523074569914,1319046
2016-08-18,236.74249267578125,239.13514920005463,234.6108426060712,236.8729959030629,1825211
2016-08-19,240.52725219726562,241.5278123699954,236.65548818518832,237.3080308915813,2054831
2016-08-22,236.04640197753906,241.3102616102664,234.91533874513243,239.57014798993208,1097012
2016-08-23,235.78541564941406,238.35209407895542,230.91309178684327,234.74133676742426,1487494
2016-08-24,232.39218139648438,235.74190545616497,230.56505676829252,235.6113756918444,1248576
2016-08-25,230.5650634765625,235.3503761147553,228.43341358964736,232.82721657956827,5272138
2016-08-26,231.5656280517578,233.9582844175138,228.12891938488892,230.56506797284734,1427315
2016-08-29,229.8690185546875,231.34809919231182,228.34641914558725,230.565053378037,804577
2016-08-30,239.3091278076172,242.2238235878837,230.39104502669957,231.26110188337447,3635226
2016-08-31,241.8323211669922,245.09503447711333,239.26564274221863,239.30913496554203,8488820
2016-09-01,241.0057373046875,242.61534771983534,237.00347065276026,238.13456044136294,3369272
2016-09-02,240.44020080566406,242.52833180496978,237.83003041852538,239.35262981102295,1481785
2016-09-06,241.353759765625,243.05038120798696,239.8746790831815,242.74585600653387,1601423
2016-09-07,238.3955841064453,242.6153652669104,237.69954922621608,241.44078317349846,3232463
2016-09-08,240.09219360351562,241.87579948973328,238.09104695709635,238.43906437976963,2096981
2016-09-09,237.22100830078125,240.22271522439365,236.22044817692026,239.70067577437027,1727563
2016-09-12,226.0843048095703,234.78487434965743,225.3447510882567,234.13233163415092,1068330
2016-09-14,229.73849487304688,231.43511630890424,226.21477533953046,226.21477533953046,2426881
2016-09-15,226.78030395507812,230.39103443386037,224.12664128504014,228.99896476880713,1956420
2016-09-16,228.30288696289062,232.2616611252165,227.5633334115089,228.60741213722724,2048885
2016-09-19,232.39218139648438,233.69726662347472,228.60742892780704,229.2599715413022,1626067
2016-09-20,232.4792022705078,234.30630042433583,230.1735303631979,232.60970548834865,1718370
2016-09-21,230.04302978515625,234.3063031130571,228.8249554846172,232.392193941361,1487530
2016-09-22,231.0435791015625,233.6972683472327,229.3469842251771,231.95715469841045,1727116
2016-09-23,225.3447265625,231.4351245777027,224.60517292167688,231.4351245777027,2209059
2016-09-26,221.73399353027344,224.21366086314958,220.51590597467953,223.08257102694628,2197248
2016-09-27,224.6051483154297,227.43283279842004,219.51532421165462,221.73397161504957,3217108
2016-09-28,226.91082763671875,227.95490653172155,223.43060005608177,223.43060005608177,1300572
2016-09-29,221.42947387695312,228.82495728738184,220.42891378477142,228.82495728738184,3691665
2016-09-30,219.03680419921875,222.56053697162835,217.12268185248192,222.56053697162835,2507938
2016-10-03,225.25770568847656,225.77974509157926,220.12437575402524,220.4723931720847,1887091
2016-10-04,222.8650665283203,227.0848477451006,221.29897475088987,227.0848477451006,1959624
2016-10-05,222.8650665283203,224.25716285938574,220.16789814140103,223.60462019345155,2378894
2016-10-06,219.81985473632812,225.17069897782213,217.73172363623624,224.5181563495417,2156677
2016-10-07,219.95034790039062,220.99441333970645,216.86164379890485,219.2542998488426,944786
2016-10-10,223.6046142578125,224.73567756126246,220.60292072939876,220.9944436633633,2052030
2016-10-13,219.73284912109375,222.43001725544326,217.7752213066085,221.86448564166395,1326731
2016-10-14,220.0808868408203,221.82100061426186,219.03682123195824,219.68936389699886,741714
2016-10-17,214.38201904296875,220.77694269346122,213.2509556716566,220.29840873389801,1089984
2016-10-18,218.47125244140625,219.51531787285134,212.3808552692955,214.20796645532135,2689051
2016-10-19,218.51478576660156,220.73343352332301,216.6441687365115,218.81931099290216,1045041
2016-10-20,220.1678924560547,222.12552040330587,218.4712842236398,219.60234752790694,2187759
2016-10-21,214.904052734375,220.90743999023306,213.2509499468241,219.29784270256818,1340192
2016-10-24,215.25205993652344,216.90517592140895,213.85997693853002,215.73059386046435,764022
2016-10-25,216.07862854003906,217.0791886281197,214.25150380631052,215.99161754280848,868665
2016-10-26,216.3396453857422,217.1227045704403,214.29501961261815,215.7741137045837,1378812
2016-10-27,211.72833251953125,216.86166244863207,211.0322844081243,216.86166244863207,9951930
2016-10-28,210.03172302246094,211.59782804302898,209.1616661528136,211.59782804302898,8345630
2016-11-01,212.72891235351562,213.77297797980233,207.50857094606738,208.5526365723541,4536782
2016-11-02,209.335693359375,212.72890992507465,208.72664291464696,211.20631036528374,2117728
2016-11-03,211.5108184814453,213.51193854880148,204.94188682812927,208.81363702611918,8480593
2016-11-04,209.55319213867188,213.94696849516117,207.11703036734232,211.38030351015885,3607951
2016-11-07,210.292724609375,215.29555117855713,209.81419071712017,210.94526720535526,1864133
2016-11-08,212.85940551757812,213.46845594047232,210.37975143184894,210.9452830805203,1154383
2016-11-09,200.8091278076172,204.46336399834215,192.28256784524942,200.1130796579519,3758610
2016-11-10,200.93963623046875,205.3334261832367,200.15659033932835,204.0283408473263,2307162
2016-11-11,191.02098083496094,199.59103269659303,190.23792171762514,199.59103269659303,3015979
2016-11-15,181.45033264160156,198.3729332864973,180.62378140811023,193.32660162663836,6762551
2016-11-16,175.96897888183594,185.32208900781734,175.0989221259307,184.8870606298647,6974899
2016-11-17,168.8345489501953,175.446973614537,167.57296906415772,174.66392769244885,5780478
2016-11-18,172.96731567382812,173.96787580593437,166.92042282863147,169.87861100043543,3710895
2016-11-21,168.44302368164062,174.8379340271297,167.92098422338992,174.8379340271297,2867373
2016-11-22,170.0526123046875,171.44470860478788,166.18086189480204,171.09667789175566,1928825
2016-11-23,172.31475830078125,173.4023293412103,168.57351126650258,172.31475830078125,2378798
2016-11-24,175.0989532470703,180.1017804827009,169.74810855762792,170.53115446671197,4846094
2016-11-25,176.6215362548828,177.4915930837246,172.70628052509477,174.44639418277833,3346339
2016-11-28,177.6656036376953,179.0576998886916,174.01136757384728,176.62153808745498,2608101
2016-11-29,178.40516662597656,180.3627946139514,177.44809874367198,178.70967856960843,3137705
2016-11-30,183.40797424316406,183.9735058470481,178.70965960499936,180.9718125725616,5187692
2016-12-01,180.01475524902344,185.01758208912358,179.27521489913866,184.36503945780615,1385541
2016-12-02,178.40516662597656,180.7978230557236,177.49160424305208,178.36166112659646,2361842
2016-12-05,182.8424530029297,183.88653190818596,177.75262808187182,178.70968271033703,1735522
2016-12-06,183.2339630126953,184.4520371931886,182.10288654451566,183.49496942564897,1484899
2016-12-07,182.0594024658203,186.54019009543353,181.31984880609102,183.5820020085452,1400139
2016-12-08,186.1051483154297,188.5413100643787,182.9294462357729,182.9294462357729,1977604
2016-12-09,187.97576904296875,188.9763290246068,184.45203644622276,186.6271783854471,1771357
2016-12-12,181.27633666992188,186.88820028430834,180.36277438943733,185.27858991983499,1120383
2016-12-13,179.57972717285156,182.58143390348454,179.14469875113824,181.84188027616634,1061287
2016-12-14,178.57916259765625,180.1017620351515,178.10062869066934,179.36220842653412,1515452
2016-12-15,175.62098693847656,179.6232406299852,174.48991033669705,177.3175952031386,1431281
2016-12-16,176.1429901123047,177.01304688072904,173.9243426976201,176.27350659317597,1623830
2016-12-19,175.01194763183594,177.49161521360864,174.27240720072172,174.96845540578207,1049084
2016-12-20,178.66619873046875,179.23173043356658,175.01194894547695,175.49048291979875,1657227
2016-12-21,175.8820037841797,179.14471728457391,175.4034830916007,178.3616713548854,933162
2016-12-22,173.96788024902344,177.01307949966005,172.40177512206444,175.49047987434173,855815
2016-12-23,174.0548553466797,175.8819665545394,172.79327571544056,173.92433886868173,1270774
2016-12-26,172.5757598876953,174.79439395643473,171.4011779769408,173.8373395069424,688512
2016-12-27,176.53453063964844,176.83905584942573,172.27125735885016,172.61927479058366,811268
2016-12-28,175.0989532470703,178.14415243397588,174.7074302925283,176.7085638419835,1319957
2016-12-29,177.4045867919922,178.10063492871495,174.53340980153357,175.9689982967629,1088592
2016-12-30,179.49273681640625,180.66730563760143,176.18651802057045,176.18651802057045,835096
2017-01-02,186.71421813964844,187.45375854731472,181.8418941347236,181.8418941347236,1715063
2017-01-03,187.23623657226562,188.67183837953465,186.19217097898817,187.06222785272178,1544119
2017-01-04,184.58255004882812,189.84639649344098,183.79950421700724,187.67125443170124,2063229
2017-01-05,186.49668884277344,186.9317172624897,183.4949821259201,185.40911779348275,1267500
2017-01-06,184.97409057617188,187.45374461906513,184.45205115871337,186.80120198524892,836675
2017-01-09,183.32098388671875,186.71421371997576,183.01647194112826,186.71421371997576,484422
2017-01-10,182.18991088867188,185.01759583445508,181.05884753117044,185.01759583445508,1300113
2017-01-11,187.8017578125,188.36728939867297,183.01644561068613,184.01700557884217,2074058
2017-01-12,186.40968322753906,189.58538547270174,185.5831318614296,188.88935060188166,1073953
2017-01-13,185.5396270751953,187.06222659398355,184.19103627478003,186.14866422750777,498983
2017-01-16,184.88705444335938,187.93225298713236,184.10400869965116,187.93225298713236,851558
2017-01-17,185.23512268066406,185.84417317744538,183.1904967769498,185.40914469461055,1035770
2017-01-18,189.2808837890625,190.9774921116165,185.58314191446402,185.84416164316806,2843646
2017-01-19,191.71702575683594,192.58708257755947,188.58481589182583,189.93340661915,2242082
2017-01-20,189.411376953125,191.9780420509978,187.9322829370639,189.75940766491325,3285021
2017-01-23,191.49952697753906,192.978621036712,188.84585080536772,189.15036275154222,1106903
2017-01-24,194.37071228027344,194.89275174714507,191.63003826923526,192.97862916197434,2036543
2017-01-25,199.37351989746094,200.1130735230604,194.80572148008673,196.15431223946663,2727761
2017-01-27,202.54925537109375,203.15829256512237,199.76507585838075,199.85207358551904,2174191
2017-01-30,199.63453674316406,202.85374435500844,198.45996798971453,201.28765268374238,874850
2017-01-31,199.28652954101562,201.11364100985458,196.76335664212237,201.11364100985458,1633654
2017-02-01,203.94129943847656,205.76842394671715,199.24299824016163,199.5475234168726,2228274
2017-02-02,201.5051727294922,204.98540014605672,200.54810487953134,204.46336072316643,1488349
2017-02-03,199.4605255126953,201.80967626593005,198.54696319865585,201.41815335305984,831310
2017-02-06,208.46560668945312,211.2497856887287,198.80797126507713,200.37407610092362,5393544
2017-02-07,204.33285522460938,210.5537563518728,203.72380481269784,209.5966885125951,1433247
2017-02-08,207.6390380859375,210.55373350896662,204.46333625870724,204.5503472441159,2588609
2017-02-09,207.42152404785156,213.07689292716643,206.20344990732715,208.03057439412618,1958912
2017-02-10,206.6820068359375,209.94472001496405,205.07239635721217,207.4215471909085,1136518
2017-02-13,208.11758422851562,210.29272623189897,203.15826311600424,207.07351872209426,1610639
2017-02-14,206.8995361328125,208.55263895364058,204.15884889699973,208.0741049972909,1109494
2017-02-15,204.5068359375,207.81305414885102,202.5492083055699,206.7254832422232,1068726
2017-02-16,205.02890014648438,206.07297903187595,202.5927514832761,202.5927514832761,1253416
2017-02-17,207.24755859375,208.6396549956688,203.9413395962043,205.50744472935912,994116
2017-02-20,208.29161071777344,210.03172446905313,206.4209937455535,207.9435932779232,1414109
2017-02-21,207.90005493164062,208.46559977706153,202.50570581015998,207.07350368557712,3463345
2017-02-22,202.85374450683594,207.94358227030105,202.5492325820901,207.42154286214588,1424660
2017-02-23,201.85321044921875,203.98484730091474,201.0266590099099,203.20180136388856,2648601
2017-02-27,200.0260772705078,201.85320208252278,197.15490010307687,201.67919335662012,1944289
2017-02-28,199.54754638671875,200.67860968524124,196.8503648071325,200.67860968524124,3643448
2017-03-01,199.11253356933594,200.89613965348693,198.37297986906714,199.0690280676704,1500099
2017-03-02,198.89500427246094,203.1582775924755,197.98144191073948,199.46053592323346,2028929
2017-03-03,196.11080932617188,200.28708487514385,195.32776346899576,198.37296245403576,1834150
2017-03-06,195.71929931640625,197.72043286529538,195.2407653605392,195.76280481712413,1354047
2017-03-07,195.58877563476562,196.54583017039207,194.63170782312574,195.71927884725585,1237467
2017-03-08,195.9803009033203,198.1119374810283,193.9356620429801,195.76278669588044,1509986
2017-03-09,197.63340759277344,198.1119415140856,194.1096879813245,194.80572283849065,1284718
2017-03-10,199.28652954101562,200.1130809156819,197.50291029504257,197.9379387318158,1069153
2017-03-14,203.33230590820312,204.37637158965424,200.98315480593425,203.59332564756977,1695627
2017-03-15,202.7232666015625,204.76790571674832,201.85320966335837,203.41931480732885,1878148
2017-03-16,205.87164306640625,206.57129449798592,203.55406187808603,204.47235354798804,1385524
2017-03-17,204.7347412109375,206.74622089186306,202.72324818526974,206.61504207606086,2156569
2017-03-20,204.82220458984375,205.6530349563172,203.16054385689685,204.82220458984375,938903
2017-03-21,207.4021453857422,208.4516293099796,204.8221929856005,204.8221929856005,1673926
2017-03-22,203.77273559570312,206.3964188866349,202.50462467403474,206.3964188866349,1517447
2017-03-23,203.4666290283203,205.43439144965703,201.9361471450584,204.12254983543255,1252511
2017-03-24,201.0615692138672,205.04082444571475,200.14329083668395,203.86017509873264,1614604
2017-03-27,199.05007934570312,201.14902030665877,198.48160671625266,200.974110784036,1781771
2017-03-28,199.70602416992188,201.36768485252333,198.8314631065016,199.3561917377081,1396538
2017-03-29,201.71749877929688,202.7232519833449,199.83719787894557,199.92465932094711,1942783
2017-03-30,204.64727783203125,206.39639986478363,200.05583249605618,201.71749308927414,3539094
2017-03-31,206.96487426757812,207.66452580060607,203.37918184601722,204.64729274321246,2172143
2017-04-03,207.75196838378906,211.64376216792863,205.5218351630712,209.15125797805422,2178311
2017-04-05,208.8014373779297,210.02581743198735,206.8774058595212,208.97634690783195,1693179
2017-04-06,212.82443237304688,214.5298237156807,206.61504371092738,209.23872680566933,2881107
2017-04-07,212.0373077392578,215.57928239069008,210.8129277004933,212.16849989360216,2654510
2017-04-10,214.1799774169922,214.79218077522071,211.6437559276565,213.6115181211988,1886939
2017-04-11,217.67823791503906,219.07754091948766,212.3871542891847,212.95561362832433,1952615
2017-04-12,217.8531494140625,221.0452917111638,215.57928548685214,218.11550703703605,3115592
2017-04-13,214.44235229492188,219.25243774476397,213.74270083326923,216.8911257383353,1148283
2017-04-17,215.88539123535156,216.6724908085656,210.46310228301667,213.9176289575745,1336022
2017-04-18,210.55056762695312,217.63451729622415,209.50109706162394,216.19148359224704,1923359
2017-04-19,210.02584838867188,211.55633035419967,207.09607663293636,210.50685967535793,3524341
2017-04-20,210.85667419433594,215.31692753617494,210.0258305222183,210.85667419433594,4090611
2017-04-21,209.3699188232422,212.51834407333703,208.14553863972927,211.2065024432547,2063116
2017-04-24,215.7541961669922,218.64025013775898,210.2007418203382,210.2007418203382,8783579
2017-04-25,215.49185180664062,218.64027713528614,214.70475214685098,216.89115491820385,3652900
2017-04-26,215.1420135498047,219.514818703256,212.86814953211308,216.2789455586505,3337224
2017-04-27,218.20297241210938,219.12126414331314,213.08678515593266,215.44811056324005,4294652
2017-04-28,215.05453491210938,218.46533066590416,213.2179649013656,218.46533066590416,5255357
2017-05-02,211.4688720703125,214.26746486076988,206.0028653136602,213.91764576624135,4524291
2017-05-03,212.12477111816406,216.45384535634258,210.59428938332124,212.29968064748348,2293214
2017-05-04,213.305419921875,214.26744234786412,209.9820988388035,212.5183203695142,1670754
2017-05-05,215.62301635742188,216.80366569585945,210.11327941048776,212.82442383755208,2543955
2017-05-08,228.0417938232422,236.87486576752366,225.63675093536523,226.42385054259157,24262308
2017-05-09,225.24317932128906,229.48480559293023,224.237439489329,226.5113034721197,5049653
2017-05-10,227.12351989746094,227.73569663099772,223.14425102678615,226.38013765221524,3553905
2017-05-11,227.64822387695312,231.05903322222372,225.0245408048892,227.5607891261385,3705195
2017-05-12,225.986572265625,227.38587529766153,223.7564522413844,227.38587529766153,1880787
2017-05-15,225.76791381835938,230.44682044421253,223.53779397372483,225.89909262872317,8669217
2017-05-16,227.95433044433594,229.61599108758702,226.07402954040748,226.07402954040748,3788577
2017-05-17,225.6367645263672,227.6045270077018,224.7622034235518,227.6045270077018,4352685
2017-05-18,220.5642852783203,224.01879861806225,219.60227616882136,223.97508124311298,1506862
2017-05-19,219.73341369628906,223.8875777363184,218.85885284575656,220.6517052582961,2197778
2017-05-22,212.82443237304688,221.26394098990318,211.7312310835711,220.6080202162177,2517117
2017-05-23,209.71974182128906,214.0050856153623,207.83942756266066,213.39289555117222,2556514
2017-05-24,205.7842254638672,210.24447897956313,203.81646302745168,209.71975033669818,2125257
2017-05-25,209.93838500976562,211.55631496305543,203.90390569214458,205.78421997698544,1912885
2017-05-26,210.2444610595703,212.51832501907032,208.32042951023905,209.8946419941435,2050152
2017-05-29,210.11329650878906,213.17426024564966,209.10755661886057,209.98211768653502,1067127
2017-05-30,212.0373077392578,213.611520178199,207.53332401300815,209.89463599904917,2348911
2017-05-31,210.9878387451172,214.09253292720612,209.89463750809585,213.08677978230148,3097509
2017-06-01,210.2007598876953,212.78071239212682,209.6760179043649,209.8946581732954,1610540
2017-06-02,210.28819274902344,212.5183259994475,209.4573624562456,211.29394592006355,2142258
2017-06-05,210.2007598876953,211.60004960200484,209.50110835816906,211.60004960200484,966410
2017-06-06,205.5655517578125,210.94409620462795,204.6472601012306,210.90036548864958,1884219
2017-06-07,206.92112731933594,208.0580458851993,204.82217302020277,204.82217302020277,1376882
2017-06-08,205.5218505859375,209.1512736732814,205.1720314973054,207.35843416311323,1605121
2017-06-09,205.5655517578125,206.39638198243767,202.94186893600184,205.8716400801792,1013263
2017-06-12,201.71749877929688,206.5275845050483,201.19277016151491,205.12829484622063,2245461
2017-06-13,202.2422332763672,204.603545331078,201.54258180040867,202.5046042479444,1295348
2017-06-14,204.69102478027344,205.2594841480902,200.01211763380712,202.8107104391428,1635872
2017-06-15,206.48387145996094,206.9211519896561,202.28597570593865,206.3964100161248,4396221
2017-06-16,207.4896240234375,208.62655613908996,204.64730040667806,205.95914207595166,4001169
2017-06-19,207.9706268310547,209.58855681705958,207.4021541240181,208.40790736966298,865666
2017-06-20,210.94410705566406,211.73121994954116,206.83367309233344,208.14551457072034,2335353
2017-06-21,210.2007598876953,211.0753209634174,207.70825548399026,209.8946581732954,2413141
2017-06-22,214.22369384765625,215.92908496604178,210.638002096517,210.638002096517,4917780
2017-06-23,212.78070068359375,214.48609201846182,210.28819641704195,212.95561022016494,2469136
2017-06-27,210.55056762695312,213.96135030045858,208.1017940780235,212.69323947798821,2654226
2017-06-28,214.83592224121094,215.53557376854863,207.3147050203737,210.59430904407267,3461166
2017-06-29,215.92910766601562,217.67822968305825,213.56779561195646,214.83590640536397,6508472
2017-06-30,215.62301635742188,216.67248688428032,213.7427022080896,215.49182420110094,3444695
2017-07-03,216.4101104736328,218.33414194860725,214.79218067763355,215.49181878144867,3166023
2017-07-04,217.8531494140625,221.00156099242096,216.97858841817262,220.3893709642464,3624710
2017-07-05,221.48255920410156,222.57576038477336,217.3721254337239,218.33413446587048,2653067
2017-07-06,224.41236877441406,225.8116717798809,221.43885322398262,222.83815622944945,2680640
2017-07-07,221.657470703125,224.32488427672828,219.82090071004325,224.32488427672828,1668483
2017-07-10,222.48831176757812,223.2754246698435,201.80494957581885,222.13849270751024,179284
2017-07-11,223.1442413330078,225.02454220848517,221.395119274055,222.6632434425896,2464271
2017-07-12,228.26040649414062,228.96004457388543,223.88760177203065,223.88760177203065,1859209
2017-07-13,230.14073181152344,230.84039665561346,227.69197158092032,229.13499195572163,2101852
2017-07-14,229.0475311279297,230.79665320861565,227.12351285286604,229.92209216827266,2298401
2017-07-17,232.764404296875,233.94506698215832,229.39733911643134,229.61597936594737,1049035
2017-07-18,232.85186767578125,237.00603245121775,231.75866641908746,234.73216849939786,2615130
2017-07-19,231.40884399414062,234.38234603126747,229.13498007534358,233.55150241245283,2569184
2017-07-20,228.78515625,236.83110120110902,227.8231338402253,231.75865822518122,3702155
2017-07-21,232.72068786621094,234.73216749411952,227.47332185655333,229.22244385977254,1399985
2017-07-24,234.46981811523438,235.25691770646688,231.54003331891118,234.11999904018487,1786012
2017-07-25,234.2074432373047,240.50429360008295,232.10850201287383,240.50429360008295,5705127
2017-07-26,231.67120361328125,234.07624636381254,230.8841040510041,233.9013501774641,1699994
2017-07-27,231.40884399414062,233.0705045422865,230.7091791863274,231.67120161614343,2277932
2017-07-28,229.65972900390625,234.11999554019096,228.12924722014571,231.10274934784078,1754006
2017-07-31,230.14073181152344,231.75867506971844,228.69771143672216,229.57227247472107,1524550
2017-08-01,228.0854949951172,233.07050330252167,227.21093400711524,231.2339198898209,2370928
2017-08-02,234.59722900390625,235.74116571428638,227.11757258649814,228.70148908613754,2324968
2017-08-03,239.43701171875,240.22896998521676,232.30933361207775,234.50923260461636,3813836
2017-08-04,244.14479064941406,244.80476031937545,236.97309875244582,238.7770319628811,4142004
2017-08-07,245.94871520996094,247.6646472205623,239.78899783439843,243.48483900143057,1632831
2017-08-08,241.2409210205078,247.04865980074018,240.53696407621615,244.62877088016302,921821
2017-08-09,240.4049530029297,241.81286675972578,237.809061662149,240.14094903285527,949202
2017-08-10,235.34518432617188,240.7569300024164,234.11321951499204,239.34898939980616,1402846
2017-08-11,231.7373504638672,236.2691367285968,231.03336671861587,231.51736057864503,1515060
2017-08-14,233.27728271484375,234.4212193912835,231.20937239583242,233.05729282674116,2162725
2017-08-16,237.63308715820312,238.24906964042708,232.57331928956984,233.71728292023766,1804763
2017-08-17,238.38104248046875,241.90088076546417,237.017115886727,240.44895284375056,2464131
2017-08-18,241.9448699951172,243.52878631891318,235.03718269977765,237.76506246118825,2173179
2017-08-21,241.4608917236328,244.36477430997704,239.83296120838082,241.72489569742805,1420376
2017-08-22,240.36093139648438,243.6607795124554,238.90900359630365,243.6607795124554,1561082
2017-08-23,243.44082641601562,244.10079613891511,239.877000654053,241.1089387659514,1018756
2017-08-24,242.34085083007812,244.62875099439768,240.4049559635261,243.92479410733037,1073190
2017-08-28,245.8167266845703,248.0606129872644,241.6369184646305,243.9248188611291,2031129
2017-08-29,241.98890686035156,245.37675692724403,240.75696870536459,245.244768348895,2313805
2017-08-30,246.52069091796875,248.01663306673487,243.88081196431375,244.67277027956277,1271563
2017-08-31,246.6966552734375,248.14858310158954,245.06872480068327,248.14858310158954,2076018
2017-09-01,248.6765899658203,250.74450041026338,246.8726566614185,248.0606075000761,1197940
2017-09-04,243.57281494140625,249.38055387261656,242.07689968233967,248.45660700243536,2196967
2017-09-05,248.54461669921875,249.07257101180846,241.54892666079039,243.61683723255908,2029499
2017-09-06,248.6765899658203,252.37240419757768,246.52067818995152,247.62062769718335,2217173
2017-09-07,247.3126220703125,251.14045150354056,246.74065373068865,249.55653504700766,1675064
2017-09-08,248.63258361816406,250.39250288455838,246.6966885376724,250.39250288455838,1275740
2017-09-11,250.87652587890625,253.42840374016407,248.23664667327952,248.23664667327952,1599816
2017-09-12,254.13229370117188,254.66027477376954,250.48046713490663,251.22843808323393,1258233
2017-09-13,251.4484405517578,256.50820794693755,249.68852145778226,253.8683293059742,1322504
2017-09-14,250.52452087402344,253.25237428143183,249.51254580211187,250.78849802498647,791428
2017-09-15,250.21652221679688,252.10843002062444,246.82867232385743,249.8205296478448,1184804
2017-09-18,248.41256713867188,252.50440047874946,247.7086102491069,251.22844840539972,916191
2017-09-19,250.87652587890625,252.54844400495517,247.7086654613062,251.22850440214182,1731903
2017-09-20,246.30067443847656,251.66843310277426,244.9367478679001,251.66843310277426,2413483
2017-09-21,243.52877807617188,246.12466919844147,241.196890901754,245.94866656654034,2685318
2017-09-22,237.50108337402344,242.20887246026524,235.82916555622558,242.20887246026524,3292766
2017-09-25,230.76939392089844,237.50107916394998,228.8774862433948,236.70912093316178,3633108
2017-09-26,229.9334259033203,232.04535036393005,228.78948919901924,231.42936792054638,1308037
2017-09-27,230.9013671875,235.8291457531893,228.87747108131126,231.38536102453313,4003318
2017-09-28,235.87315368652344,238.16105395576017,228.78948983897237,229.7574507437535,5296128
2017-09-29,234.46522521972656,241.10890886463162,233.1892731719977,235.9611402935729,2334479
2017-10-03,236.13714599609375,239.0850158018001,234.11322295812747,236.09313190691378,1314526
2017-10-04,237.19308471679688,238.46903679929858,234.3772302841058,236.00516081391464,1029485
2017-10-05,241.0648956298828,241.9888422860099,237.2810539834178,237.6330323831695,2205375
2017-10-06,245.2887420654297,246.82867138781356,240.93293124042086,242.0768948495906,2113361
2017-10-09,246.608642578125,248.45656284429364,242.95681613202504,242.95681613202504,2399561
2017-10-10,244.3207550048828,247.18062344075938,243.39680825190837,246.74064368139375,1111212
2017-10-11,241.1089324951172,245.94871033717246,239.34901327982436,245.64071910364902,915071
2017-10-12,244.10079956054688,244.54077938198054,239.74501544089594,241.94491454806425,773049
2017-10-13,244.23277282714844,246.03670609449472,242.560854981347,242.86884620789252,1798301
2017-10-16,246.2126922607422,247.62063303117458,244.32078443839708,245.86071378169325,1535618
2017-10-17,247.1366424560547,249.38052854386893,244.40876250815913,245.50871193438846,1548583
2017-10-18,244.54074096679688,248.28056886148914,243.22080170984665,247.4886106781656,1225832
2017-10-19,241.1529083251953,246.12470135657776,239.305014719948,244.188779569647,143094
2017-10-23,247.97256469726562,248.9845395580632,241.2848942951431,241.2848942951431,3075417
2017-10-24,248.32461547851562,252.46040957952107,247.57664443075018,249.90853205264767,2847254
2017-10-25,247.9286346435547,251.49246053116357,246.74068372960582,249.95253112343963,2019634
2017-10-26,243.2648162841797,248.85253766639212,240.5369364435132,248.23658212445645,2537382
2017-10-27,245.42071533203125,246.3886762165862,243.26483052767688,245.02474964350964,1799125
2017-10-30,249.5125274658203,251.9764303954344,245.06874234100778,245.5087221297708,1982624
2017-10-31,247.70860290527344,254.13229660837055,247.04863327053468,248.98455494079494,3084319
2017-11-01,249.07254028320312,252.9883710286446,248.19258073179915,248.23659482190996,2056294
2017-11-02,245.99266052246094,251.40443277771044,245.46470632078666,250.30448343383566,1519341
2017-11-03,248.6765899658203,249.55654957160579,246.38868961993091,246.38868961993091,1336410
2017-11-06,246.4326629638672,248.54458738206412,244.3207653999048,248.14859484009355,2012960
2017-11-07,243.44082641601562,249.38055392211115,241.6809071549503,246.87266360424567,2025509
2017-11-08,240.66896057128906,246.12472105902404,239.74501369470283,243.30883948066335,1707405
2017-11-09,238.46905517578125,244.14480542258198,237.67709689475322,240.0969858310388,1331818
2017-11-10,237.6770782470703,241.1089150984274,236.26913760557574,237.14909714973058,1686868
2017-11-13,238.64503479003906,241.41690193302819,236.75310032101814,238.3810308190383,1685529
2017-11-14,238.7770233154297,242.2968614277508,236.8851157009038,238.46903210975486,1691237
2017-11-15,243.0008087158203,244.62873914935136,238.73299980226028,238.77701388946699,3970046
2017-11-16,242.12086486816406,247.972590506183,241.592883767194,245.90470704658782,2588111
2017-11-17,241.5489044189453,246.3006807743726,240.66894484000562,244.76075151122814,1670648
2017-11-20,232.92530822753906,240.05295923994018,231.42936622129682,240.05295923994018,3261832
2017-11-21,230.2414093017578,235.3011766794283,229.53745240829733,232.7492993728413,3037842
2017-11-22,233.71728515625,235.30120176249844,230.68141366433068,231.78136321151348,2773825
2017-11-23,233.14529418945312,237.14909941185564,232.39732319893992,235.1691904186212,2837249
2017-11-24,233.14529418945312,235.91716140913442,232.74930164911248,234.02525374200175,1999089
2017-11-27,230.9013671875,234.06922675503117,230.2413975631907,232.74928750641257,2787181
2017-11-28,231.47337341308594,233.7612738563623,230.5494265293768,231.47337341308594,1485419
2017-11-29,231.47337341308594,233.89326243200117,230.81340368065452,231.69336332389642,1398926
2017-11-30,230.9893798828125,233.0572901783245,228.12951136997768,230.9453926473856,2858463
2017-12-01,231.91331481933594,236.04913519918813,230.8133654474851,232.00131613993054,2069676
2017-12-04,229.7574462890625,234.15724408527495,228.30551838715928,233.1892831992613,1260611
2017-12-05,229.18545532226562,230.5493817627571,225.48961479658973,229.66942229038017,2016019
2017-12-06,230.28541564941406,231.64934215497706,226.7655775919785,228.70147241102813,3182304
2017-12-07,233.937255859375,234.68522686089807,230.0654391420161,231.16538859889275,1345304
2017-12-08,235.9171600341797,237.58907780343105,232.04534339637803,233.80526249121826,1272951
2017-12-11,236.79713439941406,238.42506503485748,236.2691532670762,237.14911286956067,1199568
2017-12-12,233.4532470703125,237.28107630652747,232.44129900548702,236.269128241702,2006310
2017-12-13,232.3973388671875,237.85307234827434,231.649367826246,233.89325409483425,3204666
2017-12-14,232.96929931640625,234.94920837575248,228.4375128403053,234.42122725574643,1666551
2017-12-15,232.6613006591797,235.43316788286603,231.69333977913072,234.94920086995876,1808962
2017-12-18,232.30931091308594,234.55319692453043,224.38967531377617,231.38536416819304,1221276
2017-12-19,238.1610565185547,239.349007330195,232.30933064401282,232.30933064401282,1565382
2017-12-20,235.34518432617188,239.70096783690036,235.08118035767617,239.70096783690036,1553248
2017-12-21,236.3571319580078,239.34898894902395,234.15723316252047,235.8291508762442,1597801
2017-12-22,235.47718811035156,237.23710726386054,234.64121577074073,237.23710726386054,1112049
2017-12-26,240.49293518066406,241.1089176096818,234.68522361213954,235.38918051310176,2217661
2017-12-27,238.73301696777344,240.88892862317235,236.1811396244388,240.66893873401878,1652849
2017-12-28,238.9970245361328,240.66894234795905,236.53312162807347,239.34900299321703,1463113
2017-12-29,239.3929901123047,241.10892201431955,238.0730507582117,239.70098133244005,1948608
2018-01-01,235.87315368652344,240.3169656593984,232.61731936674067,238.5570465067909,1408955
2018-01-02,235.96115112304688,237.85305881004768,233.27728520128233,237.58908168320465,981714
2018-01-03,239.87698364257812,240.4929392277269,235.2571959099054,236.181142714746,1906004
2018-01-04,240.62493896484375,241.46088438754614,238.20505031019513,238.9970084990517,2142231
2018-01-05,241.0209197998047,244.27678093628288,239.5689918864911,241.5489009103464,1304360
2018-01-08,241.6369171142578,242.34087406882955,238.77704834817592,239.56900663562826,1215089
2018-01-09,243.8807830810547,245.81670482615513,239.8769778838844,242.34085387379932,3305059
2018-01-10,242.95681762695312,244.6287352669238,240.58091629094122,244.6287352669238,1860881
2018-01-11,239.12901306152344,245.42071861391432,238.46904338426071,245.06874015688786,2869673
2018-01-12,237.06114196777344,241.46094054495646,235.5652265640748,238.5570842257114,2131954
2018-01-15,243.70481872558594,244.80476821097992,237.06110772126496,237.67709017477978,2520552
2018-01-16,244.4967498779297,246.38865741221267,242.07686127834543,244.71673975061915,2689358
2018-01-17,243.8807830810547,245.46472637820074,240.09696777063516,242.29686663814283,2384660
2018-01-18,242.56085205078125,244.62876242776224,240.71293156806982,244.1887826392231,1271915
2018-01-19,236.3571319580078,243.3527940151176,234.42121027628562,242.86882702180372,1942776
2018-01-22,236.2251739501953,236.88514367419,233.45327962602815,236.70914100609667,1955296
2018-01-23,231.16537475585938,237.06108737912044,230.54939235520183,236.22514195449455,3127752
2018-01-24,228.9214630126953,233.62925180023214,228.21750614067795,231.38536577322267,2345935
2018-01-25,231.4293670654297,232.74930642131616,228.43750989626733,229.49344526843552,3313959
2018-01-29,232.0013427734375,234.42123166931,229.3174767397096,232.2653467655287,1420895
2018-01-30,230.10940551757812,232.0893143604636,227.38152574097833,230.37338262160324,1787102
2018-01-31,230.37339782714844,231.69333714285992,226.2815913192897,230.28542335615498,2708846
2018-02-01,234.46522521972656,237.14909101831466,229.5814337633956,231.781332566905,3355964
2018-02-02,228.3935089111328,233.5852921589284,226.23762395201442,232.57331711129052,3017102
2018-02-05,227.99752807617188,228.7894863117888,221.793810473448,226.14960762357586,2745947
2018-02-06,224.6536865234375,225.6216340183686,217.7899990204013,220.033898665429,1907347
2018-02-07,218.4939727783203,226.98559102950233,216.95404346836233,224.65369001815228,3906454
2018-02-08,230.46142578125,234.42124418592522,216.0740936338679,218.0540028362055,4063203
2018-02-09,227.82150268554688,230.2854053278578,224.47766742254947,227.46952426642588,1742418
2018-02-12,226.06161499023438,231.51737523071694,224.96166549451095,228.9654977714857,1200752
2018-02-14,223.64169311523438,227.3815208491153,222.45375589132993,226.6775640173716,1060437
2018-02-15,222.98178100585938,226.89761238439914,221.48585221203933,224.30172054636867,1620357
2018-02-16,226.193603515625,230.109434461346,223.773728052614,223.773728052614,4870752
2018-02-19,226.6335906982422,229.53747357355562,224.4777057293326,226.58960345868272,2519233
2018-02-20,232.0453338623047,237.3250909298954,226.2375957171083,228.2614918513248,7529895
2018-02-21,230.28541564941406,236.57712080623347,228.8774750555932,235.82914984818177,6498774
2018-02-22,226.06161499023438,227.9095355138969,224.21370789368973,227.29355305459748,3842909
2018-02-23,228.96548461914062,230.549401060304,224.917665336548,226.23760465559553,2201036
2018-02-26,231.3853759765625,233.1892823245492,229.0974757602672,229.80143266332678,1668982
2018-02-27,221.22183227539062,229.5814482564537,219.59391511429627,227.29354798552626,10403386
2018-02-28,222.0577850341797,223.06973308759638,217.34999634176057,219.98987483983865,3500262
2018-03-01,222.76174926757812,225.4896291767583,221.1778328579812,222.54175938545447,3184053
2018-03-05,216.5580596923828,222.18979567731722,214.71013918916992,222.18979567731722,2291003
2018-03-06,211.7622528076172,219.10992015972366,211.1462838299409,217.78998088165304,2727521
2018-03-07,206.96649169921875,211.19030039249213,206.30652201049222,211.19030039249213,3023002
2018-03-08,207.89044189453125,208.99039132254464,203.7546347306243,207.67045200892858,2111425
2018-03-09,207.14248657226562,209.38638626047148,206.08653772696817,208.99040712187468,1257500
2018-03-12,211.93824768066406,213.21418625058328,204.5905805980178,208.5503982870117,1926518
2018-03-13,210.13433837890625,215.06210368898246,209.16637752538432,212.99420685044652,1942169
2018-03-14,214.62213134765625,215.5900922346588,209.9143557571698,210.22233354694893,2973976
2018-03-15,213.2141876220703,216.07405597140627,212.5542180029928,214.79811739327963,3060758
2018-03-16,206.57049560546875,213.91816290732993,205.95452663200462,213.21419261174952,3348952
2018-03-19,203.4026336669922,208.33041225268582,201.59872742825027,207.58244130458567,2932815
2018-03-20,202.74269104003906,205.86655037589085,201.0707731331924,201.0707731331924,1711628
2018-03-21,202.25868225097656,206.3944889252951,201.07073163850248,203.13864168921947,2202091
2018-03-22,200.85076904296875,204.89858837919422,199.92680882196976,202.65468882165874,3027467
2018-03-23,199.92681884765625,200.80677844947436,196.23099120544367,198.78286867986907,1842220
2018-03-26,203.358642578125,204.89857167856957,199.7068026550868,200.0587945057438,2279430
2018-03-27,203.88662719726562,206.96648565470804,202.83067841156594,204.32660697690025,2987115
2018-03-28,204.98658752441406,208.46242528255712,200.85078006179629,202.56669860800687,17268096
2018-04-02,211.3662872314453,212.9502171518828,203.75464227847502,205.99854188016837,2609084
2018-04-03,211.7622528076172,213.47818461080234,210.0023337701897,210.8383060546611,1586599
2018-04-04,208.1984405517578,214.71013602765103,207.6704594365805,211.71827884729308,1640569
2018-04-05,211.21578979492188,212.85759861962555,209.04151231417345,211.21578979492188,2110899
2018-04-06,211.79263305664062,212.28073947817902,209.52961758315436,211.2157886303764,664865
2018-04-09,209.9733428955078,213.16819535772518,209.4852364863736,211.92575499046026,857711
2018-04-10,208.55343627929688,211.65955128771193,207.9322159859312,211.03833099434627,899391
2018-04-11,210.77206420898438,211.26017064494326,207.31097046597617,208.5090351270551,1288646
2018-04-12,209.44088745117188,212.9463572234993,208.9971567574194,210.10648349180062,2341840
2018-04-13,210.01773071289062,212.2807599461615,208.7309144168224,209.61837579915718,986965
2018-04-16,214.4550323486328,215.20937992169365,208.6865335053709,209.44088107843174,1117203
2018-04-17,217.29490661621094,218.27110592977147,213.21257918398354,214.81001224622838,2079834
2018-04-18,217.33929443359375,219.15859303694154,215.43125781397686,218.53737275671185,1693395
2018-04-19,219.2029571533203,222.39782348393013,217.73865131771583,219.2029571533203,2315449
2018-04-20,218.8479766845703,220.04604139502732,216.62932328566583,218.8479766845703,894175
2018-04-23,219.7354278564453,220.97786828559376,217.6498883415336,217.78300212266197,1051719
2018-04-24,219.91293334960938,221.42161499193867,217.91614523845965,219.55794067156447,1321262
2018-04-25,218.04925537109375,221.64347661918143,216.3630841888234,219.42482319957,1575990
2018-04-26,215.20936584472656,220.00165146133602,214.18879076354014,217.6055086530313,1013598
2018-04-27,217.33929443359375,218.31550740365932,214.58817218069464,215.65312316702935,1464396
2018-04-30,222.44219970703125,224.30587410734714,217.8717788065429,217.8717788065429,2454697
2018-05-02,217.82737731933594,223.4183863188496,217.25053288052902,222.66403878356206,1602224
2018-05-03,212.9463653564453,218.22675810545383,212.45825886635836,216.67370061800506,1148958
2018-05-04,210.06210327148438,217.16179422137205,207.13347804633852,213.92256564212013,4083676
2018-05-07,208.7752685546875,211.3489008800668,206.86723219707022,209.1302476541934,2213157
2018-05-08,203.6280059814453,209.66274592702715,203.00678573886756,209.08590146068758,2782140
2018-05-09,199.36819458007812,204.69296288624452,198.92446388789762,203.76113926593425,2975035
2018-05-10,195.28587341308594,200.38877619223803,194.354036284228,199.81191818790427,3566843
2018-05-11,192.71221923828125,196.2620645001724,191.82475792280846,195.68522006174908,3917464
2018-05-14,192.9784698486328,195.0640094593753,191.07043334299786,193.1559594121547,1683423
2018-05-15,190.0054931640625,194.75340357927288,187.076867804804,193.20034611286468,2421775
2018-05-16,187.96432495117188,190.27171643826657,186.36689174220714,189.11802746551228,2481091
2018-05-17,193.15594482421875,195.8627044736549,188.14179394009076,188.14179394009076,3620351
2018-05-18,186.76625061035156,193.28909737596317,185.65692385032148,193.28909737596317,1556445
2018-05-21,184.63633728027344,188.85177870885693,181.26398142908954,186.7662391117656,1715130
2018-05-22,184.59194946289062,186.6331131508453,183.1276437419583,185.03568011063797,1483612
2018-05-23,184.14822387695312,185.56816740540944,183.2607625570642,184.1925996512646,1418518
2018-05-24,188.8517608642578,190.13857699675916,181.26396430146116,185.47940533172772,2792312
2018-05-25,187.7868194580078,190.36045185195977,185.96752105600075,189.47299053796462,1499518
2018-05-28,188.2305450439453,190.31607095069742,187.7424386260809,188.05304195266035,1181241
2018-05-29,184.85818481445312,189.9167113332365,184.45882995220944,188.49676788794307,1459474
2018-05-30,182.99452209472656,186.7218569430186,182.5507914332255,184.19260029741352,1963564
2018-05-31,182.2845458984375,185.4794120002431,181.5745876905561,183.8819789493403,6571778
2018-06-01,180.6427459716797,185.70127255150413,179.88839846821782,182.32891698442637,2911603
2018-06-04,178.77908325195312,182.32892859243998,177.80288390827042,181.48584303239141,6313873
2018-06-05,179.3115692138672,180.37652012993345,176.69356092890854,178.37973208421462,2631652
2018-06-06,181.1752471923828,183.5270281285713,177.89164257935136,178.82347979778126,2884900
2018-06-07,182.81704711914062,183.9707496393748,181.70772037691285,181.9295857253584,4036226
2018-06-08,182.81704711914062,184.2369907658267,181.70772037691285,182.19582685181032,2601050
2018-06-11,182.8614044189453,186.89935606093545,182.0626811203008,183.66011417600495,4756149
2018-06-12,183.6157684326172,184.14825071880034,181.8852213149025,182.72830698336995,2857333
2018-06-13,186.36688232421875,187.78682589189458,182.99452650717768,183.70449829101562,4884946
2018-06-14,182.8614044189453,186.98809406639495,181.7520777888153,186.98809406639495,4024884
2018-06-15,181.8851776123047,184.28132024121982,179.2671696743866,181.48582276441613,6832521
2018-06-18,180.06590270996094,182.7282867630895,179.710923586178,181.48584628826373,803881
2018-06-19,177.71412658691406,180.37651050581914,176.47168617472565,179.48904919951744,1605387
2018-06-20,175.49549865722656,179.08972017495867,174.43054764423584,178.33537253906405,1716864
2018-06-21,174.82989501953125,175.93922176457903,173.54307870359307,175.71735641556947,2532830
2018-06-22,181.8851776123047,182.81701461843386,173.63178540907805,174.9186150345622,3167408
2018-06-25,183.52700805664062,185.47942029883762,181.7520853743551,181.92957493426658,3363586
2018-06-26,188.09742736816406,190.93730093370755,183.3938795812655,183.70449646535312,7976623
2018-06-27,182.19580078125,189.38422891733575,181.08647419775673,189.38422891733575,3049747
2018-06-28,178.29098510742188,184.81383164079,177.58102683954954,182.417688632756,3785931
2018-06-29,184.10385131835938,184.591957761141,179.0009486398663,179.17843819862725,3749070
2018-07-02,177.40350341796875,184.5475693885095,175.9391977311653,184.4144556139217,3041228
2018-07-03,178.29098510742188,179.53343915937035,175.5842387425902,177.80289218365613,4134828
2018-07-04,178.37974548339844,181.30837087875662,177.22604292867106,178.73472463488994,2262034
2018-07-05,184.10385131835938,185.3463053128567,178.82345908110534,179.08970019003945,4657759
2018-07-06,184.192626953125,188.4080688474292,183.43827930277257,184.37011653509407,3029745
2018-07-09,182.95013427734375,186.36686556262558,182.2845383289058,185.5237800695877,2007632
2018-07-10,181.35272216796875,185.3906602518459,180.64275041927465,185.3906602518459,3550279
2018-07-11,179.7552947998047,182.01832389584473,178.5572165896702,181.5745932315853,2524353
2018-07-12,179.00094604492188,182.9945219962832,178.6015911581028,180.15464847252107,4308979
2018-07-13,174.7411346435547,180.59838497840752,174.20866595775888,180.06590275102616,2220084
2018-07-16,169.1057586669922,175.67296707399598,168.21829733947357,174.43052663210398,1994603
2018-07-17,173.58746337890625,173.85369097809416,167.73021244820708,169.5051353312569,1248112
2018-07-18,173.63180541992188,176.24982720114744,171.23566251485434,174.34177719887143,1675322
2018-07-19,171.5906524658203,173.94241955852343,169.86009205020974,173.4543131218534,1596782
2018-07-20,172.4337615966797,173.4543368425339,170.12635642137406,171.63503817064912,1105960
2018-07-23,175.71734619140625,178.06911333743483,172.30061459882805,172.87747259764,3302774
2018-07-24,188.71864318847656,192.40161577009914,179.7109162592753,179.7109162592753,11675077
2018-07-25,184.99131774902344,192.40162552026933,183.34952235828246,190.1385963443762,7567233
2018-07-26,198.34759521484375,200.34438308613412,189.91671309161774,189.91671309161774,18529989
2018-07-27,199.76754760742188,201.89744934875273,197.59325655039808,198.1257387565233,4962191
2018-07-30,201.45370483398438,202.7405209450917,197.85948404382776,200.1225129518215,2775674
2018-07-31,204.73731994628906,205.62478124951667,198.92444570183136,200.56625452943635,2919886
2018-08-01,207.6659698486328,208.99716196304712,203.09554900577825,203.67239350538986,6542652
2018-08-02,203.0511474609375,207.3109643948339,202.3855514881907,206.77848220000257,1820808
2018-08-03,200.65499877929688,204.6041987267246,199.5456721906046,203.22863104842926,1909383
2018-08-06,202.78489685058594,204.07171296254637,197.32701554673335,201.18746388261462,1628672
2018-08-07,204.20484924316406,206.822857353136,202.38555088145998,204.11609769709668,4307531
2018-08-08,204.95919799804688,207.0003618305235,201.18748722514343,203.84987130013408,2470588
2018-08-09,206.24600219726562,206.91159817708674,204.0273489311953,205.80227154405156,1211459
2018-08-10,202.074951171875,206.95598870521297,198.79134681231025,206.82287491639264,1723589
2018-08-13,196.0402069091797,199.67880386287067,195.41898667214565,199.67880386287067,1728996
2018-08-14,200.87689208984375,201.8974672770272,196.57269890928143,197.0164296065936,1810299
2018-08-16,199.23507690429688,200.65502050822238,197.46015417018288,199.67880758782536,1030961
2018-08-17,202.9180450439453,203.80550644985206,199.76756788624544,200.78814308640366,1721617
2018-08-20,203.8942413330078,206.77849066633652,201.897453333011,203.4948864413255,1591893
2018-08-21,212.4138946533203,214.23317971700206,204.4711041723873,205.00358643690996,6380758
2018-08-23,210.55020141601562,214.7212669760032,208.64216496523377,212.99072008364067,2837007
2018-08-24,210.06210327148438,214.10005520755016,208.64217320645832,209.88461370605435,1731653
2018-08-27,214.49940490722656,215.25375246897127,208.64216814073148,210.3283392837561,2145678
2018-08-28,209.7958221435547,216.05242630829827,207.35530384494845,215.653071476843,2900755
2018-08-29,206.91160583496094,211.79264320096468,206.0685202709683,210.59457851789682,1711404
2018-08-30,211.12704467773438,213.39007377420037,205.93540402987315,207.08910646548182,5025712
2018-08-31,214.18881225585938,216.00809727517137,209.9733706462206,211.21581117769017,2735230
2018-09-03,212.99073791503906,217.78302410149286,211.52643200850773,215.6087463602608,2393818
2018-09-04,202.29678344726562,212.90194237333895,200.47748522844685,204.11608166608443,3810744
2018-09-05,198.0813751220703,203.45051912014486,194.22092628661775,201.80871016862602,3947663
2018-09-06,201.09873962402344,206.82286240395737,197.68200814075902,201.49809450791,4887812
2018-09-07,201.89744567871094,203.40612717986127,197.6820045051994,202.51866588017464,2406640
2018-09-10,194.9752655029297,202.34119777953708,194.354045235608,201.3649848297557,2611742
2018-09-11,195.41897583007812,198.30322505918707,193.99904587300617,195.72959270215455,3757737
2018-09-12,201.09873962402344,201.94182516591394,194.22091442496225,196.1289508377452,2404591
2018-09-14,203.9385986328125,206.4234928493477,201.49808018724084,202.42991721113955,2588077
2018-09-17,200.47752380371094,205.71355416150925,199.72318974257462,202.7849288483795,1802238
2018-09-18,199.1463165283203,202.20806894229298,197.9926276355259,200.5662600693391,1344871
2018-09-19,199.6787872314453,200.92122760202943,197.0164034016927,199.6787872314453,2120702
2018-09-21,200.0781707763672,201.58685245449465,184.76946156097216,200.61065303527633,3464829
2018-09-24,194.0434112548828,202.34117997304293,192.5347297265587,198.48071783323903,1734859
2018-09-25,200.25563049316406,201.80868771825666,191.60288309621956,193.4665571829644,1801355
2018-09-26,200.65499877929688,203.4061205943032,198.3032182863186,202.03055291600785,2420982
2018-09-27,201.6756134033203,208.37595002228707,199.6788251518023,200.74377617762784,8039387
2018-09-28,198.39199829101562,204.95920722156058,196.3064585884525,201.09875826404874,4202032
2018-10-01,197.63763427734375,201.36496913229468,192.44599365345732,197.90387538303708,2070915
2018-10-03,189.29551696777344,197.19391791264465,187.2543530649098,196.57269764870864,4433444
2018-10-04,189.65048217773438,192.0910008180556,183.9263593478435,187.03247398097957,4756385
2018-10-05,184.99131774902344,190.1385963443762,183.70450148558166,189.02926964458405,3007099
2018-10-08,184.6807098388672,186.94372541730817,179.62216937942532,183.21639050633942,2483769
2018-10-09,181.66334533691406,188.0974404679738,179.66655719279208,186.36689345138532,1790998
2018-10-10,186.2781219482422,186.8993556931604,180.2877581573279,181.13085722783552,2655944
2018-10-11,184.45884704589844,185.3019326202265,177.80288691975227,181.04211543117586,3596264
2018-10-12,194.88653564453125,195.9514866533062,185.39068750052186,186.36690049115788,5695694
2018-10-15,192.57911682128906,194.26528800355084,186.0119081159071,194.1765499917183,5976849
2018-10-16,196.57269287109375,198.61385672434778,192.5791167179564,193.46657808532026,3761860
2018-10-17,194.6202392578125,202.20803504637618,192.93405489280784,198.34757350119625,5346216
2018-10-19,185.65689086914062,190.8041688296049,184.4588263060912,190.71541728793426,5427052
2018-10-22,182.81704711914062,189.42863179450106,181.6633445989065,188.1861912598404,3803442
2018-10-23,178.02474975585938,182.81703556271384,174.6523939643466,179.97716199044507,8424281
2018-10-24,174.2974090576172,181.44147585207352,171.2356700147319,179.26719818634837,14849782
2018-10-25,170.8806915283203,175.22924687625624,170.2150954929269,172.1675078217637,7180208
2018-10-26,169.01699829101562,171.85687168245124,167.28645150104583,171.85687168245124,16413375
2018-10-29,171.36878967285156,172.47811634462926,167.77456854797478,170.39257678505305,16772923
2018-10-30,170.7919464111328,174.91865011106754,170.43696726217752,171.36880445516834,3981871
2018-10-31,174.9630126953125,176.33858059801742,167.15336307012302,171.28005323665124,8628188
2018-11-01,177.44789123535156,178.37972834547332,175.00737256395826,175.3623652229303,3416848
2018-11-02,181.08648681640625,184.59195635619972,178.73470617057083,179.26718838438626,4174804
2018-11-05,182.3289337158203,182.90579172481011,179.622173859323,180.9533658994116,2629132
2018-11-06,181.21961975097656,183.66013866264677,180.37653410798964,182.81705301965985,1757806
2018-11-07,182.46205139160156,183.12764737643244,181.53021430452137,182.46205139160156,172463
2018-11-09,182.19580078125,184.1038370882247,181.70769437619612,184.0150990864958,1849981
2018-11-12,180.4652557373047,184.9469243440145,179.0896880523611,182.72827115590692,3828786
2018-11-13,182.68392944335938,183.17202236629515,178.73471549170867,180.11028333114766,2024625
2018-11-14,187.43182373046875,190.2273349486117,183.30513410477144,183.70448898119622,5341589
2018-11-15,193.33346557617188,194.35404073875932,184.7694551994896,187.60932888552873,3028344
2018-11-16,192.80099487304688,194.35405236914735,190.8042066637748,193.37783938353522,1845708
2018-11-19,195.5964813232422,196.70580804023334,190.75981954547802,193.46657944325358,3289421
2018-11-20,190.80419921875,194.57591013353925,189.96111360493788,194.57591013353925,1207441
2018-11-21,193.11158752441406,193.64405618836318,189.96109714843797,191.6916440040464,1599264
2018-11-22,190.4935760498047,194.17654882924353,189.7392420166081,194.17654882924353,1093305
2018-11-26,192.0909881591797,192.57909456339453,187.83117137757117,190.09420031232423,2129029
2018-11-27,191.5585479736328,193.59969835361883,190.1829800998611,191.6472859883878,1843182
2018-11-28,190.40484619140625,193.02285461464393,189.60612280598008,192.13539321411685,1252402
2018-11-29,192.40164184570312,195.2415157298195,190.7154569939935,193.11161370212895,2647720
2018-11-30,192.9784698486328,196.0402088295384,191.42541247004158,193.11159717746347,4396332
2018-12-03,195.2415008544922,197.72639539186653,193.1115989890775,193.99906035659794,2823065
2018-12-04,194.35401916503906,198.43634644541336,193.02282725294975,195.24148043976527,1995824
2018-12-05,192.2684783935547,194.1765282456777,191.11478957783416,194.1765282456777,1836318
2018-12-06,184.72506713867188,191.29228898886555,183.5713782634513,190.53794145514286,1873533
2018-12-07,188.54115295410156,189.4729900396628,184.2369737174958,186.1893858948334,1040049
2018-12-10,181.8408203125,186.32250271789917,181.48584119867212,185.83439628019696,1114367
2018-12-11,189.11801147460938,191.42540276660222,177.71412817038745,177.71412817038745,4298081
2018-12-12,191.64727783203125,193.9990585591217,188.71865263803156,189.02926953042004,3558108
2018-12-13,194.08779907226562,195.81834603688918,191.82476986856443,191.86914564541854,2819659
2018-12-14,194.7533721923828,199.5456711556281,193.64404560944422,198.4363445726895,5023903
2018-12-17,194.13217163085938,196.2620734686894,192.8897311490561,194.84214342399792,1236838
2018-12-18,194.93087768554688,196.08458013450968,193.4665718928999,194.57589856659771,1565567
2018-12-19,201.6756134033203,204.6929769000905,195.7296244293396,196.2177309324725,6142902
2018-12-20,199.76754760742188,203.67237198039012,198.30322831137002,200.52188160091677,2215666
2018-12-21,195.86270141601562,200.7437384467534,194.62026104300708,199.90065294067014,1677202
2018-12-24,189.2511444091797,194.88652974139825,188.62992413467666,191.69166327025937,2431010
2018-12-26,196.21768188476562,197.01639156908794,186.27810535071595,188.71862371474742,3303641
2018-12-27,192.44601440429688,197.72640714664402,191.73604255975576,192.97848313151275,1684054
2018-12-28,196.08460998535156,197.7264191289985,192.66789143517107,192.66789143517107,2241527
2018-12-31,199.76754760742188,200.4331435942859,194.88651037041907,197.01641211174993,2836456
2019-01-01,197.8151397705078,203.2286597032552,196.173344312704,199.23508342087683,1594627
2019-01-02,194.3096466064453,198.61383927668317,193.51093686261657,197.8151159912698,1826162
2019-01-03,189.78359985351562,196.04019103465077,189.162366125201,194.35402002187107,1612955
2019-01-04,192.1797637939453,192.53474292791935,187.43184001292346,190.36046526376003,2344100
2019-01-07,193.466552734375,195.463340549294,192.0466093160212,193.91028335991254,1280088
2019-01-08,194.08779907226562,194.93088466615035,190.9816842746797,192.66786900403503,1678459
2019-01-09,188.8961639404297,194.79777681922968,187.78683719316754,194.79777681922968,2005058
2019-01-10,189.1623992919922,191.1591875190361,187.52060376359705,189.78363312923088,2033769
2019-01-11,188.8961639404297,190.04985292431329,187.69808563675207,189.78362533823937,1279076
2019-01-14,190.6710662841797,191.070421162041,187.74244127722227,189.02925745770187,1231366
2019-01-15,192.35723876953125,193.02283475143275,190.67106769868144,191.20353635925167,1294415
2019-01-16,192.44601440429688,195.24151246154344,191.4254256460232,192.5791282007042,975644
2019-01-17,191.02606201171875,193.82155994159731,190.09422485456392,193.46658080629356,934332
2019-01-18,188.71864318847656,191.69164400989365,188.31928830510628,191.42540290711847,787152
2019-01-21,188.40805053710938,190.62670395007208,187.43183761877148,189.02927078442178,1028461
2019-01-22,189.78359985351562,190.80417490731634,187.6093088875833,188.31928061881115,996452
2019-01-23,188.49679565429688,191.2923071849616,187.69808581215625,189.02927791011479,979376
2019-01-24,187.43182373046875,189.73922852561043,185.25754625519184,189.73922852561043,1682064
2019-01-25,179.5778045654297,189.65048248119433,178.6015916911051,188.05304938756555,2945463
2019-01-28,177.27040100097656,181.35272854329023,175.62859212075392,178.3797276655634,3278879
2019-01-29,178.24661254882812,181.70770629980947,175.9835834616856,176.3385625750634,2643774
2019-01-30,181.61895751953125,182.6395461838257,176.16107570402556,179.13407660483344,1461921
2019-01-31,186.2781219482422,188.14179609982722,181.44146055870982,182.55078718665692,7669625
2019-02-01,188.58554077148438,191.11481108787746,186.01190821994317,187.07685915362967,3350137
2019-02-04,188.58554077148438,189.02927145565258,184.4144750486205,188.14181008731617,816759
2019-02-05,185.7012939453125,191.07043800784302,182.86142023487224,188.23056429740276,1990920
2019-02-06,190.36045837402344,191.2922954939616,185.16880409264314,186.63312343585613,2419386
2019-02-07,190.7598114013672,193.99905340163986,189.47299517291273,189.96110161586728,1560735
2019-02-08,189.2511444091797,192.9341038192654,188.2305692111809,191.38104636221468,1071280
2019-02-11,184.23696899414062,189.65047473153473,183.5269972546965,189.29549563260497,1168695
2019-02-12,184.10385131835938,185.4794190965311,180.8202470857331,184.19260286853253,1731437
2019-02-14,181.39707946777344,184.19259061320298,180.24339064179574,182.7726471544212,1234816
2019-02-15,181.75209045410156,182.7726656083054,177.9360038722157,180.77587753492642,1516899
2019-02-18,175.71734619140625,181.75208604165041,174.47490572587895,181.08649003334963,4557434
2019-02-19,177.1372833251953,179.97715681581317,174.51926162103427,176.2498220130282,12045263
2019-02-20,183.52700805664062,184.4144693977834,177.13728910872982,177.13728910872982,3528149
2019-02-21,186.01190185546875,186.810611643009,182.3733049531513,183.61574540967732,2197983
2019-02-22,187.2099609375,187.6536915932142,184.72506655718357,186.32249962607162,1375220
2019-02-25,186.4556427001953,188.54116883329394,185.47942975851603,188.00870012640297,1323218
2019-02-26,188.45242309570312,189.029267556589,184.05947857978157,184.81382614394207,1651331
2019-02-27,191.22311401367188,196.00481460586164,186.93299228464795,189.56963883128626,2325569
2019-02-28,189.5249481201172,193.41286029792818,188.31834669098072,192.38502473823493,5667560
2019-03-01,194.35133361816406,196.00482250510845,190.15059465421,190.3293468922231,1389426
2019-03-05,198.41798400878906,199.62458531265904,194.53005859669221,194.8428851978199,2838170
2019-03-06,196.85389709472656,202.3506065868116,196.22825747059085,199.2223948282121,4240764
2019-03-07,197.70298767089844,201.0099517809018,195.87074656032638,197.97112284477362,6193867
2019-03-08,202.1271514892578,202.97624840046598,197.1220211405539,197.79235219387388,2803088
2019-03-11,208.51766967773438,209.76894897923188,202.39530666316358,202.6634418386049,4030315
2019-03-12,208.3835906982422,211.91401209455805,207.66858176331763,208.91986103735684,6903177
2019-03-13,205.38941955566406,210.57331531024033,204.31689269145633,209.14327039935065,3736991
2019-03-14,200.33961486816406,208.20483579269376,199.89272747061034,205.568202874711,2916976
2019-03-15,201.4121551513672,205.1213150888734,199.80335779563495,200.11617079057777,3226639
2019-03-18,202.39529418945312,205.16600143505116,201.09932349893305,202.79749010886687,1524697
2019-03-19,205.4341278076172,206.77478990693706,202.48466846152942,202.48466846152942,1620753
2019-03-20,203.2890625,206.41727409945722,202.70811437241179,206.37258263473808,1640049
2019-03-22,205.4341278076172,208.6070171990048,203.2443688017253,204.45097014628124,2103761
2019-03-25,204.9872283935547,207.53447804980203,202.26121289090182,204.6744018002643,2495275
2019-03-26,206.81947326660156,207.5344957996196,204.13814899622423,204.18284046164797,2582780
2019-03-27,207.57919311523438,212.94184180712418,205.92570431340002,208.24952420172062,4639012
2019-03-28,207.22169494628906,209.94769720372395,203.33376907151143,207.6238908828023,5196003
2019-04-01,209.6348876953125,218.08105705446889,208.6517299337508,211.82463328651284,5454846
2019-04-02,205.52352905273438,211.3777571908911,204.49569340528373,210.03709488312643,3626882
2019-04-03,202.66342163085938,210.84145501989136,201.94839911361848,206.4619642634113,4591977
2019-04-04,198.9542694091797,204.9872491112892,198.46269055771995,202.66342925234542,11011371
2019-04-05,200.20556640625,203.69128286619005,198.90959560129392,200.83120607368517,8983871
2019-04-08,201.6356201171875,204.58506633621414,200.6077708135948,203.55723067054396,3693810
2019-04-09,203.0209197998047,203.73594229496064,198.23923328691885,201.63557991046977,2110961
2019-04-10,200.1161651611328,203.46782054215618,199.35646479085324,202.4399850138106,1489964
2019-04-11,203.0656280517578,204.4956731603018,198.95427223105537,200.25024293934285,1907836
2019-04-12,204.8084716796875,206.37257744004535,202.61872634277051,202.97624441360426,2171386
2019-04-15,203.2890625,205.88101743658814,202.79748366392982,205.74694304243067,2875556
2019-04-16,207.3557586669922,208.24953348883267,203.46783273681748,204.13816385319785,4568324
2019-04-18,208.60702514648438,210.26051392047464,205.56819639408783,207.35574592794947,2742711
2019-04-22,202.0824737548828,207.44512218388897,201.18869901671513,206.90885188582027,1348195
2019-04-23,202.7081298828125,204.54037097313142,201.63560283708867,202.39530324376247,965185
2019-04-24,200.29493713378906,202.30593042373505,193.10004730217585,199.31177940353592,6235599
2019-04-25,197.12203979492188,205.43414837027873,196.1835735038794,198.7308372027202,7167694
2019-04-26,201.9930877685547,202.48466659469048,198.1945451888363,199.3117635946358,2114460
2019-04-30,197.07736206054688,203.5125385022864,194.4854203502937,202.88689881063104,9288005
2019-05-02,197.56890869140625,201.94839945529597,194.88758447565655,196.1835551190182,5897979
2019-05-03,198.14984130859375,199.57988623357593,196.76448784462707,197.97108910245075,1515314
2019-05-06,196.36231994628906,197.74767360762158,194.8875969881125,196.85389881165494,1376657
2019-05-07,195.0216522216797,198.82019499681428,194.39601260982988,197.74766799965454,1610407
2019-05-08,190.68685913085938,195.82606423343833,189.83776216009636,195.06635019788862,3350658
2019-05-09,191.22311401367188,191.93813657482937,188.1842851761538,189.9271432929045,1599486
2019-05-10,191.93814086914062,192.96597644773001,190.46341788456954,191.22311829198566,1105200
2019-05-13,187.69271850585938,192.78723242343403,186.7542521857457,191.35720084614255,1616073
2019-05-14,190.46340942382812,192.11688456975716,185.94984409632968,187.60331924225872,1809112
2019-05-15,187.46923828125,191.22308919267093,186.57546360529648,190.50806672432427,3417094
2019-05-16,192.38502502441406,193.9044394514942,186.08390997895705,186.44142808045427,2642018
2019-05-17,195.73667907714844,196.63045386745506,190.5527825657859,191.67000105366915,3107238
2019-05-20,200.3843231201172,204.54038444823988,196.63047139381962,200.20557087370725,6025899
2019-05-21,197.0326385498047,202.93155728431395,195.8707286611383,201.18869927027447,3868084
2019-05-22,197.12203979492188,199.40116831947606,195.46855091842218,197.07734832622052,1891609
2019-05-23,198.90957641601562,206.2832182175414,198.06049311796951,200.5183737184781,5029385
2019-05-24,207.0429229736328,208.0707721565715,198.90958063317322,199.49052878680573,5347116
2019-05-27,213.74624633789062,214.41657746414944,206.59604765779665,208.24953655773706,2276077
2019-05-28,213.07589721679688,214.7293859770957,210.66270809364983,212.71839276815308,5089113
2019-05-29,209.0092315673828,213.07589578559288,208.3835783295778,212.89714356247163,1736796
2019-05-30,208.24952697753906,210.26052026380285,207.44513511820196,209.05391883687616,2792300
2019-05-31,206.10447692871094,210.03708064302893,203.7806569643004,209.9923891748823,2038520
2019-06-03,211.95867919921875,212.5396409768492,205.03192479874858,208.16013646347704,2560455
2019-06-04,202.84217834472656,212.58433137739377,202.26123020792735,210.26051155435596,3043423
2019-06-06,198.19456481933594,204.45098851149083,196.6304588962972,204.45098851149083,4193682
2019-06-07,198.64146423339844,202.84220338161592,197.43486270752052,198.86490795019643,2565750
2019-06-10,199.4011688232422,201.099335534812,198.19456735486472,198.82020700449982,2438810
2019-06-11,199.53521728515625,201.0099401996207,198.01580290463392,200.20554836226202,1805276
2019-06-12,197.12203979492188,199.13303314518942,196.22826497258075,196.22826497258075,1890005
2019-06-13,197.0326385498047,198.41799212329462,193.18940444325594,197.47952591945173,1941299
2019-06-14,191.44654846191406,197.34546725905554,190.59746517815347,196.63044473244437,1998514
2019-06-17,183.76010131835938,192.51908330422532,183.04507876251375,192.51908330422532,3979462
2019-06-18,187.69271850585938,188.49711041571572,183.84948392315502,183.84948392315502,1935444
2019-06-19,184.5198211669922,189.88247044462582,183.49198551061468,188.80994331668356,3145947
2019-06-20,190.9996795654297,191.5359499217486,183.04508898686964,185.19014313630197,1857056
2019-06-21,190.23997497558594,192.34033760971346,189.39087799033976,190.9996753861728,4181731
2019-06-24,192.1615753173828,193.85974192315888,189.92713839508767,190.46340871160677,2639044
2019-06-25,192.29562377929688,193.05533773945803,188.85459932178526,191.5806149202273,2274581
2019-06-26,196.0494842529297,196.5410494234638,191.7146715391836,192.16155888542878,2806007
2019-06-27,195.24510192871094,196.54107265844706,193.59162673488248,195.28979339620275,2614407
2019-06-28,190.23997497558594,196.1835720447809,189.52495239544666,196.1835720447809,1995352
2019-07-01,190.32931518554688,193.05533068436833,189.03334462844398,191.6699772041883,2294542
2019-07-02,192.11688232421875,192.16157378989354,190.68685088806956,191.0890468033015,1735201
2019-07-03,192.11688232421875,192.83190486125363,190.4634071976162,192.16157378989354,1379872
2019-07-04,193.14474487304688,194.39602417116393,191.71469969983752,192.51909158606685,2031484
2019-07-05,187.8714599609375,195.69198944963665,187.1564373943865,194.21726648693613,2278543
2019-07-08,183.58132934570312,187.55863791847318,182.1512979194905,187.55863791847318,2756090
2019-07-09,188.6758575439453,189.39086644256682,182.10660759397598,183.89415711637085,2289398
2019-07-10,186.6648712158203,189.43556489496868,185.81577425102995,189.30150413101285,1424627
2019-07-11,189.2121124267578,190.19527010993625,187.29050216354224,187.37987145606365,874940
2019-07-12,191.44654846191406,193.278789424505,189.9271341165656,190.64215664317675,2316539
2019-07-15,196.27294921875,196.5410707452487,188.76523280460358,192.16157973210403,2672310
2019-07-16,196.54107666015625,197.30079070922216,193.54693920813722,196.40701589287235,3230318
2019-07-17,195.9601287841797,198.14987435999902,193.77038320836036,196.6304598974665,2325693
2019-07-18,193.90443420410156,197.70297698796728,192.2509590574066,195.736675215668,3614814
2019-07-19,191.26780700683594,200.02680276557433,189.5249488761803,198.41800539961486,7523729
2019-07-22,192.8765869140625,193.68097870527004,188.1842696435388,190.82090233463006,2095341
2019-07-23,194.53009033203125,195.87075260485827,192.2956532106529,193.23411952921617,3846881
2019-07-24,192.78721618652344,195.69198420446898,190.7762229433304,194.39601350866204,1690968
2019-07-25,191.31248474121094,196.6304416865121,188.5864690720639,193.14472567541927,4148175
2019-07-26,190.77621459960938,192.69783846403615,186.88830268222893,192.42970331575333,4479103
2019-07-29,183.35789489746094,191.17842440311782,182.41944226711902,190.82091993802766,3642296
2019-07-30,180.63189697265625,185.9051629670333,179.73812215069935,184.02823038575525,2875238
2019-07-31,180.453125,181.3915912589261,176.7886565365605,180.18500347281056,4384931
2019-08-01,175.89488220214844,180.49781693648208,173.48169298572185,180.27437323796255,4009344
2019-08-02,178.30807495117188,180.67657274723445,173.61575718929893,174.01795312701807,3109814
2019-08-05,176.29705810546875,178.30805116370604,174.15200429851677,176.60988470302902,2295191
2019-08-06,180.408447265625,181.7044179867659,174.5542196489722,174.5542196489722,4770543
2019-08-07,183.13446044921875,184.34106194621728,180.05093995879366,180.81065403289227,6120163
2019-08-08,184.38572692871094,188.9886612681906,182.19598159864702,183.1344341415888,5105516
2019-08-09,190.32931518554688,192.07217308219688,185.90513325161396,185.90513325161396,5559737
2019-08-13,186.2626495361328,191.04434982912937,185.19012258046558,190.32932731271117,5125593
2019-08-14,191.26780700683594,192.34033403816855,186.30735414426135,186.30735414426135,3676384
2019-08-16,191.1784210205078,192.11688727216614,187.3798781849696,191.1784210205078,2152191
2019-08-19,189.48023986816406,193.59160901858462,188.85460029429655,191.62529373225834,1881382
2019-08-20,183.98353576660156,189.92713233509647,183.35788253798503,189.5696278941044,1823430
2019-08-21,179.73809814453125,184.78791975895516,179.20182786781382,184.1175887320182,2235406
2019-08-22,176.56521606445312,179.55935348877964,175.62674978838135,179.46998419072406,2970844
2019-08-23,176.34176635742188,178.48682036860737,175.2245478853626,175.71612674065284,5629349
2019-08-26,181.12344360351562,181.7490968249352,173.92856793639103,180.89999992098578,3332737
2019-08-27,183.31320190429688,185.63700801100237,181.30220876918943,181.8831568863858,2434000
2019-08-28,183.22384643554688,185.45828358719987,181.21285299905915,183.22384643554688,1674581
2019-08-29,178.79965209960938,183.35789541296927,178.2186902948031,181.92786391066707,3138802
2019-08-30,180.85533142089844,181.3915881038709,177.99524122669555,179.64873001784906,3324682
2019-09-03,172.81137084960938,179.33591627430903,171.8729045395882,178.75496808320733,5785632
2019-09-04,170.62158203125,172.49851432623691,168.43183677904486,172.49851432623691,5847593
2019-09-05,172.6772918701172,173.21356221534072,170.1747196556097,172.09634369439286,2928347
2019-09-06,174.0179443359375,175.8054938692043,172.766665117819,173.03480027539314,1565369
2019-09-09,174.73297119140625,176.78865593300696,173.0794823771376,174.28608379705483,1534947
2019-09-11,176.386474609375,177.28024947207683,174.95642937388322,174.95642937388322,1746891
2019-09-12,174.9564208984375,178.9337161172034,174.37547272099312,176.52052683239543,2256605
2019-09-13,179.64874267578125,180.676578285673,173.3029358624133,175.1798684798663,2245097
2019-09-16,180.05093383789062,182.24067940807458,176.38646527743944,178.30807567541447,2090311
2019-09-17,173.7051239013672,179.82747260750872,172.9454099271394,179.51465963535378,2829653
2019-09-18,175.00111389160156,175.80550578090492,173.481699412961,174.28609130226437,2266964
2019-09-19,171.42601013183594,175.62674898297945,170.04065645807552,174.73297417899482,2032982
2019-09-20,192.34034729003906,194.2619714232472,170.93444210441677,171.7835254944752,8240226
2019-09-23,197.12203979492188,201.09933502675563,193.23411386256933,193.23411386256933,5258243
2019-09-24,192.8319091796875,196.138873144872,190.10589336752375,196.138873144872,2701974
2019-09-25,187.7821044921875,192.78723555078267,185.27953214392886,192.11690440238777,3960724
2019-09-26,188.1396026611328,191.08906234254965,185.5476610962669,188.00554189112728,3991305
2019-09-27,185.05606079101562,188.2289638138191,183.9835338413424,187.78207644829521,1996223
2019-09-30,182.2853546142578,185.01137028566444,180.9893839751065,185.01137028566444,2199055
2019-10-01,178.6208953857422,183.80477820368836,173.1241723014484,182.68755972776535,3940452
2019-10-03,175.49267578125,179.87216655525327,173.16885600039913,177.32490308924062,2884359
2019-10-04,169.50439453125,177.14617221208448,168.7893855629208,176.5205325458355,2548653
2019-10-07,166.19741821289062,170.48753989994927,165.5717785922181,170.4428484332039,2614126
2019-10-09,171.91758728027344,172.81136207530906,164.54394522122942,165.79522447911089,3360027
2019-10-10,168.02964782714844,171.33661157275833,167.00181235145888,170.9791071389324,1878899
2019-10-11,169.10220336914062,170.48755715090016,167.00184059878984,169.05751189787313,2290001
2019-10-14,173.43698120117188,174.554199562893,168.6999726198904,169.68313023337276,2856315
2019-10-15,176.02891540527344,177.4142688467741,173.39228290314446,174.19667463670282,2661814
2019-10-16,181.16815185546875,181.52566996339777,177.59305260370647,178.03994001017676,3790120
2019-10-17,184.92201232910156,186.08392236997523,180.58721245842938,181.43629584440254,3304474
2019-10-18,185.59231567382812,187.51393950997448,184.29634505377405,185.9498337455837,3446793
2019-10-22,175.09046936035156,183.5813295479342,172.05164064312174,183.22382510046734,9355044
2019-10-23,175.89488220214844,176.7886569962265,172.58791819164378,175.17985963930178,2890392
2019-10-24,176.6545867919922,178.26338418714485,173.8392015789161,176.96741343252125,3930744
2019-10-25,176.475830078125,177.95056666872478,174.55421972912893,177.14616117260098,2875494
2019-10-27,176.56521606445312,177.7718038726129,176.07363719242304,176.6545853625087,178702
2019-10-29,178.03993225097656,178.7549547977517,175.98424754321826,176.87802231720704,2409517
2019-10-30,179.29122924804688,182.06192292849425,178.4421322828584,178.57620668479814,2471767
2019-10-31,180.81065368652344,181.43629334980045,178.03994621468289,180.54251850571276,2177954
2019-11-01,180.1849822998047,182.33003609278737,178.57618513610797,181.436261406058,2770430
2019-11-04,181.7490997314453,184.74323694247494,180.6765591278141,181.43627311573283,4243318
2019-11-05,180.14031982421875,182.6428920773331,179.20185352456068,182.19600466205986,2190913
2019-11-06,180.76593017578125,182.106592204279,178.66555420930032,180.4977950424978,1636076
2019-11-07,181.6150360107422,183.22383337281946,180.31906528276255,181.88317117740857,2560585
2019-11-08,180.76593017578125,183.1344276376262,178.75493713303462,181.61501339957928,2181870
2019-11-11,178.88902282714844,180.49782021327962,177.63774354789155,178.75496206077136,1436622
2019-11-13,174.509521484375,180.72125332435252,173.88388188141334,178.88901234302722,2726347
2019-11-14,179.24655151367188,179.64874747446314,172.49854857000688,174.3754812375955,4639427
2019-11-15,179.64874267578125,180.76596122476,177.86119299741526,179.0231030159375,2190854
2019-11-18,179.82748413085938,182.4641170207325,179.02309227900687,180.54250668690656,1975524
2019-11-19,180.0062255859375,180.94469178220655,177.59303653690293,180.05091705012558,2382060
2019-11-20,180.1849822998047,181.436261406058,179.64871203259932,180.22966012380562,1906946
2019-11-21,179.6934356689453,180.72127128755207,179.02310453387432,180.1850145622484,1272618
2019-11-22,179.469970703125,180.72124988523657,177.05678163024112,179.3805877738655,4861070
2019-11-25,179.38058471679688,179.78278061576978,176.96739568503943,179.64871986208547,1484115
2019-11-26,179.02308654785156,181.43627566407537,177.0567848101107,179.6040346847112,3628754
2019-11-27,182.06192016601562,183.40258233754435,178.79964767046408,179.38059582295818,2692917
2019-11-28,183.1791229248047,184.34103276801733,181.7044001178284,182.46410043375693,3042069
2019-11-29,182.91098022460938,186.08388302140017,182.24064922407268,184.11758148074307,2788327
2019-12-02,187.5586395263672,188.58647504895393,182.91099984705176,183.6707138509954,3517119
2019-12-03,180.58718872070312,188.45240915053637,180.05091842219989,188.09489107222745,3310100
2019-12-04,183.62603759765625,184.11761648576083,179.46999005933566,179.78280306964098,4612402
2019-12-05,179.82748413085938,184.47511028828467,179.55934896760158,182.95569588038498,2482546
2019-12-06,179.55934143066406,181.43627385676425,178.17400148150287,180.67655986574266,1407240
2019-12-09,178.48683166503906,180.4084557413531,177.32492165297595,179.55935873851206,1881525
2019-12-10,175.04579162597656,179.06777803276051,174.55421278200777,178.66556848174574,1652751
2019-12-11,171.1578826904297,176.29708804536426,169.99597266520794,175.62675691211194,4141191
2019-12-12,172.7219696044922,173.70512727991874,170.7556678915594,172.05163854522507,1583815
2019-12-13,176.8780059814453,178.17399019437357,173.07946354281162,173.57104235068928,2466144
2019-12-16,173.7945098876953,177.8611880197513,173.2135617136536,176.5205257984969,3104923
2019-12-17,177.45896911621094,178.03991721507285,173.57104372253627,174.50950988355288,1508604
2019-12-18,175.67141723632812,178.5761849654221,173.57104126935397,177.5036580699559,2341481
2019-12-19,176.07363891601562,177.19085743705634,174.8670374581231,175.62675150759935,931812
2019-12-20,173.7945098876953,176.0736383914121,172.58792207131916,174.95641987370007,5153265
2019-12-23,176.7439727783203,177.45899537049456,173.30293422481267,173.39231716305508,2275861
2019-12-24,175.67141723632812,177.54833589391413,174.50950741710668,176.9673878032631,938136
2019-12-26,173.481689453125,176.4758267695645,173.03480206518591,175.71612639282048,1119466
2019-12-27,174.19668579101562,175.0457826771538,173.52635475748747,174.28606871732063,2876977
2019-12-30,174.8670196533203,176.43112542352145,172.94540944795548,174.01793639136653,2510251
2019-12-31,175.40330505371094,177.19085465935385,173.97325991402815,174.91172618457492,1972433
2020-01-01,176.07363891601562,176.74397002864006,175.00111186340084,176.25239115179787,1459556
2020-01-02,183.53665161132812,184.47510419485087,176.25237916671705,176.3864535628778,8633553
2020-01-03,181.79379272460938,183.93886047290533,180.7659571379552,183.1791464216069,2007973
2020-01-06,175.98426818847656,181.30223962791393,175.4927029154523,181.30223962791393,2119702
2020-01-07,177.86117553710938,181.03407863231524,175.80549088120694,177.05678371597904,3557312
2020-01-08,180.2296905517578,182.86633723308668,174.86704152601243,175.1798681743496,4943334
2020-01-09,185.86045837402344,187.06705975363104,182.1959900455154,182.2406678731212,5537880
2020-01-10,189.25682067871094,191.26781405073973,184.83263798783187,186.3967439438543,5362463
2020-01-13,189.03335571289062,191.98281505443464,188.273641735945,190.016513372712,2628821
2020-01-14,187.0670623779297,189.8824474526161,186.62017499223847,189.65900375977048,3725008
2020-01-15,189.5249481201172,190.28464851356662,184.69855604149242,186.79893226616076,3359831
2020-01-16,187.46923828125,191.62528506926617,186.88829019704792,190.82089331607568,3126006
2020-01-17,188.05020141601562,189.83775091098883,186.44141778087598,187.37987035540064,1968147
2020-01-20,185.05606079101562,189.25679929935592,184.6985427158445,188.9439726883212,1743715
2020-01-21,185.54763793945312,187.60330889190064,183.84945778309736,184.11759292756616,3142796
2020-01-22,188.00550842285156,189.6589833895662,186.17326761072408,186.70952423320483,3780055
2020-01-23,190.95497131347656,192.11688122476878,187.20112006292675,187.69269890669506,4656562
2020-01-24,193.0106658935547,193.859749228439,190.01652848760253,191.35719069150022,3540793
2020-01-27,192.6531524658203,195.6472897324908,191.53593401454313,191.80406917043376,2903622
2020-01-28,193.1894073486328,196.85388929001695,191.3124885506403,192.8765943679276,5093967
2020-01-29,191.31248474121094,195.0663359003694,190.59746222567594,193.72567379796138,3410299
2020-01-30,187.6033172607422,191.44655146845216,186.53079027294237,191.40186000272703,2971434
2020-01-31,182.77694702148438,189.25681433642697,181.88317221942333,188.18428730153795,2906515
2020-02-03,179.42527770996094,180.9446920289868,175.2245391910353,175.2245391910353,4031740
2020-02-04,184.83262634277344,187.69270289743594,180.9447006133011,181.25752723996513,3761981
2020-02-05,184.47509765625,186.575473713704,183.40257071458157,184.92198501843853,4000586
2020-02-06,185.45826721191406,187.02237307996634,182.82163433335296,185.23482351647803,3569538
2020-02-07,187.5139617919922,189.48026368758087,185.14545031314447,185.5476598964035,1957283
2020-02-10,185.10076904296875,188.40773312018825,184.25167206112803,187.51395830807914,1734578
2020-02-11,189.48023986816406,190.77621047930103,185.905141002727,185.99452392953089,4444457
2020-02-12,188.94398498535156,191.26780489248472,187.91614943292015,189.48025531405028,3036372
2020-02-13,186.396728515625,188.98866985875608,185.81576674015042,188.2289694971793,1177002
2020-02-14,183.80477905273438,189.70369808802508,183.22383089773916,186.2626597111187,3183445
2020-02-17,182.1512908935547,184.43041916001613,180.81062881186207,183.53664443888772,1397181
2020-02-18,179.51467895507812,181.9725597224406,176.74397154397366,181.6597330786986,4007197
2020-02-19,183.93885803222656,184.4751147337439,180.2743758678791,180.76595473937758,1630613
2020-02-20,183.58132934570312,187.91614236554622,178.84433405134322,183.17913343326583,3826080
2020-02-24,187.6033172607422,190.1058893242222,180.5425020896327,184.87731514447776,7946307
2020-02-25,189.12274169921875,191.26779563434232,187.06705705593848,188.5864713964777,6147428
2020-02-26,190.91030883789062,193.10005444030475,187.73740546887998,189.390880718983,6034979
2020-02-27,189.12274169921875,192.2956311370223,188.13958402350028,190.9102911911285,3753324
2020-02-28,183.26852416992188,187.1564363396402,181.659726813729,185.68171338525067,7650031
2020-03-02,180.76593017578125,193.5469109083771,178.57618492348544,186.44140488492286,5187934
2020-03-03,188.7205352783203,189.6590015046975,182.0172245726553,182.24066826284414,4549626
2020-03-04,185.99453735351562,190.3740283245938,182.95569491581657,188.8993053913322,3541106
2020-03-05,182.6875457763672,189.39085611999005,182.0172147420049,186.08389241138673,2414347
2020-03-06,183.31320190429688,184.6091725304488,174.64357614483092,177.63772693449226,2587514
2020-03-09,173.12417602539062,181.65972809262848,171.11318272547223,178.57620776033784,3909789
2020-03-11,170.2194061279297,175.58205487108054,169.63845796925673,173.48169229609906,3553042
2020-03-12,156.85745239257812,164.23109331701556,151.1373000396973,163.5607623238849,8015838
2020-03-13,167.80621337890625,170.44284622771505,135.8984567582776,148.36661209533122,3970438
2020-03-16,160.3878936767578,164.49926343095123,153.86333456159085,160.8794725705299,5362750
2020-03-17,153.19297790527344,162.44355149218322,152.03108170727438,161.32633311878442,6785864
2020-03-18,142.69114685058594,156.27653524321246,141.35048459904425,155.8743256574126,5655031
2020-03-19,137.5966339111328,144.03181003251737,133.52995566093617,137.64132538072388,11032806
2020-03-20,143.36148071289062,150.64575393473157,135.31750705009426,137.5966356488043,14150719
2020-03-23,130.3570556640625,134.8706073423781,124.72627188528855,129.59734165436862,4517269
2020-03-24,127.05007934570312,139.25011325854283,125.2178519595798,129.68672585338464,3874319
2020-03-25,124.54752349853516,129.10576678346223,123.34092206662797,124.23469686421222,6937525
2020-03-26,128.74826049804688,131.0273889272255,122.04494961100438,126.2456883726335,14408540
2020-03-27,126.5138168334961,135.85376011373108,126.02223800023738,132.77023999662845,7706424
2020-03-30,132.5021209716797,138.26696600306553,122.80465843359207,125.12847848927592,6410760
2020-03-31,139.16073608398438,140.32264607203774,131.1167627422752,135.85377199331043,3947970
2020-04-01,140.00982666015625,141.5739326684666,134.69186895948542,138.8926080827917,2690125
2020-04-03,136.74752807617188,140.0098002515794,135.45155749845873,139.9651224272496,3738943
2020-04-07,142.11019897460938,143.45086122908683,137.19443737485872,137.64132479301787,6642876
2020-04-08,133.79808044433594,142.55707592465765,132.45741828830467,141.66330115397017,10421305
2020-04-09,141.9314422607422,143.5402396429844,134.73655232760427,135.1387482636845,8828432
2020-04-13,147.4728240966797,154.04207353433594,140.54607023759323,142.06548448555088,12551498
2020-04-15,150.64573669433594,155.47211488449832,149.34976603567387,149.34976603567387,9909012
2020-04-16,151.67359924316406,156.09778231260486,146.4450242112514,149.3497926638438,6792496
2020-04-17,154.57835388183594,156.8574824223952,151.405450512659,155.51682017946877,3706597
2020-04-20,152.2098388671875,157.2149691599597,151.89701225729922,157.2149691599597,2682022
2020-04-21,149.75196838378906,151.45013502499066,146.6684480942804,149.9307206137175,2369603
2020-04-22,157.75125122070312,158.82377824646082,148.67944251218805,149.61789513602537,5333046
2020-04-23,153.23770141601562,160.43259197303132,152.2992350585053,159.53881708738768,4629629
2020-04-24,150.10946655273438,153.37175257337384,148.5453607400487,151.85232458785717,2729008
2020-04-27,153.99740600585938,155.51682048995855,150.69044186095607,152.2992256453425,4140704
2020-04-28,149.8860321044922,159.9856901308389,149.12633170282473,159.9856901308389,13325257
2020-04-29,151.49481201171875,152.6120303893863,148.05377395333485,149.1709923310024,3900447
2020-04-30,153.41644287109375,156.2765332142538,152.4332987488138,153.01424692843733,4691743
2020-05-04,145.10433959960938,151.76295891930633,144.34462558871104,149.483830524532,4948952
2020-05-05,147.29408264160156,150.91387313406292,146.35561641941968,147.47283486536944,4097025
2020-05-06,150.02011108398438,152.43330040404857,147.02595994006663,148.00911771094394,7032421
2020-05-07,150.6904296875,152.65673142795345,149.0816323951579,150.0647764464244,4497992
2020-05-08,151.3607635498047,154.57834455595503,150.82449322981924,152.5673513128908,3874840
2020-05-11,155.47210693359375,156.1424379611642,152.0757603329861,152.0757603329861,4258713
2020-05-12,156.58934020996094,157.57249793243128,152.52266219490056,155.06992579716942,3910077
2020-05-13,163.56077575683594,170.71097360412932,162.66700102592426,162.75638395418346,14928662
2020-05-14,163.1138916015625,164.63330594643134,159.67285336466276,161.9519817009262,2891248
2020-05-15,162.48826599121094,165.08020752979655,160.7454078092019,164.45456787957812,6194720
2020-05-18,153.8633270263672,163.06921023353212,152.83549145711646,162.6670142993871,3640916
2020-05-19,157.42477416992188,159.40835956880332,153.50267391479514,156.79362147945318,3512226
2020-05-20,161.97799682617188,163.69110390871322,155.39610180956578,157.3346028748188,2833520
2020-05-21,163.1951904296875,165.62959107127844,160.03948232745597,162.92469841222282,5097083
2020-05-22,168.55990600585938,169.3713821283185,159.76900410489745,162.2935735562202,6953578
2020-05-26,170.00253295898438,171.30989519708683,167.2976398769251,169.32630968846956,5800498
2020-05-27,169.01072692871094,171.21972011055595,166.8919023493074,171.21972011055595,3151132
2020-05-28,172.48199462890625,173.1131335099354,167.16236404241306,168.8303867173719,3701233
2020-05-29,172.7073974609375,175.72785264805833,168.60497421380197,172.21149772639666,8512956
2020-06-01,170.3631591796875,176.40408357784702,169.7771045861914,172.93281279873102,6736796
2020-06-02,172.39183044433594,174.69099205912494,169.6869376640656,170.85906062040863,4978019
2020-06-03,169.28121948242188,174.91641320687,168.37958848651016,174.24018995993623,4718925
2020-06-04,168.3795928955078,170.6336704443098,164.1419298553196,169.6418708197179,5769947
2020-06-05,175.90823364257812,177.03527252097035,167.9738771871371,169.50664731019077,7431679
2020-06-08,172.61724853515625,179.37948089164811,171.670533253688,179.37948089164811,4469383
2020-06-09,169.3262939453125,176.04344172300486,168.46974730052423,173.29346459369827,4251785
2020-06-10,173.11314392089844,175.23198217513226,169.59678868812384,169.59678868812384,4235647
2020-06-11,170.85906982421875,175.14181695701578,170.4082543365559,172.66233177487013,3397620
2020-06-12,174.6459197998047,175.77295853593893,163.78126363191106,164.0066713791379,5199081
2020-06-15,172.66233825683594,175.27706268032182,171.40006034711118,173.8795456223399,1996939
2020-06-16,171.85086059570312,178.88357083669683,169.32629124257392,173.6541224539674,5481750
2020-06-17,168.740234375,172.66233468693432,167.11730959827955,170.00252601642347,3189979
2020-06-18,168.92054748535156,170.40823290441492,167.43284830849308,168.78529460138526,3259969
2020-06-19,172.0312042236328,174.91642078397385,169.10090335998376,169.86728148502868,7723363
2020-06-22,172.30169677734375,174.285282308376,171.80579695513623,172.61725938580466,2476845
2020-06-23,174.24017333984375,176.89998177251505,172.3016723866585,172.9328112720354,4619623
2020-06-24,170.13775634765625,178.70325031396547,168.06400242530634,175.14181083742776,6600942
2020-06-25,167.9287567138672,172.52707985049275,167.11729439930778,169.59677939776756,4477214
2020-06-26,169.50662231445312,170.13776124172418,167.8385995172826,169.50662231445312,3303912
2020-06-29,169.1008758544922,170.09266157695816,165.17877598721637,169.50660700267352,3555861
2020-06-30,174.55575561523438,175.77294913044994,169.19104051205986,169.19104051205986,6481812
2020-07-01,173.29345703125,176.4491651958693,171.67051865217235,175.0516345428359,2866671
2020-07-02,174.6459197998047,177.08032071829524,173.1582341712263,173.74428881089727,2693150
2020-07-03,176.53936767578125,176.945098908981,173.1582511361192,175.45741313464907,4168368
2020-07-06,174.8262176513672,178.5229096678085,174.33033168630377,178.2975019535815,2632204
2020-07-07,174.24017333984375,175.45738057133875,172.3016723866585,175.45738057133875,2551741
2020-07-08,176.31393432617188,177.26064957148387,173.8344492234862,175.1418113442521,3253782
2020-07-09,182.12945556640625,182.94091793462303,176.3590228733616,177.0803166416446,8857415
2020-07-10,177.80162048339844,184.24829002676773,177.1704815703306,182.30977523073508,6643771
2020-07-13,178.92868041992188,180.0557192406039,174.691017205717,177.80164159923982,5213191
2020-07-14,171.76071166992188,179.6048989001383,171.30989615372786,178.38770526109306,4391973
2020-07-15,170.09268188476562,174.24018996930124,169.23613519016288,173.56396672233112,4521037
2020-07-16,173.56398010253906,174.01479563527295,167.43288610579881,170.81400260130283,3137329
2020-07-17,174.42050170898438,176.3590164748545,172.48200070091048,174.1049391362587,3254793
2020-07-20,176.44915771484375,177.6212805921377,175.36720342726287,175.81801886023783,2204858
2020-07-21,184.7892608642578,187.53923801946794,180.32619040333458,181.22782135535124,12976607
2020-07-22,181.13763427734375,184.78924201203304,179.51470973552193,184.78924201203304,3320086
2020-07-23,178.47784423828125,182.35486008434077,177.84670532329403,181.67863687018374,3302917
2020-07-24,181.18272399902344,182.58025462549375,177.17046930325688,178.47783133790503,5135301
2020-07-27,186.77284240722656,188.39578083939708,182.1745329001724,185.64580374013542,11855463
2020-07-28,195.38343811035156,197.32195304640112,185.55566555442658,186.41221226672872,8290461
2020-07-29,194.3916473388672,197.99817130613525,192.72362450088687,195.20310972838365,5678086
2020-07-30,199.48583984375,200.34238646101142,192.0924690960154,194.75227754237287,5871670
2020-07-31,198.44898986816406,203.31779179608213,196.19491235379508,199.48586002165487,6638453
2020-08-03,199.3956756591797,203.58826775923245,197.00635918590166,197.00635918590166,6020079
2020-08-04,199.75634765625,203.00221095046317,198.5842246231465,199.350616464198,4706837
2020-08-05,199.17027282714844,202.10057343635336,197.68258725174763,199.8014255030606,4114590
2020-08-06,201.0186309814453,202.64156955143676,199.35062186717977,199.57602961973978,3245608
2020-08-07,197.9530792236328,203.99400387978426,197.09653256663614,200.1620723151916,4871444
2020-08-10,200.02684020996094,201.51452583718375,197.95308618580412,199.26044836696917,3306247
2020-08-11,200.8383026123047,206.6989040353349,199.5760247320016,200.92847121423935,6916287
2020-08-12,199.98175048828125,201.24402833426723,197.7276730791658,200.61288941127424,2396639
2020-08-13,200.16207885742188,202.73173267019678,198.17849344012396,200.43257090473458,2238706
2020-08-14,199.0350341796875,202.46123457511007,197.32194086087452,199.98174943810378,2751124
2020-08-17,197.77273559570312,201.01859845264357,196.64569701528038,199.93664416699676,2479307
2020-08-18,205.752197265625,206.6538282911166,197.90801009540755,197.90801009540755,5469182
2020-08-19,204.62513732910156,209.04313715194513,203.49809866375313,207.55543785900747,4820916
2020-08-20,203.1825408935547,205.84234945507185,201.96533360309598,202.6866411175235,1540485
2020-08-21,203.72354125976562,206.20302674784327,202.3260103240167,204.30960972071767,1700347
2020-08-24,202.14566040039062,204.89563760606882,201.19894513183954,204.21941437964617,2503427
2020-08-25,200.47764587402344,203.94891675326954,199.35060719417802,202.50631549774522,1638069
2020-08-26,199.12521362304688,201.60469889508585,197.9981748630292,201.60469889508585,2595484
2020-08-27,199.57601928710938,201.69484379679722,198.53913542433745,200.16207391030466,2046018
2020-08-28,200.56781005859375,203.00221096892426,198.67439324291314,200.25224746821215,4113864
2020-08-31,189.83839416503906,202.05549596030596,188.03513231356928,200.6128809760117,4230643
2020-09-01,192.04739379882812,193.26460109362947,187.89988589442024,190.2441318852241,4386376
2020-09-02,195.87933349609375,197.0063722388791,190.46954753072407,192.27280951918064,3871634
2020-09-03,193.49002075195312,198.358822715487,192.49822113525673,196.8260527460632,3292415
2020-09-04,187.9900665283203,191.686759190989,186.63762000653384,190.87528302323864,3950168
2020-09-07,189.83839416503906,191.46133258292107,186.14170186640757,187.99004801572332,4220400
2020-09-08,186.18679809570312,189.79332202976033,185.42040625659718,189.79332202976033,2070634
2020-09-09,188.8466033935547,189.79331866100026,184.20320941399333,185.51057156532448,2844517
2020-09-10,192.00230407714844,193.3547504741574,186.90809481819977,190.0638030778874,2591774
2020-09-11,191.55149841308594,193.39984466846985,190.3343048481723,192.0023139018236,1841491
2020-09-14,190.3343048095703,195.65392207247743,189.16218178753064,193.219521185347,4594264
2020-09-15,196.0596466064453,196.42030723979966,189.8383985773945,190.19904545295242,3027667
2020-09-16,197.09654235839844,199.26045125808224,194.7973805538611,196.510473952961,4891756
2020-09-17,198.62930297851562,200.7932117765531,196.01456494327402,196.55554902168168,4404608
2020-09-18,198.35879516601562,201.06368782737036,195.69898680057588,199.93664921847255,3567707
2020-09-21,189.11709594726562,198.5842211317533,187.2687497073063,198.3588133892655,2412725
2020-09-22,186.45729064941406,189.83840684678813,183.0310901511823,188.891691559964,3532427
2020-09-23,188.66629028320312,190.60479146638704,184.42862725540274,186.09663638196164,4129810
2020-09-24,178.74832153320312,187.71954601622346,178.0270140793663,185.8711999650777,3308708
2020-09-25,185.28517150878906,186.36712596312034,179.4245699768809,181.8589709385756,4205656
2020-09-28,190.83016967773438,191.6416457219829,185.33022958087273,186.27694475359834,2153072
2020-09-29,195.3383331298828,197.00635583342148,190.06380050755575,192.99410099478055,4723181
2020-09-30,195.65391540527344,196.78095408848355,192.85885396779383,196.55554635184154,3645700
2020-10-01,199.44078063964844,200.11700391064034,196.14983289060697,197.00637961563717,3358699
2020-10-05,199.57601928710938,202.14565927857717,197.86291220166748,199.44076638789738,3259415
2020-10-06,203.13746643066406,205.34645962235274,198.44898799655397,201.01862808402146,4929339
2020-10-07,211.70294189453125,214.36275034600345,202.8669561634102,203.76858707969203,16914910
2020-10-08,214.72340393066406,216.34634238233173,208.63739505525768,211.70294852125133,8142299
2020-10-09,215.80538940429688,216.88734387304828,211.88328897755088,213.2808198053453,6602984
2020-10-12,214.9488067626953,218.51025991847064,210.26032870979887,214.58815989624023,6441927
2020-10-13,217.9692840576172,224.82168484031345,213.50621356787266,213.68653700788116,16150050
2020-10-14,222.3422088623047,223.60448675214147,216.52667793852135,218.14961648102374,10384771
2020-10-15,219.4119110107422,225.40775170292093,217.11274919181292,223.60448968929757,8031726
2020-10-16,223.6044921875,224.50612320438506,216.52668320183312,219.36682915969962,12591419
2020-10-19,223.24383544921875,225.1372522465875,219.45697433888748,224.68643675800493,10966621
2020-10-20,226.71510314941406,229.82572722369827,222.7479324108772,225.31757240363518,20195023
2020-10-21,228.42822265625,229.28476936707645,221.75614490509167,227.12084668110722,9477826
2020-10-22,228.65362548828125,230.45688747554593,224.95693291126977,228.11264138898298,11569723
2020-10-23,223.0634765625,230.81750771543358,220.89956793078605,230.36669227067688,15337661
2020-10-26,220.94467163085938,224.50611120565478,218.6004256091274,224.2356191634862,8116705
2020-10-27,230.68228149414062,231.71915157198623,219.682373020284,220.94466459091814,13206984
2020-10-28,227.0306854248047,229.6454097856748,225.72332324436962,228.879031700908,4873497
2020-10-29,229.0142822265625,229.91591325895052,224.23563500334632,225.85857361320436,4794121
2020-10-30,234.15357971191406,239.6535067525947,227.57165695861667,229.78066389603998,18101740
2020-11-02,234.87484741210938,236.13712515803894,231.89947647416173,234.42403196602086,6267645
2020-11-03,236.22732543945312,237.17402699699923,232.30522502922872,236.31749404388486,5173220
2020-11-04,238.3912353515625,239.20269776360692,234.10848802153322,236.22732641424565,4122454
2020-11-05,246.43719482421875,249.27978615558916,241.86015992523522,242.67921415684364,12065738
2020-11-06,238.96939086914062,247.641667150682,237.66854354564566,247.641667150682,8457488
2020-11-09,240.22206115722656,242.82374115756858,238.10217429410196,240.3665932171279,8012202
2020-11-10,240.80018615722656,247.06349647435417,239.35480685327406,241.86013686138853,8645746
2020-11-11,250.24334716796875,251.39963296078434,242.34192858863554,242.34192858863554,9322013
2020-11-12,253.2786407470703,254.7240200596011,246.87079834278077,248.70160625738959,6698839
2020-11-13,248.316162109375,252.70046732037676,246.4371573581939,251.97777770935565,7158835
2020-11-14,249.56883239746094,251.39964034459572,248.6534137207346,250.4360541191229,489361
2020-11-17,258.2892761230469,262.0954534783665,250.53241876608564,251.49600499210902,13207472
2020-11-18,252.45957946777344,257.9520324629959,251.15873224192427,257.4702393724085,8891945
2020-11-19,249.27976989746094,256.16940557269044,247.1117008761869,250.38788818262628,7297426
2020-11-20,247.738037109375,252.3632394654584,244.5100172078304,249.66520965879633,4879945
2020-11-23,248.74977111816406,252.941376960487,248.12344597076344,249.5688252676805,6727698
2020-11-24,245.85903930664062,250.96606435586446,245.28089634678972,248.7979951743133,4054652
2020-11-25,246.87081909179688,249.7615779598211,245.90721809929553,246.6299078163016,6671995
2020-11-26,251.255126953125,253.03776748391263,244.31730855507053,248.31620050968166,5364946
2020-11-27,251.54417419433594,253.61590811895857,248.1234548319949,251.88143525692462,10177429
2020-12-01,252.45957946777344,259.73464337311583,251.39962878721792,252.652308466535,6262243
2020-12-02,252.94140625,254.57951473871867,249.76158319109962,252.4596130952381,5076458
2020-12-03,251.5923614501953,254.86854863264074,249.85788865502988,254.86854863264074,5223075
2020-12-04,243.35369873046875,253.42317162038069,240.8001864682922,252.45958541650091,11266087
2020-12-07,243.88368225097656,246.96714056286748,241.42653440816073,246.91897301358725,9578732
2020-12-08,247.738037109375,250.14700279615167,243.78732750179742,245.2327069138634,9736539
2020-12-09,243.6427764892578,250.14698333760253,241.86013613844804,249.47246123524732,13190004
2020-12-10,239.25845336914062,241.8601331355447,236.27133030572512,241.5710543385757,11038230
2020-12-11,236.8494873046875,241.33015718539673,234.8741326840464,240.4147532499265,7933577
2020-12-14,237.475830078125,239.93297797391142,236.1268151996961,238.00580546006472,4162472
2020-12-15,238.58395385742188,239.16209676729432,234.24781586916376,238.92120021239108,7713444
2020-12-16,238.24668884277344,240.60747210098822,236.17498438627365,240.0293292007169,7488289
2020-12-17,237.76492309570312,242.34195808944008,237.23494768211205,239.45119914602728,8321438
2020-12-18,241.9083251953125,243.01644347494468,237.52400492244092,238.05398028784896,7695230
2020-12-21,226.82818603515625,241.76377216389247,217.72229936826815,241.76377216389247,12498745
2020-12-22,228.94808959960938,230.44163646403288,218.97496643516038,227.0209171777378,10098570
2020-12-23,228.56263732910156,230.05619883810624,223.07019908281296,226.34638619023897,8750579
2020-12-24,237.71670532226562,251.3996260027655,236.0786117730435,245.71447347806566,24151514
2020-12-28,238.19851684570312,238.8248567269074,235.78955123297723,238.0058025373169,4547753
2020-12-29,235.50048828125,239.2103014559907,233.66968017352565,238.53579397962702,5978220
2020-12-30,243.2091522216797,243.78730982585031,232.89878277046716,236.56041328951088,10481131
2020-12-31,239.78843688964844,243.49823501724993,237.9094319968567,242.82372760342773,7969910
2021-01-01,241.71560668945312,242.53464614615848,239.11391215960657,239.93296631947067,4011077
2021-01-04,243.69094848632812,244.55818490383763,240.8965543372792,243.69094848632812,4860584
2021-01-05,244.943603515625,247.3043867111768,241.33015534799728,242.8237168645817,9383253
2021-01-06,251.5923614501953,252.45958314461956,244.02820393654542,246.09990837498023,8653520
2021-01-07,253.42318725585938,257.3738968167773,251.68874374439253,255.3503597825199,7685276
2021-01-08,260.1201171875,261.51729959137043,254.67583140776446,255.35035353812836,8135272
2021-01-11,260.50555419921875,261.90273664812565,256.31394803985944,259.011977835646,6276642
2021-01-12,258.33746337890625,264.60077361290354,256.9884485943856,260.16827125834976,5997355
2021-01-13,255.2539825439453,259.5901205126635,251.5923666884437,258.3374701953386,5267492
2021-01-14,257.3256530761719,260.65003684279213,253.56767321367533,255.35031335800338,4747011
2021-01-15,254.48312377929688,257.2775179052439,250.14698583707366,256.69936029835065,5926799
2021-01-18,246.7262420654297,254.91672500836128,238.9693846878864,254.483128849291,7230336
2021-01-19,252.41140747070312,253.23043218520726,246.96712211800684,247.59347664977972,3685114
2021-01-20,252.55593872070312,254.24221450272913,248.26796854102486,251.49598806216642,4999049
2021-01-21,243.35369873046875,255.6876050807616,240.02932926771527,253.90496472232056,8233030
2021-01-22,248.316162109375,250.43603399124754,241.7637586589944,245.71446774717282,6396348
2021-01-25,247.64166259765625,254.62766280712322,245.61812562123666,251.8814361538622,9713572
2021-01-27,243.30552673339844,251.01421668930809,242.05286167493128,246.77444309482146,9165809
2021-01-28,238.96939086914062,241.3783565029021,237.04221836213142,240.8965633761498,9545181
2021-01-29,234.48870849609375,242.5828267239923,232.94696468927563,242.5828267239923,9156862
2021-02-01,251.30328369140625,252.45959896062368,233.28423835594694,237.4276474923915,8108261
2021-02-02,266.190673828125,269.41869331056176,251.59234954288644,254.09767941312015,12896237
2021-02-03,259.15655517578125,268.55152189182223,258.24113639989497,266.04619155294705,8099652
2021-02-04,262.8181457519531,264.98621478198754,256.45847071592175,258.24111113299153,7803083
2021-02-05,261.4209289550781,265.56436733269,258.77106685786686,263.0590372867903,5119967
2021-02-08,264.3598937988281,268.0697067458204,262.0954602280937,262.577253353513,5445773
2021-02-09,260.6982116699219,269.27415161910506,260.02371903316094,266.76882183865763,4725675
2021-02-10,261.9991149902344,267.68426840702773,261.13189318196436,261.46915427582513,6276033
2021-02-11,266.8170471191406,267.684268929102,261.6136868530513,262.28820904208845,5475278
2021-02-12,267.34698486328125,274.5256839237655,264.2634974693895,264.9861870704908,9937677
2021-02-15,273.0803527832031,275.4893185441812,268.8405789251459,270.76775153392833,7339663
2021-02-16,273.7066650390625,276.83832038004175,269.9968814678806,275.4893054990376,6116048
2021-02-17,276.2120056152344,279.82545422193897,273.85123683597936,275.34478383088924,10058896
2021-02-18,272.5021667480469,279.9217922819013,270.5749943399099,279.439999179867,7081013
2021-02-19,265.2752990722656,277.994650112016,263.10722987728457,277.994650112016,18015854
2021-02-22,257.2293701171875,266.8170359932641,255.97669030497067,265.4680210777626,7287185
2021-02-23,255.06129455566406,260.9873441680829,253.56771821021286,259.2047037074187,7106597
2021-02-24,258.6265563964844,260.45736448067385,255.39853641823652,256.3139551634913,3316417
2021-02-25,269.51507568359375,271.345883608015,261.27639591422184,261.3245928686883,9436339
2021-02-26,263.54083251953125,277.99462589354573,261.6136600696626,266.9133843068013,21250569
2021-03-01,267.7806396484375,269.46691575378827,263.540865607677,265.51620585427355,4095441
2021-03-02,268.6478271484375,273.0803296544874,267.0097482135028,268.744191651979,4657410
2021-03-03,271.82769775390625,275.48931388615335,269.37053507546267,270.47868283183203,5079575
2021-03-04,281.3671875,283.5834241321642,268.5996695740582,271.24953178510276,10478749
2021-03-05,274.4293212890625,287.43773419705565,272.8394100371264,281.3189857246445,14706128
2021-03-08,275.3447570800781,280.40358463797986,273.8512102302721,276.5492398319595,4470385
2021-03-09,280.4517822265625,282.6198514121851,274.814825869,277.32012673621875,6082622
2021-03-10,281.3671875,283.1016310028834,278.47642872431504,281.8971481796813,3837384
2021-03-12,278.95819091796875,283.19796410419804,277.0310186145631,282.3307424489286,5744777
2021-03-15,273.32122802734375,280.3072281889422,268.8405579428925,280.3072281889422,4879115
2021-03-16,275.15203857421875,279.44000909702805,273.89938822700077,274.52571340060973,7122222
2021-03-17,270.6231994628906,276.8865099783992,269.8041452834451,275.4892981777969,5016639
2021-03-18,270.8158874511719,275.5374833161903,267.347000685639,272.69489228776627,4353319
2021-03-19,274.10382080078125,275.2158959722359,265.013743197845,268.8335117338441,6753108
2021-03-22,285.85321044921875,287.9806523161836,268.83352795687813,275.0708644208391,11182565
2021-03-23,294.411376953125,296.29706186429814,283.87075922312937,287.4004313222256,11750637
2021-03-24,293.78277587890625,297.36078740176464,290.9784036235602,292.86411798234354,9936778
2021-03-25,284.40264892578125,297.0707086315414,283.33891331482636,296.87729142543236,6506272
2021-03-26,285.1762390136719,291.65533132324157,283.870746740989,287.8355631015621,7195972
2021-03-30,289.9630432128906,293.4926857554615,285.61142184254606,287.01359324397555,6088708
2021-03-31,298.66632080078125,300.697083579481,289.1410981209532,289.3828548919573,7721201
2021-04-01,300.74542236328125,303.11465051761826,297.1190708074539,301.567401284867,4689185
2021-04-05,295.9586181640625,304.5168134968845,291.6069964197114,300.1651917525333,7064466
2021-04-06,295.4267578125,299.3915745397441,293.2992865409086,296.8772983582242,4010075
2021-04-07,298.472900390625,301.0355162336255,295.426771010782,295.6201882300487,2808495
2021-04-08,310.2222595214844,316.12113030868875,299.1014486728274,299.7783793985792,7223424
2021-04-09,305.91900634765625,319.02221077842046,303.9365832325709,315.2508112697888,13515479
2021-04-12,294.26629638671875,301.90583309045485,289.6729182601712,300.6486803174491,10520709
2021-04-13,292.3322448730469,298.85967700197057,288.6575541457369,294.94322952914496,5975419
2021-04-15,285.46636962890625,296.39376244299405,283.33889851809874,293.00916809209525,9069002
2021-04-16,290.7850341796875,295.3784124845828,285.65977331164254,287.15868288634914,5575878
2021-04-19,291.02679443359375,292.2839177592118,282.75869567852465,285.27297184108346,7452061
2021-04-20,285.9499206542969,303.50145633344306,282.8070826300773,299.004786293363,12222234
2021-04-22,285.85321044921875,287.4971387766928,275.89281382891386,285.1762796894019,7474006
2021-04-23,285.46636962890625,288.94764306648847,282.5652887567073,283.53231571410697,6813166
2021-04-26,293.34765625,294.4597314352577,285.5147313834478,287.20702869054696,5179998
2021-04-27,296.442138671875,297.3608261996231,292.0905168250512,293.92789188054746,3740765
2021-04-28,298.66632080078125,300.9871799001561,294.4597470830443,298.23114680844395,4312684
2021-04-29,303.69482421875,304.6135116934657,297.1190522787852,300.7454036084693,6658734
2021-04-30,298.85968017578125,309.3035893997636,296.63552989794556,303.64647559235505,19822885
2021-05-03,301.3739929199219,302.4860681941224,291.2685773275294,294.45975498590064,6232670
2021-05-04,296.8289489746094,304.6135045074943,296.103678725782,304.6135045074943,5668182
2021-05-05,301.1805725097656,302.00252185495236,297.0223386815001,300.6486899502259,2600385
2021-05-06,304.03326416015625,305.77393035967214,299.8750601209553,302.6794323458573,3861134
2021-05-07,301.9541931152344,307.3211813804875,300.8421179219585,304.61351747413556,3399984
2021-05-10,301.0838623046875,304.758553099578,299.77836995262936,303.8398951565164,4632214
2021-05-11,304.5168151855469,306.4508693048724,296.00698886504387,297.360820846307,3809984
2021-05-12,298.85968017578125,304.5167939831898,297.8926531834489,303.54976699085745,3974894
2021-05-14,296.9739990234375,301.5673772954192,290.10810138831624,298.9080530326929,4140603
2021-05-17,299.9718322753906,301.4223729933348,294.5081052954063,297.74765213441367,4763864
2021-05-18,305.2420654296875,306.4992182314641,299.8750774056329,304.12999028638956,4169602
2021-05-19,307.1761169433594,314.1870626088112,304.6135013265275,305.0970148206966,10886866
2021-05-20,309.4486389160156,311.38269290924075,303.98494228741913,308.9167858724075,5608173
2021-05-21,310.850830078125,313.655202377738,309.6903859141991,312.05961378583066,4039119
2021-05-24,315.4442138671875,317.4749469237697,308.96512127228544,310.8508356949078,4875842
2021-05-25,311.67279052734375,316.31453783759025,310.6574239811172,315.78265528040134,3511483
2021-05-26,312.4464111328125,314.2837564219382,308.8683996397885,311.67277187175097,3103367
2021-05-27,319.21563720703125,323.9540638809354,308.96514450733986,311.3827121482424,12478623
2021-05-28,314.912353515625,320.47275906346124,313.5585215453731,319.21563570065376,2648245
2021-05-31,316.0244140625,317.62003223300394,311.86620973719954,314.67058215505256,2664186
2021-06-01,313.5101623535156,318.0551715053908,312.4464267609247,316.21782612436374,2649537
2021-06-02,320.1826171875,321.4397403714072,311.9145193644632,313.70352505796143,5346766
2021-06-03,322.9386901855469,324.92108380303017,320.47275353917644,321.14968426829535,3322366
2021-06-04,321.101318359375,326.1782103435957,320.27936898051223,322.79361568744855,1739342
2021-06-07,327.8704833984375,331.4968345472684,322.16503015987445,322.79359179007423,4163074
2021-06-08,329.12762451171875,330.5297958661393,325.30785629905984,329.12762451171875,2954871
2021-06-09,323.32550048828125,330.3364466098563,321.2947377783879,328.78919742558884,2484987
2021-06-10,330.2880859375,332.80236223686416,323.7606531757998,324.72768025160724,3729387
2021-06-11,326.56500244140625,331.8836504973815,324.87270533268685,330.62649779554107,1478762
2021-06-14,329.12762451171875,329.65947752351275,321.53645714013135,326.7583967072108,1670528
2021-06-15,330.1913757324219,333.0924566865401,326.3232677935975,328.7891748000694,2056457
2021-06-16,327.7254638671875,332.6573077624419,326.46834049703335,329.7562265900951,2006979
2021-06-17,334.8330993652344,337.39571501767864,324.9210725970217,325.50129470035216,7239110
2021-06-18,330.0462951660156,336.0418742228658,324.29250236453197,335.461652134893,3129778
2021-06-21,333.382568359375,334.44630399389575,323.9540548234681,326.7584273062425,2879360
2021-06-22,334.8330993652344,339.90999112456285,331.8836788143438,333.96278096589964,2549800
2021-06-23,333.7693786621094,337.00892516495543,332.17378994020714,335.4616759907713,1690045
2021-06-24,335.0748291015625,336.3803213509754,331.2550609479692,333.76933685214965,3375247
2021-06-25,336.5737609863281,337.9759620468462,333.7693883766163,335.4616857545332,2206671
2021-06-28,332.9957275390625,339.2814025518088,332.4155054817758,338.2176670320032,2552962
2021-06-29,333.0440979003906,334.3979298184621,330.7232389677934,332.9473892966736,1671869
2021-06-30,329.4177551269531,335.0265296632479,328.450728087384,332.2221276394389,2767540
2021-07-01,329.0792541503906,331.30343380750975,327.4353260678104,330.04628108531546,1909998
2021-07-02,328.0638732910156,330.6748577053758,326.12981950595434,330.23968379920956,955697
2021-07-05,329.0792541503906,333.86604928279655,328.3056444069788,329.56276761785307,1403833
2021-07-06,340.24847412109375,348.08139914392837,330.04632101652027,330.04632101652027,12291310
2021-07-07,345.6637878417969,346.7274938554602,339.0879870127405,342.13411593917255,4334221
2021-07-08,348.8550109863281,349.9187466518222,344.0198756989223,345.90559026554007,5505696
2021-07-09,351.6110534667969,352.433032390046,345.76052190476173,349.00006853678786,2443343
2021-07-12,359.4923095703125,363.98897949723926,351.6593844817141,352.09455846326216,6429310
2021-07-13,356.78460693359375,361.9581775349736,355.0923097619557,361.2329073185573,3725976
2021-07-14,360.7010803222656,363.4571132457593,355.9626538020661,358.7186867255598,4877918
2021-07-15,373.4658203125,376.1734839710021,361.3779834239716,361.6680797047681,7207046
2021-07-16,370.419677734375,374.91637685930743,369.1142149033397,374.6746201111421,3141218
2021-07-19,373.8042907714844,375.54495715150773,367.85708037354857,369.6944258485816,3708612
2021-07-20,391.1140441894531,395.41729621714774,374.8679744513432,378.1075204908044,16347083
2021-07-22,387.00421142578125,393.8217398694531,384.9734488538402,393.8217398694531,4093799
2021-07-23,389.0349426269531,395.99754869423754,387.29430586579275,389.9536300633731,7785242
2021-07-26,394.6437072753906,395.99753911368606,378.05920085579953,389.228350410888,8586195
2021-07-27,395.32061767578125,400.3491697770261,388.3096720697826,395.36898673158095,7469960
2021-07-28,395.9008483886719,398.12502819822316,389.6635419377305,396.9162444467242,3242782
2021-07-29,395.27227783203125,399.57555969491466,391.69426620370206,397.83489342519175,3312853
2021-07-30,397.5931396484375,401.6546647967894,392.61295656958515,398.22170128747916,2700828
2021-08-02,404.31402587890625,406.1030318695633,396.9162746589006,398.4151548203211,2758639
2021-08-03,408.2788391113281,409.10078850845264,400.9294275067145,406.9733466698303,2912201
2021-08-04,405.2326354980469,413.30731651062365,404.2172689952904,410.5029442308631,3559071
2021-08-05,405.0876159667969,407.6986007458939,401.0261201575962,403.7821235772484,2472169
2021-08-06,390.5821838378906,405.18429685844234,389.03493479726484,405.18429685844234,5940472
2021-08-09,392.0810852050781,396.4327064414882,389.71185739406013,394.4019439622328,1861592
2021-08-10,387.48773193359375,393.77340745353115,382.2657625079727,393.7250383965845,3317325
2021-08-11,385.1184997558594,391.6459319551112,378.88116384982334,386.71408839118993,3337019
2021-08-12,386.61737060546875,394.54700355997716,382.41082689715824,387.10088409022364,4066743
2021-08-13,389.1800537109375,391.59762137093503,383.13613456094356,388.26136619560884,2351561
2021-08-16,383.1844482421875,390.8239556297989,382.3624693910124,389.1800274387707,1762903
2021-08-17,388.2613525390625,389.5184758735141,379.3163525116993,385.2635628438438,2736839
2021-08-18,395.9008483886719,397.4480974928549,387.68111887847897,391.54922688327565,7112861
2021-08-20,378.88116455078125,400.0107102778632,377.1405277656225,394.45030506080593,6967987
2021-08-23,377.76910400390625,383.61963525206016,368.679055808851,383.61963525206016,5438059
2021-08-24,382.31414794921875,383.4262231481403,373.5625354896109,379.7515321835324,3978409
2021-08-25,383.95806884765625,386.18224871412764,380.0416211971007,383.8130206960288,2891821
2021-08-26,385.2152099609375,387.6811169975023,378.25260378155633,384.8767446098956,3558058
2021-08-27,396.5294189453125,397.88328038646375,384.3932416121498,387.77783619238255,4555890
2021-08-30,403.9272155761719,406.53817093661104,398.4151495185938,398.5118581270524,5235500
2021-08-31,407.16668701171875,408.5205483558251,399.8173057733617,403.92717032619163,6342929
2021-09-01,407.6018981933594,410.06780534587176,404.9909133754918,409.0524387563251,1910281
2021-09-02,414.5644836425781,417.75566091447945,407.60187748947476,407.6502170345889,4193528
2021-09-03,422.6875,423.4127702369556,411.4699810994888,416.64358135870316,4507212
2021-09-06,423.84796142578125,427.42597346063775,422.25237263073836,426.3138982102336,3574072
2021-09-07,426.94244384765625,427.90947090053885,419.6897409510369,422.73587026535233,2060092
2021-09-08,421.575439453125,426.89408804142016,419.2062114592645,426.89408804142016,3195625
2021-09-09,423.89630126953125,425.8303553147794,417.8523823781307,418.67436124962575,1362416
2021-09-13,421.86553955078125,425.2017945907263,420.076533652714,422.68751842409034,1790853
2021-09-14,418.19085693359375,422.4457700244332,414.3710883057096,422.155644204473,2872240
2021-09-15,422.63916015625,423.6061872056969,417.2238322884061,418.190859337853,2587288
2021-09-16,416.0150146484375,425.20177087116446,413.6941263094285,422.6391257894521,3329646
2021-09-17,405.9579162597656,418.0941226211724,404.65245343984054,417.65894867364966,5274442
2021-09-20,396.28765869140625,405.3777362357053,394.78877862363487,403.15355639582094,4182620
2021-09-21,399.5755920410156,400.3492018826362,389.1316821111961,394.30528277208913,4386443
2021-09-22,405.6678161621094,408.9073624318184,399.43048036653056,400.97772942936547,3233311
2021-09-23,405.7161560058594,408.95570227795986,401.4129036691383,407.9886753018894,2177190
2021-09-24,397.15802001953125,409.535954416979,395.36901408026205,407.11838679940536,2871092
2021-09-27,404.21728515625,406.1513391522129,394.01516213207435,398.4151231683612,4682546
2021-09-28,399.4788818359375,410.50298434723817,397.5448277282944,407.11838965886284,4657118
2021-09-29,393.0481262207031,396.4810601811578,387.9228655408368,396.4810601811578,5728780
2021-09-30,387.00421142578125,394.8854754558338,385.2635451449797,394.54701010862334,9312005
2021-10-01,388.98663330078125,391.45254048920884,382.9427142003962,386.7141138167717,4662848
2021-10-04,393.09649658203125,396.43275171548567,389.228388374582,391.5492473967868,4122450
2021-10-05,390.3404541015625,394.16022266817544,389.51847522517863,393.048147487808,2505330
2021-10-06,381.87896728515625,392.4195559834054,380.5251353488227,390.67891913830846,4685363
2021-10-07,389.61517333984375,391.35583965084595,384.1998162244848,385.79543438740063,5508787
2021-10-08,389.7602233886719,392.6129648640107,388.0195865805032,391.5492292539866,3321119
2021-10-11,389.6635437011719,393.53165172347383,387.1008985273391,390.67891025249725,3522402
2021-10-12,390.2921142578125,391.64594619424406,385.4086100614362,389.5668439870824,2117480
2021-10-13,390.678955078125,394.4503549303269,389.7602675128913,392.613009311185,3780216
2021-10-14,395.27227783203125,401.12277925290647,391.8876834041117,393.5799806180715,5426954
2021-10-18,397.06134033203125,404.2173350989826,396.04594415190115,404.2173350989826,5319195
2021-10-19,376.5119934082031,399.1887603604925,374.28781345339627,398.6569072796278,8255248
2021-10-20,379.79986572265625,386.71410307925095,374.8196824244837,378.1075684215368,5245333
2021-10-21,367.3735656738281,381.8306316901568,365.72963741673846,381.8306316901568,9834178
2021-10-22,363.6988525390625,369.11420952126844,359.73403602469807,367.66366905342693,5253226
2021-10-25,363.50543212890625,365.7296118667489,353.69011428544985,365.5361946682161,3368928
2021-10-26,367.8087463378906,368.7274043335122,360.94284834388685,365.2461305439429,3427318
2021-10-27,369.25927734375,374.2878001934463,361.37801295074655,362.63513628533985,5357395
2021-10-28,377.1888732910156,379.55810126907124,368.24387345219037,370.9515667858714,7419992
2021-10-29,391.4525451660156,393.4349683614208,369.6460965958274,379.07461050507345,10104769
2021-11-01,396.28765869140625,399.04369158467466,389.66354725191087,392.6129678412633,3997407
2021-11-02,393.8217468261719,400.7843530497269,391.7426446727548,396.48107108343885,1970517
2021-11-03,399.28546142578125,401.02612781552637,390.1954130948572,395.2723050867977,2147236
2021-11-04,399.5755920410156,401.02613262754693,398.656904531683,399.5755920410156,320391
2021-11-08,415.57989501953125,416.1601171801132,399.81736513978353,401.3162453359057,7089536
2021-11-09,417.0304260253906,420.6567775560462,412.4370474198936,416.69196064693125,2378131
2021-11-10,414.2260437011719,419.10951851012317,410.79307995915855,413.50077341204104,2202717
2021-11-11,407.3117980957031,412.67878632421287,403.10522459997554,412.43702956596786,1653866
2021-11-12,408.9073791503906,413.0655835099078,405.86124995573755,410.01945431525473,1246774
2021-11-15,407.3601379394531,411.0831979214018,404.31400868561263,409.0524352484004,1057472
2021-11-16,396.28765869140625,410.0194541002356,394.30526511644115,407.40846935686073,1933354
2021-11-17,395.65911865234375,397.399785080141,391.69430177446145,394.3536262093268,1448686
2021-11-18,387.63275146484375,398.2700477132868,383.4261784097864,394.5469881240677,1868114
2021-11-22,375.8833923339844,389.5668179585836,372.30538076624794,387.6327640325252,3484890
2021-11-23,382.749267578125,383.7162945598902,370.56475121694103,374.2394419431201,2061119
2021-11-24,380.5251159667969,385.40859040275706,377.9141313208189,383.95804993528515,2461617
2021-11-25,377.72076416015625,380.5251366474152,376.1735150084994,379.9449145266285,997067
2021-11-26,360.072509765625,374.9647196804567,358.67030880948647,373.272422428514,5577674
2021-11-29,356.9780578613281,363.021977402226,348.1781051075156,357.8000368211554,2691096
2021-11-30,362.2483215332031,365.6329160465728,354.8989104019074,357.79999141336714,4809537
2021-12-01,359.15380859375,367.9054203263609,355.91426236148675,367.0834415045447,4416048
2021-12-02,364.9076843261719,366.8900780888049,355.86597498343104,359.63737479430563,2307562
2021-12-03,364.182373046875,374.6262528120801,363.40873374232376,364.8592742381201,5101471
2021-12-06,357.9450378417969,366.45489314131663,356.1560319910616,366.1164277893415,1157264
2021-12-07,360.4593505859375,364.81097252460074,358.67034455333317,360.6043987482946,1229614
2021-12-08,364.5208435058594,367.85706898614535,362.82854623705094,363.9889609431547,1526507
2021-12-09,365.1010437011719,368.43729876220925,362.7318451823294,366.89004961054957,1862168
2021-12-10,365.1977233886719,368.7757349241056,364.2306964343731,365.1493838454852,1486593
2021-12-13,367.3252258300781,370.03288972858394,366.1164420340803,370.03288972858394,2654339
2021-12-14,366.0680847167969,368.2922646795656,361.66812336276877,365.439523024982,1789446
2021-12-15,366.4065246582031,369.30760566026544,362.925221553464,366.1164283625257,1796520
2021-12-16,363.3120422363281,369.0174954225591,362.24830667349704,367.47024637765213,2366346
2021-12-17,356.4461364746094,364.7625740722672,354.8988874662255,363.2153250638834,1784077
2021-12-20,338.74957275390625,352.1912727128437,335.55839520918437,349.29019148625133,6661464
2021-12-21,349.53192138671875,351.80441123047103,339.66823416999364,341.40887096761713,2065774
2021-12-22,351.7560729980469,354.8989107636652,347.839625433113,349.33850548603283,1383949
2021-12-23,357.21978759765625,358.28352325858344,352.9648744652711,354.8989285719302,1546807
2021-12-24,355.7692565917969,358.5736292196564,351.22424702563126,357.31650582102696,1174085
2021-12-27,357.75164794921875,358.5252577392724,351.9978255349836,354.8989065146675,635418
2021-12-28,367.6636657714844,368.6306927414132,356.5428556173024,357.9933960721957,2526008
2021-12-29,363.40875244140625,369.5493800918394,362.1516290848933,368.19554812836617,935759
2021-12-30,358.71868896484375,365.48787818204875,357.4131965706896,363.3120673622329,2179706
2021-12-31,365.0527038574219,371.6284758574767,359.7340551919495,360.12086010171924,1907096
2022-01-03,374.2394714355469,376.6086995321102,365.7296451299141,366.2614982072697,1643912
2022-01-04,377.57574462890625,378.7845285091226,370.66147722500864,374.7713424177442,3034913
2022-01-05,380.7185363769531,381.6371943073047,375.93174098940824,377.0921851776984,1521048
2022-01-06,374.2878112792969,380.04163408330646,370.90321657372033,377.2372615152364,2579347
2022-01-07,384.1514587402344,388.69649724351433,374.28777197245773,374.28777197245773,2731750
2022-01-10,386.1822204589844,388.6964964447529,384.1997974940443,386.81078207759634,2408661
2022-01-11,384.5382995605469,391.6459542623882,380.380095060562,387.77784607214244,2105501
2022-01-12,384.7800598144531,389.4218073916677,382.6042489376936,385.11852518643605,1370663
2022-01-13,383.32952880859375,387.29434574091545,381.63723141771584,385.8438051201629,2490304
2022-01-14,389.42181396484375,391.64596442743283,381.202083847231,382.0724023103604,2146874
2022-01-17,394.3536071777344,395.22395510529185,381.9756731191615,390.19540279387763,3057067
2022-01-18,368.0987854003906,396.4810309578046,366.5031969097755,396.4810309578046,7265319
2022-01-19,362.49005126953125,369.40428792929464,360.7977541389651,369.355948387235,3999114
2022-01-20,362.7318420410156,367.2768513399595,360.1692263336622,362.8768901921257,3354873
2022-01-21,356.4945068359375,362.2483294387639,352.0461766190229,362.2483294387639,1426135
2022-01-24,341.2154846191406,358.96043606329164,337.4924247475975,355.86593784273896,4250468
2022-01-25,339.9100036621094,344.7451388493371,332.125447815202,340.34517763348913,3178488
2022-01-27,340.0550537109375,342.61766947218763,329.22436853797075,339.32978342881063,2852549
2022-01-28,348.806640625,354.9956073438919,341.36052113564307,342.7143529942567,3157848
2022-01-31,353.10992431640625,357.0747411563584,351.03082204403006,352.57807123905087,1955762
2022-02-01,367.8570556640625,370.2262835591207,354.41538660372964,357.7999810187721,6354846
2022-02-02,367.4702453613281,373.562503414106,365.3911432964164,371.048256923322,3322525
2022-02-03,369.3076171875,371.6284761593266,364.85928694322723,364.85928694322723,3772405
2022-02-04,367.8570556640625,372.20867705483136,365.5361968245834,370.37133170321545,5637748
2022-02-07,370.0328674316406,371.24165115480116,361.86150716986816,367.47025184080456,2535377
2022-02-08,363.89227294921875,373.369155898072,360.9428522039239,370.3713660927069,2089451
2022-02-09,370.17791748046875,373.17570703159276,364.424124635418,366.84169209417587,2140597
2022-02-10,362.49005126953125,371.72514666323565,361.08785041396277,369.1625311963566,4638095
2022-02-11,355.7692565917969,363.457133677185,354.5121331931674,362.6351547574699,2050063
2022-02-14,343.39129638671875,352.9648578620834,342.37590032169203,350.0637768385595,1341336
2022-02-15,351.5626525878906,352.9648535366059,342.0857998317105,345.2286375686803,2027130
2022-02-16,348.806640625,355.7208775729336,347.6461964540047,353.0615533997806,1368175
2022-02-17,347.9363098144531,352.48134861066984,345.7121594741138,350.5472945716538,1439893
2022-02-18,327.1935729980469,342.32753879682906,326.0814979126941,341.07041557187733,11901556
2022-02-21,327.3869934082031,330.04631777486986,320.32770780303537,323.1804493827163,5812598
2022-02-22,326.2265930175781,327.2903287133123,320.182673736503,322.9870463806569,3078034
2022-02-23,320.03759765625,329.2726937075421,318.7321053031627,327.7254446043025,5312647
2022-02-24,296.8289489746094,311.72115884826695,292.090493073213,305.5805315059308,12821969
2022-02-25,298.5212707519531,305.53221706672093,296.0069944471508,300.7454212265911,5240212
2022-02-28,303.88824462890625,305.53220238687743,292.9608509782035,296.2003679244572,7116898
2022-03-02,294.12127685546875,304.46847828849667,291.0751474932691,302.4860550921301,6623505
2022-03-03,280.6312561035156,300.8421151421498,278.4070762261923,298.4245475654872,11872107
2022-03-04,282.9521179199219,286.4334211675849,274.34558316272944,275.79612372331206,6171233
2022-03-07,271.9280090332031,279.47080796261315,268.83351077372475,278.4554413991119,6936569
2022-03-08,273.57196044921875,275.1675492605626,264.96542516898745,271.7829544135135,6513565
2022-03-09,282.0334167480469,283.0004437415333,271.734585169681,276.376302933887,7788795
2022-03-10,283.5323181152344,292.0421436078895,281.40484698641006,290.1080896767114,5031572
2022-03-11,283.77410888671875,286.2400161401531,280.72794997076227,283.3389348954894,4357253
2022-03-14,281.5982666015625,287.69052473254675,279.5191349986401,284.93449195469344,2658414
2022-03-15,285.36968994140625,291.8971225651413,283.1938790668279,283.919149358354,6826748
2022-03-16,299.1498107910156,301.18057340983535,287.2070213413903,290.10810236504074,6876362
2022-03-17,296.1036682128906,304.51678509379485,295.3783979898133,303.83988392571524,9901093
2022-03-21,290.4465637207031,299.0047585248925,290.10809837034003,295.9102603377468,4583683
2022-03-22,290.9784240722656,292.91247810998266,286.28833712853725,290.54327962057283,3537814
2022-03-23,288.02899169921875,293.34764008559864,285.8048119399398,293.00917474056473,4697043
2022-03-24,287.25537109375,289.76964730584643,285.2729774616812,287.15869199858435,4048136
2022-03-25,287.9805908203125,290.0113531547862,284.83775348474927,290.0113531547862,3115402
2022-03-28,282.1784362792969,289.5278465867596,278.98725932893535,289.5278465867596,4811353
2022-03-29,292.4773254394531,293.2509352282719,283.387248108563,283.387248108563,8193664
2022-03-30,299.291748046875,301.02004562212466,295.0944539355544,297.06965116441114,6489029
2022-03-31,295.53887939453125,299.9337051955605,295.0450800972973,299.2917419978625,4950492
2022-04-01,301.1681823730469,302.6989480317539,294.79815982864125,295.19319321097385,3456879
2022-04-04,307.7851257324219,309.612189336875,301.31636636811294,301.71139981631677,3638554
2022-04-05,312.8712158203125,313.76007864716246,306.50122310895944,310.55038328543,5323145
2022-04-06,316.722900390625,320.9695625471395,311.5380074571712,312.8712415287641,7255760
2022-04-07,321.5621337890625,323.33979934388833,316.0809430732969,316.2291069854654,5192205
2022-04-08,333.1664123535156,335.58601097524036,319.43879707430784,323.1916599083523,8276853
2022-04-11,355.7330322265625,364.9176872658335,334.1045985046546,334.2527624078023,30662312
2022-04-12,355.1898498535156,366.9916658234744,351.33822113106214,359.4859100258795,19884358
2022-04-13,364.6214294433594,369.5594226365841,354.54791127353354,355.4861420358937,17817591
2022-04-18,358.8933410644531,374.9418190233125,356.02931102577276,364.42389949656075,10936057
2022-04-19,349.8568115234375,365.4114898057075,346.64711600487385,362.20179428714385,9971239
2022-04-20,366.6953430175781,371.1395366556862,350.5974981174114,350.5974981174114,13525255
2022-04-21,372.67034912109375,379.58353953225816,370.15195453069856,374.20111494220424,14385266
2022-04-22,369.5594177246094,376.27507632248677,366.448457942932,373.3122804459318,5946333
2022-04-25,371.6827392578125,382.7932235113993,365.4114821179645,367.1891475428914,12835090
2022-04-26,380.37359619140625,386.15105405093817,376.571335539296,377.2626666175406,11192640
2022-04-27,379.78106689453125,382.8920269015318,371.584009764673,380.22549836385144,11121579
2022-04-28,378.595947265625,385.06470634629574,375.73191721782695,385.06470634629574,7163762
2022-04-29,367.584228515625,380.7192784667418,366.152198421646,379.92921160468927,10529413
2022-05-02,373.4604187011719,375.78128152686185,364.1769975375304,366.99165968191534,5959678
2022-05-04,363.5350646972656,377.26267973845916,360.12783734031535,374.84305101956767,5415006
2022-05-05,361.8067626953125,370.6951503301082,360.4241306466124,366.3990902788,5794511
2022-05-06,360.8684997558594,367.73232165057675,356.0786408187564,356.0786408187564,5868878
2022-05-09,362.2017822265625,364.42387905003835,354.9923245882655,358.84395305446685,3690073
2022-05-10,353.7578430175781,369.2631234994401,350.59751533078,363.97946477578637,6322735
2022-05-11,354.5972900390625,361.2635810546294,346.8446645989211,355.53552083023453,5728451
2022-05-12,368.9174499511719,377.26267028939867,344.9681835780883,352.42457119214794,7493279
2022-05-13,354.64666748046875,373.85544239408506,351.6838716454425,373.3122752133107,10195371
2022-05-16,363.4363098144531,373.01602894944926,355.8811860322755,362.44871114647907,50459752
2022-05-17,364.2263488769531,367.5348101898205,359.48588768835793,366.39907783621095,9431128
2022-05-18,356.62188720703125,367.97927195796143,355.2392550912637,364.67081037225785,11887905
2022-05-19,359.4858703613281,360.4241010346757,352.81958018292437,353.7084128455551,9179791
2022-05-20,358.498291015625,363.43628400482095,357.5600602920308,363.43628400482095,4308673
2022-05-23,358.9427490234375,362.744979795416,357.90575233543643,361.1154480161224,3889679
2022-05-24,356.967529296875,361.1648233853387,355.9799306878247,360.2759605258993,4200025
2022-05-25,357.21441650390625,359.7327808135984,356.17741991706146,357.90571742268617,2440985
2022-05-26,360.8684997558594,361.75733241223253,355.23920617275235,357.65880450737285,3900318
2022-05-27,361.7573547363281,363.5844181721919,359.23899036467634,363.43628441017427,1603075
2022-05-30,366.9422607421875,367.8804915009918,362.20179935030535,363.9300969613838,5001959
2022-05-31,364.8189392089844,368.1767686273033,364.07824021351166,366.9422703015155,11507115
2022-06-01,367.041015625,368.3742797699534,364.5720191117966,365.41148395410926,2369910
2022-06-02,368.8680725097656,371.6827345125632,366.34970816675144,366.79410944775077,5215564
2022-06-03,362.34991455078125,370.6951346437385,360.81914880076755,370.3494691114111,8010976
2022-06-06,360.3747253417969,364.91768495772743,359.3377588610282,361.46108983634167,10390245
2022-06-07,358.843994140625,362.94252272314384,357.2144623113248,359.09089381594686,5708056
2022-06-08,358.5476379394531,360.0290357496519,357.31313976428754,358.89330345632266,5020929
2022-06-09,360.7697448730469,363.9300723466289,358.0044809379999,358.49828022205236,5238450
2022-06-10,360.6216125488281,362.05364253391787,358.74518128979497,358.74518128979497,3916129
2022-06-13,358.2020263671875,360.4241232301623,357.41192939910366,358.54766176791173,4509163
2022-06-14,355.0910339355469,358.7945283659932,353.560268293275,357.6094282317193,6976071
2022-06-15,357.46136474609375,357.95516410054944,354.5479364991571,355.43676930935317,4077501
2022-06-16,354.94293212890625,359.63402549630877,354.2022331761585,359.33775797085667,2940387
2022-06-17,352.9183654785156,356.57246221236034,352.2270344033766,354.54789713949486,4012167
2022-06-20,352.8689880371094,355.48614858905904,351.68388773236,353.06651982412717,2297837
2022-06-21,354.4491271972656,356.47372238608955,353.6590603825305,353.6590603825305,3693727
2022-06-22,353.51092529296875,354.44912586454944,351.09129670587504,354.44912586454944,2588905
2022-06-23,354.49853515625,357.51069887844614,353.60967229083803,353.9553378341518,2799410
2022-06-24,356.1280517578125,357.51068373337796,354.7454197822471,357.51068373337796,2713333
2022-06-27,360.6216125488281,361.1648098469144,356.0292852167133,357.7575827177653,3073581
2022-06-28,361.905517578125,362.7943502867464,358.99208966413096,361.3129523926716,4285971
2022-06-29,360.9673156738281,362.9425130236165,359.5846835568002,360.4241484582842,4586257
2022-06-30,358.498291015625,361.4117189348976,357.6094583053932,361.016655384468,4383329
2022-07-01,362.9918518066406,364.02884841563247,357.60945754335694,359.4365209732896,2763265
2022-07-04,363.9794616699219,365.3127258432604,361.5104651041535,362.39932797912473,2275112
2022-07-05,362.1029968261719,366.64595611494786,361.06603042007885,364.3744915401176,3120800
2022-07-06,363.6831970214844,365.7571601809988,362.39933085275175,362.4486987288113,2209031
2022-07-07,362.39935302734375,365.3127510928469,361.559888109137,365.3127510928469,2378264
2022-07-08,363.8807373046875,364.47327238771817,361.46110853887524,362.44870719608525,2126285
2022-07-11,364.6214294433594,365.36212842234306,362.30056661472,362.5474662743813,3135297
2022-07-12,366.3003234863281,368.2261528581053,363.18939384963414,364.22636034882606,2870836
2022-07-13,366.5965881347656,369.31248410517935,365.70772534224693,368.32488557048345,2291028
2022-07-14,365.3127136230469,368.1767435157088,363.9300816202912,368.1767435157088,2772420
2022-07-15,364.5720520019531,366.69538316704256,363.436319531242,363.436319531242,3856534
2022-07-18,366.1028137207031,367.78171326019077,365.0164492309655,366.0040478327056,1745124
2022-07-19,366.3497009277344,366.8928680845953,364.72013917891877,364.72013917891877,1567448
2022-07-20,363.28814697265625,367.3373072151699,362.0536487364702,365.36211003727226,7381308
2022-07-21,366.1521911621094,366.74475636645974,361.7079973381593,363.4362949363621,3275734
2022-07-22,367.9298400878906,368.47303739207996,364.37450929993105,365.41147575656646,3091493
2022-07-25,366.5472106933594,368.8680734079531,365.80651175077315,367.92984269169693,3224932
2022-07-26,365.36212158203125,366.5472218427465,363.97945940251964,366.4484559529074,3457867
2022-07-27,366.2509460449219,367.584210179859,364.1276150873422,364.67078226051933,2093379
2022-07-28,366.2509460449219,367.8804777035706,365.0164477975945,367.8804777035706,2711190
2022-07-29,370.15191650390625,371.3370467940013,365.4114556217566,367.7816860628314,6522804
2022-08-01,370.7445068359375,373.312269212844,369.60877447858957,372.32467061704284,2858911
2022-08-02,373.9542236328125,378.05275201167467,370.300126703094,370.74452801311867,9280180
2022-08-03,377.0157775878906,377.6577106705637,371.8308847723401,375.2874799827071,4871595
2022-08-04,376.52197265625,378.9909691982582,373.3122771516393,377.26267161885244,6766464
2022-08-05,377.90460205078125,378.29963546691806,375.3368396372152,376.3738362610818,5063415
2022-08-08,375.4850158691406,378.2009121355454,374.1517516741727,378.1021462434888,3347503
2022-08-10,375.33685302734375,376.9170168873811,373.7073212906972,375.2874851507346,4144801
2022-08-11,375.4850158691406,377.26268136968537,373.90485201359047,377.26268136968537,2409612
2022-08-12,380.0279235839844,383.1882511127258,374.1517300846692,375.2874624299892,5187959
2022-08-16,391.18780517578125,394.05183504174494,380.66988628331745,384.07708331486987,11560886
2022-08-17,393.3605041503906,399.928058848604,392.07663804618846,393.8049355690621,9431378
2022-08-18,404.5203857421875,409.35961277247054,391.5828382733041,393.360503667574,15635959
2022-08-19,415.23583984375,421.7045985623024,405.2116900289261,406.8906196900904,25171485
2022-08-22,402.9402160644531,415.0382985320746,399.3354873162096,412.91496763700917,11430999
2022-08-23,400.4218444824219,409.31023143973096,393.06422322322516,395.0394203248494,15303452
2022-08-24,399.1379699707031,402.49579919809423,393.163010469277,400.421866239991,15732854
2022-08-25,392.2247619628906,403.23647987588686,390.9902637632472,399.1379518808939,11274377
2022-08-26,397.8540954589844,401.6563560339344,387.3361765707302,395.0394334677036,13259855
2022-08-29,398.4466857910156,400.471250959702,390.2002310689539,392.0766624685615,7557377
2022-08-30,406.14990234375,407.7300660463452,399.48361215330544,401.60694300095724,7851221
2022-09-01,404.7178955078125,408.66828992034016,402.5945645389024,404.5203938706566,10762759
2022-09-02,410.44598388671875,413.1124820212921,400.5205998805296,406.3474557275489,8068140
2022-09-05,412.7668762207031,414.4457758763882,408.9152172960477,411.97677920115757,6074232
2022-09-06,431.0867614746094,435.5309548918734,412.3223892683836,414.19882046118306,23184248
2022-09-07,443.3330078125,451.826361844393,430.59299183421933,434.59275412932595,28272706
2022-09-08,456.1717834472656,458.2457465175175,440.71587151603916,448.32039272725694,14949706
2022-09-09,449.06109619140625,478.6890542386303,446.24643414909644,459.5296172567981,29429693
2022-09-12,469.7512512207031,473.5535117222084,435.1359335873749,448.962313491673,27759936
2022-09-13,480.46673583984375,482.59006687688264,470.3438498329406,477.25704027667933,17846212
2022-09-14,518.0941772460938,527.0813602532011,476.02250296275315,476.02250296275315,57236617
2022-09-15,532.0687255859375,537.8955812164083,503.0827017466112,522.4396396008556,37879876
2022-09-16,510.2922058105469,543.1792269502516,504.7122496405823,524.3654857815307,42869715
2022-09-19,557.8944091796875,565.8445649410016,507.6256221015325,510.58841756126907,75771183
2022-09-20,567.2271728515625,578.4364519636174,560.4621472558886,571.8195299756114,43803577
2022-09-21,534.636474609375,568.6592582193343,526.1925186885525,564.9063956187726,48990918
2022-09-22,527.427001953125,541.9940807971085,509.69959564327485,517.9954477063958,24714675
2022-09-23,532.6613159179688,548.1172591382992,528.3652858360182,528.3652858360182,17014661
2022-09-26,504.86041259765625,537.2536343796031,492.91046359925707,530.3404442313362,17756139
2022-09-27,498.0953674316406,517.5016741857839,468.12174344286564,501.6507284729543,29131156
2022-09-28,493.84869384765625,507.97134251477087,484.96030598018353,488.86133271099976,12029150
2022-09-29,500.070556640625,512.5636728903801,489.05883828939693,503.2802520874337,11297808
2022-09-30,509.205810546875,516.6622281481848,494.7868951973285,500.71248675657796,11027478
2022-10-03,482.5900573730469,513.5019121176191,465.2083157146998,509.6996212815006,14296197
2022-10-04,486.0960388183594,500.11992073495105,476.91135383344,496.1695263687364,12515966
2022-10-06,500.6137390136719,507.4281635259672,489.9970537518923,491.7253513526471,9447220
2022-10-07,515.3289184570312,520.4644430436589,493.6017500567267,500.5149400022782,9384553
2022-10-10,516.16845703125,531.2787042766171,508.9589386846463,510.58850056369783,12806265
2022-10-11,493.996826171875,520.0693927491736,492.12036474186715,518.4892591183922,7659702
2022-10-12,499.1817321777344,501.15692940840836,478.1952616018231,496.51520386067733,11786907
2022-10-13,490.6883544921875,499.13231019214186,485.40469612606427,499.13231019214186,6212954
2022-10-14,495.6263732910156,505.65049325247446,491.33031326778524,501.7000987739395,6337662
2022-10-17,514.0944213867188,516.2177824145446,491.2809186273584,492.81168434874706,9626670
2022-10-18,501.5519714355469,517.6992151012878,499.7742758139565,516.5140846868942,10116195
2022-10-19,504.3666076660156,512.5636638374417,500.4162133397155,504.6628751848414,6646701
2022-10-20,511.27978515625,512.5636512250594,500.7124685377748,502.6876656523222,5223412
2022-10-21,506.2430419921875,516.4153562718707,497.5521859602216,511.576098793609,9693780
2022-10-24,510.4897155761719,514.5882133995195,509.60085276819035,511.57604987194304,1415497
2022-10-25,506.7368469238281,515.3289672975533,505.30484695428675,509.79843892824704,5007924
2022-10-27,521.0570678710938,525.9950615403734,506.8850501515583,508.95898338135856,10067299
2022-10-28,513.6500854492188,523.624868985058,509.25531923700464,523.624868985058,6679582
2022-10-31,526.3406982421875,531.920594295818,514.8845180471683,515.9709126995313,8601980
2022-11-01,537.3030395507812,538.8338054199382,527.1307853964369,528.3652837228922,8669246
2022-11-02,538.2412719726562,542.1916666293363,532.6119475312395,539.9695696349538,7740170
2022-11-03,532.8094482421875,540.710237094713,531.8218496356218,533.3032475454703,3945015
2022-11-04,551.6725463867188,553.3514760396563,532.1674743005466,534.1920996257492,8028860
2022-11-07,561.0548095703125,565.8940674169376,546.2902569065482,554.0428827589911,9287441
2022-11-09,557.4993896484375,573.498498448645,554.2403264413031,562.9311817530723,10307830
2022-11-10,551.2282104492188,561.3510966087882,544.6606553173249,556.018039789037,5700059
2022-11-11,550.6355590820312,559.8696416845138,546.9814323941378,557.9931803296347,5254274
2022-11-14,573.1034545898438,579.2759458297788,550.6355864764802,551.968880751247,9070550
2022-11-15,579.17724609375,585.6460052597744,568.1654969257152,576.6588815669147,11897606
2022-11-16,570.0419921875,586.1398392381392,561.1536037239057,579.226648210899,8557056
2022-11-17,567.0791015625,574.0910271821348,563.178075219929,570.8319640107303,3652873
2022-11-18,566.9803466796875,568.8568081790727,556.9068889241055,567.3754102411064,4114267
2022-11-21,557.0549926757812,566.68407927472,555.7217586426074,565.8940124299415,3480076
2022-11-22,558.8327026367188,571.276482476059,553.549073680768,557.0056691453223,7405911
2022-11-23,555.9193115234375,563.9188365825779,553.2527830776445,560.7585088052765,2782614
2022-11-24,550.9318237304688,558.9314081048437,547.6727605904929,557.25247852418,3977412
2022-11-25,557.6475830078125,560.3634792036248,549.6479980459329,553.4502888870117,4010892
2022-11-28,561.4004516601562,565.4002140444742,555.8204953054533,557.0056257136829,4078114
2022-11-29,557.94384765625,567.2766665911355,556.7587172667313,562.5361450330608,3646853
2022-11-30,563.6719360351562,566.8322638075144,553.5984176324939,558.8821066383124,6139270
2022-12-01,573.7454223632812,577.7451846629934,562.4374062659398,566.3878006909858,8400806
2022-12-02,570.7826538085938,576.9057775155404,566.2890919911106,575.325583503101,7097523
2022-12-05,566.2396850585938,575.1280732726498,564.7089191440433,573.6466752369737,5491648
2022-12-06,573.7947387695312,577.7451328402337,563.5236900744129,565.4001513692886,6009003
2022-12-07,574.7824096679688,581.0536369336353,567.9679549265896,575.6712725571008,5406859
2022-12-08,580.4611206054688,583.4732845053236,574.387364649471,576.7082577001626,2897290
2022-12-09,573.7947387695312,590.5839135700166,565.1532517398696,586.5347837588386,7795856
2022-12-12,577.7945556640625,580.0166525401745,566.2890680058016,572.8071947311026,4062852
2022-12-13,577.3007202148438,581.6955458169851,575.8193223901825,579.7203487174369,2436178
2022-12-14,574.9799194335938,582.189377188766,573.8441569274446,577.843919218896,1682787
2022-12-15,554.2403564453125,576.7575928787679,551.8207277757047,575.7699942608248,5047769
2022-12-16,549.1542358398438,561.5485872606608,546.6358712528634,551.0800653280899,4854309
2022-12-19,556.857421875,559.3264182658233,548.1171987627782,550.043028003267,2341796
2022-12-20,553.1539306640625,557.9931877308978,547.2283392899291,556.9068534235997,2314297
2022-12-21,532.5132446289062,557.0056809557072,525.6000535532148,555.0304835055098,6698446
2022-12-22,526.2418823242188,537.846165707192,518.7361571835468,536.7598313741221,7913985
2022-12-23,485.1578063964844,525.2049170876619,479.972913809041,522.3902852229148,10542194
2022-12-26,507.77386474609375,515.8721253695709,483.8245675926916,487.82436016720806,8583591
2022-12-27,516.8103637695312,520.7607583869604,503.03338062471823,513.5513002657998,5808135
2022-12-28,511.97113037109375,520.9582533797156,510.0453010754651,518.4892569182005,3959786
2022-12-29,516.2672119140625,527.7727606906839,498.34230183238816,510.7860512750705,7354986
2022-12-30,517.6004028320312,525.3037201447889,515.6252056294236,518.4892656844986,3361557
2023-01-02,519.9706420898438,524.3160998672247,516.5140471281829,520.2175417299624,2226882
2023-01-03,524.3655395507812,526.7851684109554,516.5634857432583,520.9583119948823,3247177
2023-01-04,512.41552734375,530.0935670106877,510.98355754646906,525.6000052798448,7145153
2023-01-05,518.2423095703125,519.427439818401,507.18119438520046,512.5142503624845,3166328
2023-01-06,513.3536987304688,521.8964500412603,507.9712747398779,519.3286577218715,3454408
2023-01-09,518.2423095703125,520.958205427994,514.1931798574242,516.5140122063334,1841059
2023-01-10,508.0700988769531,519.9706496480082,496.46581562270035,519.9706496480082,5366443
2023-01-11,501.79888916015625,509.55154473056785,499.3792603682868,509.55154473056785,3308303
2023-01-12,504.0703430175781,508.1195034950221,500.7125136481559,503.57654369445373,4129397
2023-01-13,512.218017578125,514.0450508039836,505.057897874496,505.057897874496,4195766
2023-01-16,510.58843994140625,515.1313690675038,506.5393100802425,514.5388340608756,2181662
2023-01-17,511.082275390625,514.045071189991,504.95915201628844,510.8353757406779,2346252
2023-01-18,513.9957275390625,515.9709248317263,506.6381055682426,511.4773630465638,2338626
2023-01-19,512.810546875,518.8843020662758,510.63781801025397,512.5636472376023,2809131
2023-01-20,511.3291931152344,516.5140859474024,509.0083604349873,513.5512900433064,2656548
2023-01-23,494.88568115234375,512.2674231254708,492.0710190197408,511.57609202654436,4154237
2023-01-24,492.7623291015625,502.1938835912378,491.7747305104293,495.9720245227454,2166537
2023-01-25,454.4928894042969,491.8241045624243,445.11070267067635,490.83650595888525,33646469
2023-01-27,375.7319030761719,451.8263638898412,340.8696540739878,451.8263638898412,91035714
2023-01-30,382.6944580078125,422.3465358226049,347.6347076612903,395.03944052419354,71717149
2023-01-31,396.224609375,409.50779376895866,385.2622578081809,389.11388669946314,40532400
2023-02-01,329.9566955566406,407.58195090192896,316.5253486799937,404.12535583054057,78282914
2023-02-02,348.1778869628906,362.4486993045056,311.3898377828012,350.59751567602046,79579639
2023-02-03,368.96685791015625,375.97881428156825,314.55016682152814,347.5853533832356,58296804
2023-02-06,375.04058837890625,379.04035086686514,354.00474913114186,366.3991001674107,33168803
2023-02-07,379.2872314453125,401.65636391566585,367.09041280895167,379.7316628723315,42723721
2023-02-08,379.87982177734375,392.66923658894353,377.26269133387245,388.76820979306325,18573925
2023-02-09,353.3627624511719,373.3122659686346,349.60989987538795,373.3122659686346,28134958
2023-02-10,356.3255920410156,363.880746061789,345.6595383421071,350.35063207675,12021081
2023-02-13,338.2031555175781,362.34992341058353,332.3762996164595,358.99209416969467,20202357
2023-02-14,332.3269348144531,344.6719175341579,321.0683166019059,339.733924446276,29650470
2023-02-15,340.5733642578125,346.5977214099011,330.84551256211813,332.32691037956045,14504126
2023-02-16,343.4867858886719,349.90617687958064,341.8572542034186,347.53594623383793,13932368
2023-02-17,348.9185791015625,351.53573954619003,338.7463254087827,342.10415467655633,12417704
2023-02-20,348.0791320800781,351.58509498850214,341.36344364289505,345.36323598115007,10433187
2023-02-21,348.47418212890625,361.954897381456,347.14091795247424,348.96798144320564,18031338
2023-02-22,331.2405700683594,347.63471313612524,327.9815066883554,347.63471313612524,12696127
2023-02-23,332.7219543457031,339.5857765070073,327.24079430258735,331.8331216548082,10669135
2023-02-24,340.9684143066406,342.64734397074886,334.49965557674517,335.0921906213789,10758533
2023-02-27,325.80877685546875,340.17835477813895,321.9571482872182,336.1785623064374,8739164
2023-02-28,337.85748291015625,349.0667329093754,320.2782099640566,325.907533970096,21986286
2023-03-01,349.21484375,350.4987097742149,339.9314236619054,339.9314236619054,14144946
2023-03-02,366.1028137207031,367.38667984731825,342.99298232869074,350.05433644242646,24526040
2023-03-03,386.99053955078125,394.4468973511967,370.942061383758,377.95401787225046,40022359
2023-03-06,380.71923828125,399.8786439853497,376.5713123454967,392.86668830305996,24525562
2023-03-08,387.2374267578125,388.62005880451574,373.9542132004607,380.0279387143087,12403307
2023-03-09,379.92919921875,390.1014528968693,378.25026951772395,389.9533191324536,10496900
2023-03-10,373.6579284667969,377.6083227835826,368.76930344412773,375.2874600946476,8021603
2023-03-13,363.4363098144531,384.32401561428054,361.8561459178707,378.15152393944265,12295435
2023-03-14,349.017333984375,363.28814559626477,336.5735857829418,361.51045005942177,18116432
2023-03-15,360.6216125488281,362.4486759349064,343.3386375383081,350.103693784535,17244370
2023-03-16,374.10235595703125,379.2378809843418,355.7824130849196,361.3623394205373,17263261
2023-03-17,373.7566833496094,381.85497337714656,366.4484299674081,379.2378432471444,12121438
2023-03-20,360.8684997558594,371.88021742668997,355.83174118425745,371.43581616806114,9301805
2023-03-21,366.3003234863281,370.0532163396932,361.658628038614,365.1152232214113,7159231
2023-03-22,370.89263916015625,373.5097995401809,366.79411103128797,368.7693082152358,6498593
2023-03-23,367.5348205566406,372.6209474239131,365.80652297092837,368.3742854118102,8428310
2023-03-24,367.18914794921875,371.8308734315007,363.4856531939249,368.37427832655976,9512792
2023-03-27,365.4114685058594,370.15192955515374,362.8931042245061,367.97923079885896,6288107
2023-03-28,354.49853515625,369.01621672336813,349.9061774820143,367.18915325652483,15688794
2023-03-29,359.3871154785156,362.4980449624949,353.75782168348564,355.5354870631548,9558023
2023-03-31,361.0166931152344,366.00408463903756,359.48592718424635,362.942522637941,5945285
2023-04-03,370.15191650390625,371.9789798098381,358.99206518515814,364.37448922225985,6083504
2023-04-05,375.23809814453125,376.17629872610746,366.64597831424743,369.85567374730147,6528840
2023-04-06,378.84283447265625,381.7068644262978,372.5222093689706,374.15174105473926,5658596
2023-04-10,379.58349609375,384.7683883087783,378.49713169706394,380.9167601197231,3153982
2023-04-11,379.6329040527344,383.68206442845155,376.0775429877359,381.1636999994333,3415299
2023-04-12,391.138427734375,392.81735747123196,377.9540100549949,381.11430760674176,9415387
2023-04-13,387.78057861328125,391.681605082101,385.212816262863,390.0026754309114,6239974
2023-04-17,386.6942138671875,390.15080891438436,382.2500202350773,387.13864528604535,4916449
2023-04-18,378.29962158203125,389.41010553562444,375.1886921028485,386.69420945807946,3986619
2023-04-19,375.33685302734375,383.3858060964769,372.9666223068471,379.23787973126866,3600019
2023-04-20,375.9787902832031,377.558923894957,373.411027955428,375.78125851217555,4345525
2023-04-21,370.4482727050781,377.2626976025355,368.76934288523034,376.521998588918,4286701
2023-04-24,375.583740234375,378.1515026543996,368.71994796176983,370.4482455334436,3030412
2023-04-25,377.7564697265625,382.74383066991965,375.88003838842405,376.9170048771243,4790001
2023-04-26,381.657470703125,385.1634334907923,375.4355817709581,377.262645111494,4369712
2023-04-27,383.97833251953125,385.657262234072,378.0033729067633,381.6574998670612,5093452
2023-04-28,391.5828552246094,394.54565110272745,379.33663828954485,385.1634641553535,11030482
2023-05-02,389.5088806152344,394.4468736000602,384.22522209364735,393.0642415921324,7419371
2023-05-03,378.8922119140625,395.5826228892829,371.0901886919425,388.0274993269713,13078081
2023-05-04,383.4845275878906,386.00292212279317,375.8800363866452,379.2378656273976,6828148
2023-05-05,395.5826110839844,400.96503556282704,382.6450934074139,383.6820598920155,11844907
2023-05-08,400.47125244140625,403.82908182246234,395.73079097863524,399.7799213309893,6282119
2023-05-09,400.6193542480469,407.2856446014602,398.44665547558947,402.84145103251797,7401793
2023-05-10,403.23651123046875,404.2241098669765,397.50845119437116,402.7921099275114,3823364
2023-05-11,407.0881652832031,409.8534293775732,401.1625735331659,404.91543625254224,5043085
2023-05-12,404.9154357910156,409.6065292544481,402.05140580958573,405.9030344148961,5365495
2023-05-15,401.5575866699219,406.3968136601661,398.10099165701644,405.9030143726082,2396533
2023-05-16,395.9282531738281,404.7178742522526,394.8418887396148,399.97741326183285,3189110
2023-05-17,401.2613220214844,401.9526531365807,394.3481314269977,395.03946254209404,4399478
2023-05-18,394.1012268066406,403.73031358500754,390.59526367631867,402.940246725507,4266534
2023-05-19,398.1503601074219,400.96502207840643,390.74337078331337,394.10119991575255,4401094
2023-05-22,418.64306640625,428.32155136835786,399.977457739561,400.47125707010366,17691079
2023-05-23,422.0008850097656,435.4816304993494,419.18625300911,423.48228296342376,18654251
2023-05-24,417.0628662109375,424.667387294888,414.39636814162566,422.790956030013,6096592
2023-05-25,414.0013427734375,419.38373702873616,410.5447476934941,415.77900818747577,4130074
2023-05-26,419.28497314453125,420.3713376312411,412.3224150773157,416.1740435855438,3769455
2023-05-29,421.70458984375,425.556218243071,417.50729591673377,421.60582395882045,7799828
2023-05-30,425.5562438964844,427.58083917267953,420.07508355231755,421.70461526497917,3733902
2023-05-31,418.3467712402344,425.4574630470599,415.63087510157965,425.0624296365336,6180317
2023-06-01,423.92669677734375,425.9018939667548,418.7418041551398,419.7294027498453,3422014
2023-06-02,432.6175537109375,434.54338303229576,426.09942707674696,426.09942707674696,5425758
2023-06-05,433.6051940917969,436.1729567213368,431.6299967058616,434.5927927847645,3391422
2023-06-06,453.4559020996094,455.2335977059582,434.54339448126,436.32105994849064,15043392
2023-06-07,450.09808349609375,455.7767757179315,446.88838789244636,455.2829763942934,4545088
2023-06-08,446.0982971191406,454.29535339651784,440.3208393144267,450.3449590191568,4925548
2023-06-09,450.0487365722656,452.4683352872699,445.40701065831576,446.39460935157143,4370589
2023-06-12,450.6412048339844,452.7151678100176,447.826573086992,450.3449373256007,2768142
2023-06-13,453.2583923339844,458.0482214623677,449.9005329618855,451.82636229946473,2313541
2023-06-14,458.83831787109375,459.72715058769325,453.70279306989136,454.5422579118922,4260531
2023-06-15,452.66583251953125,463.0849858822052,451.381936232855,460.2209559182628,2606044
2023-06-16,455.1842041015625,459.8259297341422,451.33257545916575,455.67800341825745,4270855
2023-06-19,447.2340393066406,458.2951257229441,443.6786782610325,455.1841961102062,2390979
2023-06-20,443.38238525390625,449.9499096454358,441.06152261172525,447.8759466430801,3007712
2023-06-21,442.5429382324219,446.7402322781026,439.0863431359789,443.4317709436837,2653187
2023-06-22,439.333251953125,447.33280679964014,436.27169020456756,443.82681361661935,2318198
2023-06-23,420.5194396972656,439.4813434242501,418.7417744087237,439.4813434242501,4859137
2023-06-26,426.6919860839844,428.51904962033336,414.1001032549592,420.4701266241137,3401951
2023-06-27,428.46966552734375,435.1853240596803,427.77833444058064,428.61779929190214,3022273
2023-06-28,428.8647155761719,436.32107335955726,426.4944848339719,430.0004480006511,6405277
2023-06-30,420.61822509765625,435.5309695382402,419.72939241213624,430.5929766863327,6318237
2023-07-03,430.4448547363281,431.77811887073983,422.69219971834343,423.08723312950906,3025642
2023-07-04,427.33392333984375,433.45701653430734,425.75375956287604,431.0374180644005,1585173
2023-07-05,427.03765869140625,429.3091537148739,421.4083643583664,428.0252573609697,2057486
2023-07-06,426.1487731933594,429.80289987430217,424.2229439703271,426.64257246704807,2151838
2023-07-07,415.1225891113281,427.8375372313389,413.7318997130588,427.14217737482664,3734746
2023-07-10,416.7119445800781,422.0263937979835,409.31144619166975,416.21526764970855,3524816
2023-07-11,416.96026611328125,419.4436506642835,415.6689182726612,418.2019583887824,2512215
2023-07-12,418.7483215332031,420.18869680417856,412.24186565894587,417.2086351247163,2231762
2023-07-13,414.12921142578125,419.84099602774864,411.8941652771853,418.74830073659547,2744632
2023-07-14,413.83123779296875,416.4139639771345,411.29816717753977,414.1292318348992,7579025
2023-07-17,413.83123779296875,419.79136114961807,412.2915210703147,415.2219271799026,5100742
2023-07-18,413.4338684082031,421.8773758046461,411.5464719148432,414.1788837667128,3809061
2023-07-19,416.5132751464844,418.20198889023294,413.43390233045056,414.8245917174909,2260225
2023-07-20,418.1026306152344,420.7350122624219,415.76824299801007,417.2582737773336,2876080
2023-07-21,413.33453369140625,416.71193064200224,412.5398324405434,416.6125891963003,1990506
2023-07-24,419.9403381347656,425.9501167734185,412.68886718938666,414.22855352382555,3203223
2023-07-25,437.1750183105469,438.96304304455424,420.3376590871754,420.3376590871754,6432788
2023-07-26,440.55242919921875,445.3702013988464,433.79763519534634,440.7511120936429,5027847
2023-07-27,446.7608947753906,451.9760024965042,435.73466095922845,441.3471041580475,4479151
2023-07-28,451.7773132324219,453.61502389500515,445.07217482835705,451.97599612585105,4573656
2023-07-31,459.9228515625,465.68429200476754,451.7773375298755,451.97602043399024,5162855
2023-08-01,458.48248291015625,465.23730765571014,449.64163921507264,460.91621210428144,3111674
2023-08-02,457.8367919921875,466.2306443080782,447.0092408869869,458.9294873106399,8819107
2023-08-03,471.1973876953125,477.95218150405896,455.4030681169548,461.90952347222157,12633488
2023-08-04,468.61468505859375,474.3264697731394,466.9756572469358,473.82979284143977,2994518
2023-08-07,470.9490661621094,472.8364324134139,465.63461700375575,470.2537063414823,2245398
2023-08-08,463.1015930175781,472.8364489584682,453.21770974222926,471.7934395057853,5371066
2023-08-09,459.5751647949219,463.6479217505936,457.43946002388503,463.10158924454504,2483919
2023-08-10,454.1614074707031,462.75391249640603,451.6780227629997,459.97250343492533,2526713
2023-08-11,453.36669921875,460.32017629362275,450.98265599888737,454.4593945363237,2572588
2023-08-14,438.0193786621094,449.4926031469197,434.7412928701973,447.5555510737556,4208119
2023-08-16,434.2943115234375,437.37368417953127,429.2282008700764,437.37368417953127,1740262
2023-08-17,443.0357971191406,444.02915092434046,430.7678715619718,434.49294833147127,2130151
2023-08-18,450.0389404296875,457.8864599362944,436.8770021858699,442.9861524904632,4745941
2023-08-21,462.15789794921875,465.8829750417702,450.5853311779765,451.08200812365004,3554493
2023-08-22,460.7174987792969,467.52197864496554,459.2771539004203,465.1379354923654,3093757
2023-08-23,450.28729248046875,463.6975695865486,447.10857831825035,461.41286783511805,3474824
2023-08-24,445.9662170410156,458.92947248197527,443.9795093679335,453.41637081507366,4316497
2023-08-25,431.71160888671875,445.3205390611552,427.241516358631,445.22122792344624,5518417
2023-08-28,435.9333190917969,441.545761971795,429.22818097411493,436.2809989830715,3347943
2023-08-29,438.2677307128906,444.52584784151776,433.549299925746,437.0756939670789,4051913
2023-08-30,441.0987854003906,442.53916067551717,437.2743971525298,441.7444896846057,2230876
2023-08-31,425.55279541015625,439.41009413864873,422.2747397375958,436.92670944284396,12006942
2023-09-01,431.0162353515625,434.49297387415015,422.67206896030285,424.708432254774,3846763
2023-09-04,438.2180480957031,440.99945708506374,432.25792495175676,432.45660784912326,4347480
2023-09-05,437.2743835449219,441.4961374716162,434.59231598323794,438.3670485447335,2261743
2023-09-06,434.8406677246094,439.0624217801881,430.61891366903063,438.0690678847578,2410656
2023-09-07,436.52935791015625,437.6717087652893,432.30760408245555,435.03932714743837,2211370
2023-09-08,436.2810363769531,438.2677441376592,433.9963042632883,437.1253629234495,1913450
2023-09-11,447.90325927734375,450.38664398204713,436.3306926163771,436.3306926163771,5287778
2023-09-12,442.04248046875,450.883324015174,433.7479694352056,450.883324015174,5467782
2023-09-13,440.94976806640625,446.9595770493171,437.4233740238932,444.0291710651556,2583760
2023-09-14,442.24114990234375,443.4331563436166,438.764411397812,441.8437841071655,2000637
2023-09-15,442.0921325683594,445.1218800939552,439.5590922979679,442.04247700021625,2963506
2023-09-18,433.7479553222656,442.7378259112925,430.1222198094554,442.0424660859299,3707587
2023-09-20,425.304443359375,435.4366647206092,422.2250403719604,433.5989540414462,2289507
2023-09-21,423.2680969238281,427.73818941121124,420.38737671713216,424.65878630139633,2680700
2023-09-22,418.1523132324219,425.65212263723487,415.2715628297486,423.1687380244155,2666687
2023-09-25,420.0893249511719,423.11907229489015,411.9438418056282,417.7052818430799,3913804
2023-09-26,426.8938293457031,431.11558332992473,419.6423581575302,420.48668470257087,6162665
2023-09-27,427.58917236328125,428.9798616757106,423.1687356513505,425.15544333046483,1952178
2023-09-28,417.1092529296875,428.63216302768103,415.867560684532,428.13548612961887,3461405
2023-09-29,421.9767150878906,425.65213656099354,417.20862860120724,420.9833612102687,2835399
2023-10-03,429.3275451660156,431.5129054424301,419.6920007159839,421.2316870542476,2833284
2023-10-04,426.79449462890625,431.1155901321216,421.48004523137723,427.14217455486704,3214525
2023-10-05,429.97320556640625,431.95991319955147,425.900448855508,427.14214112622375,1287179
2023-10-06,432.8042907714844,434.0956386690834,428.93018644917896,431.1155770763895,1547935
2023-10-09,427.3408508300781,434.59232202017,424.65878323113753,427.2415093792369,4370429
2023-10-10,434.2943115234375,435.9333392985608,425.15544405797226,427.291148753724,3288646
2023-10-11,442.1418151855469,444.02918148236444,435.0889966203034,435.9830090435586,3228077
2023-10-12,442.63848876953125,447.35691963321227,441.09877208831966,446.01588585110994,1700298
2023-10-13,436.9763488769531,442.8371304797115,435.9829950353075,441.5457826114736,950920
2023-10-16,440.3040771484375,441.8437634310646,436.03266788293803,436.0823234476347,1353905
2023-10-17,439.7080993652344,441.545810149844,437.1750590369586,440.6021118155226,1043674
2023-10-18,430.1221923828125,441.0490841061634,428.63216169326466,439.45971197436194,1919224
2023-10-19,434.5426330566406,437.1253286915,427.2414765448596,429.6751751722851,1131689
2023-10-20,427.98651123046875,436.6286715143041,425.25478815002157,434.0956313292454,2066618
2023-10-23,413.185546875,429.8738794630902,408.86445155574785,429.8738794630902,1925177
2023-10-25,415.1722717285156,419.94035828928077,410.8511762307725,414.22857340421075,3289897
2023-10-26,413.5331726074219,419.6919782604584,405.0400097886436,411.8444893452843,2296586
2023-10-27,414.4768981933594,421.132381183001,412.34119345675185,416.66228881183235,1693364
2023-10-30,419.1456604003906,420.7846881557903,413.23519299013526,417.40729119911,1290400
2023-10-31,421.6290588378906,424.60912042379226,418.201975888202,421.13238190690697,1078687
2023-11-01,403.94732666015625,422.67205231447673,401.3646006535684,422.67205231447673,5188883
2023-11-02,416.9106140136719,420.5860049908547,407.4240667611359,408.2684235784459,3289570
2023-11-03,418.1026306152344,421.13237805537784,414.47689511516455,418.20197206347336,1579359
2023-11-06,418.4503173828125,422.175394392155,417.20862504636494,419.1456772171248,1061040
2023-11-07,416.7615966796875,420.53635950794205,415.32125178245207,418.99664284775463,662939
2023-11-08,418.20196533203125,423.1687345164972,416.4139405515249,418.79798369711784,1055490
2023-11-09,415.5198974609375,420.7350050997874,413.1855401982073,419.5926542513709,882283
2023-11-10,415.3212585449219,417.0596278150569,412.688876855954,415.9669324965926,1025880
2023-11-13,416.61260986328125,419.34433302445706,415.61925598649003,419.0463389873215,698694
2023-11-15,415.37091064453125,420.68535986038177,414.92391959622387,418.20197520949404,2736651
2023-11-16,417.1092529296875,417.85426827678083,414.2285329838772,417.2085943722504,1724084
2023-11-17,418.3013000488281,425.15543535016764,415.22189714105156,419.195312424698,2116735
2023-11-20,418.69866943359375,421.4303926624013,415.4206136849268,418.30133393599095,1481395
2023-11-21,417.3576354980469,421.48004812479746,416.3146260277594,419.59268177559596,1003554
2023-11-22,411.4968566894531,418.40067848099613,410.5035027807278,417.20864166462354,1457858
2023-11-23,412.8378601074219,413.98021095532573,405.88438325874216,413.98021095532573,1212949
2023-11-24,411.5465087890625,413.2352225455594,408.6161329718834,413.185566976444,1929621
2023-11-28,428.3341979980469,432.55595191724126,414.4768994785543,418.2019764660787,7654493
2023-11-29,432.7546081542969,434.3936359796932,425.2051126662316,432.10893420062615,4081524
2023-11-30,436.3306884765625,440.05576549827475,427.8375249929603,433.1022883910785,6906477
2023-12-01,439.0624084472656,441.04911617779624,435.0889929862044,441.04911617779624,2478791
2023-12-04,471.3960876464844,472.637780038678,450.23766140940734,456.9428003272529,13146040
2023-12-05,505.6667785644531,510.08721543953885,471.3960698348249,471.8430912050262,22838581
2023-12-06,497.7696228027344,520.1697704218044,496.18025057178585,511.5772353242637,13223984
2023-12-07,501.7430419921875,505.02109761240837,493.0511956956505,500.3523526476924,3608185
2023-12-08,491.0644836425781,506.2131299115967,479.1442373981045,505.56745596963844,4085720
2023-12-11,500.65032958984375,503.133714161222,486.24669907585024,494.59086517273033,4277828
2023-12-12,498.0179443359375,507.1071257372291,494.4418645165637,502.68668910686046,3392736
2023-12-13,505.6667785644531,509.98790430372037,498.71330143090535,500.65035361543835,3481573
2023-12-14,516.7923583984375,519.9214473863395,508.4481918317933,511.3785676021435,5858223
2023-12-15,518.9280395507812,525.8815160191826,511.08052042749847,520.2193873404409,5777967
2023-12-18,522.156494140625,528.9609440041801,520.8154300175565,526.4775592905454,2875095
2023-12-19,518.8783569335938,527.0238705924143,513.5639381120898,524.888196202341,2762093
2023-12-20,487.1903991699219,522.802109805525,482.76996249035375,520.5174081171716,5434428
2023-12-21,500.5509948730469,502.53770255685714,477.25686546922356,477.80319795636996,3610387
2023-12-22,500.45166015625,507.0078016639451,494.9385583854347,501.7430383569459,2571515
2023-12-26,501.99139404296875,505.17010830001675,499.3093264158378,500.65036022940325,1869260
2023-12-27,513.5639038085938,519.524026483355,509.7395160107566,517.4876633620455,5618393
2023-12-28,510.83221435546875,516.4943433930399,508.6468237724317,514.557291271041,1945694
2023-12-29,517.4380493164062,518.9777356716913,508.19984024043384,511.1798715021702,2686563
2024-01-01,530.7489624023438,536.1130975702104,516.3453312388409,517.3883406799514,4251624
2024-01-02,527.37158203125,533.4310162508251,515.0539700671375,533.4310162508251,2655551
2024-01-03,532.5369873046875,545.3512765239948,524.6398725143679,534.871405285,13711402
2024-01-04,545.7982788085938,550.8643591342444,533.1826729309948,534.7720148211383,6112049
2024-01-05,538.7454223632812,554.1921228349223,534.8217232608574,546.3446033710629,5130749
2024-01-08,526.67626953125,540.6328802204081,523.3982136650031,540.6328802204081,3333769
2024-01-09,521.70947265625,535.2190612437697,519.7724204541215,532.2886551563969,2741683
2024-01-10,522.6531372070312,525.186177324855,514.8056177687872,525.186177324855,1792977
2024-01-11,534.6727294921875,538.3481509987139,521.9081563004714,525.6332333754286,2505937
2024-01-12,528.8616333007812,541.1295295443848,527.5702247450254,539.3911602434162,2315342
2024-01-15,527.9179077148438,533.6296922658578,523.0007941058956,533.4310093729647,1838608
2024-01-16,525.1861572265625,531.3946183706502,521.510736103362,530.2522372683367,2732941
2024-01-17,517.09033203125,535.7653721964915,514.8056303130222,524.4908303044394,6229815
2024-01-18,520.6664428710938,523.4478215152658,505.6171078455004,519.1764121014115,2084710
2024-01-19,533.5303344726562,534.4243771993283,521.7591154720208,523.348457397762,2661086
2024-01-23,521.5604248046875,540.1858094203403,513.6135940353422,540.1858094203403,2682760
2024-01-24,523.9445190429688,527.4709132106598,511.08057409959406,521.560445465919,3893697
2024-01-25,556.4271850585938,562.2382808473508,522.8517763206405,526.4775421362118,8019238
2024-01-29,570.284423828125,575.0525708350993,559.059537394014,567.1057399961525,7828638
2024-01-30,567.0560302734375,580.0690022984766,564.2746515739548,570.3838021029417,4572466
2024-01-31,556.5761108398438,582.5523364401266,543.3645176909909,569.5890817362879,13741694
2024-02-01,561.2945556640625,566.0129862401218,550.3676638037145,564.2249615161477,6228014
2024-02-02,553.6954345703125,568.4467143070824,550.8643398513686,566.8573724725735,3263916
2024-02-05,551.3114013671875,559.4072597111399,547.3379858618384,556.2781707488739,2366641
2024-02-06,562.8342895507812,564.2250092479146,546.2949836679629,555.2351686736517,2969565
2024-02-07,564.4237060546875,572.1221988881055,560.5496015383242,566.2117309739662,2248160
2024-02-08,559.6058959960938,567.4534160674744,555.9305350652171,566.2117236909592,2089376
2024-02-09,572.3704833984375,578.3802618855159,548.8776412958968,560.9469144646746,6956624
2024-02-12,559.7548828125,583.2973806928933,556.5264828672638,578.2312397857419,3475737
2024-02-13,564.4733276367188,566.2116968815304,548.8280044334133,562.5859310619772,2529788
2024-02-14,567.105712890625,569.539381215126,555.93048255749,556.4271594611848,2094616
2024-02-15,568.44677734375,570.9798176988029,565.0693497840053,570.0858355538196,1240706
2024-02-16,581.2113037109375,586.7244659902958,569.2414021435368,569.3904294703597,9619487
2024-02-19,580.9630126953125,590.0522252656024,578.0326671508853,584.8867727838395,3141571
2024-02-20,584.8867797851562,586.078816622834,575.5989448243789,580.9630196496603,1867263
2024-02-21,583.8933715820312,592.7342449576865,579.3736237625922,587.9661586797122,4209055
2024-02-22,588.8104858398438,591.0455319691388,579.1252859462318,589.0588242986543,1838366
2024-02-23,598.9426879882812,604.6544723588073,583.3470211463352,589.8534764338161,4824640
2024-02-26,604.5551147460938,611.1609419461972,598.5949917852207,598.9427020023086,5715227
2024-02-27,599.3400268554688,608.4292389213625,595.0189618186059,603.9094909867055,3604237
2024-02-28,585.3338012695312,601.9724795406635,581.2113582221922,599.8864605465353,2831925
2024-02-29,601.8731689453125,605.6479017440433,580.1186936804893,585.3338018000485,3263796
2024-03-01,613.495361328125,615.8794350057586,602.9658339491863,604.0584990175529,4011709
2024-03-04,613.04833984375,617.6177432055309,608.478875852463,617.121066291011,1878206
2024-03-05,609.0252685546875,620.846204540952,606.7405666478792,620.846204540952,2430074
2024-03-06,594.3236083984375,609.571626683294,591.5422296878556,608.8762668482714,4127035
2024-03-07,599.1414184570312,602.5684408479077,592.5355908868743,594.3236157493988,2393414
2024-03-11,598.0486450195312,608.3298932591313,596.2109647356317,600.8797397360173,2547145
2024-03-12,583.64501953125,601.8730983409312,580.1682811927255,600.9790556592228,2900178
2024-03-13,555.5331420898438,586.4264226551961,547.1392899091203,585.4330688025544,5946259
2024-03-14,578.5789794921875,580.8140257220341,548.0333476842842,551.8080803021232,3200499
2024-03-15,596.7573852539062,599.8367582460245,572.0228476557467,579.920023681389,3693325
2024-03-18,580.7643432617188,591.0455311911402,578.3306142426775,591.0455311911402,6348109
2024-03-19,576.4432373046875,584.688062280757,568.7447448299554,578.1319510056917,2021483
2024-03-20,572.5194702148438,583.5953899525549,562.8342701262694,577.4862394910357,1678012
2024-03-21,583.2974243164062,586.9728458856068,576.145264084626,576.145264084626,1977799
2024-03-22,585.43310546875,590.747585290938,577.6849570587732,584.0921019354986,1818091
2024-03-26,591.09521484375,596.4096944855303,582.6020512859437,585.433085595376,2175165
2024-03-27,597.5023803710938,605.9458886556396,592.9826321799745,594.0256416656925,5070366
2024-03-28,608.2801513671875,612.8992706081747,598.2473026317232,603.4624098775788,3861492
2024-04-01,617.369384765625,622.4851810713977,609.223871505246,615.2833660439628,3976554
2024-04-02,630.481689453125,632.8657022728141,615.5317264037077,617.8660836576857,4503263
2024-04-03,630.7300415039062,636.0444603691554,622.3361893146231,627.7996355097235,4389047
2024-04-04,620.5481567382812,636.5411293301784,619.4554311352312,635.7464583831008,2100754
2024-04-05,623.0315551757812,629.04133392273,614.0913704062517,620.597826084841,2386291
2024-04-08,626.3592529296875,630.2830127313792,617.9654008391208,623.0315418108834,2965491
2024-04-09,618.958740234375,629.7366655459173,614.4389924847953,627.2036254339115,2431726
2024-04-10,621.4918823242188,624.5712551155293,616.2767744286219,616.2767744286219,1293786
2024-04-12,604.803466796875,626.1109189868221,601.5750667871712,619.3561249385739,4161320
2024-04-15,602.8167724609375,611.5086188335773,589.5058669651143,596.0123226953029,2647237
2024-04-16,613.4456787109375,617.8661156190011,597.2540225336405,600.9294440289802,1983635
2024-04-18,611.1609497070312,633.561066660193,606.9391958894695,633.561066660193,4944023
2024-04-19,605.5982055664062,610.0682979405811,597.0553259847227,607.9325628877832,2001911
2024-04-22,612.2039794921875,616.9720659542572,609.0252349743048,611.905985456341,1566507
2024-04-23,632.3193969726562,634.7531260921821,614.6377101244722,617.1210948118438,3751042
2024-04-24,640.1669311523438,642.5012885588717,630.8790358361672,636.7398480812307,4701815
2024-04-25,634.1073608398438,644.6866028424495,625.0182101358686,639.7198339453581,3367321
2024-04-26,628.1472778320312,637.7331666605858,625.9122316871927,637.7331666605858,1663147
2024-04-29,625.4652709960938,634.0577453534615,620.9454625104561,633.7597513267016,2217374
2024-04-30,615.7800903320312,629.7863556942481,612.1543244425558,629.7863556942481,5514688
2024-05-02,621.54150390625,626.7069559510546,605.1015101364109,610.9126057933746,6286712
2024-05-03,618.3131103515625,630.2333564415422,612.2039599786451,625.3162428035242,2566478
2024-05-06,603.4127807617188,621.5911432609482,595.8632554686612,620.8957834717909,3525659
2024-05-07,590.0025634765625,608.131272226709,584.8867666185524,606.6412413705326,2548462
2024-05-08,590.5985107421875,597.0056551067553,584.0920552458771,587.0224611863623,2526772
2024-05-09,570.4830932617188,592.187910856068,568.1983915753416,592.0388835295518,2481928
2024-05-10,577.9332885742188,582.1053870922497,569.4897803996724,572.1718480633716,3039660
2024-05-13,584.2907104492188,587.8171042720561,565.6156713536329,580.168267975653,2203837
2024-05-14,606.1445922851562,612.84973144621,583.0987685242245,583.1980796673977,3537595
2024-05-15,609.1742553710938,614.1410246770138,605.8465441879306,607.9325630446137,1479399
2024-05-16,611.3099975585938,612.3530069991076,602.1711298031462,609.0252351476003,2013842
2024-05-17,616.5747680664062,618.0151433244392,607.0882505979279,611.9059926846313,2065379
2024-05-21,627.5016479492188,630.5313651082009,609.2239126017228,616.77343834504,3811359
2024-05-22,628.8426513671875,631.524718925411,617.5184536973114,627.50164790283,2209062
2024-05-23,642.2032470703125,643.9912718272058,622.4354817253945,630.779678096904,4718924
2024-05-24,631.0776977539062,652.5838331640566,623.1805224081959,643.6933039542193,4865705
2024-05-27,628.2963256835938,634.4551318320066,622.4355135716586,634.4551318320066,1632214
2024-05-28,625.4652709960938,632.2697205633942,622.832859062448,629.6870248254644,2482711
2024-05-29,625.9122314453125,629.2896587591216,616.2767476837823,622.3858374329426,1702062
2024-05-30,615.0350341796875,626.7565969825583,612.2535950150192,624.7698893675123,2485481
2024-05-31,629.8359985351562,635.597438758177,618.5118009856689,620.8461582890326,3662225
2024-06-03,666.3417358398438,672.1528921125976,649.1070711721386,663.5603572467467,11189978
2024-06-04,552.9007568359375,666.4908117500852,514.9049701370404,666.3417844131873,20044195
2024-06-05,594.919677734375,597.8500232494232,546.5929860223484,571.1784951619271,6564509
2024-06-06,605.9954833984375,618.1144120810093,599.7373664827792,603.9591202012915,3774112
2024-06-07,617.1707153320312,619.8527827679861,603.2637618724931,605.9954848734737,3023546
2024-06-10,636.0941162109375,638.7761837428661,619.8528049484659,621.839512656634,4340712
2024-06-11,635.4981079101562,645.679984590233,633.3623729400939,641.6072581700046,2706589
2024-06-12,664.2557373046875,671.2588698812092,633.7597617228435,640.4649002677169,5320428
2024-06-13,660.0836181640625,675.9276238335556,650.2991072180981,674.1892546359828,8012245
2024-06-14,674.7300415039062,686.4869908686109,669.7482781449178,686.4869908686109,15699653
2024-06-18,671.6412963867188,680.459053818166,667.8551684829092,680.459053818166,2670571
2024-06-19,664.367919921875,672.836917256484,651.9135120768618,672.1893245360662,3104511
2024-06-20,656.7459106445312,667.0581368291203,654.6535334738968,663.5709023572728,2840525
2024-06-21,655.0520629882812,665.513765830582,650.6182815259411,656.7458746585903,3723454
2024-06-24,655.3509521484375,660.0338217417286,640.9038387981489,652.6607878448414,2151184
2024-06-25,646.43359375,664.1188534678591,641.6511131437348,659.9840264157149,2786086
2024-06-26,654.6535034179688,663.4712609509038,645.686329473483,646.4335939688568,4247865
2024-06-27,658.2404174804688,675.6765892510286,650.0703134026124,655.6000585730533,6564930
2024-06-28,667.8053588867188,672.4882284707373,657.5927442972538,663.5708601545016,3948035
2024-07-01,692.465087890625,699.2402737103564,661.6279613824843,665.5635664905576,6820204
2024-07-02,689.8247680664062,704.3715539854547,676.8223774836154,694.4080269775624,5783589
2024-07-03,690.1735229492188,696.84909815817,685.1419540095576,692.4651219817578,1357858
2024-07-04,679.6121215820312,692.1163960510537,669.2998959288359,690.7712834794153,4072206
2024-07-05,683.4979248046875,688.4796881050132,674.5307508641013,679.6121251054174,4592446
2024-07-08,681.056884765625,686.0386483303104,676.7227747893662,683.9463319581599,2099399
2024-07-09,675.1784057617188,685.4906314888975,668.9512016239199,679.5125155166106,2756185
2024-07-10,662.5745239257812,679.163820165631,653.8066326137829,677.5198139391448,7590766
2024-07-11,676.6729125976562,685.4408035740711,670.1467542249048,677.5197880076505,6139579
2024-07-12,674.0325927734375,679.9609034237536,671.2926228841146,678.0180035215435,1807744
2024-07-15,681.7045288085938,687.931733177255,679.0143643588235,684.0459333261933,2184021
2024-07-16,682.8502807617188,689.4760503684552,680.7579644714552,686.9353632124091,2484802
2024-07-18,687.732421875,689.9244098841216,676.5234544775444,682.850269527981,3034365
2024-07-19,675.427490234375,689.9244092254016,667.9548453098726,688.5294911811452,2613915
2024-07-22,684.5938720703125,686.0884010247485,671.2925887008474,675.3776101846237,3014997
2024-07-23,688.828369140625,692.4650805794752,660.1832309152151,685.490612141984,4681258
2024-07-24,679.9110717773438,690.4723855282286,677.6194120353713,688.8283793329075,1157565
2024-07-25,673.434814453125,682.5015997007752,670.0471909471114,675.6267417437357,1226783
2024-07-26,683.896484375,688.9280531030113,673.5841979435406,673.5841979435406,1914855
2024-07-29,677.370361328125,690.9706000595045,668.5526642248414,689.4760710038603,3176753
2024-07-30,671.9900512695312,678.5659543788789,668.7519051844281,677.3703190464869,1526425
2024-07-31,677.4700317382812,684.1456070027203,669.8977147172224,675.2780436318552,5007055
2024-08-01,661.5781860351562,678.51618176196,652.6110118268484,677.519829072148,7613696
2024-08-02,650.4190063476562,659.8843566476663,646.2343129998806,658.5891103480678,3552731
2024-08-05,633.8297729492188,648.1772148554513,631.4385022252429,644.6401750528319,3071394
2024-08-06,623.2684326171875,646.6329160930748,620.6779398669478,635.7726471064015,2519055
2024-08-07,640.9536743164062,645.6365441292348,631.239235573721,631.6876064474303,2259244
2024-08-08,636.1712036132812,642.8965843875799,634.7762854980391,642.5976907378974,1121594
2024-08-09,629.6948852539062,643.1456462522096,627.8017908624621,642.6474699189391,2605583
2024-08-12,633.13232421875,638.6620694437814,615.4968695770608,618.8346267382168,3209718
2024-08-13,622.1226196289062,636.6195385389025,619.8309598815026,632.9828270376227,1379099
2024-08-14,620.927001953125,626.6062243881084,615.2477795181416,624.214953632576,930171
2024-08-16,638.1638793945312,639.6086029155438,621.1760786863496,622.7204131484497,958226
2024-08-19,631.388671875,641.3023926758843,629.8941429345412,640.6547391433369,938492
2024-08-20,624.1651611328125,637.1177462339601,622.3717384351621,633.680317256147,1390850
2024-08-21,626.9548950195312,629.4457766048293,622.5211136351928,624.7131015927629,1038309
2024-08-22,629.49560546875,637.1675331990972,620.1797323185333,627.1542010165688,5299763
2024-08-23,631.2890014648438,657.5927351977699,629.2962962066687,653.6073246814198,14351644
2024-08-26,625.3607788085938,637.5660990386963,623.1189852969422,636.6195518379352,3688932
2024-08-27,622.1724243164062,627.5526921376838,619.7811536319231,626.5065340179249,2374774
2024-08-28,614.1517944335938,624.9621963020857,612.8564873456305,623.7665609661022,2570418
2024-08-29,610.2659912109375,616.7422833625639,598.5090422366469,615.4470370947463,6301579
2024-08-30,614.7993774414062,619.3826360214307,607.1773163185736,610.4154623621888,3540177
2024-09-02,618.13720703125,621.9233349304502,614.0521246876729,617.738641647107,2224671
2024-09-03,615.5466918945312,620.2295617926633,611.9100409916264,619.9804736152365,2546441
2024-09-04,624.812744140625,626.7058385662393,610.3656302150122,612.756900982889,2347174
2024-09-05,629.54541015625,634.4275625638148,625.1116894251928,626.6560239010419,2834101
2024-09-06,620.976806640625,628.6985398960841,618.0375540776516,624.7131291835891,2085086
2024-09-09,627.8516845703125,629.1967364038783,612.507828510347,620.6281274223662,1675042
2024-09-10,624.762939453125,628.6985447244473,621.4251822807933,627.8516692665546,1466555
2024-09-11,620.7277221679688,629.6948963244884,618.3863176854499,624.7131329041997,1659410
2024-09-12,625.8589477539062,627.4032822145213,618.3364365202743,623.8163761507112,1052634
2024-09-13,627.3035888671875,633.4311818407607,623.2185674264975,625.8589262098345,1898585
2024-09-16,625.0120239257812,631.5381218164824,623.9658657744163,628.6985410038429,737033
2024-09-17,620.7277221679688,625.1116983028395,618.4361231571444,623.6669747484475,1091216
2024-09-18,617.8382568359375,623.7167618235073,612.7568826221358,620.7277038594968,736543
2024-09-19,606.1809692382812,621.7240460648878,595.8188774788508,621.7240460648878,2512582
2024-09-20,614.3012084960938,616.5430019377966,604.8358584089042,608.7714635024014,1799104
2024-09-23,619.7811889648438,621.724088905181,614.84923090477,617.7386780788657,1601273
2024-09-24,616.0448608398438,621.6244724346201,613.6536508528333,617.7386725884819,1309122
2024-09-25,613.8030395507812,617.3400793054589,607.7751181642828,616.04483301942,1456337
2024-09-26,622.869873046875,624.7629065626654,608.6219817403255,613.8030275961127,1936586
2024-09-27,631.6876220703125,634.1286983875093,620.8772194245684,622.7204476245194,3874843
2024-09-30,630.2428588867188,640.9536499131659,625.7592719454153,631.68758239698,4215188
2024-10-01,630.1432495117188,632.4348484582363,620.7277047490842,627.9014560354982,1508022
2024-10-03,615.197998046875,630.6912706531765,610.814021761551,620.7277434706618,1552493
2024-10-04,608.4725952148438,619.7313683618022,602.3948073655712,613.2052704555488,1538542
2024-10-07,588.19677734375,617.0910049178912,584.5103210963925,612.7568951067865,3195158
2024-10-08,604.1882934570312,608.1737042032846,582.3183398244573,586.5528387423516,3481559
2024-10-09,605.7326049804688,615.1481496738259,603.5406169906732,607.7751157479335,3148946
2024-10-10,583.1154174804688,611.2125757736039,579.877271206549,608.5722167944676,6417410
2024-10-11,583.0656127929688,590.63786899562,580.9234301607823,586.8019354217524,1939238
2024-10-14,586.7521362304688,588.6451698951254,581.2721963162559,585.8055889918687,1202564
2024-10-15,588.19677734375,594.8225469573196,584.4106493413708,588.0473609300292,1805205
2024-10-16,586.9015502929688,592.2818792394266,574.2977250284163,588.1967966504366,20191089
2024-10-17,569.1664428710938,593.6268879033088,567.2235430699013,585.8553495110777,3483057
2024-10-18,571.8566284179688,575.2940572998451,556.9113383337595,569.415552208373,5208678
2024-10-21,569.8141479492188,575.7922643012824,564.2345361997661,572.2053580025176,3650658
2024-10-22,556.4629516601562,581.1226795985427,554.0716809896,566.924654421896,5527745
2024-10-23,553.8226318359375,562.4909126115618,549.687804559736,558.9538726388337,4336713
2024-10-24,556.8615112304688,560.4981618554968,551.4811826841445,554.9684169016595,1330005
2024-10-25,550.6841430664062,558.9538582179965,543.211497903064,554.0219002476823,1607719
2024-10-28,567.3232421875,580.1263498426956,545.0547232285551,550.6841402141321,6419282
2024-10-29,572.9027709960938,574.148211802607,564.5832507336011,567.9210077700408,2417223
2024-10-30,577.5856323242188,583.6135535789585,568.3693704879313,572.8031518581664,2364199
2024-10-31,578.4325561523438,584.65976061702,572.2551571608761,577.5856806701652,2016146
2024-11-01,580.3256225585938,583.3644860278275,577.9343518348298,580.8237988916662,216563
2024-11-04,569.31591796875,578.5819852792678,563.9355894335907,577.8347208056366,1059806
2024-11-05,569.9137573242188,572.9028154920031,563.2879873939457,568.917404601624,625470
2024-11-06,580.52490234375,582.8663067724351,569.9137221774921,569.9137221774921,1682970
2024-11-07,568.6184692382812,582.9161054337443,567.3232229564252,582.0692300066761,822608
2024-11-08,562.8396606445312,572.603904874183,559.4520371630506,572.603904874183,901220
2024-11-11,558.3560791015625,565.7290526164394,556.5127901134362,561.942924507444,745179
2024-11-12,554.5698852539062,563.4374485570986,552.4775689211515,559.9004086552787,761972
2024-11-13,543.3609008789062,556.2138745669564,539.275879282338,551.9793757458018,838603
2024-11-14,542.5140380859375,550.2855768822359,539.0766091531876,543.3609135448933,1535042
2024-11-18,548.5419311523438,552.9757125415358,535.9381068044609,539.0267756485962,1707792
2024-11-19,547.5455932617188,558.3061898492455,544.9052951948363,549.0401222547791,1267125
2024-11-21,482.3841552734375,498.1763517036991,451.39758011621313,492.7960531865534,38274180
2024-11-22,498.0268859863281,512.9721455642052,475.40966831447685,475.40966831447685,11645446
2024-11-25,503.1083068847656,512.4241802835887,501.364689663726,511.6271102879077,5805213
2024-11-26,491.8993225097656,506.4460470830074,489.90661718123715,505.44969441874315,4602794
2024-11-27,513.1216430664062,521.5906410587644,487.26627820958066,495.1872943767066,8458453
2024-11-28,511.12890625,520.644061835421,508.78747145590495,516.608845790692,6194006
2024-11-29,529.5614624023438,533.7461559234409,511.6271137226783,513.61981913153,6608627
2024-12-02,536.8347778320312,539.0267657517547,528.1166924340131,530.0595921995075,3153526
2024-12-03,564.4835815429688,569.8639101765356,537.0340782053692,539.1263944447899,5596923
2024-12-04,562.640380859375,570.6112024453055,558.3560764194459,570.6112024453055,1530852
2024-12-05,569.0169677734375,571.2587612110518,561.3451011036332,566.9246515566798,3051624
2024-12-06,563.2381591796875,571.4580688092171,562.4410891963021,569.6148406718545,855417
2024-12-09,569.2162475585938,574.6463815756088,562.9392381278178,565.9282960293815,1156965
2024-12-10,571.4082641601562,572.4544223156395,564.0352299750085,569.6646469635036,1086901
2024-12-11,576.3402099609375,582.0692377720551,573.3511519725283,575.891839100168,2670785
2024-12-12,569.6646118164062,577.5856273264267,568.1202774143044,575.8918157059603,2304456
2024-12-13,570.6610107421875,572.8529988516761,561.992730062076,567.9210408084624,2266790
2024-12-16,574.845703125,576.6391258246675,569.7642678613088,571.1591859680184,1121729
2024-12-17,569.0169677734375,576.3900016266068,567.4726333455889,573.8991200292576,1085240
2024-12-18,562.4909057617188,576.8882144683865,561.0461821812842,574.8955090643507,1635003
2024-12-19,561.2454223632812,562.34144673999,551.630656004765,553.7229721954681,1365391
2024-12-20,546.79833984375,567.5224634715663,545.0049171782495,561.4447364349974,2113009
2024-12-23,548.6416015625,552.4775348736678,545.2539782860499,548.9903006589558,832775
2024-12-24,541.119140625,554.9684678275821,540.0231769525126,549.9867042025589,978111
2024-12-26,546.79833984375,548.7412397366013,538.429013800567,542.015859131568,1688865
2024-12-27,545.9514770507812,551.4314169301234,544.506753465537,547.9939879342093,1167271
2024-12-30,542.6136474609375,556.8615394942599,539.4751729934025,546.0012709120509,3433945
2024-12-31,533.8457641601562,547.0474374268142,531.5541651141128,543.958768383783,1065733
2025-01-01,536.635498046875,540.0231212877172,528.614871599851,535.0413581762069,844154
2025-01-02,547.844482421875,548.691418665214,536.5359041251264,542.0158437215762,2762768
2025-01-03,546.69873046875,551.6804938941759,544.0583715282576,549.7873994674974,2142459
2025-01-06,527.96728515625,546.0012435091838,524.1810964964839,545.65254441225,3644057
2025-01-07,533.7959594726562,537.7315648034653,523.384061586416,530.7072904250831,758887
2025-01-08,536.0875244140625,538.5784060076717,528.3159860045096,535.0413663072544,1397351
2025-01-09,523.334228515625,537.9308191381257,520.2455596309342,537.0340774296466,1332797
2025-01-10,509.38531494140625,522.0390063210411,506.5955395599813,520.1957173491311,1984355
2025-01-13,491.4011535644531,512.1252771301696,489.40844820597,502.16175033775386,2284737
2025-01-14,513.4703369140625,515.5129085883326,492.2978725569099,492.2978725569099,1755495
2025-01-15,517.4059448242188,522.985556430415,510.87984680328213,516.1106984770358,1765699
2025-01-16,538.179931640625,541.1191234359878,526.2735047925264,532.0523382514759,4303187
2025-01-17,534.2941284179688,540.6708099399552,528.2662068239667,540.0231563683712,964325
2025-01-20,533.3973999023438,537.1337225713502,528.0669372195786,536.7850234472603,669217
2025-01-21,529.810546875,546.6489317871116,528.6149114755381,533.3973922608434,2560552
2025-01-22,534.6926879882812,536.6853933406087,524.480073057603,531.8032409023899,1658282
2025-01-23,546.79833984375,549.9866805893852,528.8141860920583,533.845754974797,1841473
2025-01-24,549.7874145507812,559.8506134337481,545.0049336936745,549.8870863095493,3859868
2025-01-27,532.9490966796875,550.1859866516633,531.4047013066203,546.7485575895029,1868811
2025-01-28,541.1690063476562,548.9405454320895,524.2310100402184,537.9308599947638,1310270
2025-01-29,520.1956787109375,549.089904698378,516.1106572929008,541.0194727993148,11092387
2025-01-30,507.6914978027344,526.3731106215909,495.2869251347762,526.3731106215909,10002380
2025-01-31,510.92962646484375,516.409566036705,507.69148035419846,509.1362038583789,2315032
2025-02-01,499.6708679199219,515.8117934628942,485.2237540917287,514.117981748115,5527354
2025-02-03,493.3440246582031,498.17634124957823,484.77538550745624,498.17634124957823,4400205
2025-02-04,511.8263854980469,512.8725436528489,495.68545986846493,496.38291890918015,3229502
2025-02-05,519.8967895507812,524.430181849361,510.38163410814917,515.0146981571331,1748997
2025-02-06,512.2747802734375,522.537201226301,510.1325975796769,519.5979485113311,745901
2025-02-07,510.87982177734375,520.5444546541183,505.44968766712924,512.2747398136971,2084178
2025-02-10,504.9017028808594,518.0535699580734,502.211538576707,515.1143174926577,2018861
2025-02-11,498.0766906738281,510.23217493139026,491.55059288685476,506.14715333383026,2784189
2025-02-12,499.2723388671875,503.7559259706333,479.54453736826326,500.16905020662244,1909072
2025-02-13,500.6672058105469,508.68783246749155,498.2261296595099,503.1580874314949,1036149
2025-02-14,487.7146301269531,506.29660127116927,482.0354077668482,500.9163029547001,2619355
2025-02-17,486.5190124511719,488.860447383219,477.45222718375715,486.22011880294093,2529934
2025-02-18,484.97467041015625,491.6502455757423,472.370815000525,490.1058806670886,2265606
2025-02-19,478.1496276855469,488.611330445604,472.3209586379754,476.30636921323526,1721933
2025-02-20,481.0888977050781,482.5335908475734,475.85804613414496,478.29909195681796,1676642
2025-02-21,480.1921691894531,484.7255615595163,474.2638587920447,481.3379686493984,3329038
2025-02-24,468.6842956542969,477.15329345351495,467.2894079803857,475.2602294384733,2118594
2025-02-25,467.5384826660156,472.12171095347884,464.99779556203805,470.2784524632059,3465845
2025-02-27,468.08648681640625,471.12538079853795,457.4753366308971,468.2857695191357,4261863
2025-02-28,463.2541809082031,466.94066750229257,456.3295177664874,466.1934030081335,3502154
2025-03-03,470.0791931152344,472.3708225759087,453.34047986725955,463.3040068973092,2019207
2025-03-04,473.26751708984375,479.0961862763096,463.9516135669264,468.18611240404607,1247846
2025-03-05,489.3088073730469,491.20187138434903,472.2711704587859,472.3209759302922,2223913
2025-03-06,496.6817932128906,498.8239453170082,485.22373780276376,489.3585951955991,3280234
2025-03-07,497.97705078125,503.5566317974482,490.15570667067504,495.68545180976326,1851476
2025-03-10,487.81427001953125,506.14715294249345,485.12410566618706,496.18362630976725,1626327
2025-03-11,493.7425537109375,495.2370827167092,478.34892319525125,483.23104519951806,1903051
2025-03-12,487.4157409667969,500.1192375781106,483.6295825565253,493.7425561305523,2004582
2025-03-13,484.0281066894531,491.79967562700944,482.63321905643636,490.10586395431557,1626551
2025-03-17,488.76080322265625,492.94549671146723,484.32705196593184,486.2201160084811,2759538
2025-03-18,488.76080322265625,488.76080322265625,488.76080322265625,488.76080322265625,0
2025-03-19,505.20062255859375,506.89443430502075,496.1836428184773,496.1836428184773,1284144
2025-03-20,502.85919189453125,510.58092489021817,501.5639152127833,506.14714345921914,1239801
2025-03-21,512.6234741210938,515.1143559195442,503.15812328698223,503.15812328698223,4271244
2025-03-24,517.4059448242188,520.0961092760864,508.68785870129585,515.014734832314,2892707
2025-03-25,518.6513671875,536.6853868970686,516.260157280941,528.0669120267107,6690237
2025-03-26,530.5079956054688,535.7388471653815,517.6550217332381,520.0960979570389,4409160
2025-03-27,540.8201904296875,543.3110719817886,524.2807612487512,528.1166945139718,3250046
2025-03-28,536.3864135742188,549.9866512870386,534.3439028469829,542.9125719451373,1557007
2025-04-01,527.96728515625,540.870003118343,527.2698261498437,536.0377171677753,953159
2025-04-02,532.1021118164062,534.5929934004289,522.4374791078907,525.6756251671202,1395075
2025-04-03,538.7279052734375,542.2151396471905,528.5650957931348,528.7145730198836,857218
2025-04-04,526.2734985351562,541.966053268911,523.6829450757099,538.6282352983334,1254580
2025-04-07,523.284423828125,530.0596096841361,478.59800140413887,493.1945616421943,3055609
2025-04-08,534.8421020507812,537.1337010333747,525.5262288946235,533.0486794040795,1899103
2025-04-09,545.802001953125,550.2855891446554,529.2127658319885,534.8421221516063,4262270
2025-04-11,546.64892578125,554.7691636888188,542.0158614639404,551.7303001574577,3541770
2025-04-15,556.0145874023438,557.1604172815208,548.2430488496724,552.9757239646855,2937116
2025-04-16,563.6865234375,564.4337879405103,550.3852396089316,557.9076901100613,3073452
2025-04-17,567.7217407226562,569.016987034614,560.0996792642849,563.6865245608666,2468247
2025-04-21,576.78857421875,580.176136745976,565.7788287707812,570.2126102320059,3429479
2025-04-22,575.792236328125,582.66703331148,573.0024001826624,577.8845526246806,4202944
2025-04-23,572.255126953125,580.77399086115,567.2235581737777,580.5249026957116,2666108
2025-04-24,569.9137573242188,577.8845791049771,566.3269118478952,572.2551618972989,4092552
2025-04-25,546.69873046875,572.1057239384222,542.0158606863413,569.9137358687265,3491060
2025-04-28,542.96240234375,550.8335519878553,539.0267971154267,546.8481412882958,2686840
2025-04-29,532.0025024414062,550.0862663070284,528.1665083032158,546.9975974587794,7512372
2025-04-30,537.7315673828125,544.2078599693086,531.1057975654569,538.0304610319884,5851731
2025-05-02,526.5225830078125,540.6209368646175,525.3269476358911,535.5893680208455,2360666
2025-05-05,539.4253540039062,547.6452634421236,527.6683439755753,533.8457426249861,8102588
2025-05-06,533.1981811523438,541.7169847253739,530.2091229995231,540.0231729429335,3127458
2025-05-07,533.2479858398438,536.3864604081539,524.3804223411935,530.8567149960938,4047668
2025-05-08,522.4873657226562,536.9842849433205,518.1531951102656,534.0450323972825,3213287
2025-05-09,525.5262451171875,527.3694732918692,510.38167187607223,514.1179945105969,1880094
2025-05-12,539.6744384765625,542.115453824816,534.0450216657047,538.0304322751502,1225930
2025-05-13,534.9417724609375,540.9198884766117,532.3512190332874,540.2224294456083,3438632
2025-05-14,541.6173095703125,543.012227691234,534.0948587620527,538.0304641344336,2627027
2025-05-15,545.5529174804688,546.9976410811701,537.2333966269292,541.9162665546138,3683829
2025-05-16,561.4447021484375,563.8359727647681,545.1543611138662,546.2005192038091,3560785
2025-05-19,563.4872436523438,567.472654355658,557.3098448996983,563.9356145189748,2203178
2025-05-20,560.0,569.5650220168544,558.3560545996705,563.5370397780256,1767473
2025-05-21,565.7290649414062,568.3196185132409,558.9538785757245,560.0498422479142,1295557
2025-05-22,565.6792602539062,567.1737893430843,559.5516666632584,565.3803665985795,1559623
2025-05-23,568.8177490234375,573.8991231849552,564.1846849018766,565.679213868504,1332383
2025-05-26,565.0814208984375,574.247816484456,562.3414511539662,569.26605331269,1001361
2025-05-27,560.6476440429688,566.8250425883784,556.7618444125793,565.0814254641723,1515100
2025-05-28,559.6015014648438,564.9319639246544,556.6124434546604,560.6476596058998,1014166
2025-05-29,559.4022216796875,561.7436261415004,553.6731937970198,559.9003980173107,1409636
2025-05-30,551.481201171875,561.1956396749026,549.289213142017,559.4022170368518,2313117
2025-06-02,553.5237426757812,557.5091535647258,547.1471217409963,551.5310372313089,1040982
2025-06-03,550.38525390625,555.4666283337027,546.1008886609965,551.7801111939123,1762419
2025-06-04,550.43505859375,552.7764631023169,545.5031005902882,548.5917696202117,3448423
2025-06-05,548.1434326171875,554.4702475953713,546.9976027490726,550.4848370106787,1079232
2025-06-06,553.1251831054688,555.1676938205617,547.2964837721103,549.2393835498965,2821698
2025-06-09,557.95751953125,560.946577671596,552.1288804825928,560.946577671596,3268930
2025-06-10,559.053466796875,564.4337956167379,556.4629741428917,561.9429139061609,3239799
2025-06-11,559.2029418945312,564.9319698070365,554.4702666624618,560.4981882165894,2553077
2025-06-12,546.3499755859375,561.5443541737775,543.1118293295126,560.9465668822237,1837409
2025-06-13,542.5,546.7000122070312,536.0499877929688,541.0,1348657
2025-06-16,550.1500244140625,552.9000244140625,537.2999877929688,543.9500122070312,1253497
2025-06-17,550.9000244140625,556.5999755859375,546.7999877929688,551.0,1406479
2025-06-18,545.0499877929688,553.1500244140625,543.7000122070312,552.6500244140625,568472
2025-06-19,532.7999877929688,546.4500122070312,531.0,545.0499877929688,1961693
2025-06-20,533.4500122070312,535.6500244140625,528.4500122070312,532.75,2656096
2025-06-23,535.5499877929688,539.5,528.4500122070312,530.0,1012046
2025-06-24,554.2000122070312,562.7999877929688,539.0,539.0,5718874
2025-06-25,559.4000244140625,560.7000122070312,551.2999877929688,556.9000244140625,2448107
2025-06-26,566.75,569.4000244140625,558.9500122070312,562.0,3048051
2025-06-27,574.9500122070312,579.75,565.0999755859375,569.5,3563465
2025-06-30,577.4500122070312,579.0499877929688,572.2000122070312,575.0499877929688,2003082
2025-07-01,580.25,587.7999877929688,578.5999755859375,582.0,2877528
2025-07-02,594.2000122070312,597.5999755859375,581.5499877929688,582.0,3821770
2025-07-03,588.75,597.2000122070312,585.3499755859375,596.4500122070312,1598094
2025-07-04,595.75,601.75,588.75,588.75,2859715
2025-07-07,592.0,596.8499755859375,585.2999877929688,596.0,2012239
2025-07-08,591.5499877929688,592.9500122070312,580.0,591.7999877929688,2642993
2025-07-09,590.3499755859375,595.9500122070312,589.0,591.0,1963293
2025-07-10,585.4000244140625,594.8499755859375,580.0999755859375,594.0,3219282
2025-07-11,587.1500244140625,591.9000244140625,583.25,585.0999755859375,1938933
2025-07-14,590.1500244140625,591.4000244140625,584.5,586.75,1926899
2025-07-15,593.0999755859375,594.7999877929688,588.3499755859375,591.6500244140625,1498073
2025-07-16,595.5,597.25,586.0499877929688,593.0,1804740
2025-07-17,594.5999755859375,595.8499755859375,589.5,595.4000244140625,1461633
2025-07-18,596.7000122070312,599.75,591.0,595.0,2212883
2025-07-21,613.25,614.9000244140625,597.1500244140625,599.3499755859375,4226198
2025-07-22,620.5499877929688,624.9500122070312,613.7999877929688,615.0,5876411
2025-07-23,620.4000244140625,623.7000122070312,613.5,623.0,1165692
2025-07-24,620.4000244140625,623.3499755859375,616.0,620.4000244140625,1389419
2025-07-25,613.0999755859375,619.0,609.0,617.4000244140625,2413503
2025-07-28,611.0499877929688,619.9500122070312,606.2000122070312,611.9000244140625,1834138
2025-07-29,610.0499877929688,612.4000244140625,602.6500244140625,610.0,3278602
2025-07-30,617.8499755859375,620.75,609.0,612.9500122070312,2616022
2025-07-31,592.7000122070312,624.7999877929688,589.9000244140625,613.0,5782494
2025-08-01,607.9500122070312,615.3499755859375,588.75,594.8499755859375,4599912
2025-08-04,605.25,615.0,603.7000122070312,609.75,1664433
2025-08-05,602.7000122070312,607.9500122070312,598.7000122070312,606.0,795422
2025-08-06,589.9000244140625,606.8499755859375,588.1500244140625,605.0,1895039
2025-08-07,592.3499755859375,594.1500244140625,580.2000122070312,588.0,1936155
2025-08-08,580.0,595.8499755859375,578.0,592.0,1252179
2025-08-11,588.8499755859375,591.2999877929688,580.0499877929688,580.1500244140625,839347
2025-08-12,587.1500244140625,591.6500244140625,585.5499877929688,591.6500244140625,1053756
2025-08-13,580.8499755859375,589.25,574.25,587.5,2109517
2025-08-14,578.0499877929688,584.5,571.5499877929688,580.8499755859375,1974038
2025-08-18,590.0499877929688,605.4500122070312,589.2000122070312,595.0,4190190
2025-08-19,592.4000244140625,595.5499877929688,587.2999877929688,593.0,1898159
2025-08-20,591.9000244140625,594.0999755859375,589.25,593.4500122070312,1086467
2025-08-21,588.75,593.2999877929688,585.0499877929688,593.25,1540533
2025-08-22,577.1500244140625,590.0,576.0,588.7999877929688,1671189
2025-08-25,581.0,582.0,577.8499755859375,581.0,1458400
2025-08-26,572.7999877929688,581.0,571.75,580.0,1527366
2025-08-28,561.7999877929688,569.9500122070312,559.5999755859375,569.5499877929688,1815158
2025-08-29,563.2000122070312,569.2000122070312,560.0,563.0,1166207
2025-09-01,567.0999755859375,569.9000244140625,563.4500122070312,565.2000122070312,1366250
2025-09-02,567.25,573.0,564.2999877929688,568.0999755859375,801958
2025-09-03,573.75,576.9500122070312,569.0499877929688,570.0,2203149
2025-09-04,567.7000122070312,596.2999877929688,566.0499877929688,590.0,6090485
2025-09-05,566.7000122070312,572.7000122070312,562.5,572.0,923506
2025-09-08,570.2999877929688,577.3499755859375,565.0499877929688,570.0,938525
2025-09-09,567.5999755859375,576.0,566.5,573.0,1107979
2025-09-10,566.8499755859375,572.5999755859375,566.4000244140625,570.0,1629387
2025-09-11,560.4000244140625,566.7999877929688,549.0,566.7999877929688,39018032
2025-09-12,560.5499877929688,568.0,559.7999877929688,563.0999755859375,3773680
2025-09-15,568.75,571.5,561.0,562.6500244140625,1812617
2025-09-16,573.6500244140625,578.4500122070312,570.5,575.75,2635252
2025-09-17,582.0499877929688,583.5,575.7000122070312,577.8499755859375,5524985
2025-09-18,581.0,584.25,576.5,583.9000244140625,2063929
2025-09-19,582.4500122070312,588.5,578.2000122070312,588.0,3482230
2025-09-22,590.2999877929688,600.7999877929688,581.2000122070312,585.0,4982920
2025-09-23,591.5999755859375,594.6500244140625,579.1500244140625,591.9500122070312,2989117
2025-09-24,582.6500244140625,598.3499755859375,581.6500244140625,589.0,2053504
2025-09-25,579.4000244140625,588.7999877929688,577.7999877929688,585.0,1932523
2025-09-26,565.2000122070312,581.7999877929688,564.0499877929688,580.75,1858418
2025-09-29,562.1500244140625,571.4500122070312,561.2000122070312,570.7999877929688,1344417
2025-09-30,569.9500122070312,573.2000122070312,562.75,562.75,1873402
2025-10-01,571.0999755859375,574.4000244140625,565.5,572.0,1195512
2025-10-03,576.1500244140625,579.9500122070312,570.2999877929688,573.9000244140625,2062648
2025-10-06,573.7999877929688,577.7999877929688,571.0,576.1500244140625,898456
2025-10-07,569.9500122070312,575.9000244140625,568.0999755859375,573.0,1122712
2025-10-08,566.2999877929688,571.7000122070312,556.2999877929688,569.9500122070312,1866324
2025-10-09,565.9000244140625,569.1500244140625,562.0499877929688,566.4000244140625,816362
2025-10-10,569.25,573.0,564.5,565.7999877929688,891468
2025-10-13,566.75,567.9500122070312,563.0,565.2000122070312,1134328
2025-10-14,563.5999755859375,568.0999755859375,557.5499877929688,567.9000244140625,975792
2025-10-15,567.0,569.0,563.3499755859375,563.3499755859375,1377329
2025-10-16,569.7000122070312,573.4500122070312,566.5499877929688,569.5,1111183
2025-10-17,563.5999755859375,569.7000122070312,562.2999877929688,569.7000122070312,931716
2025-10-20,565.5,570.0,560.5999755859375,570.0,950800
2025-10-21,567.5,569.2000122070312,565.7000122070312,569.0,166817
2025-10-23,564.3499755859375,574.5,563.0,570.4000244140625,2700038
2025-10-24,555.0,566.5999755859375,552.8499755859375,565.0,1704636
2025-10-27,560.25,561.9000244140625,552.25,557.0999755859375,2124784
2025-10-28,554.9000244140625,563.25,553.0,563.0,1487028
2025-10-29,571.75,575.0,555.0,555.0,3787089
2025-10-30,567.9000244140625,574.25,565.0,574.0,928349
2025-10-31,565.4000244140625,571.25,563.25,567.9000244140625,1161448
2025-11-03,577.2000122070312,582.75,566.7000122070312,568.3499755859375,6022756
2025-11-04,567.4000244140625,588.75,565.9000244140625,582.7999877929688,4438364
2025-11-06,558.4000244140625,569.3499755859375,557.0999755859375,567.5499877929688,1388630
2025-11-07,558.7999877929688,563.9500122070312,550.5499877929688,558.5,1593499
2025-11-10,556.0999755859375,563.0,555.0499877929688,558.9500122070312,916236
2025-11-11,557.5499877929688,561.0999755859375,552.1500244140625,558.0,1177397
2025-11-12,562.5499877929688,570.0499877929688,557.1500244140625,560.0,1748539
2025-11-13,559.3499755859375,566.2000122070312,558.5,564.5,685786
2025-11-14,563.2000122070312,564.7999877929688,558.7000122070312,562.5,1082167
2025-11-17,560.2999877929688,565.4000244140625,559.25,564.7000122070312,618154
2025-11-18,557.7999877929688,568.0,556.75,568.0,904843
2025-11-19,555.2999877929688,561.0,554.5,557.4000244140625,847533
2025-11-20,555.75,562.0,555.0,562.0,1248817
2025-11-21,547.5499877929688,556.0499877929688,545.0,555.75,1961101
2025-11-24,544.5999755859375,549.5,542.0499877929688,548.8499755859375,2247682
2025-11-25,545.8499755859375,548.3499755859375,543.5999755859375,547.0999755859375,693469
2025-11-26,550.0,552.0,544.5499877929688,546.5,948636
2025-11-27,548.7000122070312,553.2999877929688,547.0,552.4500122070312,481061
2025-11-28,550.2000122070312,551.8499755859375,546.1500244140625,549.2999877929688,602009
2025-12-01,543.3499755859375,551.7999877929688,542.9000244140625,551.4000244140625,766104
2025-12-02,543.0,547.0,541.0,544.9500122070312,1754719
2025-12-03,535.3499755859375,546.9000244140625,533.6500244140625,546.9000244140625,2219149
2025-12-04,536.9000244140625,543.5,527.5999755859375,535.5999755859375,2474836
2025-12-05,533.7999877929688,537.5,531.7999877929688,536.9000244140625,1243514
2025-12-08,528.9500122070312,540.5499877929688,526.5499877929688,534.7000122070312,1893815
2025-12-09,533.0499877929688,534.5,523.4000244140625,528.0999755859375,2139922
2025-12-10,529.7000122070312,536.5,528.6500244140625,533.0499877929688,904955
2025-12-11,536.0999755859375,537.3499755859375,525.4500122070312,529.6500244140625,2781951
2025-12-12,548.1500244140625,549.9500122070312,536.9000244140625,536.9000244140625,2488693
2025-12-15,553.4500122070312,556.2999877929688,542.9500122070312,547.75,1239318
2025-12-16,548.7000122070312,554.7999877929688,544.2000122070312,553.0,1901877
2025-12-17,541.2999877929688,549.9000244140625,539.5,547.0,518141
2025-12-18,535.7999877929688,542.2999877929688,534.6500244140625,540.0,834090
2025-12-19,539.6500244140625,540.9000244140625,535.0999755859375,538.0,836741
2025-12-22,539.9500122070312,545.2000122070312,538.6500244140625,542.0,872083
2025-12-23,546.9000244140625,563.5,544.25,563.0,9559898
2025-12-24,548.0999755859375,553.4000244140625,547.5999755859375,550.0,2136787
2025-12-26,554.6500244140625,555.0,548.2000122070312,549.9000244140625,1919198
2025-12-29,552.0999755859375,556.9000244140625,549.6500244140625,556.9000244140625,1228806
2025-12-30,550.0,553.9000244140625,548.9500122070312,553.9000244140625,2305901
2025-12-31,556.3499755859375,556.9000244140625,550.0499877929688,551.9000244140625,1063795
2026-01-01,559.6500244140625,561.0,555.0999755859375,556.9000244140625,1568506
2026-01-02,565.4000244140625,566.5,558.1500244140625,560.0,1371653
2026-01-05,571.25,573.0999755859375,567.0499877929688,568.7000122070312,2369536
2026-01-06,563.5499877929688,572.0,561.3499755859375,572.0,1015560
2026-01-07,562.0,565.7999877929688,560.6500244140625,563.9500122070312,3920663
2026-01-08,546.7000122070312,562.0,545.1500244140625,562.0,1330617
2026-01-09,536.9500122070312,548.5,535.6500244140625,546.7000122070312,1242111
2026-01-12,538.7000122070312,540.2000122070312,528.5999755859375,536.9500122070312,2484225
2026-01-13,537.6500244140625,545.2000122070312,533.5499877929688,540.0,1093928
2026-01-14,549.5499877929688,551.3499755859375,533.5,537.6500244140625,1736723
2026-01-15,549.5499877929688,549.5499877929688,549.5499877929688,549.5499877929688,0
2026-01-16,553.75,558.4500122070312,545.7000122070312,551.5,2077235
2026-01-19,552.1500244140625,555.4000244140625,546.9500122070312,551.2999877929688,1523060
2026-01-20,536.2999877929688,554.3499755859375,534.9000244140625,552.1500244140625,1184287
2026-01-21,538.6500244140625,545.0,531.2000122070312,534.0,1735277
2026-01-22,546.5999755859375,548.5,541.1500244140625,543.7999877929688,1903090
2026-01-23,518.5999755859375,548.5,511.1000061035156,546.6500244140625,6489381
2026-01-27,532.25,535.9000244140625,524.0499877929688,526.6500244140625,2374373
2026-01-28,533.9500122070312,539.0999755859375,531.0499877929688,533.9500122070312,1738702
2026-01-29,536.0499877929688,538.3499755859375,528.7999877929688,535.0,2837060
2026-01-30,510.1499938964844,536.0499877929688,507.8999938964844,536.0499877929688,6130082
2026-02-02,510.5,513.4500122070312,493.3500061035156,499.8500061035156,2967802
2026-02-03,528.25,540.5,519.5,533.0,3149032
2026-02-04,536.9500122070312,538.0,522.5499877929688,530.9000244140625,977308
2026-02-05,533.0499877929688,536.9500122070312,528.2000122070312,536.0,1363472
2026-02-06,529.4500122070312,531.5499877929688,524.0,530.0,554714
2026-02-09,542.4500122070312,544.8499755859375,530.3499755859375,533.8499755859375,1236310
2026-02-10,538.5,547.0,533.0,547.0,1575847
2026-02-11,541.25,542.25,535.0,540.7999877929688,1085688
2026-02-12,532.8499755859375,541.0,529.0,541.0,953137
2026-02-13,519.4500122070312,530.5,517.25,526.8499755859375,1297366
2026-02-16,524.7000122070312,526.4000244140625,513.2000122070312,520.0,705071
2026-02-17,522.0,528.5,520.8499755859375,523.7000122070312,2242675
2026-02-18,523.0,525.8499755859375,520.0499877929688,522.0,1773473
2026-02-19,512.1500244140625,526.3499755859375,510.79998779296875,522.0,2535330
2026-02-20,512.0,517.7999877929688,508.6499938964844,512.1500244140625,2376908
2026-02-23,515.2999877929688,518.6500244140625,510.75,512.0,926117
2026-02-24,514.5,516.9500122070312,506.95001220703125,514.9500122070312,1586025
2026-02-25,511.1000061035156,518.5,507.3999938964844,514.75,1574610
2026-02-26,512.1500244140625,515.7999877929688,510.0,513.0,1099252
2026-02-27,500.3999938964844,512.0499877929688,499.0,512.0,2428507
2026-03-02,490.75,493.3999938964844,480.1000061035156,490.1000061035156,2820015
2026-03-04,476.1499938964844,482.20001220703125,471.54998779296875,482.0,2300996
2026-03-05,480.0,482.3999938964844,469.45001220703125,479.0,1744314
2026-03-06,466.75,480.75,463.3500061035156,475.70001220703125,1326098
2026-03-09,451.95001220703125,459.0,443.25,459.0,4222293
2026-03-10,462.1000061035156,465.70001220703125,454.1000061035156,459.1000061035156,2249388
2026-03-11,457.79998779296875,471.3500061035156,456.0,462.5,1879908
2026-03-12,446.45001220703125,455.54998779296875,445.0,455.0,5554429
2026-03-13,425.3500061035156,446.29998779296875,424.3999938964844,445.0,4856344
2026-03-16,429.0,434.95001220703125,424.75,425.54998779296875,6857558
2026-03-17,434.20001220703125,436.29998779296875,428.1000061035156,432.79998779296875,2154056
2026-03-18,441.25,444.29998779296875,433.45001220703125,438.0,3070154
2026-03-19,419.95001220703125,435.75,418.25,433.0,2679767
2026-03-20,420.54998779296875,427.6000061035156,419.0,425.0,2281948
