Date,Close,High,Low,Open,Volume
2015-01-01,559.4362182617188,562.4887984518605,556.2931581285135,559.8658185771066,713338
2015-01-02,553.8284912109375,562.4435175316254,552.8561768733155,556.3609910825328,1279856
2015-01-05,551.0244750976562,564.3880113914263,550.368757903338,551.7706722112781,1456708
2015-01-06,547.9494018554688,553.6927522520388,543.1330981457786,549.4643748935229,2579114
2015-01-07,553.6023559570312,556.8810530126553,543.8114771569519,548.107700885011,2189814
2015-01-08,559.6849365234375,563.8228897671323,556.2479682483039,556.2479682483039,1672412
2015-01-09,559.9561157226562,563.4835629981227,554.0770737331092,562.036436282434,1532294
2015-01-12,557.6046142578125,559.775359898709,550.3688690606308,558.1925406368255,897684
2015-01-13,564.7499389648438,570.312385004356,556.2479162125361,556.2479162125361,1478978
2015-01-14,559.3909912109375,570.9455954420239,553.7380645233927,563.1671904017071,2831716
2015-01-15,578.0003051757812,585.1908373244243,566.8301466687163,569.3626462066848,2859036
2015-01-16,589.9845581054688,593.715489191976,576.3949573917733,577.5029087842064,2131084
2015-01-19,602.4661865234375,603.7324639603012,586.0953357996632,590.1202299336023,1362458
2015-01-20,599.3232421875,605.5414610745614,594.8235349655151,602.9184812077305,1838290
2015-01-21,599.2327270507812,605.9936037572284,594.7103867242347,605.0891356919191,1391960
2015-01-22,601.4486083984375,604.2298586418734,594.6877319308487,599.2100720976232,1815350
2015-01-23,615.8975830078125,622.1158013898857,602.0592316856695,604.1847097054367,4563196
2015-01-27,598.9613037109375,615.0382446132654,593.8284588133064,614.8799737529474,2382932
2015-01-28,595.2756958007812,603.2802163193803,589.2609609176556,598.9613591058181,1659912
2015-01-29,586.4572143554688,596.9263898103782,579.9450321480781,595.3662042168099,2952528
2015-01-30,572.1212768554688,588.7635117224319,569.8148942766477,588.3564900427926,1628740
2015-02-02,561.3128662109375,581.0981053849664,557.8758985610049,572.2117506965685,1455970
2015-02-03,542.319091796875,564.8177374902216,539.1082408392988,561.7199450537174,4694416
2015-02-04,547.6328125,551.6803404568383,542.6808716281345,543.9923614421064,1828968
2015-02-05,533.5004272460938,549.5773680136033,531.4880080296131,547.6553735153043,4854858
2015-02-06,519.9561767578125,533.7266835582388,516.9035964637353,532.3247688344236,4184102
2015-02-09,503.51739501953125,513.0143099320082,500.30654435189734,512.3811712303062,5283110
2015-02-10,515.63720703125,521.3127660585848,498.3618895654395,501.5727400635124,4016676
2015-02-11,512.5620727539062,521.3127904003021,507.8588276899061,516.6321791200764,2159236
2015-02-12,513.036865234375,522.0589671144935,511.7932216713098,518.6445781596115,2265072
2015-02-13,539.311767578125,542.2286552766453,508.13019502154657,512.8334404367938,5989004
2015-02-16,547.4066772460938,555.3434068111698,532.0985658760861,542.5225826866518,4291626
2015-02-18,555.4337768554688,561.6746281387487,546.3213059166943,548.1076081353973,3603180
2015-02-19,565.247314453125,569.3399992246523,552.1777401923064,559.4134845355306,2829468
2015-02-20,566.1969604492188,572.2794855863642,561.6746205095285,568.3224381391352,1295648
2015-02-23,570.3802490234375,576.3723507475688,564.4107810856684,567.938173883675,2705104
2015-02-24,569.2269287109375,573.8849611153621,563.1896156927919,570.2670890200721,1833458
2015-02-25,573.025634765625,579.4021225061251,569.8147847180028,569.8147847180028,1399182
2015-02-26,565.111572265625,574.3145227486737,563.0086732106917,572.9804545849291,4445506
2015-02-27,579.085693359375,582.4774486894768,565.3604011644334,567.9607469175114,2313528
2015-03-02,578.0230102539062,591.8839960832448,569.1592331755619,585.6883559589344,2758186
2015-03-03,556.994140625,568.9104981259559,551.5221190527365,568.9104981259559,2632558
2015-03-04,547.7005615234375,570.1087772890666,545.0323700035585,567.553644264061,2727706
2015-03-05,555.6373291015625,557.8532867981088,544.4897496806043,551.2732598510437,1604900
2015-03-09,545.7560424804688,555.7051910127625,543.1330630583973,553.5344456148862,1868972
2015-03-10,555.4564208984375,562.805223536011,547.2935749638864,547.2935749638864,1823950
2015-03-11,569.9506225585938,572.3022176493344,550.911523979435,553.851045445038,1966554
2015-03-12,561.2904052734375,570.3803003068306,557.7177445814857,569.9506999621797,1995764
2015-03-13,555.2302856445312,566.649193982975,551.9515891909186,566.649193982975,1215886
2015-03-16,551.612548828125,557.1524166068866,546.0953148363261,557.1524166068866,1130904
2015-03-17,557.2654418945312,559.9788463590207,545.281238843036,554.0998033526269,5156560
2015-03-18,549.6904907226562,557.5593742757227,547.2032034343184,556.2705182671816,1164304
2015-03-19,546.02734375,557.0844429907218,543.1330351032517,555.3433531280542,1550130
2015-03-20,526.9883422851562,544.9420113662719,522.0589802701018,544.9420113662719,3144054
2015-03-23,536.1234130859375,542.6808061603754,523.8000364460456,530.2217372372049,2470122
2015-03-24,539.0855102539062,553.240399978321,531.0130899620221,531.3748992091773,2037534
2015-03-25,547.3614501953125,549.4643494873067,539.0856005231752,539.0856005231752,1495138
2015-03-26,543.17822265625,552.6299238846716,527.6892088321501,544.6479830921135,5380628
2015-03-27,537.480224609375,544.9420872143852,530.1540543152897,544.1280437575501,1580906
2015-03-30,542.8165893554688,548.2886106931797,535.2642470822503,541.776428887715,1381266
2015-03-31,537.1636352539062,547.2032092425659,533.636187525808,543.8114538133765,1622908
2015-04-01,543.6304931640625,546.2986848677796,532.7995106906827,537.2540046547368,1379942
2015-04-06,561.9686889648438,563.0314280089696,538.5203630239758,540.7815334175862,1813774
2015-04-07,573.817138671875,580.578070551789,556.9488424535182,562.5339216904214,1322082
2015-04-08,576.236572265625,579.6057488726856,568.5033814831233,576.5983815671714,1054736
2015-04-09,576.3948974609375,578.7917046659026,570.2671043530413,576.5983806900298,1213928
2015-04-10,581.912109375,583.3818698999418,572.5508874978791,576.1461257771517,928554
2015-04-13,564.2976684570312,580.1710725369918,561.2224548419102,580.1710725369918,1573142
2015-04-15,546.7057495117188,563.4836215854721,544.4219454965861,562.6243658567909,3648224
2015-04-16,555.5694580078125,558.5089789496527,543.2460817516359,547.2257629546344,2282350
2015-04-17,553.7605590820312,559.8657183695832,549.0799480024443,557.1523142417824,914614
2015-04-20,537.1182861328125,553.7605189936152,534.8119038320175,550.8209980679651,3364204
2015-04-21,538.362060546875,547.0902007307915,531.3750658058938,538.1585772842669,1125000
2015-04-22,548.537353515625,552.177860261666,532.0308081433475,540.4197731471669,1662436
2015-04-23,542.1607055664062,552.1776994432022,534.9928078962392,552.1776994432022,1658818
2015-04-24,530.0634765625,544.9419866581864,528.2093281466902,541.4371730510486,4042390
2015-04-27,527.2822265625,534.6536630727317,519.5942483241947,528.2319621554157,2429722
2015-04-28,534.6310424804688,539.062958008926,520.0691289515645,527.6214150902521,1349770
2015-04-29,530.3121337890625,535.7615195716028,525.0435974166668,534.9927439654753,1009096
2015-04-30,517.80810546875,530.9002621235285,514.5067740682952,529.1139592999453,3247284
2015-05-04,543.8114013671875,546.7282886732393,520.5213496662227,520.5213496662227,1616036
2015-05-05,533.2969360351562,543.5852593718531,528.4127868309424,543.5852593718531,1315182
2015-05-06,526.0159912109375,536.3495271303796,523.8904582759245,533.2969476125634,2243846
2015-05-07,529.4530029296875,532.7316997234011,517.3557423459855,525.7899182424086,1957782
2015-05-08,533.7944946289062,546.5701076124884,531.3750532994354,531.8272873873498,954900
2015-05-11,540.0804443359375,547.2031297018918,534.9928119316844,534.9928119316844,707060
2015-05-12,532.32470703125,540.080532289211,529.1138562096519,540.080532289211,1630000
2015-05-13,545.80126953125,555.0042211304324,532.3020945865886,537.7062692394248,2096774
2015-05-14,554.9591064453125,556.8811014381569,540.6685194217422,546.2535997130178,2122604
2015-05-15,564.8629150390625,568.096344062923,555.0494038513856,556.2478350246251,1670000
2015-05-18,571.465576171875,573.6589003036277,556.9940863731237,563.0087661981181,942950
2015-05-19,567.0337524414062,577.5029835840569,562.8732205302194,571.4656689938821,1390012
2015-05-20,565.6317138671875,573.1387877355284,558.9612619147262,567.0336283214111,1165122
2015-05-21,564.8177490234375,571.0359678093746,561.4712608948552,567.5537873709927,1292072
2015-05-22,567.8477172851562,569.6792321339447,562.5113332126668,567.5537541007272,1502662
2015-05-25,569.7697143554688,575.8974528654563,564.7046596619987,567.8477195629558,756930
2015-05-26,571.1942749023438,575.6487695344729,566.1970662534288,569.7697265142696,705404
2015-05-27,552.9917602539062,569.1364920589411,548.9894451689185,568.0059070528646,1997572
2015-05-28,541.84423828125,553.5118436536536,535.4677492143799,553.5118436536536,2378236
2015-05-29,568.9556884765625,573.3197584160453,528.9556059383883,540.4197288954242,6907312
2015-06-01,568.9556884765625,574.33728510225,560.7702626195197,568.9556884765625,1242246
2015-06-02,553.8058471679688,571.9630566467665,551.2281349758337,569.3174983012898,1425648
2015-06-03,544.8741455078125,555.569491073624,542.7260339224647,554.5519645331962,1276568
2015-06-04,540.6910400390625,550.708035674631,533.6588334123498,545.8465194492134,1169336
2015-06-05,545.326416015625,556.5644210732362,538.203729756024,540.9849801935004,1311658
2015-06-08,545.5750732421875,552.17767817292,537.5479202630153,546.2986365543712,1142562
2015-06-09,545.0325317382812,552.5622407721032,541.5503511446067,545.4395534814748,962068
2015-06-10,551.95166015625,556.247883647839,542.7712868240611,543.5853301989451,936760
2015-06-11,537.0732421875,554.4390438346113,535.8974444894083,554.4390438346113,1028418
2015-06-12,539.4925537109375,542.228591621962,531.8272091304648,538.158485429637,1206728
2015-06-15,551.8612670898438,555.4565059257567,538.6107865317127,540.4197228424825,1435222
2015-06-16,557.5819091796875,560.3179470642829,550.7531865638415,558.4863772136896,1340132
2015-06-17,566.8980712890625,569.3400912360785,553.3084146664717,558.7352238009202,2391462
2015-06-18,567.078857421875,573.184017016196,563.0540185935442,567.6215713973141,1893300
2015-06-19,590.4141845703125,599.0744224424914,566.9205926094485,567.1014972698626,3766568
2015-06-22,593.3311157226562,598.1247859521053,586.9998385731767,592.4266475584449,1686240
2015-06-23,604.2297973632812,605.5412869195094,591.0697998534717,593.7832036783539,1157398
2015-06-24,588.967041015625,606.852920899674,584.919568095328,605.9710313241026,1481094
2015-06-25,587.8138427734375,592.7431497759349,577.7290013337764,579.1987620025316,2473112
2015-06-26,589.7584228515625,595.9992749215833,584.7386358583819,587.9494866230756,1320310
2015-06-29,580.736328125,585.6430562036746,577.2767268293364,583.3818861025022,1287240
2015-06-30,579.9222412109375,583.1783590344547,572.1438387293881,582.5452204128533,2502056
2015-07-01,582.4774780273438,588.8087549624236,575.7166008105537,578.8596054930124,1826964
2015-07-02,593.9867553710938,599.1196556951342,583.0427140972745,584.2863576604061,1513902
2015-07-03,593.6250610351562,601.426098716489,591.5221615758393,596.9489703976359,1733252
2015-07-06,597.7403564453125,599.413600350973,585.6430955904518,587.4520317930478,1210678
2015-07-07,595.9539794921875,603.2801481146909,592.8787662506445,596.0444042092673,1246580
2015-07-08,578.4752197265625,593.3763102009665,576.3723202672979,593.33109783499,2030192
2015-07-09,571.6238403320312,584.1281228801648,570.2671381793444,584.1281228801648,958292
2015-07-10,565.0890502929688,575.173835968415,563.1896342577211,568.9104057378466,3604156
2015-07-13,573.2518310546875,575.2416717778074,565.7673911679232,574.3372037404209,1739946
2015-07-14,574.3145751953125,576.1461450694626,565.7447625446607,574.3372089781927,913798
2015-07-15,582.4774780273438,585.1908824280923,574.3598986101794,575.2417329586812,1395890
2015-07-16,582.865478515625,588.7313259620915,578.4832139813221,583.3904497677094,1644288
2015-07-17,591.8810424804688,594.209115072839,580.6514732463502,586.0836797775553,2085314
2015-07-20,600.006591796875,601.1934469863892,590.1921201869985,595.7156023669232,1363818
2015-07-21,592.7940673828125,603.9323624610375,588.3205277616554,601.1478026223605,836144
2015-07-22,612.7196655273438,616.2574397183192,591.1506551372025,592.5657536688908,1867150
2015-07-23,620.3201904296875,624.4742109514019,614.2261001736576,615.3444710252119,2399756
2015-07-24,606.9907836914062,622.0548557357522,604.3888299004251,622.0548557357522,719700
2015-07-27,600.7140502929688,611.6925850225161,598.5000994694925,602.106357943805,900076
2015-07-28,599.823974609375,611.4643942079588,596.4231684278226,602.5628968678652,1242534
2015-07-29,600.531494140625,605.7582479925278,593.4330990130264,604.3431494395834,1372156
2015-07-30,601.5357666015625,613.2903072883317,598.5457543510569,605.1420251802642,1368146
2015-07-31,622.465576171875,630.864946957691,603.9322176736796,606.488533376275,2508732
2015-08-03,610.7340087890625,618.0834388298549,608.0407241664452,618.0834388298549,831716
2015-08-04,622.78515625,625.3414719763535,610.2545562783193,612.2859566010271,1124208
2015-08-05,633.0790405273438,634.4941392071951,616.0977449220966,623.5612968843177,1282268
2015-08-06,637.8264770507812,642.482622280373,627.0761856366344,632.9192416753682,1255418
2015-08-07,634.6538696289062,658.2770708083777,632.2344663491416,636.7993361422763,4958870
2015-08-10,620.6854858398438,636.7766560697152,617.1705574691107,629.9521962332639,1431622
2015-08-11,611.4872436523438,624.9079182016486,609.4102053073951,622.1462050124552,1486050
2015-08-12,593.1591796875,611.4642960313057,591.1506258757305,611.2360525464117,1515180
2015-08-13,611.510009765625,615.3445119342505,593.88962168135,594.8482332926279,1535240
2015-08-14,629.1074829101562,630.7736713736856,613.9749298149968,615.344390624993,1466162
2015-08-17,616.73681640625,629.9064559112427,614.0663227355598,629.9064559112427,790168
2015-08-18,623.08203125,626.1861657516274,616.7596961977588,618.1291574678553,844484
2015-08-19,623.401611328125,632.0976570383709,615.6641216474559,624.0178577605799,1065202
2015-08-20,609.296142578125,627.761023054991,606.0550953880814,625.3873124795139,1406780
2015-08-21,603.5899047851562,607.0364037477513,587.9552258372329,603.9322700175925,1548770
2015-08-24,567.5274658203125,592.5201292055224,559.1965780252426,586.540160617873,2079760
2015-08-25,571.0424194335938,581.5416209681307,559.6530904931428,570.6087790509205,2133382
2015-08-26,554.8599853515625,576.0866322613508,550.1125090915522,572.9597072483751,2001506
2015-08-27,561.5702514648438,569.2392548947697,554.6316717699641,569.1022865135717,4865668
2015-08-28,563.2821655273438,569.2621903812079,556.4577065104895,564.4918673383742,3995432
2015-08-31,557.3250122070312,566.9568771557148,553.1252982013996,561.9355199506319,3746160
2015-09-01,537.37646484375,556.1609157145217,533.6332937977038,551.2080429946342,3174664
2015-09-02,517.9074096679688,542.2609828665259,513.7761795377651,540.9371592645505,4493220
2015-09-03,520.6918334960938,528.611870672786,498.55221715099003,522.198206947329,2712720
2015-09-04,506.9745788574219,521.0800418579396,502.59231369740826,519.4823369551776,2989644
2015-09-07,507.1114501953125,512.3610510136418,498.82619949820304,507.15708775337777,1389426
2015-09-08,523.0885620117188,530.620598916602,503.505254914318,507.1571515954736,2745142
2015-09-09,534.3636474609375,540.4349465822689,525.507788907258,531.8529690717943,3132170
2015-09-10,534.1353759765625,540.2751589677814,524.0926629463362,532.2637906019942,1425516
2015-09-11,532.4920654296875,545.4563068857507,529.547746680067,539.9784630922177,1622658
2015-09-14,535.34521484375,538.5634709977057,526.3524417953435,534.3637564921272,1439596
2015-09-15,525.827392578125,534.8886484891163,522.7232586525131,532.30948576433,1468462
2015-09-16,533.154052734375,534.0898735201214,525.4394658067888,529.0685157348895,1953384
2015-09-18,547.4420166015625,554.5860490594304,533.9756505479907,536.3950538571885,5269170
2015-09-21,541.07421875,546.8487363792495,537.3081999186494,539.567788928049,2274848
2015-09-22,542.0326538085938,548.8799585415888,538.0840302678648,546.4149176930089,4025672
2015-09-23,551.5504760742188,557.5989294638181,535.4821542644634,536.3722817191865,3068924
2015-09-24,557.3706665039062,562.848510892151,546.6432212435935,550.0668739862465,4290468
2015-09-28,557.6446533203125,565.9527523186576,553.6503910298173,559.1738740239684,1689472
2015-09-29,570.4718017578125,583.8925311764914,548.514787427064,550.5233414427017,6506062
2015-09-30,576.9083862304688,579.2136125193371,568.6002880521511,571.1109669583672,5297210
2015-10-01,570.631591796875,583.3903810491963,567.4818203789026,582.9338940530702,2110700
2015-10-05,580.0581665039062,584.3035190489063,573.1195845046109,573.1195845046109,2226118
2015-10-06,577.1137084960938,588.8682491279105,574.8312734219546,582.9339179351487,2787718
2015-10-07,587.88671875,592.9537128480143,575.173568092032,575.6529016881776,1427976
2015-10-08,580.9482421875,591.0365946196215,578.4603543871601,590.8996262183126,9205452
2015-10-09,581.2677612304688,587.7727015503699,578.1179895098135,584.3034111911257,1427498
2015-10-12,581.9754028320312,585.4446935751798,575.1737340387731,579.8070891521231,1496340
2015-10-13,585.6499633789062,588.8682189579641,579.7384791291585,580.6970906664811,2852984
2015-10-14,588.0009155273438,588.8682520044559,581.1079727144748,585.649996244794,567184
2015-10-15,581.952392578125,594.0721437131493,578.5059494478428,589.7811551240471,2148492
2015-10-16,588.3433227539062,591.1278826118653,578.9397006765035,583.3904494102674,1478824
2015-10-19,584.8739624023438,593.3874560046487,582.4545590391973,588.8682236089938,1646242
2015-10-20,570.9054565429688,586.1292862842321,569.2621145485558,585.2163123180572,3016880
2015-10-21,573.64453125,576.9084251932189,562.3921129747533,569.6730600051064,1502156
2015-10-23,569.07958984375,584.2805751163165,566.2265457921966,578.1864841669018,1629182
2015-10-26,568.4632568359375,575.1279555799208,564.5146333256794,570.6087233463164,1165248
2015-10-27,570.631591796875,575.333374422868,562.9854346117623,566.9568491886556,1624822
2015-10-28,560.0639038085938,572.069478310799,557.0054075161879,566.9568462699108,3883340
2015-10-29,560.4747924804688,564.6744508277775,554.1752492359918,560.5660675962092,2387748
2015-10-30,540.2980346679688,560.0410986096704,535.5962517182732,558.0553911845142,1933272
2015-11-02,551.8242797851562,564.4461560448107,547.8072277577214,547.8072277577214,2576854
2015-11-03,562.8256225585938,563.9896866942711,552.5775117308095,553.2166046734654,1311030
2015-11-04,572.5717163085938,574.9454266261394,562.8256734300845,562.8256734300845,908280
2015-11-05,575.0595703125,579.6244408845381,568.6002673083625,571.0653085619666,1734508
2015-11-06,570.4033203125,579.2819696621265,553.7186991333012,572.8911520299201,2328754
2015-11-09,570.1978759765625,577.4560301083974,554.4262842405133,557.3706029741923,1149942
2015-11-10,575.6985473632812,578.8254719305074,563.9896455600488,569.2848832121881,1205674
2015-11-13,571.2478637695312,574.9453974596225,567.2763932906449,568.5089416696838,3279020
2015-11-16,583.3448486328125,588.2520847256188,565.2222781861971,570.6088480007321,4053098
2015-11-17,588.3204956054688,592.5201539139124,579.5102738010106,583.8469005053113,3017600
2015-11-18,583.5274047851562,595.2590994089479,581.7014566274602,586.5858456598911,1383404
2015-11-19,589.8267822265625,592.4972197632499,582.0893506442495,586.6313735479781,921622
2015-11-20,600.39453125,604.8452795333586,589.4616898074619,589.8268459760923,3969672
2015-11-23,604.1605224609375,609.0906041704982,596.7197623429633,600.3945048483174,1826316
2015-11-24,602.357421875,605.2788939930576,598.8196477498904,604.1605231719426,2482202
2015-11-26,614.5457763671875,618.0607048506856,601.1935283012709,604.8225785631103,1818860
2015-11-27,616.8052368164062,626.3001890861259,615.9835936176022,618.9963967935763,3275350
2015-11-30,623.3330688476562,625.2959854585899,617.0335252473028,617.6269807036829,4884086
2015-12-01,624.885009765625,630.6367343084274,619.2245603252854,625.3871342761821,2366346
2015-12-02,625.5925903320312,628.5597558484961,622.4200279538309,627.6696284829611,2032040
2015-12-03,614.2945556640625,624.8166036812133,611.9664830251858,624.7024819271163,1129668
2015-12-04,600.4173583984375,613.1533008016432,599.0250507937957,609.6840108329652,1567306
2015-12-07,604.251953125,607.7669372357709,596.9481595111671,601.8782424899135,1126844
2015-12-08,599.9380493164062,608.428696507093,594.3917210332643,602.5628496082604,1853618
2015-12-09,598.9566650390625,606.580032435729,596.2405892998949,599.3675145410297,2248652
2015-12-10,589.1878051757812,602.4487760883098,586.1293642715589,599.8239755863149,1494658
2015-12-11,576.0408935546875,591.5614498602106,567.8697660020788,587.0422179089014,1292080
2015-12-14,586.4945068359375,591.7441072190984,560.7942670185373,561.9811220474196,2761612
2015-12-15,588.4345703125,595.4644253027985,583.4588510312234,591.1506455838872,1552806
2015-12-16,556.0240478515625,573.0053430375579,551.6645744360794,573.0053430375579,6682490
2015-12-17,569.4903564453125,572.5716435725237,545.7301867527468,554.6316828980238,4996832
2015-12-18,567.5502319335938,574.4659644609679,563.7842146975569,568.3490840745712,2740974
2015-12-21,583.7783813476562,586.1293005123259,566.0438727689129,566.0438727689129,1876456
2015-12-22,573.598876953125,582.8655314738671,572.0468096977552,582.8655314738671,1222278
2015-12-23,571.4531860351562,579.829710552276,569.3533571774391,575.4018093583178,1002636
2015-12-24,574.1466064453125,580.1950600612142,571.6359275858816,571.6359275858816,693062
2015-12-28,570.3349609375,577.958272777706,568.3264066688258,575.1737127732696,1232286
2015-12-29,577.2734985351562,579.6929021319349,570.6087989086069,570.6087989086069,862010
2015-12-30,576.5430297851562,581.9752357473105,574.7399285847316,577.4788503414308,940950
2015-12-31,580.8113403320312,583.3220193379038,573.0282688479392,574.7172487988448,1163700
2016-01-01,577.6157836914062,584.0522389055691,575.1735895155457,580.6285865870242,486818
2016-01-04,567.18505859375,576.5430414518361,565.9068727920233,576.5430414518361,727368
2016-01-05,570.2435913085938,580.6058806093977,565.9069644040301,568.7828550617261,1466066
2016-01-06,559.7215576171875,569.7870627384923,556.9141513651933,566.0895291077372,1178150
2016-01-07,546.6204223632812,556.4805877024611,536.3723098809218,556.4577410594413,1954754
2016-01-08,546.8715209960938,551.5961511220988,543.9956301071235,547.3280080753893,3530992
2016-01-11,530.7117919921875,542.3065733069201,526.8316523683585,542.3065733069201,2263750
2016-01-12,539.52197265625,541.8271984705023,527.7217953712423,531.350844571827,1162522
2016-01-13,550.0896606445312,554.3805937019537,537.2395409402703,541.8956858731583,1652518
2016-01-14,542.5576782226562,547.6931572763343,526.1469361681277,544.6346607613688,1620082
2016-01-15,537.37646484375,547.57899369662,534.0897807898318,546.8714165694176,925828
2016-01-18,532.1041259765625,541.8957506336184,527.7674991238172,535.7788131913587,1228894
2016-01-19,526.1012573242188,532.6290435873634,517.4508511309381,532.6290435873634,2012000
2016-01-20,525.3024291992188,529.7988151239165,502.59220034615674,519.4822197946652,2616840
2016-01-21,519.8016967773438,531.0769585077062,516.8345314362233,527.2424567683258,1634526
2016-01-22,547.2822875976562,550.066847214788,520.7831943698129,521.536409081241,1505188
2016-01-25,537.8787841796875,556.024146808168,536.0071424492513,550.5234548414453,1650040
2016-01-27,537.1483154296875,546.780237229437,525.0514080195098,538.3808639584211,2116716
2016-01-28,549.678955078125,553.878614127575,537.5135626637898,537.5135626637898,1347616
2016-01-29,562.962646484375,566.0439340284817,548.8343947752479,553.2622968084837,2034158
2016-02-01,559.8128051757812,565.3134956566978,551.3677959191017,559.6530458750865,1027972
2016-02-02,550.820068359375,566.6373545900498,547.7844185618092,560.5432083547396,1032894
2016-02-03,549.1539306640625,560.5661071117778,543.2195989112505,545.410759078619,1042488
2016-02-04,549.8385620117188,557.7814465304377,542.7630138911861,551.4362664260326,887888
2016-02-05,556.6859130859375,558.4205860270247,545.3422219426649,549.6103643751281,1290006
2016-02-08,548.583251953125,564.9939373048397,544.9998401497663,560.5660356966403,1042654
2016-02-09,540.1155395507812,555.453551402954,537.7418288097917,543.676161385791,759394
2016-02-10,539.7046508789062,548.6745766559962,530.1868514949756,538.6547083951704,1233280
2016-02-11,514.2782592773438,539.1111640053583,510.3296354580889,537.2852159477618,1382986
2016-02-12,531.9214477539062,537.992746812352,498.14141159532306,514.2325774681617,4933968
2016-02-15,560.018310546875,561.9126871420679,530.255322764554,530.8944157510896,1493674
2016-02-16,550.5462036132812,566.2265219146835,547.8529189974861,561.0225586393956,1198744
2016-02-17,547.967041015625,551.436331292964,541.1653731356033,551.436331292964,1079510
2016-02-18,553.9926147460938,558.2607570721224,542.4663179401094,553.4904901883571,1406810
2016-02-19,561.5930786132812,570.0609339514755,548.446231967803,552.3492177379153,1361338
2016-02-22,564.6973266601562,570.1523246102147,562.3007696511861,562.3920447716449,1101500
2016-02-23,551.755859375,566.5460505196424,549.4734241898242,564.6744648125014,1709506
2016-02-24,556.2750854492188,558.7401265640573,545.3650342515085,547.7844378078993,1284148
2016-02-25,561.04541015625,567.2536226598845,555.5675657606582,555.6588408778455,2585106
2016-02-26,561.5018310546875,569.6272658503473,560.5431638195604,565.1308802499263,1777842
2016-02-29,560.6116943359375,579.2820244727076,554.6545721992265,558.8313838252432,3427866
2016-03-01,578.8712158203125,584.1664544451811,551.4819928742507,555.6588605182285,3171988
2016-03-02,547.3964233398438,579.738517689888,543.0597966327147,579.738517689888,4975766
2016-03-03,554.7916259765625,560.7031677833454,547.9443189811957,553.262405225636,2128882
2016-03-04,555.2479248046875,561.0224962237836,552.6003337651568,554.6316785288016,1402812
2016-03-08,556.6402587890625,563.3049578424968,554.608858205524,559.1965748436456,1459818
2016-03-09,564.0125122070312,565.1308830221548,552.8970096301716,554.586044895603,1762268
2016-03-10,559.8128051757812,569.4218785383257,557.3706109408488,562.3919677961717,1316558
2016-03-11,557.1424560546875,564.0582461500085,555.0882642871774,556.2751194970352,1353850
2016-03-14,553.28515625,564.195152264939,550.066900228963,561.479076582261,1425720
2016-03-15,550.0896606445312,555.6587795425744,546.688799190223,554.5860462782188,1281014
2016-03-16,553.3079833984375,554.6318070868057,540.4807074821217,550.021298682887,970990
2016-03-17,547.0768432617188,559.1965958530825,543.2195502572802,556.5033113079447,1315728
2016-03-18,558.0781860351562,560.2008059374891,545.5019473037295,547.8300197835039,1669452
2016-03-21,560.543212890625,561.4790335693124,555.1566994986207,561.0225465501503,986906
2016-03-22,572.0466918945312,577.8440544716817,557.8271107818628,561.4790067607947,1927934
2016-03-23,570.3120727539062,575.9953698407452,567.0938725533374,572.8912356767557,1591314
2016-03-28,567.8013916015625,577.912590647403,564.811434933981,576.0866424936987,2335552
2016-03-29,562.5061645507812,572.0695459110715,560.2693668722586,566.1352142907346,1942358
2016-03-30,556.8001098632812,570.0838726042272,554.9513149196849,567.8699214346562,3656452
2016-03-31,552.6688232421875,560.018308981533,549.6103824399423,556.4576878690114,5135346
2016-04-01,545.59326171875,551.1624367734229,542.3065774779856,550.8428624266597,4983622
2016-04-04,568.737060546875,570.3347647550037,541.7130016495684,546.6202360031066,2898226
2016-04-05,554.9511108398438,569.5815385062216,554.2663804789867,568.7370488725311,981922
2016-04-06,557.0738525390625,564.628734044236,554.449052509414,556.9140932471764,1253168
2016-04-07,553.5589599609375,563.3049460596501,551.8927713015535,559.1509255924049,824062
2016-04-08,562.5061645507812,565.4048461590887,551.7558722876105,554.5861254175734,971094
2016-04-11,564.2178955078125,565.7699623521308,552.3720809133741,565.5417188668931,998468
2016-04-12,566.0211181640625,570.0610732981527,561.068244616706,564.6745036017118,2127960
2016-04-13,608.24609375,616.1433413067556,571.1108866577662,572.4347101305216,5955162
2016-04-18,611.9893188476562,618.4029278804321,600.7825405040186,607.1277210643559,3446600
2016-04-20,605.3245849609375,613.9521443446448,595.395993099314,613.9521443446448,3542876
2016-04-21,597.3817749023438,610.9394176751023,594.4146091479979,609.3873505973568,1693322
2016-04-22,605.3017578125,609.4557783390602,594.6427975809413,597.997965863028,1421344
2016-04-25,605.5299682617188,608.930773913175,601.3074637713901,604.9822061848088,1211802
2016-04-26,618.014892578125,623.5612205823254,606.2831993704818,608.9536370840572,2435670
2016-04-27,632.1204223632812,634.2202515817277,615.8922859630144,618.0834460226632,1671196
2016-04-28,613.7467651367188,637.7123323882455,612.1490606532836,634.2201957297495,3997186
2016-04-29,607.5614624023438,614.2718559739287,601.786945366261,613.5186411403245,1806098
2016-05-02,610.1177978515625,613.9750911908264,599.4587805000303,602.1064277179926,1204758
2016-05-03,605.2332763671875,617.3073909226043,600.7368905725737,610.3231175497956,1916636
2016-05-04,603.0193481445312,607.0820937316913,596.1720429044344,605.2561456676655,1044784
2016-05-05,602.9508056640625,607.5841595733541,596.2861070193042,604.8452377420692,1343540
2016-05-06,607.4930419921875,608.9537783915742,596.4003834097389,598.7740939896227,1092306
2016-05-09,616.0748901367188,619.2246618170188,607.5386048876226,607.584242446334,1891170
2016-05-10,616.2117919921875,618.517017831569,608.040663818691,615.1162120838485,1346258
2016-05-11,615.4357299804688,616.7139158259882,598.97940762958,610.7795850297352,2414330
2016-05-12,609.13623046875,622.2830219121429,607.6982853530722,620.0690712285158,1287602
2016-05-13,599.25341796875,607.8581883351568,594.3461818284612,607.5843072301705,1207170
2016-05-16,600.8739013671875,602.5628810929664,595.9438191415665,602.5628810929664,1124564
2016-05-17,612.5827026367188,616.8965381875595,601.8781048586707,603.9322963428299,1869828
2016-05-18,605.3017578125,609.3645032290959,599.1391833551329,609.3645032290959,1679064
2016-05-19,598.477294921875,606.8081825505258,595.9437698193744,605.3017531830644,1311608
2016-05-20,590.2833862304688,603.4987196058137,588.0922818504877,599.2762144432428,1558094
2016-05-23,586.56298828125,593.9124740602543,584.371883966233,593.889627419295,732148
2016-05-24,591.0595092773438,594.7570435795055,574.8313708600225,580.5374595125937,1391044
2016-05-25,598.7968139648438,601.649857675368,593.433091789058,594.3004282217594,1755228
2016-05-26,611.28173828125,616.2346111491469,596.1720295349814,601.6270269645225,2812820
2016-05-27,608.8168334960938,621.7354409386336,606.0094823614235,611.2362374572909,1473552
2016-05-30,607.5157470703125,617.0334904124287,599.2761896896926,608.9536923461175,4824894
2016-05-31,603.6127319335938,614.1119320559686,599.9379896013601,609.2731256816345,2957786
2016-06-01,608.839599609375,615.8010270838215,605.4159467530899,606.6712861337278,1890434
2016-06-02,608.6113891601562,614.3631151265853,607.4016872738251,612.6056510428874,1523970
2016-06-03,618.1747436523438,620.1832978262479,612.9479891953076,613.9750850625126,3376508
2016-06-06,625.250244140625,632.9648858633136,621.3016760271524,621.9635599115982,2434724
2016-06-07,629.0162353515625,633.1246183253778,626.7566470053683,627.6696209995495,3529094
2016-06-08,632.8279418945312,638.1688174334328,629.9292049046344,629.9292049046344,2266562
2016-06-09,626.939208984375,635.9776174588378,623.1959824366223,631.3214727044333,1386668
2016-06-10,628.0576171875,641.3185866027175,622.4428606165283,624.8165706869946,2835080
2016-06-13,619.6126708984375,628.3544088351442,609.5243184868335,620.0235203780128,2380866
2016-06-14,618.8138427734375,623.9493221601143,615.8466769055798,621.278884023746,1174906
2016-06-15,618.791015625,624.8394687707317,616.3487654364025,619.9093865587673,1365592
2016-06-16,613.49560546875,622.7394660752476,611.3272924869789,619.4527823712278,1998934
2016-06-17,613.5185546875,620.7310718906422,611.3273947027822,616.3944452020029,1931630
2016-06-20,616.6455078125,618.0834531354725,607.1506107996244,611.7154812068287,2144048
2016-06-21,623.9492797851562,626.1175931567162,618.4486445608859,618.4486445608859,1986504
2016-06-22,620.5941162109375,630.2944655816491,615.846639962451,623.470006784366,1218652
2016-06-23,627.5555419921875,629.9749455309538,620.137627784242,622.1233352121277,1998834
2016-06-24,634.0148315429688,638.0775771549077,600.2804297096407,610.7796311418246,2768948
2016-06-27,635.338623046875,639.6752495069957,629.0390802154009,636.8678433381102,1746496
2016-06-28,643.007568359375,645.4726092707403,633.1018228827429,634.5625589735838,2010980
2016-06-29,647.1845092773438,650.8820432041598,642.7337605801446,645.7009263782774,2111922
2016-06-30,652.7535400390625,655.9717955634852,646.1573254141359,653.2328736613412,4694178
2016-07-01,667.8861083984375,673.2726772059257,653.9176175555651,654.1458610520941,2329862
2016-07-04,668.9360961914062,674.4367313971321,663.0245557958167,672.2684180328822,1728496
2016-07-05,666.3341064453125,677.4267637475663,664.3256080588354,672.2684379336672,970110
2016-07-07,665.0103759765625,670.8990145131818,661.9062416573139,664.1886769733736,1597782
2016-07-08,663.4810180664062,668.9817087904233,660.559545800276,664.5994446677165,1428498
2016-07-11,671.9260864257812,675.4182234794292,666.9275755514042,670.1001382380978,1316600
2016-07-12,673.3867797851562,675.7376988771841,671.0587073315348,672.5194433783342,940948
2016-07-13,668.50244140625,675.6008373584432,666.5852180761261,672.8619150448279,1505342
2016-07-14,660.65087890625,666.9504224455486,652.6167180221055,664.4397436865337,1832622
2016-07-15,668.6622314453125,677.9745223845101,661.4953515586177,665.5124597577533,2521152
2016-07-18,670.4425048828125,676.3768365048176,668.0687945234171,671.0359603344197,1474504
2016-07-19,664.9190063476562,673.3183789655567,658.8020689126898,670.2142448273603,1392118
2016-07-20,667.110107421875,671.8347366880589,665.6036780449421,668.2969624673472,1445068
2016-07-21,660.4132080078125,670.1018378379981,657.7436966989573,668.3067877084206,2491952
2016-07-22,663.0368041992188,665.8444180835704,661.2187181556387,661.4028359579445,2033726
2016-07-25,673.6689453125,675.8552107699924,661.978167208094,662.7836334292754,1919612
2016-07-26,666.903076171875,676.4536053805439,664.7168104494086,675.6711748590835,2004548
2016-07-27,669.1353149414062,673.7609585515077,660.9425505456554,667.6394491410766,1342568
2016-07-28,668.5369262695312,673.3697233269013,665.6142459527607,673.3697233269013,3059592
2016-07-29,675.0957641601562,681.1482787540108,668.5369677468054,669.2273673692634,3784502
2016-08-01,676.6605224609375,687.5227960689731,670.1707787693238,677.9262548051648,2556022
2016-08-02,671.0452880859375,685.1984780442464,668.2607104392001,681.1941833592525,1498848
2016-08-03,665.7752685546875,676.5455122729445,663.0596858801271,672.771294530127,1345026
2016-08-04,660.8045043945312,674.1983027253558,658.6872900108355,671.8969705289761,1361794
2016-08-05,683.035400390625,685.7969990444955,664.6247426981553,664.8548759193112,1870776
2016-08-08,689.4100341796875,692.8160168664607,678.3176248842029,688.0982861420753,3560014
2016-08-09,681.5394897460938,694.5189800939205,675.6250775873299,693.6214830642332,1546836
2016-08-10,666.9951171875,687.6380556119701,660.4823358789673,685.3367234312071,6602056
2016-08-11,654.3147583007812,668.6290333135432,649.4359452854334,665.1770350218064,3344252
2016-08-12,667.7775268554688,679.8135050229429,655.4424204617065,657.2604503539353,3848548
2016-08-16,664.4635009765625,672.6101925734762,658.8022026228733,668.4217801920977,3017988
2016-08-17,667.616455078125,670.3550178559638,660.7815098463565,664.4636412773285,1181104
2016-08-18,672.1041259765625,675.4180221514963,668.6521273839762,670.1940088516901,1371966
2016-08-19,671.505615234375,675.85516625318,668.1226685652118,672.9094501727701,1527874
2016-08-22,664.4176025390625,672.886459585004,660.5053380310417,672.1730803562249,1207950
2016-08-23,664.0263061523438,666.8109403183863,658.641211800249,666.4197251192791,900824
2016-08-24,660.4132080078125,668.1226699183608,659.1934908566341,664.0953390695669,1003038
2016-08-25,650.7476196289062,665.0849288122464,648.0550725035591,665.0849288122464,1965574
2016-08-26,655.8106079101562,659.2165907102336,651.3690256483243,653.0720451407963,1336100
2016-08-29,654.6829223632812,657.6286384872112,650.5865402678836,657.2604029023968,1113022
2016-08-30,660.9425048828125,662.3002681953619,655.8795748314817,657.2373381440312,2720064
2016-08-31,661.21875,666.626880617106,658.3881001847114,663.7041999886648,2587538
2016-09-01,669.020263671875,674.2902915998529,661.8861343068254,662.3233649229954,2331330
2016-09-02,678.2485961914062,679.3532468541587,660.7584719499035,671.9889840156312,2816632
2016-09-06,685.7279052734375,688.098288541171,680.7800413257334,681.1942923350723,2300042
2016-09-07,685.2215576171875,690.3995542742443,681.5394266610582,688.0982224266635,1940376
2016-09-08,686.7634887695312,690.3996045906815,682.367978331222,687.6380061723188,1721426
2016-09-09,677.7191772460938,689.0187388236582,672.4031345151828,687.6609755397325,1298158
2016-09-12,656.3169555664062,671.0685185194696,651.7373266279624,670.3781188090587,1374956
2016-09-14,649.6890869140625,659.2856305235889,647.0425550019584,659.2856305235889,2284122
2016-09-15,647.249755859375,655.0052350303862,642.3249268576304,653.0721382335028,1365672
2016-09-16,647.4337768554688,658.7332838589656,644.856296116852,649.8961909880323,1548846
2016-09-19,652.197509765625,657.9508399505722,647.5948456176671,652.6117607759143,1107456
2016-09-20,648.9065551757812,656.6390529596769,646.9044076271413,654.9590694083402,1226474
2016-09-21,647.5488891601562,656.3169314492602,644.9253366460767,648.055171025546,2095174
2016-09-22,650.6326293945312,654.7290119541,648.1471793775561,653.5783458522474,1936070
2016-09-23,649.0216064453125,656.8001194472876,647.6178277075152,653.0719730335777,1472766
2016-09-26,635.2597045898438,649.0216820920015,633.3266080566409,649.0216820920015,1781186
2016-09-27,631.3473510742188,640.1154478108236,629.9435723703774,635.1675843817628,1958762
2016-09-28,633.6717529296875,639.7242671999088,630.5649547947498,633.1654711372627,2085302
2016-09-29,627.987548828125,651.7142503582063,625.2029143617805,638.3435438411717,5270206
2016-09-30,646.99658203125,651.4381648933761,621.3597610315285,630.7952240694146,2137750
2016-10-03,664.5557250976562,668.3069080291467,644.3960876159642,650.3565158713391,3603220
2016-10-04,651.4380493164062,669.5725570283169,649.435901678608,667.6164247943451,3167876
2016-10-05,644.0046997070312,656.293845826633,641.9795725725901,656.293845826633,2300598
2016-10-06,631.89990234375,648.0092301817112,628.4939189353199,648.0092301817112,2127622
2016-10-07,632.4060668945312,638.8497968337768,630.5650011976039,632.866333318763,1374730
2016-10-10,633.7408447265625,638.8497907499092,632.8432914969381,634.2931419564345,729386
2016-10-13,630.4498291015625,637.4228754988833,622.7403677856646,625.9852680074927,1654226
2016-10-14,624.6275024414062,633.7868147779288,622.7864368937579,633.7868147779288,1595846
2016-10-17,604.3758544921875,626.1464796993534,602.0515426681666,625.8242594786384,1865522
2016-10-18,613.6961669921875,614.4096023556622,606.4239918936986,607.7357398407014,1576968
2016-10-19,611.187744140625,616.1585873898402,603.8925331722182,616.1585873898402,2310602
2016-10-20,610.9575805664062,618.4598885611335,608.9323973352734,612.1542618714388,1040256
2016-10-21,610.6585083007812,612.154374252903,607.7358276005325,610.7275595047761,812896
2016-10-24,616.4116821289062,618.2297116575099,607.712637259502,611.4638190840037,1778610
2016-10-25,600.1414184570312,617.1482408306806,598.0242040837492,616.7570255961939,2905508
2016-10-26,602.4658203125,609.85312020478,594.9635099786424,598.3924729730131,1250544
2016-10-27,598.2312622070312,605.7566067208451,595.1244639612936,602.9489928764847,1908564
2016-10-28,603.7775268554688,605.1813057595535,593.7436961824693,597.425827631663,1498016
2016-11-01,610.474365234375,615.7444495432495,600.1874218107123,607.965935676981,1854896
2016-11-02,630.2427978515625,638.159357380462,601.3380457393246,607.0913756832523,6050492
2016-11-03,626.3995361328125,633.119470537082,622.7404407178393,626.4456077208154,2224808
2016-11-04,631.6466674804688,640.6909146898972,619.6337240670073,625.9623879154169,3198050
2016-11-07,634.2239379882812,641.3120503835798,630.8409918542314,637.0085716315654,2123570
2016-11-08,637.2848510742188,639.1259166882912,629.2072094033939,637.0087024690806,884762
2016-11-09,613.6961669921875,625.502010884935,577.1049897549893,604.7900237695397,3743020
2016-11-10,608.1499633789062,634.4541408806666,602.9489310417781,625.0186805094021,2512840
2016-11-11,570.8223876953125,606.1708709828364,566.8641077474318,598.3463418964975,4555506
2016-11-15,569.9479370117188,578.9921273223795,538.1665178658565,571.6509003116474,4130936
2016-11-16,569.5106201171875,588.3815425607326,561.3179118892006,576.2535341297196,2696932
2016-11-17,561.3639526367188,573.0316951934434,557.3826368508112,566.1276988658116,1058432
2016-11-18,570.6611938476562,573.9521093201032,561.9851848274628,562.5605177357628,1094450
2016-11-21,552.0435791015625,573.3538815521645,547.717063330716,572.7785485024473,1510636
2016-11-22,561.1107788085938,563.1819776890835,545.4157051956334,556.9223656427987,1287998
2016-11-23,548.5455322265625,564.5167542470081,546.3822463795157,563.803318834552,1161412
2016-11-24,535.6121215820312,552.2277877385101,532.9886249177858,546.7966203819772,3266868
2016-11-25,539.892578125,542.4240437513321,530.8023151940804,538.4657632816783,1527176
2016-11-28,535.059814453125,544.9325085555354,532.0680821572581,540.8131457913306,1327884
2016-11-29,545.806884765625,552.7799317781502,533.9320456706502,534.3692762651394,2076356
2016-11-30,545.4617309570312,551.3531636917857,543.3675524268047,548.6375805377212,1876180
2016-12-01,533.9549560546875,549.5579958160849,532.4821262785359,547.7169305034682,1331604
2016-12-02,527.2581176757812,535.7500090043568,525.4630677488472,532.9884110197983,2193510
2016-12-05,543.7127685546875,545.6918805376184,529.3064064952605,532.9194868156676,1325654
2016-12-06,540.9970703125,548.8445777426767,539.4551893018083,545.8758823069398,1087404
2016-12-07,544.034912109375,550.4326266274991,538.5117150321224,544.4491631271421,1875400
2016-12-08,556.5541381835938,558.8554703067229,546.3362460308471,546.3362460308471,1803138
2016-12-09,546.9575805664062,561.0647573596325,544.4951664942126,561.0647573596325,1954666
2016-12-12,536.486572265625,550.2025351894508,534.9216550712823,546.428316522522,1082646
2016-12-13,537.3150024414062,540.5828826191599,530.7331704983645,535.7500854565366,1501832
2016-12-14,540.3297729492188,544.9554732152383,533.4718478372263,540.7210443770405,1104776
2016-12-15,546.1290893554688,550.8468196959817,536.716608282261,538.5116583805013,1923330
2016-12-16,543.5746459960938,547.2337415879127,537.5451670869629,545.4157116895606,1602460
2016-12-19,541.7565307617188,547.6249267352706,539.4321632158984,544.6331954546363,1482614
2016-12-20,542.469970703125,545.8989891123748,538.5116908789363,542.2398375018947,1064722
2016-12-21,547.9241943359375,554.4829915046895,540.8130998795549,545.8760310273635,1676032
2016-12-22,544.7713012695312,549.0518012749995,539.9155244473777,546.3362182707166,1711402
2016-12-23,539.2481689453125,543.942920510331,531.6077570079727,538.9720203085161,1540542
2016-12-26,528.7079467773438,539.8924418314267,527.3501834853854,539.4321754701041,2124360
2016-12-27,537.2459106445312,539.1790068895486,525.3480364326607,528.8460495442848,1161856
2016-12-28,540.3988647460938,545.3697652207389,538.51178340873,539.018065301456,2138830
2016-12-29,540.7899780273438,542.654079399991,537.7522310590236,542.1017822002466,1667556
2016-12-30,545.2775268554688,547.1646638538745,539.4321666363388,542.3088313474967,1023018
2017-01-02,566.0357055664062,567.5085357399587,538.6268158553826,545.1856128012823,2106528
2017-01-03,562.6987915039062,567.1633537582637,559.2237572053483,566.1277542078835,1553022
2017-01-04,562.4225463867188,566.4729134786729,558.3031842775789,562.7447666013444,1130816
2017-01-05,564.907958984375,568.4290082074099,555.7256667103546,563.3660777699349,2508486
2017-01-06,561.7321166992188,570.2700810648128,560.2362508691456,570.2700810648128,2254066
2017-01-09,554.1607055664062,563.3429971091152,552.7799064661577,561.2028034516173,1042782
2017-01-10,558.5333251953125,559.9601399229911,552.7799946926825,552.7799946926825,558120
2017-01-11,567.0482177734375,569.6947496339873,558.6023403771778,560.2592882181143,1411696
2017-01-12,558.4871826171875,568.4979754122425,557.0142966329788,568.4289242249607,655710
2017-01-13,560.5354614257812,564.7469105039208,559.5228977521253,562.3535475380793,787588
2017-01-16,557.382568359375,564.6547994048117,555.7256206813231,559.2236338205125,980302
2017-01-17,554.3678588867188,558.9935588131739,552.6648956318802,556.9223599538414,957954
2017-01-18,559.03955078125,561.7091183397544,553.3783078473264,554.6670200392995,1958376
2017-01-19,557.2905883789062,558.6023364026116,553.5854213265538,557.8428855936672,787858
2017-01-20,548.6605834960938,560.0521768732996,546.3822311097347,556.922342885617,1537666
2017-01-23,547.2106323242188,554.3907755905378,541.8945339199573,550.4785119188736,1086802
2017-01-24,561.84716796875,563.4581003571742,546.3362128741535,549.9723286449979,1587220
2017-01-25,572.4793701171875,574.596584317712,557.8428761405448,567.5084705291185,3701216
2017-01-27,576.115478515625,584.4693256102008,572.341316194402,572.4794185998799,1632060
2017-01-30,573.307861328125,576.828910799783,567.9918177043259,576.1154753501809,880280
2017-01-31,570.7763061523438,574.6655906349224,566.2426937087375,571.2825879152335,1846324
2017-02-01,599.4509887695312,601.8443516481416,565.2071563344452,571.6508861297891,3047124
2017-02-02,582.2139282226562,597.2416365940952,579.3142837728635,596.9654880062379,2895658
2017-02-03,580.2578735351562,586.2643730003929,576.3916804196916,582.6742723247555,2265052
2017-02-06,582.6513061523438,584.9986537936924,579.0151899862038,580.8562557731234,1710456
2017-02-07,579.452392578125,582.5591909431129,572.9396676201545,581.8458116961466,2674292
2017-02-08,587.8983154296875,589.6012786943589,579.9816993662757,580.0967659702364,1681180
2017-02-09,594.5259399414062,595.9297745895094,582.0067194195285,588.6805805753871,1524034
2017-02-10,588.0594482421875,601.9594727275456,585.71210055557,595.1245270987681,3535424
2017-02-13,597.7249755859375,599.7040874082273,558.6713825222829,591.8795585560097,1752192
2017-02-14,599.1978759765625,604.7441092589164,591.442397410911,599.4510450019317,1834652
2017-02-15,598.7374877929688,606.9993027296883,597.4717552931937,598.4383034196866,2093830
2017-02-16,607.4825439453125,608.288010075228,598.5764011172183,598.8065342971942,1932262
2017-02-17,606.2399291992188,612.0852902868412,603.8235304828221,608.4722101097739,1750224
2017-02-20,605.6876220703125,609.6459585513829,600.4636090164113,606.1709243244737,940842
2017-02-21,603.7083740234375,606.6080183406209,599.7270588272521,606.6080183406209,1125370
2017-02-22,603.5012817382812,605.7105829341749,600.3484681324734,604.9971475396004,1207634
2017-02-23,600.5787353515625,605.4805848467037,595.8149882813059,604.7901850920324,4754094
2017-02-27,595.515625,599.6810580763663,589.6012134478965,599.6810580763663,1495124
2017-02-28,603.9385375976562,606.5390538637316,594.157877089967,595.9989425972967,1350030
2017-03-01,620.7843627929688,625.4100630026487,597.5639432999799,605.7106368382183,5875460
2017-03-02,609.8529663085938,626.4225563366009,604.3297696325914,623.6149425966054,1599896
2017-03-03,608.4953002929688,613.0749291289551,604.951214814559,608.9325309591649,714316
2017-03-06,612.0623168945312,616.2967455475732,605.8026485415245,608.5412674921816,2634892
2017-03-07,607.6666870117188,612.9827861643113,604.1916533755413,608.9784349551923,1357652
2017-03-08,599.980224609375,608.9554184582039,598.32322079709,608.9323826666999,1755722
2017-03-09,600.164306640625,603.7774425686492,597.4717596312529,599.2668096991207,1947556
2017-03-10,599.6119995117188,607.5515942087651,598.0470826533003,600.1642966688744,921202
2017-03-14,610.313232421875,624.7425724944244,605.3423329417792,610.0370838251724,1826798
2017-03-15,609.185546875,616.1355574871887,606.1247644263124,610.7734433003686,2281418
2017-03-16,607.9658813476562,613.5350933890088,606.8381949894751,610.4973464741676,1868436
2017-03-17,600.1183471679688,613.0518220461003,598.3463327272494,608.9324601524238,2367164
2017-03-20,598.4384765625,605.9178071342138,596.6894975858859,604.7901766911978,1482690
2017-03-21,595.768798828125,601.1078774675881,584.9985545645517,598.9676276163556,7791312
2017-03-22,584.9295654296875,592.8231457266072,578.8540711927709,592.8231457266072,2647756
2017-03-23,586.6326293945312,589.601325538635,583.3417130228179,587.2999932765795,1991010
2017-03-24,587.2079467773438,592.3629084327255,585.1367477968097,586.425460118221,1450556
2017-03-27,582.5822143554688,591.1661942258445,579.498451851195,586.8396786910706,2196248
2017-03-28,587.76025390625,590.8210370214357,584.5383887712902,585.5049370748043,1746870
2017-03-29,584.8375244140625,591.3042337560208,581.3164751447403,591.3042337560208,2308496
2017-03-30,589.0719604492188,592.5009789544982,580.3729139621234,584.8605115117897,8849392
2017-03-31,592.3167724609375,596.0449186300693,585.6889258353383,587.7601243942845,2188282
2017-04-03,592.1326293945312,600.6475564398471,589.1408982705013,597.2415743847498,1935486
2017-04-05,594.0889282226562,595.5847942050104,584.4923838497582,592.5930622403021,3975030
2017-04-06,593.2374267578125,595.5387589617105,586.9087631970929,592.7771603170329,1084388
2017-04-07,587.0928344726562,593.6285949397022,583.9630004495035,590.982063115005,1710604
2017-04-10,589.50927734375,590.4527898324568,583.3877112331941,589.1410417187286,1087208
2017-04-11,589.8544311523438,591.8105633648076,584.5613675186177,587.7601965450544,1414324
2017-04-12,589.1179809570312,591.9026152679692,583.9860553293112,591.9026152679692,1663874
2017-04-13,589.3712158203125,589.9235131112871,584.1011872039508,585.9192172895414,1104418
2017-04-17,584.2391357421875,588.4275486888604,582.5361725590459,584.56135592877,2118848
2017-04-18,581.3856201171875,586.2874694055213,579.2913851424227,586.2874694055213,1951614
2017-04-19,579.6824340820312,584.0319848158159,576.7137385879834,581.7766684558748,1718390
2017-04-20,585.3207397460938,587.7601740622702,579.0151127410618,579.0151127410618,1324892
2017-04-21,579.1072387695312,586.6786557640773,577.6804239773727,584.5384054834041,1331830
2017-04-24,582.0527954101562,584.9985111881217,579.2911974029739,579.2911974029739,1137378
2017-04-25,601.775390625,603.3633437020118,588.9800161106376,591.4424305573061,11584768
2017-04-26,622.6254272460938,625.7782411258348,605.0202359009353,606.5161018322233,5752818
2017-04-27,615.4682006835938,627.6652601464077,613.0748379044584,623.062596198176,2318584
2017-04-28,614.7088012695312,619.1503269969269,606.4700216296978,615.7444006497791,1052588
2017-05-02,617.1942749023438,622.6254414972806,610.4514163440962,613.5811944995072,1634378
2017-05-03,620.73828125,623.2927260165025,613.9723315718624,617.677498504047,1811584
2017-05-04,614.4097290039062,621.8200080179225,611.993330009018,617.2173432657544,1479754
2017-05-05,608.1270141601562,612.6146118048575,601.568217602516,612.6146118048575,1791334
2017-05-08,613.6961669921875,619.3804455524404,604.3297573891977,608.7022880024477,1159430
2017-05-09,618.4369506835938,622.2341484288656,611.5329547830993,614.7777991454142,1183118
2017-05-10,633.5107421875,635.0295877356147,620.4391639939766,622.2802297625047,2141724
2017-05-11,633.3956298828125,645.3855361244601,627.2510845606007,637.7911403771533,3489420
2017-05-12,629.5755004882812,634.2472165496237,626.7448503675763,634.2472165496237,3499498
2017-05-15,633.1654052734375,638.2283350407483,630.5648892014384,631.9456882288868,1116380
2017-05-16,628.8849487304688,635.3977291580136,627.3890830153194,633.7867968493914,1032024
2017-05-17,634.6153564453125,637.1698013415453,626.1464431594034,627.3431246032582,1841768
2017-05-18,622.6714477539062,631.4855613966718,620.2090335145883,630.1047620641717,2435692
2017-05-19,613.71923828125,624.8576628558055,611.4639216501591,621.3596493998607,1953484
2017-05-22,601.2230224609375,617.6545114908035,598.8526391162712,616.8260656301028,873594
2017-05-23,612.9597778320312,615.9975248332349,598.3463196408039,605.2503156366594,1560364
2017-05-24,602.32763671875,616.2046799415673,599.0136849216601,612.8447127413643,1251366
2017-05-25,611.0036010742188,614.8698497869144,600.1873414695151,603.4092060326183,2913396
2017-05-26,617.1481323242188,620.8532989646739,611.0035877074096,613.9953190219844,670446
2017-05-29,625.9853515625,633.2115117044068,610.9576420830057,619.0583196383261,2117528
2017-05-30,626.4685668945312,634.7073464428355,617.8155925466191,627.8033506512165,4447770
2017-05-31,652.1744384765625,666.6958655469916,640.6908145263461,640.9209477212191,7883572
2017-06-01,655.9948120117188,663.2440091976051,651.7833624096099,658.1810778296845,3424678
2017-06-02,652.8878784179688,660.367207303617,648.5153476848205,658.1809419370429,2884778
2017-06-05,655.28125,659.3316167864906,654.0845685991752,655.8565829989411,2303902
2017-06-06,649.6430053710938,658.1119185970488,646.2830942711665,654.9821407033439,1607632
2017-06-07,659.0553588867188,667.892449810972,650.609483099894,655.0280285620206,3809378
2017-06-08,652.4276123046875,662.7836061507936,649.0216297583289,659.7918745952519,1698402
2017-06-09,656.6619873046875,660.3441181508563,650.8626424589431,652.657692483422,1817262
2017-06-12,655.212158203125,671.5055413784634,651.2768585977268,660.4821852210163,3822974
2017-06-13,652.4967041015625,662.7145961915733,650.8167204250198,659.5617824392174,1966036
2017-06-14,646.766357421875,659.4927352999808,644.8792763178485,658.1809872267469,1884770
2017-06-15,638.688720703125,650.8167298563316,634.6383536586438,648.5153977139825,3134784
2017-06-16,638.527587890625,648.6764281200506,636.6865223232159,643.5444466139252,3300750
2017-06-19,638.9647827148438,646.6742443467355,636.8935840674699,641.1510479537384,2225100
2017-06-20,639.5172119140625,643.9127790916025,637.4690486360754,641.8875954257484,1879408
2017-06-21,638.4585571289062,642.2557549832179,635.6048716971717,641.0130019745247,2989436
2017-06-22,642.6700439453125,647.6869031254984,635.9501090643942,637.4690107697782,2256732
2017-06-23,633.4185791015625,652.7728031423217,630.6109653787829,644.3729415824081,2441604
2017-06-27,630.7030639648438,641.8414882573584,628.2636295957649,641.2891910569335,3336218
2017-06-28,624.144287109375,632.8663130959147,620.7843198459018,630.5649810482932,1655834
2017-06-29,623.9601440429688,634.7533684353247,622.3492116748641,625.9622916063548,1873788
2017-06-30,620.7152709960938,625.4330017115683,619.1043385566634,623.6609872651678,1909516
2017-07-03,628.9310302734375,631.4855313911308,618.1378051445253,624.1212686343829,2047918
2017-07-04,623.72998046875,633.7867893828421,622.1420277866137,628.2635929612051,860360
2017-07-05,637.4689331054688,642.255714670453,626.652673229672,628.2636055515991,2433212
2017-07-06,633.3496704101562,641.4733282972406,630.5650359162862,641.4733282972406,1561776
2017-07-07,633.3265991210938,641.5423435485911,630.7491183848997,630.7491183848997,1316700
2017-07-10,629.3682861328125,634.2470987322417,625.0417707390307,628.2636355366545,866646
2017-07-11,639.8392944335938,642.0715750525394,632.3829456575522,632.405981449598,4146842
2017-07-12,633.6487426757812,642.577922245655,632.8663122545759,642.0716404328242,1472052
2017-07-13,636.7620239257812,640.7580380546888,634.7407898271365,636.4367320061593,1589676
2017-07-14,639.1549682617188,642.3610361669074,636.111461226537,640.2700927224082,1307346
2017-07-17,643.3599853515625,653.0248122657124,640.4326988730928,641.2225880687597,2626156
2017-07-18,641.2924194335938,651.4218456022654,639.8287475558741,642.1287628490937,1645736
2017-07-19,642.3377685546875,647.2630901290207,639.8983347979199,644.93981988448,3795788
2017-07-20,647.47216796875,649.493458477246,641.8266665967772,644.4751720127529,1804436
2017-07-21,644.0338134765625,649.5864070720017,634.6013129174438,647.7277907427543,1401986
2017-07-24,645.3812866210938,646.7752489148609,638.899384643265,643.9176715890151,1161322
2017-07-25,645.7762451171875,648.7035317075167,644.1499558824045,646.426715434727,1441876
2017-07-26,656.7885131835938,659.901672694438,645.4277441156155,646.1943779375113,2535586
2017-07-27,649.6792602539062,661.5511937410981,648.1923900044474,659.8087410797958,3867130
2017-07-28,646.8914184570312,649.5864349382398,639.4802082144153,649.5864349382398,803316
2017-07-31,652.0491333007812,654.6976390316701,641.269123948743,647.40259221468,1021808
2017-08-01,664.1068725585938,666.0351984180759,652.0491213493567,657.4855516322618,3883480
2017-08-02,657.2996826171875,666.1513659656069,654.3723958012051,664.7341482635755,952938
2017-08-03,658.1824951171875,660.5754749398222,652.4207732616551,659.065349200937,1126038
2017-08-04,658.9026489257812,661.853190578134,648.2388052449361,659.8087015672139,4474648
2017-08-07,650.8641967773438,664.4553284965922,643.5226396903829,645.8691654617224,2987954
2017-08-08,650.5157470703125,658.2057951970824,645.9853695460728,650.5390024637537,1705654
2017-08-09,646.9379272460938,653.5824468553955,643.2671485055997,649.3541058821178,1542222
2017-08-10,644.4983520507812,648.5640745423444,641.2225186693954,644.0104426636101,1632346
2017-08-11,626.3768920898438,644.0569440193129,622.6364044347187,641.2225657611282,2253020
2017-08-14,629.9547119140625,636.9942319326882,626.1677701608976,629.466802486058,1370684
2017-08-16,637.1336059570312,639.5730397014794,626.5162723371924,632.8123573562875,1489816
2017-08-17,635.1821899414062,638.8761675531684,631.2790839407585,637.5054605703068,1223074
2017-08-18,636.5761108398438,640.9903247471274,632.2316063909798,633.7881862668225,1357710
2017-08-21,640.5953369140625,647.2398559994342,636.6457773686052,636.6689760395337,1405084
2017-08-22,638.7367553710938,643.9176598122677,637.0407566006014,642.4771867586768,584698
2017-08-23,638.527587890625,644.4751825591702,635.2053567310948,640.2932960104806,1578484
2017-08-24,638.9690551757812,642.6165782781691,635.5538591082012,638.8993457212455,1580092
2017-08-28,637.9933471679688,641.4317421988233,634.9498400652701,641.2226705379237,2070446
2017-08-29,639.8053588867188,640.7579223586863,635.2053292584844,639.0154697054265,1075712
2017-08-30,631.0699462890625,645.1954415799419,629.0719110689284,643.5458969177056,2110352
2017-08-31,624.8668212890625,632.0689594347448,619.3838805286784,631.0002323765532,3116004
2017-09-01,626.1678466796875,628.0497184514289,621.1960705545376,624.8668492467973,2174602
2017-09-04,617.2000122070312,626.3536745248833,615.2484311176263,626.3536745248833,814606
2017-09-05,615.504150390625,618.6637646771511,610.2999897155858,617.548640058659,1547776
2017-09-06,611.7403564453125,615.504043178339,608.696849509577,613.9939174066549,1298532
2017-09-07,622.6132202148438,624.0304378661676,612.7161222094862,612.7161222094862,2328682
2017-09-08,601.9129638671875,625.8193958704546,598.5674201404718,624.9597970847303,3938974
2017-09-11,594.85009765625,617.9898922497267,593.8278814249254,604.0502706200336,3330838
2017-09-12,604.3988037109375,606.3271295162272,594.2693219253839,596.6158477530992,2122904
2017-09-13,607.4655151367188,613.3666561306457,605.4442811829266,608.6968598232032,4776058
2017-09-14,599.752197265625,610.0907495717728,598.5905621750467,610.0907495717728,1431844
2017-09-15,601.3785400390625,605.9089172964555,597.0804898205101,599.4037602089169,1680374
2017-09-18,601.7271118164062,606.931215500682,599.8684952548111,604.5150366587989,1302442
2017-09-19,601.61083984375,606.2341250192017,598.5208790229541,605.9088898677351,975052
2017-09-20,600.5421752929688,606.9311692364412,599.2179224378707,604.0967905401586,1676474
2017-09-21,600.077392578125,602.4936274384505,594.803580960993,601.029955977367,970210
2017-09-22,598.0794067382812,602.6562372887882,595.4773556854439,598.4743512937234,1716992
2017-09-25,585.4642333984375,600.3331663101438,578.9590752495659,595.9654059232346,2290416
2017-09-26,579.4932861328125,587.996420868232,577.2629240957232,587.926768139949,1314494
2017-09-27,572.4537963867188,583.3267126297154,568.7365639426491,582.2115315524014,1420550
2017-09-28,571.7800903320312,580.3529352624122,569.2012375472018,572.4538160474715,3082168
2017-09-29,582.7923583984375,585.6964462915929,571.9891514358992,571.9891514358992,2433430
2017-10-03,587.462158203125,600.0774707158841,582.0953810538155,587.7873933610668,3570708
2017-10-04,598.8229370117188,600.2401546235807,583.7216796283001,587.3227486966538,2356486
2017-10-05,604.3988037109375,611.4847785382232,600.7977345364153,608.6968540160124,4212796
2017-10-06,605.4443359375,613.9010184788283,603.7018829369124,608.6504608026762,1825894
2017-10-09,606.3038940429688,610.044382254678,603.585678888604,604.538242486509,835364
2017-10-10,606.4200439453125,612.8787471662916,604.5846829706447,612.4140930744294,1387442
2017-10-11,613.0877685546875,618.1060550235574,606.8381942197075,608.2321563810085,3285560
2017-10-12,621.77685546875,623.379889322976,610.6251577823981,613.459536266919,1648332
2017-10-13,615.8060302734375,625.261728771916,614.7373032787202,621.7071139734903,1083280
2017-10-16,635.925537109375,639.3175344458958,618.1293205894352,622.1253341735165,2340580
2017-10-17,638.1326904296875,639.1317080786665,624.2627770292173,638.3882728702882,2047488
2017-10-18,636.8317260742188,640.525703635505,632.9518188005918,637.5054518592041,1196844
2017-10-19,639.2478637695312,640.7579895607367,631.9760159231707,635.065976963116,350390
2017-10-23,635.2053833007812,647.7045326872011,625.7031733242934,641.2226309537905,1199328
2017-10-24,627.5850219726562,634.6709964383473,625.8657679060774,632.1851085436572,781906
2017-10-25,634.1134033203125,638.2488359961831,626.7951015253144,629.1416273287236,1328304
2017-10-26,637.94677734375,641.5478463559118,634.0204731735153,638.643758442878,3304178
2017-10-27,644.8004760742188,646.1944383832821,637.2963576868049,637.9468280546572,1549084
2017-10-30,638.783203125,647.1005225876154,636.5993516144698,644.9398697490452,1126068
2017-10-31,624.8668212890625,640.2933138548528,623.6122212572112,640.2933138548528,1599456
2017-11-01,627.6314697265625,633.4163900686153,620.7778223614196,626.0051805212744,3930716
2017-11-02,620.475830078125,627.0042427554412,618.4778515158697,624.0304452241286,1740658
2017-11-03,618.3384399414062,624.007197239906,613.3898624613918,622.1718362438797,2168762
2017-11-06,634.787109375,640.1538293464974,624.1697762181179,626.2839180055095,5150692
2017-11-07,629.0254516601562,642.1519292294264,626.3536907389774,641.2226210829294,4427324
2017-11-08,635.1821899414062,638.8994229476472,629.1416863062649,632.3942651867256,1371018
2017-11-09,632.53369140625,641.2459563650862,622.6365357248221,637.9701220523738,968514
2017-11-10,647.2399291992188,656.1613222725581,625.9820033592038,632.9053610424507,5939800
2017-11-13,655.7197875976562,665.268451230694,654.2329172919974,654.2329172919974,6476230
2017-11-14,664.2694702148438,668.2654840116332,657.5087872936542,659.3441482457558,3592110
2017-11-15,657.6017456054688,663.9907397775763,653.7683491022042,663.9907397775763,1994072
2017-11-16,656.99755859375,662.5966624760707,654.2328897379435,657.5087234152289,1744892
2017-11-17,658.2987060546875,662.1321024372188,656.0915990465635,662.1321024372188,2896880
2017-11-20,654.2330322265625,659.8321373283397,650.5622531590369,659.6927183974873,2529602
2017-11-21,657.9501342773438,660.7380585751291,654.3258100020367,659.8087504758673,1707526
2017-11-22,664.2229614257812,669.9382289027304,659.6228750078056,661.6673641625131,2879234
2017-11-23,659.1814575195312,666.4997585643719,656.3470792526062,666.4997585643719,980022
2017-11-24,666.3604736328125,669.0554902634514,659.8321171665787,662.1321324120306,1933116
2017-11-27,664.9200439453125,670.9605474891903,662.1553746268809,666.7786604203518,1735164
2017-11-28,666.7786254882812,669.7756217090822,662.9684846022507,665.6866997104956,1487160
2017-11-29,666.0352172851562,670.5423394955496,664.4553819559915,668.614013581443,1383574
2017-11-30,653.5592651367188,664.4553813951849,650.7713404595361,664.4553813951849,5367350
2017-12-01,654.8834838867188,663.0381291102359,653.3036486412165,657.0208813504125,2154686
2017-12-04,650.9803466796875,659.8087739365855,647.1469506339291,659.8087739365855,2925628
2017-12-05,645.0327758789062,654.8602210867762,642.6165973334469,650.5157167511392,2599242
2017-12-06,635.3912353515625,646.9843893429608,633.5326189252515,644.4752458233464,2369644
2017-12-07,641.0135498046875,642.3842566333672,635.6932266306693,639.7357511025235,3113720
2017-12-08,645.0095825195312,647.5651799992452,640.9438592563499,644.3358000607794,2399392
2017-12-11,658.9956665039062,663.4563344465653,647.030823625376,648.5874034907217,2646642
2017-12-12,659.4138793945312,663.7583838988473,655.6733911897969,659.7159159045578,2812240
2017-12-13,656.3237915039062,665.3845447317478,655.1621564746957,660.6450965007533,3787148
2017-12-14,665.1987915039062,667.2432808673711,656.5562366752057,658.4148530564519,5505930
2017-12-15,689.2678833007812,692.3345889277768,669.5665386878701,670.2635198176631,7105514
2017-12-18,706.9479370117188,715.1026389156109,676.0716956609576,689.5466641655403,8530702
2017-12-19,723.1411743164062,725.3017704327194,707.2035165316125,713.2440196294516,11347974
2017-12-20,716.3804321289062,730.1574370274817,712.3611629687496,724.860369139675,9660028
2017-12-21,689.7326049804688,712.7794385867672,686.7123531220502,712.7794385867672,6803736
2017-12-22,693.4497680664062,700.140798237089,690.4759705771618,694.1932032586001,2338232
2017-12-26,689.1285400390625,696.9347522378974,684.6214175931307,695.1225897574027,3887128
2017-12-27,693.9608764648438,701.5347607441778,687.1769381628802,692.1487141878989,2523905
2017-12-28,696.9346313476562,700.6518638031723,692.6597799915332,694.1931610676199,5643656
2017-12-29,698.0033569335938,699.769065178008,691.3123833600608,697.9104488030332,2055582
2018-01-01,692.00927734375,705.2519173475663,690.4758963393333,697.9103609028792,2476302
2018-01-02,699.6760864257812,704.4155350154035,693.5426189751624,700.698302640652,3020597
2018-01-03,701.5347900390625,705.3449310098201,696.9811571243281,702.4640982485615,2256643
2018-01-04,702.5570068359375,707.2035478864398,697.4458116803851,707.2035478864398,1663380
2018-01-05,702.8822631835938,704.8802985836551,700.3266655288738,702.5570279884552,1255982
2018-01-08,706.1812744140625,706.2741825393676,703.0680581297994,703.5327121972596,2309604
2018-01-09,708.551025390625,711.8500580492398,703.6721574992954,706.2742090305774,1947163
2018-01-10,706.1348266601562,710.9207866703745,700.8842692614754,708.1793160835642,1275821
2018-01-11,712.4541015625,714.591498920436,702.0922932101266,706.5529608963557,2291617
2018-01-12,713.2440185546875,715.1026348896835,707.9004965915742,712.8722725995007,1363265
2018-01-15,705.5308227539062,720.8179545507029,702.2317898665667,715.5673403392451,2127778
2018-01-16,693.9143676757812,708.6438783314512,688.6173001764845,705.3448459297595,1611817
2018-01-17,692.6597900390625,700.6983280289071,686.6192872112271,694.2396251996666,1940533
2018-01-18,705.5771484375,710.9206698119032,692.3345085096313,696.9810488351992,2810014
2018-01-19,711.29248046875,713.9874400705999,695.4012770765951,706.2741937721814,2005133
2018-01-22,705.9024658203125,714.6379853383843,702.5569790842894,708.2257362537922,934811
2018-01-23,714.6844482421875,718.3552269165798,707.5752746600947,708.0863828176878,2775928
2018-01-24,701.9994506835938,716.4966361986459,699.2115260291243,714.6844738291463,2080315
2018-01-25,704.229736328125,708.13284207737,695.4477625724414,703.0216470230058,2878048
2018-01-29,710.316650390625,717.4258803124783,703.7650393821239,703.7650393821239,2074165
2018-01-30,710.8278198242188,714.3127253533861,699.8619383827313,709.9914198090315,1648188
2018-01-31,709.108642578125,716.6360733691669,703.161103862749,710.7349320013134,2242045
2018-02-01,742.2848510742188,745.816210539618,709.0620862217577,714.5450267457346,6896060
2018-02-02,715.7994995117188,743.4464129949693,711.4317404912814,742.2847779746646,3783976
2018-02-05,706.7388305664062,715.3349307409483,692.3345545982546,708.969192759339,2018332
2018-02-06,698.6538696289062,706.1812998249032,679.0919440290234,691.2194042820267,5626253
2018-02-07,694.2860717773438,717.3794125255496,691.1729122724375,713.1510719357409,1909559
2018-02-08,699.0255737304688,706.9246926885706,693.2638520875248,700.6983169892677,3024010
2018-02-09,697.027587890625,700.0478394705368,689.5466683983221,694.1932092904941,2214895
2018-02-12,693.2638549804688,715.567249778768,690.4759306306813,715.567249778768,2662221
2018-02-14,694.1466674804688,700.6518239072103,689.5930352935645,698.6537888879546,1207191
2018-02-15,696.3770141601562,698.1891763307715,690.9405843687766,695.2153790149498,1652980
2018-02-16,691.1729125976562,700.4659937754399,689.5466233915441,699.4437775340701,1042980
2018-02-19,673.4231567382812,692.1486814600333,665.4310728159428,691.4052463027259,1185926
2018-02-20,658.8795166015625,681.3687864812814,653.3036673778539,675.4211912878037,2981323
2018-02-21,658.3219604492188,665.3846801763093,651.4450569882581,665.3846801763093,2290218
2018-02-22,670.9139404296875,673.2836645508884,650.8873638219899,652.3742339747738,3325355
2018-02-23,667.8473510742188,672.8191271849804,663.5260453177846,671.4716189701429,1648932
2018-02-26,683.4132690429688,684.9001394662404,668.4049190109815,670.9605165463033,1525511
2018-02-27,687.5021362304688,689.5466254397472,679.324236113821,689.4537173158799,1429191
2018-02-28,676.861572265625,682.9950401232581,673.8413207607168,682.1121860315759,1814444
2018-03-01,680.7646484375,684.4354268365892,676.0716537998895,676.536307857484,1831321
2018-03-05,687.3162841796875,690.4759545738655,671.0999023591387,675.6070241927324,2170367
2018-03-06,669.0089111328125,690.475905145656,665.384586923674,690.475905145656,1763292
2018-03-07,657.7642822265625,674.4918285451155,652.7925064256239,670.0311608709281,2343794
2018-03-08,675.2816772460938,677.651401289221,657.1136605677146,660.3197844945145,2500680
2018-03-09,677.0009765625,687.4092390218989,672.3079818233531,675.5141062342148,2191343
2018-03-12,684.9930419921875,686.9910772825501,679.5101577208281,683.087971552813,1867680
2018-03-13,681.1829223632812,688.6173880916663,678.813197756453,684.8537011607658,1823994
2018-03-14,676.7222900390625,682.3910477683942,671.9827838544232,679.2778877682731,1366237
2018-03-15,682.9020385742188,685.7364736720994,678.2090439859785,679.3242250565667,1249262
2018-03-16,688.3849487304688,698.8396644553661,683.5525354513125,686.7586596177069,4929069
2018-03-19,690.1971435546875,696.0517732943789,686.7586922090067,689.314289507484,2081202
2018-03-20,688.5708618164062,691.4052402340251,680.2999968727321,688.0597536952728,1248986
2018-03-21,692.6597900390625,697.6780766149894,687.2233601821973,690.4759386279549,2788242
2018-03-22,679.1848754882812,695.9589338797574,674.6777534050996,694.239679676952,1877037
2018-03-23,681.090087890625,685.1790104511757,670.2171692428475,673.748529501657,2276332
2018-03-26,693.7286376953125,696.98121670661,675.6535801312924,682.4375192964748,1890961
2018-03-27,692.2416381835938,698.8397031179303,689.1748760249214,696.0517787703855,2422064
2018-03-28,686.665771484375,693.2638362457127,683.0414472394086,691.4052200627483,3301815
2018-04-02,695.1689453125,698.7003049132564,685.0859746449969,695.958891266655,3567965
2018-04-03,715.6602172851562,716.8683633133513,692.3810583769036,695.1225288924319,2500384
2018-04-04,703.068115234375,731.1332345325633,696.1447577227972,718.355246639557,3295198
2018-04-05,719.8419799804688,725.7895740823884,712.4075157132995,715.5671857150309,2224647
2018-04-06,717.3794555664062,719.8420881928319,710.0378983107513,719.8420881928319,1194886
2018-04-09,730.6220703125,732.4806865907203,715.567267114822,717.4258833930423,1813902
2018-04-10,722.6300048828125,729.5069079774113,714.080415159325,721.6077885916686,2193150
2018-04-11,733.2241821289062,734.711052585719,719.2381048278295,726.2543705117114,1448946
2018-04-12,732.1554565429688,738.428287011726,725.4644827526723,733.642383723402,1146053
2018-04-13,733.7816162109375,739.2645564136928,727.7876246434124,738.7999023870343,2183881
2018-04-16,744.7940063476562,748.0930388394387,727.8341331068864,727.8341331068864,2896629
2018-04-17,752.1355590820312,760.9175328005351,749.48705343508,758.3154812188782,4339790
2018-04-18,741.8666381835938,755.5274784742694,739.4504598336085,755.5274784742694,1503151
2018-04-19,745.2122192382812,747.6283977111246,737.5918811555536,744.7475651688524,2590266
2018-04-20,742.9818115234375,747.5818978732101,735.9190927887612,735.9190927887612,2561105
2018-04-23,766.0287475585938,774.8571755697251,743.4930234249165,747.070894072237,2751312
2018-04-24,779.2713012695312,784.3360417934517,763.984171575317,765.656971543192,2872669
2018-04-25,793.48974609375,801.5282843291222,779.2713426549618,782.4774671363721,3602302
2018-04-26,797.4857788085938,807.336422105231,790.8412031212104,798.2756680154168,5461957
2018-04-27,801.714111328125,805.524251859986,791.0270681499445,799.1120599853567,1087577
2018-04-30,811.5647583007812,816.815371792235,803.0151123743765,803.2939501827808,1137366
2018-05-02,802.13232421875,817.6052703411177,800.1342890781617,817.326489249992,1341643
2018-05-03,803.9443969726562,813.6092236886684,791.3987378980737,801.9928726936845,2126154
2018-05-04,793.9078369140625,807.10402225472,792.0956749155124,803.8049900996708,961238
2018-05-07,822.9951782226562,825.1326320928092,797.810953005823,801.0635311485374,1916654
2018-05-08,804.1303100585938,823.8316536732718,798.7403342720554,823.3669996102864,1834833
2018-05-09,799.2979125976562,807.2435426115076,793.3968285667816,803.8515451950408,1630905
2018-05-10,795.9524536132812,811.0537114897737,791.9099857314542,799.2050322328334,1369399
2018-05-11,807.66162109375,811.1000722974597,788.843132672873,797.2998701436686,1304682
2018-05-14,792.3746337890625,812.2153405291322,789.911944450529,810.3567241892486,1492933
2018-05-15,787.17041015625,803.8515017977649,777.9237832712464,793.5362046362916,2060487
2018-05-16,792.7927856445312,797.1140913695814,775.2288950753733,785.7300661649444,1559853
2018-05-17,788.982666015625,798.7404021677617,786.1947414007287,794.6049693115714,1065979
2018-05-18,776.9015502929688,793.4432226752095,769.5135397564967,788.2855742057544,1983383
2018-05-21,767.5620727539062,787.3563248737379,763.5195482958944,775.042991967775,1670673
2018-05-22,771.51171875,777.8310034916196,754.8306243561148,764.0772527668065,1937535
2018-05-23,772.99853515625,776.4369867769144,762.5438180991102,769.5600835355855,1315364
2018-05-24,783.4531860351562,787.867399530858,773.0914347038406,777.8308833478817,1394760
2018-05-25,797.067626953125,800.0878784988046,784.336093708782,785.2654018766834,2069467
2018-05-28,789.8655395507812,803.5263818433297,785.3119065464409,801.4354383308112,3096495
2018-05-29,808.7304077148438,813.7951484149221,789.9119179059088,793.6291504607601,4666224
2018-05-30,834.4722900390625,837.3066686387513,813.1911100680472,816.8618887163844,8212884
2018-05-31,857.7049560546875,867.5091455521313,828.0135497449909,836.3773229747383,9417129
2018-06-01,837.8642578125,861.9333630927116,833.6359168093471,857.2868220517805,3431462
2018-06-04,849.8522338867188,853.4300472843331,841.9531152557323,843.8117314041997,3364222
2018-06-05,837.58544921875,851.1533826454815,834.9833976652783,847.5290580642558,1836194
2018-06-06,849.6664428710938,852.2684943858018,833.4500040676813,838.6077097534674,2102493
2018-06-07,855.2423095703125,862.3515398592778,851.2462957270416,854.034220276366,2668799
2018-06-08,847.203857421875,852.7797067153562,839.2582268022866,852.1756336870402,1335422
2018-06-11,852.0361938476562,854.9635373430517,845.6704554154098,847.7149447835852,1747134
2018-06-12,852.7330932617188,860.9110499506011,849.4340608376971,854.9634553987713,2032546
2018-06-13,852.7796630859375,856.2645687160705,850.0846467104469,853.1048982565621,1353228
2018-06-14,856.8685913085938,859.6100617685984,845.2522391225316,849.4805799741644,1385264
2018-06-15,845.1593017578125,859.0524698358498,839.0258339834564,857.3332157395025,2619109
2018-06-18,849.294677734375,855.9391964798407,844.741045450253,850.3168939350732,1496081
2018-06-19,828.3853149414062,850.3634188514502,823.3670281987344,850.316964787632,1878313
2018-06-20,840.4663696289062,844.6017457959676,829.3611251513072,832.6601579598439,2671370
2018-06-21,821.1366577148438,845.4845425611549,812.3082302999176,845.4845425611549,4202520
2018-06-22,843.9976806640625,848.1795673761742,819.6962496377147,820.3932307564,4589148
2018-06-25,841.5813598632812,849.8522243190326,837.3065654581175,847.5289541596039,2984963
2018-06-26,834.5187377929688,850.3169767044169,828.1064887230756,841.0238949918004,2106484
2018-06-27,829.5469360351562,842.2319581471496,822.9488141915683,836.3773281938859,2168303
2018-06-28,843.5795288085938,852.8261568551343,828.0600703357707,829.5469975061355,4493297
2018-06-29,834.2399291992188,850.2240405623701,831.591366966106,844.74109984439,2441612
2018-07-02,823.9711303710938,843.5330564507013,816.5366648418959,842.8825293728024,2180118
2018-07-03,830.9873657226562,834.9833794555338,816.9083244493254,824.203427517473,1406654
2018-07-04,836.4702758789062,838.886511195795,822.9023990458417,831.7308268165198,1457165
2018-07-05,847.854248046875,851.2462454028788,837.8641856690573,837.8641856690573,1935437
2018-07-06,859.5635986328125,861.4686690271283,839.0258541523116,850.2705169820345,2998570
2018-07-09,866.8121337890625,873.5496175413763,862.0261743664742,865.1858446074694,2472960
2018-07-10,864.767578125,871.2262802936692,860.9109838231766,871.1333721786223,1617650
2018-07-11,865.1858520507812,873.2708439672073,860.9575114863557,863.2807817657616,2732003
2018-07-12,857.9721069335938,872.2123195045849,852.5383574104965,872.2123195045849,2173358
2018-07-13,849.44677734375,867.4344119248108,845.0435456585304,860.5016592986256,2296504
2018-07-16,843.4976806640625,857.8784444104876,838.4855274783962,847.8540808580431,1901810
2018-07-17,864.2022094726562,866.872224287245,844.2003138944596,845.9803618915929,1791101
2018-07-18,845.465087890625,871.0880578056239,843.1697809396229,868.0901093705054,1442856
2018-07-19,855.3488159179688,864.1552778590075,848.7908293775243,848.7908293775243,2040980
2018-07-20,852.30419921875,857.4100725793944,846.9172806746359,855.3489792654232,1667834
2018-07-23,852.9131469726562,855.3489480486517,846.9172497655871,852.5383819542968,1179253
2018-07-24,862.2816162109375,866.4974649397763,853.6625362624233,856.145168427408,1982289
2018-07-25,852.632080078125,866.5912484664086,851.320516821548,866.4975857984803,1433236
2018-07-26,855.9109497070312,859.0026178353589,848.7908725448815,856.6604796660849,2785063
2018-07-27,852.3977661132812,858.0657863851386,845.7929477288191,857.2225937483522,1658854
2018-07-30,874.3202514648438,875.9597483199882,854.4589066977296,858.1594967498494,2458481
2018-07-31,876.8497924804688,882.3303735068521,866.169618420562,875.9597684452908,2011316
2018-08-01,871.041259765625,883.8293581377213,867.6217148731267,880.1755994082331,2000884
2018-08-02,853.7562866210938,867.2938581439271,852.5852174094492,867.2938581439271,1652795
2018-08-03,862.515869140625,866.5911668908567,856.3325897492779,856.3325897492779,1575164
2018-08-06,873.5238647460938,876.7091383121298,862.4220956388423,863.7337158714557,1702042
2018-08-07,868.46484375,884.3913834951456,864.9984677810113,881.5339863300323,5202007
2018-08-08,869.6827392578125,879.6602707965183,865.6542730165761,877.7397289213935,2056171
2018-08-09,874.2733764648438,880.6439810618351,868.9332898243108,870.3385727728137,2452570
2018-08-10,886.2183227539062,892.5420963163508,870.4791644347114,873.1491792886319,3163115
2018-08-13,894.2284545898438,905.3770564142214,879.3324312690183,884.3914731616684,4285645
2018-08-14,890.4341430664062,901.1611478291217,888.1388361149083,898.3505818920491,1801054
2018-08-16,891.1836547851562,904.2996297307459,884.3914534740472,885.3283088273037,1832039
2018-08-17,900.7863159179688,907.6253477539276,890.1530317850352,894.2751605445349,2246030
2018-08-20,908.3280639648438,920.2261379636914,901.3484803954278,906.5480731657159,1877608
2018-08-21,897.3199462890625,914.9797020459636,895.1651906520241,911.5601575137828,1557070
2018-08-23,902.285400390625,908.7497254336816,894.0410844208517,899.3811715632314,1978510
2018-08-24,907.1570434570312,910.9981847832172,900.4585618692968,905.1896700522116,1634893
2018-08-27,914.7923583984375,921.7719417378479,906.688537275983,912.7780966546039,1635797
2018-08-28,918.5866088867188,925.2851470610899,912.5907121775848,919.991891817193,1460036
2018-08-29,921.72509765625,930.2973468364017,913.8555471578418,919.382959320811,1795568
2018-08-30,920.8820190429688,928.9857838754547,916.1509107493845,922.7557298270508,1831626
2018-08-31,904.3464965820312,925.6131253724595,898.5848702418738,919.991993032141,2243187
2018-09-03,887.9515380859375,913.387185108549,882.5177881935803,913.3403537746983,2189450
2018-09-04,872.9150390625,895.3527378457015,869.4954939012653,892.0737438701515,2067396
2018-09-05,870.7133178710938,885.3282373291636,856.6604887071387,871.2754081652085,2133045
2018-09-06,875.9130249023438,884.1105101880045,868.933440280043,875.9598562391808,2144816
2018-09-07,912.2160034179688,915.9165932339049,876.0065237414844,880.7376314995811,3132025
2018-09-10,878.1613159179688,914.5113482687872,875.5849637745072,909.3586439818641,2151834
2018-09-11,883.59521484375,900.3180612674785,877.1777208892086,883.4546636578899,3909701
2018-09-12,878.9109497070312,890.9495191810366,854.7869222423502,888.5605492566801,2787531
2018-09-14,891.7926025390625,894.5094486600979,869.4485688343997,881.768239172561,2803861
2018-09-17,890.8088989257812,896.0084919346781,877.4587100046847,887.8110075094434,1978897
2018-09-18,886.7804565429688,900.3180283429331,881.0188302123984,889.497360042048,2227889
2018-09-19,888.9821166992188,904.674444733362,878.9577524292444,887.2020685572278,2083160
2018-09-21,899.2874145507812,915.0265719656857,815.0641012190372,902.191643073486,4633394
2018-09-24,839.4691772460938,897.6947568135947,829.1169376528646,894.6968084276675,4569708
2018-09-25,836.61181640625,843.1698037688969,810.6140807900423,839.422382418813,4269089
2018-09-26,836.939697265625,859.8926531545629,829.3980231954821,845.9803741922842,2357565
2018-09-27,822.0438232421875,838.9072212848195,811.7852446633627,831.9276367698398,2588148
2018-09-28,806.5857543945312,825.3228643999511,786.5370238162834,822.0438701490026,4188699
2018-10-01,794.0785522460938,809.8645988137829,787.8484986305766,806.1640088361281,3060818
2018-10-03,741.6146850585938,792.1112121724276,737.3051732462454,792.1112121724276,6680994
2018-10-04,744.5189819335938,749.4843040114466,717.1159620681752,730.8877475906085,5036305
2018-10-05,720.95703125,745.5026531317806,705.3584238060521,741.0525901693226,5157618
2018-10-08,725.92236328125,731.6372153682465,705.7331414186251,720.2075683753675,3874262
2018-10-09,716.5068969726562,733.0424153124328,712.2910482699366,726.5780910958198,2933355
2018-10-10,715.85107421875,725.6880543515305,703.4846306538542,719.5048325690825,7578601
2018-10-11,684.044921875,708.7310362191791,669.8515411721257,699.8309108469621,6199047
2018-10-12,719.973388671875,726.9061416369331,689.1039912151724,691.8677261342611,4477653
2018-10-15,701.70458984375,726.4844229106353,691.3991819822263,726.0628266073514,5282462
2018-10-16,728.5924682617188,730.7472242817107,702.7352244784652,706.0142184335754,4357854
2018-10-17,711.4478759765625,740.8182642113292,703.7656517467495,739.3661500585175,2634539
2018-10-19,694.397216796875,710.136375692626,685.8717985583874,700.8614845888385,2985488
2018-10-22,687.4175415039062,701.7045841041578,684.8411895595985,699.8308735992067,1842855
2018-10-23,683.8576049804688,688.0266229120297,670.9758433375707,684.3728640099616,2967082
2018-10-24,689.759765625,701.8920540932686,679.829121583184,694.0224461189555,3729119
2018-10-25,687.4175415039062,697.4887354680179,678.28320279227,682.030623802172,3966709
2018-10-26,682.2180786132812,694.959288525247,677.0653741784092,684.8412621620845,1813847
2018-10-29,702.1730346679688,705.3114769938411,682.0306460817628,682.0306460817628,1954444
2018-10-30,699.1751708984375,714.5864536054702,690.4624271481239,703.5784026977491,2756355
2018-10-31,717.5844116210938,720.5354718493811,688.7292764737358,701.7047010098153,3093083
2018-11-01,708.3093872070312,729.5291810989427,703.5782797183817,721.8469567550109,4171044
2018-11-02,734.0730590820312,745.6432579250651,716.7412336661832,716.7412336661832,4117317
2018-11-05,726.4844970703125,735.1035777796458,721.3786239451276,734.4945989259481,2168486
2018-11-06,729.2481689453125,732.6208250629288,720.3011553240182,730.7471145128957,1839552
2018-11-07,742.8325805664062,743.863098510539,734.1666691542872,738.2419667837592,731279
2018-11-09,745.0342407226562,755.0117733891244,741.0526053588445,749.4843037763281,3085813
2018-11-12,731.59033203125,756.6980428199685,728.9670914270399,747.6105349068091,2101138
2018-11-13,740.1624755859375,743.6756827580572,724.9854091661596,726.5312431943347,3010295
2018-11-14,721.00390625,747.0485325946908,717.1628219116852,743.020008555584,4237768
2018-11-15,718.0995483398438,726.812290719096,707.3257129766237,725.1259627071612,4315301
2018-11-16,719.130126953125,727.4681622453814,711.7758355002298,719.1770154644175,2373384
2018-11-19,732.0119018554688,734.1198263843455,721.4722792110853,726.3439384473784,2681651
2018-11-20,733.1829833984375,742.3642116905486,724.5170713002958,730.7471823297835,2902880
2018-11-21,720.535400390625,738.0546062294208,716.4132713104505,738.0546062294208,1851514
2018-11-22,698.9877319335938,724.1423316041986,696.1771659713661,721.4722596314157,2578750
2018-11-26,700.6741333007812,707.3257833579275,692.5703117183416,700.767795962556,2676798
2018-11-27,704.2809448242188,706.2952065145827,691.4928475961382,699.8308823195097,2179714
2018-11-28,701.1425170898438,711.2605427160859,698.4724452230284,707.0446939400592,2007876
2018-11-29,724.3765869140625,731.0282371997812,704.5152415407856,708.2626630383429,5038807
2018-11-30,740.9589233398438,745.7368627791747,727.655565859068,728.8734663846708,5214780
2018-12-03,712.9937744140625,750.2337757116761,708.824756543264,749.4843028450539,5839713
2018-12-04,693.5540161132812,713.8837889946265,691.8676878904615,713.8837889946265,7101096
2018-12-05,672.708984375,693.5540162763992,669.9452496080299,693.5540162763992,4837874
2018-12-06,666.0572509765625,676.4094900458912,661.88823368064,672.1936414237215,3970063
2018-12-07,675.5663452148438,680.9064319500501,664.7925090853141,680.9064319500501,2716587
2018-12-10,665.6824951171875,679.6884927232401,655.7986835372405,665.1672361592011,3150111
2018-12-11,676.7374267578125,683.8107302651556,650.1776009460767,655.7050702818957,4383980
2018-12-12,703.3909912109375,705.4520844343522,675.7069268237403,679.2201344155449,3460143
2018-12-13,711.2606811523438,716.7880940925196,699.1283914326323,707.325876759313,3510371
2018-12-14,709.4337158203125,715.7574894509327,704.1404602052002,705.5457432342268,1760631
2018-12-17,708.5905151367188,714.8206260342326,703.1099342577871,712.0100600078857,2022203
2018-12-18,722.2686767578125,723.2523634843595,704.8900206517624,707.8879121648364,3600834
2018-12-19,733.2297973632812,737.3050949010282,718.6616522210496,726.0628317005043,3361238
2018-12-20,745.2216186523438,746.6737330457582,729.3419086275067,730.4661465124809,2707144
2018-12-21,731.8245849609375,762.6002605645941,728.5924225432065,744.8000087823739,6125095
2018-12-24,738.8509521484375,742.4578221660116,726.0628544841123,733.4640341958135,2034516
2018-12-26,737.9608764648438,743.3946253652559,723.2522379104947,736.0403346786342,1683700
2018-12-27,745.408935546875,751.3579437753962,738.3356323512344,744.3315290892173,3156130
2018-12-28,752.8101196289062,756.0422820851958,746.6737284038427,748.8753156465152,1820270
2018-12-31,753.0911254882812,758.8528085739724,750.6084932009958,757.8222905952668,2232551
2019-01-01,724.51708984375,754.9648898867788,722.5965477387973,754.1685856811763,3442903
2019-01-02,694.8656005859375,724.0017780944507,688.6823211803477,724.0017780944507,10596260
2019-01-03,672.9432373046875,697.8167372899749,670.975863793512,696.4583426747482,11084172
2019-01-04,679.7822265625,682.3117474715374,667.5094442149925,674.5358594172556,5919404
2019-01-07,683.4827880859375,689.4318536837079,677.8616561592253,688.1670646915311,2792255
2019-01-08,677.7211303710938,686.902300651055,672.1936613633974,674.5357995563012,4764487
2019-01-09,680.4380493164062,683.8575943171007,674.67642305282,682.9675702721556,2569424
2019-01-10,686.9024047851562,688.4481819181469,677.1590855531501,682.0307451691532,2550750
2019-01-11,681.9369506835938,688.5886000016435,675.7068404778032,688.5886000016435,2215240
2019-01-14,678.7984619140625,680.5316784402381,669.1956955737955,679.2200582140028,1713221
2019-01-15,681.0001831054688,683.9044118449679,677.6743008372225,681.5622734482384,2138402
2019-01-16,680.3911743164062,686.2465200506266,678.7985088404762,681.3748609635331,1288969
2019-01-17,688.2608032226562,693.2729564543066,681.9838609644826,682.967547642148,3318440
2019-01-18,688.5419311523438,691.3056661931156,682.0307742748967,688.120334759494,1601885
2019-01-21,684.1854248046875,691.3992221632087,681.4216901904417,691.3992221632087,1341152
2019-01-22,663.761962890625,681.749595621836,660.6235205892028,681.749595621836,5097285
2019-01-23,651.9107666015625,664.9330787226799,649.8028420828925,663.7620095456409,4714919
2019-01-24,653.269287109375,655.8456395702963,642.7296634056062,654.8619527941681,3891245
2019-01-25,640.3406982421875,659.0778071885572,637.9985596238912,657.6725240175796,3421228
2019-01-28,630.550537109375,640.3406878105885,625.3510008976853,640.3406878105885,5762442
2019-01-29,627.3651733398438,634.1573742520943,619.8234424441123,629.5199290895772,4860919
2019-01-30,635.7969360351562,637.061667944659,627.9741591862842,629.4731621254115,2738163
2019-01-31,637.1083984375,639.87213284869,630.2693665797309,635.1878566199294,3496189
2019-02-01,644.9312744140625,670.2263699858574,637.5769252817419,645.4933647765451,8005192
2019-02-04,631.862060546875,644.9312032531592,628.020919556686,644.5564382654451,2652101
2019-02-05,641.6522216796875,648.8659617879398,630.1757441860552,632.6115451081781,3550741
2019-02-06,651.2081298828125,654.159247103091,638.9821790208676,644.4628171183689,2221744
2019-02-07,656.6419067382812,664.1367491850308,649.3343896078126,651.1144375613595,2710457
2019-02-08,639.0289916992188,662.0756669087252,635.7031667452791,657.672435462993,10858152
2019-02-11,606.66064453125,630.8783886024969,604.4590574252777,627.1309673626391,7931599
2019-02-12,607.738037109375,616.263397362607,603.3348058170351,606.1453716826425,3357448
2019-02-14,594.3411254882812,601.8359691530459,592.373694717609,600.2433034380596,3530468
2019-02-15,587.9235229492188,596.6831541768607,579.7260392015132,594.9031062620584,5765467
2019-02-18,585.2536010742188,590.2189234383495,576.728182315883,590.2189234383495,4750172
2019-02-19,592.6546630859375,601.461126122797,585.7687992340792,587.4082960731989,3526711
2019-02-20,593.544677734375,597.0578851913866,588.4856933049448,596.7768400310479,2369483
2019-02-21,594.1536865234375,595.7931834193736,585.5346056914368,593.5447076610728,2813880
2019-02-22,605.7706298828125,607.644340531607,592.3267788501565,594.903130992249,4053346
2019-02-25,609.6117553710938,612.6565350972169,601.742147975747,608.8622825670392,1863303
2019-02-26,610.173828125,614.5770593461713,599.5873749718744,604.0842688479419,3862642
2019-02-27,614.7176513671875,620.1982322083666,606.2859533462279,613.1718171909001,3193418
2019-02-28,605.1148681640625,621.8377125906668,601.9295372346568,621.8377125906668,3955320
2019-03-01,608.6749267578125,610.8296826068597,600.5242738512225,608.9559719240166,3957539
2019-03-05,615.27978515625,616.3571917408085,601.5079993130274,608.8154600111304,6039244
2019-03-06,617.2939453125,622.8681882889965,612.7033317283315,618.3244632120776,7495708
2019-03-07,629.3793334960938,634.7194197553488,612.8907042833786,619.9171185242127,8703088
2019-03-08,627.8336791992188,636.7806369757398,624.3204713931673,629.5668388444241,3877059
2019-03-11,638.0453491210938,640.6685327653502,629.0983916221103,629.5199879819817,4027884
2019-03-12,644.462890625,649.3344932480554,640.2001525581478,643.5260351696248,3876498
2019-03-13,640.9963989257812,645.8680578553466,638.2326643923741,644.9312025681652,1808059
2019-03-14,642.5890502929688,644.5564234805681,634.3915667094586,639.8721471471338,1901877
2019-03-15,650.73974609375,652.9882219542744,643.6196678372834,644.7907371019073,5208071
2019-03-18,640.9963989257812,659.7335046694105,638.9821371858975,652.0512798783008,2600716
2019-03-19,645.8681030273438,649.9902322705785,632.4710257387705,642.6827719557012,2331409
2019-03-20,635.7500610351562,650.5055338048951,633.4548110158679,645.4933802127002,2369729
2019-03-22,635.9373779296875,641.2774646743741,627.6930625738943,635.8437152704043,2770303
2019-03-25,622.634033203125,632.3773515663701,621.5098525452297,629.5667855594085,2337486
2019-03-26,627.318359375,629.9416002666865,619.2614257251525,622.6809708425261,2434715
2019-03-27,618.371337890625,630.1757491427323,616.9660549211677,629.6136016462832,2426853
2019-03-28,614.5303344726562,620.9009399990788,612.3286898901298,617.4345634508272,3910004
2019-04-01,619.1676635742188,645.4932734808951,617.3876157095934,635.3284167927172,5458057
2019-04-02,626.3814086914062,628.5362215505563,619.6829278405113,623.0087526023927,3802792
2019-04-03,616.8724365234375,634.0168785447224,615.4203221203634,630.3162883567423,2745080
2019-04-04,612.0943603515625,620.85399132839,610.0801558541785,619.2613259525025,3684739
2019-04-05,616.63818359375,621.1350776974186,612.7033798101234,615.9823734329605,2694077
2019-04-08,624.8825073242188,626.1472391517557,616.7318544881153,618.6992849967536,3413270
2019-04-09,625.6788330078125,627.505712406851,618.7461376114362,625.6320016757579,2401571
2019-04-10,627.9273071289062,632.3773701037102,621.2287684101772,630.1288943597849,2499060
2019-04-11,630.2694091796875,636.827396343207,627.0372469271593,627.0372469271593,4863931
2019-04-12,635.3753051757812,636.5932056856831,625.3977728985498,631.4405012982345,3302657
2019-04-15,640.0596313476562,642.6828150750043,630.7847398611534,637.061682581637,2408677
2019-04-16,644.650146484375,651.5828989793176,641.5585352511055,643.8538423055874,3002929
2019-04-18,641.41796875,648.2570006277438,638.232638032697,646.0553564851322,2996875
2019-04-22,630.8784790039062,642.4486208674606,628.5363403933796,637.99855750746,1483513
2019-04-23,623.71142578125,633.173641587575,621.8377151517907,628.6299161835806,3248237
2019-04-24,625.9598388671875,626.9435254131479,620.4323701901073,625.8192877115769,2247998
2019-04-25,623.1494140625,630.503706338278,622.0720074422237,629.3794683825805,3169504
2019-04-26,617.809326171875,626.1941937258998,610.3613140500067,624.5078082031239,3632433
2019-04-30,604.5526733398438,620.3855497264896,599.5873520171726,618.0434116326725,5042085
2019-05-02,605.1148681640625,618.9803153287321,595.09050490152,605.2085308227055,3007579
2019-05-03,605.0211791992188,611.2981215385963,602.2574444548906,604.3185376802089,2330580
2019-05-06,598.18212890625,604.2716885583889,594.9967979080712,599.5874119028974,1498420
2019-05-07,595.8399658203125,602.3042902087312,594.1536377306278,601.2268837502918,3160875
2019-05-08,582.3961181640625,596.7768240983852,579.9134287549457,595.4183724817195,3853705
2019-05-09,585.9561767578125,588.2983150795072,577.1965451260073,581.6934964485503,1366143
2019-05-10,589.0477294921875,591.9519578506411,579.9133909434021,586.7055914027553,2093110
2019-05-13,578.6018676757812,589.0009968437207,576.166066527137,589.0009968437207,1463136
2019-05-14,575.4633178710938,581.3654943104738,571.9969421269801,577.9460070721614,2756314
2019-05-15,571.1538696289062,588.7199069071538,568.6243488246164,578.9765886910415,2805369
2019-05-16,567.0316772460938,573.9644294231576,559.4900034252632,571.4817399754105,1940170
2019-05-17,580.5223999023438,583.1924145906769,568.6711576811902,568.6711576811902,2599966
2019-05-20,612.0006713867188,620.6665821564503,592.3267118013822,594.9030636518429,4938702
2019-05-21,598.7911376953125,620.8540704100378,594.3410746500044,618.324549453324,2150188
2019-05-22,600.1026000976562,603.1942108893048,591.3898579826086,603.1942108893048,1458607
2019-05-23,599.1190185546875,613.6402770184837,594.996831989293,608.9560000946784,3161573
2019-05-24,623.430419921875,625.3509620019128,597.573177296723,604.0375022482896,3165620
2019-05-27,636.4526977539062,639.8722428612629,623.0088455384184,625.5383665730683,2987573
2019-05-28,628.2083129882812,639.1695314870142,625.1167019196924,637.0616070519159,5411769
2019-05-29,629.7073364257812,634.7194895966459,619.1208253931544,625.8193639122649,5418102
2019-05-30,619.9171752929688,625.3509247005869,614.9049650335186,618.3245098163106,5394745
2019-05-31,606.1921997070312,623.898787436298,604.3653204681215,618.0434419148617,4226041
2019-06-03,612.1412963867188,617.3876633699215,594.9499667474934,606.1922307238804,4170532
2019-06-04,609.6585693359375,617.7623903255621,606.8948348424112,613.4528217580494,1640476
2019-06-06,594.0599365234375,614.1086632770865,591.4835843891706,612.9844254550025,3846513
2019-06-07,603.3816528320312,604.9274869707476,590.2656784515398,599.5874002510398,2173168
2019-06-10,606.0986328125,608.3939400557748,597.9011477873165,602.7728074670777,2306052
2019-06-11,596.6362915039062,607.0354199314039,595.8399873492331,607.0354199314039,2274832
2019-06-12,592.2799682617188,598.5569105912201,589.7036160294028,593.0294411112608,1734002
2019-06-13,600.571044921875,602.1168789525593,588.4387580315747,592.0925163689523,2141936
2019-06-14,597.0111083984375,600.5243161763805,593.4042379521959,599.6342921030783,1338649
2019-06-17,585.5814208984375,601.4142990727875,582.9582373733975,600.5242750604224,2647789
2019-06-18,586.3778076171875,590.0315093054902,580.9440006460303,584.5977595154477,2252507
2019-06-19,576.3065185546875,592.4203827923027,569.6079807767295,590.078244713451,2316163
2019-06-20,587.5488891601562,591.1089282571281,572.6528653724989,575.9786906186027,2283701
2019-06-21,587.829833984375,593.4509654455096,582.9581752818372,587.4082376885686,2713987
2019-06-24,594.7626342773438,596.7768962816672,586.4714867697389,586.4714867697389,2166403
2019-06-25,601.1332397460938,603.9438057098138,594.9031289874033,594.9031289874033,3352119
2019-06-26,602.8663330078125,606.6137538812098,599.5873397435897,599.5873397435897,2124949
2019-06-27,616.3570556640625,619.0739014209055,604.2716007760993,604.2716007760993,3744033
2019-06-28,613.9681396484375,620.6198470385099,610.3612693711074,618.1371574525826,3503838
2019-07-01,618.3245239257812,621.5566862825248,613.1249882289915,615.7950030734988,3547891
2019-07-02,624.1798706054688,626.2877951215848,614.858148531311,619.2613800678647,2275170
2019-07-03,626.990478515625,632.3773970833722,621.4161774310373,626.7094333309223,2615478
2019-07-04,629.7073364257812,631.6278784267148,623.2898430710079,629.0983575854578,1777421
2019-07-05,601.5079956054688,632.6584375245346,598.1821703856713,629.5668261537527,3039710
2019-07-08,595.6993408203125,604.4589710250613,586.6587226800706,599.9151891125472,3903971
2019-07-09,592.7484741210938,598.1822244733512,590.2189528867834,592.0926638483288,1260744
2019-07-10,582.3961181640625,595.9336314587694,580.0070914121877,590.2188370203809,2081711
2019-07-11,594.1067504882812,595.5120332942795,584.222882341211,585.9092674532917,1399434
2019-07-12,591.9989013671875,596.7768406411637,588.8135703971293,594.0599373325193,1806912
2019-07-15,591.9520263671875,597.7137096065292,585.9561864729053,592.1394088722521,2223638
2019-07-16,583.5672607421875,588.2515378161138,579.7729505674139,585.2535890525776,3177195
2019-07-17,578.9297485351562,586.8930186465583,576.4470590985692,583.6608564004143,1881478
2019-07-18,567.4832153320312,585.5792111187623,565.2033801868897,583.1569225136844,4915489
2019-07-19,542.690185546875,571.3778287787018,541.4552990920366,571.0453794180725,6294798
2019-07-22,536.6107788085938,547.8198430073157,531.8611704211168,542.6902427573934,4198301
2019-07-23,531.1011352539062,538.6055389706925,528.0138901010761,537.7505863523099,4805198
2019-07-24,522.4569091796875,529.9613134302605,518.6572225674715,529.1063607510654,3041526
2019-07-25,520.1295166015625,525.3066004805007,514.7624948015398,522.456835920932,4763735
2019-07-26,536.183349609375,538.035708639109,517.7073597616077,518.5623125379843,5063750
2019-07-29,525.4491577148438,536.7057055151769,524.4992361121621,535.7557839124952,2984154
2019-07-30,521.2694702148438,533.1909745210735,520.1295527161458,524.1667194558506,3186153
2019-07-31,522.4569091796875,526.0665998655693,514.6200555419922,519.2271523678573,2986522
2019-08-01,521.0795288085938,524.1667742854218,512.2927532206985,518.6572401071139,2737518
2019-08-02,528.5839233398438,535.6133088903613,515.0000550938188,517.6123396787704,5848740
2019-08-05,518.1348266601562,526.4941264083992,515.1900344677218,522.8844353783195,3152495
2019-08-06,521.9344482421875,524.5942171953955,515.8074421676772,515.8074421676772,2811436
2019-08-07,492.3443603515625,523.8817694943621,489.2096306248349,523.8817694943621,8411409
2019-08-08,512.5302734375,514.3826324631473,490.49207703449,492.53443200764883,5648169
2019-08-09,518.229736328125,520.8420208241209,503.4584665010347,513.8126355129738,4313483
2019-08-13,486.7398986816406,517.7073226818018,484.69754385025567,517.7073226818018,3618940
2019-08-14,497.33148193359375,499.5162901929316,477.3831267352064,490.0646158984948,4641413
2019-08-16,501.4161376953125,505.26336689831027,489.73211257813074,498.423919177959,3120580
2019-08-19,494.481689453125,508.9205097241769,492.05940090923684,500.608695519629,2998027
2019-08-20,501.36859130859375,508.20803818455676,491.5844107673049,496.71401041892994,3175896
2019-08-21,494.8141784667969,508.77797942993806,492.15435163704376,501.84356343205326,2709407
2019-08-22,486.1698303222656,497.52140426835865,484.31750072143643,495.43156529432576,2516270
2019-08-23,506.5457458496094,509.4429954350225,483.7476250800067,485.40998805279025,2807785
2019-08-26,517.0423583984375,525.0217236952511,502.4135993257699,525.0217236952511,4036331
2019-08-27,526.3041381835938,531.0062624792689,517.2323969945652,519.6072013884796,4144339
2019-08-28,512.6726684570312,531.8610952252536,507.9705452225035,528.8213346913137,3322911
2019-08-29,501.55859375,516.9473349266883,497.9963878284801,509.15796638257575,4399017
2019-08-30,502.318603515625,506.2133174290396,493.05686656907494,504.0284510484945,2929342
2019-09-03,489.6371154785156,495.7641215839758,487.30979589072194,492.67687628837183,3379359
2019-09-04,480.3753662109375,493.7217531367568,477.9530487298138,490.15954712566906,3431149
2019-09-05,491.1095275878906,493.4843318799017,481.32534550052907,481.4678279601877,2329699
2019-09-06,502.9835205078125,504.40840300216894,488.829664539092,493.436819391348,2670087
2019-09-09,505.8807373046875,509.8704196268804,495.85907600415754,497.4264698381448,3061953
2019-09-11,518.4197998046875,520.7946042014107,506.49829332886134,506.49829332886134,3224627
2019-09-12,516.3773803710938,524.3092608531624,513.1951660681792,518.752184471363,3726538
2019-09-13,523.6444091796875,525.1167764215647,514.3826713302508,514.8576322456065,4358612
2019-09-16,510.0604248046875,522.9318511435608,508.8255382959842,517.7072822402192,2441611
2019-09-17,495.8116149902344,512.4827282907152,493.9592561838218,510.58288499770043,2445056
2019-09-18,500.60870361328125,504.7408395503317,492.24940478813744,498.7088603358115,2401637
2019-09-19,493.2942810058594,502.93600854913643,487.3097864521696,502.5085322284556,2336366
2019-09-20,540.410400390625,545.2549771705567,492.67684184912594,498.1863753188902,14378491
2019-09-23,536.7056884765625,572.0427825702108,524.356708033739,547.3923061674675,9599883
2019-09-24,530.7687377929688,546.5849569293877,526.8265396362583,535.6608576280559,3615703
2019-09-25,507.92303466796875,530.7211505343123,501.55854905955977,530.7211505343123,5044376
2019-09-26,538.5580444335938,541.2178132275815,509.15796031589935,510.96283448607556,6270296
2019-09-27,527.3014526367188,539.3654684533343,521.649465546041,534.6158604923528,4326078
2019-09-30,519.7496948242188,530.5787676978588,513.2426962233124,529.8188419138768,3381186
2019-10-01,528.8214721679688,537.7507022081319,509.72800939893267,523.4069063684324,5664019
2019-10-03,534.5208740234375,536.6581975358995,519.7020628832012,530.0562310905725,3797753
2019-10-04,535.9933471679688,546.2050059753337,527.6340473678969,536.7532729718621,4653685
2019-10-07,525.2591552734375,534.7108866984272,519.1321494165318,533.000981451951,2367535
2019-10-09,547.6773071289062,549.8146308079114,523.3593364614495,528.1564291230491,4863273
2019-10-10,537.703125,547.1548567779108,531.2436695365393,547.1548567779108,2156410
2019-10-11,532.0511474609375,545.5400478680597,526.3516169772482,540.0779978211909,3133395
2019-10-14,540.1729736328125,543.6876373820444,526.779043477273,534.7109241031584,2630640
2019-10-15,554.1843872070312,557.1766060137018,536.895799291314,539.5555686678957,4967499
2019-10-16,554.9916381835938,557.50895335824,546.5373136146002,553.3292755531766,2279203
2019-10-17,563.5885009765625,566.4857504011418,549.7671526229738,551.9994452996293,3744228
2019-10-18,563.5885009765625,565.6783401934875,554.3742494146313,559.5038494944822,2955289
2019-10-22,565.96337890625,571.0929796551192,558.0315553190967,563.683601445682,3494913
2019-10-23,562.2111206054688,569.6205560592695,557.7465351123041,567.0082714509371,2371317
2019-10-24,551.951904296875,565.6782822718209,549.6245849067517,562.3535568512476,2212393
2019-10-25,548.7697143554688,556.3690870784702,541.6927869114511,556.3690870784702,2284548
2019-10-27,561.878662109375,565.2033879206731,550.9545630151099,555.1817259994837,851951
2019-10-29,581.162109375,587.0516357631705,562.8286313748843,565.6309121057241,6543163
2019-10-30,585.6741333007812,588.856405352409,574.7025507459,586.2916055136884,4296705
2019-10-31,576.080078125,590.5189008531265,573.5152777097038,586.67167124087,4595842
2019-11-01,560.2162475585938,579.2146790145867,551.9044337965968,578.502237834987,7558094
2019-11-04,557.0340576171875,564.7758839837874,552.7594103543706,561.4036738499547,3128961
2019-11-05,551.0970458984375,561.0236803520336,548.1997386015477,554.0892641863825,2653917
2019-11-06,550.7645874023438,560.7387652041369,548.1997872290159,560.6912807150903,2763550
2019-11-07,551.2869262695312,554.2792022236212,543.3551048361805,550.7644810336795,3279435
2019-11-08,550.9545288085938,566.6282352315968,547.9622525727569,549.0546856058055,8374614
2019-11-11,546.2049560546875,557.5565315197214,541.4553477411685,552.5694427905264,3492576
2019-11-13,545.9199829101562,551.8095087257325,543.355182863852,545.2550261605786,3342543
2019-11-14,549.482177734375,550.6220952845736,539.318004711245,546.3949324410037,2193683
2019-11-15,553.851806640625,561.2611839176287,550.7170767901945,554.516763391593,3063043
2019-11-18,544.9700927734375,553.4243611455505,543.1652183457379,551.0495568873245,3212994
2019-11-19,532.573486328125,546.204836000344,531.6235648742114,545.017434182952,3208662
2019-11-20,532.3836059570312,539.9829792372354,529.5813254642326,534.0934533493538,2876499
2019-11-21,524.166748046875,534.4734326022977,522.646896618118,532.4310778899534,3346254
2019-11-22,518.6572875976562,527.2065835470681,512.1978311427142,526.9691031040289,2798026
2019-11-25,520.3670043945312,525.1640965424217,518.8946376135009,520.0820395302366,3054435
2019-11-26,511.6277160644531,525.2116404112458,510.060380317322,522.4568447655835,4408905
2019-11-27,512.9102172851562,526.7315659872033,508.2080934231809,514.8575451128299,6630809
2019-11-28,514.81005859375,516.0924296516754,509.3954935006767,514.7625741061634,2426425
2019-11-29,503.9808349609375,516.5672947043655,501.79602712949776,515.8073691080308,3328894
2019-12-02,507.4006652832031,510.5828795737515,497.2839766639235,498.70885911854793,4087250
2019-12-03,496.7140808105469,510.3454340330101,495.859128087913,510.3454340330101,3052238
2019-12-04,499.2313232421875,502.7460450251439,493.15185932711734,496.6190386435684,2612985
2019-12-05,498.47137451171875,504.5508961250323,495.8590900335725,499.2313002187292,2332044
2019-12-06,484.6499938964844,501.4636171870782,482.655152812791,501.36859024344335,3409528
2019-12-09,487.92730712890625,492.5344042082589,484.50755420258355,484.6500656498294,2566094
2019-12-10,480.4228820800781,489.0671460402451,478.5230387500531,488.82966562399196,2462096
2019-12-11,482.32275390625,485.7899623905304,477.4781473305999,482.22775593627443,2148791
2019-12-12,486.2648620605469,488.4971836221653,482.75016952821545,485.40993841696934,2994158
2019-12-13,490.34954833984375,496.61900779564957,488.0222287917321,488.7821544865852,4066433
2019-12-16,483.3676452636719,493.76927010679816,482.1802431818555,490.15957937379983,2346317
2019-12-17,480.5178527832031,487.07230610207364,479.7104136158892,484.3650237125186,3521314
2019-12-18,496.4765625,498.6138861648699,481.13530500293234,481.51526785660326,10092679
2019-12-19,508.5880432128906,511.81774183639334,498.23387467547286,498.23387467547286,10732682
2019-12-20,504.0284423828125,512.6252803477804,502.0336299585315,506.7832385674107,4746509
2019-12-23,499.56378173828125,509.0629975311475,498.4238642474149,503.4109525386697,2963573
2019-12-24,501.08367919921875,505.97579897431683,499.8487926281953,502.5085616993113,2372038
2019-12-26,501.89111328125,509.3480335066934,500.6562266515278,503.45850729730284,4623580
2019-12-27,503.6009216308594,506.07069441403144,498.75628704733253,503.36344124868475,3017840
2019-12-30,510.012939453125,512.8151618409021,504.74082809490795,504.74082809490795,4697710
2019-12-31,504.93084716796875,511.6753257463575,504.02840999454713,511.6753257463575,2502181
2020-01-01,509.7279052734375,511.0578186994165,503.0309696166863,506.21324175077433,2611808
2020-01-02,512.815185546875,513.9076186485729,506.7832061904134,510.1079320042212,2776519
2020-01-03,506.07080078125,512.0078115834701,503.83850791106363,511.96032709277665,1930883
2020-01-06,498.23388671875,503.45845559759294,494.43420026140967,503.3634866276051,2059404
2020-01-07,500.2762145996094,505.35827177279737,496.85646218390497,502.41353811744546,2111349
2020-01-08,498.3764343261719,500.0862817603586,493.0093536241724,494.8142280138585,1612378
2020-01-09,514.1450805664062,515.2849981144243,499.37381086363945,503.3159508281575,2897598
2020-01-10,519.22705078125,520.1769722484522,512.2451511887564,516.8522471132446,2355888
2020-01-13,527.1590576171875,529.1063855013159,519.2271766559836,521.4120429431035,3442869
2020-01-14,534.3309326171875,535.5183346896702,527.1590356951157,527.1590356951157,2793249
2020-01-15,541.2178344726562,542.4052364789587,528.8213691225814,533.8559420335811,2564513
2020-01-16,539.0330810546875,541.2653738615278,535.8033240784825,540.7429285214821,2243200
2020-01-17,540.7903442382812,545.2549872628107,536.84820446597,538.4155402867882,2646260
2020-01-20,538.7955932617188,545.2550491471811,536.0882816625798,540.5054407051325,1847978
2020-01-21,525.11669921875,536.6107864676709,522.5518990571813,535.755833754275,3101684
2020-01-22,525.8765869140625,528.6313828101796,521.5069706429265,525.7816179432783,1862669
2020-01-23,538.130615234375,538.9855679116308,522.0294316559109,525.7816337726858,2113303
2020-01-24,539.3179321289062,543.3550985076783,535.8506954592239,537.7505384609989,2284717
2020-01-27,549.3397216796875,553.3294045182904,534.8059308906394,536.7057743396293,3654906
2020-01-28,543.830078125,560.2162245837882,540.0303919896288,552.1418915461245,3689004
2020-01-29,548.8171997070312,551.6194799987915,543.4976619839642,548.5797193090619,1934080
2020-01-30,539.4130249023438,558.1264943609677,535.6133380266281,549.0547535409206,2901951
2020-01-31,538.748046875,548.1047512393747,536.9906571661814,542.215225852172,2352196
2020-02-03,530.72119140625,537.418126862012,508.3980345679694,517.7072543345939,3818209
2020-02-04,548.0098266601562,549.8146430197891,530.8162098955488,533.8559707911506,2793702
2020-02-05,555.0867309570312,560.3113003894205,548.4848214208175,551.1920751170619,3320830
2020-02-06,551.0970458984375,559.6463403987614,547.202332505566,555.7041425210554,2207104
2020-02-07,540.6002807617188,552.3793300804128,533.1909049548134,550.0045264257249,4083215
2020-02-10,501.9385681152344,538.6055166006607,499.706217694891,538.4155206957322,9648880
2020-02-11,497.806396484375,510.7728493491209,496.5240255323067,506.4982022040767,5404802
2020-02-12,504.40838623046875,507.5431160180989,497.66396583954884,500.27625032567653,3426829
2020-02-13,506.87811279296875,511.05779077888684,501.8435402044378,503.8858947159089,3392352
2020-02-14,496.8089904785156,510.06040822562494,494.57669793836504,508.4455299304503,3507540
2020-02-17,496.5715637207031,499.0888793920356,490.1595923096754,497.85393481146116,2652464
2020-02-18,496.9989929199219,498.61387123630806,488.3546715692023,494.4341930031455,2868873
2020-02-19,500.0387878417969,503.1260332542468,495.66911339392817,501.701150756193,1952880
2020-02-20,498.56640625,506.30829168770555,496.80907420763606,499.56387046830514,2077458
2020-02-24,487.49981689453125,495.85911606776614,485.50497557225884,495.85911606776614,1911411
2020-02-25,483.4626770019531,493.48433967685605,480.7553942684239,489.7321372404704,2105613
2020-02-26,477.81060791015625,486.7873794358024,474.960842853038,482.27525142869854,3058370
2020-02-27,468.78631591796875,478.7604928523936,463.13427072607186,478.7604928523936,6039260
2020-02-28,434.1617126464844,460.71203644562115,430.88450009009665,460.71203644562115,8613275
2020-03-02,435.34906005859375,448.7904739633462,422.09767105990704,430.83693243398545,9225488
2020-03-03,442.9009704589844,447.4130983081644,432.451832281936,438.8638034360339,4582866
2020-03-04,450.88031005859375,453.1126317571458,434.5891593897153,442.71097798586527,5912943
2020-03-05,455.2974548339844,458.33721584046356,445.5132730138392,449.0279948657489,4081050
2020-03-06,447.4130859375,450.0253704095343,433.63922235768314,435.87154397710117,4502562
2020-03-09,440.0037536621094,442.37855796946246,418.91547981708953,430.836985844278,4540694
2020-03-11,428.9845886230469,446.13066143829576,427.17974343027953,439.67120633071596,5104905
2020-03-12,402.1493225097656,414.1183406864389,379.6361685824681,406.47145427305816,9408350
2020-03-13,407.3739013671875,427.22725785776925,328.3404092739293,380.4436170584471,6230411
2020-03-16,372.1792907714844,407.13642487541443,369.3295258222714,399.91701453954676,3156508
2020-03-17,354.70074462890625,387.5680401020925,351.4235322716282,372.3692934314222,4526913
2020-03-18,329.0528259277344,364.4849178691374,322.1184100650362,360.02027489607593,6595508
2020-03-19,298.46539306640625,315.1839908612234,286.87633737793215,315.13650637459926,10486153
2020-03-20,306.4447326660156,311.7642997486314,292.81335107597164,300.1752439254081,8819518
2020-03-23,278.70697021484375,288.68114624801825,266.54798626536234,284.02653656373104,6001358
2020-03-24,255.52891540527344,294.38070380843686,251.15927016181996,284.9764855820893,6690908
2020-03-25,263.93572998046875,273.9099070685284,233.11076157450424,250.2093508683208,9393732
2020-03-26,271.2026062011719,279.27693948562006,259.4235846193674,263.9357120430296,7557558
2020-03-27,279.751953125,289.7261314197793,266.73801365894457,282.1267574808998,9505126
2020-03-30,260.6584777832031,270.5851699671987,256.47882859652833,267.5929227647671,8942833
2020-03-31,270.6802062988281,272.8175301734798,263.88824279459794,269.6352866066919,6236559
2020-04-01,259.1861267089844,268.82782561058366,252.20419681840974,266.92798232004947,5980392
2020-04-03,266.6430358886719,275.4772962057531,257.761262092452,260.2785488288839,6961905
2020-04-07,304.9248352050781,307.58460410335607,278.0895498638212,280.7018342775719,10795407
2020-04-08,310.054443359375,332.85256462093656,297.1355021799614,299.2253415579953,8451195
2020-04-09,362.30010986328125,372.03680673146874,315.75394922511657,318.9361925359956,11027315
2020-04-13,344.6790466308594,360.9701957187249,337.22215652670354,360.9701957187249,7717484
2020-04-15,335.46484375,360.8752493153555,331.8076393941336,354.3682798493558,11300538
2020-04-16,338.8370361328125,342.3992420257592,325.8230990081916,325.91809696319797,6155773
2020-04-17,345.01153564453125,352.1834321065413,337.7446122356483,352.1834321065413,6178483
2020-04-20,338.0296325683594,349.04872975455265,336.272271678393,348.6212534066956,4834154
2020-04-21,315.42144775390625,331.57011454789415,307.2996298738288,331.57011454789415,8003757
2020-04-22,323.16339111328125,328.43544523279024,304.5449190057655,310.6244124110554,9071476
2020-04-23,330.0977478027344,332.1400733941563,314.9464870632606,321.07349282683225,6738333
2020-04-24,317.558837890625,327.48553203834604,315.3740294031353,324.8732471562418,5754928
2020-04-27,313.75909423828125,326.15558856536137,311.71676858732906,320.6460258680013,5770537
2020-04-28,319.126220703125,321.07354867778366,312.0492921321063,317.70133809064964,4244512
2020-04-29,330.57275390625,334.1824447957092,319.4111738533809,320.1236151333513,7748491
2020-04-30,348.2887878417969,349.57118794325504,337.222205760477,337.8396490717539,7422465
2020-05-04,339.1695251464844,344.2516119458049,324.01829170394547,332.52007336887493,7125034
2020-05-05,349.7135925292969,362.68001513606936,343.349135907418,345.5339437498399,13401536
2020-05-06,367.7621765136719,373.31922419845733,340.3094454684411,352.8959078619005,7015473
2020-05-07,380.5860900878906,383.2458880093174,365.8148205379166,368.09462662106307,12971483
2020-05-08,367.334716796875,387.473038555771,361.6351868480596,384.7182715450386,9444781
2020-05-11,370.5644226074219,381.8684838693754,365.1023733978475,369.04454224689636,7658595
2020-05-12,373.3666687011719,375.4090233075471,361.1601994824525,369.42449990742364,4686856
2020-05-13,392.3651123046875,397.92215956197856,384.00581367084106,394.2174710535536,7361621
2020-05-14,380.3961486816406,387.09308493572524,376.16898560625077,381.39355485078204,4765875
2020-05-15,362.20513916015625,383.72088924544306,354.5107964425495,382.5809715891183,14226503
2020-05-18,358.3104553222656,364.29495007722437,348.8587233790369,362.96506557493444,7717665
2020-05-19,363.7250061035156,371.41937752269155,352.6109398218697,364.76992575118555,5950003
2020-05-20,384.7657470703125,392.98259241324917,360.68525678889364,363.72498863054244,10608175
2020-05-21,387.85302734375,391.5577452495356,377.87884926668784,380.11117111036856,6249309
2020-05-22,404.9991149902344,408.7988017189068,378.73378627614807,383.76835959591534,10016203
2020-05-26,407.6588439941406,413.4058869993791,400.53443207886625,405.6165183762899,5895376
2020-05-27,410.8410949707031,413.16841450325416,394.2174668505013,405.1415653294911,7591278
2020-05-28,418.3454895019531,421.76521324504483,402.6242977661325,407.9913492989792,7449375
2020-05-29,414.4983215332031,427.46474637539507,409.5112328254902,412.26599983760326,9539035
2020-06-01,438.0088806152344,446.93813836819317,419.39041039225776,419.72288876913933,9668047
2020-06-02,439.6712341308594,454.86998027610724,437.7713908627034,441.80855780753484,8520940
2020-06-03,460.8070068359375,467.93141934425654,443.1384580174445,446.4631838546601,9873294
2020-06-04,454.4900207519531,461.89939795635246,445.8932125069443,460.99696080164,5829493
2020-06-05,459.9520263671875,464.93911450752245,451.59269932885246,455.0124227086575,6265829
2020-06-08,447.2706298828125,469.403793483392,444.80082771111427,461.18697672983654,5955200
2020-06-09,454.7750244140625,458.62219579249387,440.0987222132266,450.0729002943705,7656301
2020-06-10,448.4104919433594,459.47710207735446,445.37076013384024,452.3051764076974,4849036
2020-06-11,450.78533935546875,455.96242431055225,445.9882462787589,448.36305057204305,4331683
2020-06-12,482.9876403808594,487.2148030201335,433.25923972233943,434.11416334901674,18368009
2020-06-15,482.7026672363281,494.8616814120391,473.7259252868581,479.8529023655172,17605860
2020-06-16,481.372802734375,493.0093431063456,476.19571807520344,491.20446875516456,6712936
2020-06-17,472.6809997558594,479.61541592519563,467.8363937385732,479.61541592519563,9273745
2020-06-18,481.2303161621094,483.4151243726193,467.36145420294093,472.01606451401096,7114752
2020-06-19,475.00830078125,481.2303048683036,471.54109262015555,481.2303048683036,9811021
2020-06-22,473.7734069824219,477.0981326454564,469.3562772565374,476.6231718364515,5149581
2020-06-23,490.5395812988281,493.8643071961477,472.68103622821167,474.96084247422607,9132472
2020-06-24,489.5420837402344,501.22616605066975,486.88231479960587,493.9592424652638,7568963
2020-06-25,481.8477783203125,490.49204252702134,478.1430895189645,484.3650650065291,5248401
2020-06-26,476.29071044921875,489.44713112546503,473.72593938275753,489.20965071249776,4079405
2020-06-29,482.0377197265625,485.36244527283884,468.35882571615196,469.35626077361854,4459947
2020-06-30,485.125,489.6846123407179,481.7052762498074,483.51012159345373,5487685
2020-07-01,473.9634094238281,495.28916163733044,469.49876616202215,488.022237968111,8990865
2020-07-02,503.1734924316406,505.35830055636825,479.1404581131012,481.1352993078957,16513522
2020-07-03,503.9334411621094,508.68304946712453,497.94894629351364,504.7883938484589,7982179
2020-07-06,541.9779052734375,544.827670851577,506.92582344949915,506.92582344949915,16728066
2020-07-07,531.9561157226562,539.5554888044085,524.0242932600236,536.7057238987514,9208254
2020-07-08,523.6444091796875,539.7930803017822,521.5070850605867,535.7559125212584,5172833
2020-07-09,532.2410888671875,536.0407754669584,520.6045486553891,526.2565940682715,4123902
2020-07-10,527.06396484375,540.4578938929633,524.3567115354195,527.4914411499633,5752443
2020-07-13,528.013916015625,532.431074796372,521.6969719492779,531.956113980318,3165043
2020-07-14,517.8972778320312,526.2090919911797,511.057830585352,525.3066548581778,3097258
2020-07-15,522.5994873046875,531.6712286532169,515.5700429836588,522.4569758470979,5671780
2020-07-16,544.63671875,548.071083449349,517.5908783901191,521.8361751902418,11751032
2020-07-17,561.7132568359375,564.0505604443458,539.4851449154801,545.6384354021588,9124092
2020-07-20,566.674072265625,570.10843729145,555.3692340138886,561.8087121078162,5771917
2020-07-21,561.2362060546875,570.0129867003945,558.5650271348636,565.576879077818,3850519
2020-07-22,564.7660522460938,583.845986443597,555.2260851473421,561.5224401415829,11559026
2020-07-23,575.5938720703125,580.9839765890436,557.6110579906338,563.7643482058864,7605913
2020-07-24,571.1578369140625,573.3043294927402,562.9534303436029,566.7694171501411,3531702
2020-07-27,567.0556640625,572.3980223131543,560.9500618668912,570.6331517019572,3345182
2020-07-28,591.811767578125,597.0110606941101,561.6654983060492,564.384365325388,10289416
2020-07-29,577.0248413085938,596.1525204195515,573.3519775552879,591.4779136177679,5182915
2020-07-30,570.8239135742188,586.5171712486525,568.8205437550736,578.1220117661628,4958267
2020-07-31,578.5513305664062,582.7488812566033,564.9091889254212,572.3026636086388,3962668
2020-08-03,569.67919921875,591.9550006919668,566.8648970784527,581.938034523932,5002825
2020-08-04,574.8783569335938,581.5563334712169,569.6791217825976,569.6791217825976,4889709
2020-08-05,585.9924926757812,591.4779738852004,575.4508404318435,578.0266432539083,3834812
2020-08-06,581.6041259765625,589.569975329644,577.6927044724381,589.569975329644,3857553
2020-08-07,572.8273315429688,588.1389669694554,571.1578373139395,582.0333647837847,7679198
2020-08-10,599.9686279296875,611.3211552372,577.1680804681879,577.1680804681879,12341769
2020-08-11,600.588623046875,611.1302751506731,593.7675814396356,601.0179332160685,5128836
2020-08-12,605.740234375,618.7622547819433,595.627834117023,599.1099454668024,8891590
2020-08-13,602.4012451171875,615.6140764997544,599.4915667443028,605.9310446537716,5773589
2020-08-14,586.1832885742188,608.5067765935206,579.6006880014731,604.8339125605472,3622823
2020-08-17,594.912353515625,602.9259495537955,585.5631969559869,599.109962531303,5687622
2020-08-18,594.006103515625,603.6414474619315,590.1423700712933,596.2479726016709,3989439
2020-08-19,595.1985473632812,602.8305207445584,593.3859303942936,598.1559137575917,2762486
2020-08-20,583.8936767578125,594.3399524144164,581.9379951409213,591.4779622743791,3165784
2020-08-21,581.7471923828125,592.3842791780371,580.0300099199646,591.4779706420693,4191258
2020-08-24,574.25830078125,587.3757548482273,573.3519923093372,584.7999522223357,3707968
2020-08-25,581.31787109375,584.227607636847,573.8290202221847,577.1680087022804,4248590
2020-08-26,585.1338500976562,596.7249332429507,582.4149828054699,584.79997454505,5814785
2020-08-27,607.4573974609375,609.8900773954077,587.280344006989,590.6670788668116,7637436
2020-08-28,602.3535766601562,617.2359028031125,600.3978367231884,612.7044181998439,7809917
2020-08-31,578.9805908203125,611.0348550050536,574.4013603133484,607.6958667263375,5012805
2020-09-01,579.6006469726562,592.9565999323364,577.1679671861813,581.9379503860671,5572232
2020-09-02,613.181396484375,616.186509466366,574.3537180370183,580.030010210035,7887097
2020-09-03,614.9939575195312,625.821796097045,602.9258767276409,611.0348481709715,9194655
2020-09-04,602.9259033203125,619.9070326227908,597.4881105847728,600.063913272906,5889085
2020-09-07,582.3673095703125,604.690797889608,577.4542031696825,603.2121146185658,9387992
2020-09-08,580.6023559570312,595.7709264547398,577.4541785595832,582.8919712791769,6825892
2020-09-09,585.6585693359375,588.6159356731832,569.9176245407875,578.8851581543508,6589023
2020-09-10,587.1372680664062,595.1985516539596,584.7045881790546,591.000942973063,4699612
2020-09-11,585.9924926757812,593.2905909670748,583.9413764108887,586.6126138425644,2837723
2020-09-14,586.994140625,600.4455286363465,583.7505868766631,586.7079532688726,4918699
2020-09-15,585.229248046875,595.2939009120201,583.7982530927595,590.7624168906545,3805649
2020-09-16,610.0332641601562,619.9071077290624,587.6620276003558,587.6620276003558,18993356
2020-09-17,607.5050659179688,613.8968552325235,598.7760313510638,601.9718968946734,6363964
2020-09-18,624.0569458007812,629.0654283249373,605.3585761075303,610.5578696114072,13518207
2020-09-21,593.8153076171875,635.9342305362746,587.1373301542556,626.7758847351906,9301954
2020-09-22,587.47119140625,595.5324756496186,575.2600445602243,593.8152931322204,5369370
2020-09-23,584.4183959960938,594.6738612382347,575.4985495182846,593.4336770869791,4116481
2020-09-24,548.6434326171875,578.5035733912363,541.3930815994756,577.1679548329212,8991885
2020-09-25,565.05224609375,568.0573590552555,550.0744859314736,557.0387085753003,5415792
2020-09-28,586.9464721679688,589.5699631041116,565.8154218822826,567.6280389109165,5494528
2020-09-29,584.9907836914062,597.6789280606339,575.3553821573784,586.946465266249,5747565
2020-09-30,579.9346313476562,594.3399585776228,577.6927041116422,587.6142933242588,4990827
2020-10-01,582.0810546875,593.290514851246,580.1730614681389,586.4217276160799,3842191
2020-10-05,579.075927734375,587.9003961553683,569.6313382415146,586.7079004228017,5977261
2020-10-06,598.5375366210938,603.8798947051177,580.9839745267246,583.4643425884494,9071955
2020-10-07,602.5442504882812,607.6004792282068,596.2478959974814,600.922502793035,6086867
2020-10-08,604.97705078125,611.4642169122295,598.7283256058885,604.97705078125,4683786
2020-10-09,604.0707397460938,617.6651931185415,599.3961324884917,604.9770482830581,4972397
2020-10-12,605.2155151367188,610.2716858789921,601.0179064672826,608.5545035059814,3247640
2020-10-13,599.0145263671875,612.4658559881425,595.6277916408366,605.1677582450133,3769222
2020-10-14,595.1508178710938,598.9191164807194,587.9481544331705,594.7215659380597,2776984
2020-10-15,588.902099609375,603.8798581310783,585.8492987916819,592.384210549879,3794955
2020-10-16,578.7421264648438,595.2462578753534,574.353706669626,589.0929674604607,4274910
2020-10-19,569.96533203125,586.2309638916452,567.8188394864881,584.513781501303,3646287
2020-10-20,574.5445556640625,580.9840338720034,563.1442825986097,569.9176946129973,4377671
2020-10-21,573.2089233398438,582.7012026377647,564.9568863974827,578.9806502531072,3684706
2020-10-22,576.5478515625,579.028277786431,566.7693859097363,572.207178454789,3818694
2020-10-23,596.3909912109375,599.1098582000532,577.5018121571602,581.699420441851,6421723
2020-10-26,569.67919921875,597.0588601628381,567.2464608532105,596.2002979991263,4800537
2020-10-27,569.67919921875,577.1680506343915,566.1970876884485,572.7796887469513,5712121
2020-10-28,576.3571166992188,584.7999640143644,566.8648381011528,571.4440105132206,6811118
2020-10-29,564.7183837890625,576.3571557017016,563.0965776801362,570.6808634341296,3680773
2020-10-30,566.674072265625,574.0675471142085,559.8052839866341,565.2907653259057,4209087
2020-11-02,568.6297607421875,572.3026832277787,561.9040951871979,564.7660854852651,4085120
2020-11-03,568.3912963867188,577.5973890340023,566.6741137481026,571.7302852724399,3669816
2020-11-04,569.34521484375,575.8801271284284,564.7660423619583,570.299211536929,2475177
2020-11-05,574.4014282226562,579.4576576529302,571.6825607366227,575.5462359847436,3794240
2020-11-06,585.3723754882812,590.8101685435302,574.0198492358445,575.260033350502,5908936
2020-11-09,587.995849609375,593.3859543181521,582.128804772375,592.4319576070296,3819808
2020-11-10,591.4302368164062,598.8237108789513,582.8919551245164,593.3859183100641,7876161
2020-11-11,604.0707397460938,614.8985793167217,593.5290875483653,596.2479549319191,7561527
2020-11-12,603.5936889648438,624.2954278077667,600.5408880552359,603.9275644996754,6913788
2020-11-13,600.8748168945312,609.5562220709727,599.1576344265851,604.7862384226003,4107823
2020-11-14,602.3057861328125,605.3108989932172,600.8747910997316,605.3108989932172,295788
2020-11-17,607.9343872070312,616.2818581965354,604.5000224337128,609.603881404932,6173551
2020-11-18,673.2831420898438,677.2899397031143,607.695871783536,607.8866827608031,32986476
2020-11-19,671.5182495117188,694.8911668897686,660.4518536942829,666.8436427451755,15336768
2020-11-20,682.6799926757812,685.4942944932743,665.3172998912521,677.3376346232085,6730897
2020-11-23,672.9970092773438,687.5931476974619,666.843718682658,683.443285185437,4484068
2020-11-24,695.7974853515625,711.2045556906593,673.7601843816608,677.3376720863421,16121626
2020-11-25,686.8298950195312,699.2318513829771,683.0615966328636,698.3255429263354,5423034
2020-11-26,694.986572265625,702.9047329603153,686.8776005919698,688.7855939269475,6798860
2020-11-27,688.7855834960938,708.7718250227839,678.2916203126352,703.0001569173487,11302666
2020-12-01,700.75830078125,702.6186060884595,675.47738691656,702.5232297044347,5710611
2020-12-02,718.9319458007812,723.129554898517,696.9423317992697,700.2336323159782,6337698
2020-12-03,711.5383911132812,721.5553561213181,709.4873332147037,715.5451887619631,2957787
2020-12-04,716.0221557617188,729.2827321496607,709.010303853874,714.6388490090102,5356456
2020-12-07,717.691650390625,721.0783267688565,709.8211782228758,715.4974697953858,3525945
2020-12-08,719.3134765625,728.8534430951592,709.3441998904042,718.6933554469432,4333519
2020-12-09,720.2675170898438,727.8518025907607,715.6883445207005,721.9846995248552,3213975
2020-12-10,702.2847290039062,720.2198562124813,697.419310654969,710.7275769288361,3814006
2020-12-11,694.0802612304688,712.3493206365486,688.880967766331,704.9081583030007,4197494
2020-12-14,678.95947265625,703.4771998391311,677.3376665978017,697.9917187364024,4183639
2020-12-15,684.921875,686.877556397053,668.7516208810197,677.3375903359829,5495877
2020-12-16,698.27783203125,711.9199719419236,692.7923515104245,703.1908796482857,11262389
2020-12-17,697.0377197265625,704.4788824220212,691.9814905797034,701.2829585058614,3630553
2020-12-18,699.8519897460938,704.0019105286145,689.3103373456796,692.6970141493412,6671658
2020-12-21,654.39404296875,696.4175856345161,629.876316322177,695.463588941866,9130116
2020-12-22,663.075439453125,667.1776138945914,636.6020292409303,657.1129596756036,7305751
2020-12-23,678.7686157226562,682.1076039939553,656.588193634741,661.1196777172182,4383472
2020-12-24,678.1963500976562,689.3103779088913,667.8931380501565,679.722721690515,3373695
2020-12-28,678.243896484375,685.7327465262863,674.7617855928206,682.4891930127911,2484872
2020-12-29,674.5233764648438,684.015655576117,671.6136980831051,681.6306637505377,2808820
2020-12-30,687.5453491210938,690.9797135294987,671.947470050206,677.3375740359312,3219036
2020-12-31,687.4500122070312,692.1723076100828,680.6766587951697,686.6391382870685,3723205
2021-01-01,698.7549438476562,710.4890924398654,689.7396627512893,691.647656285871,9543128
2021-01-04,714.638916015625,716.4515330653143,693.7941110808919,701.187585623177,4547027
2021-01-05,706.052978515625,713.5895762076855,696.4176345342385,713.5895762076855,3551554
2021-01-06,702.2368774414062,712.1107772366285,696.8468315611531,706.9114840954533,3601608
2021-01-07,710.1551513671875,720.2674928769089,706.0529190642976,708.819532725223,4063641
2021-01-08,735.0543823242188,737.2485628647948,710.7274689572264,715.4974519703621,5998381
2021-01-11,752.7987670898438,754.9930060654226,728.0902876796966,737.4871318139939,6643610
2021-01-12,743.9743041992188,760.0968717417196,741.6370588629625,753.6097058185098,5532160
2021-01-13,790.2431640625,798.9722573893914,746.2639383198226,748.5058073332034,19610461
2021-01-14,791.721923828125,805.0301318702961,789.2891855407822,790.7679270808817,8576718
2021-01-15,781.9434204101562,799.4492366081953,777.8411880079814,789.9092695842312,4996951
2021-01-18,771.7833251953125,783.0404745353886,760.4784876660194,780.2739190600896,3955069
2021-01-19,770.8770751953125,781.8957261982088,764.6760962157134,772.7373805346606,3991167
2021-01-20,786.5702514648438,793.6775382751539,765.1053264703514,769.8753098024608,4502291
2021-01-21,771.06787109375,796.5872840869548,763.4835853063762,785.1393231180406,4455107
2021-01-22,761.6709594726562,788.6690534057748,758.4273475256376,770.829304151843,5588252
2021-01-25,757.9981079101562,775.5516714437751,748.1719530067314,765.2007717447018,3353172
2021-01-27,734.52978515625,779.4153191224224,728.2811182946775,760.3353847497805,6585102
2021-01-28,729.8074340820312,742.3047668518486,721.3168406429536,723.1294575610192,4622634
2021-01-29,715.1159057617188,763.1496747266716,711.6815409195302,737.0101417558502,8761073
2021-02-01,758.5704956054688,771.6402037500142,707.4362377978357,718.3595116051612,6592083
2021-02-02,779.2721557617188,798.8768338910343,765.6777032288177,772.7373018701708,5334431
2021-02-03,794.8699951171875,819.3877198870218,780.3692348534179,783.2312247122935,8802838
2021-02-04,826.6381225585938,852.4437210864791,796.587227162638,796.587227162638,14706560
2021-02-05,825.6841430664062,841.1389012372068,802.5020349238741,839.421718824304,15668083
2021-02-08,885.6906127929688,908.2526011673385,850.0111107780168,850.0111107780168,21179625
2021-02-09,853.8270874023438,895.8029442131852,844.4779309399426,886.7399751290262,9210613
2021-02-10,872.0961303710938,874.8149977492807,845.3364756246997,857.6430566811379,6465767
2021-02-11,872.1438598632812,877.7247176837799,860.8389631883275,874.2903525984487,3640848
2021-02-12,866.753662109375,876.2936288008597,863.3669855793651,873.8609489399983,2484145
2021-02-15,869.9019165039062,877.6770133369032,856.9275839455145,868.9956661698333,4178613
2021-02-16,870.2357788085938,879.3464354117649,860.6003774521663,872.9069578538267,4223635
2021-02-17,872.8592529296875,877.820047191339,862.9853525937656,863.366974547483,3903522
2021-02-18,853.3023681640625,872.8593007020817,850.6311890238495,872.8593007020817,4616205
2021-02-19,838.8015747070312,863.9871101643184,823.1560059794232,849.0570389414363,5171996
2021-02-22,798.590576171875,841.9020475760708,794.7745895539665,839.517055939878,5960870
2021-02-23,802.2636108398438,817.527559454042,781.4187460771735,803.3606722100834,7348084
2021-02-24,810.515625,816.5258511772508,801.3572793836944,802.4066525300459,3184114
2021-02-25,819.483154296875,826.7335058285901,803.312898803524,813.8545505515146,6134649
2021-02-26,769.302978515625,817.2413137091278,761.7663811345666,809.0369069784135,12073749
2021-03-01,781.7525634765625,813.4729519668717,778.6520743760059,783.2312466328995,9223619
2021-03-02,820.4848022460938,828.0690872133882,782.3249364758915,794.6315164777154,9706013
2021-03-03,812.8528442382812,828.0691026431472,808.0828609281249,827.0674177934814,5028771
2021-03-04,806.3657836914062,818.815430108254,796.3965056282208,803.1221713267621,4574138
2021-03-05,801.7388916015625,821.1527021636977,799.7831516831397,801.3572696108116,5179108
2021-03-08,811.8512573242188,817.9091135679572,801.357292775962,808.9415787994888,3474579
2021-03-09,812.80517578125,825.8749420138103,803.2652089293574,813.7591724664393,3536262
2021-03-10,824.0623779296875,834.7471531352872,809.9432377278387,817.0028369424333,3971353
2021-03-12,816.4303588867188,835.8919147306527,805.3163323406486,829.5001252368965,4012449
2021-03-15,805.5548706054688,822.3451899397527,786.0933138171185,822.3451899397527,3069303
2021-03-16,804.0761108398438,817.098189337382,801.3572434832469,812.805204104436,2996797
2021-03-17,798.4475708007812,812.1850887072435,795.3470814438845,808.6076009877472,2034583
2021-03-18,806.7473754882812,820.9618921367411,795.6332900521323,803.2652640574286,5033325
2021-03-19,811.183349609375,820.4371288711798,782.8019489304011,801.3095074540106,7538327
2021-03-22,813.8069458007812,819.8171139008274,793.8684479306379,810.7064562495236,2906300
2021-03-23,805.7933349609375,825.2071444912712,802.7882220686759,820.3894728076277,3925212
2021-03-24,774.0729370117188,806.1272024822066,771.4016996997306,797.7797314505862,4066262
2021-03-25,755.2792358398438,776.5533516410532,751.8448126160835,774.454547153312,4501404
2021-03-26,762.5772705078125,777.1734672055547,755.7085405645691,763.0542688776122,4170972
2021-03-30,758.4273681640625,768.4920215929735,746.979407889888,768.4920215929735,5670999
2021-03-31,758.6658325195312,768.6827972997326,753.7527265030702,758.5227097317375,3972382
2021-04-01,770.44775390625,772.5465584068863,743.878967644262,764.6283970078564,5678798
2021-04-05,738.82275390625,771.5925171692021,733.8619594345754,771.1155188205283,4176802
2021-04-06,745.166748046875,755.1837127108706,739.3473918663443,747.9333615783406,2984229
2021-04-07,759.6675415039062,761.8617222133851,739.7290459105806,745.3575913629536,2271095
2021-04-08,758.5704956054688,773.6913199359705,756.5193794195125,765.1053496777414,3324494
2021-04-09,754.7545166015625,764.1513608567433,748.8874135737123,758.4273806256067,2065092
2021-04-12,716.9285278320312,743.1634373668028,704.574258787462,743.1634373668028,4628388
2021-04-13,773.9298706054688,779.4153519687741,716.2607548883819,719.3135561621244,12501628
2021-04-15,768.0626831054688,771.6879169737686,749.0304964335692,767.9673067309702,5256004
2021-04-16,783.8514404296875,799.3061409513851,766.2501890273767,768.0627478870705,6915568
2021-04-19,758.3796997070312,769.8753484693148,748.9827971344165,748.9827971344165,4317341
2021-04-20,773.8344116210938,783.4220663785338,763.7220121204325,770.8292988605918,4830957
2021-04-22,762.9110717773438,767.824119196428,749.364308782781,758.4272762346415,4576665
2021-04-23,742.114013671875,768.5396741648914,738.4887798378575,759.3813296609195,4796085
2021-04-26,744.5944213867188,756.8055674526543,739.9675607010674,744.1174230386171,3528851
2021-04-27,742.5911254882812,751.7017831978802,741.2555066897947,745.071493854221,3624649
2021-04-28,746.120849609375,764.7237866015194,743.0203601106844,749.8414602987407,5214319
2021-04-29,738.9658203125,755.6130743680887,733.2418401141774,751.7493993796886,3642323
2021-04-30,717.9302368164062,742.5910875427771,715.9268669483895,733.0511201191923,4466148
2021-05-03,718.3118286132812,731.2861604731028,706.0052478631725,710.6321668055435,3749870
2021-05-04,707.0546875,727.6133050304148,697.4669739474741,724.0835055450045,3820769
2021-05-05,713.16015625,714.5434629840203,703.4293791540168,708.9626060900981,3102424
2021-05-06,713.0172119140625,724.560549584244,711.8247159470048,716.9285753950747,3662506
2021-05-07,732.0971069335938,736.4854685589421,716.4515374193853,717.4055341403166,4833670
2021-05-10,744.5467529296875,747.742618655732,733.2896032616134,736.4854689876579,2095644
2021-05-11,740.3013916015625,743.831190810078,730.9522361881436,734.5774117695917,2938331
2021-05-12,724.7512817382812,736.199241776604,720.4106085358844,736.0084307971648,3480378
2021-05-14,707.3884887695312,728.5672252304847,702.141507396325,727.9947923260992,4984389
2021-05-17,718.8842163085938,721.2215199167547,701.5692107866781,705.957572405289,3479938
2021-05-18,761.0031127929688,763.1496051805605,719.3134489973884,725.9914253143403,8634396
2021-05-19,748.6966552734375,757.4734372242754,742.2094888671111,757.4734372242754,4360320
2021-05-20,766.2979125976562,772.308080658836,746.0254810474537,747.981162798593,10092542
2021-05-21,781.2755737304688,783.2312552314384,763.9128229312719,767.0133120658666,5721630
2021-05-24,772.7373046875,786.0932581018518,769.8753146701389,783.7082664207176,3495533
2021-05-25,773.9298706054688,789.9093163159669,771.1632567139087,781.9434666706252,5044078
2021-05-26,783.422119140625,788.0012917571845,775.5993343808607,778.4613245446277,3084558
2021-05-27,790.481689453125,792.7713049605541,779.3199739795966,787.333511800916,6902630
2021-05-28,806.9380493164062,813.75914870729,773.2142907705258,790.863228931235,11638455
2021-05-31,770.7816162109375,786.0932510204191,753.6573644491882,786.0932510204191,17596018
2021-06-01,769.2074584960938,780.3692305293268,763.4357906248091,775.5992474576317,7230033
2021-06-02,769.1121826171875,774.6453520578469,765.3915720442003,769.2075590001502,4244490
2021-06-03,765.153076171875,775.7901631485706,761.384777391093,774.6453554113616,5001405
2021-06-04,767.5857543945312,776.5533470494288,766.1547592832608,776.5533470494288,5084092
2021-06-07,766.8702392578125,774.4068366286574,765.6777433590927,770.7339725515358,2994862
2021-06-08,770.686279296875,772.7373956750979,760.812435865297,767.1087913539347,2960405
2021-06-09,767.442626953125,779.1767742588472,764.1513268213488,770.8293034602369,4176767
2021-06-10,769.8276977539062,773.6436847970115,766.1070870959421,770.8293827072531,2264605
2021-06-11,771.7833251953125,778.318179256155,768.4443367673971,771.7833251953125,1783272
2021-06-14,770.3046264648438,772.2603080020872,757.4733595474456,771.7833096648407,1598770
2021-06-15,771.4017333984375,776.07634067129,768.9213651887644,770.2092374846832,1640381
2021-06-16,769.064453125,784.0421545408913,764.7237216138432,771.5925094111499,3863280
2021-06-17,768.6351928710938,772.641990865262,756.0901123217276,765.1053932517708,1988175
2021-06-18,745.5960083007812,771.7355376329481,737.5347256316498,768.9212361034806,5793496
2021-06-21,741.1123046875,743.0202980658315,727.2793526945962,740.3014307926438,3024852
2021-06-22,739.5382690429688,753.2280986850236,737.1532772427962,744.2128180349036,2925669
2021-06-23,745.9777221679688,749.841397110667,739.3474335378714,745.9300339790143,2700327
2021-06-24,755.3745727539062,757.4733771319812,743.1634266823846,746.9794134689437,3251137
2021-06-25,757.7118530273438,765.0099508233573,753.6573671911887,756.7101681721138,1763201
2021-06-28,756.9963989257812,762.2433808969115,752.9419128571807,758.4273940088168,1409432
2021-06-29,745.6438598632812,755.5654496649704,743.5451135294192,752.7034593253303,3167773
2021-06-30,741.9232788085938,753.0850523491481,739.7767861364619,748.7920670048842,2393862
2021-07-01,743.5927734375,762.0048989433388,739.2520998996288,742.209466513825,5697553
2021-07-02,746.5977172851562,751.081512959127,741.2553596059558,749.8413290222411,1963778
2021-07-05,755.326904296875,756.9963985596088,748.410428065549,749.8414231478923,1320469
2021-07-06,745.9300537109375,758.427387369103,742.87725258172,754.2297785380116,1420179
2021-07-07,743.0679931640625,745.9299830339038,733.1940931767102,742.0185619420542,3004815
2021-07-08,740.5399780273438,751.3678178611873,735.5314950841636,742.1617841496511,2010027
2021-07-09,736.0560913085938,740.3013879753107,731.7154182694114,736.4854014393554,1658120
2021-07-12,737.2962646484375,745.0713603941883,733.1464026414004,740.3013772930732,2681410
2021-07-13,745.214599609375,746.2162845716445,738.0596238398196,742.1141101092343,2189466
2021-07-14,749.9845581054688,750.7954320410066,741.3031528621103,744.1174548818109,2067565
2021-07-15,752.3964233398438,756.3035860973896,747.8621596348506,753.4576076849042,2109663
2021-07-16,752.2998657226562,756.3517619381535,749.1162540114492,756.3517619381535,845054
2021-07-19,748.4409790039062,753.1682013902291,742.8455309370281,748.4409790039062,1265906
2021-07-20,733.39111328125,748.3444966978811,725.8179128019075,747.6691708315547,2179910
2021-07-22,731.702880859375,740.0477988128421,729.0016360818522,737.2501041400478,2182264
2021-07-23,737.25,740.7712450380982,731.5098188568919,731.7510024437223,1179241
2021-07-26,727.6991577148438,737.1535432086382,725.962647543774,736.0923589048499,1187498
2021-07-27,719.2577514648438,733.1981759284479,716.4600569126419,729.3392381604034,1732564
2021-07-28,703.0020141601562,724.2261723218681,699.0948513660212,724.2261723218681,4016758
2021-07-29,705.6549682617188,712.7939672857586,700.4936040412636,704.2560916456061,2489035
2021-07-30,716.8941040039062,733.1981388013915,706.0408420808593,709.2727376275731,4642619
2021-08-02,730.979248046875,732.2816159006327,718.3411923989926,723.55078157945,2260861
2021-08-03,743.66552734375,745.4503214061551,728.8568770870603,736.4783027963192,3235393
2021-08-04,739.2277221679688,748.4409237639599,737.5876619376764,745.7396792637388,2659372
2021-08-05,732.571044921875,739.3241857387904,730.0145340851003,738.9865522510306,1451370
2021-08-06,731.5098876953125,745.0643947741851,728.3745007714618,736.8641520502679,4471604
2021-08-09,747.6209716796875,754.4223377563179,734.6452815875142,735.1276488111436,6700633
2021-08-10,758.5706787109375,761.9472492523417,747.8139250300943,749.550435246273,4724852
2021-08-11,751.2387084960938,762.09197077694,740.4336711599525,758.5706665727344,3147983
2021-08-12,748.826904296875,766.6262669713833,746.463293078596,753.4576179572,3551026
2021-08-13,751.1904907226562,761.6578357803572,745.3538002897302,755.338837013061,3391864
2021-08-16,771.1121826171875,775.5982210632179,752.73400434844,752.8787380593625,7131928
2021-08-17,762.7672729492188,775.5982286259973,754.4222968794991,771.0639651930175,3835522
2021-08-18,763.4425659179688,768.8933389883505,759.1495448202547,765.9026858151335,2450964
2021-08-20,757.943603515625,763.4425424793144,748.8750766192592,760.9824815403931,3050982
2021-08-23,738.8900756835938,765.4684957339157,736.7194233565358,762.1401503892176,2512960
2021-08-24,750.7081298828125,752.3964151569589,734.7417277554255,739.951317297307,1662376
2021-08-25,744.8231811523438,755.387034600503,743.3760795534922,753.4093408586155,1693443
2021-08-26,753.843505859375,755.2906075018877,740.1924901452518,743.8102442515335,2576883
2021-08-27,747.81396484375,757.3165760345346,738.0218861992598,752.3964536796277,2907125
2021-08-30,763.6355590820312,766.1439040373747,755.3870911278685,756.3036006522686,3028708
2021-08-31,765.3237915039062,767.735627515757,753.7469786470231,760.2107109353259,3324467
2021-09-01,742.7490844726562,774.1994043225795,741.7843500124412,765.3238355120574,6031309
2021-09-02,725.9144287109375,746.849177476618,723.550817596911,745.5949756199437,4879865
2021-09-03,723.4542846679688,730.3038747352552,718.8235128607057,729.339140422527,4257842
2021-09-06,728.13330078125,733.0051978075493,720.7048339983927,726.4450155525423,3682183
2021-09-07,726.5414428710938,731.943990764758,721.7177709389189,728.4709116439636,2273976
2021-09-08,728.13330078125,731.0757289747404,722.5860778869245,729.3392188017556,2380939
2021-09-09,724.2742919921875,729.821514341778,721.1871303863081,723.5507412509365,3313559
2021-09-13,719.2577514648438,726.9274020553756,714.2411205898425,726.9274020553756,3139833
2021-09-14,723.7437133789062,726.0108155239897,718.3894495704137,718.5341243917339,3089381
2021-09-15,728.4708862304688,733.1981081121714,720.1741943496526,725.480233289938,3336656
2021-09-16,730.2557373046875,734.1628999629008,724.8531891763819,733.053431817229,2686018
2021-09-17,727.554443359375,738.9865220070518,722.7307715447076,731.4616057527131,5504398
2021-09-20,712.022216796875,729.8215783697457,706.3785440730768,722.9719876380661,2933375
2021-09-21,712.4081420898438,714.7717531883012,703.8219822244973,713.9999185484421,2380834
2021-09-22,725.9625854492188,732.2333586125675,712.4080798495994,712.8422220759118,2287017
2021-09-23,731.702880859375,735.1276764995943,726.203882526338,729.8216368398203,1890322
2021-09-24,751.9622802734375,754.4705662951683,726.0108999655021,732.7158161824246,4967824
2021-09-27,782.7371826171875,785.0525685845305,755.4352125922646,761.6577608571266,9210666
2021-09-28,777.6241455078125,793.0116708488805,768.1697602353055,791.0822020633601,3853344
2021-09-29,783.4607543945312,786.9338334387401,770.8227577640013,771.7874921291627,2291977
2021-09-30,774.72998046875,788.5739550160131,773.041695198307,779.5536526700158,3264689
2021-10-01,798.6552734375,801.6942100612129,759.2459005032184,771.7874465089894,7704216
2021-10-04,811.4863891601562,821.953734170152,798.8965577453909,803.141412789497,6544700
2021-10-05,813.3193969726562,816.1653754840441,805.6015210815542,811.4864367781515,2647442
2021-10-06,804.6849365234375,824.7514590757088,799.7648146546431,816.1652993942438,3288323
2021-10-07,847.2779541015625,856.4911554894605,807.6273953448562,810.0874561933737,9515673
2021-10-08,846.8438720703125,863.4373160662292,841.7790163056783,862.183173082006,3938358
2021-10-11,864.01611328125,870.6728042574681,848.0015456424537,848.0015456424537,5493159
2021-10-12,858.7100219726562,863.0996103743454,846.0720255320467,856.6841033893472,3433345
2021-10-13,902.3643188476562,936.9018582913998,861.5078395935888,861.5078395935888,17519612
2021-10-14,898.5536499023438,912.8799322879375,889.6780815846656,905.4032406364379,3354982
2021-10-18,878.8248291015625,924.2155716530748,876.2682593429639,924.2155716530748,2885649
2021-10-19,885.1438598632812,894.8876542770813,869.4187000695017,878.8730859241953,3476818
2021-10-20,867.6339111328125,892.2829236375803,863.0997062869955,880.8025600358332,3551282
2021-10-21,865.3667602539062,878.9694917951124,861.8937399531305,876.2682472408741,2614538
2021-10-22,856.5394897460938,877.7154234879664,853.8864699098908,872.119975246337,1999394
2021-10-25,859.2889404296875,873.9529150618808,851.8604737854796,851.8604737854796,2833933
2021-10-26,863.003173828125,868.2609882557728,852.8252373534478,861.8937645616504,3410657
2021-10-27,855.5264892578125,871.9269747309564,852.3428773836869,868.2609956370325,3362019
2021-10-28,852.680419921875,864.401965665626,846.9402977247954,855.7193566355025,2171227
2021-10-29,853.06640625,869.7080749045801,831.6010655216285,852.3428554389313,2482056
2021-11-01,839.6566162109375,856.5877531405843,830.0575554114974,853.0664487979998,4146270
2021-11-02,831.1187133789062,848.2909744963206,828.7068772982942,844.1426282142112,3704926
2021-11-03,819.0595092773438,839.2224818809557,813.2711028513554,833.5305253423145,3288759
2021-11-04,842.0684204101562,844.1426229797073,822.9184656019318,825.5714852741537,973315
2021-11-08,829.1892700195312,847.2780411805159,824.1726390410079,847.036857565036,4481883
2021-11-09,860.6878662109375,873.4705977193346,832.1799160049037,833.5305677928404,15376349
2021-11-10,887.2180786132812,892.379384473092,863.4373503820729,873.9529796548975,17083220
2021-11-11,892.1381225585938,896.0452850414317,878.8730247644,886.5426749019493,4935551
2021-11-12,904.7279052734375,906.3679655240527,892.3793167746128,901.0619263432307,6239600
2021-11-15,895.659423828125,915.0987862963663,888.6168157331476,902.026647196426,3757546
2021-11-16,926.4344482421875,931.8852212476386,892.9099272741038,895.6594556903243,7368780
2021-11-17,920.790771484375,944.4749895269185,913.8446719401161,926.0968107513802,5416608
2021-11-18,891.1251831054688,921.3213582538964,885.8191438694515,921.3213582538964,3463426
2021-11-22,869.0809936523438,897.4442096412853,862.183177760329,893.7300056134864,3731367
2021-11-23,869.5633544921875,876.4612292163217,862.0866626634297,866.1867839888776,3195288
2021-11-24,861.7008056640625,875.6894549154832,858.6136437078952,875.6894549154832,2708554
2021-11-25,859.7713012695312,867.1997678587941,852.3428346802684,859.4818927286954,2288825
2021-11-26,823.6419677734375,853.7899168134609,813.2710733036695,853.7899168134609,3934155
2021-11-29,820.7960815429688,837.1965676577215,799.1377807501776,815.3935920229615,3936245
2021-11-30,806.03564453125,830.4434146896442,799.330728231077,820.7960700513288,6067618
2021-12-01,805.2637939453125,812.9816689391428,794.2175735838503,806.5179368552673,5121634
2021-12-02,819.5901489257812,829.6234108654312,805.6014992522086,806.3250500973933,4677008
2021-12-03,807.4344482421875,825.4267090354871,804.5402451124941,819.0112607609612,2933597
2021-12-06,793.1563720703125,810.9556737814424,791.1303945988789,808.4473880161003,1552749
2021-12-07,796.8224487304688,804.2509159395996,793.4941030263373,797.3530409133954,1976433
2021-12-08,811.1004638671875,813.9464421836155,797.7871406435913,805.0708737403128,2346456
2021-12-09,821.0853881835938,827.1632617425201,806.5179229372146,827.1632617425201,4078098
2021-12-10,829.3822021484375,837.968303255134,820.1207162807475,820.1207162807475,3434165
2021-12-13,813.3675537109375,838.3059734223422,810.0874920619191,838.3059734223422,2683048
2021-12-14,807.3379516601562,812.2581323845241,796.8706070695321,810.3768885452868,1979863
2021-12-15,816.3582153320312,823.5937229267679,808.6403405643122,814.2357879943662,3208613
2021-12-16,823.2078247070312,831.8422090799971,816.3582342450768,822.8219662893329,3965285
2021-12-17,805.1672973632812,822.1948828791922,800.7295427277553,818.0947617266704,2675800
2021-12-20,785.583251953125,800.7295946157742,768.893357721412,796.870656810397,2907378
2021-12-21,783.5573120117188,797.8353697297342,779.0230484362278,793.3976149264039,1973119
2021-12-22,789.8280639648438,798.0283063535094,782.3995973185685,789.9245138516245,1979912
2021-12-23,797.6906127929688,804.3955286302302,793.7352253174294,795.8094278245504,1495208
2021-12-24,783.9913940429688,802.7072051263161,779.5053557568772,801.6942458341151,1071730
2021-12-27,789.683349609375,794.1211632816536,778.4924538636078,779.5054132304953,1492196
2021-12-28,809.122802734375,810.3769457548328,790.1657470573799,794.9411944071218,1677680
2021-12-29,803.3343505859375,813.7052454366652,801.5495566075786,813.7052454366652,1575343
2021-12-30,800.05419921875,813.2710718304976,797.9800556581813,813.2710718304976,1874659
2021-12-31,807.62744140625,815.2005830328176,800.9225254260641,805.3602801948132,1528983
2022-01-03,800.5365600585938,810.3768623059948,797.1599897989854,805.5531905065543,1537088
2022-01-04,802.5143432617188,812.3064216602355,796.5330366692081,808.399258843283,1886453
2022-01-05,809.89453125,817.1300392718881,800.7295544222752,800.7295544222752,2634010
2022-01-06,810.2322387695312,812.5476251011802,798.317791357942,809.4122380052124,2962301
2022-01-07,799.7648315429688,819.7830706919634,793.4940578336451,811.341644544797,2531717
2022-01-10,812.2581176757812,816.8888308927849,800.4401215985015,806.4697114338483,3403434
2022-01-11,811.7275390625,818.8183132738476,806.0838075530163,812.3063561432456,2117911
2022-01-12,849.496826171875,853.0181301275625,812.7886956692313,816.9370416272618,9022415
2022-01-13,864.4020385742188,877.4259532179151,837.3894748687744,849.4968800387786,5658001
2022-01-14,850.1239013671875,864.3537327011209,848.628574935757,858.4205930325322,2027852
2022-01-17,869.0327758789062,872.1199378780268,851.5228810398573,853.0182076523746,3617269
2022-01-18,860.6878662109375,878.0048025444406,856.9736032354705,870.19047702447,3468168
2022-01-19,862.8584594726562,876.8953330300018,849.7380364769878,876.8953330300018,4215758
2022-01-20,849.4486083984375,865.9455424871619,842.068366952964,864.4019910562181,2486026
2022-01-21,844.3355102539062,853.6934451739934,834.6881668069528,844.9143273076388,1872843
2022-01-24,824.5584716796875,847.3744040307776,818.1429646138425,840.4765886662346,3386669
2022-01-25,824.3655395507812,827.9832935277449,815.4417464076042,816.2617470892969,4742388
2022-01-27,827.7903442382812,832.4210576046451,811.534593070955,815.7793891223238,2927566
2022-01-28,838.9813232421875,864.4020519995795,830.0575297366115,833.9164674687526,4208702
2022-01-31,854.5616455078125,857.5040733956613,841.3447735994173,847.905014055702,2335040
2022-02-01,839.029541015625,863.1479016353525,833.7235016792849,860.5431069118787,2921070
2022-02-02,838.6917724609375,849.2556252294319,834.6399353510151,844.8178708315592,1341479
2022-02-03,826.0055541992188,851.2816056995102,822.0983918963265,837.3894076417697,2630289
2022-02-04,812.0169677734375,831.0222474995337,806.6627035540405,831.0222474995337,2080640
2022-02-07,800.2471313476562,814.9111050247221,793.2045824746049,811.341576206605,1801701
2022-02-08,802.707275390625,808.1580485050297,788.3327676293462,800.7295815741238,2729631
2022-02-09,810.5698852539062,816.1171082633026,803.7685192537115,808.4474577172459,2165223
2022-02-10,822.9666748046875,827.5009382979316,800.874292195497,814.2358401905616,6949276
2022-02-11,823.5455322265625,831.5528158544475,806.1320294517259,822.9184313225277,5146850
2022-02-14,795.9541015625,815.5864818487369,753.1681546573268,812.0651777506083,4202165
2022-02-15,824.4619140625,827.7420342548219,791.4680479151534,798.8000050850728,2728328
2022-02-16,833.771728515625,847.5191941000597,824.462017742202,824.462017742202,4401342
2022-02-17,831.8421630859375,846.3614027497473,828.7067765622735,841.2483226569295,2041741
2022-02-18,821.9536743164062,839.077709197998,817.2747362257886,826.9703047624854,1616856
2022-02-21,811.4381103515625,820.5066376006471,802.6590505393749,815.3935568677449,2255753
2022-02-22,823.15966796875,825.8126877014357,794.3140844130075,797.8353887022048,2768989
2022-02-23,820.3136596679688,839.0295308348661,815.875904920873,825.8126575990852,2265060
2022-02-24,767.7356567382812,802.5626054046611,762.6225759750804,789.2492230063226,5677898
2022-02-25,779.1195678710938,795.9059719229203,773.7170781602207,784.0397492089775,3470318
2022-02-28,762.9601440429688,778.5406274894295,759.0047567252896,778.5406274894295,5026913
2022-03-02,750.9010009765625,782.1584192682118,741.8807578381188,757.7988755290537,5779175
2022-03-03,735.1758422851562,765.1791176401366,733.2463734732366,764.0696495201967,2763929
2022-03-04,706.4749755859375,729.3391921972349,704.2560982856897,723.5507859099552,4829850
2022-03-07,666.1973266601562,694.464032740677,657.7076757356016,694.464032740677,7008637
2022-03-08,675.941162109375,678.256489275337,647.4814981010819,666.1973096108061,4000294
2022-03-09,708.9351196289062,713.8070759316114,675.314146053475,680.1378185252856,5490287
2022-03-10,712.7940063476562,735.6099990516565,709.0798023645475,735.0794068944576,4064470
2022-03-11,708.8867797851562,715.6399201511496,703.0019238764465,708.1150040912993,2364792
2022-03-14,716.9906005859375,719.6918450643279,699.866565398415,708.8868082680527,3563695
2022-03-15,734.3558349609375,742.0737101389133,718.7271259489936,718.7271259489936,4811450
2022-03-16,746.3668212890625,748.633923664599,738.0218448497658,741.7360488818706,2277631
2022-03-17,766.385009765625,771.6910488192113,749.5986081157394,757.316483102774,3787641
2022-03-21,755.8694458007812,763.2014041086843,752.5893250993562,761.7543024255941,3008019
2022-03-22,757.8953247070312,761.2236701794722,741.8807571436229,755.3870388081363,5436875
2022-03-23,746.8009033203125,766.1921008126546,744.8714344484008,762.1402044050968,3277274
2022-03-24,738.6489868164062,752.4929032134631,735.7547833425083,746.4150876948216,2248114
2022-03-25,737.7806396484375,745.7396985266324,731.4616410428985,745.7396985266324,3148869
2022-03-28,742.1220092773438,745.4503550571467,724.8050133389169,737.9254377828448,4719388
2022-03-29,746.0773315429688,755.387042141606,743.5208206891047,743.8102292352212,3519610
2022-03-30,765.3720703125,766.9639057454367,748.5375008711812,751.8175627485114,4407033
2022-03-31,778.1065063476562,784.329054906669,769.8580391334832,769.8580391334832,7059986
2022-04-01,797.4011840820312,800.2471622584079,779.2159647073637,782.3995763611439,3406177
2022-04-04,804.299072265625,806.5179495848299,781.4348554589859,789.1527305746301,4163250
2022-04-05,807.0485229492188,821.9536806961313,804.2990535563133,807.4826651909177,2669967
2022-04-06,798.6552734375,809.1226760104037,793.928110657258,809.1226760104037,2049292
2022-04-07,804.8778686523438,810.6662748402538,793.3010562765237,796.8705852022774,2913537
2022-04-08,827.163330078125,830.2987169992895,797.8836045770055,800.7295829435288,4145522
2022-04-11,826.6326904296875,830.9739954573149,816.3583038606002,824.799730303209,2922901
2022-04-12,830.443359375,836.8106417418038,813.5605073824906,820.0242396361658,2961076
2022-04-13,835.5564575195312,844.1426174096993,831.9387034449182,832.0834371609892,3695363
2022-04-18,843.2742919921875,845.1073108542031,827.8385420222477,835.5564170072176,3076843
2022-04-19,841.7307739257812,856.4911986432949,834.5917157285107,847.133263076402,3301212
2022-04-20,850.172119140625,858.5170945581815,842.6472032243478,842.6472032243478,2208791
2022-04-21,878.873046875,881.7672501029089,849.6898309935852,850.1721981982367,3206906
2022-04-22,888.1828002929688,894.3570654805106,857.6971561597966,871.9269893829685,4924905
2022-04-25,872.1199340820312,895.2735606505807,863.5337740097739,882.1049119866312,5476626
2022-04-26,906.9950561523438,909.6480757126776,874.6281704100984,874.6281704100984,6384561
2022-04-27,894.1640625,907.5256693804037,890.4016336384365,897.2029994382804,3154605
2022-04-28,890.3534545898438,911.6740625525352,886.1085994227551,911.6740625525352,2869224
2022-04-29,889.58154296875,906.1267610407048,885.6261555872951,896.1417838200117,3467791
2022-05-02,888.8580322265625,900.7725376152127,877.6189115895855,882.7319922270351,2740823
2022-05-04,864.4984741210938,891.3663625477274,859.6265771673002,885.529731191887,2408261
2022-05-05,867.344482421875,888.5204150567191,864.0644206709484,877.9083362666822,2690817
2022-05-06,862.3278198242188,882.5390172792922,856.0088212812211,858.6136159375747,4247088
2022-05-09,863.7266845703125,870.0939668516769,844.1425882983339,848.9662602314672,1790691
2022-05-10,857.021728515625,878.824759957992,852.9216075652203,863.7266439640055,2436623
2022-05-11,855.767578125,866.7173481317951,845.5896426906056,857.2629045642826,3048794
2022-05-12,834.7364501953125,857.6488924861402,823.5937795104215,853.6935049490204,4908042
2022-05-13,858.1312866210938,873.084670480146,839.4154148831285,848.7733507521111,4956950
2022-05-16,871.4927978515625,876.8471208848898,861.2184118074608,863.4372891538832,2856221
2022-05-17,878.6801147460938,884.6614800409072,866.4762594295763,875.0141356566007,3469290
2022-05-18,881.0918579101562,890.2086091682919,873.2775333361606,877.9082463756658,3203522
2022-05-19,851.4263305664062,880.8025047409354,849.1110033424992,869.2256919732562,2658159
2022-05-20,871.9269409179688,879.21067387792,857.3112500544999,865.2703088725235,3426756
2022-05-23,908.6834106445312,910.1787372796997,878.1495414587395,878.8730923031164,6613972
2022-05-24,913.458740234375,926.5309384197252,909.8409862456725,915.5329427409837,4546511
2022-05-25,895.659423828125,920.1636418020146,890.7874680927113,920.1636418020146,1363358
2022-05-26,897.0100708007812,900.5796000063805,882.5390541965008,897.2994793563233,2384886
2022-05-27,919.2471313476562,924.215536962702,890.4498336289915,906.8503181053652,3269005
2022-05-30,963.142578125,976.0700428184542,923.2990586256329,937.9630334867726,11690785
2022-05-31,997.873046875,1006.2180233542754,957.0165667952456,962.7567485036759,13301109
2022-06-01,1010.41455078125,1019.9654448990086,979.0124578224297,998.5001044885068,7889745
2022-06-02,1007.7134399414062,1020.6407876552362,998.5001786266469,1008.0992395178966,4081658
2022-06-03,992.3740844726562,1019.2901983379538,989.528047275009,1013.0675906710328,2660682
2022-06-06,999.4165649414062,1011.620478781091,982.0996293879386,991.7469734880166,3443406
2022-06-07,1005.7838745117188,1008.1474266354587,982.1960482723314,998.3071830701639,2162861
2022-06-08,1008.1473999023438,1019.6759283261579,997.7765055971282,1019.6759283261579,4293398
2022-06-09,1008.243896484375,1012.2958516179962,995.6058994150412,999.4648370096731,2757706
2022-06-10,999.9471435546875,1006.7002839356646,990.396250034221,996.5705733641989,2425545
2022-06-13,968.8826904296875,992.7116405159917,963.33546794867,987.5503353258687,4047155
2022-06-14,983.3055419921875,988.8527648192221,963.8178952406705,964.7344047016802,3614327
2022-06-15,989.3350830078125,1002.6484642392946,984.0290440448257,988.5150823575267,3333753
2022-06-16,969.7992553710938,1001.1048395375327,961.8401965729723,1001.1048395375327,3255301
2022-06-17,962.4673461914062,972.4040992353656,948.4786966868148,964.7344485925115,5318310
2022-06-20,948.0444946289062,972.4522628627071,944.5714155033395,969.5580596994253,3722583
2022-06-21,962.7567749023438,969.3169575135503,947.1762896783491,948.0445742533449,6263423
2022-06-22,949.105712890625,968.545135053229,938.3489594115142,960.0554839134569,2629024
2022-06-23,991.45751953125,995.2200073344932,950.4563654314903,951.2281411934408,7303072
2022-06-24,1034.243408203125,1036.6069600286214,995.2198368150198,1000.3329754876357,7273273
2022-06-27,1044.517822265625,1056.3841017475886,1034.2434957623354,1051.367530288381,6316257
2022-06-28,1072.78466796875,1081.9013610714846,1041.3825156985642,1043.842635559521,11020641
2022-06-29,1072.5433349609375,1076.1128046880124,1052.2356312764691,1066.9961128552254,5052023
2022-06-30,1054.5994873046875,1078.0907476031773,1049.679365164015,1070.1799722213461,4165189
2022-07-01,1068.2987060546875,1074.0871129519167,1026.4774897752952,1053.8759726419341,2839545
2022-07-04,1052.7181396484375,1063.1373183683834,1041.3343442852397,1062.1725839597007,2784613
2022-07-05,1043.79443359375,1063.1374072104243,1039.9837794671846,1052.5253278281061,3675577
2022-07-06,1065.597412109375,1072.784636171801,1042.4919529282527,1044.5178715837649,4957228
2022-07-07,1093.3336181640625,1098.784273688302,1075.293012978388,1079.537868184749,4917004
2022-07-08,1093.6229248046875,1152.7611923892762,1086.4357004171545,1143.1620141645965,10482265
2022-07-11,1123.9637451171875,1126.7132143234974,1083.0589871787408,1089.136742619202,4520273
2022-07-12,1106.2127685546875,1123.3849709177339,1101.7267298581326,1122.9508875261527,2452632
2022-07-13,1100.1348876953125,1115.715372349519,1097.9642352199244,1112.531701612776,3379695
2022-07-14,1113.63330078125,1122.1123233456078,1102.4739933936507,1105.982669322766,2423203
2022-07-15,1142.7252197265625,1146.038903006422,1111.4403995520145,1113.9743506588154,3879759
2022-07-18,1133.8563232421875,1149.5474516065299,1129.8116856929798,1149.5474516065299,3480683
2022-07-19,1156.1259765625,1159.2934449914385,1131.517183383825,1132.3943522813072,4056414
2022-07-20,1136.0491943359375,1164.653848751781,1132.979162488657,1164.653848751781,3028752
2022-07-21,1145.3079833984375,1150.0347975434072,1135.220837570003,1137.462359437194,2062279
2022-07-22,1151.106689453125,1155.7848440801413,1140.5810199979594,1150.0346470508046,1983433
2022-07-25,1107.005859375,1154.9077532732008,1103.2536512280703,1154.9077532732008,4380502
2022-07-26,1107.1519775390625,1116.898033679371,1096.57753042091,1105.2027663110007,2598868
2022-07-27,1109.19873046875,1121.0889914670363,1098.1857573705804,1111.0505051046757,1647876
2022-07-28,1119.9681396484375,1122.7457420390856,1106.5185336920931,1113.0971220243534,1929675
2022-07-29,1134.8795166015625,1154.1279784442754,1123.9639807650012,1129.3730897823864,2230572
2022-08-01,1206.3182373046875,1216.9901224157588,1154.176830965927,1159.1960742486965,12673841
2022-08-02,1222.642822265625,1227.7595020718381,1195.0614340077743,1206.2693992975746,5626351
2022-08-03,1221.8631591796875,1227.9544450074766,1199.739656641328,1227.9544450074766,3820503
2022-08-04,1229.7574462890625,1232.8761367543461,1207.5851679403183,1232.778699984259,3075648
2022-08-05,1204.51513671875,1246.0333132730696,1199.983196689454,1245.7408839923091,5766297
2022-08-08,1244.279052734375,1247.495299140641,1211.0937999480825,1213.3840995547641,5412651
2022-08-10,1235.8487548828125,1247.2028156466881,1228.2467831458357,1244.5714279525748,2530492
2022-08-11,1234.045654296875,1246.4718766148615,1222.1555126866558,1244.571443142631,3077633
2022-08-12,1227.4671630859375,1236.6772587969654,1217.575009909156,1232.8762725814822,3355489
2022-08-16,1255.5845947265625,1265.7203990225812,1242.2812028750072,1248.0800593118886,4085782
2022-08-17,1241.891357421875,1261.1398206818963,1237.7980609243702,1261.1398206818963,2197165
2022-08-18,1229.1240234375,1245.8871941769412,1222.837745182391,1241.6476831032874,2659857
2022-08-19,1207.92626953125,1240.331907477644,1204.1252836923265,1237.7491787043743,2513148
2022-08-22,1195.548828125,1215.7232385691816,1188.0931893001969,1207.9263925549112,2443323
2022-08-23,1240.7706298828125,1244.571616326605,1187.069873677216,1188.9703074138945,4449168
2022-08-24,1236.0924072265625,1250.9063656831038,1228.977738314292,1242.5734396947885,2570071
2022-08-25,1227.662109375,1245.0100196728474,1224.7869511412682,1241.647677553357,1769049
2022-08-26,1242.2811279296875,1266.0127519492798,1236.5797086145305,1247.3978076431083,4325600
2022-08-29,1244.3765869140625,1248.2750096563116,1210.606476115246,1217.2825012672633,2554692
2022-08-30,1275.4664306640625,1281.6064941557913,1251.39371748748,1251.39371748748,5078317
2022-09-01,1278.7315673828125,1292.0348411674029,1247.4954043955172,1247.4954043955172,4913035
2022-09-02,1282.5322265625,1296.8590006538288,1277.9028498367766,1285.163733136212,2316436
2022-09-05,1287.015625,1290.8164921135444,1268.0594724540938,1285.5049385530303,2271837
2022-09-06,1273.224853515625,1293.3017062465444,1267.5720931194478,1291.3524949334374,1930221
2022-09-07,1256.948974609375,1278.6339523126358,1248.6648258238597,1258.21600965886,3162428
2022-09-08,1288.331298828125,1298.1260147324228,1268.936621600969,1271.860438701432,4026323
2022-09-09,1268.2056884765625,1304.022448554575,1261.1885749065912,1304.022448554575,3415016
2022-09-12,1264.1124267578125,1282.1912919112306,1262.1144373961572,1274.7843120572768,3077887
2022-09-13,1266.8411865234375,1276.6846802307625,1258.2159499326235,1276.6846802307625,2460291
2022-09-14,1265.0870361328125,1280.4857355367392,1247.4953548300457,1251.3449999384204,2955136
2022-09-15,1264.1124267578125,1280.875597952046,1256.315580812508,1271.8604948277878,2555055
2022-09-16,1218.3544921875,1264.0635207008345,1203.150667929977,1258.4595382459156,9047956
2022-09-19,1255.9256591796875,1265.4767236580471,1218.3545618541073,1227.9057453028893,4476773
2022-09-20,1269.8624267578125,1278.6826557749157,1263.625045564515,1266.9873875818525,3780649
2022-09-21,1273.468505859375,1289.403284561574,1260.7498544439002,1275.7100274888342,2887754
2022-09-22,1277.123291015625,1287.0155623389353,1260.16512860001,1264.0635512716262,2010645
2022-09-23,1239.9908447265625,1284.6277131454103,1228.977753038997,1271.8604026295727,4639618
2022-09-26,1205.0025634765625,1226.9798515813975,1185.4130118519988,1218.2571777766873,3345338
2022-09-27,1204.3690185546875,1221.0835304476702,1190.188457739756,1211.0450439429612,3588217
2022-09-28,1210.85009765625,1229.7086934124184,1180.4911075060763,1201.7862174160239,3361451
2022-09-29,1226.3951416015625,1235.7513331591656,1214.066354870094,1223.1302360802154,3474302
2022-09-30,1235.9949951171875,1250.126778841543,1201.7376973341466,1225.0306801586357,3320684
2022-10-03,1219.5728759765625,1243.6943681804412,1210.5091139246347,1237.7005190508464,3150821
2022-10-04,1228.34423828125,1245.497274361428,1223.1301217158282,1232.8761784625679,3011962
2022-10-06,1224.98193359375,1244.5714844571348,1222.6428561092214,1235.8000331179694,3531469
2022-10-07,1207.3902587890625,1229.9036268726634,1201.6400613119326,1228.0031933283008,3501889
2022-10-10,1211.4349365234375,1214.8948344934734,1187.069792989177,1202.6634848511037,2230590
2022-10-11,1198.326416015625,1217.5260995957894,1194.379215573056,1217.5260995957894,1569478
2022-10-12,1216.21044921875,1227.3696366422919,1198.8624205643437,1204.2715296647375,2884899
2022-10-13,1216.5028076171875,1241.7938973399157,1208.9983911891088,1223.1301740768492,2137351
2022-10-14,1199.0574951171875,1239.6985070770615,1196.8158543165343,1235.5564326626925,1696759
2022-10-17,1198.76513671875,1207.2929374880907,1166.1158423447027,1195.841319312119,2158727
2022-10-18,1221.960693359375,1235.166529418658,1202.17614975178,1204.7588786912577,2722206
2022-10-19,1216.69775390625,1232.6813108418266,1212.409465122985,1227.9543781205982,1449579
2022-10-20,1218.257080078125,1222.155502734375,1192.478807851839,1209.680502646208,1831346
2022-10-21,1224.8358154296875,1236.677299464451,1212.5558063815906,1221.2784805344925,1750934
2022-10-24,1238.675048828125,1245.5460665014539,1228.9777698422013,1228.9777698422013,318933
2022-10-25,1248.8597412109375,1251.2474775369815,1227.6132898146789,1238.6750404803117,2809493
2022-10-27,1261.285888671875,1266.8410931254389,1246.5693675834827,1250.7114414742455,3279938
2022-10-28,1278.341552734375,1282.483626837982,1257.241316153681,1267.6208903485683,2111224
2022-10-31,1314.353271484375,1324.001892062723,1283.1658879392833,1284.7740111974124,4306893
2022-11-01,1319.6649169921875,1331.8474884389955,1315.0841987459332,1326.438379128443,3405472
2022-11-02,1318.0079345703125,1326.438297285424,1304.6071068056729,1319.6648355671,2298917
2022-11-03,1301.488525390625,1320.5907740477096,1294.812499884174,1305.9716879881407,1931917
2022-11-04,1304.3148193359375,1317.666869463487,1297.200150337205,1304.0223900459657,2204968
2022-11-07,1316.9847412109375,1321.1754743743638,1302.6579659167064,1310.8446776604922,2599224
2022-11-09,1303.583984375,1330.1906502917443,1297.2002690465913,1330.1906502917443,2459869
2022-11-10,1265.2330322265625,1304.9969911199535,1257.8260529343793,1304.9969911199535,2792546
2022-11-11,1254.4150390625,1285.2613348940426,1246.0822312687617,1271.9579425909114,5308986
2022-11-14,1245.6922607421875,1276.4409982444276,1235.8487672705544,1270.8857935143194,3794391
2022-11-15,1258.8980712890625,1263.3813524581456,1242.8658559248945,1251.929736063621,3192070
2022-11-16,1254.025146484375,1262.1144216398122,1243.5969127508884,1256.218009379116,2478281
2022-11-17,1227.36962890625,1252.368288180354,1222.301727001392,1247.6901333678552,2319979
2022-11-18,1195.9874267578125,1224.0559999628988,1186.3388063868292,1218.3059214216928,4525364
2022-11-21,1187.3134765625,1203.540686389638,1171.4761328365482,1187.0698251205622,4120736
2022-11-22,1197.2542724609375,1204.0765120639687,1185.071701741239,1189.652419714096,2469455
2022-11-23,1204.3201904296875,1208.8521306329185,1192.9173515690338,1203.2481479764463,2396267
2022-11-24,1222.2042236328125,1225.07926261961,1207.1952733118071,1210.362741572359,2133523
2022-11-25,1228.782958984375,1235.5076433834095,1214.358746509891,1226.0540153366314,1370326
2022-11-28,1218.9393310546875,1239.6984805578595,1214.3587317414251,1226.9311693713564,2126619
2022-11-29,1225.1767578125,1232.8761663609325,1216.843950758082,1224.1047153749653,2435651
2022-11-30,1272.4451904296875,1282.5811136017803,1225.7128942509835,1230.0498420697502,7536690
2022-12-01,1260.603759765625,1283.506994890921,1255.2922060162277,1281.606561266568,2613761
2022-12-02,1232.4864501953125,1260.9450104598197,1228.0032873846615,1253.7815627737298,2892150
2022-12-05,1227.8082275390625,1237.2130767479716,1220.790995579225,1237.2130767479716,2764806
2022-12-06,1230.9757080078125,1233.3146663804346,1216.7951482791086,1216.7951482791086,1686075
2022-12-07,1234.435546875,1236.6771875569148,1220.5961936235185,1229.952384481592,1731982
2022-12-08,1241.98876953125,1249.4445270475767,1237.2619556060051,1240.6242977357092,1906386
2022-12-09,1233.26611328125,1252.0272735646606,1224.5920984989905,1248.957241724199,1308941
2022-12-12,1231.901611328125,1244.863914794984,1224.59206853939,1231.804174551693,1723401
2022-12-13,1250.7601318359375,1253.2940827211219,1234.8253533200111,1235.7999589658832,2164600
2022-12-14,1253.781494140625,1258.215997801605,1244.0354368377466,1254.3175748804538,1436837
2022-12-15,1254.268798828125,1260.6525139589558,1249.2008966114354,1253.2455341920918,2417555
2022-12-16,1219.81640625,1254.317470011773,1218.2570610059954,1245.4972413019232,2136354
2022-12-19,1257.8748779296875,1262.0169521791559,1213.4328815412412,1219.1343011258366,2767603
2022-12-20,1242.865966796875,1255.2921899505,1231.0244832916883,1255.2434120754522,1286604
2022-12-21,1233.5584716796875,1251.8811076871027,1226.5413577455965,1247.3979449530761,1251993
2022-12-22,1202.6146240234375,1245.2049633658391,1198.0828028149972,1233.558354177551,1557590
2022-12-23,1193.5020751953125,1198.7649695875855,1177.3236449282954,1189.018912924272,1913648
2022-12-26,1205.635986328125,1215.7231311739174,1185.4129187650888,1193.5020744080523,1677560
2022-12-27,1202.9071044921875,1216.7952359396363,1192.8686180332302,1211.6785559326813,1304940
2022-12-28,1220.54736328125,1223.1300920505796,1193.89192251949,1198.6187361329328,1959508
2022-12-29,1230.2935791015625,1235.4102594320589,1207.098032985571,1216.015580670948,1289676
2022-12-30,1217.4774169921875,1233.2173231533657,1213.384120559194,1233.2173231533657,1372710
2023-01-02,1230.78076171875,1238.7238218211285,1211.044996658264,1219.2317081811423,1718385
2023-01-03,1217.5750732421875,1232.8763367104198,1215.041002986435,1230.9271251108776,1510751
2023-01-04,1204.8074951171875,1223.9098616387953,1199.7395931647732,1220.5474006575032,1344532
2023-01-05,1220.8399658203125,1223.1302656311925,1199.739726686851,1208.511178790979,2745160
2023-01-06,1232.77880859375,1242.5735247735442,1216.4541626570006,1220.8398884310527,2214972
2023-01-09,1277.0745849609375,1280.5344828647335,1239.3573910801722,1240.6243071374422,3634805
2023-01-10,1281.5089111328125,1292.7168753919923,1272.5912462107747,1277.2206227526099,3139930
2023-01-11,1279.2674560546875,1286.4795622431661,1267.4747505282103,1282.0938364627918,2041750
2023-01-12,1286.382080078125,1293.3017567156012,1276.7334599076394,1282.5810940751553,2448619
2023-01-13,1294.422607421875,1303.0478442271997,1278.2928352099505,1291.3525756178308,2600139
2023-01-16,1282.1912841796875,1301.3423107114475,1269.8624978089313,1299.1494478025534,1651972
2023-01-17,1287.307861328125,1290.2316783061062,1270.983216534396,1285.45608678132,1607137
2023-01-18,1288.574951171875,1291.352553625211,1274.8816934867746,1286.8206133221775,1179938
2023-01-19,1286.041015625,1294.958562718781,1278.9751242087846,1284.140463103212,2066881
2023-01-20,1281.36279296875,1291.3525009953175,1278.341539213335,1290.4266732054125,1332666
2023-01-23,1294.7149658203125,1311.7705665088206,1278.9751780755469,1287.7952887636322,1681075
2023-01-24,1290.280517578125,1301.196053893862,1287.502915110948,1301.196053893862,1408040
2023-01-25,1278.1953125,1298.1747283644681,1272.8837592851737,1291.2550520298819,1359090
2023-01-27,1286.67431640625,1305.7766820978754,1253.9763686156368,1284.6276683594087,1914769
2023-01-30,1297.784912109375,1307.920835072426,1271.8604245674485,1286.5769466821523,2402331
2023-01-31,1343.7376708984375,1350.316259677088,1301.3910988669986,1316.0101850417777,5265862
2023-02-01,1317.7156982421875,1354.7019373611072,1288.4287490585496,1351.3395952486321,3010838
2023-02-02,1318.0567626953125,1343.201518186508,1296.7128742295802,1313.8172517258502,2029111
2023-02-03,1352.752685546875,1356.6023303995644,1316.2537503729893,1324.6839943392906,1803085
2023-02-06,1341.057373046875,1356.5536266603226,1325.463682662609,1356.5536266603226,1504382
2023-02-07,1331.9935302734375,1349.8288617387307,1326.4383255064351,1347.7822136124887,1413825
2023-02-08,1338.182373046875,1344.9558349171668,1325.4637213676426,1338.669675885613,1241238
2023-02-09,1337.3538818359375,1350.8034879622583,1328.387557065338,1337.159008285872,1866387
2023-02-10,1330.7752685546875,1351.7292905233217,1316.4973906221628,1343.542698046795,3282665
2023-02-13,1318.6414794921875,1348.8542554450758,1291.4012984389608,1340.0828043619792,4401219
2023-02-14,1328.53369140625,1342.0319556189372,1315.7176035479777,1323.5144486060397,2373179
2023-02-15,1344.3223876953125,1348.0259370514602,1325.5125685191563,1329.5570871157383,2007214
2023-02-16,1333.4068603515625,1361.5242120168077,1328.5824905802706,1345.0533512985392,2646301
2023-02-17,1307.43359375,1337.6951494156492,1298.4672685744733,1325.4150219759833,2150027
2023-02-20,1312.06298828125,1320.5420107009131,1298.759596026597,1308.0183506328526,1497314
2023-02-21,1317.520751953125,1327.8028901461214,1306.9463034190253,1320.1034809702235,2118816
2023-02-22,1286.23583984375,1318.4952638987497,1277.8542548311234,1312.6964077194841,2196484
2023-02-23,1280.583251953125,1292.5709509620974,1271.8605775725068,1291.5963451555285,1847879
2023-02-24,1247.690185546875,1287.0156212223542,1245.7409741218867,1286.6744140466421,2824384
2023-02-27,1225.46923828125,1252.7581980439672,1216.697786928948,1237.7980242538479,2019964
2023-02-28,1237.3592529296875,1260.4086992934901,1228.0030629111136,1231.6090560632438,3407211
2023-03-01,1239.8447265625,1272.396582351606,1236.8234725366885,1243.5481570239879,2338935
2023-03-02,1219.7679443359375,1246.0823011032976,1218.2572577481558,1246.0823011032976,1563750
2023-03-03,1236.384765625,1244.5226994153784,1221.4245919434554,1225.9565322366718,1493291
2023-03-06,1238.187744140625,1251.6373501733265,1235.8000078020464,1237.3106942010136,1570410
2023-03-08,1257.1925048828125,1259.1417161739028,1226.3463313776408,1237.7491698423528,2370800
2023-03-09,1216.4542236328125,1261.9196068968956,1213.3354137660092,1258.2160573583267,3596577
2023-03-10,1195.548828125,1224.7870006785136,1194.2331341541776,1217.2825839779498,2664696
2023-03-13,1163.1431884765625,1199.7396820945055,1152.4225251922087,1191.6504067554124,3842775
2023-03-14,1131.322265625,1162.1197798133119,1127.4725019949522,1162.0223430441595,5379592
2023-03-15,1130.8836669921875,1144.57692426325,1123.9152126477336,1137.364818500951,2226887
2023-03-16,1137.4136962890625,1145.4054159082489,1111.196777631814,1130.5426781140768,3604480
2023-03-17,1141.75048828125,1156.1259212322943,1122.7456786171574,1143.114959948652,3683701
2023-03-20,1137.9984130859375,1149.2063790662023,1115.9235693394173,1140.2399348997344,2082268
2023-03-21,1130.8349609375,1145.1616161212341,1127.0339751835254,1140.873327551889,2209422
2023-03-22,1134.5384521484375,1150.5220091488245,1129.7142016042153,1137.8521352657795,2211909
2023-03-23,1135.3668212890625,1145.1616558056096,1124.5000633060502,1131.5171765023938,2594282
2023-03-24,1121.5762939453125,1140.824756636965,1117.9701814512048,1131.0786995779004,1839876
2023-03-27,1109.0037841796875,1121.3812282488702,1096.918650420949,1112.5123406979237,2446528
2023-03-28,1099.647705078125,1119.82199632718,1094.8721131534885,1114.559101532079,1903339
2023-03-29,1115.2413330078125,1123.184274164754,1103.2536354933472,1105.1540689910553,4003003
2023-03-31,1129.275634765625,1133.466487078161,1116.7519746741093,1118.457534736351,2343070
2023-04-03,1140.1912841796875,1150.034778404146,1125.9620641053828,1131.8096985718446,2546562
2023-04-05,1126.1080322265625,1143.5048379699397,1122.6969125075339,1142.2378030575633,2028469
2023-04-06,1141.5068359375,1145.161607023746,1119.1396844778396,1124.6948889407684,2029418
2023-04-10,1158.416259765625,1160.7553371358008,1141.5068754158744,1141.5068754158744,2586918
2023-04-11,1171.1834716796875,1173.6199856167514,1158.0262964195426,1169.526689790647,2443384
2023-04-12,1176.690185546875,1182.147953753709,1168.1623855454393,1172.937977340328,2469405
2023-04-13,1173.9613037109375,1191.162998556243,1169.088275376195,1182.6351989704442,4470196
2023-04-17,1182.14794921875,1187.995583483016,1172.8405360637141,1187.995583483016,1956198
2023-04-18,1174.107421875,1186.9722883074007,1172.0607737292878,1182.1966966537918,2075066
2023-04-19,1184.6331787109375,1187.0209149877164,1172.8404740291655,1174.0587311031175,1818732
2023-04-20,1187.6544189453125,1193.7944821163267,1183.7073374528743,1187.069679350553,2172677
2023-04-21,1181.953125,1190.91945032463,1178.347131308023,1190.91945032463,1015815
2023-04-24,1177.0799560546875,1186.1924949508232,1165.6283398397072,1179.6626847823618,1389756
2023-04-25,1179.126708984375,1184.1459522468315,1168.9421267775003,1177.080060762231,1360260
2023-04-26,1182.7327880859375,1186.3387815672277,1174.6922911067388,1181.222101671374,1708865
2023-04-27,1192.9173583984375,1193.8919640834035,1179.3216566813294,1179.3216566813294,1340045
2023-04-28,1195.7437744140625,1197.5467711910487,1180.7348226229547,1193.8919997632022,2333102
2023-05-02,1205.879638671875,1209.290758504408,1186.5823988882357,1198.7649697187105,2607580
2023-05-03,1204.07666015625,1210.4603755866874,1198.8625430410057,1205.8797760208688,1307304
2023-05-04,1200.4217529296875,1206.6105940939158,1196.815759548531,1203.6379992202249,1541188
2023-05-05,1180.4423828125,1210.8013743303138,1177.3724700167759,1201.4939612258386,4753718
2023-05-08,1200.519287109375,1208.3647912086528,1182.8788296702282,1186.0462980323357,3513667
2023-05-09,1213.8226318359375,1218.2571353969518,1202.712221937456,1207.5364726054586,1846359
2023-05-10,1216.94140625,1223.9098606567936,1203.6380149225613,1218.2571001240499,2108081
2023-05-11,1219.524169921875,1228.8315830503593,1212.5557153160858,1218.2571349133957,4100467
2023-05-12,1243.548095703125,1246.3258171253035,1219.5241603671934,1224.4946256446128,2427624
2023-05-15,1253.0018310546875,1255.0484792127265,1240.28317919261,1247.3978483286357,2647630
2023-05-16,1230.3909912109375,1258.898209623448,1226.8824342773298,1254.3176101504644,1571371
2023-05-17,1231.0244140625,1239.405999139896,1228.6853366298633,1232.8761886537716,1643851
2023-05-18,1213.8714599609375,1237.7005229275996,1209.729385529116,1237.7005229275996,1900447
2023-05-19,1228.39306640625,1230.3909367388123,1206.0257938751943,1221.0835235471648,1588996
2023-05-22,1233.412353515625,1237.2132207612467,1219.5242215892165,1227.2722897073572,917769
2023-05-23,1236.3360595703125,1238.480144437595,1224.6407916314959,1233.4122425856083,1803955
2023-05-24,1243.304443359375,1245.5460840565659,1222.6428501165587,1228.00318146422,1369297
2023-05-25,1245.3511962890625,1248.2750133544114,1225.6154310979582,1247.4952812154831,2040166
2023-05-26,1249.2982177734375,1259.9702209302034,1236.1410416130743,1257.2412775458138,3508112
2023-05-29,1296.371826171875,1315.7177259782857,1265.038228385048,1287.9414628742995,6185862
2023-05-30,1294.7149658203125,1301.3911104090143,1286.4795947903187,1296.176874450756,2493657
2023-05-31,1285.5048828125,1294.51998528863,1270.1548434612514,1291.3525168510707,5629378
2023-06-01,1285.407470703125,1303.729986326627,1279.462399777257,1285.5049074782203,2364455
2023-06-02,1307.3360595703125,1310.8446161614938,1286.771903884093,1291.2062882665523,2313841
2023-06-05,1359.96484375,1365.422611980964,1312.1603856567149,1315.5228467686873,5105293
2023-06-06,1375.363525390625,1378.9696378868398,1352.8014984620463,1359.9648266105596,2335838
2023-06-07,1370.6854248046875,1386.6689814319436,1359.574896480228,1386.6689814319436,2491079
2023-06-08,1345.9793701171875,1379.6032697784967,1342.519471984155,1376.82554810839,1776230
2023-06-09,1335.8433837890625,1351.7781638733688,1328.3876260702248,1345.6868779871336,1881329
2023-06-12,1346.3203125,1349.6339956118777,1334.5276075454656,1342.909192614036,1389300
2023-06-13,1338.2799072265625,1353.240081670607,1333.4555373896642,1348.0259647106864,2516583
2023-06-14,1343.64013671875,1345.930436259358,1331.3113511443034,1339.1081965389992,905086
2023-06-15,1357.3822021484375,1371.4652081025692,1336.671829292107,1346.710316429466,1720070
2023-06-16,1368.2001953125,1373.9991706401072,1358.0156132823597,1363.4733814368428,2132678
2023-06-19,1366.933349609375,1379.4082318942749,1360.5496343243378,1373.7068120201677,1476764
2023-06-20,1360.988037109375,1374.096554722556,1345.6379978426728,1366.9818857599805,1042428
2023-06-21,1339.3519287109375,1367.761709624851,1335.8433718658673,1358.649169814463,2008628
2023-06-22,1343.6888427734375,1356.651146285165,1339.741761036112,1343.9812720741684,1296616
2023-06-23,1338.3773193359375,1344.5660419301887,1333.7479421163155,1341.9346540461531,1258590
2023-06-26,1362.15771484375,1369.223606347424,1335.1610648888366,1340.0828713864626,2281046
2023-06-27,1366.787109375,1381.0163293412409,1358.2105313011532,1370.9778426618811,2737379
2023-06-28,1359.574951171875,1377.8488080424647,1354.8481373221002,1373.1706530954248,2611913
2023-06-30,1416.6868896484375,1423.8989959683038,1364.4480454179502,1367.0307744408626,4114865
2023-07-03,1430.6724853515625,1460.0082140586715,1422.2422406594312,1432.670474758275,3615176
2023-07-04,1427.26123046875,1449.2386359866412,1424.9709309309114,1449.2386359866412,1595700
2023-07-05,1437.884521484375,1440.4672504297716,1420.097967140435,1426.7739925110618,1456527
2023-07-06,1509.4693603515625,1513.4652199396642,1435.2531122761425,1440.3210143434292,5628945
2023-07-07,1524.4295654296875,1551.523533146924,1500.2106370071406,1507.6176167078806,6905845
2023-07-10,1512.0032958984375,1538.9023892308712,1506.6916234893904,1527.2071209149938,2276342
2023-07-11,1529.594970703125,1535.9786860537668,1511.0288022571317,1518.6794337203567,1563376
2023-07-12,1530.959228515625,1539.5358056389628,1502.5007917370824,1529.1562318960637,2658457
2023-07-13,1527.109619140625,1554.3011406117575,1518.87413000314,1535.9785067752568,1859405
2023-07-14,1523.072021484375,1543.113066050839,1519.2803717898435,1538.976753716034,2174792
2023-07-17,1512.9775390625,1535.3328831810268,1506.2807215044133,1535.3328831810268,1520990
2023-07-18,1511.40185546875,1518.7388300435014,1502.8339772111017,1512.6821684116985,1059058
2023-07-19,1521.0037841796875,1525.9771686341608,1500.864282025467,1506.9701122512997,1081196
2023-07-20,1521.8900146484375,1530.1625182757907,1507.3147656070655,1526.5187360697385,1538263
2023-07-21,1500.371826171875,1529.030036550234,1495.792393535268,1525.4354229659223,1668783
2023-07-24,1523.3673095703125,1533.3632468801777,1491.9515581180942,1498.8945804442071,2129706
2023-07-25,1541.9803466796875,1545.6734179235316,1524.5490984956086,1527.897386916297,1996604
2023-07-26,1521.397705078125,1550.1052048013298,1508.7428041649537,1546.313675453096,2100855
2023-07-27,1425.427001953125,1477.2284557582836,1416.5143421831863,1476.243636787778,11879512
2023-07-28,1445.5174560546875,1448.668828941724,1427.9876288004757,1437.8358193439274,4714146
2023-07-31,1452.804931640625,1456.54729190412,1435.4721413922978,1454.3807382045147,2460789
2023-08-01,1470.679443359375,1481.1677898508876,1447.8808592527453,1452.8049542987922,4184243
2023-08-02,1462.7518310546875,1474.2741662309459,1443.0061603673303,1470.6795525370485,3188395
2023-08-03,1446.846923828125,1478.755084925654,1425.6240253241049,1462.4562816460311,2222395
2023-08-04,1442.4151611328125,1479.6412469118986,1394.2574883653363,1458.516927613677,8066091
2023-08-07,1503.72021484375,1507.7579488606225,1458.270792145896,1466.395549218463,9257291
2023-08-08,1476.93310546875,1510.7124475257176,1462.4563132827188,1506.773171260983,3426948
2023-08-09,1511.4510498046875,1514.2085912549394,1469.5962398247564,1482.1526828187357,3713003
2023-08-10,1521.9393310546875,1532.4276776163488,1508.545816483294,1511.2047797390774,3600607
2023-08-11,1522.9732666015625,1535.9236602580781,1509.776788416712,1525.0414826374567,2402812
2023-08-14,1523.3673095703125,1527.2081278737544,1500.8642185262624,1521.4961293489262,1875450
2023-08-16,1546.7568359375,1549.1204257926972,1515.2426251139993,1535.382247598697,2361632
2023-08-17,1549.61279296875,1555.0785868458797,1536.4654825437171,1549.1203834380958,2377711
2023-08-18,1529.079345703125,1558.5254597975204,1521.151504140998,1544.9349086102084,2202570
2023-08-21,1515.193359375,1529.079283587498,1508.496541916479,1522.5302130261964,1487526
2023-08-22,1526.9619140625,1531.3935997208562,1511.4510142582535,1514.651676122622,975607
2023-08-23,1519.0341796875,1531.2459606270434,1512.7806024172023,1522.57962463753,1405076
2023-08-24,1518.787841796875,1531.3442842790548,1504.8527488629331,1526.5187672635573,2111147
2023-08-25,1496.9742431640625,1523.761273203638,1485.3040412624468,1507.6595057997429,1455320
2023-08-28,1525.73095703125,1529.4240285748144,1500.9627331689767,1504.8035516177183,2132512
2023-08-29,1537.15478515625,1540.6016518200543,1516.6213320738782,1531.2951599146502,1325882
2023-08-30,1559.16552734375,1564.877526123834,1536.1208569276223,1545.1811444230937,3140040
2023-08-31,1551.48388671875,1565.86222016869,1543.359129915988,1564.8281121251093,3512885
2023-09-01,1567.78271484375,1580.1422426094914,1551.0900792209093,1553.0597174167453,2147299
2023-09-04,1552.46875,1581.5209115172029,1540.453885649026,1581.5209115172029,2200142
2023-09-05,1547.2984619140625,1560.0518204213618,1541.4880055227075,1553.650496648228,1078759
2023-09-06,1553.0596923828125,1556.9005108462175,1535.0374550945448,1553.0596923828125,1301466
2023-09-07,1541.9803466796875,1553.9459215531747,1536.563842188716,1548.332381132234,1514369
2023-09-08,1543.753173828125,1554.0444849731766,1536.3177417985776,1541.3402949879464,1223910
2023-09-11,1558.082275390625,1564.8775512298348,1540.2570737089122,1543.8516874704019,1921950
2023-09-12,1534.298828125,1565.3206289534437,1490.0805478797813,1558.180690667532,3770868
2023-09-13,1513.61767578125,1544.7872245069625,1506.8716889534815,1540.2570806660856,2382637
2023-09-14,1542.2266845703125,1551.4840079975027,1514.9964128714698,1521.5454838193696,2220196
2023-09-15,1576.793701171875,1586.2479396742337,1547.9877449776664,1555.669381382988,5425897
2023-09-18,1616.53125,1644.6478831551813,1577.7786427846586,1584.327713787963,6887528
2023-09-20,1609.1943359375,1639.7237266437805,1595.5053270289918,1595.5053270289918,6116670
2023-09-21,1559.21484375,1631.0573491774594,1551.1885440226472,1612.9367738684903,2898266
2023-09-22,1582.751953125,1593.3879266868128,1542.3250832176439,1556.0140919944465,3827771
2023-09-25,1565.320556640625,1595.4068260458248,1558.3283655822524,1588.4638038085736,3231962
2023-09-26,1570.9833984375,1582.2103603510318,1557.9838342537325,1565.3206885468812,1479841
2023-09-27,1565.0743408203125,1575.316482686949,1559.2147157294808,1570.6385923350051,1991198
2023-09-28,1532.427734375,1572.6575686168849,1520.5606167082524,1571.7219183869247,2369699
2023-09-29,1530.655029296875,1552.5672534576313,1526.568006140311,1550.1052057991194,1254881
2023-10-03,1514.060791015625,1573.7407998058818,1509.776852306145,1572.9528965000889,3436776
2023-10-04,1498.9930419921875,1514.553230965569,1478.9519985014088,1508.545858843956,2580901
2023-10-05,1514.6024169921875,1527.2574380180095,1490.0805187054607,1509.7276107586022,1991367
2023-10-06,1525.3370361328125,1530.408878531742,1516.9660737985012,1521.5455066483535,1743027
2023-10-09,1492.19775390625,1517.852337857637,1491.0160191509892,1516.621314063754,2123175
2023-10-10,1514.50390625,1520.4128203715077,1496.1370074788806,1498.352850274446,1956653
2023-10-11,1532.6739501953125,1535.480660471103,1516.621351440599,1516.621351440599,1536986
2023-10-12,1542.8668212890625,1546.2152301731664,1531.9845224700173,1535.3329313541212,1731806
2023-10-13,1538.73046875,1550.4991284678724,1526.7650135271667,1536.8101196991468,1465554
2023-10-16,1550.6468505859375,1553.3058138780348,1534.8404570796747,1539.124395813461,1089610
2023-10-17,1552.6656494140625,1559.8548763771432,1544.7870972209507,1551.0899630188733,997962
2023-10-18,1550.9422607421875,1555.4724043401252,1538.0411551982374,1552.6656940840137,1212994
2023-10-19,1545.7227783203125,1554.9308123366302,1529.768637680068,1529.768637680068,1239578
2023-10-20,1534.59423828125,1551.0899568701868,1521.643844121726,1542.2265856880715,1435102
2023-10-23,1541.3896484375,1550.9916347249755,1523.0227480595606,1524.7461814957742,4069167
2023-10-25,1545.279541015625,1552.6656838605315,1523.515064142734,1550.1051783843977,2510769
2023-10-26,1483.2359619140625,1534.5450108859563,1477.228589692746,1530.408818921685,3343802
2023-10-27,1487.8646240234375,1510.6630881706817,1484.4177574522314,1485.451745293294,3341111
2023-10-30,1475.06201171875,1492.4439716660613,1440.987176633503,1479.2966614762959,2637486
2023-10-31,1436.45703125,1474.5696003224757,1433.453405300879,1471.5165651171974,2555737
2023-11-01,1432.5177001953125,1462.4562219816696,1427.9875568171185,1442.661384030603,2627536
2023-11-02,1447.3885498046875,1455.0701866944103,1430.4497097621868,1442.7599482282985,2091122
2023-11-03,1446.69921875,1465.5092390075356,1438.2789675859954,1457.5322285568413,2456723
2023-11-06,1465.7061767578125,1469.54687471283,1451.1800963990834,1459.304853209898,1271868
2023-11-07,1457.2860107421875,1474.2741396053757,1452.6081201856575,1465.6569727907151,1940908
2023-11-08,1464.8199462890625,1466.7895844795232,1451.623346369541,1462.505645458706,1342202
2023-11-09,1528.488525390625,1535.03747620253,1464.8199468175758,1464.8199468175758,4831782
2023-11-10,1500.9627685546875,1527.4544264285073,1492.2964325917815,1526.469607327006,4872228
2023-11-13,1516.8675537109375,1519.8712999239658,1490.0805234268025,1503.080086902333,1968032
2023-11-15,1520.7083740234375,1527.2574448093299,1510.269316041299,1525.4847224162324,2782942
2023-11-16,1545.673583984375,1559.904171952665,1515.144191755311,1520.757612562172,3224223
2023-11-17,1560.4951171875,1571.7712475369076,1548.775746122957,1551.090046911422,2035309
2023-11-20,1528.6361083984375,1565.665401508038,1517.2122312595309,1565.665401508038,2918577
2023-11-21,1536.071533203125,1547.5446993281853,1525.6324751808734,1529.4240045292213,2213144
2023-11-22,1520.0189208984375,1540.8971569747619,1511.697247978518,1536.3177243299597,1269475
2023-11-23,1522.382568359375,1537.2533125957102,1511.7957631270885,1532.9693735916617,1552635
2023-11-24,1529.6209716796875,1535.825380070787,1524.0075509198737,1525.4847795637377,1239270
2023-11-28,1542.2760009765625,1548.1356265397633,1518.7388004227582,1529.6209793568705,2596766
2023-11-29,1594.5205078125,1598.7552778356169,1543.4576638572123,1552.0748305879513,3581220
2023-11-30,1622.735595703125,1634.799629110719,1589.2024588384138,1590.5320607346189,5214960
2023-12-01,1600.8233642578125,1640.7085357450112,1596.5885942599582,1630.8603452543448,2489755
2023-12-04,1631.6973876953125,1649.571877153876,1614.5615125101017,1637.6063018821324,3001010
2023-12-05,1660.4542236328125,1682.070953905562,1615.694125240796,1635.6860002388369,3423953
2023-12-06,1676.555908203125,1684.483629110588,1658.5829612541622,1662.4729482603595,2279220
2023-12-07,1666.9539794921875,1680.1012896910606,1656.1209700041443,1677.146832557958,2461051
2023-12-08,1643.2198486328125,1682.2186583681807,1637.310934423903,1673.2075401561603,1942667
2023-12-11,1627.1180419921875,1649.0302666043767,1622.0954887087833,1648.5871461035838,2037178
2023-12-12,1610.5731201171875,1644.6478356629375,1601.8082064106393,1637.754102220039,2051527
2023-12-13,1640.8563232421875,1645.1402621681823,1604.8119691980103,1614.1184613550738,2247441
2023-12-14,1677.6884765625,1683.8927642099572,1645.681858661377,1650.5566646856053,3326228
2023-12-15,1698.7635498046875,1713.1911727403274,1672.222724844117,1701.6688380941696,3858594
2023-12-18,1684.8284912109375,1705.5588602355112,1672.9613734843424,1693.888778450666,1739425
2023-12-19,1673.55224609375,1697.680313071336,1665.6245247885595,1693.888783732578,1660221
2023-12-20,1621.94775390625,1685.960994824039,1615.6941767215624,1684.040645683375,3047660
2023-12-21,1609.046630859375,1628.0536872025862,1595.8008623116432,1610.179196845545,3211338
2023-12-22,1609.4405517578125,1626.9210901048837,1598.115132547034,1605.2550707451335,2751274
2023-12-26,1637.0155029296875,1643.6630316677085,1609.6867736733789,1615.9896397795296,1203594
2023-12-27,1662.3253173828125,1666.116967013145,1635.0458769637958,1644.6478629902358,1793638
2023-12-28,1708.119384765625,1713.5358896407663,1662.7685388049726,1663.3101171621838,2963938
2023-12-29,1703.1461181640625,1731.3119194310539,1688.9646995587357,1703.7369855607071,2273255
2024-01-01,1677.4423828125,1703.7370040951928,1673.207612692331,1703.1461366921203,1307485
2024-01-02,1631.0572509765625,1679.1164683632098,1624.4097224361217,1677.7376976595365,2857334
2024-01-03,1630.1217041015625,1652.7232528182788,1623.031055152011,1646.6174229015633,1927812
2024-01-04,1616.7774658203125,1649.0302912941872,1613.3305989757762,1641.5949792312783,2835768
2024-01-05,1617.0728759765625,1636.2768474025936,1611.6563712153743,1622.9325012222532,1709313
2024-01-08,1591.6153564453125,1628.2998666281358,1581.7178767520716,1623.1295665352548,1492195
2024-01-09,1605.1566162109375,1611.95189179493,1590.482788116153,1600.3309787546432,2542484
2024-01-10,1608.0126953125,1622.440199139895,1596.7364443417152,1620.027440400637,1954233
2024-01-11,1603.9256591796875,1626.1825469061716,1601.1681175991987,1618.9441505288587,2228002
2024-01-12,1599.789306640625,1609.0466300373412,1577.187756838365,1605.255100622251,3061539
2024-01-15,1610.7208251953125,1615.989583003568,1591.5660227817682,1610.1791266377109,1405514
2024-01-16,1595.75146484375,1615.1031825068535,1592.9940437356227,1613.133544479406,2236688
2024-01-17,1573.4453125,1590.4827297664076,1566.8470731011485,1587.5282726832502,2548169
2024-01-18,1592.6986083984375,1598.6568117370045,1556.654255216716,1575.710479788221,2328588
2024-01-19,1630.417236328125,1633.8148139846246,1597.6227136748387,1600.281677039302,2836976
2024-01-23,1570.9833984375,1622.5879439189223,1564.1389537000575,1594.4221413759753,2772880
2024-01-24,1603.3837890625,1607.5201009907494,1551.089924231831,1570.7863042220763,2543323
2024-01-25,1610.6715087890625,1617.8114466910624,1579.551251769986,1606.830690563864,2038472
2024-01-29,1615.103271484375,1620.0273668242664,1600.330985464701,1610.6715856784729,3075670
2024-01-30,1595.75146484375,1634.3071532744655,1589.9410086193473,1624.9020836065383,2569098
2024-01-31,1626.4779052734375,1633.1254336776694,1584.6230968023472,1590.5320109394422,3154787
2024-02-01,1626.0841064453125,1676.7530018460573,1620.5691434424768,1634.061117236662,4065784
2024-02-02,1635.538330078125,1661.439120649448,1624.9515246899932,1629.8756202193567,3304158
2024-02-05,1677.6884765625,1686.8472212469842,1639.8221134076418,1651.245989907379,3525423
2024-02-06,1701.4227294921875,1703.7370303165237,1680.1013720924793,1684.9761785143187,2219874
2024-02-07,1694.87353515625,1725.4029248075246,1689.6539462580367,1705.1648458389263,1213661
2024-02-08,1660.3065185546875,1717.4260254540604,1650.1136650738376,1702.7521970519936,2550690
2024-02-09,1621.4061279296875,1664.0980102294684,1603.2854331431126,1660.4049387464913,2033950
2024-02-12,1635.24267578125,1649.6211294896705,1615.6448736713983,1628.8906412586125,1197925
2024-02-13,1621.7508544921875,1653.905222181695,1598.804521353143,1644.647898589314,2075130
2024-02-14,1631.8944091796875,1654.151295042834,1599.2476345431962,1606.2398255589096,4368695
2024-02-15,1738.2548828125,1757.8035165800657,1642.7766054037938,1655.5300840153252,9887134
2024-02-16,1807.6846923828125,1836.342903282045,1749.8757408320787,1760.8564975081842,7188957
2024-02-19,1820.4873046875,1828.2672790161287,1792.3706726965193,1808.1770665508482,2682236
2024-02-20,1825.5098876953125,1831.763464727696,1792.8631115789087,1809.5065778556216,1830562
2024-02-21,1831.418701171875,1861.0124403758111,1818.665222825991,1821.8167157972066,4466234
2024-02-22,1881.3489990234375,1887.8980695784494,1824.8696520234048,1842.5471054226798,3360123
2024-02-23,1900.6514892578125,1918.2797744056634,1872.2394835323953,1897.1061646992407,3323441
2024-02-26,1900.5037841796875,1921.3818992212118,1895.973520534701,1905.6247949733702,2436063
2024-02-27,1920.988037109375,1927.2416141057852,1885.977791607163,1896.761512242546,2821465
2024-02-28,1872.7811279296875,1923.4993078524608,1868.250984446038,1922.317452889009,2010429
2024-02-29,1903.064453125,1921.2836064773126,1863.8194360284535,1873.9630006294358,5539065
2024-03-01,1942.9986572265625,1952.206811331151,1901.193137488317,1904.2460524380012,3384932
2024-03-04,1891.88671875,1944.968370343756,1889.9170806139148,1937.1391068396863,1645331
2024-03-05,1909.810302734375,1938.1238498291866,1893.8562825452088,1895.7766315656424,2208384
2024-03-06,1940.733642578125,1949.8432185918493,1892.8221727976443,1915.4730104533912,1673183
2024-03-07,1868.743408203125,1902.8181227752868,1855.6945559876153,1900.848484705021,18323831
2024-03-11,1865.5919189453125,1884.6481432703602,1844.8615503440096,1883.9588180312358,3250782
2024-03-12,1866.3798828125,1869.531255746691,1848.1607300344995,1863.2776787014602,3186510
2024-03-13,1825.55908203125,1872.5350243167215,1816.2525898043596,1867.216977236853,4270994
2024-03-14,1861.8497314453125,1866.8229955933207,1816.5972232777083,1825.5590527258835,2388133
2024-03-15,1772.181884765625,1853.5279144491378,1761.6443689919804,1846.535723220643,5504948
2024-03-18,1827.87353515625,1839.0512078764998,1773.7084847595386,1780.5036403628405,3404076
2024-03-19,1815.907958984375,1836.6876179103276,1799.0675764507234,1827.8735350694242,2189225
2024-03-20,1816.4002685546875,1830.8278915907963,1792.912358401855,1823.8355802055944,1550415
2024-03-21,1837.524658203125,1846.5357768375268,1816.9912044081264,1831.7142015819084,2072960
2024-03-22,1850.278076171875,1876.523407637306,1819.2069871088088,1837.5245973651308,3786990
2024-03-26,1835.6534423828125,1888.3905512356087,1832.8467320997686,1849.6871140152023,4092744
2024-03-27,1852.5924072265625,1871.057764685927,1827.134858452686,1841.5131927509437,4196597
2024-03-28,1892.1820068359375,1933.1504541717854,1841.9562366353764,1852.5923301764794,3790854
2024-04-01,1886.864013671875,1934.036870283092,1863.0807297514152,1908.5793218447473,2765845
2024-04-02,1942.0137939453125,1947.479587524345,1872.5840539096785,1886.8639295198443,3431715
2024-04-03,1959.1005859375,1972.8880526493629,1926.5029791807171,1937.1390730167363,3615370
2024-04-04,1972.297119140625,1984.4104418851553,1933.3967655652089,1968.6533366394171,3007920
2024-04-05,1982.736328125,1996.6714221179218,1962.0058381294218,1965.0587532744428,2767027
2024-04-08,2046.5526123046875,2055.317405882918,1986.2816128911861,1987.364889828332,2781568
2024-04-09,2059.157958984375,2066.7903062642426,2038.6739160516756,2063.1958130739067,2853137
2024-04-10,2044.6812744140625,2076.589556064624,2038.5754443584076,2066.593498393277,2280814
2024-04-12,2039.5108642578125,2055.8096668289986,2020.5038094309232,2052.3628003217405,4008660
2024-04-15,2022.276611328125,2052.2643030348668,2004.1067481114756,2024.049333688506,2024919
2024-04-16,2000.462890625,2042.2684092519355,1996.9667350744362,2015.9737899357742,1981730
2024-04-18,1994.2093505859375,2055.317422667299,1985.8876774358453,2000.4630479259133,3539862
2024-04-19,2051.279541015625,2055.317395369052,1967.8654140245067,2003.1219847535467,3253248
2024-04-22,2058.911865234375,2100.619048469854,2033.6513525973976,2092.2973755255125,2449171
2024-04-23,2031.287841796875,2081.9074441226217,2025.6251323343843,2064.1807014574338,2886136
2024-04-24,2027.2008056640625,2059.1090884082537,2021.7843006745654,2023.803227893884,1929834
2024-04-25,2065.01806640625,2081.858329085082,2010.9021836722873,2028.727385687563,3084498
2024-04-26,2013.8564453125,2071.0744065376534,2007.8490733122433,2067.6768289932525,2952484
2024-04-29,2030.7462158203125,2036.950624061746,1970.6229633784926,2014.4474120893087,2724604
2024-04-30,2123.614501953125,2136.0723658661677,2041.5790328996163,2041.5790328996163,5745143
2024-05-02,2151.977294921875,2170.541230567572,2132.2318649132335,2132.2318649132335,3347541
2024-05-03,2159.708251953125,2176.45017638687,2139.371834035285,2176.45017638687,3859227
2024-05-06,2191.173095703125,2205.9946704822955,2156.753718016173,2167.045028994725,2111447
2024-05-07,2158.23095703125,2202.9416459130557,2131.985625413572,2202.055404938113,1727823
2024-05-08,2149.26904296875,2161.6778594289585,2127.209191966538,2158.427908409919,1993202
2024-05-09,2178.96142578125,2222.4903794769825,2151.829613008622,2152.3713115701594,3998822
2024-05-10,2159.75732421875,2197.771192798124,2149.8598453276973,2178.271969232853,3045912
2024-05-13,2151.091064453125,2174.529806523734,2127.209201885659,2174.4805174831176,2575573
2024-05-14,2235.440673828125,2245.7322252867993,2141.9814418053866,2141.9814418053866,3830189
2024-05-15,2267.348876953125,2281.973295133852,2221.7517082579507,2246.6676775411493,2569084
2024-05-16,2335.74462890625,2357.5582751295924,2251.493309394092,2284.238543466458,7444517
2024-05-17,2476.426025390625,2519.1177860180997,2388.530927091648,2388.530927091648,9796445
2024-05-21,2484.353515625,2498.4364751933313,2429.5484352991753,2465.0019187490216,3747292
2024-05-22,2482.7783203125,2496.516499114245,2452.199638183223,2483.418356574427,2974921
2024-05-23,2569.58984375,2577.665311956656,2462.293855229622,2481.7440316682923,4715263
2024-05-24,2540.5869140625,2565.453594779654,2533.3483979572375,2550.4843934843134,2919241
2024-05-27,2510.40234375,2550.4351420739204,2502.425213248318,2541.965602045822,3328559
2024-05-28,2514.046142578125,2542.753521981959,2509.318963006786,2511.2886011253154,1549203
2024-05-29,2495.1865234375,2508.3339530518424,2462.638448353327,2472.1418553782437,2720451
2024-05-30,2455.646240234375,2493.0200741675185,2440.3815453381917,2479.7743063606,3367101
2024-05-31,2468.202880859375,2530.19719540596,2457.271292624771,2479.5283005620713,8769724
2024-06-03,2594.01318359375,2614.0543459353344,2531.37860052687,2535.9581530272917,2701157
2024-06-04,2533.8408203125,2598.937455247842,2411.033933700843,2594.259564792205,6372249
2024-06-05,2699.33984375,2711.8962871805334,2532.7577904119985,2533.840947153239,4242881
2024-06-06,2658.86376953125,2719.971598344896,2630.3530661021664,2703.3282528164086,4992660
2024-06-07,2814.0712890625,2824.067347187593,2627.842141522748,2627.842141522748,6447821
2024-06-10,2764.9287109375,2842.187715619287,2757.493279187111,2817.567239912259,2021106
2024-06-11,2792.503662109375,2811.6583442486503,2770.6897762287717,2778.174497066705,2298974
2024-06-12,2745.232421875,2805.3556736424357,2739.8159170389126,2792.5037368081244,2580846
2024-06-13,2818.256591796875,2835.3925873116177,2746.315513013741,2806.734257143888,2492637
2024-06-14,2884.14111328125,2901.2768682642704,2821.5065266724832,2831.354716992457,3515019
2024-06-18,2916.935546875,2967.7523077508945,2911.765246687281,2919.9885822072015,4887512
2024-06-19,2889.3115234375,2931.806370115794,2882.0237180620616,2929.83673197665,3512298
2024-06-20,2827.612548828125,2909.8942326325514,2813.923659526413,2900.3415354595736,4024418
2024-06-21,2796.8369140625,2876.5579709549406,2782.1632058608006,2840.9568571842437,8400461
2024-06-24,2871.535400390625,2879.5615793802335,2770.345244190196,2793.439202554911,2699784
2024-06-25,2865.232421875,2902.2617139924455,2847.1611367322216,2876.8533346463296,1910886
2024-06-26,2808.21142578125,2868.7285062632977,2801.4162707405717,2862.9181702392007,3282318
2024-06-27,2845.0927734375,2860.8991663158863,2750.648728458151,2798.8555699379513,6900180
2024-06-28,2823.13134765625,2852.0358820684874,2811.658302246385,2811.658302246385,2548169
2024-07-01,2832.19189453125,2850.115552732996,2795.1626029480753,2797.870855271904,1718501
2024-07-02,2821.654052734375,2847.1117199774294,2806.734141105387,2846.323816693061,1507890
2024-07-03,2834.260009765625,2851.051223086909,2821.605228908212,2827.4155652789345,1019710
2024-07-04,2858.732666015625,2877.641142892323,2841.252128614414,2846.126934619717,1502213
2024-07-05,2857.6416015625,2862.998466472152,2817.365088281674,2862.998466472152,1966103
2024-07-08,2828.624755859375,2895.338771436734,2824.8053435915176,2857.6416325231335,1631998
2024-07-09,2902.18359375,2916.5680279012136,2814.6369514158905,2832.5927902342946,2902129
2024-07-10,2710.225830078125,2906.647760662118,2676.3975118218455,2906.647760662118,14481615
2024-07-11,2676.54638671875,2735.9688823290912,2669.552527310803,2735.9688823290912,4314565
2024-07-12,2682.3994140625,2700.603261060401,2665.7332619714625,2668.2133369196877,3398732
2024-07-15,2709.283447265625,2717.1700369404543,2686.5164083194895,2701.1488501029403,2017720
2024-07-16,2734.778564453125,2744.7981638252827,2718.162062791897,2732.992862104299,1925983
2024-07-18,2796.978759765625,2803.4269543614964,2714.689924861889,2734.034508649503,4122844
2024-07-19,2727.387939453125,2797.4747572444453,2721.1381024449315,2797.4747572444453,2042568
2024-07-22,2782.39599609375,2796.532422849909,2703.2816077566517,2729.1240363358197,2208103
2024-07-23,2798.86376953125,2831.749465181179,2721.5348419127736,2801.4925519956732,2572524
2024-07-24,2783.14013671875,2807.8415865898132,2741.6235847626963,2800.500661542339,2276082
2024-07-25,2788.992919921875,2804.468684105085,2759.628978556941,2777.4855177553463,1857122
2024-07-26,2864.7841796875,2874.3075220290307,2767.763600728381,2799.1118444819404,2352661
2024-07-29,2909.623779296875,2921.5281384348095,2852.5820584276044,2876.8867916675545,2388937
2024-07-30,2898.810791015625,2926.488329525416,2881.450267026915,2921.5281798143556,2290006
2024-07-31,2884.624755859375,2955.8525551728085,2850.0524149985067,2913.5919821493057,4238740
2024-08-01,2805.857421875,2903.175657131394,2797.6237670218666,2903.175657131394,4971708
2024-08-02,2727.735107421875,2787.9018703594743,2712.0612276673046,2787.9018703594743,3041513
2024-08-05,2657.5986328125,2707.448138675949,2614.7926365957437,2658.293005350739,3731770
2024-08-06,2611.96533203125,2726.842454117056,2604.7731145533608,2666.874289240377,3069277
2024-08-07,2659.483642578125,2683.193061988776,2639.791750791065,2676.0008447045843,2479171
2024-08-08,2661.566650390625,2694.8493029577785,2635.3275071994617,2639.295626916683,2673182
2024-08-09,2727.239013671875,2742.9627851045575,2683.440988682759,2712.209856953295,2279076
2024-08-12,2695.990234375,2735.0267117783114,2687.111614308192,2727.239179395318,2321474
2024-08-13,2696.38720703125,2716.8228798438963,2682.5484368824914,2696.43685697053,1292521
2024-08-14,2723.370361328125,2749.857513926392,2693.659111225326,2707.051516244151,2609359
2024-08-16,2817.8115234375,2822.3749582480204,2754.0239469407784,2766.7716291304046,4376092
2024-08-19,2743.111572265625,2837.1064118408203,2738.002714802525,2837.1064118408203,2500718
2024-08-20,2749.212646484375,2761.0177060011893,2726.5943152050722,2757.5952511156265,1762399
2024-08-21,2747.32763671875,2758.7856310387847,2733.0425023683247,2751.891071350175,1497501
2024-08-22,2711.168212890625,2753.6271433380057,2702.3392431826874,2749.014300932306,2346622
2024-08-23,2737.0107421875,2746.9310420866937,2703.5793799661824,2711.1683125111367,1943539
2024-08-26,2770.839111328125,2776.6919914955047,2731.1579110209364,2742.9133212950455,2765969
2024-08-27,2758.636962890625,2777.683889695287,2751.8414607825516,2775.6501798370828,1604159
2024-08-28,2775.699951171875,2804.4688212876663,2758.637083542164,2759.728171229661,1851275
2024-08-29,2735.621826171875,2779.3205507418925,2719.7987550653484,2767.118776384046,2237121
2024-08-30,2783.040771484375,2799.0622007622155,2742.962857710759,2757.8433072100943,4895220
2024-09-02,2754.8671875,2826.094986771696,2734.530573404303,2826.094986771696,2270687
2024-09-03,2762.65478515625,2775.7991823839957,2750.502417907957,2757.8433428779776,1592710
2024-09-04,2727.685791015625,2757.7441063274014,2709.333235974329,2738.9948361631423,1697000
2024-09-05,2701.39697265625,2738.0027825449547,2690.286042971224,2734.2330201300224,2360312
2024-09-06,2676.59619140625,2717.070820917417,2658.739651729622,2701.2976410809906,2835519
2024-09-09,2687.260498046875,2692.667012978482,2638.8493867668367,2666.7252837826136,1269082
2024-09-10,2668.560546875,2693.3612954519053,2655.664157615009,2669.8005843038454,2034126
2024-09-11,2633.095458984375,2686.4170680718426,2623.0264520067117,2660.1282747543005,2034245
2024-09-12,2719.054931640625,2729.669846402413,2614.5943663381445,2643.7599514765034,3730285
2024-09-13,2717.269287109375,2736.564220872597,2690.1371715564014,2733.042466170512,2102332
2024-09-16,2735.42333984375,2762.1090913287017,2710.275525444641,2718.360472814659,1234752
2024-09-17,2765.43212890625,2771.2356008566667,2723.4198068179862,2742.962747939389,1387175
2024-09-18,2785.818603515625,2825.301446038983,2755.512038511881,2759.3314508979747,2526756
2024-09-19,2775.203857421875,2829.2694911053395,2769.946050110941,2789.588292071604,2807727
2024-09-20,2927.331787109375,2936.4087646220855,2776.1959215523334,2776.3942791109785,12492909
2024-09-23,3025.492919921875,3032.5361870869665,2932.589171937808,2939.1366663341864,3925490
2024-09-24,3049.7978515625,3073.854578858387,2995.93057458058,2995.93057458058,3697722
2024-09-25,3066.414306640625,3123.9023953274877,3010.364612980414,3020.731277793649,4218815
2024-09-26,3155.74658203125,3171.718118966089,3021.375931070653,3047.5160172239202,4753617
2024-09-27,3158.276123046875,3196.4198692208993,3127.424136238795,3145.7270407807223,6803795
2024-09-30,3070.2333984375,3153.6632141935884,3062.396458702613,3137.9394425924897,3554400
2024-10-01,3140.270751953125,3160.0617006714733,3071.126314083089,3080.74895599129,4028211
2024-10-03,3104.905029296875,3145.7269647748267,3047.9623649708187,3060.4123892558628,3237011
2024-10-04,2993.40087890625,3132.4340289017414,2985.514288835084,3102.127463923846,4281562
2024-10-07,3035.81005859375,3042.5062608754542,2959.126093654679,3003.8667420740658,2732276
2024-10-08,3140.6181640625,3151.579901428586,3041.563875100811,3049.5001148271017,6060165
2024-10-09,3127.870361328125,3178.7615450465446,3119.9341219083262,3139.5763629112894,2432656
2024-10-10,3168.84130859375,3194.6340872194346,3129.854483232118,3130.84651317926,2507231
2024-10-11,3109.369140625,3184.912123709856,3096.1254440425046,3174.4958093354744,1652856
2024-10-14,3129.755126953125,3148.7029954799664,3090.173229653464,3125.886307106923,2425178
2024-10-15,3130.648193359375,3167.5020094619276,3061.950118691862,3151.679180053283,2245701
2024-10-16,3043.5478515625,3122.8109467770937,3027.8240801580882,3112.9899472630786,1972106
2024-10-17,2940.97216796875,3040.86953825705,2928.670850931719,3030.6515810505507,3622197
2024-10-18,2940.624755859375,2965.0287893128716,2891.469623789534,2921.8754868316764,3407751
2024-10-21,2974.30419921875,2977.4786466748255,2869.843395233673,2936.16069541889,5059952
2024-10-22,2864.18896484375,2984.968617229165,2855.2606948522202,2981.050147171847,4195638
2024-10-23,2771.235595703125,2901.588230980345,2759.0832291209294,2853.226772132832,7913897
2024-10-24,2803.823974609375,2819.547504160087,2740.978779759051,2740.978779759051,3992102
2024-10-25,2699.164794921875,2802.5342676017467,2657.945901929289,2802.4846176651263,4532596
2024-10-28,2758.83544921875,2812.305769713308,2692.2701388771093,2708.2419188663025,2813985
2024-10-29,2725.007080078125,2775.650259458735,2681.010695380092,2739.986829790899,3156567
2024-10-30,2686.119384765625,2733.8857710651882,2647.7775249669007,2667.816481052345,5677865
2024-10-31,2706.803466796875,2730.066521530106,2650.307407531937,2686.1195447104064,3833325
2024-11-01,2795.193115234375,2818.257811765744,2757.8432841808585,2757.8432841808585,1061709
2024-11-04,2860.96484375,2948.065125387942,2782.148109413808,2782.148109413808,7559263
2024-11-05,2876.34130859375,2884.823213454667,2799.6079341167238,2852.5822387513394,3562624
2024-11-06,2911.16162109375,2930.2581981749395,2862.403202346185,2886.8072366889055,2902347
2024-11-07,2868.305908203125,2948.8586921364476,2835.171962378425,2948.0650197332257,4251557
2024-11-08,2951.18994140625,2967.1120712981915,2828.5255291464473,2886.8072914743225,4455563
2024-11-11,2907.2431640625,2985.613532692672,2866.0242698439965,2938.740116011968,2628672
2024-11-12,2875.448486328125,2922.4209595736393,2857.046282148242,2907.838167614137,2414528
2024-11-13,2776.642333984375,2871.9268644011395,2760.7202039655695,2853.0782943066242,3949602
2024-11-14,2784.826416015625,2819.7458216764066,2714.4419397847905,2792.564298033508,2478112
2024-11-18,2824.2099609375,2851.7884419196735,2777.733503209442,2821.3331709673917,2405351
2024-11-19,2925.44677734375,2974.105896572196,2822.3253087884914,2822.3253087884914,5230405
2024-11-21,2912.847900390625,2950.297030485047,2894.7433540535867,2938.888686217872,3821808
2024-11-22,2988.9365234375,3039.0836847420433,2873.6130442955828,2920.536108333793,4827125
2024-11-25,3021.32666015625,3124.547187739079,2998.3113704363586,3050.4922452327405,6299837
2024-11-26,2961.40771484375,3043.6471418088117,2928.9683843937446,3029.1634078734287,2144702
2024-11-27,2980.851806640625,3045.5321145098164,2962.2512440520063,3001.8331443626566,3593911
2024-11-28,2875.59716796875,2976.0402004182206,2868.9506157419205,2971.129700604098,4457143
2024-11-29,2942.460205078125,2967.806377177945,2879.8630167914685,2879.8630167914685,3542836
2024-12-02,2992.359130859375,3002.1307230274538,2938.2934970204665,2960.217456427566,2318823
2024-12-03,3003.17236328125,3017.457497907875,2963.8382298285637,3017.457497907875,2308865
2024-12-04,3007.5869140625,3027.5268136855943,2979.066051927002,2979.066051927002,3364025
2024-12-05,3047.119384765625,3074.3009093514693,2992.012070913794,3025.6417903724314,3797063
2024-12-06,3048.508056640625,3074.3008355122997,3041.514197007612,3050.9881315321322,2688767
2024-12-09,3026.931396484375,3048.5080479791836,3015.7710595043013,3038.984463544929,1879542
2024-12-10,3042.45654296875,3056.6922695645653,2981.347643642983,3023.657623940532,2061909
2024-12-11,3047.565673828125,3090.1733119862115,3023.50894740255,3027.6754247775016,2409385
2024-12-12,3043.002197265625,3061.4044011293927,3020.731173505833,3060.214013637909,1958999
2024-12-13,3056.841064453125,3068.448008902681,2976.0899214620486,3026.683450126903,2467964
2024-12-16,3060.263671875,3067.5052967156726,3015.7710319759826,3064.777214367668,2300493
2024-12-17,3017.259033203125,3069.0925970646617,3003.8666291432064,3030.750737134003,2564201
2024-12-18,3026.8818359375,3037.595808193738,3000.444333766322,3001.9820286790614,2014105
2024-12-19,2990.623046875,3020.731253288993,2946.825020655157,2982.042084527656,2372390
2024-12-20,2883.186279296875,3000.890533424168,2863.345680728781,2990.622926787257,8046336
2024-12-23,2886.11279296875,2918.9488391219534,2868.0578962489317,2894.7434051276664,2142508
2024-12-24,2905.358154296875,2926.6867988691497,2877.680614729851,2886.2119272418695,1858546
2024-12-26,2951.933837890625,2960.6637499311414,2900.0508650145143,2901.6876175618804,2162163
2024-12-27,3025.145751953125,3039.5798364955513,2954.3149087769457,2963.39188614965,2290315
2024-12-30,2978.966796875,3020.334641724635,2967.2113866652467,3003.916496748452,2336275
2024-12-31,2983.13330078125,2994.839060204899,2947.519280960648,2970.53432690849,1536411
2025-01-01,3057.436279296875,3062.3467790676855,2971.328031947151,2983.1333335663185,1686613
2025-01-02,3185.507568359375,3202.3720780336876,3060.4621408352887,3075.292940609911,4298090
2025-01-03,3165.121337890625,3211.2507324964145,3150.389595638589,3189.376422744382,2257218
2025-01-06,3080.947509765625,3209.217036671877,3065.4719871467905,3184.0195716544536,2657204
2025-01-07,3084.072509765625,3106.3435344467307,3057.188400346321,3085.213247368235,1978328
2025-01-08,3061.503662109375,3110.013828780857,3032.635494284874,3110.013828780857,2715102
2025-01-09,3101.581787109375,3132.7314321521985,3060.7598495911584,3079.06275460563,2434207
2025-01-10,3068.199951171875,3124.497651264405,3030.6515203996364,3085.2131680664056,2341303
2025-01-13,2975.74267578125,3042.40728515983,2969.5921382550227,3029.3122954780797,2207294
2025-01-14,3025.1953125,3053.914530923433,2975.742522941923,2976.089830300049,2851530
2025-01-15,2936.65673828125,3039.5301984174966,2927.4804609975404,3032.7349383945593,2440803
2025-01-16,2956.8447265625,2973.5106368724996,2921.5283615450107,2954.4140592970352,2598449
2025-01-17,2894.0986328125,2946.6762194594685,2879.962206214023,2946.279262167889,2002830
2025-01-20,2865.081787109375,2912.550274761421,2854.3678152416883,2886.807146073031,2905527
2025-01-21,2798.814208984375,2883.83112916227,2786.5128920123034,2876.9862192320716,3381309
2025-01-22,2803.923095703125,2829.1702103197313,2783.4874233797523,2825.3013902657644,3133157
2025-01-23,2863.44482421875,2876.2915637376304,2787.60418235832,2803.923026730672,2650506
2025-01-24,2779.07275390625,2872.9188890808114,2767.7637087484336,2852.0862590149627,2665366
2025-01-27,2809.0322265625,2824.210091707678,2732.199309807606,2750.204799507101,2022141
2025-01-28,2847.721435546875,2901.6877710606364,2761.8115400454058,2812.405070412617,2432787
2025-01-29,2901.04296875,2910.1199461886313,2833.5352801753156,2860.9648122430553,1808565
2025-01-30,2947.767333984375,2984.9188070153195,2895.7354117665523,2901.042868854463,3055352
2025-01-31,2966.02099609375,3025.5427961683185,2931.5479535505624,2946.3291036911505,2412370
2025-02-01,3052.228271484375,3074.2512888216206,2966.169669858871,2966.169669858871,2674573
2025-02-03,3148.0087890625,3162.5419314150686,3020.4832864883597,3032.2389386482932,3664084
2025-02-04,3163.63330078125,3244.4837452916513,3112.8414135277903,3199.2967306263213,3862456
2025-02-05,3153.415283203125,3192.997182329855,3116.958181619888,3163.6332403851457,2264208
2025-02-06,3114.924560546875,3155.498733000355,3096.373647923391,3144.7351105861917,2341341
2025-02-07,3172.958251953125,3194.2868965961334,3085.213248360736,3142.7509873976887,4790111
2025-02-10,3112.24609375,3244.880455298883,3103.863488752934,3183.622603266351,3852783
2025-02-11,3061.354736328125,3128.8624219949743,3046.6232370772786,3121.769504821768,2470280
2025-02-12,2963.391845703125,3050.492124560431,2931.54782932948,3044.093579762511,4609887
2025-02-13,2954.26513671875,3022.715202008741,2947.370577132125,3000.8408935749344,2481783
2025-02-14,2919.1474609375,2995.9304830625683,2883.8807473750685,2975.0978538757095,1959802
2025-02-17,2809.379150390625,2931.4484833918077,2769.995610067944,2917.3617066313914,4773279
2025-02-18,2767.813232421875,2822.3252301684147,2733.9352640433867,2821.333200210535,2301836
2025-02-19,2735.42333984375,2760.472096562841,2706.2577556309325,2728.082414950537,2671072
2025-02-20,2816.8193359375,2821.8291355223178,2668.6101612924717,2723.2214573709143,3799854
2025-02-21,2648.0751953125,2792.7626155477847,2632.2027164037945,2792.7626155477847,8940621
2025-02-24,2687.607421875,2695.14694617592,2610.179437861698,2647.7278673659985,6167313
2025-02-25,2755.71044921875,2781.602285180946,2706.406367739902,2718.162019336489,4916248
2025-02-27,2704.8193359375,2817.365086463056,2681.9529969200253,2814.3889965829894,2669767
2025-02-28,2564.496826171875,2677.488945249453,2551.699493973278,2673.6201251631455,7549863
2025-03-03,2591.0830078125,2674.463176068161,2574.317798028891,2592.9680100913397,4340806
2025-03-04,2592.521484375,2606.360253299035,2529.6762921604645,2540.5886212639016,1984876
2025-03-05,2704.868896484375,2715.0866109790786,2621.5877903369205,2640.7340163715703,3665710
2025-03-06,2720.54296875,2744.7982959490487,2673.520843738065,2726.0984336149177,3706264
2025-03-07,2706.109130859375,2743.905328521271,2686.5165383703697,2699.6112859240566,1886774
2025-03-10,2681.060302734375,2712.854669622974,2643.859178735405,2673.520778059323,2520931
2025-03-11,2624.5146484375,2663.6005333147295,2592.3230813832943,2663.352525816283,3616140
2025-03-12,2632.153076171875,2656.6561671385602,2615.0902097210746,2624.514494107862,3447155
2025-03-13,2622.43115234375,2664.939732247182,2597.432046237956,2655.763455281349,2446428
2025-03-17,2683.58984375,2705.31544595459,2613.99903648766,2613.99903648766,2527623
2025-03-18,2683.58984375,2683.58984375,2683.58984375,2683.58984375,0
2025-03-19,2766.870849609375,2809.329538007949,2757.396915082217,2772.723729477036,2438912
2025-03-20,2805.56005859375,2824.3093281726065,2778.675949494721,2781.4040319156816,2354374
2025-03-21,2779.519287109375,2869.9427226081257,2759.0833727113204,2816.4724037416436,3824316
2025-03-24,2752.58544921875,2799.6572218284987,2687.805845153216,2792.8619619992596,5395134
2025-03-25,2714.194091796875,2780.114437144424,2703.3314116886268,2752.5856045247733,3576766
2025-03-26,2720.394287109375,2772.7238699865816,2715.2357795111557,2729.372207113055,3111504
2025-03-27,2711.2177734375,2729.074312011183,2674.0663013439935,2713.2018332790203,4325599
2025-03-28,2644.553466796875,2717.8643826043176,2613.9988961561635,2713.995562709942,6074446
2025-04-01,2616.875732421875,2706.257728621197,2602.243290524088,2631.657124130426,3300417
2025-04-02,2616.528564453125,2638.7995877225744,2604.3761979307183,2610.1300199068187,2243574
2025-04-03,2590.63671875,2631.2602991825,2579.5260310873678,2586.966256155402,2361203
2025-04-04,2575.85546875,2610.52686778552,2536.6702849090243,2594.108723332173,3598415
2025-04-07,2471.39453125,2504.5282336069004,2405.672549234822,2405.672549234822,3937471
2025-04-08,2503.536376953125,2529.676463958626,2434.4415853154774,2489.995264523981,4253527
2025-04-09,2502.990966796875,2551.451486533107,2495.8978070453895,2519.756176764347,3347213
2025-04-11,2559.78466796875,2583.24608022962,2511.869571267462,2528.684431069624,3600209
2025-04-15,2624.911376953125,2668.560696902459,2585.230176999185,2585.230176999185,3287861
2025-04-16,2613.602294921875,2643.7599095829037,2597.432157730115,2638.799759658733,3070954
2025-04-17,2658.044921875,2661.4179689847347,2581.658616566358,2611.0227996408507,2638979
2025-04-21,2741.970703125,2751.891002340358,2644.6524709444143,2678.3814882766324,3120955
2025-04-22,2794.647705078125,2799.5085550179124,2734.0345774731986,2742.9628471383867,3193757
2025-04-23,2894.545166015625,2899.703673547391,2803.476764093373,2807.444884070858,3906215
2025-04-24,2878.275634765625,2904.6637286318046,2842.165841028046,2894.5450714587305,2488496
2025-04-25,2841.3720703125,2916.1712721735707,2808.5360250244426,2878.2755351818114,2299310
2025-04-28,2907.2431640625,2921.528298934882,2859.3280674610387,2895.6362195095176,1864672
2025-04-29,2886.410400390625,2945.8328967146576,2878.6725184462334,2926.4883129510827,2051228
2025-04-30,2905.45751953125,2925.397177263029,2863.9906169910637,2885.616919482819,2689753
2025-05-02,2893.94970703125,2976.089834913834,2887.005497416451,2926.48833766527,2868096
2025-05-05,2997.41845703125,3019.7391306315158,2914.2862998055202,2925.396986669802,4049197
2025-05-06,3043.944580078125,3134.516962308668,3031.643505663436,3125.489635144685,5683215
2025-05-07,3095.0341796875,3100.0936293685554,2997.815243470502,2997.815243470502,2942902
2025-05-08,3008.92626953125,3111.998088956338,2984.5222348183433,3102.4745041428077,3323894
2025-05-09,2958.332763671875,3032.735013767293,2931.4486537594676,2937.996148645794,2308852
2025-05-12,3079.955322265625,3087.3955468542435,3009.521196160035,3020.4335255566752,2166730
2025-05-13,3029.461181640625,3086.205247688247,3010.8109696990773,3025.691419302203,2681662
2025-05-14,3077.07861328125,3085.213210606587,2993.9464532510224,3013.291037690517,2236302
2025-05-15,3119.23974609375,3145.4292392734196,3048.507963900762,3060.4123230178493,3590003
2025-05-16,3110.609375,3124.398495166941,3090.173460055571,3110.0140601201333,2269659
2025-05-19,3103.06982421875,3131.8386940724404,3078.864389219781,3090.173434284337,2011149
2025-05-20,3039.083740234375,3110.311538811685,3024.798605886781,3103.2680293156227,2667772
2025-05-21,3066.06689453125,3107.037779591259,3023.8065643019713,3038.587713565781,1395136
2025-05-22,2982.33984375,3065.174348925289,2956.7454212568737,3052.0796013365434,3870830
2025-05-23,2988.688720703125,3006.6445605098133,2960.4158658153005,2995.9305881133573,1828093
2025-05-26,3055.650634765625,3076.284906375374,3003.5690618585927,3013.787018886935,2164190
2025-05-27,3015.57275390625,3060.4124601508584,2990.573647079151,3055.6506678516926,2599143
2025-05-28,2973.907470703125,3020.5328789513123,2969.1456784430707,3015.4734292634766,1491995
2025-05-29,2985.01806640625,3004.759365181861,2963.391765442311,2975.097767082866,2093429
2025-05-30,2953.074951171875,2993.351223837699,2933.432708741338,2981.0501487209067,3700191
2025-06-02,3001.783447265625,3014.283122006738,2938.6904852731127,2953.0749201156655,2967741
2025-06-03,3022.21923828125,3040.3734347788195,3002.8746542843737,3017.7551035127403,3204094
2025-06-04,3029.064208984375,3062.39651280439,3015.870404158985,3020.8305540015576,1584653
2025-06-05,3017.3583984375,3070.332700988586,2970.931348251763,3053.468191807066,3504632
2025-06-06,3081.740966796875,3088.089861448809,3002.8745876369358,3017.358321442344,2028071
2025-06-09,3062.793212890625,3115.966115820114,3053.4682281102546,3105.0537862199794,1364639
2025-06-10,3043.052001953125,3082.137886779174,3035.413419449941,3077.277036693918,1787253
2025-06-11,3056.146728515625,3099.10167533552,3051.4842360217863,3060.4125058931113,1749787
2025-06-12,2995.13671875,3069.340606015715,2983.034002032726,3063.388426430681,2278398
2025-06-13,2982.0419921875,2994.44236640651,2908.631776810961,2908.631776810961,2003184
2025-06-16,2999.501953125,3020.731297880782,2964.2848887326295,2977.0819786339007,1673726
2025-06-17,2983.232421875,3018.747142579605,2970.1376749534465,3018.747142579605,1455355
2025-06-18,3016.8623046875,3050.3927224287986,2962.7966737231704,2976.0897778529916,2161043
2025-06-19,3070.13427734375,3082.13769418589,3010.0171666776564,3013.78692885251,2482920
2025-06-20,3159.02001953125,3177.4718731499124,3065.67014821891,3075.292790123237,8315834
2025-06-23,3110.013916015625,3159.0200990264307,3097.8118991023425,3138.386069671237,1731432
2025-06-24,3124.99365234375,3190.9636442292385,3111.79960552769,3129.9538021095764,2834887
2025-06-25,3189.872314453125,3199.792613984934,3135.310667028177,3154.655251115204,2078771
2025-06-26,3190.169921875,3212.192938051462,3158.1273064505344,3200.189278928195,2907261
2025-06-27,3177.76953125,3215.6650262329417,3161.6986947822907,3179.4559336963066,5098406
2025-06-30,3157.829833984375,3194.138228706202,3135.806816518025,3179.852851450725,2083572
2025-07-01,3150.786376953125,3192.352334398161,3142.94919514098,3162.5914363148963,1407074
2025-07-02,3139.97314453125,3177.1742675997393,3128.5648001235795,3142.7508768259927,1559309
2025-07-03,3149.099853515625,3195.3285471955746,3139.5765110793095,3139.973226191099,2102806
2025-07-04,3162.5,3177.0,3134.10009765625,3161.10009765625,968006
2025-07-07,3160.199951171875,3173.0,3152.10009765625,3162.5,853459
2025-07-08,3157.89990234375,3168.0,3123.0,3150.0,1513129
2025-07-09,3176.300048828125,3189.0,3141.0,3145.0,1245661
2025-07-10,3162.39990234375,3192.60009765625,3137.60009765625,3172.10009765625,1701384
2025-07-11,3073.199951171875,3162.39990234375,3062.39990234375,3158.0,3041614
2025-07-14,3092.10009765625,3104.800048828125,3053.60009765625,3072.800048828125,2958843
2025-07-15,3128.60009765625,3148.300048828125,3082.89990234375,3086.10009765625,2826720
2025-07-16,3196.5,3210.0,3082.39990234375,3128.60009765625,2892812
2025-07-17,3195.0,3238.0,3171.0,3186.300048828125,3267180
2025-07-18,3192.39990234375,3252.0,3176.699951171875,3208.0,2040381
2025-07-21,3246.699951171875,3253.60009765625,3152.800048828125,3177.0,2436535
2025-07-22,3257.199951171875,3271.89990234375,3210.5,3246.699951171875,1854072
2025-07-23,3268.800048828125,3303.0,3248.0,3260.0,2159800
2025-07-24,3260.89990234375,3286.5,3243.699951171875,3255.0,1469406
2025-07-25,3246.39990234375,3259.0,3214.0,3256.0,1475856
2025-07-28,3209.800048828125,3256.89990234375,3199.199951171875,3246.39990234375,1939520
2025-07-29,3199.39990234375,3225.89990234375,3186.60009765625,3203.0,1824673
2025-07-30,3208.89990234375,3241.60009765625,3151.89990234375,3195.0,2199654
2025-07-31,3203.10009765625,3238.199951171875,3135.60009765625,3225.0,4465859
2025-08-01,3159.300048828125,3205.0,3116.699951171875,3205.0,3781457
2025-08-04,3200.199951171875,3223.0,3160.0,3170.0,2684012
2025-08-05,3212.199951171875,3222.0,3170.10009765625,3195.0,1805644
2025-08-06,3227.5,3240.10009765625,3178.60009765625,3212.199951171875,1866321
2025-08-07,3211.10009765625,3229.60009765625,3161.10009765625,3198.0,2374621
2025-08-08,3144.199951171875,3214.89990234375,3135.60009765625,3207.0,1721037
2025-08-11,3186.199951171875,3230.0,3130.300048828125,3150.89990234375,2046761
2025-08-12,3236.5,3253.0,3185.10009765625,3186.10009765625,3315978
2025-08-13,3282.199951171875,3300.0,3238.699951171875,3255.0,2436029
2025-08-14,3265.39990234375,3313.5,3262.0,3273.199951171875,1508721
2025-08-18,3383.10009765625,3432.0,3335.300048828125,3350.0,5787481
2025-08-19,3354.0,3403.89990234375,3338.10009765625,3400.0,2596242
2025-08-20,3395.60009765625,3404.199951171875,3335.0,3354.10009765625,2957816
2025-08-21,3375.10009765625,3410.0,3370.0,3410.0,1964795
2025-08-22,3403.0,3420.0,3375.39990234375,3380.0,2509867
2025-08-25,3398.89990234375,3429.0,3381.800048828125,3428.0,1859862
2025-08-26,3330.800048828125,3414.0,3318.10009765625,3395.0,3122442
2025-08-28,3295.300048828125,3375.0,3287.300048828125,3375.0,2936428
2025-08-29,3199.5,3280.0,3187.0,3271.0,3017625
2025-09-01,3315.39990234375,3324.89990234375,3191.10009765625,3191.10009765625,3525726
2025-09-02,3234.5,3330.0,3223.0,3325.0,3073407
2025-09-03,3286.0,3293.699951171875,3232.800048828125,3269.0,2672659
2025-09-04,3481.5,3550.0,3463.39990234375,3527.0,7600320
2025-09-05,3561.300048828125,3577.800048828125,3481.5,3511.0,3700943
2025-09-08,3561.300048828125,3561.300048828125,3561.300048828125,3561.300048828125,0
2025-09-09,3696.300048828125,3723.800048828125,3673.10009765625,3702.199951171875,2879258
2025-09-10,3604.39990234375,3708.89990234375,3591.39990234375,3702.0,2298202
2025-09-11,3595.699951171875,3647.89990234375,3580.0,3620.0,1949934
2025-09-12,3589.89990234375,3641.0,3582.0,3594.89990234375,2839264
2025-09-15,3530.300048828125,3603.39990234375,3526.60009765625,3590.0,2550444
2025-09-16,3608.0,3619.89990234375,3528.89990234375,3545.0,2465043
2025-09-17,3633.199951171875,3644.89990234375,3593.10009765625,3608.0,2237804
2025-09-18,3642.199951171875,3650.0,3603.300048828125,3636.10009765625,2480472
2025-09-19,3592.10009765625,3636.699951171875,3584.5,3601.0,4018342
2025-09-22,3584.800048828125,3616.60009765625,3569.300048828125,3600.0,1664133
2025-09-23,3614.60009765625,3679.199951171875,3606.800048828125,3610.0,2523224
2025-09-24,3574.89990234375,3626.300048828125,3568.0,3614.5,1320014
2025-09-25,3530.0,3584.10009765625,3521.800048828125,3579.89990234375,2106344
2025-09-26,3396.5,3547.5,3391.60009765625,3510.0,3046760
2025-09-29,3418.10009765625,3458.0,3405.0,3419.0,3175716
2025-09-30,3427.0,3454.0,3393.10009765625,3420.0,2611078
2025-10-01,3463.39990234375,3501.0,3415.5,3419.199951171875,2364844
2025-10-03,3462.0,3492.39990234375,3404.199951171875,3462.10009765625,2357702
2025-10-06,3472.0,3480.0,3425.10009765625,3462.0,1156082
2025-10-07,3492.800048828125,3521.39990234375,3465.10009765625,3468.10009765625,1508939
2025-10-08,3426.5,3509.699951171875,3422.60009765625,3500.0,1444911
2025-10-09,3442.89990234375,3475.0,3424.0,3450.0,1997853
2025-10-10,3454.89990234375,3473.89990234375,3395.699951171875,3425.0,1416272
2025-10-13,3459.699951171875,3470.0,3432.0,3432.0,1090517
2025-10-14,3459.800048828125,3487.10009765625,3428.0,3469.89990234375,1518505
2025-10-15,3497.199951171875,3500.0,3460.0,3461.0,1319445
2025-10-16,3560.800048828125,3573.199951171875,3498.300048828125,3503.0,2125552
2025-10-17,3647.199951171875,3656.0,3560.10009765625,3561.0,3339579
2025-10-20,3599.10009765625,3676.0,3593.0,3674.0,2827250
2025-10-21,3621.199951171875,3628.10009765625,3604.300048828125,3608.199951171875,286950
2025-10-23,3623.60009765625,3650.0,3600.0,3632.10009765625,3724956
2025-10-24,3625.0,3655.300048828125,3615.10009765625,3630.0,1654500
2025-10-27,3611.60009765625,3635.300048828125,3593.0,3626.800048828125,1440893
2025-10-28,3579.10009765625,3624.89990234375,3562.0,3605.0,2851093
2025-10-29,3534.699951171875,3583.5,3522.10009765625,3580.0,2526473
2025-10-30,3502.10009765625,3550.0,3496.0,3540.0,2103351
2025-10-31,3487.199951171875,3526.699951171875,3483.699951171875,3516.10009765625,1915577
2025-11-03,3548.89990234375,3590.0,3511.0,3511.0,1776510
2025-11-04,3581.199951171875,3632.800048828125,3537.199951171875,3548.60009765625,3494428
2025-11-06,3618.5,3674.699951171875,3586.300048828125,3625.0,4535984
2025-11-07,3690.199951171875,3718.0,3566.800048828125,3615.60009765625,2595934
2025-11-10,3663.89990234375,3715.800048828125,3645.10009765625,3690.199951171875,1620889
2025-11-11,3749.10009765625,3759.0,3670.0,3699.89990234375,3044040
2025-11-12,3754.300048828125,3781.0,3740.0,3761.0,1984901
2025-11-13,3699.5,3754.10009765625,3690.199951171875,3748.199951171875,1599079
2025-11-14,3698.60009765625,3716.800048828125,3660.5,3700.0,1847028
2025-11-17,3734.89990234375,3754.5,3682.300048828125,3710.0,2094008
2025-11-18,3694.800048828125,3732.699951171875,3688.0,3718.5,2613743
2025-11-19,3722.5,3746.5,3667.800048828125,3695.0,1626043
2025-11-20,3716.699951171875,3759.0,3711.10009765625,3744.800048828125,1815617
2025-11-21,3749.60009765625,3779.0,3726.0,3730.0,3184145
2025-11-24,3690.800048828125,3749.5,3677.199951171875,3745.10009765625,4059935
2025-11-25,3669.300048828125,3695.800048828125,3653.0,3687.0,1714176
2025-11-26,3686.39990234375,3708.0,3669.300048828125,3681.0,2116524
2025-11-27,3681.199951171875,3717.60009765625,3665.0,3701.5,1993274
2025-11-28,3757.300048828125,3768.89990234375,3690.10009765625,3692.0,2944457
2025-12-01,3741.60009765625,3795.0,3730.0,3790.0,1830158
2025-12-02,3716.5,3748.0,3705.5,3722.800048828125,2285922
2025-12-03,3649.39990234375,3740.0,3640.0,3736.0,2002476
2025-12-04,3671.60009765625,3678.199951171875,3620.199951171875,3675.0,1984001
2025-12-05,3717.10009765625,3721.5,3642.5,3659.300048828125,2393280
2025-12-08,3681.699951171875,3725.0,3671.60009765625,3720.0,1500195
2025-12-09,3635.89990234375,3674.39990234375,3604.5,3658.0,3901255
2025-12-10,3630.0,3694.89990234375,3626.199951171875,3660.0,1593915
2025-12-11,3665.199951171875,3669.10009765625,3615.89990234375,3623.39990234375,981456
2025-12-12,3679.60009765625,3695.0,3661.300048828125,3665.39990234375,1078982
2025-12-15,3608.0,3665.39990234375,3603.60009765625,3632.0,1704069
2025-12-16,3621.0,3633.5,3577.89990234375,3581.0,1394406
2025-12-17,3612.800048828125,3647.89990234375,3594.0,3647.89990234375,1209367
2025-12-18,3586.60009765625,3611.89990234375,3540.10009765625,3600.0,2446168
2025-12-19,3603.60009765625,3615.0,3560.0,3571.0,1647819
2025-12-22,3616.699951171875,3625.0,3576.89990234375,3600.0,1400786
2025-12-23,3625.10009765625,3637.5,3605.0,3619.199951171875,1413628
2025-12-24,3636.699951171875,3658.0,3612.10009765625,3624.60009765625,842897
2025-12-26,3623.10009765625,3647.0,3614.60009765625,3636.699951171875,829910
2025-12-29,3592.10009765625,3640.199951171875,3588.10009765625,3622.699951171875,1034692
2025-12-30,3660.300048828125,3666.0,3575.199951171875,3590.0,2063179
2025-12-31,3709.199951171875,3723.60009765625,3640.39990234375,3653.0,1868363
2026-01-01,3761.0,3774.0,3721.10009765625,3725.0,1498161
2026-01-02,3802.39990234375,3812.0,3743.199951171875,3759.89990234375,1478292
2026-01-05,3790.300048828125,3839.89990234375,3785.0,3805.89990234375,1574098
2026-01-06,3785.60009765625,3819.10009765625,3758.10009765625,3788.0,1299489
2026-01-07,3748.800048828125,3808.60009765625,3718.5,3800.0,1046776
2026-01-08,3724.0,3756.800048828125,3693.199951171875,3730.0,1261005
2026-01-09,3677.300048828125,3748.5,3667.10009765625,3712.10009765625,1235928
2026-01-12,3682.0,3717.0,3598.800048828125,3675.300048828125,1665237
2026-01-13,3661.5,3717.0,3631.5,3717.0,1700985
2026-01-14,3649.5,3682.0,3635.10009765625,3663.0,1573135
2026-01-15,3649.5,3649.5,3649.5,3649.5,0
2026-01-16,3658.199951171875,3729.89990234375,3650.10009765625,3650.10009765625,2089943
2026-01-19,3657.39990234375,3689.0,3614.0,3689.0,1715818
2026-01-20,3557.5,3677.5,3540.0,3646.0,1753439
2026-01-21,3553.300048828125,3586.699951171875,3517.10009765625,3543.0,1587467
2026-01-22,3573.699951171875,3620.0,3533.39990234375,3600.0,2107171
2026-01-23,3543.39990234375,3596.0,3534.800048828125,3573.699951171875,1922549
2026-01-27,3393.5,3497.699951171875,3344.10009765625,3437.199951171875,7139715
2026-01-28,3449.199951171875,3456.89990234375,3376.0,3379.0,3964878
2026-01-29,3384.39990234375,3479.60009765625,3321.0,3449.199951171875,5592638
2026-01-30,3431.800048828125,3452.39990234375,3282.800048828125,3283.0,5291090
2026-02-02,3463.199951171875,3472.10009765625,3343.699951171875,3355.0,2950641
2026-02-03,3527.89990234375,3643.800048828125,3513.0,3638.0,5492214
2026-02-04,3574.0,3620.0,3519.10009765625,3549.0,2395062
2026-02-05,3572.0,3598.800048828125,3528.10009765625,3592.0,1251428
2026-02-06,3578.0,3590.0,3530.60009765625,3577.0,1462031
2026-02-09,3609.60009765625,3619.10009765625,3557.10009765625,3593.800048828125,1294690
2026-02-10,3675.800048828125,3699.0,3601.0,3616.300048828125,1917432
2026-02-11,3674.89990234375,3787.0,3666.10009765625,3704.699951171875,4787745
2026-02-12,3593.10009765625,3699.0,3582.199951171875,3698.199951171875,2554236
2026-02-13,3533.39990234375,3596.5,3520.300048828125,3530.0,1632115
2026-02-16,3509.699951171875,3549.5,3469.0,3535.0,1562001
2026-02-17,3489.199951171875,3515.800048828125,3462.0,3509.699951171875,1991583
2026-02-18,3530.5,3545.0,3483.199951171875,3491.10009765625,1682427
2026-02-19,3431.800048828125,3546.5,3421.300048828125,3534.89990234375,2479531
2026-02-20,3412.800048828125,3449.89990234375,3402.5,3443.0,2260853
2026-02-23,3447.10009765625,3457.60009765625,3416.89990234375,3425.0,1789276
2026-02-24,3433.199951171875,3441.0,3390.0,3415.0,1929400
2026-02-25,3491.300048828125,3500.89990234375,3425.39990234375,3435.0,2273269
2026-02-26,3484.60009765625,3507.0,3461.60009765625,3505.0,1998012
2026-02-27,3397.39990234375,3488.10009765625,3381.10009765625,3460.0,3765500
2026-03-02,3334.300048828125,3374.89990234375,3283.0,3299.89990234375,2997529
2026-03-04,3264.300048828125,3278.10009765625,3207.89990234375,3240.0,4537215
2026-03-05,3348.0,3360.60009765625,3276.199951171875,3277.300048828125,2304760
2026-03-06,3332.5,3367.0,3315.0,3315.0,2084605
2026-03-09,3187.60009765625,3250.0,3142.89990234375,3250.0,3961149
2026-03-10,3293.699951171875,3309.39990234375,3228.89990234375,3278.0,2672336
2026-03-11,3168.199951171875,3292.89990234375,3156.0,3276.0,4574950
2026-03-12,3031.199951171875,3142.800048828125,3020.0,3115.10009765625,6968585
2026-03-13,2931.10009765625,3025.0,2922.60009765625,2965.0,7217643
2026-03-16,3036.10009765625,3043.699951171875,2896.0,2902.0,5378638
2026-03-17,3128.89990234375,3139.300048828125,3024.5,3052.0,3491894
2026-03-18,3214.60009765625,3236.199951171875,3140.10009765625,3140.10009765625,3746758
2026-03-19,3045.39990234375,3147.89990234375,3032.60009765625,3136.300048828125,3059501
2026-03-20,3066.10009765625,3106.60009765625,3043.199951171875,3059.199951171875,4471840
