Date,Close,High,Low,Open,Volume
2015-01-01,185.34756469726562,187.64264699165162,184.27988615761805,187.64264699165162,230491
2015-01-02,185.9780731201172,187.97891706900012,184.4480183060795,184.4480183060795,1170068
2015-01-05,180.17730712890625,189.10546266602614,179.00034077001402,186.54135409275034,2785715
2015-01-06,175.78050231933594,182.497651918986,174.06549660505533,179.89149203480258,2699693
2015-01-07,174.8641357421875,176.40260360255198,172.1066636527259,174.52785962144446,3076271
2015-01-08,177.11721801757812,179.02560040579866,174.60354642811558,176.5455537999135,2178650
2015-01-09,178.41184997558594,180.58084530659966,176.3269302525278,178.22689943681996,1674675
2015-01-12,175.00704956054688,179.90827828973363,173.9309581491438,178.2268978021789,1716246
2015-01-13,174.7801055908203,177.0920142223359,173.56950079995735,175.2004442366125,1377123
2015-01-14,173.88893127441406,177.36099339020396,171.50136029953754,174.36813330113355,1767193
2015-01-15,186.7767333984375,188.73555279526875,177.84857827718082,177.84857827718082,6809123
2015-01-16,195.8982696533203,196.7053349681811,187.13825178062282,187.13825178062282,6657545
2015-01-19,192.1151580810547,197.91594089466167,187.83603063371118,196.9239250249236,3690936
2015-01-20,189.03822326660156,193.16602516309425,186.50773952916904,190.84571729288808,4134071
2015-01-21,186.03697204589844,195.0407919182837,184.45646619181963,191.16520324311304,4073851
2015-01-22,188.79444885253906,189.66036459412643,185.37282369864326,187.6426944181296,2308772
2015-01-23,184.18740844726562,191.94701046260593,181.2702112791154,190.50101795356795,4504014
2015-01-27,185.22988891601562,187.76878553465696,182.6994051251114,183.08611872311266,6903221
2015-01-28,194.847412109375,195.67970277780105,184.44805099603974,185.12060326055524,2941577
2015-01-29,195.0239715576172,196.5792520289318,190.83731904519405,193.35940331336738,1557536
2015-01-30,192.07313537597656,196.5372137235826,190.04706567083682,195.71333584892955,2126303
2015-02-02,194.8558349609375,196.84827970470914,191.05589603908868,191.67801086545262,1948508
2015-02-03,197.24337768554688,202.60699597897383,195.04075737482063,196.53718734091626,3615060
2015-02-04,191.82093811035156,197.8991473291077,190.5598959580054,196.55402955598453,1380007
2015-02-05,194.5615997314453,199.866368582826,191.8461520067916,191.8461520067916,2562464
2015-02-06,191.69479370117188,198.05884057027356,190.0050003865352,193.35937486614216,1398887
2015-02-09,192.93905639648438,195.71334126183982,190.16477153112896,191.69482672191182,1226844
2015-02-10,192.72886657714844,196.55401744323288,191.25766179475465,193.334168879471,1861388
2015-02-11,194.847412109375,196.60446872431723,192.01427713745386,192.01427713745386,1074969
2015-02-12,203.80918884277344,205.12908110465855,193.69565410615337,196.71373937157725,2390468
2015-02-13,211.85462951660156,213.87229942574234,204.4985662660032,205.1038685553069,4031423
2015-02-16,205.36448669433594,215.9656240045494,203.69991852544888,212.5271867331733,2120725
2015-02-18,210.2909393310547,212.6953228673968,204.2883933179442,204.62466944667312,2952112
2015-02-19,206.44056701660156,212.35903714741318,202.10258935318672,211.01393269324944,1494519
2015-02-20,204.17910766601562,208.32372218630573,202.4893141771218,208.32372218630573,2492402
2015-02-23,203.53176879882812,206.59189195522433,200.2026194861727,205.12067408875183,2295374
2015-02-24,195.0911865234375,203.95209168845207,193.35936862670243,203.95209168845207,5105274
2015-02-25,198.4371795654297,200.34556180072389,195.69651980801535,195.7133322984568,2783097
2015-02-26,196.82302856445312,202.23709756015091,193.56114244231142,198.40353415939202,3584111
2015-02-27,194.58680725097656,198.20179557881713,191.84614743762697,196.72217789923477,4603259
2015-03-02,204.46493530273438,208.86176326790135,201.8587888358121,207.6511587247243,4132172
2015-03-03,208.54229736328125,209.50068822761506,205.28881085467256,205.28881085467256,2346556
2015-03-04,203.32162475585938,216.51209748870193,201.93448228324266,211.0139650733216,1953306
2015-03-05,199.77389526367188,203.78399700832853,197.16774845450763,203.78399700832853,1946594
2015-03-09,200.9256591796875,206.47422921905115,197.14253247188975,199.74867940448834,3558391
2015-03-10,200.39598083496094,204.23794393931573,197.39470800340828,201.14419583603552,2014418
2015-03-11,196.15049743652344,202.16145650717678,194.7045047614631,201.09377778280302,2329848
2015-03-12,202.70790100097656,204.78440807299214,196.42791598402042,196.89030553573963,2436780
2015-03-13,199.7486572265625,208.45823813481348,198.16815148409233,201.94286494390525,3695934
2015-03-16,192.9642791748047,200.50529358495433,191.90500008312426,200.42121796438866,1917959
2015-03-17,197.9916229248047,200.9256461784537,193.46869419275097,193.80497034515815,3004531
2015-03-18,198.12612915039062,200.07653603298314,196.71376145987412,198.40355499166662,502969
2015-03-19,199.32835388183594,204.08667127523572,197.57129693233577,200.2867449909404,2149251
2015-03-20,200.51370239257812,202.38003367681858,195.89828532270522,198.1681558794612,1250439
2015-03-23,201.8419647216797,202.43885413151236,197.630087545276,201.7663019420889,853355
2015-03-24,195.1668701171875,202.7751470125042,194.20847921823685,202.6070089512294,1470447
2015-03-25,188.29843139648438,195.7721961148383,186.73475118692906,195.1668937546925,3466992
2015-03-26,184.12860107421875,188.9121432359275,180.33707489315216,187.3232245687155,4203081
2015-03-27,182.16131591796875,186.2554920933117,175.70479449406784,186.2554920933117,4265342
2015-03-30,188.3740692138672,188.7691956281684,182.4471861649629,182.4471861649629,1693385
2015-03-31,187.36524963378906,190.9213875290659,184.45645185495778,190.9213875290659,3356729
2015-04-01,193.15765380859375,194.87265964552043,185.37282491208555,189.13913908776945,1503520
2015-04-06,195.0911865234375,197.0247806046729,189.5089929520045,194.20005884341066,1652388
2015-04-07,199.58889770507812,200.89196422007853,193.35936425013298,195.30135794849252,2022624
2015-04-08,195.36862182617188,202.9516724535027,194.20845486667193,201.57292999143678,1822676
2015-04-09,194.53636169433594,197.0416333669751,192.3673793202596,197.0416333669751,1741883
2015-04-10,191.0642852783203,195.20889950067672,189.53423030330276,194.53634728459807,2068038
2015-04-13,192.36734008789062,194.5531345062709,190.83727214597354,191.50982427470592,1598162
2015-04-15,184.83474731445312,193.85537807513043,183.28786671822533,193.35937675095826,4035764
2015-04-16,176.64642333984375,186.60023444206962,173.35091173787725,186.28917043946623,5112751
2015-04-17,172.42613220214844,177.52073795826476,170.54298850539683,177.38622487300793,4230088
2015-04-20,170.13101196289062,176.14196996828215,168.13858078506507,173.35087322152103,3625000
2015-04-21,172.78765869140625,174.81372859482707,169.8200102203444,171.1399027808427,2088883
2015-04-22,175.16677856445312,177.386211388437,170.71111359342186,173.6871610703351,2823914
2015-04-23,173.18275451660156,178.2269094752489,171.66949881307738,175.73005073004828,2679408
2015-04-24,174.855712890625,176.14196690704006,166.4571843165765,174.0234223610777,2299094
2015-04-27,167.62576293945312,177.36939651661052,165.6165059993515,175.30970211115493,3282403
2015-04-28,166.6674041748047,169.14745076560357,161.6484606894964,167.78552044845736,6243368
2015-04-29,165.4988250732422,169.1474383096874,163.43073076071053,167.07933083154066,4024885
2015-04-30,163.06919860839844,165.11208038354445,159.0422721807936,165.11208038354445,6497726
2015-05-04,139.21878051757812,158.89098891402296,137.47013655296576,156.5706807327892,28038429
2015-05-05,142.36294555664062,143.20363584822013,134.22504246916827,137.8820551117498,30906640
2015-05-06,136.94046020507812,144.21245997293136,136.28472054016135,142.58150388864814,11106009
2015-05-07,129.6180419921875,138.1762970318138,127.96187351686454,135.35157494519694,8459448
2015-05-08,132.837890625,134.91439747042045,128.82777649985186,130.47554515135442,8135095
2015-05-11,138.4116973876953,139.0506246552712,132.62772700029544,134.40999572054173,6004394
2015-05-12,135.67105102539062,138.3780727667303,134.6958475391105,138.3780727667303,5675252
2015-05-13,136.7135009765625,138.0670183953877,132.99763769595688,135.74671034346758,6032361
2015-05-14,137.4532928466797,139.5550249921566,134.87235871526545,136.36038897128455,4437703
2015-05-15,141.1691436767578,142.24522180854794,137.70548180747613,138.54617196219093,3439210
2015-05-18,141.97621154785156,142.41336253721698,139.9333298252323,140.50499387502254,2299433
2015-05-19,142.17800903320312,144.0107153661823,140.90015439771162,142.37137242730432,2779141
2015-05-20,140.5890655517578,144.93544217032857,139.52137392438496,143.6744003667519,7249338
2015-05-21,138.6218719482422,140.90015538646904,137.02456680828428,140.90015538646904,3625908
2015-05-22,138.655517578125,140.25283596989345,137.37766286471023,139.2187821382324,1985671
2015-05-25,139.29440307617188,140.8328707009769,138.2098989289322,138.62183777204996,1513937
2015-05-26,140.53866577148438,141.90899581511468,138.93294766772894,140.9001672735212,2185501
2015-05-27,140.26962280273438,140.81607477092717,138.0417771249606,140.22758499773173,3322399
2015-05-28,140.0510711669922,141.88379092694277,139.24400565925376,140.10992147644214,4665962
2015-05-29,138.47894287109375,142.91780862146356,137.81479030776057,140.11829879388483,7732469
2015-06-01,138.4116973876953,139.76521470889202,137.31038057623866,139.76521470889202,3210581
2015-06-02,135.73829650878906,139.13469610738065,134.847168673804,138.46214381706395,5707915
2015-06-03,137.98294067382812,139.06744505738132,135.4776820954227,136.52854833223083,6616980
2015-06-04,137.21788024902344,138.83201061288338,136.50329032586373,137.4700938783318,3890684
2015-06-05,138.80685424804688,140.49664806321383,136.57900798495868,137.85686280034568,1693508
2015-06-08,137.03297424316406,140.3200863243112,135.3515933869944,138.8068435537585,1433715
2015-06-09,137.40286254882812,139.0422186044973,135.2170676402176,137.87365177765184,2460925
2015-06-10,139.98382568359375,140.78247838747686,138.2099561761972,138.67234583715592,2127770
2015-06-11,133.13217163085938,140.8833630624014,130.8118632156797,140.39576125540754,3669188
2015-06-12,137.00772094726562,137.83161188073947,130.41669880438354,131.9887915587449,4681696
2015-06-15,138.08380126953125,138.7143156197396,134.87235289920548,137.53734935539816,3611267
2015-06-16,138.38650512695312,139.7232102778411,137.3692636861636,137.87367799174788,6024156
2015-06-17,139.73159790039062,141.88378121749224,137.9577417368966,139.54664732084305,6614963
2015-06-18,146.8102264404297,150.9716536949758,139.73158842729228,140.2276029925015,8024596
2015-06-19,148.8194580078125,155.2927925641054,147.12126505010065,147.45754114401612,17643527
2015-06-22,149.853515625,152.50169980984273,146.70091728575107,149.30706366632322,6526509
2015-06-23,151.3079376220703,153.84683454878265,149.06329221764304,149.06329221764304,5831012
2015-06-24,149.9459991455078,151.99729401878565,149.07168386288566,151.82915595806546,2786859
2015-06-25,147.78541564941406,151.0389022459133,143.2540876982304,150.65217549257255,9090226
2015-06-26,148.5,150.29068145837408,147.02878215944966,148.74380083555988,4014001
2015-06-29,146.05360412597656,147.9535736733855,143.46426975715946,146.28059251210172,2348573
2015-06-30,143.49786376953125,147.26416355694369,142.62353547731686,146.0535592032967,4430385
2015-07-01,149.7526092529297,150.48401166240458,146.0703850585605,146.28054772303915,8333549
2015-07-02,156.02426147460938,156.62115113717002,150.5009025570717,151.32479382013238,6562733
2015-07-03,152.4512481689453,157.20956379900477,151.71143291190384,155.52818344065466,3373510
2015-07-06,151.6105194091797,154.6790545057953,149.81143877764725,149.81143877764725,3526586
2015-07-07,158.16798400878906,159.37857545912877,152.16543789632073,152.16543789632073,4248352
2015-07-08,159.32814025878906,162.20331309703195,153.84682075981848,153.84682075981848,5325117
2015-07-09,156.1923370361328,158.8489340439159,154.68749423675618,158.8489340439159,2272784
2015-07-10,157.98304748535156,159.5551405276751,156.45297908933694,157.4954457307477,2198027
2015-07-13,155.4609832763672,160.90867890828758,155.03223176965804,159.3954359730287,2700360
2015-07-14,152.5773468017578,156.2343589169656,151.66099385780169,155.69631984106755,2865337
2015-07-15,149.27345275878906,154.2335454930462,147.84427260379195,153.79638125177752,4638857
2015-07-16,149.50039672851562,151.42557768586323,148.80261934840084,149.6433094353297,3358956
2015-07-17,151.08932495117188,152.16541632775565,149.3574938890983,150.39996029014168,1629901
2015-07-20,149.6853485107422,153.0060842567084,149.30703467698726,151.99725614376928,1648103
2015-07-21,147.70135498046875,151.64420635282266,146.49916323086276,150.29908869306453,1736849
2015-07-22,148.9795379638672,150.1645986743165,147.28658083563928,148.47165480224606,1514538
2015-07-23,148.85255432128906,152.92410347544836,148.13306313184324,150.55396884472822,1729214
2015-07-24,148.92025756835938,150.11378876009783,147.32042521900857,148.97951258221016,1093597
2015-07-27,143.595947265625,149.5635904330691,143.1473059132763,148.1330523306371,2372830
2015-07-28,142.63941955566406,144.91644272024925,142.20771958082616,144.23926524943246,2257851
2015-07-29,144.34083557128906,147.45585992645488,143.5620761684586,144.22233879184668,2152756
2015-07-30,145.83062744140625,149.60591438801436,144.5863118466196,144.74714878730745,2602126
2015-07-31,150.90951538085938,152.02685048230887,145.8137286850889,147.03265898653734,3393795
2015-08-03,155.36190795898438,155.90364718768637,147.62512624704195,152.36539420876042,4049030
2015-08-04,153.67747497558594,156.25923108214226,152.36544672196783,155.75133463850372,2313417
2015-08-05,152.94947814941406,155.75129909820268,152.30615694083764,154.73553295502575,1742356
2015-08-06,152.11146545410156,154.73553464741985,151.18033985126112,153.88906285218093,2250272
2015-08-07,152.08609008789062,153.09339897027593,151.13804948488027,152.70402586133366,1733847
2015-08-10,150.24075317382812,153.55047040620693,148.9795095667347,152.02680795561287,1414225
2015-08-11,148.66632080078125,151.8575283171156,147.6420971450365,150.6724677177082,1042173
2015-08-12,148.66632080078125,148.66632080078125,148.66632080078125,148.66632080078125,0
2015-08-13,139.65135192871094,147.28655251007643,138.71176892321657,146.11842013738266,4621353
2015-08-14,146.85487365722656,147.35429936604507,140.17619648828637,140.17619648828637,2216301
2015-08-17,144.67098999023438,149.74136446184897,143.83297543575463,146.94800028846086,1457726
2015-08-18,145.06033325195312,148.25154058877655,144.74714332223905,145.5936151313431,1210906
2015-08-19,146.05072021484375,148.1161088673391,144.74714959548098,146.1015045487443,1175656
2015-08-20,144.0361328125,147.79447920002164,142.8002876356116,145.82220137460644,2092285
2015-08-21,143.7059783935547,145.7629095298497,140.17618233220125,141.3612428652452,3609918
2015-08-24,139.54132080078125,142.00456639927197,133.79375657507342,140.3454789748175,3941322
2015-08-25,137.7129669189453,141.86915700582514,133.7429993452636,139.65138844940745,5423932
2015-08-26,137.5182342529297,140.17617278618155,136.21466377850805,137.9584048662611,3446994
2015-08-27,138.7117919921875,141.53055473361013,137.85684939375582,141.53055473361013,2083084
2015-08-28,138.5255889892578,141.2681689815311,137.48442374885042,139.66832291994558,2107849
2015-08-31,137.64524841308594,140.09155303281167,136.95960016231197,138.6271585349143,3307738
2015-09-01,138.59329223632812,141.69985963599166,137.12889770478142,137.8737877419563,1821280
2015-09-02,145.83062744140625,148.04839559553284,138.94032942214707,139.1604081239768,6938013
2015-09-03,146.609375,147.94680172650828,144.0107046693357,146.77866935454338,2154008
2015-09-04,145.09420776367188,148.11612111961708,143.73138201394644,148.11612111961708,3299784
2015-09-07,136.02000427246094,145.59362706782386,135.57983359317726,143.90068331081986,1403459
2015-09-08,138.9742431640625,141.02271779781154,135.93540070602438,136.2824602697737,2161085
2015-09-09,142.08924865722656,143.81606228804654,139.16044601047005,140.34552016675184,1586149
2015-09-10,147.4558563232422,149.4789312819529,138.3477902953492,141.19195154327673,4797537
2015-09-11,148.82713317871094,152.28074573775967,147.98066146171183,149.65667678698546,2102128
2015-09-14,146.7956085205078,150.3084765839762,146.4400916748059,150.3084765839762,1092396
2015-09-15,146.7956085205078,146.7956085205078,146.7956085205078,146.7956085205078,0
2015-09-16,147.8621826171875,149.31811957983209,144.7471580882206,146.89720067952226,1464802
2015-09-18,153.804443359375,154.5662747731373,148.4716632315134,150.3339015965168,5423829
2015-09-21,153.9314422607422,157.25808881845515,151.239646451962,153.68596469358474,2436719
2015-09-22,150.69786071777344,156.25920247520986,149.55511381303072,154.39695120588596,1612120
2015-09-23,149.18267822265625,150.99413201688756,146.440098735336,150.65554326597461,1776727
2015-09-24,148.4039306640625,152.45008114289996,146.53322170035818,149.82601148534445,9689824
2015-09-28,150.4947052001953,154.2445798980453,147.64208662971714,148.45470220552332,1767670
2015-09-29,158.50238037109375,159.57740174066714,147.4728196629176,148.80177599051046,4597204
2015-09-30,156.6062469482422,159.9752193539729,153.21188900456067,159.25571499712856,3881970
2015-10-01,157.3934783935547,159.22187359161748,154.39696391254648,156.60626152071555,2499689
2015-10-05,159.9836883544922,160.81323211888102,157.0210301593668,157.76593336420402,3572252
2015-10-06,161.82904052734375,165.4011644138061,159.84829200621854,161.16879102030202,3277774
2015-10-07,164.78317260742188,165.6719712484776,158.88325596300777,161.8459136811421,1893061
2015-10-08,160.63546752929688,164.55464990040977,159.78899572037614,162.8616930264128,3201011
2015-10-09,162.25225830078125,163.8774897796693,159.56047612046174,161.33807387900544,1296870
2015-10-12,165.47732543945312,166.2222154215916,160.99947509373686,162.43847072000182,1277899
2015-10-13,170.55613708496094,171.49572006472107,163.48807477368007,164.75778902684903,2510486
2015-10-14,167.66122436523438,172.49459159111407,164.38536281104024,171.51268151891324,2056282
2015-10-15,168.98170471191406,170.14137972455646,166.9247735447975,169.63349663135594,1508816
2015-10-16,168.98170471191406,168.98170471191406,168.98170471191406,168.98170471191406,0
2015-10-19,163.7928466796875,165.07948935193568,160.21225241927525,163.28496350740392,1954476
2015-10-20,164.77474975585938,165.55350922254453,162.861713942699,164.876318432281,1546210
2015-10-21,158.0029296875,164.21605007966537,153.7197729987408,164.21605007966537,7413144
2015-10-23,160.36460876464844,164.21606585805006,158.7986324330542,164.21606585805006,4200058
2015-10-26,160.00909423828125,161.9136593583591,157.8505809159863,160.5931605216076,2538571
2015-10-27,159.9244384765625,161.50734279335128,157.15646033692718,159.6366340763766,2125256
2015-10-28,157.9521484375,160.9148064935657,156.5977934989913,159.52659533282548,3206573
2015-10-29,159.39117431640625,159.98369803760025,152.7040262046644,158.18917224876864,6574300
2015-10-30,159.7043914794922,161.5073882598288,157.53742032485258,157.78289788843722,2435128
2015-11-02,159.15411376953125,163.36955747894262,157.68971969554056,160.74548854249412,2628379
2015-11-03,161.1687469482422,161.99829063393662,158.31612837922503,159.95828764030946,1455581
2015-11-04,161.95599365234375,163.01408690686964,160.75400480556695,161.85441171559395,864640
2015-11-05,155.35975646972656,162.18548336389983,152.6991637188568,162.18548336389983,1997823
2015-11-06,158.4878692626953,159.60989568329157,154.68823743716797,155.18974682604352,1603489
2015-11-09,151.27113342285156,157.25534139629906,150.31060588357911,156.74531240162523,4726931
2015-11-10,147.17401123046875,150.95664459017158,146.20497733563786,149.605095564247,2205863
2015-11-13,150.98211669921875,151.62813921008907,145.20192579549837,148.92505482857632,7325419
2015-11-16,148.77203369140625,150.47208575171024,146.00943245364192,150.47208575171024,2322730
2015-11-17,147.9219970703125,150.43809014002292,147.28448086392612,150.43809014002292,2160243
2015-11-18,144.742919921875,149.1800686051075,144.50491791389624,148.58505692925118,1505311
2015-11-19,144.87039184570312,147.0464744310257,143.17883274444839,145.41441914794183,7560046
2015-11-20,144.4878692626953,146.8679553061463,144.08835505739847,145.3803998650125,2281580
2015-11-23,141.6572723388672,145.2868849331035,141.10475217523407,145.0148846318575,2081812
2015-11-24,143.8503875732422,144.9214298773538,141.44480882686506,141.52980478887943,3175558
2015-11-26,144.10536193847656,145.09988763199527,143.14482130847753,144.50487612819526,6051394
2015-11-27,149.47755432128906,150.28508907527265,144.13938259066308,144.43688838854283,3165823
2015-11-30,149.47755432128906,149.47755432128906,149.47755432128906,149.47755432128906,0
2015-12-01,149.68154907226562,150.5910788333858,148.50000568306305,149.6475506967091,1386022
2015-12-02,150.8121337890625,151.7811676987396,148.07503730847526,150.625129346956,4608663
2015-12-03,146.18795776367188,150.35309236203028,145.4399267991618,149.45206867822932,2458580
2015-12-04,143.7058563232422,147.00396516378342,141.95479345906637,147.00396516378342,4087712
2015-12-07,145.6439208984375,146.79995889025219,143.9438556315461,144.67488729049958,1584153
2015-12-08,145.57595825195312,147.04651498714492,144.58992513446307,144.84493966669868,2643353
2015-12-09,145.08291625976562,146.70646545550227,144.04588574235072,145.3379307472965,2167540
2015-12-10,140.17828369140625,145.69496814417175,139.85527237861643,145.69496814417175,11353882
2015-12-11,137.3221435546875,140.82426949721585,136.52311507870903,140.25473673838167,4855200
2015-12-14,135.43502807617188,137.19459670476178,133.32696951992327,137.19459670476178,4046346
2015-12-15,134.4405517578125,136.7696271811845,132.66399660742667,136.344620802453,4814671
2015-12-16,135.12908935546875,136.6506301472923,133.11451876218615,135.79211107216477,4180727
2015-12-17,136.5316162109375,137.70465344043825,135.49457249410787,136.29360094013094,2765162
2015-12-18,139.62571716308594,140.74775679009193,135.5710712426248,137.22863190030884,6228712
2015-12-21,143.3573760986328,143.637882750871,139.06472710278075,139.57474282825538,2651318
2015-12-22,144.47088623046875,145.31241936190372,143.1448428979037,144.1648741826742,2533994
2015-12-23,144.70042419433594,146.03497404472373,143.02586384771755,144.7684342806738,1134640
2015-12-24,145.09140014648438,146.71494909196423,143.56984633084116,143.8248474672482,1161452
2015-12-28,144.7938995361328,145.5674359176892,144.04588190801297,144.84491041937164,857302
2015-12-29,144.16488647460938,146.4854691603666,143.59536696194766,145.52494161541608,1575234
2015-12-30,144.6068878173828,146.69796119356408,143.74835552686667,144.84490309561687,1654015
2015-12-31,145.9839630126953,148.5850523874655,143.82487925520618,144.50491349682778,2754591
2016-01-01,147.17401123046875,147.8880306006307,145.3549511064404,146.03497208979837,596924
2016-01-04,142.95787048339844,149.23107893149907,141.8103383592012,145.63546318895186,1399774
2016-01-05,147.0379638671875,148.12600512793136,142.35430798827826,144.3263736215032,1721152
2016-01-06,148.34701538085938,151.56012844729813,146.78295682158324,147.03797128887564,3760259
2016-01-07,139.66819763183594,147.23346160437438,138.62267440222413,147.05495017073977,1288331
2016-01-08,143.1363525390625,145.5249318309441,140.59476722052534,140.59476722052534,2641604
2016-01-11,139.06472778320312,143.09386933953155,138.044696327263,142.29484070549935,1796073
2016-01-12,137.36463928222656,140.21223633276057,137.024628886206,140.0847224503911,1066143
2016-01-13,137.13511657714844,139.32818474371598,133.69249502136742,137.8746411114345,3291686
2016-01-14,135.97061157226562,137.4581673183855,133.62453673628642,135.63060111232133,6189014
2016-01-15,130.03738403320312,138.4696734188366,129.5443676502453,135.99608525421743,1213979
2016-01-18,130.4368896484375,132.09445012839313,126.31424741581813,130.7343953838856,2506047
2016-01-19,131.7969512939453,133.2845068229507,128.41384638009515,132.09447038683612,2222289
2016-01-20,127.52983093261719,131.08295498387665,126.58630254481876,131.08295498387665,2095852
2016-01-21,125.98278045654297,129.71440255936864,125.28574703611461,128.35436072562806,3613536
2016-01-22,127.94632720947266,130.43691487990895,126.84128667574527,127.67432685740727,2694921
2016-01-25,127.3853530883789,130.40295651062004,126.99433166259651,128.6688921669983,1070756
2016-01-27,127.03678131103516,128.86434709316714,125.70223191264142,127.50429225705761,2180128
2016-01-28,127.63182067871094,128.50735216888611,125.31123824838772,126.82428594777335,4055896
2016-01-29,143.52734375,146.0859279596783,127.52130982964609,127.52130982964609,7232947
2016-02-01,137.63661193847656,144.36884837444526,136.1915747018389,144.15633859170612,2799672
2016-02-02,136.2001190185547,143.2213575634494,134.64456652357197,137.63666386041905,2754381
2016-02-03,136.71009826660156,141.0707425166612,133.28448917703378,135.154546186203,2549040
2016-02-04,141.55532836914062,142.82186820406085,137.951206257969,138.4527157776527,3193185
2016-02-05,143.0428466796875,144.1478739072951,141.13877764632954,142.80483139460932,2799057
2016-02-08,145.60147094726562,147.90504154582993,143.49339774426736,144.45392546280627,2050924
2016-02-09,139.05621337890625,144.5048998671729,138.01067663881204,144.5048998671729,1966243
2016-02-10,137.7811279296875,139.18367388924997,135.83455478477754,137.70462493873634,1370760
2016-02-11,132.51950073242188,138.0276916755759,130.7939429285607,137.70468039612047,2650840
2016-02-12,133.73504638671875,134.92508306991584,127.16431921620114,132.85951473922995,5211483
2016-02-15,138.24868774414062,139.75324266143264,132.45149750099458,138.3846945886159,1713085
2016-02-16,137.5601806640625,143.13636837926825,136.94815648971053,139.40473281559986,1991110
2016-02-17,141.76783752441406,142.29485248911064,136.02164387258566,137.88319544351515,2015557
2016-02-18,141.9378204345703,144.1308892323592,140.3397632857657,142.80484577623315,1179151
2016-02-19,140.458740234375,143.28083175965463,137.9171552804504,141.9377894053181,1655318
2016-02-22,143.05982971191406,144.33486200836188,138.9371871261955,142.3287980609595,1376138
2016-02-23,137.59417724609375,145.0659279040145,136.3446367810428,144.5389130104804,2754448
2016-02-24,138.5631866455078,139.82121982897462,135.40957746860886,136.1746075416615,1674495
2016-02-25,135.3160858154297,139.73623477070475,133.0465008591414,139.73623477070475,4054700
2016-02-26,136.02159118652344,137.10112614542115,131.8394448541892,135.47756392623646,2486624
2016-02-29,136.9481201171875,138.19766026674068,131.43993063459604,136.59960348561887,3836247
2016-03-01,144.52191162109375,146.8679864739446,136.37012684017006,136.87164959369454,5025524
2016-03-02,147.4969940185547,150.08108390528298,145.0319117744565,145.0319117744565,3735745
2016-03-03,149.31602478027344,150.62506865941884,146.0519146758166,150.27655205020864,2736856
2016-03-04,154.875244140625,155.58077044537467,147.57349948824626,149.28205789745977,2475457
2016-03-08,156.7538299560547,158.08837974177015,152.24867113159016,154.87526606509715,2656136
2016-03-09,159.16790771484375,159.63541877511764,152.58868792786436,154.53524850080663,2620841
2016-03-10,157.18734741210938,160.45145876604383,156.40531796026687,159.46542568253525,1963287
2016-03-11,157.53582763671875,159.9924035234671,156.4052817043256,157.9353418666898,1695750
2016-03-14,160.13694763183594,161.66699477887238,157.7653672324291,157.7653672324291,1587561
2016-03-15,157.25534057617188,161.2759755034287,156.575306357426,160.3154346573477,1087634
2016-03-16,154.92623901367188,157.7908355028714,151.01610580631035,157.4168266969653,2872572
2016-03-17,155.0707550048828,157.37432501659873,153.92320981276757,156.15029012349288,2240332
2016-03-18,154.6967315673828,156.21828555950498,151.67063608523327,155.38525867680912,1779621
2016-03-21,158.36888122558594,159.12540518395474,153.35370684506105,154.53525054516936,1735135
2016-03-22,158.70887756347656,159.7714135114031,156.76231713809662,158.955385796901,2122146
2016-03-23,154.1187286376953,159.12539649272742,153.00519507923073,157.25533901721442,1398143
2016-03-28,153.97422790527344,156.98333793554312,151.91716584824331,151.91716584824331,1523580
2016-03-29,156.94082641601562,159.80542321509876,154.0762296169325,154.62874994641848,1709010
2016-03-30,161.19947814941406,162.64452928331556,158.13937064890607,158.74288855941782,2979433
2016-03-31,162.0409698486328,164.0555401581194,160.0604112292203,160.99544650221137,4096518
2016-04-01,157.4933319091797,162.8230107150872,156.4052905446466,162.37249889151232,2158622
2016-04-04,156.97483825683594,157.73986851891053,155.06227591346885,157.26385116826629,1937598
2016-04-05,157.1363525390625,158.91290804576806,154.92627100384678,156.74533115049562,1651018
2016-04-06,157.48483276367188,158.78538403387074,154.10172749686106,157.8503486520343,1918267
2016-04-07,160.91043090820312,162.1854765371957,156.59229093226654,158.10533851150873,1901420
2016-04-08,160.81695556640625,162.8400190726611,158.5303713154906,162.01549839153645,1834714
2016-04-11,161.989990234375,162.84852259552753,159.49940241779996,159.97541970161632,822822
2016-04-12,164.29354858398438,167.2856453587056,159.81389636020512,160.1454005021319,1734499
2016-04-13,167.63417053222656,170.83877729302085,165.5770955750309,165.84910922723654,3274295
2016-04-18,170.01426696777344,171.4848235071235,167.18366860247679,167.62568752063663,2767102
2016-04-20,168.84974670410156,170.67729969763832,166.94567737551117,168.81573500680474,2264184
2016-04-21,164.217041015625,169.46170981981723,163.6305224400596,167.91466391019608,2387214
2016-04-22,162.2789764404297,165.45807756201958,161.53945184970033,163.8770332512422,1690044
2016-04-25,166.5206298828125,168.08468847244725,162.42349231974575,162.42349231974575,2513575
2016-04-26,168.03369140625,168.98571260299278,165.75561358641718,165.8151040953625,1753984
2016-04-27,169.05369567871094,169.81021941421793,166.94562340691172,166.94562340691172,2351041
2016-04-28,163.92803955078125,169.2067204082945,162.35548809441292,169.07071358347383,4287839
2016-04-29,160.2899169921875,164.05553682358237,157.25531552574517,163.970540879665,2788439
2016-05-02,184.11624145507812,185.680300149558,163.6985490306936,163.6985490306936,18431080
2016-05-03,177.25650024414062,191.68147739578495,175.853940640652,185.3402738294305,13290100
2016-05-04,177.22247314453125,183.45318809272476,175.55641959133368,177.14597014211645,6394037
2016-05-05,174.92742919921875,180.71612640696037,174.0944022663492,178.1660480344468,4850895
2016-05-06,178.6590576171875,179.96810179139646,175.48844898144424,177.06100057837776,1939261
2016-05-09,178.34457397460938,179.8661282953442,176.9760257112365,179.18610729009998,2483858
2016-05-10,180.77561950683594,183.14719957406524,178.42954488095472,179.35607396692035,3880528
2016-05-11,184.354248046875,184.94927299564696,176.21098305297866,177.65602082259414,3293174
2016-05-12,190.34695434570312,191.03546816312684,184.65175952515486,186.15631437029813,5036623
2016-05-13,181.90614318847656,190.23642492261237,179.8745869630692,189.72640930360197,3168851
2016-05-16,182.1866455078125,184.91523479644943,179.96807178895506,182.43315369879667,2694372
2016-05-17,186.80235290527344,188.52792412514393,182.26320883822908,182.26320883822908,3717800
2016-05-18,193.09254455566406,195.00510661529134,182.34817734108822,186.88733403628797,4373209
2016-05-19,187.1508331298828,194.0870751072513,183.94622621170308,193.09253595838106,3193837
2016-05-20,182.34814453125,190.6444270894468,181.47261314359324,189.54789294832912,2995772
2016-05-23,189.58189392089844,190.91644333339192,183.2491838667274,185.30624536277443,4039505
2016-05-24,196.6201629638672,197.83570495084416,188.35787729060084,190.74646994324866,6325355
2016-05-25,194.18907165527344,200.89580464689126,192.83752288044013,198.05670026345663,3594436
2016-05-26,203.4288787841797,204.64442069604794,192.29350423834805,192.29350423834805,4595495
2016-05-27,202.995361328125,207.37300536964275,199.33173648995867,203.15687359544037,3826266
2016-05-30,204.03237915039062,207.37299255937938,199.8672452017772,202.33232719418422,2653848
2016-05-31,200.67477416992188,204.4149019273534,199.49324400582873,203.02086193271447,4411660
2016-06-01,197.61468505859375,202.88485975538964,196.52664375331463,200.6917779554163,2813400
2016-06-02,196.62864685058594,198.9067245356392,195.19208892185134,197.8016840710175,2896239
2016-06-03,199.19573974609375,200.91280439548487,197.20667474022753,197.20667474022753,3185431
2016-06-06,195.52362060546875,201.32081037341882,192.92253151752192,199.19573854620728,2723212
2016-06-07,199.2467498779297,200.83630062642166,195.09010841607903,197.19818105785598,5231861
2016-06-08,205.63046264648438,206.4549966048662,199.38274760142315,201.0488147087721,6409267
2016-06-09,203.51388549804688,208.25704544549004,202.3408482313573,205.70695401300418,4718233
2016-06-10,201.40582275390625,205.14595082511315,200.67479100538992,204.0069118821175,1690059
2016-06-13,197.07066345214844,202.98687407698023,195.50661817435997,199.75676175832828,2410153
2016-06-14,197.61468505859375,200.0797672010246,196.18663334138046,198.46471108842917,1834093
2016-06-15,197.2151641845703,200.24976566154226,196.37363112188146,198.0566839354433,1490501
2016-06-16,197.20669555664062,198.30322997297517,194.8351152393462,196.9686935556252,3224483
2016-06-17,194.06158447265625,197.35969384404714,193.12654907377564,197.35969384404714,1990412
2016-06-20,193.6025390625,195.09858750261003,191.85998241387497,192.80351061947678,2468478
2016-06-21,196.5266571044922,197.84420752410804,191.91099747796576,193.46654987737784,4015772
2016-06-22,196.44166564941406,197.7422169963692,194.4866121266358,196.6796809626062,1195146
2016-06-23,195.328125,197.0706819026814,194.01058782023415,196.33966342097548,2122813
2016-06-24,194.97959899902344,196.00812318042395,186.33479894214136,192.92252401258966,2862360
2016-06-27,196.6031494140625,197.75068124186816,192.5655157340083,193.63654455250582,1445749
2016-06-28,196.00811767578125,197.03665514011294,194.09555582176722,196.69664473548005,1846830
2016-06-29,194.63107299804688,196.83264764576631,193.12651833478333,195.9996208397985,3078745
2016-06-30,204.66995239257812,206.50601156033994,195.8296537059134,196.016658129911,14278735
2016-07-01,208.5375518798828,211.65716275366557,205.40094181649044,206.50598232382973,3597017
2016-07-04,210.89218139648438,214.54730086715944,208.85210511828421,208.85210511828421,2843035
2016-07-05,209.25160217285156,213.00023686627523,208.25707621797312,210.77315633117792,1700584
2016-07-07,206.21697998046875,210.849638771818,205.51145367256035,210.79013494924536,2740926
2016-07-08,205.84295654296875,209.52358053531256,203.8453854062994,206.7099817547077,1596474
2016-07-11,217.54783630371094,219.60491112781105,207.4410002505167,209.7530762092215,3171145
2016-07-12,221.18601989746094,222.67357575950817,219.00995012186965,220.99901546109987,4302326
2016-07-13,218.669921875,220.98199831974438,216.38335087380392,219.68146031150746,1941175
2016-07-14,216.4853057861328,219.82591923822272,215.235765585427,218.66988123072386,1956626
2016-07-15,216.16233825683594,219.7919652721564,215.56732660016652,218.30440950684618,2636882
2016-07-18,209.91915893554688,218.38288287832654,208.40748397851462,217.11033833330583,4999224
2016-07-19,205.3841094970703,210.60241958265627,202.6682091196085,208.56121766495767,5073715
2016-07-20,203.6930389404297,206.98115843714697,202.41194803751614,206.4345651802082,2279009
2016-07-21,199.26904296875,208.61244932867152,198.28688160158578,204.6154579584961,4602089
2016-07-22,201.207763671875,203.7784792044044,197.28763782118148,199.67899550844635,2687880
2016-07-25,204.76063537597656,205.52074609761067,200.72093799587142,202.41197068697952,2718757
2016-07-26,207.17758178710938,210.90128236724303,204.76059838558157,204.76059838558157,4409017
2016-07-27,215.02639770507812,217.4263013937365,206.16980039771482,208.3732798747085,7732469
2016-07-28,210.58529663085938,215.23991953633475,209.24443310781064,214.8128981332667,4616411
2016-07-29,218.67323303222656,225.81317198746916,210.31200245627866,211.24292434370125,9217649
2016-08-01,221.80763244628906,226.22311146589618,214.3687772474557,218.80988263296473,5786680
2016-08-02,219.27110290527344,223.37058631332212,216.07691511705863,222.03825587757277,2611927
2016-08-03,211.74685668945312,220.17640767659006,210.6109504518719,219.49316264267193,3511678
2016-08-04,215.78656005859375,216.87974679195594,209.6629542106479,214.36881721306568,2451041
2016-08-05,221.9528350830078,222.56776091445005,216.07690686018427,217.78503268364264,2490447
2016-08-08,220.22767639160156,224.62609002263574,217.1018207722283,222.99482967964124,2007691
2016-08-09,220.11659240722656,223.3876456275173,218.15226988385365,221.20125913525055,2207787
2016-08-10,218.10101318359375,222.11509721251485,213.93321108275342,220.52654338671522,2209820
2016-08-11,218.43411254882812,220.8596428641619,213.85635525296544,219.68103059214758,1618335
2016-08-12,221.3720703125,223.4218051406592,216.93096480989144,218.16080303180087,2580938
2016-08-16,217.24696350097656,223.7634302758998,215.8206876598299,223.7634302758998,3839752
2016-08-17,218.2035369873047,219.83478382715018,216.4185586782662,218.2974825101524,2156466
2016-08-18,219.22837829589844,220.68882707845316,217.31528174152686,218.90383560810076,1727197
2016-08-19,217.05906677246094,220.12513576504938,215.70965669249568,220.12513576504938,1137780
2016-08-22,218.0924835205078,219.47605318969403,215.91463023805568,216.93096444485275,1472510
2016-08-23,216.3160858154297,218.73307000448526,213.73682356115464,218.73307000448526,1236050
2016-08-24,216.04275512695312,217.25552704686012,213.3780942605707,217.25552704686012,1360374
2016-08-25,213.3268585205078,218.63910055587456,211.8322500172231,216.93098801634784,1711304
2016-08-26,214.8897705078125,215.957344110913,211.39666657548375,214.07840707949487,909521
2016-08-29,214.83851623535156,215.81214431740614,212.09698981019682,214.36878866832419,1716944
2016-08-30,216.79432678222656,217.9387661457438,215.06912115591047,215.65842062481832,1581413
2016-08-31,211.302734375,218.52807308303193,210.15829497237058,216.9309858681501,4097949
2016-09-01,205.23887634277344,211.79804859861753,203.45389842286147,210.97815206663702,3642324
2016-09-02,207.7925262451172,209.58605087253605,203.89801409701565,205.93068247471976,2902428
2016-09-06,211.44790649414062,212.1482312486432,207.51923455435607,208.33059798481747,3612176
2016-09-07,206.19544982910156,211.88347352245623,205.36700661573047,211.46498531284743,2648762
2016-09-08,207.78399658203125,208.88574316423805,205.5378240121763,206.19545600407335,1270771
2016-09-09,208.84304809570312,210.7817578501809,205.59762086909527,208.39040027526178,2220221
2016-09-12,200.73800659179688,206.87014475980013,199.8497908275347,206.87014475980013,1663047
2016-09-14,197.3986053466797,201.3870625600418,193.8713424218957,201.3870625600418,3623794
2016-09-15,195.79299926757812,197.7658817637903,193.25644370097987,197.44133907555667,2561715
2016-09-16,193.62368774414062,198.99571506563814,192.351143389551,198.48328136664094,4755652
2016-09-19,193.05148315429688,195.67345116636545,190.73697806057714,193.62370283568362,3717097
2016-09-20,194.69126892089844,197.6975520894215,191.07005993951773,194.7254284938504,3047047
2016-09-21,194.97312927246094,198.24418296818612,193.2820964555051,196.0919557352608,3963558
2016-09-22,202.7279815673828,203.76138226762725,197.16804933128037,197.6292437160628,7891692
2016-09-23,202.71090698242188,207.4423827136624,201.54084120302986,204.46172567334975,6342433
2016-09-26,198.06480407714844,204.27382149446552,196.4335573809814,202.41196423988885,2133718
2016-09-27,196.0833740234375,199.37150691862647,194.53752637367668,198.5857699108871,2449194
2016-09-28,201.5408172607422,202.44611278365682,196.45062646465027,196.45062646465027,2054496
2016-09-29,191.90707397460938,204.53006852473453,188.26023791109222,202.4888664540477,3766186
2016-09-30,198.59434509277344,199.8498232794398,191.70209512633954,191.82166702505685,2608387
2016-10-03,208.24520874023438,210.0985196143591,196.43357862011544,200.48180951516872,3611729
2016-10-04,207.25450134277344,210.9525765197974,205.2389257838003,208.8515886426807,2542091
2016-10-05,210.4743194580078,212.1482726306296,206.2552769463863,207.36554354816732,2329386
2016-10-06,206.0673370361328,214.36879568512515,204.52150261724464,210.61093490111034,3952063
2016-10-07,203.43685913085938,208.2366811019787,202.30951280394243,206.06736064353098,3060297
2016-10-10,201.22486877441406,205.64889576481383,200.78930066675812,205.37560573399227,1053930
2016-10-13,196.65560913085938,199.7473046737612,194.70835293118867,199.7473046737612,2308875
2016-10-14,197.62071228027344,198.46623538384097,195.2037282404474,197.28763633791394,2497487
2016-10-17,193.27354431152344,199.53380157420648,191.95829363064675,196.8264344786703,2345202
2016-10-18,197.07411193847656,198.13315242589303,189.9939579568551,193.35895708832734,4104974
2016-10-19,195.0158233642578,200.70386072605595,193.67494635819034,198.6541123513354,3278616
2016-10-20,194.63148498535156,198.05626977006645,193.4955922359511,197.28761249607768,5234108
2016-10-21,196.68124389648438,197.28762316768407,193.41019038963069,193.956797091781,1974818
2016-10-24,197.21929931640625,199.84980053927583,196.16025888743224,197.88546451570795,2500859
2016-10-25,197.65489196777344,198.82494447174608,195.25498763488602,197.1509913712191,2477561
2016-10-26,192.6671600341797,197.33886313603486,191.24088408030886,197.33886313603486,3567715
2016-10-27,186.3642120361328,192.846519816358,184.6560995067307,192.846519816358,3206389
2016-10-28,184.44261169433594,189.51572410815402,182.597833816632,185.33082767717076,3092698
2016-11-01,179.992919921875,187.64529306850935,179.36946088828162,184.69024918849288,2938087
2016-11-02,181.56439208984375,182.40990171868822,176.6279324855854,179.1815679086806,4529384
2016-11-03,179.45550537109375,184.31631216188026,178.50390912481635,180.45852110979837,2413298
2016-11-04,176.74644470214844,180.89570162757678,174.0374300449898,179.53262886029995,2313242
2016-11-07,177.46656799316406,182.05303808709525,174.63751643779355,178.16953809367877,1898469
2016-11-08,181.13572692871094,182.70455799234205,177.96377619987834,178.1352326331814,2757470
2016-11-09,169.39097595214844,173.17159742523077,144.9154859274456,173.17159742523077,8264976
2016-11-10,165.70462036132812,177.89521362544792,164.3586918465531,171.4570107854308,8335376
2016-11-11,151.23362731933594,163.98145579581208,141.01479137661525,163.98145579581208,12489415
2016-11-15,143.57810974121094,153.6254918508282,138.02291164518317,153.6254918508282,11453974
2016-11-16,146.1156768798828,151.90234304672052,144.21249790260384,147.45304008534188,6927570
2016-11-17,144.88975524902344,151.730883300747,143.586680681942,147.27300157010933,7936424
2016-11-18,142.60940551757812,146.6729422638242,142.00930101894113,145.22412065540098,4764027
2016-11-21,142.0606689453125,143.99812241403842,136.30828002206619,143.99812241403842,6931445
2016-11-22,141.53778076171875,146.24427545953236,138.1086375722667,144.88118899434326,2800771
2016-11-23,146.14138793945312,147.27300606781782,140.08038598476136,144.0153329760791,6883567
2016-11-24,149.4504852294922,151.38793894794279,144.7182687531549,146.03848735113203,8630192
2016-11-25,156.7288360595703,160.29514632363663,150.36778969321483,150.88215904228076,6862563
2016-11-28,159.11209106445312,160.82665551377733,155.17714484380383,156.00871732826974,3789268
2016-11-29,155.77725219726562,160.98954970710685,154.96283742407897,159.28355066226206,4271085
2016-11-30,155.07431030273438,157.3289677071538,154.0027039494552,157.3289677071538,4627218
2016-12-01,154.58563232421875,157.32037023286495,152.5967320270215,155.51150525930834,2797882
2016-12-02,153.54832458496094,155.03143446433168,151.07077791845458,151.07077791845458,3054580
2016-12-05,153.7112274169922,155.5115272056514,152.8539449998818,153.55691523936684,4534916
2016-12-06,157.83474731445312,159.26642425813722,154.4741951794232,155.13431130620611,3098394
2016-12-07,154.00267028808594,158.59771904503546,152.75102886344985,158.59771904503546,11337784
2016-12-08,155.9916229248047,157.0546505383358,153.7969636171016,156.36882453922462,9262961
2016-12-09,152.55381774902344,156.4458956323575,150.45347341157884,153.96833645999214,6154493
2016-12-12,148.79039001464844,154.8256816313078,147.84737276272753,152.23667697715734,2340183
2016-12-13,144.68397521972656,150.53923049221726,143.73237926870692,148.99610917999667,2962950
2016-12-14,144.1696319580078,148.13885377130563,143.68097231241316,146.42428914305975,3539692
2016-12-15,146.14138793945312,148.5675152347694,142.52365758538346,144.70972433005505,3498895
2016-12-16,145.45555114746094,148.37032448964666,144.80401389274775,148.0531347270286,3533200
2016-12-19,142.15501403808594,146.08138195909214,141.4520304299667,146.08138195909214,3044055
2016-12-20,138.99160766601562,141.87209204220966,138.02288076906353,140.95479805093728,5575668
2016-12-21,138.82015991210938,141.3662969971504,138.26292307661393,139.73745396080662,4070521
2016-12-22,135.6996612548828,140.74050324289482,135.1081357281634,138.9830709681751,5642513
2016-12-23,137.79141235351562,140.2432489024327,135.45102047946722,135.79393336773308,6656755
2016-12-26,134.6366424560547,137.50854874784693,133.40214498115634,137.36280200402956,2708597
2016-12-27,138.5972900390625,139.21452530901635,134.59376580977872,135.6225046851563,1643233
2016-12-28,139.67745971679688,142.2150316815386,137.79143847381295,138.88018911426272,2557830
2016-12-29,142.6608123779297,143.8524422905163,139.84035262820368,139.84035262820368,4180040
2016-12-30,146.32998657226562,148.061695478361,143.3380572439776,143.85242662476196,3989431
2017-01-02,151.63656616210938,152.59672767657983,146.5957383493182,146.87863948515704,4089087
2017-01-03,153.1024932861328,155.66577402100077,150.93355826991794,152.59668948841878,3296058
2017-01-04,156.3345184326172,156.9260439619396,151.91092512274372,151.91092512274372,3478759
2017-01-05,156.857421875,158.42625292262287,155.85439302386865,157.68898086912702,6718411
2017-01-06,159.08636474609375,161.83824667417667,157.25177679403848,158.5977185866283,4834792
2017-01-09,159.3692626953125,161.76966625456953,156.4030569178652,159.79791050336058,1909903
2017-01-10,161.07525634765625,161.5124695792509,158.76916665929983,160.46658668356463,1544619
2017-01-11,165.59317016601562,169.21949230594606,159.89222626752445,161.16957752584167,5868883
2017-01-12,161.6154022216797,167.4620805850171,159.96941455554142,166.65624448377392,5475864
2017-01-13,163.7928924560547,164.41870658486403,161.2553339049674,162.69556294521607,1453615
2017-01-16,164.73587036132812,166.0646543869889,161.94112105035308,164.94161539990606,2129274
2017-01-17,163.77572631835938,167.41919275991074,162.71269898507995,164.94163289456532,1763775
2017-01-18,162.44692993164062,165.76462779156955,161.64109398697198,162.884156648233,2074047
2017-01-19,161.67539978027344,162.7555715393097,160.84382715446455,162.7127174898815,2369171
2017-01-20,156.41163635253906,161.59821040669954,155.63151022747525,161.59821040669954,3239641
2017-01-23,157.79188537597656,159.52359426953652,155.16859215514862,156.45452231052747,2751343
2017-01-24,161.7439727783203,162.31835396529874,157.92048410842034,158.8549225390136,2810546
2017-01-25,163.11561584472656,163.70714125591832,160.44087648598122,162.03543083488395,3935267
2017-01-27,164.84735107421875,168.02788141884153,162.38694866024784,163.69000980645006,4225680
2017-01-30,167.6935272216797,168.54224411752242,160.62093117450218,165.02737983049522,2756849
2017-01-31,163.69857788085938,170.88263185625038,160.07226899846586,169.3652334359072,5109780
2017-02-01,167.98500061035156,168.8851503831273,160.31230051876915,162.66125805209094,4743988
2017-02-02,166.43328857421875,168.83369208245117,165.39597110413524,168.02784281273924,2198633
2017-02-03,165.2760009765625,168.17361676280046,164.6330291226288,167.13629904179933,2287420
2017-02-06,165.3359832763672,168.01072283721635,163.74144223243255,166.3132891220624,1756976
2017-02-07,162.78985595703125,166.31328544668688,160.89525608208572,165.798916080128,1627515
2017-02-08,163.68142700195312,165.10452498198532,160.98097775576827,163.56998231957343,2288400
2017-02-09,163.3128204345703,164.84736337428004,161.16960763844975,163.37283221872357,7107120
2017-02-10,165.39599609375,167.8306885716458,163.39853034402822,163.39853034402822,5721442
2017-02-13,165.67892456054688,166.63907276398504,163.7414569978307,165.85894647505535,1452317
2017-02-14,163.07276916503906,166.0389754628962,162.36979898792188,166.0389754628962,2947155
2017-02-15,160.0636749267578,165.11308136662277,158.59772298227995,160.32943174722945,3353609
2017-02-16,161.53823852539062,163.2099492851118,158.99210105465448,160.65523294886657,2041580
2017-02-17,161.10958862304688,164.41870806509763,159.3007234411251,162.7127221407431,2290381
2017-02-20,161.4696502685547,162.16404158551666,160.140852561822,161.55537179051444,1518612
2017-02-21,162.626953125,163.1927553594719,160.33800759629324,161.51247953236566,1934278
2017-02-22,161.93258666992188,163.36426374632967,160.56951366763747,163.22709587444734,3018259
2017-02-23,160.07229614257812,163.61287068134664,159.12927872577157,162.02689477721387,12154238
2017-02-27,160.0636749267578,161.47819396498525,159.4978726816476,160.05509606299012,1943556
2017-02-28,159.31785583496094,160.8181099829223,158.70060718661537,160.31230602376058,2763844
2017-03-01,158.70916748046875,160.3894433372825,156.27447520556933,159.6264614808906,3549047
2017-03-02,154.1741180419922,160.1665411627063,153.46256914875676,158.92347867167481,2525778
2017-03-03,157.67189025878906,159.19785436178063,152.28813499401502,152.66535001224236,5167341
2017-03-06,160.08941650390625,160.8266752800925,157.0717639065802,157.0717639065802,2474077
2017-03-07,163.26136779785156,164.0843615195661,160.14941481625544,160.6552187748466,4526870
2017-03-08,164.65013122558594,165.7045929813644,161.76966048270262,163.74141616356025,3899099
2017-03-09,164.7616424560547,166.06470370432783,163.80148075694387,164.36728313742609,6747512
2017-03-10,164.48728942871094,165.56746115765984,163.71572860413764,164.3415427032617,2097519
2017-03-14,173.7802734375,175.53770579841947,167.94216054570023,167.94216054570023,12343066
2017-03-15,183.15036010742188,186.88811324297427,172.33141964039402,172.33141964039402,7548013
2017-03-16,180.03843688964844,184.4620299423021,178.10954823876065,183.74191545077045,3872081
2017-03-17,181.16146850585938,181.81299227827125,179.1897126097392,181.23004571597045,5706314
2017-03-20,180.66427612304688,182.7560425150846,179.08686575075004,182.60173033898047,1778764
2017-03-21,179.96981811523438,182.17304198056218,175.057566529031,181.17859199547576,2941803
2017-03-22,177.34657287597656,178.5210584700257,175.78630685229618,178.14384348024495,3606146
2017-03-23,177.09793090820312,180.03841369956746,175.15189820345958,177.45798810759132,2868836
2017-03-24,176.92648315429688,179.51548773738395,176.3006691001906,177.97236619924138,3652018
2017-03-27,175.0233154296875,179.88412173027706,174.22604486836875,176.42926920577548,2886761
2017-03-28,184.07626342773438,185.09643688898845,175.91491601406616,176.60074194835454,6314600
2017-03-29,182.12161254882812,184.83064052101975,179.41259800208846,184.83064052101975,3298116
2017-03-30,180.49282836914062,186.03088239469344,178.59821468747924,182.94465214882902,7316854
2017-03-31,184.8306427001953,185.88510456021567,180.3727616017489,182.17306102856878,3644028
2017-04-03,189.30567932128906,190.14581731354036,185.8679712744055,186.03084886911918,2805410
2017-04-05,189.89723205566406,191.94614442052156,186.6566897447178,189.46001869336473,3777511
2017-04-06,187.5739288330078,189.46852846326374,185.6107519995819,186.88810309950446,3173074
2017-04-07,186.57093811035156,188.97132849557542,185.18212873313607,186.3737584869426,1640360
2017-04-10,186.79385375976562,190.31729718233288,184.77066460815655,188.60273238019886,3987235
2017-04-11,185.8765411376953,188.60271367064982,184.16197650564754,186.88813561314882,2903777
2017-04-12,182.91030883789062,186.60520784712972,181.69296946531145,185.85937032474996,3952889
2017-04-13,180.17559814453125,183.44184983161253,179.36118329529197,182.60171181381398,1472648
2017-04-17,184.90780639648438,185.61935538791633,178.40957851950589,181.4015077739505,1479166
2017-04-18,181.82156372070312,186.6052132688072,181.1185936439494,185.17354994983194,1304368
2017-04-19,187.73683166503906,188.3283570687524,179.17254804305995,180.3727565778118,3492312
2017-04-20,184.3076934814453,188.07974876341737,183.6390119916079,187.74541473122468,1904869
2017-04-21,180.6299285888672,186.20228297975754,180.06412636930398,186.20228297975754,3075214
2017-04-24,180.6385498046875,181.61585576116832,178.77823828376273,181.4015318063739,2118313
2017-04-25,186.99105834960938,187.57400508989977,181.47871365121247,182.20740714566773,3497643
2017-04-26,180.66427612304688,187.7454516418456,179.51551366780703,187.7454516418456,4352292
2017-04-27,178.4010009765625,183.793320249566,176.08633226447992,180.5270689423538,10449718
2017-04-28,178.08380126953125,179.61834386053758,174.16601271280575,178.65818238317877,3570871
2017-05-02,172.94009399414062,179.4211638124462,172.44286895443898,178.97538510474953,3566458
2017-05-03,174.6289520263672,177.61230232095096,171.6284574292751,172.55431689198426,1955943
2017-05-04,174.82615661621094,176.08636372147515,173.85741612067415,176.08636372147515,1845368
2017-05-05,171.61131286621094,175.5719689504676,171.1998093302799,175.5719689504676,4535799
2017-05-08,171.25982666015625,173.24872691807806,170.9597812187999,172.777225020882,1265044
2017-05-09,172.19427490234375,173.17158078437828,169.87104046359892,172.0485416054211,3249951
2017-05-10,173.4459228515625,174.70612993430862,172.46861693373722,172.46861693373722,2288107
2017-05-11,173.9860076904297,175.51197156550225,172.7943778793445,174.0202962982048,2186286
2017-05-12,169.70814514160156,174.74898658584297,168.56796168748127,174.0288587078353,2419225
2017-05-15,170.8054656982422,172.1256844098132,169.74242495263368,169.74242495263368,3628956
2017-05-16,173.22300720214844,174.20031304754283,171.18267399445818,171.43986539606848,4162792
2017-05-17,173.62596130371094,174.5346900895032,173.2230365423949,173.2230365423949,2242518
2017-05-18,170.53973388671875,173.51450578710742,169.7595941594019,173.51450578710742,1260246
2017-05-19,171.2941131591797,174.4317756602677,169.75100507560367,171.62846062795336,1960146
2017-05-22,171.01119995117188,173.54875797232796,170.0853271111202,171.7999049528324,1809600
2017-05-23,164.46156311035156,172.25428701296832,163.79288155034297,172.25428701296832,1766972
2017-05-24,161.97543334960938,165.24168498214837,160.10655657699436,164.25581368503452,3189731
2017-05-25,165.2159881591797,166.51906273846447,160.63808282674015,161.23818720155418,3845294
2017-05-26,169.14231872558594,170.7625827254961,165.94464476590045,166.31326737867687,3896677
2017-05-29,170.3682403564453,172.58859521717247,166.82765345214568,169.39950005698773,3185693
2017-05-30,172.26283264160156,173.505895136748,168.54221059381112,170.55683374989354,1914223
2017-05-31,174.88612365722656,178.65817885787587,174.16600927614283,177.28652730325857,8968289
2017-06-01,176.1291961669922,178.05809805625938,173.53162619004905,173.53162619004905,3958939
2017-06-02,175.90631103515625,177.36369764189752,171.7570540083047,176.3263800288214,2758250
2017-06-05,175.08328247070312,177.13219412104127,173.89165294017275,176.92644909737743,2418974
2017-06-06,170.91690063476562,176.41209908971234,169.81957134631313,175.40050473532798,2002533
2017-06-07,171.48269653320312,173.6773550290347,170.89975001979087,172.48572541239852,1887524
2017-06-08,171.46556091308594,173.0772595516513,170.3510873076565,172.82864703508332,1911683
2017-06-09,170.0681915283203,171.97137021084555,168.80798460394448,171.62845731001343,3022620
2017-06-12,169.21090698242188,171.64559928568704,168.13930082548515,168.88513838850227,1509165
2017-06-13,166.4933319091797,170.5997216776981,165.9703836433923,169.39952640873642,2386578
2017-06-14,163.6900177001953,167.46207373287342,162.89274707203222,167.46207373287342,3317975
2017-06-15,167.0076904296875,167.93356334640987,162.0268609210876,162.88415662566135,3225042
2017-06-16,168.75656127929688,169.74243256880885,167.53064289030002,167.53064289030002,2165693
2017-06-19,170.48825073242188,172.10852819272026,169.2709113467789,170.4282389643977,1647139
2017-06-20,170.17965698242188,171.45702179068414,168.11360046123536,169.9139001231066,2566015
2017-06-21,172.4135284423828,173.81078437004015,170.02440531313567,170.75753042174748,1971877
2017-06-22,171.17152404785156,176.4500055303538,170.08476951765485,172.611894546635,2741429
2017-06-23,166.8762664794922,172.84475790680065,165.73776631900353,172.3013806813466,1587910
2017-06-27,170.67990112304688,171.5510282976365,167.49727620228134,168.17865557787206,3347734
2017-06-28,172.45664978027344,173.87114071706168,169.670782582412,171.44752053925066,2340245
2017-06-29,170.43841552734375,174.23341220496522,169.91228678232497,172.74991338092133,1687653
2017-06-30,172.4652862548828,173.05179178574681,170.27454181515427,170.77479097090662,3232313
2017-07-03,177.47637939453125,178.36475507661908,171.5682644145147,172.5515139892145,16628617
2017-07-04,180.40023803710938,182.15974072841126,176.0359987089823,179.19274360580155,17248239
2017-07-05,189.01663208007812,189.92225639693643,181.2541398651648,182.33226340870544,21040596
2017-07-06,191.65591430664062,196.13227747615895,188.9562894406081,189.5772921716278,8835216
2017-07-07,187.97299194335938,195.69235541069386,187.1794901557682,192.33723151445608,6835017
2017-07-10,182.07351684570312,184.12627260285103,177.48503178552937,177.48503178552937,1134521
2017-07-11,174.8975067138672,183.3672437119935,173.5520101548067,183.3672437119935,6893230
2017-07-12,178.21817016601562,179.56366700235685,173.36229809834592,174.914791330946,6961706
2017-07-13,177.03651428222656,179.71889000845997,175.94114219957072,176.98476856790458,3977382
2017-07-14,178.1146240234375,178.61487307785356,175.0182558078005,177.6747517179479,2663485
2017-07-17,173.97462463378906,180.25361724634593,173.18975393399504,178.61486806116469,3848348
2017-07-18,166.393310546875,175.7686739270253,165.51355220587328,174.22479819375897,7108111
2017-07-19,167.1695556640625,169.3603137908562,165.8499383718767,168.6013089545259,5631228
2017-07-20,165.55665588378906,168.8772828747882,164.73728793543182,168.5322844221005,3281603
2017-07-21,166.8417510986328,168.0147482705957,164.52162285311806,166.28974289504956,2467098
2017-07-24,166.315673828125,168.42879289588643,165.81542468118127,167.15229041502823,1821239
2017-07-25,172.18063354492188,173.18976271518142,165.85852594131154,166.45364889832769,5595610
2017-07-26,169.41201782226562,173.32776755824028,168.22177188919807,172.84476705528337,3350787
2017-07-27,169.24818420410156,172.1461743064624,167.60943457501725,170.06755226509074,7354746
2017-07-28,167.342041015625,168.7392834200589,166.6434130598559,167.9975272802562,2737262
2017-07-31,175.43226623535156,176.63977432171677,166.12591207774892,168.53228370389803,19179223
2017-08-01,178.3302764892578,179.74476749378917,174.74227624612172,177.0020283473908,9605691
2017-08-02,175.6565399169922,178.90815938132312,173.96603115089655,178.32165385912776,2726542
2017-08-03,171.7925262451172,177.33839477112184,170.42978096587896,174.9320230633584,4064578
2017-08-04,171.14566040039062,173.8797820449093,169.59316729098336,172.33590646831334,2929317
2017-08-07,170.44703674316406,173.36228873586828,169.93817006704646,171.12841616513754,2126462
2017-08-08,167.47137451171875,173.59511602993663,167.15224222994806,170.76612120387074,5401327
2017-08-09,162.62416076660156,168.1872774171895,161.37352455532266,168.1872774171895,4879011
2017-08-10,161.0716552734375,165.1426557426591,158.30303673649553,161.28728267348015,5277896
2017-08-11,164.22840881347656,165.23753807350195,158.73429964052815,158.73429964052815,4238976
2017-08-14,167.9113006591797,169.8087923620313,164.7373064337827,164.7373064337827,4039126
2017-08-16,168.7220458984375,170.5074150618994,164.66829349006875,168.9635394320548,2323654
2017-08-17,168.48916625976562,172.32729115807183,166.85041675848112,169.07565826137514,3173834
2017-08-18,167.73013305664062,168.25626171721288,164.71139017470188,168.10101107989985,1646584
2017-08-21,165.5221405029297,170.42975713415666,164.04727295554397,167.73013305827803,2695901
2017-08-22,165.3237762451172,168.3770300430991,164.219786623779,167.48865431959317,2711701
2017-08-23,167.54905700683594,168.95493061552764,165.68606241375707,166.61755295674357,2250919
2017-08-24,168.1873016357422,170.51604816185448,167.16092371448389,167.4886736257769,2318266
2017-08-28,169.29989624023438,170.343522573613,167.49726525337041,168.85139287648835,1271654
2017-08-29,167.60076904296875,169.73976740773136,166.54852518488437,168.1872744767228,1895324
2017-08-30,168.23902893066406,169.87777830765194,167.66978554518062,168.69614984692535,1267856
2017-08-31,169.91229248046875,171.6372848885526,168.29942255284456,168.46329075341518,3458818
2017-09-01,175.88938903808594,177.1486292496636,169.91226627768438,172.14613853056736,7154090
2017-09-04,184.71273803710938,186.09274522766583,172.55150993391726,176.812257990814,7904141
2017-09-05,185.17848205566406,186.82586227673926,180.6158639519788,185.35961229708462,5116528
2017-09-06,182.81524658203125,185.31649188492239,181.3662451112555,183.66049406320806,2272107
2017-09-07,185.79953002929688,189.40477911300462,183.97103262672013,184.39365645295743,5683961
2017-09-08,181.8923797607422,190.43111121192993,181.46112496726465,188.0161221883449,5054055
2017-09-11,182.332275390625,184.53165080568425,181.14202929758974,183.36727081873346,1515887
2017-09-12,185.04049682617188,186.11000278819407,181.46975894561737,183.47937281815732,2573076
2017-09-13,182.80662536621094,187.6797452028956,181.56463368673968,185.43725534850736,1992593
2017-09-14,185.69598388671875,186.97248612272708,183.039487994768,183.039487994768,1869070
2017-09-15,186.7223663330078,189.3357341127167,184.81624396919682,185.95474416706577,3310612
2017-09-18,187.08462524414062,192.33724074736028,186.29975445777293,188.5422443484097,3354471
2017-09-19,184.436767578125,188.0247542489741,183.2896362222451,186.81725964387806,1530400
2017-09-20,184.1780242919922,187.6797683358176,181.99589741445155,183.19477456712886,2380030
2017-09-21,183.84169006347656,186.29980806616678,181.46981494322947,185.57531382521387,4701611
2017-09-22,172.6981201171875,183.09124087699183,170.32624597277487,183.09124087699183,5796225
2017-09-25,169.4033966064453,173.69002463036676,167.05740174582027,173.69002463036676,3948394
2017-09-26,173.64688110351562,176.53625299455166,169.5327661750685,170.42114183196648,2944322
2017-09-27,181.04713439941406,185.81674925861094,177.20900991466544,179.3997540356073,13730033
2017-09-28,181.85789489746094,184.36775798393282,178.20090046629753,181.1247698033127,10357898
2017-09-29,181.88377380371094,184.43677876065826,181.3576585513563,182.84977494919883,3314368
2017-10-03,183.0912628173828,187.26575478809818,182.21150463034212,183.02225502444236,2913743
2017-10-04,180.85740661621094,184.47127306232065,179.41702245327238,184.47127306232065,2466641
2017-10-05,182.4012451171875,184.91975256300586,180.3485031105252,180.95225711582736,3832147
2017-10-06,181.7112579345703,185.1871355321933,180.452017651707,184.7472631864203,2102436
2017-10-09,183.8674774169922,185.62698004335218,179.4601100736439,181.72847925621997,3352373
2017-10-10,186.49813842773438,188.36975031436822,183.28101636113422,184.40225458378325,3477296
2017-10-11,189.69802856445312,193.8897834114582,185.35966758569643,186.2997891982056,4544589
2017-10-12,190.5691375732422,191.90601679771873,185.9633903606191,190.23277013742805,1685497
2017-10-13,188.98211669921875,192.50972621981023,187.9471079318999,190.56048919853419,3695405
2017-10-16,189.827392578125,191.405765313572,188.68889221872152,189.24088707199707,2499581
2017-10-17,191.12112426757812,192.57875694847664,189.3788833893853,189.74113042290227,4069910
2017-10-18,190.48287963867188,191.82837628969583,187.57625892946285,191.25911939450634,1924913
2017-10-19,187.12777709960938,191.0952732228354,184.98014732711812,190.45702196724088,147887
2017-10-23,191.6645050048828,196.2271239180367,187.0501403737579,187.97301329998288,7115782
2017-10-24,192.5442657470703,195.08000856706462,191.47475967875042,194.01050249874473,2278788
2017-10-25,187.99024963378906,194.6573695694034,181.22825580118555,193.71724813172673,3580401
2017-10-26,192.99276733398438,194.28651843513828,185.99791006287094,186.3687746628979,6765170
2017-10-27,200.01348876953125,202.2559786473815,194.23474459287695,194.23474459287695,4265235
2017-10-30,203.73086547851562,206.87034869325387,200.11698575439812,200.11698575439812,6147022
2017-10-31,201.47975158691406,207.56899785496887,200.09975763655135,206.9997544025759,5589467
2017-11-01,206.5340118408203,209.06975489274993,201.35038974232444,201.47976080431312,12831713
2017-11-02,224.57748413085938,230.56321198017466,208.37974965790698,208.37974965790698,26418605
2017-11-03,224.31008911132812,225.81945398008324,221.68809003912202,222.69720579579067,5615525
2017-11-06,225.62966918945312,226.4059223420169,221.44654671089566,222.52467008630003,8552900
2017-11-07,220.97219848632812,227.88944272460188,220.21319383022023,225.63832187331695,4606954
2017-11-08,219.64393615722656,221.48968170381133,218.51406703924766,221.1360657622849,4644558
2017-11-09,217.9362335205078,221.78297596990254,216.2802354384531,219.07473389030855,5720924
2017-11-10,217.45130920410156,220.70718282179251,216.13510064776725,218.2046643466793,2885314
2017-11-13,221.66835021972656,223.58204634538686,217.45130274962253,219.079232729761,2179122
2017-11-14,216.4208526611328,221.94545702523396,215.80604793046473,221.66835620545163,2041929
2017-11-15,211.14736938476562,217.52057983530523,210.3940142345461,212.43759551452203,3407450
2017-11-16,212.3423614501953,215.4423813889367,208.57558540106103,211.4850900332024,2502460
2017-11-17,225.30523681640625,227.47005127769694,215.61553661747993,215.61553661747993,9805044
2017-11-20,221.6164093017578,225.0974324814319,218.6203057859766,225.0974324814319,3790920
2017-11-21,219.42559814453125,223.21834232330718,217.95352223204813,221.1574441822933,3042690
2017-11-22,216.49876403808594,221.1487794771704,215.572224371139,221.1487794771704,2383304
2017-11-23,213.74513244628906,217.77169179559823,213.26887813345212,216.51609991559897,1729860
2017-11-24,214.68035888671875,215.9532679992185,213.4420839893673,215.0786794824708,2323105
2017-11-27,218.88873291015625,219.43426920627797,211.9786516951879,214.40323636119462,4576770
2017-11-28,220.97561645507812,222.67284201558908,217.52057580407097,217.52057580407097,5231820
2017-11-29,232.00750732421875,233.14186591154944,220.64656366260587,220.88903026800304,9091447
2017-11-30,229.91195678710938,236.32848008329455,228.60442716503397,231.80834936613357,9147064
2017-12-01,229.9466094970703,235.43657928974952,228.2580493707869,231.3753723659344,4501258
2017-12-04,224.08432006835938,234.92571145829865,222.02342142403006,231.89498693243291,3395848
2017-12-05,237.72262573242188,238.64917909607436,224.17089794857756,225.14073729906931,6558515
2017-12-06,232.52706909179688,237.61005317964214,230.5094703442105,237.61005317964214,5207716
2017-12-07,233.36700439453125,234.70051634068753,228.38792334337697,231.375361125453,3401929
2017-12-08,238.2075653076172,241.28160273674263,232.93407895484975,232.93407895484975,3943380
2017-12-11,240.97850036621094,242.58914039077644,236.9259721085306,238.99553578270502,3023467
2017-12-12,236.1639862060547,241.61064368526624,235.5318643188899,241.59334013852015,2526106
2017-12-13,237.4022674560547,243.30787624269985,233.45364115179348,236.0514244700231,3615224
2017-12-14,236.56222534179688,240.19046344313614,234.50134096999554,237.98236335851368,1949934
2017-12-15,243.63693237304688,244.53750336868282,239.35926760648485,239.35926760648485,5049940
2017-12-18,245.36871337890625,247.13519356099908,237.26365794414312,245.54191153715172,3138903
2017-12-19,252.04501342773438,252.72044829449231,244.1910761076105,245.23018372285694,4091704
2017-12-20,248.520751953125,253.33528753072673,247.65481521511305,252.0277306503617,3260927
2017-12-21,249.0229949951172,252.8330570704873,247.87995738742308,250.21797036574245,2785976
2017-12-22,253.71624755859375,254.83330250470806,247.85392627754374,249.21344780821778,2036915
2017-12-26,253.27467346191406,256.0889407676598,252.40008494161935,254.58223035563842,1330015
2017-12-27,251.74197387695312,255.07580856598355,249.38665744946684,253.27466668984655,3015097
2017-12-28,251.7852783203125,254.72943053372728,249.2654155593975,253.15342466596266,6809436
2017-12-29,256.55657958984375,259.1716666250741,251.1185459552008,251.46491527855287,2645924
2018-01-01,255.1796875,258.91182886821645,253.45649310744284,258.2883588245231,1092642
2018-01-02,253.43048095703125,257.2492209661803,251.4821508596794,256.8335833596277,1420686
2018-01-03,251.4822235107422,254.3224734060462,250.25261387863273,252.14032787854632,2552621
2018-01-04,254.38304138183594,256.8336084031734,251.04055529610028,251.98441211541922,2673614
2018-01-05,256.32269287109375,258.39225645658445,252.72911553855636,254.5821949674246,3591100
2018-01-08,261.4923095703125,263.1548874945674,256.32272582801835,257.1626801242643,2865039
2018-01-09,262.5140686035156,263.58781044589773,260.36655779720957,263.24144123475696,1356269
2018-01-10,263.43194580078125,267.72694033841526,262.0031558383719,263.76098435023835,4224151
2018-01-11,260.6263732910156,262.3755230128718,259.0590463985413,262.3755230128718,3373802
2018-01-12,261.4923095703125,265.70070570334104,257.3531818671391,260.6263999540308,5079960
2018-01-15,259.7257995605469,263.88223033926647,259.19758038007063,262.1503841814666,1097143
2018-01-16,261.674072265625,265.14644271062275,258.46149902825545,261.50955301920345,3112203
2018-01-17,260.6610412597656,262.72192627252315,258.04592742845097,262.72192627252315,2041133
2018-01-18,252.2095184326172,262.45343252209886,250.3391356795806,260.67827349549407,4088661
2018-01-19,247.30844116210938,254.9285920960084,243.88803450757572,254.9285920960084,2842840
2018-01-22,255.6645965576172,257.86404528098166,244.43353811091285,248.68524693894662,2549347
2018-01-23,254.3743438720703,258.8079021882805,252.49528214317826,254.443612287924,4602802
2018-01-24,249.0229949951172,255.0844709485251,246.67633024323382,254.58223413705804,2453361
2018-01-25,250.4603729248047,252.33078303151004,245.97490362071326,245.97490362071326,3041705
2018-01-29,247.90589904785156,262.54871149829506,246.32126866895996,255.4654324185141,4027800
2018-01-30,238.1036376953125,249.21346268745793,236.06870828528088,249.21346268745793,3896036
2018-01-31,238.9522705078125,243.32518594626217,233.98184027704556,234.34554021644797,3878060
2018-02-01,239.00416564941406,246.2692943961932,236.09467513921155,237.80053874915419,3704257
2018-02-02,228.93348693847656,238.02571409271647,222.34380553612323,234.1983214903828,4947754
2018-02-05,233.07257080078125,235.18544734038494,225.14069980950217,225.14069980950217,3432728
2018-02-06,235.9388427734375,239.21203364560915,220.9063598924247,221.68569750997645,6417617
2018-02-07,229.50502014160156,240.88326822611373,227.39214319709288,239.34192362720518,5578095
2018-02-08,231.6525115966797,234.92570264065498,229.5569652531705,229.5569652531705,1806177
2018-02-09,227.09771728515625,235.87820858774748,224.2747985255765,230.5094718810724,4429421
2018-02-12,229.62619018554688,232.32787547537626,224.40466954533747,227.2189227954479,3403232
2018-02-14,233.49685668945312,238.32006956550177,229.47028473631804,231.1848269766008,2747145
2018-02-15,235.55780029296875,240.72738362729905,233.22846645247435,234.64857763862008,2899436
2018-02-16,228.3359832763672,238.12960005114616,227.2535895641796,235.21143036870518,2640490
2018-02-19,223.37420654296875,229.2884925428977,218.63759210435109,228.33595689495854,3849579
2018-02-20,223.86782836914062,226.1711934377266,221.21809404099903,222.03206586918662,1846609
2018-02-21,218.53367614746094,225.76415653917343,217.34735288688867,225.31387117913022,3182881
2018-02-22,224.87225341796875,225.8334272278244,218.2132780400968,220.29150670982702,4378238
2018-02-23,229.09800720214844,231.3493936182282,224.27479333800542,224.53456347802555,2295230
2018-02-26,233.60946655273438,235.32400920022204,230.33627589271106,231.01171082466027,2170506
2018-02-27,233.53150939941406,235.0122369816861,231.5485451447024,233.36699013950377,2722072
2018-02-28,231.00303649902344,235.09887791286735,228.00694659486683,228.00694659486683,2520667
2018-03-01,231.81700134277344,233.44494488362773,229.64353507133228,232.06811971617023,2687957
2018-03-05,237.15977478027344,237.94776408539886,231.04633493450285,231.72174271537773,3061852
2018-03-06,234.83914184570312,243.14335316704228,227.31422753761314,239.2553435846964,4767060
2018-03-07,229.47903442382812,236.06872931755314,227.21895531893637,234.31955233416883,3559079
2018-03-08,229.68682861328125,232.33657640135985,226.11056817857937,229.98991187443826,2593325
2018-03-09,231.84298706054688,235.45389520075014,230.68264603873254,230.68264603873254,3048119
2018-03-12,232.708984375,237.2464198878651,231.2628903874898,233.0207194842939,6199010
2018-03-13,234.92567443847656,237.08183718111036,233.2457931288414,235.01227352825302,5220114
2018-03-14,238.32879638671875,239.3419217415181,233.47094777744206,233.47094777744206,3842929
2018-03-15,252.96290588378906,254.1232468722115,237.28098543466766,237.28098543466766,7293100
2018-03-16,250.39111328125,255.27494398338402,248.7285355019644,252.84168040490786,6334331
2018-03-19,243.15194702148438,252.7637119549288,242.13014303987197,252.7637119549288,3397141
2018-03-20,238.62315368652344,242.45919728934987,236.57092094068483,239.53237621878932,4886549
2018-03-21,241.93099975585938,244.76256991059725,239.3418690483903,239.51506720369383,3219433
2018-03-22,242.64979553222656,244.13917536887257,239.52379297205206,241.13440613055562,2718095
2018-03-23,241.43748474121094,244.39028903516711,235.53187615329855,240.7447461625346,2143596
2018-03-26,245.76708984375,247.03133355518673,240.72739142234306,240.72739142234306,3634483
2018-03-27,251.75926208496094,259.57856523453853,247.28241771235622,247.65476935588964,6723183
2018-03-28,249.31736755371094,254.23583239291008,248.32154583150196,251.41291363227063,3016155
2018-04-02,254.27915954589844,257.4397962811522,242.0436256779764,249.55987455999,5422680
2018-04-03,256.4439392089844,257.4397609557775,250.9453172914845,254.33974130601845,1854599
2018-04-04,252.01039123535156,258.5134862535715,249.38662607471156,256.66040684979515,4543132
2018-04-05,266.384765625,267.91745830842297,252.46935241647913,252.65985414015486,7311810
2018-04-06,274.5677490234375,275.43368560993576,260.8168561168824,265.3369865158731,11137441
2018-04-09,270.0303649902344,278.8281888358282,269.11249038935443,273.24296677563837,7944789
2018-04-10,270.35064697265625,275.1565565640883,269.64925685226035,271.38110272588773,2221884
2018-04-11,271.37255859375,273.62397268324924,267.5711479349008,270.68847174390373,3178745
2018-04-12,275.74542236328125,278.611654322067,268.7054559003032,270.168880205828,4046710
2018-04-13,278.29986572265625,280.5426000601144,274.1520873350191,276.05710426365863,4123135
2018-04-16,270.5152587890625,276.5680826007963,269.6666527496254,275.74543188047267,4714728
2018-04-17,270.801025390625,274.4379163537839,269.2856631964911,272.76668662918473,3149977
2018-04-18,271.84014892578125,274.4985488707687,269.3549471897829,271.00019456743627,3401200
2018-04-19,273.4507141113281,275.7887267932046,271.20797941276385,271.9440038679667,2191607
2018-04-20,272.29034423828125,274.9314398919598,270.35066587558066,273.4333815798738,1139627
2018-04-23,275.260498046875,279.1744892590064,270.5412139846843,272.4202487158512,1939143
2018-04-24,281.5730895996094,286.93317432051015,278.86275247599696,279.00128931595384,6402273
2018-04-25,279.2957458496094,285.5823572754081,276.438192735924,282.1099858557639,3789801
2018-04-26,283.8504943847656,287.3574998120662,279.69403647645373,282.28316750657444,6552111
2018-04-27,281.8155822753906,289.00276462655387,265.83925638546043,288.26674013345814,12501612
2018-04-30,278.8888244628906,287.0198655660842,275.20861979172435,281.77236068387276,5017703
2018-05-02,268.99114990234375,281.0708120370106,263.8735325164245,279.9537843429035,4929429
2018-05-03,272.61944580078125,274.8015639050701,268.012715863001,268.9565727324761,3481617
2018-05-04,277.052978515625,278.2652844365719,272.4202661221777,275.32113228680413,4245375
2018-05-07,271.90936279296875,277.0962765460468,270.870255112212,277.0962765460468,4344646
2018-05-08,267.45849609375,272.255727434789,266.35877178268737,271.2079679994291,3004403
2018-05-09,265.7440490722656,268.67952287438357,262.21106041035813,267.9088640417877,3097870
2018-05-10,259.7431640625,268.5323362288947,258.9118885602875,267.7270160498671,4231782
2018-05-11,257.6129455566406,260.7562784780606,255.17105717565005,258.4096138445644,8049048
2018-05-14,250.19198608398438,257.6216355539548,249.08360982178993,256.31407865042246,5931571
2018-05-15,254.75537109375,259.77773853571705,247.74138734135005,253.2486608611599,5304411
2018-05-16,248.66790771484375,256.66906122424996,246.39053887425362,252.59055071585877,3548852
2018-05-17,250.98858642578125,254.3224206862377,249.0489079415447,250.76345050059254,4832965
2018-05-18,244.3902130126953,252.4086961806539,243.61087557372596,250.83269063894272,3312341
2018-05-21,243.91400146484375,248.52073137131939,239.7488916641474,244.36427334325361,1684025
2018-05-22,250.6422119140625,251.2916643596429,244.01788375807715,246.19134989371236,2264641
2018-05-23,251.31764221191406,253.8894423885041,249.63773392888757,249.958120699107,2858435
2018-05-24,255.9763641357422,257.1800184066831,251.46488458659564,251.69004767261077,2622555
2018-05-25,259.30145263671875,260.47047238763713,254.8419391322235,256.30536320293913,2817479
2018-05-28,266.8263854980469,269.3029350252896,259.22356585927923,260.643677013178,2396975
2018-05-29,264.315185546875,268.4283301381823,259.3274525869184,268.1858635516556,2395522
2018-05-30,257.5177001953125,264.9733319454768,255.56936966410788,261.68281032432895,3256181
2018-05-31,251.8632354736328,261.52696889095375,250.14004072744717,255.1017925349411,4799594
2018-06-01,252.69448852539062,255.98500982961255,247.3863413331516,252.67715785888828,3072731
2018-06-04,250.33047485351562,255.10172361073592,248.17433940095307,252.8503373033274,2475493
2018-06-05,239.14271545410156,249.37795075114002,234.665871312482,249.21343148876582,4782711
2018-06-06,247.72409057617188,249.2134974677778,238.8743296917117,239.1600823140797,3776197
2018-06-07,252.9022674560547,255.22294923305677,246.09608962116167,248.90170455120116,3717348
2018-06-08,250.4344482421875,254.64284437552092,247.3950450077697,252.67718316857446,1601185
2018-06-11,253.2832489013672,255.17964112656315,247.30837393768374,250.7720656381468,2601100
2018-06-12,260.669677734375,262.27163895167774,253.30064528616418,253.30064528616418,4555509
2018-06-13,261.0420227050781,264.8001467072778,259.22357735701667,261.54425947508474,5680327
2018-06-14,257.1972961425781,262.7219005381758,256.78165847130725,262.7219005381758,2923088
2018-06-15,253.7681884765625,259.37073910042864,252.50394504192033,257.69948272496026,3110171
2018-06-18,254.1319580078125,258.3922919397236,251.29170826499166,253.19675283194903,1939184
2018-06-19,254.03665161132812,257.17998428790764,251.43021701466,252.5905580205626,2260510
2018-06-20,258.20172119140625,259.3880444518088,254.58216189089765,254.58216189089765,2305750
2018-06-21,256.9028015136719,260.12405335771876,254.608102672868,259.6044861100202,1471956
2018-06-22,258.7386779785156,260.02025251127014,253.04955347237367,256.84231218365113,1974161
2018-06-25,254.27915954589844,258.8772383331228,252.96295081416008,256.31408930362215,1751895
2018-06-26,248.6939239501953,255.2663154697855,246.7888793924312,253.80289105601238,2829456
2018-06-27,238.09494018554688,248.8930564337906,234.9256524657399,246.96202980795056,3435212
2018-06-28,225.77285766601562,238.75308015408203,220.35216930058073,236.90000056061172,8389628
2018-06-29,225.0454864501953,232.88210789465217,222.0234004232863,225.1407373184864,7740956
2018-07-02,222.7074432373047,228.23204675148517,221.87615446661775,226.68203716308878,2366970
2018-07-03,224.62118530273438,230.5527758700657,223.07117539565326,223.36559333681421,4844362
2018-07-04,198.34031677246094,211.98730846593713,181.49806810504973,211.98730846593713,94382685
2018-07-05,199.5266571044922,206.84372499865245,197.60429542122927,206.0903697905035,34745494
2018-07-06,192.54725646972656,198.98974817453708,191.49083173703806,197.25788856660952,15112463
2018-07-09,197.5869598388672,198.7992657502493,192.58190936021387,193.9673998931117,8817804
2018-07-10,208.87863159179688,211.09539742178282,197.77745821454246,198.2970256310562,24899736
2018-07-11,208.86129760742188,212.1518186553099,205.40625728752482,208.15124208469996,11767351
2018-07-12,210.1515350341797,214.23004557700148,208.8613089817181,210.47193538461175,8097701
2018-07-13,217.1395263671875,218.50768594087555,210.29871493797796,211.28587113790286,12773701
2018-07-16,209.94371032714844,221.50382028097218,201.38836893720853,216.4814530544424,17408971
2018-07-17,219.36497497558594,220.6378838096027,209.3808442166006,209.55402881522662,9442367
2018-07-18,215.4759063720703,224.47218399364232,211.52588672634394,220.8179971835472,9496824
2018-07-19,205.7748260498047,215.51065629007175,204.20003977120646,214.09247934444525,7133415
2018-07-20,204.0522003173828,206.2273185054087,199.9890765990822,203.5910787496022,7256671
2018-07-23,211.1343536376953,212.1175154350094,203.61714516125713,204.6351060110587,6771893
2018-07-24,220.08714294433594,220.7222869779785,211.07345241519488,212.03050812831486,7229643
2018-07-25,223.3671875,225.16819493371432,217.5813756690247,217.5813756690247,5297674
2018-07-26,245.52732849121094,251.94828535610915,222.39278381124683,223.3672254520397,49192337
2018-07-27,246.17984008789062,251.26960303255592,244.17002465947425,246.39735458560082,11182517
2018-07-30,246.3973388671875,250.5561656569504,240.48970325757165,246.04932114317748,6928838
2018-07-31,240.50714111328125,246.24075482458045,239.3847695314726,246.24075482458045,5306177
2018-08-01,242.67355346679688,247.61539995057174,241.39457259648407,241.9601048332762,6558705
2018-08-02,242.31680297851562,245.19667621236042,240.74201664690767,243.71759407353323,4168822
2018-08-03,249.3119659423828,255.44580854321248,243.45654295083241,244.30921492639757,8814715
2018-08-06,247.77198791503906,257.05540329680105,247.0933656398268,249.99931762087678,5730879
2018-08-07,246.44956970214844,252.3136871565299,244.9096093808328,248.3114689598839,3583002
2018-08-08,248.26797485351562,251.42624102910256,245.44031331171752,247.96344907189763,3484214
2018-08-09,246.37118530273438,250.73883278567462,244.88341050049445,249.77307084356562,2160972
2018-08-10,246.0927734375,248.73771861351625,242.83880415537632,246.04928144799948,4832709
2018-08-13,234.73870849609375,243.61317424468226,232.2329590372571,243.61317424468226,5204571
2018-08-14,229.7098388671875,235.76536412557525,225.5336258271794,234.0252753589052,5916186
2018-08-16,229.64895629882812,234.91274236725513,227.4129467826413,229.18784839942836,7434774
2018-08-17,230.88441467285156,234.27758083827504,227.31721238613162,231.36293566086795,3665991
2018-08-20,231.67616271972656,233.868666394169,228.54398930922684,231.43254211680184,4924539
2018-08-21,230.83221435546875,235.28684712405706,229.70984277529243,232.3026036949,6445107
2018-08-23,229.5792999267578,233.63372928585022,227.77830628943084,228.54395340293,3208590
2018-08-24,226.76039123535156,231.84146126025152,224.47215614634524,230.73650286571743,6090020
2018-08-27,236.2960968017578,237.52286551090458,228.47437669385232,229.69245245310756,8459643
2018-08-28,232.4766082763672,238.24502126162415,229.70985199144116,235.78279074724918,9222118
2018-08-29,234.7300262451172,236.20038827870673,231.39773793121114,233.16393276196598,4552651
2018-08-30,233.53805541992188,236.81813151749446,231.70226249939407,236.81813151749446,3433406
2018-08-31,232.44178771972656,234.90401800630798,230.04046258162072,232.30259152356854,4061433
2018-09-03,228.58749389648438,237.96658730959012,227.25631441231042,234.7387233380062,7170424
2018-09-04,225.73374938964844,232.0676949240484,223.9240623443753,228.99643999248096,5663434
2018-09-05,219.23446655273438,228.63966551784713,218.7298394787436,223.77611021865147,9941827
2018-09-06,208.4980926513672,220.29592399619887,207.07120901915565,219.77389738694472,11319074
2018-09-07,210.99514770507812,213.68359937714817,205.42684956871676,210.5514257143698,10278912
2018-09-10,207.4714813232422,214.01423523737063,205.64438100510012,210.899460844936,4161545
2018-09-11,206.48829650878906,210.6210313949004,204.49589408315518,208.81133080561335,4803889
2018-09-12,204.8700408935547,208.89835182364263,202.52960680863595,208.46333637266895,5043551
2018-09-14,211.43887329101562,213.3355714751482,198.3707530603421,199.06680221651877,12712337
2018-09-17,208.3240966796875,211.41276452798928,205.95757045442372,211.41276452798928,4678555
2018-09-18,206.84500122070312,211.89127206013617,205.43553074066978,208.81131098323445,3461702
2018-09-19,207.42794799804688,211.41276638491178,203.29522683029649,209.69877004023317,3415512
2018-09-21,202.0423583984375,210.99514359641407,168.81525844357495,207.59325690014182,13499218
2018-09-24,197.544189453125,202.14673812924295,194.38591023448657,200.82426533664153,10206751
2018-09-25,204.78298950195312,209.15933101073932,192.23691036374842,194.89056268357484,8261024
2018-09-26,206.8885040283203,209.66395295223032,201.93793745320536,206.31426522922465,3074634
2018-09-27,200.0847625732422,206.72322027970185,198.02274832096654,205.89668143876045,8999668
2018-09-28,200.2761688232422,206.12288667914996,197.20490029305668,202.0423638487018,6487437
2018-10-01,198.2576446533203,200.63287742787284,192.5240309838618,200.11085079204074,9647088
2018-10-03,187.56478881835938,200.71120103179334,184.19770103061182,198.37076708719482,6883803
2018-10-04,190.401123046875,196.27393284670288,183.98016689199545,193.15046602015448,11774976
2018-10-05,181.6658477783203,190.88835953769333,178.35967897105255,187.66917473475115,9027353
2018-10-08,163.66455078125,180.74357970498517,157.0086948372181,179.02089062395254,19862204
2018-10-09,166.326904296875,173.17418259652882,161.06311897023406,162.68141099203564,15524521
2018-10-10,187.92149353027344,191.27118168358476,168.09311858371055,168.09311858371055,15875774
2018-10-11,182.07476806640625,188.27820991921917,173.22639393111243,174.8794851234841,13326113
2018-10-12,180.96109008789062,199.2407810972369,178.55105856873053,183.84093598191808,10744765
2018-10-15,181.45704650878906,183.40595698808724,173.2351093780431,183.40595698808724,7609849
2018-10-16,186.63385009765625,189.28748930818244,181.8398781902164,183.57998086746466,6028015
2018-10-17,175.09698486328125,191.0884420156173,173.66140830092044,190.5403229397671,7263167
2018-10-19,175.70599365234375,179.05568108715448,170.82503921918948,174.35742845479737,10247640
2018-10-22,177.03720092773438,183.05792723766154,174.87948264538863,178.87299392634876,4845574
2018-10-23,174.9316864013672,180.01277036197837,172.72176947729747,177.03720616976815,8332877
2018-10-24,183.23191833496094,185.14601582490573,175.47109035679898,177.48959861450203,8718877
2018-10-25,188.73931884765625,190.40980945449166,178.12475049710065,179.7517354799852,7812265
2018-10-26,186.49459838867188,193.82909049047583,181.1438019106932,191.5234696078458,8670737
2018-10-29,188.6088409423828,190.62734956140403,179.14272169002095,184.40650776124053,9130324
2018-10-30,194.84707641601562,197.47460927199197,185.84207895913127,186.19009673641708,8506172
2018-10-31,202.68618774414062,203.5910448257725,186.5381199831074,196.22173941952434,10557584
2018-11-01,211.1343536376953,212.29152432276106,202.39908294699538,203.24302128373105,8677039
2018-11-02,218.20785522460938,220.13065969865318,211.26487150992594,211.26487150992594,6976439
2018-11-05,217.6400604248047,219.00276599532688,210.6256164688924,216.6442350186754,3512058
2018-11-06,211.9795684814453,219.30848463893503,210.52077565798942,216.63548119433915,3907331
2018-11-07,213.71788024902344,215.75321059201355,211.37681875505854,213.14135630492382,610558
2018-11-09,214.86219787597656,217.49152131125481,211.15843103029258,213.3160592803935,4325670
2018-11-12,212.56483459472656,218.68828158119823,211.83980205569725,214.88842708372326,4586817
2018-11-13,212.52989196777344,214.90589194977102,204.40606668934456,211.3942995164211,5590976
2018-11-14,216.52188110351562,222.208570061207,214.53897223432134,215.2552631967837,6399025
2018-11-15,220.21693420410156,221.01184335358437,211.56897983807448,216.63545179722735,4266610
2018-11-16,215.796875,222.75018271143753,212.79193001111614,221.43988486351543,5781220
2018-11-19,213.2112274169922,218.38252831848416,211.39428237810498,218.38252831848416,3847280
2018-11-20,208.3544158935547,214.8010631020496,206.50253234836202,214.8010631020496,4371500
2018-11-21,207.12274169921875,211.2195996469238,203.44518511939714,207.02665436738573,5482981
2018-11-22,201.8640899658203,210.0752748636727,199.6278570918034,208.24958823868232,3726205
2018-11-26,193.8275909423828,205.7774801014968,189.2066171122347,201.78545140600144,10256482
2018-11-27,192.2465057373047,194.9806579198775,188.73491354368556,192.0019235557929,6747959
2018-11-28,197.9768524169922,199.11244473893368,190.42955197433304,192.67452601145027,6108884
2018-11-29,205.7949676513672,207.18388372109706,198.29134619067636,198.29134619067636,8401543
2018-11-30,201.87281799316406,208.52039501424778,200.5450645547914,207.2362940060655,6394550
2018-12-03,203.19186401367188,205.54165347756543,198.85915155757772,202.39695473866502,4716442
2018-12-04,200.8682403564453,205.0175052539108,200.09080038246518,203.2005602783857,4616278
2018-12-05,196.2385711669922,200.73726171520357,193.9499304933951,199.51430953984055,5904856
2018-12-06,193.0589141845703,196.3521353177293,191.16336436291508,193.06765561520604,5089381
2018-12-07,191.1109161376953,195.06800664498536,188.87468339481615,194.447802913,3415024
2018-12-10,190.64796447753906,192.5260586877616,183.8344369313734,183.8344369313734,3850560
2018-12-11,199.9597930908203,203.50632379876066,186.55983805431075,186.95292879186596,6164310
2018-12-12,201.8378448486328,204.58073819220536,197.45272575014093,200.02964139260945,4379572
2018-12-13,204.75547790527344,213.7965103781565,202.57165257908068,203.34035121430176,11112393
2018-12-14,205.9085235595703,210.52077003884665,203.0084071702428,206.03082149739356,10781517
2018-12-17,208.99209594726562,210.3460737124299,204.0566489088776,206.15312840334818,3868243
2018-12-18,209.67343139648438,211.04487822890502,206.1705805644614,209.2803543485878,3732953
2018-12-19,222.75889587402344,224.4972226880523,210.71291977904033,211.56025013396467,13579209
2018-12-20,221.3700408935547,225.5891833513407,218.78438317281334,221.0031470451732,5238824
2018-12-21,209.73460388183594,222.4269966975808,208.33695996407744,221.54474149841863,12211271
2018-12-24,209.59481811523438,211.39429407522647,205.67267953581964,211.16718106274536,5704189
2018-12-26,213.1500701904297,214.71369156116674,205.92598378084824,209.47251414896684,5992586
2018-12-27,214.3118896484375,218.14668226574574,212.35517742683214,213.8401807721728,4243266
2018-12-28,213.9188232421875,215.2203798348013,212.48622727136123,213.840205087204,2729031
2018-12-31,216.62677001953125,219.78021035988857,214.9583195465885,214.9583195465885,5858538
2019-01-01,214.84475708007812,217.81476409242006,213.00161484303075,217.50029147418527,2801058
2019-01-02,208.84356689453125,218.73192853347183,205.5503601577956,214.90586400012532,8150541
2019-01-03,201.4185791015625,210.69546547739475,199.38324876417673,208.77370532249608,7929492
2019-01-04,203.12196350097656,204.7467340111023,197.94193448602576,200.91194127145636,8526785
2019-01-07,205.5066680908203,207.55072590732635,202.45804370269911,205.03495928396745,4619126
2019-01-08,208.38063049316406,209.08818017115314,203.6722965507357,205.62900889250216,3904257
2019-01-09,211.38558959960938,212.61725580429155,207.64687015266267,208.38064416891132,4281943
2019-01-10,207.26248168945312,213.2898405947486,206.15309996361992,211.0448665360646,4499231
2019-01-11,207.84776306152344,209.24540685289506,204.59823577464095,209.24540685289506,3453973
2019-01-14,204.24008178710938,208.08361586294077,199.99472922838382,208.0399360748401,2841326
2019-01-15,207.58570861816406,208.3369517703152,203.61114862346042,204.58077704913734,3991299
2019-01-16,207.58570861816406,209.5948285108544,205.27959898053237,207.90018122326367,6081029
2019-01-17,200.82460021972656,210.97502902970453,199.68900767584654,207.55078221675893,10575083
2019-01-18,198.4311065673828,203.95181861936985,197.6536665351043,202.48428445064604,5531054
2019-01-21,194.74481201171875,199.2959094556441,193.38210657542393,198.99016461554945,5588102
2019-01-22,191.5040283203125,196.1250028646243,190.27234846788275,194.09841372185525,7498811
2019-01-23,190.08889770507812,193.39957393778226,188.6912402431481,191.47781373743388,6367122
2019-01-24,194.71859741210938,195.8454620627499,189.74821240342794,191.96697598679998,4188091
2019-01-25,195.69696044921875,197.96814533014805,193.74898959265772,195.67076351957618,6112994
2019-01-28,184.4371795654297,196.36960156085814,182.24461265300968,196.36960156085814,12306863
2019-01-29,179.3531951904297,184.4808162764262,173.83248339156037,184.3148522420231,19258629
2019-01-30,177.2742156982422,181.10028076162808,175.16026707641262,179.0736917198089,8838910
2019-01-31,177.38772583007812,179.0649034730733,173.1947817225902,177.50128231051482,10373175
2019-02-01,182.93467712402344,185.01367350115038,176.45307845673602,177.50131123445425,10270101
2019-02-04,179.02999877929688,182.39308244534143,176.453082876303,181.6942605760261,3978152
2019-02-05,186.60350036621094,187.62553626305913,177.87694088947913,178.20014122274912,5716008
2019-02-06,186.60350036621094,188.3068889676718,183.5374200353831,187.80898316347182,5796923
2019-02-07,192.32513427734375,193.9236941724984,186.58603681249988,186.58603681249988,7851650
2019-02-08,187.21499633789062,191.30312668179567,185.8173524212652,191.30312668179567,3361425
2019-02-11,184.53323364257812,189.90543679350444,183.45879027642135,189.90543679350444,2335482
2019-02-12,182.1572723388672,186.93546972618395,180.55871225591278,185.01370926224556,6049757
2019-02-14,182.89974975585938,184.40222241184222,180.6460476118149,182.04369150394422,5375222
2019-02-15,175.0554656982422,182.6114954064875,174.18192454920055,181.86899363771818,6374788
2019-02-18,175.21267700195312,177.31788405813396,173.797550391991,175.6144954764656,5008784
2019-02-19,174.8719940185547,178.759207805956,174.05087420980536,175.4048518552601,4985020
2019-02-20,183.6160430908203,185.10977422321793,176.11242170996636,176.45309123145233,9935782
2019-02-21,184.40220642089844,186.58603165290384,183.3190352344003,184.38473724174764,4013447
2019-02-22,187.59934997558594,188.6650657982948,183.7034078928618,184.83900044105837,2763490
2019-02-25,192.05435180664062,193.29475938639428,187.59934140412466,189.71329009172342,5280883
2019-02-26,197.36537170410156,199.43562640909,188.73488727983928,190.42953417548384,7557686
2019-02-27,197.23435974121094,201.63696212563272,196.1773991916369,197.41780663717526,6533981
2019-02-28,199.55796813964844,200.66734999472044,196.54429517584796,196.8587677772635,4139295
2019-03-01,202.64151000976562,203.53250649936345,199.9335685046318,199.9335685046318,4289189
2019-03-05,214.6787567138672,216.23363668119106,203.36654052042272,203.53250455205662,10059761
2019-03-06,216.714111328125,221.30888900439948,214.22455465750204,214.7137327690419,5793582
2019-03-07,214.73117065429688,218.05931593394934,213.14135228339455,217.4653228221321,2220601
2019-03-08,213.2112274169922,214.53025299009954,210.72167112766635,212.984114417078,3476265
2019-03-11,220.03350830078125,221.8591811940042,212.8880393431273,214.8185409930342,4251903
2019-03-12,222.30471801757812,224.4972712846714,220.33926410901023,221.87668887301447,4893493
2019-03-13,223.6761016845703,226.59370057209503,221.18654552641,223.62369415193385,5038486
2019-03-14,217.82345581054688,225.98223231441438,215.7881392390079,225.98223231441438,5046199
2019-03-15,221.3700408935547,222.31344508691535,217.54397553641724,218.04188140515478,5298885
2019-03-18,216.27734375,224.49725654396713,214.8884276390963,223.58879077021547,6658233
2019-03-19,213.2986297607422,218.01569192843357,212.74830264921073,216.63550343414755,4475985
2019-03-20,210.82650756835938,214.093517869787,208.73876953184603,214.01489971879272,6669743
2019-03-22,209.3939208984375,214.8884225614599,207.90017606130257,211.86600820731857,5917900
2019-03-25,209.59481811523438,211.3855663254395,206.3627600029085,208.12729760403556,5869540
2019-03-26,210.36351013183594,212.09309552751827,207.987510440027,211.568979155489,3298727
2019-03-27,217.63125610351562,220.71481876721185,209.12308333701907,211.13220274986006,15179446
2019-03-28,223.31797790527344,226.06959926967696,219.0813532318403,219.0813532318403,10449610
2019-04-01,215.94540405273438,225.37078613602094,214.36431326362776,223.62373129273928,4224828
2019-04-02,209.332763671875,218.76688649905833,206.2317312907306,216.28605785817115,6964143
2019-04-03,209.37643432617188,214.1895828551988,208.502893326321,209.64722711137685,8845694
2019-04-04,211.0448760986328,213.1238862200268,208.88726151233953,211.3942870353639,3702230
2019-04-05,213.78778076171875,217.63131518978633,211.2370751568733,212.26783890733319,5106347
2019-04-08,216.9412384033203,218.20785663712914,210.94881678689023,214.8884386175405,4072963
2019-04-09,213.65673828125,219.72777747137087,212.72206193892674,217.9457706842104,5304853
2019-04-10,209.10565185546875,216.18124401621554,206.89561599899318,213.57811742638873,8243002
2019-04-11,211.35060119628906,213.84017114903207,209.24539420683058,209.29781542173987,6868983
2019-04-12,214.02362060546875,214.4603911369545,211.9271548859982,212.11058811252954,3316041
2019-04-15,213.3072967529297,216.26856165072098,212.45123868099338,215.29894708840237,2388051
2019-04-16,214.8185272216797,217.85841049219127,210.2412194577036,212.52987333969165,4376796
2019-04-18,212.38134765625,216.98483799976117,210.1101632822794,216.111310809717,3374885
2019-04-22,204.13525390625,212.33771076098355,203.34908611636192,212.00576899374147,3383193
2019-04-23,203.698486328125,205.74254436188667,201.25259615106543,204.65063179138573,9232228
2019-04-24,205.97842407226562,207.02665698544126,200.8420609099299,203.8819445660549,3740512
2019-04-25,201.45350646972656,208.59898847448247,200.21309907812568,207.01789791372144,3752869
2019-04-26,198.37872314453125,204.23136399198202,195.94157399658093,202.13489807884025,3760392
2019-04-30,194.0896453857422,198.9814117308957,189.73072314628004,198.1166122179309,6560234
2019-05-02,190.91873168945312,193.90620737282904,190.1412917070279,191.1283755058679,3274341
2019-05-03,188.62136840820312,192.00193512542745,186.68212529851147,191.56516459229562,5164642
2019-05-06,184.98748779296875,187.3547601304808,183.44134902567515,186.06193132269965,4333136
2019-05-07,178.72427368164062,187.59060038847497,177.387765183452,186.06191723770488,5189879
2019-05-08,179.46676635742188,183.7994786225282,176.8811225501082,177.6760317900751,8360644
2019-05-09,180.48007202148438,182.2183853452917,173.13367326731563,176.10368002814351,15833680
2019-05-10,178.01670837402344,183.42386391438015,176.83743618288926,179.07368263129365,6500692
2019-05-13,172.5309295654297,179.96467382405453,171.2643115161811,177.99049248113184,4360539
2019-05-14,177.9293670654297,181.47589807271834,173.27345414954604,175.38740288111345,6526992
2019-05-15,178.2001495361328,181.65059300786314,177.27421460096488,179.42310156955395,4689824
2019-05-16,175.12530517578125,179.42307856184914,174.1993703593474,179.07366764849402,2687968
2019-05-17,180.4364013671875,182.56780553840082,174.54880876598165,174.88075055393904,4624463
2019-05-20,191.7311248779297,196.0201569508717,187.1101510603646,187.1101510603646,5509594
2019-05-21,189.739501953125,199.67153144655381,188.89217145048534,193.18994557630543,6271196
2019-05-22,186.02696228027344,189.5560234687788,183.00454828695166,189.5560234687788,6393878
2019-05-23,185.86973571777344,196.7888615916767,182.92593971048572,189.29398201862205,9824210
2019-05-24,193.50440979003906,194.23817006656515,181.5195674077198,186.58603998339748,10362737
2019-05-27,198.85914611816406,200.7284988657801,193.08511014471347,194.36046972983968,6234988
2019-05-28,198.4398193359375,202.5890979111575,196.2123281621234,199.33955723431572,7188785
2019-05-29,193.8275909423828,198.6058010561941,193.06762013129662,196.8936847939573,3612879
2019-05-30,197.02471923828125,197.76722090420924,193.3733598749935,194.80595566991542,3517764
2019-05-31,203.41024780273438,212.78322233869733,198.29135385942567,198.6058264669875,20138264
2019-06-03,204.3274383544922,208.2146384813249,202.76381687432428,205.22716263293805,9783481
2019-06-04,203.60243225097656,207.37607636333263,203.00842536818087,205.2796104519926,5305915
2019-06-06,186.1492919921875,203.88194685171197,184.8477354264101,203.68977218346132,11824928
2019-06-07,190.88381958007812,193.39958676254824,185.5902338285515,187.63429209933483,10197766
2019-06-10,187.99240112304688,194.70985397869927,183.2840815397777,191.1283715955877,6951022
2019-06-11,193.88873291015625,194.97190399865752,186.76072022761792,188.6824939186363,6925795
2019-06-12,186.62094116210938,194.44776091149055,184.8738731667285,194.44776091149055,7217686
2019-06-13,189.35513305664062,191.36425293177257,181.17015868493996,185.36310391652577,9565700
2019-06-14,189.54733276367188,193.26856931486478,186.1056167914393,188.6825330553503,7851963
2019-06-17,177.84201049804688,184.3148683217608,174.70603963045008,178.89898480045863,164823582
2019-06-18,183.60731506347656,186.5161730724484,178.56705283256008,178.56705283256008,29222856
2019-06-19,186.91378784179688,189.14744265725795,183.09725449779597,185.6826493861436,15773245
2019-06-20,192.51548767089844,195.0129509467248,184.1349269737268,186.9577577307892,9441885
2019-06-21,193.18382263183594,195.13606883312042,191.45142602286873,193.67628076085583,12582174
2019-06-24,195.96266174316406,196.7892873164344,190.08836493639308,194.7315234255969,16615737
2019-06-25,196.79812622070312,197.3257570324237,193.69388657256474,194.96021153796374,12611244
2019-06-26,193.39488220214844,198.20513203805456,191.1788273925219,197.51042436710026,10148954
2019-06-27,193.22779846191406,194.6084274827814,191.02053000265582,194.6084274827814,6149747
2019-06-28,190.02684020996094,193.99287815949506,188.9891649209394,193.99287815949506,9396727
2019-07-01,185.48919677734375,192.53308788531615,184.6713711078221,190.6512005780814,7406740
2019-07-02,187.79319763183594,189.57835332102536,186.01682821491983,186.01682821491983,8987214
2019-07-03,190.82708740234375,191.33713190965202,187.67008872928648,189.04193162676478,4672613
2019-07-04,186.93141174316406,191.79442096838085,186.09598592742114,190.8095045697474,5086959
2019-07-05,189.5080108642578,193.11350896192155,186.7819112797141,186.7819112797141,10641358
2019-07-08,181.60231018066406,189.3145366406327,179.39504152416794,188.36480668338405,5804482
2019-07-09,185.09344482421875,186.25423792675332,181.15379381833225,181.15379381833225,7432608
2019-07-10,181.89248657226562,187.72282507011153,180.29200797517174,186.07837380005938,6904329
2019-07-11,183.53692626953125,185.90248515786675,181.89247510316875,184.4778835708476,7196036
2019-07-12,183.9942626953125,186.23670423675912,182.59603330592674,184.91762016699118,5778593
2019-07-15,186.087158203125,186.95774268796623,182.03317556334756,185.68263168044518,4585909
2019-07-16,190.6775665283203,191.70644165217305,185.7266128219801,186.41253416174362,7271609
2019-07-17,190.6775665283203,194.33580908319743,189.28813753460292,190.73032547089133,8556620
2019-07-18,184.84722900390625,190.29942711573696,183.8974854042672,190.29942711573696,7643091
2019-07-19,186.7115478515625,188.36479926781908,182.91258685736466,186.14873065444488,13297269
2019-07-22,182.6047821044922,188.08336639605395,181.51433425449505,185.0230999251208,3542114
2019-07-23,172.5006561279297,183.73922149850438,171.68281665222733,183.70404886487114,18067890
2019-07-24,162.7482147216797,171.83229661995617,159.88142514196616,171.12878896076867,15662058
2019-07-25,173.4767608642578,178.51564655737207,167.96300333406148,169.5458956860822,53014832
2019-07-26,171.6740264892578,177.24934325615976,170.85618703208874,173.40642325810202,10405314
2019-07-29,170.15267944335938,174.11871743152813,169.2908810801568,172.50065237531408,7274703
2019-07-30,170.42529296875,172.78205224176403,169.56349458044934,170.16148444296957,7533752
2019-07-31,170.46923828125,171.55968615797488,168.66649648199368,170.22301611194217,7845964
2019-08-01,170.1350860595703,173.18656660847685,169.42277830143956,170.42528092605778,6542499
2019-08-02,172.08734130859375,172.69411743246366,168.84239734665616,170.93533428322286,6750479
2019-08-05,170.69789123535156,172.69409630045763,166.41527248748946,170.5396006335735,8810194
2019-08-06,172.92274475097656,174.391319174281,169.9855959043677,170.3901087097065,5850025
2019-08-07,175.49935913085938,177.28451483837875,172.97550928022343,172.97550928022343,7077737
2019-08-08,176.32598876953125,178.49807102734408,174.56720561164883,175.8775032646053,5379035
2019-08-09,183.2906951904297,187.30949132074724,177.35482569479242,177.62744797373261,8043742
2019-08-13,173.68780517578125,184.4690977198618,172.36872136982535,182.72791480808806,5510271
2019-08-14,183.18519592285156,185.36607813879613,175.0068979417494,175.70161939630916,11219639
2019-08-16,181.53195190429688,186.99293663897154,179.34226972138146,182.91258094959016,5665733
2019-08-19,182.94773864746094,186.35977275862354,181.03947898136104,182.91256601954467,5419683
2019-08-20,181.0043182373047,185.04950153907697,179.5093711662905,183.89750829623395,4748099
2019-08-21,177.9616241455078,182.46409264929068,176.44909087241874,181.15380888588552,3430214
2019-08-22,173.51194763183594,177.4955720814886,172.5973902860308,177.4955720814886,3896631
2019-08-23,177.6978302001953,178.51565589243435,168.0861301048134,172.78204845951288,10089894
2019-08-26,179.33348083496094,187.20399723760528,178.16388759144246,182.04199371146515,11003444
2019-08-27,179.32469177246094,181.76939630002147,177.37244541365536,181.15382014618112,7235462
2019-08-28,174.40892028808594,181.5935161724817,172.377542273783,180.8724220793532,5610445
2019-08-29,170.09991455078125,173.65263954965084,168.84238968278328,172.3599420500137,5780358
2019-08-30,169.9240264892578,172.53580767695658,165.76452566654964,171.1287923308727,9502571
2019-09-03,169.34361267089844,171.62122619756684,164.5861361254514,167.08359922940755,7140142
2019-09-04,173.16017150878906,173.65262963838936,166.38008939806636,169.19413388555577,6339334
2019-09-05,172.36871337890625,175.8159201840084,171.14637502010245,173.5646791520602,5086975
2019-09-06,174.98049926757812,175.54331642665622,171.93781892330998,172.72927194602255,3284543
2019-09-09,177.4955291748047,178.24300944191813,173.28326984984338,173.28326984984338,5141257
2019-09-11,181.9012908935547,182.4113353514266,177.49555396893837,178.4804702541226,5666852
2019-09-12,182.543212890625,186.421318474614,181.58468310441324,182.68391716386034,5902152
2019-09-13,185.07589721679688,185.93769562420655,182.54326094657634,182.90381488093652,4125491
2019-09-16,185.29574584960938,188.188922267125,182.65757791789764,182.9301864925311,4621276
2019-09-17,179.75558471679688,187.27434747326808,178.26942398974154,184.35478496597062,3374403
2019-09-18,182.36737060546875,183.2907279415217,179.94026618914052,181.99803042536487,2772306
2019-09-19,182.1651153564453,183.79198049244593,180.57342285408623,182.71913253685508,5004330
2019-09-20,200.74656677246094,204.5191413269009,178.35735540723363,183.6336907745661,11252943
2019-09-23,205.3018035888672,210.99143828615357,200.64984418755785,201.55561522488685,7884154
2019-09-24,205.01158142089844,206.1811608198338,198.91742094332741,202.78672677849258,5953226
2019-09-25,196.0594482421875,204.32567816540285,193.55318464130565,202.3470591542972,7060423
2019-09-26,193.86097717285156,199.18127173708206,192.88484708848546,196.45515855338508,7645657
2019-09-27,192.58583068847656,196.5254816232672,191.31950595526047,191.70643239192785,5833398
2019-09-30,188.36480712890625,194.1687598723976,185.67388032909423,192.5858674255146,5723515
2019-10-01,183.818359375,191.9087258195961,180.53824287542233,189.0683085374108,5988891
2019-10-03,181.54954528808594,186.24546351383108,177.63626632837838,184.67137116633685,4077079
2019-10-04,179.32469177246094,183.58092458594083,178.1638985012234,182.6839536010882,3631106
2019-10-07,186.77310180664062,189.14744719964202,177.47796974853298,177.47796974853298,8758749
2019-10-09,197.60716247558594,200.50033873542674,185.0231271914258,187.1336504045041,8480201
2019-10-10,190.2818603515625,196.27927613645042,188.84845853349404,196.27927613645042,4090924
2019-10-11,186.55322265625,191.80315703103588,185.64745180839765,191.46898954653452,3797288
2019-10-14,183.73043823242188,188.76932434466104,182.33220896412908,187.8371669086034,3214928
2019-10-15,184.69773864746094,185.54195065380864,180.8020598831403,183.73042243196917,4158564
2019-10-16,182.83343505859375,186.88741814768582,181.06586576554758,185.84974291327234,4055470
2019-10-17,188.23287963867188,189.0683053834639,179.67644153105314,182.73670837088474,6022883
2019-10-18,192.80569458007812,194.59085024588197,186.09597108545034,186.79947880791286,5404154
2019-10-22,196.55186462402344,198.35462021022028,189.9652597228111,190.9237895944,6801276
2019-10-23,189.5167999267578,198.03806581016903,187.45023557521966,196.98280418148076,4962297
2019-10-24,188.32958984375,192.36598626741846,186.4301164646274,191.00292988852212,4476831
2019-10-25,197.88856506347656,199.32196695525965,187.37989371955211,189.06831786482314,6992747
2019-10-27,195.38229370117188,198.74155530498848,194.16874156250614,198.74155530498848,353460
2019-10-29,202.01287841796875,203.6661298034295,183.88871348317136,183.88871348317136,7662863
2019-10-30,203.19125366210938,209.20626925862734,198.74155783972202,202.98020410738576,9194870
2019-10-31,200.26287841796875,205.2490047389248,198.56566827322817,205.0731278259219,5135479
2019-11-01,201.22142028808594,204.8796628007594,200.06941343502086,201.5116151262563,3906042
2019-11-04,200.350830078125,202.82190698095246,199.2691822089935,201.37971900316745,3056248
2019-11-05,200.359619140625,202.64601895645714,198.38978674356338,200.32443274157515,2709536
2019-11-06,200.4036102294922,202.72519681728477,198.74157248474296,199.99909740549836,5050915
2019-11-07,203.58335876464844,208.72394720529635,201.03072145454735,203.59218376168891,8534909
2019-11-08,197.20619201660156,205.35871875780398,196.26110122758683,203.58335896740147,4506343
2019-11-11,197.8421630859375,202.53228980473514,196.47309884240235,196.9147360389711,4200525
2019-11-13,199.8913116455078,203.49502264600682,197.8421418315603,197.8421418315603,5654659
2019-11-14,200.8982391357422,201.6755166699576,196.3935898671918,200.95123061570553,4486181
2019-11-15,199.30838012695312,202.74426431111303,198.425105756739,200.67743050267265,2426784
2019-11-18,198.9727325439453,200.83641151996684,198.37210710050263,199.6175106384743,3133894
2019-11-19,198.92855834960938,199.61750290080363,197.4800001101106,198.84022538629245,3009047
2019-11-20,198.99920654296875,201.11020660277092,198.02762697490485,199.61749576724108,2028043
2019-11-21,199.4143524169922,202.17896951015666,197.85981118699777,200.23579643073464,3518950
2019-11-22,201.5960235595703,202.59410584818636,197.93930711324808,199.42319305032697,2384474
2019-11-25,202.49696350097656,204.0338410368083,200.40362696679213,202.2584810731111,4926325
2019-11-26,197.0383758544922,203.85716602922042,195.2276884379318,203.8218383769749,8024647
2019-11-27,200.76573181152344,202.8237264655073,197.49764758813959,197.49764758813959,4949935
2019-11-28,202.20547485351562,204.7404345702033,199.4055300699704,201.01306280108275,6922362
2019-11-29,199.12286376953125,202.9738958220245,197.05603022494185,201.55184031296886,2544555
2019-12-02,193.858642578125,199.67051221696207,192.78989108730173,199.6175207336081,3904811
2019-12-03,192.61325073242188,194.82140915997172,189.9811327475962,193.43469485210815,4261966
2019-12-04,192.3924102783203,195.90780230084493,190.02526382749448,192.02144224975348,2325399
2019-12-05,195.87246704101562,198.5310872801699,192.074426271695,192.39240280734293,5689924
2019-12-06,189.55711364746094,195.87244965367907,188.84166650576233,195.76645287377772,2565148
2019-12-09,193.15203857421875,195.20120863172573,187.60514005702652,189.23035057339385,3430871
2019-12-10,189.53944396972656,192.55136803649594,188.76216654977867,191.31480352648435,2276700
2019-12-11,190.4138946533203,191.862439000814,187.91424894773857,189.01832794997878,3173849
2019-12-12,194.35325622558594,196.08444953747522,191.13817700395563,191.57097533192794,4246899
2019-12-13,195.2364959716797,197.7979580146203,194.23841380745878,195.5014810043863,4505517
2019-12-16,194.50338745117188,196.71154536643004,193.84094560950743,194.8478666147895,2925115
2019-12-17,193.0548553466797,195.90779145889795,188.6650280601094,191.4826365205686,8021666
2019-12-18,196.7203826904297,199.03452353657732,190.97034439203733,194.31790888885166,4286141
2019-12-19,199.997314453125,200.84524729242415,196.64973574634269,196.72040488511658,5028238
2019-12-20,208.82110595703125,210.12833977124015,198.02763657344357,199.98847346247308,10163215
2019-12-23,205.3852081298828,209.13024364318122,204.5196114734181,208.43247408622253,3996030
2019-12-24,203.85716247558594,205.51770042501462,202.7089169716377,204.74042292774482,2931863
2019-12-26,204.2369842529297,206.25965152796246,202.77960094217713,203.1329051488878,2699586
2019-12-27,205.73851013183594,206.63060943458552,203.67167647419106,205.50004156143552,2672291
2019-12-30,205.4116973876953,207.7435159762702,204.4312790072447,206.50693754859034,2195656
2019-12-31,206.87791442871094,207.99965721683665,203.87481522228407,204.8905612289975,3703482
2020-01-01,201.81683349609375,207.99968480999416,201.40169897622454,207.51388114904768,2196560
2020-01-02,204.99659729003906,205.597222779324,202.26732142661064,202.26732142661064,3168384
2020-01-03,204.89939880371094,206.1536271867149,203.3271939106986,204.89939880371094,2353761
2020-01-06,197.3386993408203,203.50388722101158,196.4731025914393,203.36256276212146,5609275
2020-01-07,198.6017303466797,203.32719777635435,196.59672712854416,198.1247794048819,2259925
2020-01-08,199.67050170898438,200.31529363447302,193.6554776187467,194.3179333710904,2488271
2020-01-09,202.6382598876953,203.88366333882286,198.22194383342594,201.22502934437654,4429857
2020-01-10,199.7676544189453,203.93666325420008,198.98155189929062,203.11523308176436,3238158
2020-01-13,206.34793090820312,207.01921149308185,198.76952859453743,200.6773735817736,4603870
2020-01-14,200.04144287109375,214.35031644610842,196.3670769007556,205.64133169743815,11214451
2020-01-15,194.11477661132812,199.26420397112489,190.8025393806314,199.1582071788038,9560897
2020-01-16,194.16775512695312,196.5260763984333,193.11668143253596,194.8478746537248,3540302
2020-01-17,192.15391540527344,196.4289208668195,191.60629531136738,194.2295878299146,4240326
2020-01-20,189.61895751953125,196.75572412579973,188.55020614472102,193.9646183222411,6226911
2020-01-21,192.44540405273438,194.9892024518967,187.75527791557317,189.19499729251868,5697452
2020-01-22,189.91043090820312,193.64664129592884,189.3098193334055,193.64664129592884,2393511
2020-01-23,191.5003204345703,192.3659170923606,189.9899318658386,191.0940109292181,2333040
2020-01-24,191.47381591796875,194.84788338405733,190.97036228814005,191.314827649121,2219067
2020-01-27,190.793701171875,193.6113236003308,189.2568237557813,190.25491987589032,2957203
2020-01-28,190.7583770751953,194.30027179477045,186.68653987926166,190.78487973192696,5549276
2020-01-29,195.59864807128906,198.02762462721876,191.6327942179696,192.0214260405878,6731533
2020-01-30,184.363525390625,195.79294612282894,181.96103787575206,195.5544637537171,9032875
2020-01-31,180.28286743164062,186.35970751637856,179.59390907767184,180.78632103767583,10177347
2020-02-03,174.52398681640625,177.53591106501432,170.56695801382065,174.88611597987452,6463098
2020-02-04,185.39694213867188,196.95886273280587,182.1288718076346,186.3685354754578,31528888
2020-02-05,200.13864135742188,201.38403105945457,186.36856100486298,186.54521310554225,23348512
2020-02-06,215.29542541503906,218.07770623998255,199.68815567315332,200.0591375156392,31541240
2020-02-07,216.06385803222656,217.1061067296791,210.83493688719335,216.62914194467123,7724083
2020-02-10,213.20205688476562,216.73511202485628,211.72701006391307,214.27963310041932,4832770
2020-02-11,215.3042449951172,222.90031242930263,212.9017710699523,214.52698134230195,11631840
2020-02-12,215.27777099609375,220.12688566030081,214.67714555730436,215.1629353737634,8940845
2020-02-13,223.00631713867188,226.4687037128556,214.28850656320654,218.16602763299738,12410234
2020-02-14,227.24600219726562,228.85353501726604,222.4145510749391,224.3930519432254,8635663
2020-02-17,225.97406005859375,229.64843996702973,224.44602162243245,227.70525323058047,5306659
2020-02-18,225.0554656982422,226.42451583887774,219.99435809523854,225.5854219299994,5270296
2020-02-19,228.0674285888672,230.3639198156075,223.56277910516178,224.3577205040003,6498152
2020-02-20,236.94422912597656,240.14164491702533,225.58547440169482,226.2920828750632,17032706
2020-02-24,235.928466796875,241.4841759053363,232.16575363878613,236.7145554830725,11650874
2020-02-25,233.69383239746094,238.17197944163297,231.41500488735667,236.70575719739756,9680263
2020-02-26,225.57662963867188,232.82823279499982,224.00442444354712,232.28061262577012,9315406
2020-02-27,222.19371032714844,225.5766027423764,219.23477740132714,225.5766027423764,11647620
2020-02-28,211.3295440673828,222.9267918351811,206.13595109999127,214.6329419119093,68263144
2020-03-02,226.75137329101562,239.92081506930842,216.39952644372957,216.39952644372957,13413992
2020-03-03,222.07005310058594,230.48755103270958,220.99247670231102,227.1311612214698,8501584
2020-03-04,205.86215209960938,224.33118156471187,199.03452366831604,224.33118156471187,26657015
2020-03-05,207.5050506591797,211.80654519134347,199.14938283364978,207.92018516806078,18451432
2020-03-06,195.25416564941406,199.44083799862048,176.4141677425507,198.91088174960288,17605691
2020-03-09,174.47100830078125,186.94269434249392,172.5984903949692,184.9553546396016,18188971
2020-03-11,174.55934143066406,179.38195373840597,168.0496883240057,169.60422966560017,14345210
2020-03-12,148.63555908203125,169.23325529534236,146.72769975778735,169.23325529534236,15827157
2020-03-13,145.91510009765625,155.18053079404433,126.63345001422286,134.7859766669061,14103988
2020-03-16,134.9007568359375,150.71116280126995,132.28630388205315,139.2022499095374,15813430
2020-03-17,137.241455078125,146.5069004789684,134.7859893545342,135.13929357616905,17656438
2020-03-18,121.41337585449219,141.23380858288388,119.61152713609222,141.23380858288388,17477319
2020-03-19,109.9927978515625,129.16844784801663,103.51847870420454,116.59077763787346,18719938
2020-03-20,102.6175308227539,117.42985290595547,100.65668698956925,112.52774678106485,21766088
2020-03-23,79.8558349609375,97.15896373255907,77.72717098604726,92.3628406670803,11334920
2020-03-24,85.65885925292969,91.6032200401788,77.91264321467592,79.14037578415031,18324009
2020-03-25,100.16204833984375,102.45853231518342,80.09431102203617,81.26021337655476,13457734
2020-03-26,115.07154083251953,120.1944653401478,98.21887451919547,104.04841431197855,19072393
2020-03-27,128.10850524902344,143.83942126305624,120.15913369709594,120.37111343430232,20152971
2020-03-30,107.6521224975586,122.92375149699312,102.49387047189767,121.89032779316555,18705667
2020-03-31,116.70558166503906,118.4102861933702,106.87485976020686,113.58766033182535,19371894
2020-04-01,109.81613159179688,118.16296774967404,107.23699841279084,113.95863797304679,14566228
2020-04-03,91.97420501708984,112.1214372248153,90.9761158777156,112.1214372248153,26790698
2020-04-07,95.08329010009766,99.70276101489435,88.34399406504986,94.61516412755141,34760386
2020-04-08,105.18781280517578,107.5814546932859,90.65813439419117,92.74263860300876,26753505
2020-04-09,119.40835571289062,120.24744964295391,107.41363648454177,110.5845558751763,17482271
2020-04-13,113.95862579345703,123.10040236198802,109.55997363876185,115.87530300043383,15848592
2020-04-15,117.07653045654297,124.89341574681637,113.15484340152899,115.00086515734797,16997200
2020-04-16,120.34461975097656,123.63919316510213,113.56999582594986,115.00088336525175,22650772
2020-04-17,141.6842498779297,144.41353904276468,124.54011776153459,128.07315936792725,22884553
2020-04-20,121.0158920288086,145.3851242264702,120.47711077062085,143.08864709294082,38988900
2020-04-21,103.97774505615234,119.18753619974585,102.15822586260549,115.17752291110907,37973339
2020-04-22,107.06033325195312,110.03692984567098,99.98539726104822,105.81493675666667,47074891
2020-04-23,113.69364929199219,116.59075184177127,108.28807602054447,108.28807602054447,25187388
2020-04-24,118.03931427001953,123.4802160255937,102.32606640946524,107.75813625087962,66007078
2020-04-27,113.41983795166016,121.16606215306058,112.52774555244083,118.53393068934643,30305312
2020-04-28,122.82658386230469,124.01015690608958,115.0538580367619,116.41409007043413,24649950
2020-04-29,123.15338134765625,126.55395094690532,120.46825884831223,124.186804936408,24473248
2020-04-30,137.96572875976562,141.2426382610626,125.42338852412477,126.32431282495033,34771661
2020-05-04,132.03021240234375,134.94497918029782,121.92567281766557,130.72297846797844,29957456
2020-05-05,130.65231323242188,139.12280283964822,128.26750297411067,135.78406294509892,26163924
2020-05-06,138.00987243652344,140.4388489578628,127.49905272416666,129.65420537552487,25532074
2020-05-07,133.47874450683594,142.5586982233916,131.63272940831794,136.19919509006445,20184197
2020-05-08,131.50022888183594,139.37893085098645,129.54821721395228,136.81746882817822,15570361
2020-05-11,130.0428466796875,135.65156051531326,128.2586482476324,134.2206800705902,13766164
2020-05-12,118.37494659423828,125.30857277635013,113.76431424576272,125.24674246530836,38395737
2020-05-13,118.64875793457031,127.71104828462035,117.22671609450613,124.20449500304662,30865033
2020-05-14,114.50624084472656,127.18989740293381,113.43748954740254,122.7824204453795,51965854
2020-05-15,113.29618072509766,116.57309016677563,110.62872169139398,113.36684294500543,32669666
2020-05-18,101.77843475341797,113.83497913303778,101.32797257075917,113.58766479922804,36118323
2020-05-19,103.71278381347656,109.70130552570487,101.8490978384958,103.87177209484791,46902063
2020-05-20,102.24657440185547,106.33608271812736,100.69202607054297,103.6951259287506,31786880
2020-05-21,101.5841064453125,105.25847951757784,100.72734175316783,102.63518704887473,23458867
2020-05-22,95.59558868408203,103.10333079763613,93.2284421819725,101.22198104147321,44794085
2020-05-26,95.03913879394531,98.71351233762374,93.97921922556857,97.1766348421985,21553675
2020-05-27,98.04222869873047,100.05607097861386,94.80948552109776,95.92239653994326,35686663
2020-05-28,100.25037384033203,102.97082417978373,98.83715027999222,99.80874363901998,35909718
2020-05-29,101.09830474853516,101.98157205118326,96.62899059407121,99.98539389507994,52742343
2020-06-01,102.44969940185547,106.75119345091761,101.6635969553493,103.34179862912522,47660217
2020-06-02,103.51847076416016,104.80803396263427,99.4642902245358,102.44971925008343,43884702
2020-06-03,108.96818542480469,113.23434499234614,105.58528627343323,106.16824091456198,64900364
2020-06-04,108.28807067871094,112.51890251203004,107.0956656824941,108.94168060723828,43446986
2020-06-05,108.62372589111328,110.6198974318729,106.06226346812242,110.12526877443835,34226016
2020-06-08,111.60031127929688,115.70748264445291,110.40790624321019,110.40790624321019,42807428
2020-06-09,109.45398712158203,114.99204609157536,108.28807778595974,112.51007798400836,33829097
2020-06-10,112.1744384765625,113.35801164704941,108.12909033920548,109.98394422824566,29463487
2020-06-11,112.6867446899414,119.41720269115994,108.68556254519018,108.68556254519018,78834902
2020-06-12,120.90109252929688,122.54396692558967,107.05152346066096,108.64139945457104,62866209
2020-06-15,118.85189056396484,124.99057428714208,117.29734956018996,121.89031727545837,58269452
2020-06-16,115.78697967529297,123.48019825410675,112.78388722817427,123.30354616404928,49514874
2020-06-17,114.47976684570312,117.57118571644925,113.23436323374884,114.64758704342442,32228040
2020-06-18,117.75666809082031,118.49860413948834,113.23435499533812,114.46209469002706,20756310
2020-06-19,116.3875961303711,122.27013414134537,115.80464147691427,117.86264313141106,35029627
2020-06-22,118.75474548339844,121.35153537906938,117.56234732341454,118.95790022999586,22841765
2020-06-23,120.82157135009766,121.18371433908851,118.36610605172513,120.6537580984099,17707425
2020-06-24,120.52127838134766,126.94261228750996,119.77051729177342,121.89034260129199,47148729
2020-06-25,121.96983337402344,122.71176944541067,118.00397910974374,119.33770180520645,20789342
2020-06-26,124.52244567871094,129.6630333241555,123.32119501346236,124.01015329652971,46059822
2020-06-29,121.99633026123047,123.96600597174748,120.86574854813884,123.62152677699818,19406481
2020-06-30,121.81966400146484,125.14956461288573,120.92756479639628,124.3987898345574,14633073
2020-07-01,123.89531707763672,125.42336922089707,121.01587869112255,122.35843993874498,19160826
2020-07-02,123.29471588134766,126.04165507235902,122.11114277902034,124.94641492741503,13257540
2020-07-03,122.95025634765625,125.07009550828046,121.72253040285463,124.48713386038771,14183569
2020-07-06,123.23290252685547,125.94451444077653,122.0669930891913,124.62845555364869,13310118
2020-07-07,127.87003326416016,128.71796611427698,122.74710850976352,123.6568578377057,48060904
2020-07-08,133.88507080078125,138.5575338591998,128.95646147891281,128.95646147891281,69896387
2020-07-09,130.79161071777344,139.42161282042053,129.44997621057914,135.61426342675563,30924865
2020-07-10,126.7123031616211,132.13324348320134,125.7514022232316,130.35648691131024,25107850
2020-07-13,124.94459533691406,129.24146873436254,123.64827552018453,127.99953744393432,19801490
2020-07-14,122.37013244628906,126.52196152891541,119.20639871002821,124.01091792639481,22900460
2020-07-15,118.67156219482422,124.73613341627211,117.96448350671929,123.64830728169478,20145055
2020-07-16,122.1978759765625,123.21316545227478,116.84944444322,120.00411759809462,18430920
2020-07-17,124.7814712524414,126.16843461721044,122.64210066490774,123.10443100802173,15845655
2020-07-20,125.2437744140625,128.18086615741714,123.51233216271241,126.068704135778,15304000
2020-07-21,123.18599700927734,127.6188430825292,122.75087483308579,127.45567745356409,11892635
2020-07-22,126.02336120605469,127.62787823918289,122.70552241055651,124.53668138223371,22858225
2020-07-23,127.48287200927734,129.3593459079826,125.63357854984227,126.47664246489536,20176900
2020-07-24,128.15365600585938,128.9060629720833,124.19220116863525,126.6760501716294,15248350
2020-07-27,123.77519989013672,129.25960280421913,123.17691220474806,129.08736323104594,14390240
2020-07-28,126.05963897705078,126.65794060821528,121.59959867909474,124.62734742014987,17310970
2020-07-29,131.36273193359375,132.26924444904364,125.38881777652685,126.00523964753683,28290470
2020-07-30,123.93840026855469,133.58369350610138,123.28571010845658,132.35083585172546,25095445
2020-07-31,125.33443450927734,125.99619870566224,121.87156336525395,124.19223354534437,18297860
2020-08-03,121.65398406982422,127.72761551948575,121.20072778503926,125.53385676100068,15999280
2020-08-04,118.6987533569336,122.86870271191917,117.12141656892481,122.01659254949509,21306715
2020-08-05,116.45060729980469,121.38202391205792,115.32652676744348,119.36956496105523,24257215
2020-08-06,119.79560852050781,120.74744931009006,116.58656070017285,116.75880026990355,21276985
2020-08-07,122.69646453857422,123.28569209286994,119.47834260351715,120.20355532346105,14479860
2020-08-10,122.26133728027344,124.48230398620655,121.49080994940223,122.92310136901844,13149795
2020-08-11,122.44266510009766,123.64831470123119,120.65683414849093,123.28571518947015,10408940
2020-08-12,120.5389633178711,121.83526950053196,117.8466201960405,121.47267004822636,20110705
2020-08-13,127.3287582397461,127.90892571563221,120.45739148430148,121.18259045494634,27781705
2020-08-14,124.43698120117188,132.45960894284462,122.68740479265405,128.3621821896014,60667095
2020-08-17,123.10440826416016,128.52534949330231,122.4789123853584,126.5491587544113,21394200
2020-08-18,125.33443450927734,125.8239590883096,122.03472900340779,124.10157674706865,22155020
2020-08-19,124.90836334228516,128.34405379490318,124.35539011063265,126.54916274473783,19863345
2020-08-20,124.69984436035156,126.27718092646552,122.93214793504896,124.44602199324564,14624945
2020-08-21,124.46418762207031,126.73046921084696,124.01999145104746,126.36785585727164,9103730
2020-08-24,124.06529235839844,125.28001570107105,123.38540803241692,125.09871598059905,11317105
2020-08-25,125.99617004394531,128.14460011795637,124.73611829534863,124.8448953627065,21874405
2020-08-26,131.68907165527344,132.53212162097824,125.66982934992886,126.9117470194314,42148055
2020-08-27,130.6103057861328,135.61425801270397,130.01200429368035,133.2573202842871,34442525
2020-08-28,140.10154724121094,142.08681236217177,131.44434777637832,132.11517218603274,67783000
2020-08-31,127.35595703125,143.75476624345384,126.5491613903215,141.45221654982586,47226170
2020-09-01,128.053955078125,130.5378043913038,122.81431375844562,128.54347959067115,33124360
2020-09-02,125.5338363647461,129.29587121659068,123.76613990775012,128.72476396422206,18654170
2020-09-03,126.4947509765625,129.1508398534111,125.64264082673252,126.90269267646,18043260
2020-09-04,124.63640594482422,126.55820797748152,121.30043282322823,124.91742260066191,19787000
2020-09-07,124.65454864501953,125.76956915592156,122.4698636864241,125.6426579391057,13560900
2020-09-08,120.14009857177734,125.09872297301499,119.2970485999332,125.06246855980694,17598430
2020-09-09,115.82510375976562,118.93444203698918,114.23870682069527,118.93444203698918,28371765
2020-09-10,114.13900756835938,118.47213679541458,112.52540929146173,116.9401282509,29577885
2020-09-11,116.69535064697266,117.39336914737468,113.6676022064717,114.76448150524764,18580305
2020-09-14,115.38998413085938,117.93728911724851,114.48347157448478,117.8466323286975,18452905
2020-09-15,118.27269744873047,118.75314800966775,115.17242608423004,115.87043772790189,15997600
2020-09-16,119.36051177978516,120.70214654797506,117.04890189499356,118.63529893698797,19950565
2020-09-17,118.63529205322266,119.84095539505442,117.23926882347644,118.63529205322266,13616760
2020-09-18,117.23019409179688,119.9587915265848,114.94577889506631,118.92536790963463,14308610
2020-09-21,115.57128143310547,118.36334862374554,114.40187943016024,117.73785275990136,16103830
2020-09-22,116.15145111083984,117.30271202718592,111.14749823523687,115.58034380921667,20122560
2020-09-23,111.15657806396484,117.93729538935965,110.04156451722326,116.97638040938098,17343095
2020-09-24,102.2274169921875,108.78150575715874,100.72260975894058,108.78150575715874,44394795
2020-09-25,107.02285766601562,107.65742053089112,103.54185317671667,103.70502569441138,21093985
2020-09-28,111.52822875976562,113.6041431587015,108.23759096334676,108.60019733679319,18254035
2020-09-29,110.50386810302734,113.52255619585388,109.5429602111836,112.77921626979045,14131620
2020-09-30,112.28971099853516,114.85513623455516,109.57923351999413,111.50104259766742,21418750
2020-10-01,119.42396545410156,120.50270374362648,113.34126030319548,113.67667242846694,31031565
2020-10-05,118.77127075195312,122.5604863346666,117.52027908479751,120.02224858682581,14426150
2020-10-06,118.66249084472656,120.55711264396437,117.13049620809119,120.0222597107805,12240375
2020-10-07,114.90951538085938,118.48116958424758,113.54974676168527,118.40864693135117,17276795
2020-10-08,115.8613510131836,118.4267828399502,114.77353886788332,116.03359058737684,16935265
2020-10-09,116.23304748535156,117.84663881796867,114.28404399859515,114.85514445074791,17527430
2020-10-12,119.95877838134766,120.89248497538577,116.34178920223542,116.94009066024444,30896760
2020-10-13,118.16393280029297,121.07383074296085,117.52030271439536,120.19451234102428,14237305
2020-10-14,120.60242462158203,121.83528225366616,116.00641314563485,117.66533278653155,16828665
2020-10-15,114.61038208007812,122.19789462046842,113.9214306049156,121.47268181333504,15350725
2020-10-16,117.32083892822266,117.67437822834938,113.58601208254741,115.48968683310844,13772355
2020-10-19,119.2517318725586,120.54803821384309,116.7950767108877,117.33898978818495,12763000
2020-10-20,119.41488647460938,119.97693362454976,117.30271071232883,118.57183649812312,8548565
2020-10-21,120.7384033203125,123.82961429660654,117.37523582478653,120.18543013637805,31740925
2020-10-22,126.92990112304688,127.58259131704578,118.97978156023021,120.51179010358085,28175610
2020-10-23,128.7338409423828,130.15707227096811,126.78484451253091,127.69135705335201,21913570
2020-10-26,125.09870910644531,128.36215922474335,124.45507922701275,128.18084568195246,10113485
2020-10-27,133.64712524414062,135.75930093432635,123.86586189383648,125.09871939185913,40165905
2020-10-28,129.12364196777344,132.3508242359786,128.18086122713734,132.1695245034818,17774320
2020-10-29,126.74860382080078,127.94519331145781,123.6936468215055,126.91176945631919,14687575
2020-10-30,125.72422790527344,132.35083243959747,121.4726818281237,128.18086917228567,42892115
2020-11-02,136.71116638183594,138.85053672416123,125.80582064008064,125.80582064008064,58773715
2020-11-03,138.30662536621094,140.11057647465682,135.9768814905107,136.70209429158348,16268300
2020-11-04,143.03858947753906,143.77287616102387,136.33946320900347,137.97118834072214,22749125
2020-11-05,147.8340606689453,149.55642889196315,141.325293703745,143.8091429419201,26335845
2020-11-06,153.4544219970703,156.28273633304752,145.5859007978386,147.94282480039232,34200000
2020-11-09,152.52316284179688,156.80506165990346,150.82501139845695,154.85127571378422,24006055
2020-11-10,156.62249755859375,159.3797147161344,151.73802479275224,153.37227488875664,23825835
2020-11-11,161.26048278808594,162.6025713347456,154.6778573482295,156.6225191058466,31631290
2020-11-12,157.24330139160156,160.25615273766815,153.0527062836097,160.13746030616625,20465145
2020-11-13,159.96405029296875,160.68530205320886,154.74177686175622,155.93778455148123,18289185
2020-11-14,159.27928161621094,161.4795636683252,157.41678543931343,161.0504598398752,1279465
2020-11-17,157.21592712402344,160.63961897746924,156.4855367424141,159.4618751095405,15728460
2020-11-18,168.95692443847656,169.99772630423772,154.9882575540742,156.48555171062605,35810375
2020-11-19,166.49185180664062,182.3047358963439,164.5837175699666,167.4778767255101,63358800
2020-11-20,170.52725219726562,173.46706354659094,165.1223853626965,167.64221769167307,43910455
2020-11-23,177.9680633544922,178.86279820216149,171.80541792906058,172.09757965834964,33172945
2020-11-24,187.9287109375,189.80945662642546,177.84936900234044,179.43795298799677,39408005
2020-11-25,194.46568298339844,198.59237649481625,188.6225882220397,188.9512631730559,43692190
2020-11-26,192.0371551513672,193.5527127550682,186.68706545853746,193.43402031289952,25519515
2020-11-27,195.41522216796875,199.3775860110799,192.4754245046227,193.5527396706072,67609335
2020-12-01,186.8970947265625,197.20468534478744,186.01149849733648,197.18642175100868,19857690
2020-12-02,188.1660919189453,190.81374112772886,186.24881909118034,188.75040138238208,18406465
2020-12-03,188.74127197265625,193.35184624418463,187.76438585257907,189.90076612807093,16262005
2020-12-04,183.16294860839844,190.86854012995667,180.08619525637383,190.08337289124248,25299565
2020-12-07,194.1735382080078,198.48282619433567,184.43199519274418,184.60546447799214,34630940
2020-12-08,194.78526306152344,197.25944343823156,190.9507167329367,196.29168202558327,20765030
2020-12-09,193.97267150878906,196.88508003904195,191.54412966440609,195.7438495404826,12326970
2020-12-10,191.6811065673828,193.91791596462966,187.16183575844758,192.09194683527895,13328860
2020-12-11,190.49424743652344,196.30996930678873,188.98782829068065,193.55275167934442,17879175
2020-12-14,195.37869262695312,196.0725558659684,191.06940446013726,193.5527235369816,14980145
2020-12-15,199.4688262939453,201.16697782226888,192.3840724190123,195.74384829855694,18580105
2020-12-16,195.9355926513672,202.31735894857744,194.46568713502992,201.37698608301775,17984290
2020-12-17,192.9136505126953,196.4925485053711,191.9915271424819,195.74389443969446,10168720
2020-12-18,187.67312622070312,193.86316115841274,185.52762060843463,192.98670367806898,17274385
2020-12-21,176.5437774658203,188.2573682262436,172.4444866928086,188.09303773184945,18966675
2020-12-22,171.2667694091797,178.2419708554036,167.64221960964974,176.91814603624158,22851915
2020-12-23,175.5943145751953,177.1007334622545,169.26732460126263,171.23937450984204,22133360
2020-12-24,181.97607421875,188.00176346051984,177.13725366253036,177.9132821160795,33020905
2020-12-28,185.52760314941406,188.03831075142347,182.26824150281578,183.48251266933048,21567085
2020-12-29,188.9695281982422,191.65370486131235,186.6140265129161,187.65482828726596,20672180
2020-12-30,189.72731018066406,192.63973301781417,188.51303910176557,190.44857575021638,20204065
2020-12-31,191.08766174316406,191.90934223410886,188.64085599924096,190.44857536898053,11010990
2021-01-01,195.5338897705078,196.63860715125057,191.08765968894483,191.34329423587013,12981435
2021-01-04,196.61122131347656,198.66543647677997,194.21006757577192,197.93504607695334,11008350
2021-01-05,203.44032287597656,204.39895931682858,193.34271727601896,195.36954383175058,15930660
2021-01-06,218.6050567626953,220.66839715031978,203.86948439906163,204.13424382993986,44538525
2021-01-07,238.6176300048828,240.4618766383607,218.75110502731192,219.1162932770248,45813230
2021-01-08,236.5908203125,239.81365453217464,230.98508202319965,238.50806550208296,31324270
2021-01-11,228.54742431640625,240.04191040072612,226.6027627649047,238.19766377603432,15045560
2021-01-12,230.54684448242188,239.1836837813449,224.63069502957512,227.33313521642287,24395200
2021-01-13,222.1930389404297,233.87011879286527,215.01698003125026,232.6284592841434,26536710
2021-01-14,222.48519897460938,227.1505504094833,216.23124946642466,222.74995835464208,21198275
2021-01-15,219.9470977783203,228.7117405615131,217.50943085122742,222.58562240856284,17385480
2021-01-18,214.3322296142578,221.44438645194512,212.57017627033795,220.94224220617812,14423695
2021-01-19,224.29290771484375,227.05924972504545,214.5513644557478,216.01214527552142,21867515
2021-01-20,227.82614135742188,230.43727753145046,222.86864231035008,224.53940558302577,17042230
2021-01-21,220.29403686523438,233.0575709581981,218.0572274945459,229.2869402929264,16461875
2021-01-22,210.10513305664062,223.54426637019805,208.52565979909207,221.30744314060303,18964880
2021-01-25,219.30804443359375,230.94859848369654,216.92515398844878,216.92515398844878,36180365
2021-01-27,210.17819213867188,215.4643668742775,206.69970909002666,215.4278536197189,19598860
2021-01-28,202.88343811035156,210.50686506210087,200.39099406306886,201.58700165529143,24702255
2021-01-29,235.7965087890625,240.84531221661427,213.29144529074398,217.1077279391708,90681265
2021-02-01,243.21910095214844,245.55633938648117,231.2133585861334,234.19880830929563,30395260
2021-02-02,249.54603576660156,261.1135613924984,245.90323660569615,248.3317786669915,30730610
2021-02-03,267.55926513671875,269.54045398165937,247.78401532107677,250.34038892300273,28518195
2021-02-04,259.4063415527344,265.6237649937626,254.72272568700802,264.8020843542853,21005115
2021-02-05,252.7963104248047,268.6000710690117,250.53209866566002,260.9218675081512,16549455
2021-02-08,259.1962585449219,270.060767037306,257.0690172100335,258.3745781796624,18317310
2021-02-09,258.0277099609375,263.624310163643,253.80972545625195,261.11360244779877,11093915
2021-02-10,260.7666320800781,265.86110126410995,253.95577541617845,255.83652128352318,19081675
2021-02-11,263.16778564453125,264.40032030842997,257.1512210525165,259.28760146763875,8878860
2021-02-12,262.6199951171875,266.8197295377592,259.287607147044,260.2188413395484,11134020
2021-02-15,276.3330078125,280.2770793481636,263.8524984797675,264.76548290357294,24556900
2021-02-16,269.8416748046875,277.36465756143633,266.84708700094615,275.35610854084706,11625195
2021-02-17,266.5367126464844,275.4839501215468,264.42772055790425,270.964693301194,13152705
2021-02-18,262.7021789550781,269.8782523738714,260.8123220149704,266.5915022531294,9516035
2021-02-19,256.4756164550781,264.0351269550794,252.17543942527482,261.6339732766046,10103260
2021-02-22,248.35914611816406,260.18230528586855,246.14060070501623,258.1919781114756,12281580
2021-02-23,251.51812744140625,254.7227124167078,243.9860042247832,250.15778925511808,10273085
2021-02-24,251.609375,256.7312321259166,250.1668718640417,251.61851376013743,5331875
2021-02-25,252.03846740722656,256.50297442921726,250.4407447314918,254.1748475273318,10532480
2021-02-26,234.26268005371094,246.32319701041288,231.89805363762662,246.32319701041288,21843070
2021-03-01,243.51123046875,245.73891490986523,237.95115812695812,238.288957938901,9162830
2021-03-02,246.60630798339844,251.2534250780506,243.0274232132799,245.86679253327398,8570450
2021-03-03,248.72433471679688,251.782838045341,243.0912365418504,249.2447425144388,9383425
2021-03-04,244.56117248535156,250.49557219465586,243.03650385510934,245.94892686448802,8576470
2021-03-05,235.40394592285156,243.89471942018187,232.26327666985455,242.67129553754052,11926800
2021-03-08,231.1403045654297,244.13207124480238,229.17739328983856,238.61763657739203,19094895
2021-03-09,231.94374084472656,237.68640785967887,229.1591350233741,233.72405803180783,10348870
2021-03-10,240.18795776367188,242.8173576665874,235.54086985192495,235.76000508521903,15206235
2021-03-12,242.0230712890625,245.04504792400525,239.3023672966456,244.86246773104568,12544700
2021-03-15,233.10321044921875,245.01764709186403,226.08235737843754,244.3055202926129,18506180
2021-03-16,241.5666046142578,243.18257741049018,233.8244847706833,235.36743105440814,12723425
2021-03-17,241.32009887695312,242.6621873685526,235.55002945306433,242.4795793016643,11266530
2021-03-18,242.07785034179688,249.73780416862164,237.9328926409223,244.31467365705907,14562505
2021-03-19,250.8790283203125,251.9015665421764,237.48553292473926,239.7040786591844,14402385
2021-03-22,252.2393341064453,253.80052966118097,245.96713560734875,249.95687305949178,9335185
2021-03-23,256.78607177734375,261.8439866816341,254.08361715051495,255.4530941265948,14529820
2021-03-24,255.96429443359375,260.5657436365623,250.6689960289763,258.0093984471758,10501700
2021-03-25,250.52293395996094,257.0233789534521,246.78883080673566,256.89557561543904,10425355
2021-03-26,260.9582824707031,268.6912603768565,251.98365932716547,251.98365932716547,18748345
2021-03-30,259.3970947265625,263.8524625662349,257.66243012985586,263.56943966234394,11173995
2021-03-31,259.70758056640625,263.54212686958897,258.28332687941327,259.85366143969753,8632980
2021-04-01,268.91046142578125,270.06080294526794,260.29188554904465,263.85251951331435,12254460
2021-04-05,260.3758239746094,271.0372756424103,254.94883252718537,268.58962240416975,10865445
2021-04-06,263.8684997558594,267.4987006229789,259.4315813680344,262.548421626715,9011680
2021-04-07,272.37567138671875,275.47418752287894,259.101592002439,264.015194697468,14184300
2021-04-08,273.95245361328125,276.84929060722567,270.1113966478976,273.1640882672128,11186950
2021-04-09,269.4421691894531,274.429096817797,266.7653363230702,272.99901684054123,10218235
2021-04-12,238.5120391845703,259.5965847133309,237.05445874209997,258.51486257002165,24289800
2021-04-13,253.436279296875,256.42479398619025,240.3638775202046,241.09724197075607,21252365
2021-04-15,253.13372802734375,254.53630756608337,240.36383372009317,252.0978306470615,17951785
2021-04-16,252.6478729248047,255.75553715173788,250.3743987352192,252.15283661415785,12006190
2021-04-19,246.1666717529297,248.12846479617676,236.0185807699062,238.71373817964238,14272335
2021-04-20,246.60667419433594,254.11460769271528,242.49058540764946,252.83117825883053,12498725
2021-04-22,243.15982055664062,244.2140422701576,236.73360861805563,241.66556346027443,19593930
2021-04-23,253.13372802734375,254.4538061786346,240.45548327766596,241.0971980370079,17606370
2021-04-26,245.51577758789062,252.93203360783733,243.22397926370238,252.83117993402507,13382655
2021-04-27,242.93063354492188,248.95348653234544,241.8489114003713,248.33927224372988,8343800
2021-04-28,257.5614929199219,259.39493184897384,242.93065809938352,243.48069537331068,17059815
2021-04-29,259.66998291015625,263.0068274503918,254.84802923205942,260.53170150607605,14470055
2021-04-30,246.60667419433594,264.93188452078977,244.9015617048896,262.18172654998574,20775365
2021-05-03,238.13616943359375,244.65405839420075,233.8826063051087,244.58070518147218,14320405
2021-05-04,236.7335968017578,247.36754689335774,235.6976994565443,242.93062858130128,13762810
2021-05-05,235.97274780273438,240.18048655743442,233.2317517181636,240.18048655743442,12337230
2021-05-06,240.43716430664062,241.46388556356897,233.39676599394105,237.61368085008766,11816670
2021-05-07,237.91619873046875,242.56397307558228,236.97197881207802,241.0972163542612,6920815
2021-05-10,244.3515625,245.86417199992042,237.67784590579421,238.1637061037878,9092755
2021-05-11,246.13919067382812,247.23926528625788,240.6205492448131,242.74731726555268,7293410
2021-05-12,246.4049835205078,248.61428034616412,243.59982475705596,246.5974867363382,7632385
2021-05-14,243.2056427001953,251.5477947349263,242.7472830057162,246.78087069797687,9702620
2021-05-17,254.67381286621094,256.31474841642347,242.0597450396961,243.7556815155197,9550025
2021-05-18,265.8852844238281,268.59876582894145,257.59813378133975,257.59813378133975,15594255
2021-05-19,258.76239013671875,267.6454038815752,257.5981665018456,263.6485204917624,6901040
2021-05-20,259.6058044433594,261.92510372185694,255.94810249206824,259.4316254955779,6123645
2021-05-21,271.1197509765625,272.8156873893783,260.3574746323156,262.7317744198358,11258915
2021-05-24,267.5262451171875,271.89901513071374,265.3077995461682,270.61561339838113,6487950
2021-05-25,262.9700927734375,270.725558424348,261.66836699539687,268.5987628709802,5680010
2021-05-26,262.6859436035156,266.90285861087887,261.90675446255057,263.6485157984454,6131915
2021-05-27,264.28106689453125,265.79364844230423,259.4316130088782,263.17181618024716,8648350
2021-05-28,266.7745666503906,277.656023291969,265.11530649394103,265.38113502212485,17020950
2021-05-31,262.1450500488281,268.7821169780788,260.164932951929,268.7821169780788,7634365
2021-06-01,258.75323486328125,263.13515261285056,254.54549604322662,263.0984760024115,9322935
2021-06-02,262.1908874511719,263.3642869981153,254.84795714372294,256.68139568432525,6900620
2021-06-03,259.9266052246094,265.1152399608528,258.51484963091855,263.09844625558026,5219995
2021-06-04,260.93505859375,263.09850324066986,258.10237064724373,261.28338851278477,6313570
2021-06-07,272.71484375,277.6651508617351,258.8357266631633,260.8066677663623,23267725
2021-06-08,273.0173645019531,280.4427968585648,269.7996706196754,276.1158803921385,20367070
2021-06-09,263.4743347167969,272.99903504634614,261.09085860373597,272.2473463755968,16223270
2021-06-10,269.51556396484375,270.41395924944226,262.75934494978617,264.01524633290813,9991650
2021-06-11,270.4964294433594,273.9157752719638,267.6820938655191,269.882215069202,8790865
2021-06-14,270.7989196777344,272.0639969937027,261.64090133326596,269.51551804416414,8612805
2021-06-15,265.9677734375,270.432191926353,264.4735165110266,270.432191926353,11778790
2021-06-16,263.9794616699219,269.5302371785585,262.5986714628755,268.1494469715121,9827690
2021-06-17,259.8463134765625,264.5594063700458,256.4587814709026,258.115718534557,12356210
2021-06-18,254.0653839111328,262.1568219384796,247.43758005046527,262.1568219384796,14779290
2021-06-21,254.59922790527344,255.88798758483802,246.39736083828788,249.46270197428592,7416025
2021-06-22,252.53729248046875,258.10649589228547,250.56737994284234,255.9064235865263,7917570
2021-06-23,251.63519287109375,255.1700405085903,250.59502118331193,253.1264698864041,4924915
2021-06-24,251.10125732421875,253.32894416770043,249.1681457495393,252.4084175218763,4667625
2021-06-25,251.8745574951172,253.69721080962833,249.58245457997108,251.1013182959384,6516880
2021-06-28,252.69378662109375,255.7222991563543,250.84351901425924,254.42438126538246,4102820
2021-06-29,249.9874725341797,257.01109658924906,248.21086253301698,252.66620892235318,5875000
2021-06-30,247.1890106201172,252.73978498078736,246.13962488775675,251.30376570982492,6968565
2021-07-01,249.5732421875,251.34985231647505,244.86014907598553,248.48702721569413,5444075
2021-07-02,250.78831481933594,252.70299813540856,247.80581708174776,250.29122249898873,4228550
2021-07-05,253.06201171875,253.69717742238782,250.8435388845182,251.30380225861825,2911235
2021-07-06,260.2605285644531,264.15433859464275,253.236905225627,253.236905225627,12255020
2021-07-07,265.9125671386719,266.9527668975496,260.0028009272885,261.42039194577416,7910955
2021-07-08,263.55596923828125,266.4188215791956,261.8345889868622,266.0966316499651,6176635
2021-07-09,268.002197265625,268.79383686251555,261.06141703697534,263.10498774229126,5637260
2021-07-12,267.3946838378906,270.2022798540196,266.4004989805654,269.51188462786456,4330990
2021-07-13,263.60205078125,269.7143624451747,261.9911288212532,269.7143624451747,5529040
2021-07-14,261.59527587890625,264.53175835558125,260.50906109422135,264.19116796481103,6477460
2021-07-15,268.4072265625,269.7143871474918,260.73924969121856,262.3501717987548,7322970
2021-07-16,266.83306884765625,270.726906884549,265.8480985408974,268.7937952046963,3058730
2021-07-19,255.8788604736328,265.11174404714,254.41522609110936,262.3501633799823,8523350
2021-07-20,256.99267578125,259.5701677819021,248.72636275857033,257.3793094136352,6350305
2021-07-22,256.88214111328125,258.2169158701124,252.22427893937143,257.54492136411085,8748020
2021-07-23,255.0963592529297,259.02702631251935,252.04020381115754,257.1951590434457,5276030
2021-07-26,252.29795837402344,258.66801582175276,244.07766126816182,254.94907989926924,4858020
2021-07-27,251.43270874023438,259.9567679785394,248.9932901969166,253.89971387217366,8150250
2021-07-28,252.7674102783203,253.69715118737622,248.56059673193647,253.23688786087237,6667670
2021-07-29,252.408447265625,254.70976415137196,249.27863382721142,251.11968733580898,3888435
2021-07-30,255.9248504638672,259.6069576587032,250.40168967161318,253.69719134265057,7132000
2021-08-02,253.3013916015625,263.2706852597233,245.90956194680646,257.0111137701686,16937480
2021-08-03,246.39743041992188,255.53825515433581,245.41245996379277,253.6235436048279,10852865
2021-08-04,243.2952117919922,250.143933143931,242.1169386611343,248.54222556867424,12098915
2021-08-05,245.21917724609375,246.28696374141308,241.2148795657646,243.42413853317836,7443930
2021-08-06,242.2734375,247.45600759555077,241.62905753831365,245.4124370875347,6201995
2021-08-09,239.84324645996094,243.09270493968654,238.416441157117,243.01907515628912,5444400
2021-08-10,234.8263702392578,241.5738186888246,233.87822884801457,241.5738186888246,6656495
2021-08-11,238.4164276123047,238.95953502228238,228.99022866091258,235.10252570271902,7777460
2021-08-12,241.0675506591797,242.92700458771552,236.98962388402717,239.61310265724566,4144010
2021-08-13,238.42567443847656,242.06173873259283,237.18295754109474,241.3621574116285,4393670
2021-08-16,238.72021484375,240.25750703864858,235.9954632427815,237.68004310425272,4215450
2021-08-17,235.71929931640625,238.78464113347292,232.89327535943096,238.72019751672804,5186305
2021-08-18,238.20472717285156,240.22989751640765,235.00129760978373,237.12772647051762,4998005
2021-08-20,230.9601593017578,236.7594947661031,230.13169083320776,235.65485141320474,4362450
2021-08-23,229.3400421142578,234.80797345169165,223.87211077682397,234.80797345169165,5190075
2021-08-24,235.57200622558594,236.02305534789795,226.68891457511435,228.2906361920989,4803725
2021-08-25,233.32591247558594,238.46243929258685,231.86227833906284,235.83896057352928,5152555
2021-08-26,232.9761199951172,238.81225642467814,231.4112272742044,234.9184320678976,6567660
2021-08-27,235.91261291503906,237.6800367745922,231.5401105087492,233.804612672091,3930010
2021-08-30,245.77146911621094,246.56313686164364,236.2440381333498,238.23235152486308,7071320
2021-08-31,249.039306640625,249.83094613537523,243.11111231773086,245.78063418670274,7881915
2021-09-01,244.84173583984375,249.50878550798384,243.51617496006153,248.98410656610082,6179385
2021-09-02,247.2626495361328,248.35807849508035,244.23413708938975,245.22829350904905,3818570
2021-09-03,248.55142211914062,255.64867507783467,245.43082313614275,248.35809128660858,8012625
2021-09-06,247.88868713378906,253.51309278994194,246.71041387126724,249.6468968155346,3295350
2021-09-07,247.58485412597656,252.03101383227872,244.12369282608165,248.08194641133082,6181705
2021-09-08,251.31300354003906,254.3231157380288,246.3973943295189,247.41916548298724,8546425
2021-09-09,248.2384796142578,250.93561645150487,245.86350468982766,250.93561645150487,3792220
2021-09-13,247.01419067382812,248.2385072107354,241.3161267839872,247.80585843406362,3625345
2021-09-14,249.05770874023438,252.40843950716678,247.47440164781784,248.1740109490996,3353550
2021-09-15,251.63519287109375,253.94572413143558,247.0693878033462,249.27864650759508,5161840
2021-09-16,258.92578125,259.9383663643651,250.9540156656332,251.63519651882018,10142820
2021-09-17,250.53054809570312,262.5157955233338,249.57319246931587,261.4295807679158,9870725
2021-09-20,243.0374755859375,252.50970422233075,241.31609496495827,248.54223596231225,4788450
2021-09-21,243.70945739746094,245.94633066089608,236.71344846939604,244.86011583654243,4585140
2021-09-22,247.89784240722656,249.2602321097162,244.30779370257127,244.30779370257127,3449740
2021-09-23,254.63604736328125,254.98585194373874,247.90700059366148,248.5421661545468,5925930
2021-09-24,249.59165954589844,258.99941683178207,248.73554823917112,256.82698698529026,5655830
2021-09-27,243.78311157226562,250.83435056364172,241.91444320389016,250.29124309711634,5489955
2021-09-28,241.7671356201172,247.74134465779062,237.97454218102501,245.78061837598713,4231635
2021-09-29,239.40139770507812,241.39892501333057,236.7594904373751,239.3369540906837,4532205
2021-09-30,239.125244140625,244.30781468015178,238.04824348287485,239.70518053737482,7981880
2021-10-01,238.3335723876953,239.2540990920197,234.4213338943167,238.204685164812,4632325
2021-10-04,248.68031311035156,249.27864992082542,238.60974752077996,239.59471795360938,6773440
2021-10-05,245.82666015625,249.92301547740098,243.8107043033619,246.7011718156297,4110305
2021-10-06,239.92613220214844,247.5296648973373,239.05162045580252,247.29953318432524,3570155
2021-10-07,247.2903289794922,247.8794515138584,242.24583208503745,243.608221839897,3739840
2021-10-08,245.0350341796875,249.16819057345072,243.65424396255517,247.29033610456992,2327330
2021-10-11,245.7622528076172,247.05098469674175,244.10528772824418,245.9463413104931,2474965
2021-10-12,243.87515258789062,247.06019546663956,243.01906942636904,246.1488548535621,2928570
2021-10-13,251.56153869628906,253.10801683009257,244.13288138935488,246.33295371500344,7442435
2021-10-14,254.7189483642578,257.58180115615727,249.79412464804915,253.78002119527707,8878410
2021-10-18,256.8638000488281,260.8220539580976,254.1114058793451,258.4286787163833,5899405
2021-10-19,262.80120849609375,268.42564230907,254.74659834162557,257.78435388380404,14910045
2021-10-20,264.87237548828125,271.49096550376913,258.9994099419875,264.7066874045156,10061990
2021-10-21,274.4735107421875,276.1580625632328,265.3234713552123,267.23815489506035,11697925
2021-10-22,279.58245849609375,286.9835033607203,273.4609596317101,275.97398033509415,19446090
2021-10-25,279.2694091796875,283.5682533592911,272.2089566650564,283.5682533592911,8858895
2021-10-26,280.9263000488281,292.3592527408382,275.5320276762493,276.17637943861695,9988515
2021-10-27,281.37738037109375,286.83609640941256,279.2877669938059,283.3380784468601,4678970
2021-10-28,274.0776062011719,281.303746296839,270.55200135822525,281.303746296839,5604320
2021-10-29,264.4121398925781,276.15807222054593,262.3501686095186,276.15807222054593,6972315
2021-11-01,263.3995666503906,267.8733136623267,255.78679161297447,267.8733136623267,8517215
2021-11-02,290.18682861328125,299.1159488615586,263.6848850832439,265.1116902347619,16632400
2021-11-03,295.0564880371094,302.62322032762245,286.97426292665034,290.70238565880476,15816895
2021-11-04,297.7259826660156,299.34611885882,296.0414309459172,296.40963605548666,1071505
2021-11-08,306.4801940917969,307.45595024940013,298.443985039434,299.2080380127308,8351745
2021-11-09,298.96014404296875,313.8244484624926,292.48534108629207,310.1800571115026,12628955
2021-11-10,301.7628173828125,303.9457657001797,295.8984990454311,298.96015371288587,6427920
2021-11-11,302.706298828125,303.9457577286384,296.2129783288446,301.7628094685231,5065025
2021-11-12,300.1349182128906,305.0557476929625,298.9416964549551,304.6672752690144,5511415
2021-11-15,299.0619201660156,300.8008718468239,291.85638119292685,299.6908942805499,3522305
2021-11-16,303.1965637207031,307.6456765467603,297.4894743627818,299.2839222059458,5549900
2021-11-17,301.6980895996094,305.22223019342755,297.94267780859496,301.1708488549212,3780655
2021-11-18,296.2499694824219,304.20473267533293,293.25306985798306,301.9293099318849,4825755
2021-11-22,288.8965148925781,297.8040004644105,286.39910723435986,297.73001511891306,5279665
2021-11-23,293.7618408203125,296.5737634770816,285.5850920970916,286.0013407694474,3311240
2021-11-24,293.5675964355469,296.1667653074823,290.4411867874216,293.9190902863401,2310765
2021-11-25,290.616943359375,294.14108428073257,283.0506794755299,294.14108428073257,4290100
2021-11-26,267.6313781738281,288.0362569456627,265.36521385383116,285.2613411210843,6705735
2021-11-29,259.5933532714844,267.31687413871975,256.8739336777234,265.19868062321984,4893890
2021-11-30,260.2315979003906,267.58513599270884,258.14115231769875,259.54712770906093,8840830
2021-12-01,267.0856018066406,268.0475803628467,258.9458614236929,264.54192940848213,5539860
2021-12-02,268.047607421875,270.08252860908505,263.8389684560538,266.39189986266615,3870920
2021-12-03,267.714599609375,273.5881765866722,266.1791429290111,267.6313555290295,3863635
2021-12-06,268.26959228515625,272.86670364172784,266.74339433409637,268.2418442579698,2886375
2021-12-07,270.7485046386719,273.1071998132018,266.72487141098037,270.6467712836891,3802710
2021-12-08,276.076416015625,276.90888523652205,270.8503294438688,271.9417897163318,4314475
2021-12-09,276.3908386230469,279.24899827683913,275.04961813782387,277.4915573922683,2145005
2021-12-10,278.2962646484375,280.6457009554762,272.9684179766961,277.49154368820564,2745385
2021-12-13,272.98699951171875,283.3651868091227,260.6756240605119,281.19149689478246,9169260
2021-12-14,256.0507507324219,270.76705834767085,253.45158172224444,270.2768243265176,9079580
2021-12-15,251.194580078125,257.26239238288065,249.74236768393422,256.4021754466646,4271675
2021-12-16,246.37547302246094,255.80093784326672,245.30253058405364,253.7012620370039,6199315
2021-12-17,235.62733459472656,246.7455002046162,234.15661862384857,245.1175407126155,5310545
2021-12-20,222.10426330566406,233.72190890619376,214.37149712810833,231.24299081930778,8903280
2021-12-21,217.13714599609375,226.61810764235557,215.71269552962295,226.61810764235557,6125145
2021-12-22,216.89666748046875,220.51329690901886,214.0755003422778,218.672611847637,4092265
2021-12-23,223.89866638183594,225.67461050237722,218.0435933319213,218.66332272966625,6141175
2021-12-24,217.84011840820312,225.69313460732445,215.66644299818324,225.69313460732445,5577935
2021-12-27,225.45265197753906,227.17310024550042,216.65616033204847,217.8401232138766,8997655
2021-12-28,224.17617797851562,230.66022556159584,222.89971230991725,226.6181030963014,4005800
2021-12-29,224.14845275878906,226.6088815158119,222.40950098856962,224.99942525312255,5363660
2021-12-30,221.66026306152344,224.76816917517024,219.23684122721016,224.213180395824,4008980
2021-12-31,225.13815307617188,227.82058003383204,222.34474812178402,222.8627301235526,5290815
2022-01-03,231.3817138671875,232.7599270716319,225.23990104951574,226.02613280577316,2860025
2022-01-04,231.7886962890625,236.08982393016643,227.77432178185927,232.53792124156465,6387390
2022-01-05,231.2059783935547,236.19157628502407,230.31799917455058,231.78870108313623,4206620
2022-01-06,225.00865173339844,231.0579756594352,223.65820070870197,231.0579756594352,4892065
2022-01-07,224.86070251464844,227.79286210881838,222.7147606649357,224.99019803220332,4311580
2022-01-10,226.2296142578125,229.94800500548206,223.5101947907385,225.7116322857889,4850740
2022-01-11,226.35911560058594,227.8760688924075,223.47320790247431,226.15562066146774,3000215
2022-01-12,230.36424255371094,231.05797144268178,226.4331121828761,226.82159866702574,6283615
2022-01-13,230.77127075195312,232.53795655599748,228.28309379872368,231.94597503698753,3167295
2022-01-14,229.4485321044922,233.98090297864127,227.37660403763675,229.48553888508684,4270915
2022-01-17,229.21728515625,232.14944439677507,228.8195540124274,229.7630151919861,2446195
2022-01-18,222.71473693847656,234.38787800890896,219.44958720216115,228.46806338855134,7134135
2022-01-19,221.12376403808594,223.19570602408476,216.6191557298906,222.91821165152106,5312500
2022-01-20,225.86886596679688,228.32929434069126,221.44750189452483,221.62324879465294,6465015
2022-01-21,221.71575927734375,226.39611478392877,219.21833799637776,224.58317778279238,5834040
2022-01-24,213.594482421875,222.5482166199478,211.06005465560898,221.0867595092352,9353860
2022-01-25,215.8329315185547,222.51122951070587,204.08579165982871,210.89358514847794,10473610
2022-01-27,229.59649658203125,230.80820735676735,216.46190011616025,218.28409565363268,14742195
2022-01-28,229.92025756835938,240.46493092285075,228.6622952985297,231.24296052788276,9290465
2022-01-31,227.24708557128906,235.3128415247986,226.61811146518414,232.9079230959876,4867125
2022-02-01,236.8390350341797,238.64274146431464,228.38480685616182,230.98397554178524,5528990
2022-02-02,237.4958038330078,241.29742494878136,235.12786381601637,238.82776568195558,4547020
2022-02-03,233.6848907470703,238.08775173097587,232.16793745732548,238.08775173097587,2367305
2022-02-04,228.1350555419922,234.49886635919043,227.3673272161075,233.09290520130818,2633985
2022-02-07,225.47113037109375,231.4279512718907,224.0281765606299,228.4680442101764,2030295
2022-02-08,229.43930053710938,230.38277590070155,223.2234877545353,226.7291253191888,3807905
2022-02-09,230.3457489013672,231.98295310044833,228.0980739807897,229.39302898269224,2220130
2022-02-10,234.12890625,235.86785811254947,227.93159672238232,230.3180261569601,3166790
2022-02-11,228.56982421875,233.83291698967852,227.21011429285642,231.79798147715584,2919870
2022-02-14,214.750732421875,223.1032278645098,213.40952593912394,223.1032278645098,6578230
2022-02-15,223.4732208251953,225.85963595112426,211.47633393084905,216.62842017003166,4886570
2022-02-16,225.8041229248047,235.75682903813617,224.9716539075258,226.4423557578953,9347585
2022-02-17,236.32107543945312,237.22754394811773,227.4320949299089,227.91307015510583,11096160
2022-02-18,232.7414093017578,239.00348670927747,231.31695888173905,234.7578552473378,6084335
2022-02-21,225.73011779785156,231.7146866303428,223.86168487476138,230.132992714561,4546015
2022-02-22,222.77023315429688,224.95316744347826,217.61814691467364,221.99326013118605,4408165
2022-02-23,217.38690185546875,226.02613609223448,216.7301655903922,225.32316252290073,4670295
2022-02-24,197.68496704101562,213.56673057618002,196.09401447371673,210.89356273588402,7525505
2022-02-25,208.5811767578125,214.48250237279086,203.9100655419979,206.37973897889287,9287685
2022-02-28,207.97067260742188,208.6736602640651,199.97891618659114,205.15876432270116,6854355
2022-03-02,202.67059326171875,212.244058057569,197.20400595378166,204.04880647162057,8430100
2022-03-03,204.5020294189453,210.153608166354,202.38385002536384,206.63871220202006,5518095
2022-03-04,201.48663330078125,206.54623078894284,199.97892456763603,203.30882909668338,5340955
2022-03-07,188.93475341796875,196.06629290935274,188.0097815267566,195.1690690457609,4901560
2022-03-08,192.6901397705078,194.2070930179368,185.36435040453838,187.95427436974524,12217785
2022-03-09,196.43626403808594,198.37871053672694,192.61613995788548,196.3160272970492,6415045
2022-03-10,199.701416015625,203.49380623189035,195.18756300214926,203.123823138867,8349665
2022-03-11,204.08831787109375,204.76178519935917,197.64362118548905,197.98035484962176,5890485
2022-03-14,208.15716552734375,208.7745129511199,201.5908805484447,204.83661453006334,6630425
2022-03-15,203.93865966796875,212.70306940971702,202.03986027111839,208.58744833546018,7772955
2022-03-16,207.55853271484375,211.393554230728,204.88337477624077,207.40888440858896,7527250
2022-03-17,211.30935668945312,214.08740563434336,209.64439988867414,210.4581669001201,5977670
2022-03-21,203.2371368408203,213.52620402513972,202.93782594448803,211.49645339330985,6308350
2022-03-22,205.43524169921875,206.7166935581136,199.42080740154088,202.4139874401684,8069535
2022-03-23,205.07046508789062,207.65208040888876,203.55515641737026,206.34256849373233,4335075
2022-03-24,204.3595733642578,206.0806645041152,203.27455533127664,204.64953569516697,3329035
2022-03-25,206.34255981445312,208.101045130467,203.1716571287059,205.75327234111492,3234280
2022-03-28,208.69033813476562,209.62570785178352,202.74138616362748,207.3714634083442,7168470
2022-03-29,210.15887451171875,210.8323418925388,205.59427970823947,208.69035138452088,6632010
2022-03-30,210.3553009033203,213.03980749812456,209.33575130901738,210.832334334045,2494090
2022-03-31,212.3008575439453,214.08741705928674,209.33573736920727,210.8323202945764,4371685
2022-04-01,220.9998016357422,224.3016555143217,211.00069732154404,212.32892057453955,4473460
2022-04-04,220.5601806640625,222.61799117332774,218.87651233007855,221.49555037487482,2766255
2022-04-05,218.9700927734375,222.1409960690358,218.04407146189388,221.49558857365187,7478890
2022-04-06,218.3246612548828,220.74726553168978,216.07976524523184,216.81871535556309,5148520
2022-04-07,219.64352416992188,221.6732747465469,216.63163253425654,217.1928458018444,10215730
2022-04-08,225.83566284179688,227.01422352665014,218.27787394671927,222.49638615913253,12013760
2022-04-11,228.90367126464844,231.59754053421153,224.123931586488,227.29483425894924,5541150
2022-04-12,220.9156036376953,229.15622248757273,218.89521598096022,229.15622248757273,5301495
2022-04-13,221.48619079589844,223.9555662978022,220.45729266246065,222.99213662332593,2337810
2022-04-18,217.80084228515625,219.77447294055963,209.7285971353495,217.37991449833697,7199895
2022-04-19,209.26092529296875,222.43093331735875,206.15549081748765,220.6069651272948,7289265
2022-04-20,208.44712829589844,212.09506415332928,204.29408484429536,208.11974321550503,3195385
2022-04-21,215.29405212402344,215.87397679769194,209.16737745027822,210.2711211692388,3891400
2022-04-22,207.27793884277344,213.26429943362075,205.86552140942283,213.26429943362075,4432385
2022-04-25,205.14527893066406,206.52962201931516,201.35702898548385,204.8459537911675,5391300
2022-04-26,216.4912872314453,217.19281441902135,206.34253581474286,207.26854256787465,7799210
2022-04-27,213.4981231689453,218.25915127442812,212.14184002743204,213.6384229077677,5002305
2022-04-28,213.6010284423828,217.56700116755604,212.44116485897888,214.76089202578675,12255960
2022-04-29,224.8722381591797,231.78461982978956,219.65287340077654,223.44112362717019,30651345
2022-05-02,230.14772033691406,231.410460883697,221.67327303552653,222.56187140680547,9994595
2022-05-04,214.9292449951172,235.23612712863218,211.5993312014108,230.47508458662426,9729470
2022-05-05,217.2957305908203,223.54400754725575,214.78894667027444,218.85779626177697,5106630
2022-05-06,221.4581298828125,223.17922101567956,211.95478436991414,211.95478436991414,9524820
2022-05-09,216.4445343017578,220.37309830431025,212.44115328606335,220.37309830431025,7602625
2022-05-10,217.0712432861328,220.3637342045469,214.1996515865011,216.4445330556569,4513380
2022-05-11,209.52281188964844,217.8195365253653,205.25752835979802,216.07039976119995,8918120
2022-05-12,199.1869659423828,209.5228035243325,195.88511218936605,209.5228035243325,9397425
2022-05-13,198.5977020263672,204.8272533959747,195.97866400562722,202.41399785153203,8482405
2022-05-16,204.01348876953125,205.31365210030995,196.76437349036314,198.2983792495021,6833390
2022-05-17,207.41822814941406,209.67247252113145,202.4139946135414,205.2201036753148,4101275
2022-05-18,205.35105895996094,210.79491749932686,203.38679114107302,209.52281412835745,4296340
2022-05-19,201.75924682617188,203.27455548603265,199.0466803327399,199.98205005773153,8110880
2022-05-20,205.0330352783203,207.46500220609286,202.7133224198632,205.22010636370075,3296315
2022-05-23,212.63758850097656,214.74217025557823,205.78132711660572,205.78132711660572,6070490
2022-05-24,210.97264099121094,214.180952246361,206.35191233918187,212.11379317946952,8069565
2022-05-25,208.99900817871094,214.45221524574015,206.29579031497147,212.51599311471043,5017540
2022-05-26,214.50831604003906,215.32208303982495,206.2677119955538,209.70986533623642,3514895
2022-05-27,213.72264099121094,217.286397483033,211.61805903721117,217.286397483033,2271910
2022-05-30,219.23196411132812,221.682628261584,213.619745674326,216.44455201133817,4176795
2022-05-31,220.036376953125,223.6843131335493,214.19966479183697,219.2319584271072,13941420
2022-06-01,221.6732635498047,224.48872112240917,218.12820450275254,219.84928127259832,5176220
2022-06-02,223.1604766845703,223.74040125843146,219.85862320046448,221.77613369893052,2790370
2022-06-03,220.4666290283203,224.10521648467204,218.56782973431157,223.64689447946145,5396720
2022-06-06,221.83229064941406,223.49724764244547,215.97686695084306,219.9989596816643,2524525
2022-06-07,220.61630249023438,221.36460111994262,213.74132934666562,219.16647657128888,4116090
2022-06-08,219.85865783691406,223.9555675479314,217.4173422713105,220.74725622567348,3753885
2022-06-09,218.46493530273438,219.37224501389892,216.07039125897947,218.5023580817602,4476645
2022-06-10,217.99725341796875,218.42752974692846,215.6307692902116,216.63162168985238,2121945
2022-06-13,212.12313842773438,216.98705799036412,208.68098479875633,214.19966029378855,4399480
2022-06-14,213.16140747070312,214.87313579149972,209.70989087898286,210.25240703578802,3860780
2022-06-15,215.13507080078125,215.69629843365402,211.69291651882233,214.21841232152656,3345520
2022-06-16,213.77877807617188,219.8119106413812,210.2056584651055,216.63165891986944,6698850
2022-06-17,214.95730590820312,215.97685544361025,208.12910432516526,212.60953312735936,6730740
2022-06-20,213.05848693847656,217.3518299889859,208.85867228466276,215.1350085980577,4386785
2022-06-21,219.61544799804688,221.36459906165547,211.16906065597516,214.57380583051096,4280930
2022-06-22,219.17584228515625,224.30166441625812,217.9504959481832,218.4088322546514,4890975
2022-06-23,224.0771942138672,227.7064337218701,217.024511974902,217.23964303949273,3954310
2022-06-24,232.96316528320312,234.91808444757336,225.0499459506598,226.44363760987298,4996020
2022-06-27,234.30076599121094,237.39683747670068,232.98189126232816,237.39683747670068,4127285
2022-06-28,234.03884887695312,236.35856163710963,231.84072446720654,232.5329031536521,3527135
2022-06-29,228.99722290039062,235.67576216525825,227.85607069420627,231.97169177471392,2727410
2022-06-30,239.70718383789062,242.67231836033355,229.9419361142669,231.03631695555381,9956150
2022-07-01,236.7794952392578,238.48187501566343,231.6910815737675,236.87303792223312,5358285
2022-07-04,236.62046813964844,241.1570167784445,233.8424190594139,234.02949014013973,2008615
2022-07-05,238.96824645996094,245.1510407349364,235.90959782363535,237.3687722689666,6272225
2022-07-06,240.21229553222656,242.50396276453,237.60262029312864,238.1731963932868,3157810
2022-07-07,244.739501953125,247.22758904138877,235.33904690071918,239.45466830313515,4945940
2022-07-08,239.53883361816406,247.6017162207355,237.7709853780552,246.90018891477789,3652815
2022-07-11,234.99293518066406,239.45465282534192,231.99040631563264,238.64088572086584,3691540
2022-07-12,231.2794647216797,235.24543666482333,230.7930828426254,233.65531131922452,3442455
2022-07-13,237.37811279296875,238.50055353810714,232.0371599905803,232.73868724036785,3151325
2022-07-14,242.2513885498047,243.09324411278632,237.59325145780093,238.33220151065953,3203265
2022-07-15,245.936767578125,246.56347788596776,238.68765183695976,243.19614099393084,2703045
2022-07-18,261.36102294921875,265.4485841088513,247.4988366768153,249.1824907755153,5420345
2022-07-19,260.32275390625,261.71644570499416,253.92482821544377,258.5736170338134,4993150
2022-07-20,263.4094543457031,267.74958356795054,262.19348512225923,263.7742622398674,4629925
2022-07-21,273.4833679199219,274.70869981098156,261.0429351262264,262.4647151856286,4855305
2022-07-22,279.8813171386719,280.5922072308234,272.4731767039846,274.43745874346524,4810415
2022-07-25,279.95611572265625,282.29453977161,275.55989563775245,275.55989563775245,4721665
2022-07-26,276.5607604980469,282.2758554306382,275.69084501810204,279.8626142627951,4102640
2022-07-27,271.4068603515625,275.74696067257054,268.4510888399545,273.31502242517604,6702695
2022-07-28,273.3056640625,281.770748092919,269.94769039840827,276.49527803813646,8557735
2022-07-29,258.11529541015625,276.869447587071,256.38485565369314,276.869447587071,9296570
2022-08-01,257.1986389160156,261.5294057223847,254.62637192732933,258.16206868269654,4709025
2022-08-02,257.99365234375,262.5302006553619,255.00982100813386,257.600784548169,4861880
2022-08-03,254.46730041503906,261.23939605321425,252.19435902933702,259.0973915742539,3733035
2022-08-04,254.40185546875,257.6008037843264,249.47243899345636,257.6008037843264,4646770
2022-08-05,254.87890625,257.9375837479303,253.30749184559258,256.2258410381266,3153135
2022-08-08,260.45367431640625,262.65177002148454,253.6722447742521,256.2912682138258,4775785
2022-08-10,261.23004150390625,263.69943114583066,259.1348225678859,260.9681391369037,4003980
2022-08-11,263.03533935546875,266.6365188751539,260.2572898454513,262.9605223296906,5658525
2022-08-12,255.90777587890625,263.0352879544547,254.89758922958794,263.02595366882,5225265
2022-08-16,255.29983520507812,259.4715765156687,253.07365051637626,255.35595510939658,6555990
2022-08-17,253.5880584716797,256.10420517692074,252.7368971886166,255.16883550345472,6599875
2022-08-18,252.25985717773438,255.40268567427304,248.25647599559034,252.59657656869868,4383855
2022-08-19,251.96051025390625,255.3372094293941,250.6790584403078,252.5591605130791,3815695
2022-08-22,245.6000518798828,255.32789195787421,244.1315144631024,255.32789195787421,4246725
2022-08-23,250.04302978515625,253.78450850630398,242.8593974914047,244.2156664006904,4383165
2022-08-24,251.2496337890625,252.4936914376234,248.26583079823098,251.80152701510252,2029850
2022-08-25,247.8168487548828,255.1127209424267,246.93759895981754,252.36273176130223,3292195
2022-08-26,249.43505859375,252.07277953940869,247.71395316982765,249.74371804492048,2107620
2022-08-29,247.85426330566406,249.1450494612036,243.19611211276464,243.6170398787388,2128080
2022-08-30,253.419677734375,254.24280754589756,248.89249231621574,249.182454607291,5142225
2022-09-01,248.66807556152344,254.0464520958539,247.4988632714516,251.05325721518122,2217970
2022-09-02,244.80494689941406,250.67906718263123,244.43080474699073,250.67906718263123,2321585
2022-09-05,247.08726501464844,250.30493908758646,245.0762258553667,247.1059621324939,2988435
2022-09-06,259.0506591796875,260.3227483158801,246.46056201087737,249.5192393091745,8058715
2022-09-07,255.65521240234375,260.19176043146814,254.60760307298168,257.4137117245786,3464835
2022-09-08,254.69178771972656,259.2657300647473,253.67223831580668,257.03954592518056,3184610
2022-09-09,247.70458984375,257.22664573312824,246.9375799038031,256.28191328160307,3022760
2022-09-12,248.5277557373047,249.6221223671623,245.0668762199278,249.04219768532738,4745365
2022-09-13,249.2947540283203,252.5498512766097,247.62046260389786,249.74374181798072,3598305
2022-09-14,249.67825317382812,253.38233812416087,246.0209538404988,247.56433684241455,3689160
2022-09-15,248.05068969726562,257.03957869191163,245.62808563220813,250.93161577470178,4760095
2022-09-16,240.21229553222656,250.30494280463915,237.2097667234047,248.77092276198965,5117185
2022-09-19,240.74546813964844,244.74884948323066,239.47335045030934,240.7641652581611,1969205
2022-09-20,242.46653747558594,246.6570040545237,241.3253852870709,242.2981777785636,3808500
2022-09-21,238.10769653320312,245.05748620265672,236.27438000637534,243.14935266350014,3779985
2022-09-22,235.1893768310547,238.70636202181407,232.2055449864829,236.27440918773715,4041540
2022-09-23,225.07803344726562,235.13325852502123,223.84333849384188,234.7778134434095,5578410
2022-09-26,219.80252075195312,224.900282526119,214.80763593831367,222.83310930499715,3960710
2022-09-27,217.95050048828125,222.45898953783504,214.38674402147322,220.76597257256273,3060765
2022-09-28,219.7931671142578,223.27274352430803,216.07039972144818,216.95899807790207,7037355
2022-09-29,226.21917724609375,226.85522181821077,222.05677048651398,222.6179980393545,8863220
2022-09-30,224.03038024902344,228.7446512885351,222.43090613650241,224.48871651671735,3689185
2022-10-03,218.81101989746094,227.66897180790352,216.56613840009237,224.4887206411966,3393565
2022-10-04,224.46066284179688,225.19025004905677,219.88670568584809,220.76595546706096,2886230
2022-10-06,224.0678253173828,227.85607563996814,222.99214154683608,226.50914092326138,4285510
2022-10-07,224.32037353515625,226.29398994646894,218.98875470275587,223.9275056921002,5047815
2022-10-10,220.32632446289062,223.12307058891392,217.75405791895935,221.48617369732128,3026365
2022-10-11,219.59677124023438,223.4130817247461,218.86718394037587,219.81190229721562,2086380
2022-10-12,226.7335968017578,227.82799184901947,219.18517116962724,220.7004654310539,2322665
2022-10-13,222.43093872070312,226.52784869192135,219.8212490162388,226.52784869192135,2016655
2022-10-14,221.47682189941406,227.44448476128076,220.812717448628,224.48871327769848,3429520
2022-10-17,223.06698608398438,223.99300732485608,219.25067558425465,220.78468148656273,1567175
2022-10-18,229.00656127929688,230.25995322951601,224.7880491456748,226.3220548554109,4394830
2022-10-19,227.21066284179688,230.84925049340157,225.452163195303,229.16558213746163,1833905
2022-10-20,227.4445037841797,229.81098802610038,223.5533623364948,226.88327624500255,3339120
2022-10-21,224.05844116210938,230.61539158642097,221.3832833745219,229.1655657648158,5002910
2022-10-24,224.30166625976562,227.2948465699509,223.0108514527506,227.2948465699509,395760
2022-10-25,227.68768310546875,231.9716779020174,221.72002005027085,224.48872055033942,4718435
2022-10-27,233.26254272460938,234.53464631858716,226.55594247009054,229.16561812718163,4543535
2022-10-28,238.46315002441406,240.17486398984062,232.72932928219265,234.43170896150744,2765695
2022-10-31,229.94195556640625,238.3228608330257,229.16559693346943,238.3228608330257,3104155
2022-11-01,225.92919921875,231.27951523781533,225.049963657983,230.38156828604195,6675575
2022-11-02,225.94790649414062,228.754015644386,224.48873201963048,225.9853292754717,2733960
2022-11-03,232.0184783935547,232.59840309394366,223.71239012228145,224.86289096333422,3636250
2022-11-04,235.62899780273438,236.51759621318183,232.0465299375656,232.90706839724388,3337760
2022-11-07,241.1663360595703,242.07364573087855,235.0957963729543,236.52691074674817,2258285
2022-11-09,238.57540893554688,243.00905246781707,236.46147841401688,236.46147841401688,1989790
2022-11-10,232.93511962890625,241.32538713747124,231.49465654377016,237.54649975836742,3089160
2022-11-11,238.84666442871094,240.76416094238508,234.2165728827114,234.2165728827114,2488040
2022-11-14,236.78884887695312,240.48357084457564,234.85264089680223,239.43594700869997,1655990
2022-11-15,234.3475341796875,237.6026312317291,233.1035049545945,237.5745712806434,1474635
2022-11-16,230.7837677001953,234.74039190374796,229.22170197589958,234.21657287001068,2486780
2022-11-17,238.64088439941406,245.02944711194272,230.4750963591133,230.4750963591133,10895855
2022-11-18,234.07626342773438,240.28713183137742,232.3458238032411,238.61281210430838,5665580
2022-11-21,243.22415161132812,244.1314612489662,232.53288412472483,234.30073206631306,11427320
2022-11-22,251.89503479003906,253.4758117787872,241.51245453334099,244.12211529872312,9851655
2022-11-23,249.60337829589844,254.97239055415446,247.91969592366462,252.5497867657898,6956495
2022-11-24,245.38485717773438,250.8567750409608,244.1314653404925,250.8567750409608,3504165
2022-11-25,239.4827117919922,247.31175189630312,238.55669061743336,246.00223997808712,4325525
2022-11-28,236.6017608642578,242.22332757806512,233.28119560134837,238.33220050443296,22810780
2022-11-29,237.6400146484375,239.641719431912,234.12302984851257,234.35687226460726,8742450
2022-11-30,252.5498504638672,257.2266995465314,237.95807561691058,238.04226974758268,11378515
2022-12-01,240.73611450195312,251.88573478343653,238.89343490280157,251.88573478343653,8011285
2022-12-02,241.390869140625,242.8594064436607,237.20976537381034,240.69867614094937,5168550
2022-12-05,242.23268127441406,243.19611087955133,239.267561173711,242.4478265718547,4417660
2022-12-06,248.16293334960938,250.4919947730784,241.3628058924682,242.2607528137113,10171880
2022-12-07,249.78111267089844,255.68329272146215,248.24709278408292,248.43417812718283,6943485
2022-12-08,250.34231567382812,253.4851436050147,247.87292640342767,249.724968356228,2846375
2022-12-09,251.43670654296875,253.31680862316682,246.2734764906769,252.25047354925877,3202765
2022-12-12,255.0846405029297,257.40436743158176,248.4809332842226,250.67905759531416,5938835
2022-12-13,255.51495361328125,256.4690204313926,250.67907970240978,254.6076438621019,1977965
2022-12-14,257.8907775878906,258.16204279943526,253.5600112157231,255.533656169044,4138030
2022-12-15,260.63140869140625,262.6892047604343,256.30064271589464,257.30146653057085,3778060
2022-12-16,256.37548828125,262.6518112359118,250.3236449294292,257.6008203554556,9071230
2022-12-19,256.71221923828125,259.4434827094543,254.79469427354334,257.03024150299495,3297195
2022-12-20,259.89251708984375,261.7164711600923,252.99884590082058,256.2726403576599,2851545
2022-12-21,256.17901611328125,265.55140869844524,254.46727385686037,259.4340838680787,4286630
2022-12-22,250.5668182373047,259.47152673861063,248.4996593708831,257.22664536086796,1549960
2022-12-23,243.47674560546875,248.2378029697882,241.43764630837185,248.2378029697882,1564975
2022-12-26,252.76495361328125,255.73005945151132,242.27010488148932,243.48607402195685,1606850
2022-12-27,257.95623779296875,260.0327595324828,248.72414402716157,254.79468384724572,2420365
2022-12-28,259.7708435058594,261.342257565175,253.01747392868984,255.08463272857102,2201075
2022-12-29,245.48777770996094,252.36272184747895,234.09496787465906,252.36272184747895,19945730
2022-12-30,257.5821228027344,259.05999442764477,247.901040313469,248.80835010038066,7329350
2023-01-02,259.24700927734375,260.03271621746757,254.79464140476412,258.3490625665181,2184945
2023-01-03,255.24716186523438,260.41018616804416,252.5900140078609,258.86884533355567,2678225
2023-01-04,251.2189178466797,255.8618134603426,249.23314137913673,254.9351389377126,2709675
2023-01-05,249.62081909179688,253.42214081529954,247.9849120478071,252.65620307144135,2309935
2023-01-06,244.84548950195312,250.7271536067861,243.3987150430228,250.56641692111256,1599915
2023-01-09,249.37490844726562,250.5285475012249,245.76269104875396,245.85725730384627,2348255
2023-01-10,252.2685089111328,252.96824739935815,249.37495982608027,250.1408975922662,2849300
2023-01-11,252.38197326660156,254.1502500311853,249.46952251156515,252.28740699338627,1445245
2023-01-12,248.24969482421875,253.84768946720746,246.8407525216455,253.70582562238832,2259350
2023-01-13,242.6800994873047,248.31589763531827,239.72980185160424,247.7485288207021,4597480
2023-01-16,240.6942901611328,246.1504350468817,239.9945516961096,243.77695726433345,2549280
2023-01-17,240.4957275390625,242.1978194684,238.8409187466931,241.64936682290306,3167635
2023-01-18,242.83135986328125,244.29706497252965,237.56434735560774,241.69665114321754,2375830
2023-01-19,244.87387084960938,245.35613865004433,240.6186626371251,242.8313605188898,2489795
2023-01-20,241.56427001953125,244.7225729634277,239.50284352806048,244.7225729634277,1984570
2023-01-23,242.9448699951172,245.28051569840645,241.11037940143385,242.4720674548366,1269830
2023-01-24,239.2947998046875,244.4956273223636,238.85982958333,243.56892403048718,1061495
2023-01-25,237.195556640625,240.30660519571254,232.61883186680498,239.9094528239798,2130930
2023-01-27,234.70860290527344,242.8313312543478,232.62826054388708,237.34683427625203,2410525
2023-01-30,235.23817443847656,239.21916365456187,232.12712571595142,234.32093637744657,5905675
2023-01-31,243.32310485839844,244.98735016747594,233.26185300737308,235.94738238662288,6053500
2023-02-01,245.35610961914062,258.50947751241074,241.73444104596922,251.15267239293848,7936630
2023-02-02,239.1434783935547,245.78164339794364,236.96859862151962,244.51450741102565,2552580
2023-02-03,241.89523315429688,242.86920523218484,236.4012699492817,240.41064068198537,2600590
2023-02-06,244.65635681152344,245.40336387651092,238.29242568911656,238.29242568911656,2088355
2023-02-07,244.2119598388672,246.42467210589857,241.88576515872495,244.70366405679366,1940780
2023-02-08,247.30409240722656,247.8998282175859,243.9755729548782,245.44124926800316,1715770
2023-02-09,248.70355224609375,249.1574241260775,245.58303878334937,247.46481214435272,1437655
2023-02-10,241.81011962890625,249.6397281295763,239.74869315880605,249.6397281295763,3358630
2023-02-13,237.5548858642578,242.9637475413732,236.96861538983615,241.81010830353333,1789390
2023-02-14,240.2215118408203,241.0347327991833,236.38235746603286,238.6707200631035,1050085
2023-02-15,240.6942901611328,241.67772744047653,237.72509104063062,239.3326310823901,1236070
2023-02-16,238.04661560058594,242.5098580705891,235.71097002067168,242.4531240773584,3304915
2023-02-17,233.3942413330078,238.5383205959195,232.71340455447185,236.38234227348485,2077315
2023-02-20,233.98049926757812,238.06550529056574,233.4131305063471,238.06550529056574,2309105
2023-02-21,229.77256774902344,236.90242321220984,229.02553170718312,235.83388492823477,2163550
2023-02-22,228.46762084960938,230.97346828666215,226.0185074030126,229.02552432747592,3253235
2023-02-23,227.00193786621094,229.82930205883613,226.01851499809075,228.82696305033264,1641205
2023-02-24,230.4344940185547,231.10586551541272,227.1154111007544,227.47474563240607,2464105
2023-02-27,227.49366760253906,230.8411031741634,225.43224106390971,230.4344999232232,1437525
2023-02-28,227.57876586914062,229.33759184096994,225.0540021146867,227.89081726739286,13260610
2023-03-01,231.0396728515625,232.8930505832347,227.89080645007175,228.2690426809636,2913235
2023-03-02,228.76075744628906,231.6543064070445,225.6213563825003,231.2949863224245,2720640
2023-03-03,230.14137268066406,232.42973527953052,228.90263231459227,229.90497140687054,1836725
2023-03-06,235.80552673339844,236.22159526406116,230.7276322314191,230.7276322314191,3145920
2023-03-08,240.26878356933594,244.8928061131196,230.93566634779702,235.4556573301941,51702925
2023-03-09,244.04173278808594,248.63738822745324,241.12928200085966,242.06543617240303,8022010
2023-03-10,240.11749267578125,243.02050721699342,237.99934651656366,243.01104193170428,1446625
2023-03-13,237.9236602783203,242.80297081817787,236.72273796068578,240.32549048480305,3683830
2023-03-14,234.32095336914062,237.91425573769448,231.29501984833337,236.59986518824434,3141790
2023-03-15,232.5337371826172,237.1671960738916,231.7488832735881,236.59037642647445,1987050
2023-03-16,236.43905639648438,238.45319956611638,232.3729666365055,232.9970549403918,3988570
2023-03-17,235.64476013183594,239.79596545214528,233.9048504167658,237.63053637821812,4182610
2023-03-20,230.67091369628906,241.1103878006842,227.61661321973844,241.1103878006842,3402415
2023-03-21,238.38702392578125,243.71078464060724,230.36828321595902,233.2618321788805,5079360
2023-03-22,235.67312622070312,239.2002432012231,234.83153836174307,238.66124143430017,1814750
2023-03-23,238.39649963378906,239.0773364523688,233.37533891835517,234.88829840391895,2141185
2023-03-24,233.22401428222656,238.16007348699156,231.6732226749417,237.2144684964816,4290270
2023-03-27,228.7229461669922,233.1862030022732,228.01374240412494,232.99707045581195,1948390
2023-03-28,231.84344482421875,233.43206884949907,227.35182072840067,229.03501103247672,2605125
2023-03-29,236.7416534423828,238.29244496740014,231.01128981248684,231.84341234841736,1649135
2023-03-31,238.17897033691406,242.43419244958145,236.96859720139156,236.96859720139156,4489935
2023-04-03,243.2947235107422,244.15522754126698,239.4271880156894,239.4271880156894,2297460
2023-04-05,243.7864227294922,244.76039472514165,241.02525786108146,242.26401253120224,1710530
2023-04-06,246.58541870117188,247.18115450037058,242.10325999493537,243.20963060167244,1428390
2023-04-10,246.75564575195312,247.1811507037194,243.02995960052985,246.58541491367103,630385
2023-04-11,244.96839904785156,247.74847971663627,241.50748170798545,246.75560613102928,2316150
2023-04-12,247.5593719482422,248.12674070713192,243.69185104721177,245.66816199032567,2680600
2023-04-13,245.21432495117188,247.54997073574887,244.3443555494441,247.54997073574887,774615
2023-04-17,249.89505004882812,250.96358843186502,245.0819235400147,245.85732664988296,2927410
2023-04-18,253.27084350585938,254.3677487850907,249.4505911688917,251.0108625281687,2602290
2023-04-19,258.44329833984375,259.0768663825149,252.95880092322685,254.8121786294694,2649705
2023-04-20,253.29925537109375,259.7671913501523,252.63734905853974,259.1052850375983,1972785
2023-04-21,256.987060546875,257.5355276072994,253.62070905435962,256.3345907880517,1533610
2023-04-24,263.369873046875,267.00099249216936,256.4858703543763,257.39367185887903,3484290
2023-04-25,270.963134765625,277.8755058631129,263.8427293880692,264.71269879314724,11463135
2023-04-26,265.9324951171875,272.305863356966,261.3652069687571,272.305863356966,4680385
2023-04-27,265.81903076171875,267.0388693976769,261.3652389054136,264.769422972287,5355815
2023-04-28,252.0226287841797,258.15015944095535,247.55937212598917,255.31334450204375,15378245
2023-05-02,250.6420440673828,255.93743752359342,249.95174206975875,255.10530055592955,4445290
2023-05-03,249.46006774902344,252.60894874870323,248.93053122577223,250.21654025150337,2404405
2023-05-04,251.09597778320312,251.720080590859,248.88326538746497,250.77447552306097,2605540
2023-05-05,249.4221954345703,254.81215493677848,248.93049127263407,251.15266857117857,1867575
2023-05-08,254.91616821289062,256.2589399312647,249.4222057945568,251.34178267737738,3146345
2023-05-09,254.98239135742188,264.769409219738,254.5001524137801,256.9587024133316,4717955
2023-05-10,255.89015197753906,257.3936893032799,251.62549310436788,257.3936893032799,2721495
2023-05-11,258.0177917480469,259.07689369225864,253.43163013441483,255.52140930920524,1675840
2023-05-12,255.26611328125,259.9752083025142,253.61130432388055,258.1407320640241,1868500
2023-05-15,253.53562927246094,258.6418909297246,252.6751251872945,255.88074025810937,3314115
2023-05-16,251.26620483398438,257.2613380989432,250.5853679629517,255.3133937735734,5037130
2023-05-17,254.21646118164062,255.4268345056333,250.6042429221585,251.3418137155669,1876620
2023-05-18,254.57577514648438,256.6371870874037,251.4269232446268,255.7766830883798,3189190
2023-05-19,253.2897186279297,256.6182663968879,252.09827605842474,256.6182663968879,3457825
2023-05-22,249.50732421875,253.02497601211095,246.99204028548726,252.66567034848399,3724060
2023-05-23,257.8286437988281,261.05316007456406,249.7059009091895,250.38673761341485,3621815
2023-05-24,259.0296325683594,262.87825276304795,256.48595220244135,257.71525631048644,4991420
2023-05-25,260.1075439453125,262.49992316204003,256.89249309172664,259.02954051938013,2376370
2023-05-26,261.6678161621094,262.1500839454418,258.1501644157674,260.10757368715537,2622815
2023-05-29,266.43365478515625,269.1948050254273,261.66779784935846,262.49993480645026,5878845
2023-05-30,267.9466247558594,268.7787617911071,265.84740931363234,266.9442857427406,3948785
2023-05-31,264.7220764160156,268.5328626217348,263.1429036960461,268.1073289169184,6080605
2023-06-01,266.7078552246094,268.26812642329446,264.7221079855046,264.7221079855046,2902875
2023-06-02,267.294189453125,269.34613623044254,265.56371606904173,267.67242569774993,3680045
2023-06-05,264.9490966796875,269.9040581954838,264.3249938474755,268.74098238517854,2510040
2023-06-06,266.4525451660156,268.5045204778515,262.0743899012669,266.17831166736744,1777200
2023-06-07,266.3486022949219,269.6865871571611,262.87821886650823,264.769429074181,3799040
2023-06-08,266.84027099609375,274.0363110255731,264.7693937860895,267.2279724999037,4030580
2023-06-09,268.02227783203125,272.1072982713305,266.4714718132408,266.66060435226484,2435880
2023-06-12,274.6698913574219,276.3530671389868,267.98445693913976,269.4974307428956,2951100
2023-06-13,272.977294921875,276.3058436058566,271.3886851541091,275.75737644425516,3300860
2023-06-14,266.24456787109375,274.2254771704538,265.1949600687336,274.2254771704538,3617290
2023-06-15,267.4549255371094,268.5518308443121,265.52588317909243,267.4170932554608,2747890
2023-06-16,268.8553161621094,270.67776242256303,266.66840992110787,269.8144860795932,6897545
2023-06-19,281.96710205078125,287.9235373573685,278.69633004481165,282.5713836113039,15970295
2023-06-20,299.1938171386719,301.6972654412285,279.3198184790315,281.99591031375394,13814600
2023-06-21,332.7072448730469,344.06381251031314,321.32190331082336,329.1103578956869,67327115
2023-06-22,329.71466064453125,338.586982421875,324.52554785460234,338.586982421875,20695285
2023-06-23,321.6384582519531,327.7579674408682,314.96264335111164,324.7845346324917,26775580
2023-06-26,326.7604064941406,328.6979190582194,315.0393497270387,320.11333717068726,9027690
2023-06-27,325.3791809082031,331.59458246154037,318.44437273528007,326.8850552437441,9250910
2023-06-28,326.3095703125,329.63789061433,324.0363133496538,328.0360642049633,9058510
2023-06-30,332.87030029296875,338.96103446336576,325.69569954980557,326.32875513933817,13348225
2023-07-03,337.2345275878906,341.0616059626593,334.38579193263405,336.22741094343814,7848930
2023-07-04,341.02325439453125,343.9966867640426,333.79110557765074,339.9297867224719,8948575
2023-07-05,345.7328186035156,350.6725379690951,339.3351421868219,341.0808385130014,13158105
2023-07-06,339.80511474609375,345.60811028617604,339.018617663331,345.60811028617604,4616375
2023-07-07,329.6858215332031,341.27257901907376,328.4197104614896,340.5052549419041,6705130
2023-07-10,330.5683288574219,331.94950658557116,326.85631675103645,331.6713683896853,6425075
2023-07-11,337.7620849609375,340.99448267133636,331.1342177861949,331.8535951735492,6085610
2023-07-12,346.35626220703125,348.74458592880626,337.57026227187356,337.64698298560495,6537300
2023-07-13,343.19097900390625,350.90271320700543,342.0399926851798,348.6582591503694,6218315
2023-07-14,342.2126159667969,347.4784490464697,340.054483816565,345.3011440371015,4492200
2023-07-17,339.4501953125,343.77606059140834,336.7069836625367,342.63464615760125,4223875
2023-07-18,342.26055908203125,345.53133172946673,339.54612133053325,341.2342696057362,7805875
2023-07-19,342.5675048828125,344.2844271043778,340.08325849252986,342.2317895821709,5968125
2023-07-20,342.0111999511719,345.0134062608303,341.08080402713915,342.42363596091303,2878425
2023-07-21,351.3439025878906,358.37463394526435,340.50529504575474,341.1671245806655,15551270
2023-07-24,344.59136962890625,354.49958129851973,341.4644665514577,353.1279754383845,30150490
2023-07-25,349.8092956542969,351.2384495258976,344.5338608813294,351.22884845941627,7020285
2023-07-26,348.9747314453125,352.09203325949926,346.97007009892786,350.28881864430855,3995010
2023-07-27,347.5360107421875,354.72021306873387,342.72098846847024,352.5908547581374,11626560
2023-07-28,348.72540283203125,352.6484041571668,343.38281953642024,350.29842622546556,5905730
2023-07-31,363.17047119140625,364.10086708142035,348.76372185796004,351.33431920466916,7778860
2023-08-01,355.6026306152344,364.676398721631,353.93368439716545,363.1704949904894,5345210
2023-08-02,351.6604309082031,358.0101303450085,345.6176435631668,356.81116808665286,7630985
2023-08-03,348.8404846191406,352.70593793858114,343.670545084253,350.86431894957957,3816705
2023-08-04,352.39898681640625,353.68427086554914,345.6943991262269,350.09698509747057,5455600
2023-08-07,355.81365966796875,356.8112045649349,351.660466859904,353.1471685036409,4926185
2023-08-08,357.07977294921875,359.6407694885788,352.97452690498983,355.8328637747475,9859755
2023-08-09,354.6817932128906,359.86130407033664,352.9744722083963,359.3049984881806,6340300
2023-08-10,355.02716064453125,359.4776937569248,352.9745230092999,355.7848837896114,5397960
2023-08-11,346.82623291015625,354.9024561679069,346.08768264134716,354.89285510222703,5133290
2023-08-14,347.9004821777344,349.00352163215734,340.41896918365313,346.82621664746017,4598320
2023-08-16,344.5338439941406,348.4951911413989,337.64698178170454,347.94848653809777,9040420
2023-08-17,353.8185729980469,358.7295178639681,347.59357014318266,347.59357014318266,6805160
2023-08-18,349.22412109375,355.2764800535347,346.8453695056412,355.2764800535347,4286650
2023-08-21,353.59796142578125,355.85201644083327,348.1115086806836,349.1378274513836,6865250
2023-08-22,353.9432678222656,355.65058894632983,351.1904550976014,355.65058894632983,4892080
2023-08-23,355.3149108886719,356.1110090503708,349.35847382480614,354.70102808368785,2475480
2023-08-24,359.78460693359375,370.57526745649955,355.8520047998268,355.8520047998268,8085270
2023-08-25,357.6072692871094,360.59030263329487,352.39898421624434,357.7703410351552,4806385
2023-08-28,357.1660461425781,358.9117421666017,354.15426825586485,358.71989650206814,4670145
2023-08-29,359.1611633300781,360.26420280722857,354.2789630171009,358.15401742103916,2919905
2023-08-30,361.43438720703125,368.3212196535078,358.30748415245483,359.113183307862,3644915
2023-08-31,369.9134521484375,371.9660604300124,362.3935639499166,363.525377360857,12639870
2023-09-01,366.796142578125,371.38097324935245,365.79859774699474,370.2395587963141,3756035
2023-09-04,363.3143310546875,373.117047456937,362.42231017719627,367.74569079090975,7899565
2023-09-05,367.0743103027344,370.22995800792717,360.68623564137283,365.21351846722337,6793595
2023-09-06,363.06494140625,369.66403430002794,361.031506117908,368.302029578911,6908360
2023-09-07,363.2759704589844,364.638004491107,358.8542116123566,363.52536398058686,6035475
2023-09-08,374.8148193359375,375.9850078099338,365.0217026426218,366.4029096700123,7287555
2023-09-11,375.45745849609375,378.25821814115176,371.80302361129924,378.25821814115176,6565460
2023-09-12,366.6235046386719,377.88414938250986,362.8251709329668,377.88414938250986,6903070
2023-09-13,366.4700622558594,368.3212531959708,360.11076093520074,364.87783665914577,6517920
2023-09-14,367.4387512207031,369.8079017789706,365.5587866234889,368.3212003092546,5225585
2023-09-15,368.7528381347656,370.9397440890221,365.63553631168077,369.84627647612433,6773145
2023-09-18,366.8824768066406,369.2036807812093,364.7627195811228,367.5826813524187,3166810
2023-09-20,367.9183654785156,373.11707904807236,363.1321171990081,364.48455022690877,4028295
2023-09-21,364.54205322265625,369.08850847549564,362.7580115361377,367.30446678897715,2504980
2023-09-22,362.74847412109375,370.18204099565446,360.83973534858416,364.54211718673446,2804785
2023-09-25,373.2225646972656,375.8698828389097,356.93587944725704,362.74844637183503,10327105
2023-09-26,361.53033447265625,372.7526048292897,358.921391152974,372.541586278744,5973300
2023-09-27,363.026611328125,367.05510709039504,360.6958063721775,364.10087686473037,3216495
2023-09-28,359.0076904296875,366.8632938227176,356.1109787563475,366.26858392915204,21636670
2023-09-29,368.196533203125,370.42181432602814,357.88545710371466,359.2474911981848,6908925
2023-10-03,368.6952819824219,372.1386979445275,360.83967922350854,371.77420874844006,11039535
2023-10-04,355.0079345703125,368.31161549545146,353.2622384458187,366.21103121553057,6700835
2023-10-05,352.4949035644531,359.2954139736969,349.7133169824701,355.2764901464361,7397385
2023-10-06,354.6722106933594,357.3866776522173,352.01532085301324,355.075074893704,6311950
2023-10-09,349.31048583984375,353.1375936310634,346.00136726024533,352.984122935057,5354120
2023-10-10,363.1129150390625,363.8610663056652,348.21700934605275,352.9744833164611,8377560
2023-10-11,364.2159729003906,368.41714148401445,361.71252439620713,365.836972272091,4561415
2023-10-12,360.28338623046875,366.1247272966222,359.6887055873444,366.1247272966222,3313985
2023-10-13,360.830078125,361.9427185708061,358.80621468906094,359.65988983471584,2983920
2023-10-16,358.2596130371094,361.60710712878057,355.9671825781786,360.83018173370243,2463960
2023-10-17,362.2688903808594,363.1225363907058,359.1132131397143,360.35055053580584,3378270
2023-10-18,358.0005798339844,362.7293098950621,355.3820646257554,362.2592967187684,2524565
2023-10-19,360.42724609375,362.5662054094494,349.79965697339554,352.3989990859873,3099700
2023-10-20,360.01483154296875,361.75092674334195,357.96222315086334,359.97645655042635,2206225
2023-10-23,360.6479187011719,367.5539543849188,357.9622544194621,359.6503737087317,10365280
2023-10-25,348.3992614746094,361.9619073999196,343.76645488893706,359.0268501158773,6849205
2023-10-26,344.8407287597656,348.9172005610964,337.7908538852846,348.3992699253776,4792965
2023-10-27,371.23712158203125,389.36542660772335,355.0847041835471,355.0847041835471,25056665
2023-10-30,362.98822021484375,371.23708632099823,357.81828096014993,371.1987113330982,10187990
2023-10-31,360.6191101074219,365.81782386845003,358.86384206194936,364.86822575849965,8455335
2023-11-01,364.9161682128906,365.82736197518443,359.909300602412,361.4151749671909,3794295
2023-11-02,375.0066223144531,376.9537358606325,365.0216610657127,367.07429851234116,4288760
2023-11-03,386.2673034667969,389.02971747106744,374.4695253677289,376.4741869525472,9322270
2023-11-06,385.8700866699219,389.9196622695633,384.0293866147418,389.2511930000982,5634155
2023-11-07,385.03692626953125,388.5633158951518,378.65258670008154,387.49766770679827,8807090
2023-11-08,383.5740661621094,386.09293296083774,381.94650160854536,385.0369525219704,3525375
2023-11-09,376.55029296875,381.7042765909569,375.89152110987635,381.7042765909569,4975345
2023-11-10,378.2554016113281,380.9195813775581,373.3533132066815,375.8915451989841,2430100
2023-11-13,381.2779846191406,382.285537125631,373.99267545846044,379.26290917136157,2779500
2023-11-15,394.4438781738281,395.49985849842113,382.69241989071566,384.6590675714168,6346865
2023-11-16,394.4438781738281,397.39871317063074,390.52028019872563,394.647316329707,3184495
2023-11-17,386.50946044921875,391.1887449372379,383.85497837129924,391.1887449372379,5468870
2023-11-20,385.3760070800781,389.41585556542964,383.21558899215427,386.54823781876536,2862980
2023-11-21,387.4879455566406,391.3534182520689,383.6805980472187,387.5170081496438,5089455
2023-11-22,383.0799560546875,389.45459790726693,378.45879675480495,388.47610798897364,2639075
2023-11-23,382.6439514160156,387.3038406897158,381.7042215661003,383.254295383977,1529325
2023-11-24,377.3447265625,383.64187861039795,376.1046731879837,382.64402339157,2379295
2023-11-28,380.8711242675781,381.7042716845262,374.83553592716447,378.1778525467017,3604165
2023-11-29,382.5471496582031,383.9131508449671,379.76671947817084,380.87115729244164,3299720
2023-11-30,388.9120788574219,391.3921853897248,381.9561555295599,382.295209265731,11002290
2023-12-01,388.14678955078125,393.31047120107513,386.9357986751297,390.2296879438604,3034950
2023-12-04,405.8175354003906,408.4429549969378,388.92179054935093,392.3609923600055,9360830
2023-12-05,401.0704345703125,406.6700545536751,395.85832570961657,405.81754190988994,8296900
2023-12-06,398.3094177246094,403.81215278994966,396.23618729660024,402.43645424101214,3598450
2023-12-07,394.2598571777344,401.0801658609709,393.3298244916768,399.3266534913846,3904160
2023-12-08,393.63983154296875,398.65817030929315,390.3653076979663,397.2049813531232,4218365
2023-12-11,396.6430969238281,400.67324830151125,390.51062293684373,393.6398338173502,4948465
2023-12-12,386.5966491699219,400.11131685590544,385.2015855546512,400.11131685590544,7159045
2023-12-13,386.6063537597656,389.78399215037945,382.87649651840064,389.44490884385493,7973270
2023-12-14,410.43865966796875,412.70563071137593,388.5051819102265,388.6795870406445,11924520
2023-12-15,402.57208251953125,411.0780803065491,401.0994988559067,410.18677811197614,11228265
2023-12-18,396.81744384765625,402.73675227789323,395.8292565013821,402.39766896427375,4203410
2023-12-19,399.05535888671875,403.53117591751,395.2673763158673,398.910045911408,11070960
2023-12-20,387.27484130859375,409.20831993322884,385.57945426096387,399.3363209878135,9435625
2023-12-21,390.7818298339844,396.798023039837,382.09175984099676,386.99384757394347,9405990
2023-12-22,398.26092529296875,400.8863448216608,390.7140230604204,393.3104095604622,6928875
2023-12-26,394.4438781738281,402.39765667772355,392.9616267648781,401.46762411421815,4822975
2023-12-27,397.18560791015625,400.2082361458976,394.45360563354217,395.47082605569204,3750095
2023-12-28,396.36212158203125,400.07258423521336,394.5117241662759,400.07258423521336,3288345
2023-12-29,397.8443298339844,400.69258213657275,394.8701297765223,397.6893194868475,5291010
2024-01-01,396.98211669921875,399.14253475166305,395.4805000571807,398.28029518189743,1523610
2024-01-02,393.33953857421875,399.09416965038656,390.6172334179247,397.205012035355,5389635
2024-01-03,404.9649658203125,406.5053423605521,393.13598800804806,394.2985508439879,6787670
2024-01-04,416.22235107421875,417.0651958685381,404.9940488842583,406.89287401808593,7695105
2024-01-05,420.9210205078125,421.76386534141494,410.66151039686474,417.1621004803037,8114435
2024-01-08,425.5615234375,431.1127157921854,419.20624621710573,423.1686044840903,7487975
2024-01-09,420.03936767578125,430.7348154960275,416.6970217537039,427.54750948562975,5463445
2024-01-10,416.580810546875,423.91457749331414,413.8100779517446,422.3935660428779,2470725
2024-01-11,441.7209777832031,443.67792810306696,427.04374690601554,429.7466864158116,14663945
2024-01-12,444.24951171875,446.2452220171176,437.9136001298925,444.24951171875,5187280
2024-01-15,444.24951171875,444.24951171875,444.24951171875,444.24951171875,0
2024-01-16,447.5240478515625,452.4164385663004,444.68549268095376,450.488550788308,6647950
2024-01-17,443.31951904296875,449.1032123002834,434.0191037635656,444.48205247464097,5308645
2024-01-18,437.0029602050781,443.183861825428,425.60028175853205,440.02561800169013,7883550
2024-01-19,446.0030517578125,449.8976169946436,440.0256178754789,440.0256178754789,5296785
2024-01-23,441.67254638671875,448.34754168208644,435.4916447848834,443.13543269332365,10999270
2024-01-24,446.1192932128906,448.5509720904883,428.1191397821823,432.82745760894016,8501730
2024-01-25,447.02996826171875,455.9041121434476,444.0945278273258,449.09350125756805,5327820
2024-01-29,466.76422119140625,473.15825769372714,446.0611299077585,471.2206726666724,17895075
2024-01-30,475.27996826171875,483.72784109719225,466.76427284714424,466.76427284714424,14238795
2024-01-31,477.9635009765625,480.4436372223375,465.1173312577986,474.70837204526424,9573360
2024-02-01,464.4779357910156,472.56736007570976,462.8116113031088,467.15181288131373,10601720
2024-02-02,466.08612060546875,469.1184461402815,462.2303154567453,464.5360465496139,4405185
2024-02-05,456.70819091796875,471.298204163702,454.78997105074575,468.70181769432486,1993400
2024-02-06,466.3109436035156,467.76058523961143,452.14522748307127,459.2183468398558,7511415
2024-02-07,469.6577453613281,478.51129479738256,466.3108977365715,466.6027618993025,5230250
2024-02-08,456.8735656738281,471.8662686169478,455.48229699739414,471.8662686169478,4430985
2024-02-09,454.1786193847656,458.0605615200103,445.88932019638094,456.87359767661655,2903050
2024-02-12,440.19775390625,457.84651079620556,438.75782132947705,454.35373086066653,2845040
2024-02-13,453.5072937011719,456.0077057196852,434.9439598167494,441.12200897218895,8984610
2024-02-14,465.69793701171875,467.8967459312558,443.69048917673,444.6244841559603,3686385
2024-02-15,474.3180236816406,479.33829524866576,469.33667723437543,474.24020313328765,5721585
2024-02-16,476.6141357421875,478.63779662365766,473.5883385860665,474.7850410792463,4596560
2024-02-19,474.7655944824219,479.0561759881665,470.22204423171024,476.6141368642176,3451410
2024-02-20,470.2415466308594,475.72883127071987,466.08718771734385,474.7656496931325,4396705
2024-02-21,458.43023681640625,469.9301598384086,456.30927806635145,469.6869298067647,3665875
2024-02-22,466.0676574707031,466.9432796308365,453.97423794686756,459.04317309393906,2571220
2024-02-23,475.84552001953125,478.09296322577813,464.68612453739695,466.7098151080019,5723325
2024-02-26,483.570556640625,493.2705728405404,476.3320275159554,476.71148066990213,5989015
2024-02-27,461.63116455078125,488.279432082794,439.17615080870917,481.59547538709916,20513770
2024-02-28,457.0389709472656,474.3861238457373,449.080461698079,465.4449854527124,11119410
2024-02-29,474.51263427734375,477.7232590144992,457.4962697263178,466.80709334053574,20232355
2024-03-01,476.81842041015625,481.37167946843465,473.81210078740196,480.5252437104277,5500370
2024-03-04,476.0498046875,479.64962102194033,470.69874400672785,478.67670089816363,2666695
2024-03-05,473.1310729980469,477.8692192286522,469.1421240016791,469.1421240016791,6190170
2024-03-06,462.05926513671875,477.3146464394127,457.05844115773436,475.5633723000034,6744720
2024-03-07,476.64337158203125,477.78167166739723,462.0593062804743,462.0593062804743,5963990
2024-03-11,482.7532958984375,486.4406719187964,471.01988018814063,475.95259292711773,11377355
2024-03-12,471.23388671875,483.34672492906765,468.9864435183171,483.34672492906765,7206710
2024-03-13,451.7073669433594,474.7266613006037,447.56271759502897,473.7926662682922,8118855
2024-03-14,445.8893127441406,452.9819092673212,440.9566299290519,450.46204952943793,10111785
2024-03-15,441.08306884765625,450.4620334282464,438.0086672747314,446.3757568856918,7257360
2024-03-18,449.2848205566406,453.94508686527394,440.68420968395174,440.73284381673596,5870405
2024-03-19,445.0136413574219,455.89088079202645,443.1748378344559,452.0186778524464,6619825
2024-03-20,450.306396484375,452.972188418102,443.6516256623796,445.5974661258111,4526425
2024-03-21,449.6448059082031,458.23567826192846,445.59745428884025,451.96036074876264,8698620
2024-03-22,453.51702880859375,458.9653580859043,448.54539122908824,455.13205018576014,6367775
2024-03-26,461.6603698730469,464.9391061699684,443.64186891228525,443.8462035302754,10693585
2024-03-27,464.3455810546875,472.8391845021572,456.2995422459089,468.94750397127524,77232200
2024-03-28,459.17938232421875,465.9411891937617,454.9860988836618,461.9522106696848,11625440
2024-04-01,473.17974853515625,474.2013028758715,460.39556276551,461.3587739602767,4228910
2024-04-02,479.83453369140625,480.8755654700743,472.8294961139389,472.8392348174756,4433110
2024-04-03,497.4443664550781,499.45828865959464,478.4432365537059,481.9846505645819,11588495
2024-04-04,486.3238830566406,501.04417061896714,483.7359414202142,501.04417061896714,7019985
2024-04-05,490.12799072265625,492.68677555882215,486.0903778946718,488.5129396532289,3253480
2024-04-08,499.9253234863281,502.08517774813345,491.7138452309715,494.81746293121495,3678905
2024-04-09,496.26708984375,507.0178751598846,490.9549542153911,503.97263038400473,4766875
2024-04-10,491.91815185546875,499.35127619021637,490.2544666818348,498.1253872774507,3504425
2024-04-12,483.6580505371094,490.3420070832448,482.3543411251428,490.3420070832448,4144555
2024-04-15,469.8523254394531,485.0979974009198,468.5680637032025,485.0979974009198,4750690
2024-04-16,467.1476135253906,471.6716863760895,460.8431098283223,467.00168143817467,4033025
2024-04-18,461.4462890625,475.2228414360947,459.4323373011644,470.87388733999984,6791185
2024-04-19,460.4928894042969,462.84736951560416,452.42737207373426,457.2433392740049,4797160
2024-04-22,471.79815673828125,473.2867233660145,461.9424709616827,465.055827288617,3489700
2024-04-23,472.2457275390625,477.9762118035273,470.32907364910227,475.1644879994385,2892585
2024-04-24,478.8810119628906,482.8991768762972,470.504183841314,472.25542821014426,8459300
2024-04-25,484.8742370605469,487.29679886605226,471.33120445508115,478.4821441977659,14587660
2024-04-26,486.18768310546875,493.6499940970415,454.74289514315194,488.8924000714511,20810260
2024-04-29,484.94232177734375,501.4333301907351,472.8878268711591,500.07121822826224,11904615
2024-04-30,496.52008056640625,501.79332100047145,483.3467330297901,485.09800716661476,13426225
2024-05-02,502.4354553222656,505.7239304945806,493.2705632591796,495.51800664548114,9243475
2024-05-03,503.69049072265625,517.2043058984383,501.0830719578932,505.9184563933648,7622145
2024-05-06,495.7125549316406,507.6599834901026,486.23629248439477,505.91847779993134,4326785
2024-05-07,483.6969909667969,499.10804275922953,475.1060893152521,495.7125608973821,7825870
2024-05-08,476.34173583984375,486.0709378394681,473.3743114152574,483.2494751978107,7324775
2024-05-09,459.3934326171875,481.4300682355225,458.0897231697168,476.34171481663964,4104015
2024-05-10,456.1730651855469,468.30538062256664,453.59483273076984,461.94247453912016,10984650
2024-05-13,447.8935241699219,458.1772976984375,443.4083763482531,456.2995688586521,8390345
2024-05-14,453.44891357421875,470.4750166549704,450.8122785195017,456.29956256414437,12376035
2024-05-15,451.4349365234375,455.71577912120244,448.1367230587157,454.93745490021456,4269680
2024-05-16,455.0736999511719,456.45525974514123,440.73286522835923,454.74291063513283,12445545
2024-05-17,461.4754943847656,464.4039638571293,451.62954718084916,456.10495613450803,4729135
2024-05-21,461.7965393066406,464.9585297670764,457.00978883666494,461.16414715278677,3935580
2024-05-22,454.6942443847656,463.0808114441909,453.7894357585215,461.7965497023925,3465540
2024-05-23,467.0892333984375,468.8891416224476,453.08892781496473,456.49414835562345,5512760
2024-05-24,466.5152282714844,472.63490454294174,459.74371210374017,466.97250194565373,4877325
2024-05-27,463.1100158691406,471.574433497838,462.33169158448334,468.9475370775752,3398210
2024-05-28,465.77581787109375,473.42298626021545,462.1371057397068,465.0558664075365,6493910
2024-05-29,462.0690002441406,466.54443926493843,458.829188924573,462.14685049002264,2197930
2024-05-30,448.0686340332031,463.10997056187557,445.98657075412774,460.3858061409189,6688165
2024-05-31,458.0605163574219,464.54016787762663,450.19933490281096,451.22088914573334,12916455
2024-06-03,488.24053955078125,495.5958437089509,471.9149394932295,476.7309064450088,15161795
2024-06-04,439.8961181640625,494.2434219211967,426.7227714001168,494.2434219211967,17788625
2024-06-05,464.5596618652344,466.59306154247884,433.9224139341517,436.23796878600166,7114095
2024-06-06,481.5566101074219,493.27057851022596,467.0114698378482,472.839252773116,10501485
2024-06-07,486.0611877441406,487.81246187772814,478.68646586538586,482.4419234974609,3706890
2024-06-10,490.1766052246094,496.67570427811836,483.580208224194,488.4058835408725,4849020
2024-06-11,492.88134765625,496.5881710052868,484.5142285344894,489.3690905200373,4681350
2024-06-12,499.48748779296875,502.69811239692825,492.4046006295996,493.22187968011644,3510365
2024-06-13,522.3219604492188,524.9197003181864,502.24087188045024,504.36189031961703,10022455
2024-06-14,531.6327514648438,534.522355194735,524.413700564962,527.7119141315886,15318425
2024-06-18,550.6241455078125,552.8423724692328,531.6716214753166,534.9017233510082,12393205
2024-06-19,543.1326293945312,550.8673558320118,537.051878953482,550.6338645162481,9175135
2024-06-20,545.8471069335938,555.4401448724324,537.976216068141,545.7206225618028,6948810
2024-06-21,549.048095703125,553.0078882060716,543.8624141965219,546.7811749167179,9672340
2024-06-24,560.83984375,562.3478581367024,540.9143982927812,548.5907526841585,5367855
2024-06-25,581.777099609375,583.7521562415154,556.8314692632327,561.0344919140525,15844875
2024-06-26,581.6213989257812,595.3201314162682,575.696289018555,580.9889770683568,9032225
2024-06-27,574.2272338867188,583.1002610706685,568.9539638194656,581.2322115923273,12298175
2024-06-28,566.5314331054688,577.7783884907647,564.2937284724765,574.2272653116767,6005455
2024-07-01,569.0123291015625,572.4662431589101,564.69256123653,564.69256123653,6673330
2024-07-02,549.680419921875,572.0770612896786,547.8805413561254,569.547492594733,12638725
2024-07-03,554.6521606445312,561.3750137976555,545.9152959596805,552.6187310867734,7945600
2024-07-04,551.4024658203125,558.0669447420503,548.7269355494597,558.0572654222227,3958315
2024-07-05,557.6486206054688,558.8939868895033,547.6178163267723,551.6457199623845,6163345
2024-07-08,546.411376953125,555.7319680553056,544.0763449809543,555.7319680553056,4065755
2024-07-09,543.2786865234375,547.5497612523916,539.9999500606712,546.5671616897916,6359760
2024-07-10,537.4605102539062,545.740069886785,526.3497792306556,543.6580066007306,8300735
2024-07-11,532.9656372070312,542.0041032511283,528.1302526474894,537.4605234728115,5689115
2024-07-12,543.7456665039062,556.5103752556873,535.1061300535456,535.1061300535456,9030805
2024-07-15,560.8495483398438,562.1532280339558,546.2362692761366,547.3648304762185,7400215
2024-07-16,547.462158203125,564.2936642428685,545.224453824835,561.7446183032545,4907090
2024-07-18,557.9307861328125,559.2247271202965,540.359851369546,540.359851369546,4119020
2024-07-19,546.946533203125,559.5944958261613,542.7629882119726,556.5103554135982,3677715
2024-07-22,550.1669311523438,554.1656785626419,537.8400480509207,544.8158697074637,2717785
2024-07-23,535.847412109375,553.0230086104715,521.0192420515884,553.0230086104715,12227465
2024-07-24,532.9227905273438,539.9162954072569,521.3909041877488,535.8082246980439,5130575
2024-07-25,524.0709228515625,530.1352121256513,515.5613604588129,528.0812065855965,10445410
2024-07-26,572.1939697265625,595.4729603157975,526.2228302784455,529.3136295567339,32196680
2024-07-29,575.7150268554688,593.8589995062033,568.2814211299448,580.9968401913721,12753435
2024-07-30,569.6605834960938,583.2270137517565,565.7384155406673,575.7150821571918,9486875
2024-07-31,573.5535278320312,576.5073773282226,570.4431474160758,573.9350047875207,4655790
2024-08-01,584.7626342773438,586.6699593950524,571.206053402214,573.7393828137753,8859720
2024-08-02,585.3201904296875,591.3453775592579,571.2158700794215,576.1064169122933,8905205
2024-08-05,565.6307983398438,575.4901566729359,549.3257332340165,562.6084740731355,9480440
2024-08-06,554.9400024414062,575.2162460606312,552.6316791359721,571.245125232147,5917390
2024-08-07,572.2037353515625,573.5828432071177,561.5423200235606,565.3667608461473,3986695
2024-08-08,561.8650512695312,571.215772834128,559.2045632018675,571.215772834128,4434050
2024-08-09,578.6690063476562,581.6522277061232,563.4105254885466,569.2595998680299,4568775
2024-08-12,582.190185546875,589.7999045127175,572.7025731506066,577.074693040951,5709795
2024-08-13,565.6112670898438,585.9755092703685,559.5762899061102,582.953125356224,7249815
2024-08-14,566.3448486328125,570.550706554104,560.260977929758,567.4990104075542,3626125
2024-08-16,583.2465209960938,585.2810049070426,567.7043510279537,569.8464126262622,4976095
2024-08-19,601.654541015625,603.4933911324388,589.4183850730692,592.3429221006152,9092170
2024-08-20,618.1356811523438,621.4906484534648,597.0966010908858,609.9489114119268,12149555
2024-08-21,617.979248046875,624.0337471350978,609.7240029852134,614.24286327475,5227030
2024-08-22,614.9568481445312,619.5246615417963,610.9857267893194,619.1431845884475,4610695
2024-08-23,611.6215209960938,618.6150263364243,609.8902484398853,618.1650745689711,2466965
2024-08-26,618.5856323242188,622.0285960241522,608.5795936951016,614.252615465,3366050
2024-08-27,631.7510375976562,639.4683343939602,609.5577349294704,616.9718202271403,9915805
2024-08-28,626.3518676757812,635.3797976995086,624.3760677229611,630.880518655387,3352220
2024-08-29,626.0877075195312,638.1184990628832,621.0113181202247,625.7942866841192,5976425
2024-08-30,626.8702392578125,630.7630949508166,621.4906384081011,626.1366573237609,11026125
2024-09-02,630.9293823242188,637.4142516594337,628.7384270777547,629.8925888701223,3165735
2024-09-03,639.9963989257812,642.236247432191,624.0434407598299,628.1417205678343,7181415
2024-09-04,634.5874633789062,642.0211293175058,631.0760846882923,633.2376678708172,3467420
2024-09-05,634.890625,644.3782956890499,631.6922486767919,635.1743148607164,3368300
2024-09-06,632.9638671875,639.0868408712794,629.9414832254012,636.5339899619372,3058060
2024-09-09,648.6234130859375,650.0905770304097,629.139432920029,643.5959169751068,8095085
2024-09-10,637.7369995117188,652.9661671695774,631.8879255034068,651.0099487374679,6190070
2024-09-11,641.6200561523438,645.1608066927814,636.5730389303045,638.7151004737449,2946285
2024-09-12,665.260986328125,667.5399377467887,644.6815308599593,645.5520623627349,9163615
2024-09-13,658.9033813476562,670.0048984867558,658.2675863964769,665.0556676099839,4786700
2024-09-16,668.8212890625,672.9097784810683,657.7980386329114,660.8105720787725,4724820
2024-09-17,669.9265747070312,678.1720285688035,666.5716671238227,668.0486216517971,8030320
2024-09-18,699.2894897460938,702.2727112754441,672.9392218960954,673.8195441764541,10582475
2024-09-19,689.635498046875,708.8650996896554,684.6764769712116,698.6732179910468,6428925
2024-09-20,690.9559326171875,701.4999791853184,688.0020832221895,692.3057281834056,6407140
2024-09-23,697.9200439453125,706.5861371622217,692.5013402603571,694.6434018787854,2935070
2024-09-24,687.8651733398438,700.6196974441162,685.0677949985705,700.6196974441162,6681865
2024-09-25,689.3811645507812,692.4622325073254,676.4603201206565,687.8651071828982,3801635
2024-09-26,709.8041381835938,711.4767265732544,690.4571076318697,691.9340622223042,5359390
2024-09-27,708.3565673828125,714.4599599468704,703.4170675906635,707.7598753303284,4967200
2024-09-30,699.7296142578125,713.0318766263197,697.978760433937,706.9675871322153,4405700
2024-10-01,698.4483032226562,709.676978843779,695.9834486915595,699.7394146580377,3381135
2024-10-03,666.9727172851562,699.3285280895728,665.1240764864405,698.3700001342612,8036680
2024-10-04,652.6532592773438,667.9509039526683,648.5842909196688,666.4837399167778,8827525
2024-10-07,645.4249267578125,667.6573302430537,636.9447365291519,659.2065119465609,5480765
2024-10-08,651.2838134765625,659.8422694482201,641.2484029796622,641.2484029796622,9122180
2024-10-09,662.757080078125,680.7640452960308,653.3769860025122,656.213526737533,6569580
2024-10-10,652.9172973632812,668.2344619754542,650.6187048026358,665.1142910749494,3740385
2024-10-11,653.6117553710938,656.8786667321211,647.1268858737533,655.3332373075115,1799620
2024-10-14,664.19482421875,670.982904385775,656.0667392372574,658.8543265493287,3844085
2024-10-15,665.3392333984375,672.6652621001815,658.971732654215,669.0267243600833,5209855
2024-10-16,663.236328125,669.4179856665797,658.6783056492197,668.4398764296028,1607350
2024-10-17,637.453369140625,662.3658442427297,634.9787836364989,661.0062579777189,8237815
2024-10-18,654.28662109375,660.0085960926275,615.3774657170204,623.5935476937178,9380205
2024-10-21,648.1538696289062,661.8865621362227,640.0747371181789,656.6928042440858,5627980
2024-10-22,636.6513671875,663.3537391350837,633.8148263381552,648.1538824071723,19691260
2024-10-23,625.5498046875,637.8250647337303,620.1311005375129,625.9899658220296,9660305
2024-10-24,634.8124389648438,638.9009281724408,623.1631252021917,624.0336566999677,7501270
2024-10-25,604.9899291992188,636.612157544015,592.3429243512657,636.612157544015,15251890
2024-10-28,637.5902709960938,654.1888157418456,615.0350744462955,618.9475113825939,21602980
2024-10-29,638.86181640625,642.744941202306,618.6345241236072,634.2255880772207,10906400
2024-10-30,623.2120971679688,637.6685813203718,621.4808842971931,629.3252803110917,6964385
2024-10-31,614.0374145507812,623.0555526064338,604.0020047324628,623.0555526064338,8075010
2024-11-01,616.3947143554688,618.9475653512252,614.252652558108,617.9694560318652,286730
2024-11-04,615.7980346679688,620.0527860005411,608.178525448397,617.265198534242,4842960
2024-11-05,618.614990234375,621.2949999949816,597.6247444926162,617.6955651625782,7606175
2024-11-06,623.38818359375,625.9899279642688,613.5288255125784,623.4468677615346,4294660
2024-11-07,604.7635498046875,629.1400414150502,602.3701686371159,629.1400414150502,5846920
2024-11-08,592.5112915039062,607.6887091509916,590.3641374917839,607.6887091509916,3851745
2024-11-11,590.8369140625,602.1830217851781,582.6326074875097,592.9150570610376,4101875
2024-11-12,577.3929443359375,595.9387944835097,575.7087887053947,593.7917004423869,5430660
2024-11-13,562.1564331054688,577.2550422132915,559.2804560347806,577.2550422132915,6755505
2024-11-14,556.0006713867188,564.7466653389984,548.2001513012441,561.949498216904,7172685
2024-11-18,561.0335693359375,564.7072596928326,551.5488933781844,556.0007001112357,4841895
2024-11-19,556.4242553710938,564.5497532162541,551.8838400934766,561.0040453608365,5942545
2024-11-21,551.9823608398438,558.8373486052212,545.2455573364495,558.6304960897155,4777400
2024-11-22,561.4078979492188,564.3527657648898,540.8232791313656,541.6998624270321,8194990
2024-11-25,580.662841796875,593.9000187486716,576.5557888474166,576.5557888474166,13791540
2024-11-26,600.075439453125,606.565955166745,580.899232718869,584.0017196687619,10105100
2024-11-27,594.6879272460938,604.0839957631905,592.3930728876629,596.638087566771,4064750
2024-11-28,599.5534057617188,605.7189448018548,589.221721508471,598.8245828285003,12057145
2024-11-29,594.81591796875,604.054366601184,589.4087786968106,602.2716842168135,5600545
2024-12-02,609.5010375976562,613.5686559661017,593.0530472829374,594.8160125366343,5433440
2024-12-03,621.5857543945312,631.7007866173577,615.5778349916066,616.749878823017,9872220
2024-12-04,617.0059814453125,625.1117615402768,614.5239920611469,619.6159536670796,5743725
2024-12-05,615.8240966796875,622.2752374097334,605.3249350241366,620.9751505573018,7117350
2024-12-06,615.833984375,620.1478900066605,609.3827832272159,615.9620273363923,3193785
2024-12-09,612.0026245117188,623.1222230329442,609.7570036312813,610.7616298266414,3963995
2024-12-10,627.682373046875,629.7802336228264,612.4162864807677,615.6566749410257,5630900
2024-12-11,639.8460083007812,643.657600442426,626.0079919515707,629.455172656401,7350105
2024-12-12,639.81640625,643.1454025762883,634.5865432829236,638.1223920841795,5108345
2024-12-13,622.9646606445312,641.1066634990879,614.1103403506432,638.624674142612,6003130
2024-12-16,618.0203857421875,629.7506826911218,615.9619601058279,625.2200663446607,2943305
2024-12-17,586.39501953125,617.5378316886229,584.1001651429573,617.5378316886229,10413170
2024-12-18,577.432373046875,597.4456674105774,572.9904246411743,586.3950192819145,7447675
2024-12-19,580.1998901367188,581.588584947798,562.0479699703241,565.3375914649214,7354675
2024-12-20,566.7658081054688,583.2039391686803,560.1471893934214,581.7364346047027,12499100
2024-12-23,567.8787841796875,581.8841597296749,565.8892489869569,572.4290584387687,4691250
2024-12-24,567.8886108398438,570.7743865087272,562.4026614227699,567.898409432366,2020780
2024-12-26,576.5458984375,578.3285808999767,565.5641416474083,569.7303466065028,4462340
2024-12-27,571.030517578125,579.0968638539998,569.3758177063837,578.5158012600796,1524915
2024-12-30,574.98974609375,584.8093181006167,570.3212879945069,573.7684687985629,3452720
2024-12-31,569.10986328125,573.7487452117882,567.5143158496677,570.8334536647301,4075070
2025-01-01,574.9207763671875,577.3535322854015,567.878714738801,571.0500921195442,1297175
2025-01-02,602.7740478515625,604.517355674316,577.4717382261804,578.5945486921594,7297085
2025-01-03,600.4692993164062,610.2494359663716,598.0661195677037,602.7641535302472,3652225
2025-01-06,584.9471435546875,606.9697494294646,582.0810854723455,597.0517108609439,5430225
2025-01-07,582.7508544921875,595.2789261802782,581.0962148567916,586.4245452241881,2781710
2025-01-08,571.0009155273438,585.0358668792448,559.5956540178603,585.0358668792448,4976035
2025-01-09,553.4891967773438,576.0042587423931,551.7459489929356,571.9858138082803,5408205
2025-01-10,523.9714965820312,557.4583967395295,521.0167700975461,557.4583967395295,5999299
2025-01-13,513.2359619140625,532.5402108491479,510.9214502333297,522.050907873431,5558523
2025-01-14,535.8887939453125,539.2375075354472,510.47816177741214,518.9976459877497,6987503
2025-01-15,525.1533813476562,537.7109684798613,521.1152192210196,536.7752931021002,4072535
2025-01-16,538.5481567382812,545.3932853903733,527.4679319786574,527.4679319786574,6194466
2025-01-17,518.5545043945312,539.2868234590969,515.9444719222281,538.3019146188415,5347916
2025-01-20,508.9023742675781,513.6299243480655,485.90474844116284,503.2883822470978,12701612
2025-01-21,512.4480590820312,522.7403685160409,505.70145755189685,510.18278076553787,7753705
2025-01-22,510.82293701171875,520.3765036043073,505.307412053647,512.497233761969,5895189
2025-01-23,521.8046875,525.3996287846938,503.87936478051006,510.8229900847102,5150004
2025-01-24,519.490234375,533.6236536714017,501.46638267115117,523.9223246216296,7602501
2025-01-27,503.9285583496094,522.6418547466359,500.48137770803106,517.9635381616367,8523575
2025-01-28,522.1001586914062,533.6236042890605,500.9246484186028,512.2018367460867,16222471
2025-01-29,545.14697265625,547.2645504348646,522.2478450785484,523.1342869658888,9135552
2025-01-30,530.1764526367188,551.5489879422965,528.7483226986972,545.1470800465378,7172857
2025-01-31,538.04296875,545.1179487267856,530.5722232858066,540.6651793302339,4058608
2025-02-01,526.2183837890625,543.8810720871755,512.5632362911053,542.149439532138,3874882
2025-02-03,540.4177856445312,552.143387182249,510.5842075018646,519.4897460048041,7442129
2025-02-04,570.6965942382812,573.8135568821875,539.6756591774268,550.16438040136,12290382
2025-02-05,565.3038330078125,584.5991681718089,562.4343065791298,570.9440199808145,6953215
2025-02-06,560.40576171875,564.0174767363741,548.5317095769316,564.0174767363741,6345455
2025-02-07,553.6771240234375,573.0219211855263,549.0264416922157,561.9395212403384,5747620
2025-02-10,554.9140014648438,560.6531143476916,540.7641020001095,555.8045794960399,4253881
2025-02-11,532.8975219726562,560.059426744381,528.3952895432852,560.059426744381,6416783
2025-02-12,541.4072875976562,545.711607031107,521.4687523216561,532.8975146057734,5467745
2025-02-13,542.8915405273438,554.3697658726442,532.3532959205401,541.2588343281327,5723009
2025-02-14,533.4912719726562,549.1254279647366,521.2708575285383,545.1674107315745,6763071
2025-02-17,544.5736694335938,547.19587999646,519.5886857628693,531.363811135803,4397756
2025-02-18,547.5421752929688,548.6306662498497,533.4417391455507,545.1674012311856,2988732
2025-02-19,551.9454956054688,553.8750411013465,540.7641089091305,542.0504524415322,4066886
2025-02-20,574.7535400390625,576.1388701964958,551.1538869891766,551.1538869891766,7590778
2025-02-21,578.9589233398438,588.4582005541446,570.6471237211965,574.753530198731,9328402
2025-02-24,571.1419067382812,575.6441393244787,562.8300462756467,569.954489472969,4523171
2025-02-25,568.2228393554688,580.5916429983827,565.5017025540277,575.6935846768789,6222936
2025-02-27,600.4312133789062,602.4102220323599,574.2093487206463,575.1988530473731,17099035
2025-02-28,610.8209838867188,613.4926575387813,595.9289564560178,603.5481515398446,23771834
2025-03-03,614.779052734375,623.387752828537,608.446261005865,618.7370702126515,10284029
2025-03-04,626.25732421875,628.7310850816862,606.9619894878476,612.107363767113,5369562
2025-03-05,624.674072265625,630.8090111985447,614.9769418978753,620.0233898296431,9532495
2025-03-06,637.5870971679688,643.9694122383455,630.3142644285372,632.0953601611988,8075827
2025-03-07,624.2288208007812,640.8525428824624,620.8645421086734,637.587130077061,5829062
2025-03-10,619.0338745117188,634.7670172578472,616.312737648961,624.9214372573229,4906168
2025-03-11,631.5511474609375,633.2827800626713,609.0893867766791,617.6486235087846,6734891
2025-03-12,630.2647705078125,640.4566526306731,622.497125583326,632.2932422263425,5378060
2025-03-13,613.0474243164062,637.2408183981668,611.018952423708,631.3037921397987,5273706
2025-03-17,616.7085571289062,622.8929590255058,606.9619638976852,606.9619638976852,4548324
2025-03-18,616.7085571289062,616.7085571289062,616.7085571289062,616.7085571289062,0
2025-03-19,660.9393920898438,670.488072099998,630.957424657815,638.9229219869269,9823834
2025-03-20,660.8899536132812,687.7054962891833,658.0203669529595,682.7579747331459,8747482
2025-03-21,669.696533203125,671.8734548559429,660.6426046211056,662.0278744768606,6365496
2025-03-24,674.8419189453125,687.6065483148541,666.9258847054848,669.8943975454202,4983671
2025-03-25,671.230224609375,680.7789653598146,660.6920399433697,680.7789653598146,5257157
2025-03-26,664.9468994140625,673.7535119718606,662.2257625489008,671.6755166744614,4792266
2025-03-27,671.378662109375,677.2167615898849,659.2077713969137,662.9678756275332,4628163
2025-03-28,649.1148681640625,677.8104949579007,643.3262917445064,674.8419818412967,6806264
2025-04-01,630.7595825195312,647.0369417374307,627.2468540304538,645.156859247446,7600903
2025-04-02,632.6890869140625,637.2407826321863,623.882474300611,633.2827653487566,4387926
2025-04-03,647.2843017578125,653.617093430031,625.3667560088579,626.3562603696315,3704676
2025-04-04,646.739990234375,658.020363480431,642.683046737654,648.6200725735677,5191619
2025-04-07,607.5556640625,623.3382703462912,583.0654316756159,589.7445859629479,15188995
2025-04-08,634.717529296875,641.495609423011,616.5106264785046,617.1538284150932,10415072
2025-04-09,617.9949340820312,641.1493601935248,612.5031969796222,641.1493601935248,9235529
2025-04-11,632.0953369140625,641.8419905389902,620.4191982132024,620.4191982132024,7102851
2025-04-15,664.9468994140625,667.4701233373933,642.3367499831753,645.1073499851572,6085948
2025-04-16,668.954345703125,670.8838910971368,655.497111868435,665.5900674417262,6571065
2025-04-17,684.4896240234375,688.3487150893773,661.5331113628954,669.8944350760638,5771289
2025-04-21,695.62158203125,709.9693956008846,683.2527772298408,691.4161883987708,6740583
2025-04-22,696.1162719726562,702.4985867583516,692.6530069379664,695.6215198248434,3672514
2025-04-23,696.5121459960938,706.3082029632243,678.7010674436162,702.0533462768209,5442424
2025-04-24,689.3381958007812,698.0952847112743,687.2107373947272,696.6110282590179,5010172
2025-04-25,648.3232421875,698.1942236514303,628.3352428555472,691.5645930267052,9784886
2025-04-28,615.4716796875,623.7835400340258,589.8930174788861,616.1643447821356,32221482
2025-04-29,608.248291015625,624.1792857139651,603.7955217701146,618.4401729875502,10387632
2025-04-30,605.27978515625,615.2737543090094,600.1343507788243,608.2482980207784,7374108
2025-05-02,597.2648315429688,609.8315494989508,593.2078876617365,605.279853417834,7749204
2025-05-05,622.249755859375,624.2782879931514,600.8270239679783,603.7460737364021,8616953
2025-05-06,616.906494140625,625.218294377257,610.5736421935749,622.200318212863,5098276
2025-05-07,629.9679565429688,631.3037632321126,610.7715483621027,611.7115895555436,5983998
2025-05-08,609.3367309570312,634.0743382579383,600.6291052660218,628.3352254430376,10052396
2025-05-09,595.1373901367188,605.9229510748655,590.387781441371,593.7025967822514,5637324
2025-05-12,639.1703491210938,641.1988209665371,604.5871598928305,604.6366230315872,9560644
2025-05-13,626.949951171875,641.0009254504098,625.3173051811866,634.8659862139166,5748439
2025-05-14,645.1073608398438,648.4221761917235,630.9079374496204,632.7880198368233,9324793
2025-05-15,667.717529296875,672.8135009029555,637.3892569337731,647.9274421191694,9817422
2025-05-16,658.5150756835938,667.7174530920736,653.1222654642253,666.9258617742182,5415727
2025-05-19,670.6859741210938,676.7219863327704,659.0098359533818,662.9678529861347,4356035
2025-05-20,651.440185546875,674.8914514725259,649.3127873629119,674.8914514725259,7035801
2025-05-21,651.0938110351562,654.7055257861035,631.9963906627307,651.4401133725686,7986603
2025-05-22,642.930419921875,647.8284782933795,633.5795921934665,645.1568046003271,6840583
2025-05-23,652.9244384765625,656.6350798873058,639.3682768382905,644.16734890503,3128629
2025-05-26,657.525634765625,660.7909870128644,645.2557567762108,657.8719371272442,2963171
2025-05-27,654.9529418945312,662.9679028306332,650.1043465070537,660.7909812200402,2493252
2025-05-28,648.8179931640625,656.9319406477282,647.135823745142,654.952932012422,3244100
2025-05-29,645.4041748046875,652.7759938629686,641.2977078328556,648.8179766928364,4173868
2025-05-30,632.6395874023438,648.0758916305334,630.5616524074687,636.3502287464441,6693573
2025-06-02,635.8060302734375,641.0999149680102,618.4402404018641,631.6006366387048,4344402
2025-06-03,641.4462280273438,651.8360242391249,635.360751802621,641.1988519270633,5336167
2025-06-04,634.4701538085938,654.9033808699278,633.2827365985618,643.1283162230271,6290382
2025-06-05,644.612548828125,647.927363872256,631.4026309955697,640.20924288394,4542850
2025-06-06,681.0263671875,683.6485778662754,637.5376390346474,647.1358432845986,20115034
2025-06-09,690.6740112304688,708.3861626103884,684.9843614244871,692.6530198586363,11413586
2025-06-10,693.0488891601562,698.540626368457,683.4506846333262,697.6005851322757,6453133
2025-06-11,678.8494262695312,694.7309585175543,677.1672568475815,694.7309585175543,4586055
2025-06-12,661.0383911132812,682.7580244032821,659.6035976787402,681.768520020089,4970089
2025-06-13,660.1478271484375,663.314192637144,636.7460259678667,645.008362830764,4687026
2025-06-16,669.0533447265625,674.099792409164,661.5825390785359,661.9783649493295,6882573
2025-06-17,658.0203857421875,672.6650378873137,655.0518727238017,672.6650378873137,2390137
2025-06-18,655.1507568359375,666.4311297376456,652.2317675380258,656.0907979768378,3352972
2025-06-19,645.354736328125,661.9783969989645,641.1988060617772,653.8149862736409,3342726
2025-06-20,659.3561401367188,663.8584328397507,643.6725217582302,645.1567781496789,7441267
2025-06-23,654.70556640625,659.2077990446832,641.495647317533,654.8539558195413,4243520
2025-06-24,668.954345703125,674.8419081537571,666.3321956398424,666.9258740405165,4823566
2025-06-25,668.0143432617188,670.8839299517813,663.9573997015416,668.9543844460186,3211981
2025-06-26,695.8194580078125,700.1237776921289,667.1732955312319,668.0638735874257,19068571
2025-06-27,692.6035766601562,699.480643919922,689.2887008758184,695.6710159642996,7554681
2025-06-30,699.4310913085938,706.5060712216443,692.5540847292889,692.6530110016121,3721603
2025-07-01,689.1403198242188,703.0923070659364,686.716022076594,700.5690830406751,3524637
2025-07-02,669.7954711914062,691.5150418185764,667.9153889018631,688.4476027088464,3288839
2025-07-03,668.3112182617188,677.0683070263445,665.886920684505,674.4460965132166,6014549
2025-07-04,669.0533447265625,677.2167550566551,662.9678692317649,668.8554317911656,3843226
2025-07-07,664.2542114257812,672.8629107451062,661.9783636595237,669.0533434229717,1770086
2025-07-08,661.928955078125,670.2902790164324,660.2962487229067,664.9469313034936,2820100
2025-07-09,673.9019165039062,675.8314620395914,663.9574099979003,664.2047860821021,3560120
2025-07-10,664.6995239257812,680.1357670894976,663.957395689169,676.8209517904494,3035156
2025-07-11,664.2025756835938,672.6014082649151,658.388031947169,671.9056358580013,4931083
2025-07-14,665.6934814453125,668.8244269008333,658.4873929936836,665.9419672539893,2832157
2025-07-15,680.304443359375,683.8329296277011,666.6377241989376,670.8122978210398,3786182
2025-07-16,664.3019409179688,669.9177444963337,650.5358512950303,669.9177444963337,9358644
2025-07-17,661.4194946289062,667.929810259501,660.8230923276028,665.941923919443,2671888
2025-07-18,641.59033203125,666.4389118930335,640.5963888367787,665.9419402957978,6570609
2025-07-21,651.6788940429688,654.0146363351166,633.6388004006639,641.5903461311821,4980207
2025-07-22,636.2727661132812,655.903144386311,635.1297071628373,654.0146280330939,4671422
2025-07-23,650.0885620117188,650.7843344106989,634.1854702200866,638.111558139242,5191770
2025-07-24,629.7127075195312,656.0025175135884,627.92362187759,656.0025175135884,7248079
2025-07-25,612.1199340820312,626.134570485721,598.0556733137842,621.2145392021436,16922561
2025-07-28,629.6133422851562,634.9805992520713,607.3489899813827,612.1199052849115,11583112
2025-07-29,634.483642578125,639.4533587749161,622.7551244867942,628.1721272743927,6858651
2025-07-30,628.9672241210938,634.4835965663973,622.3077927672288,631.153911222203,6024759
2025-07-31,627.029052734375,635.5770007801791,619.2763077927235,621.2145091945063,6481051
2025-08-01,610.4799194335938,628.1720960825705,608.5417180799902,626.1842097025625,3528632
2025-08-04,621.1151123046875,623.0035679317626,612.1696237587657,612.1696237587657,2955463
2025-08-05,626.2835693359375,629.3648295729741,617.3878264657812,626.6811708715154,3996694
2025-08-06,626.7805786132812,635.924868492161,618.6302926331194,630.1600098724805,4763826
2025-08-07,623.5502319335938,625.9854048663856,614.5550582555662,623.053260341819,3482599
2025-08-08,605.95751953125,623.0532946986258,604.2678038929449,619.5248083355505,5493423
2025-08-11,613.8593139648438,619.723603282142,605.4605422121693,606.7526562767746,3348109
2025-08-12,608.19384765625,615.2508198699899,607.2992745404908,612.2689903714277,2787285
2025-08-13,615.4993286132812,617.5865850739173,606.6532098381545,608.3429254167771,5325700
2025-08-14,612.71630859375,619.1272544800639,607.7962775337659,610.5793064098189,4279172
2025-08-18,623.0036010742188,633.6388057110133,621.6618019871404,623.2024018522437,5265058
2025-08-19,622.5563354492188,626.7309092663652,611.3744737955134,622.2084795750741,4765094
2025-08-20,612.5671997070312,621.1648329013706,609.5853700209686,619.5744873361823,5710611
2025-08-21,616.0460205078125,618.2327078132388,612.0702474672129,614.2569347726392,3993795
2025-08-22,612.1199340820312,618.2327094139732,608.8399334481404,616.0460221028852,3496256
2025-08-25,617.089599609375,620.021744126191,612.666600986653,616.2447721717821,6850166
2025-08-26,591.0980224609375,616.6920593971103,589.5076769704714,616.1454027801127,18048586
2025-08-28,568.1876831054688,584.3889459467102,566.5476524768432,573.2567694140689,20025147
2025-08-29,576.7355346679688,585.0846817109128,563.0688158369742,567.044588587809,12236788
2025-09-01,585.0349731445312,586.6253187450726,575.0955406367038,576.4870854539923,3886326
2025-09-02,581.0592041015625,592.7877830731194,578.7234617124966,586.4265219585625,4136915
2025-09-03,582.7489013671875,585.3331901545034,576.4870711754468,581.4567873062696,6612194
2025-09-04,582.251953125,592.390186571911,580.3634973187751,592.390186571911,5054056
2025-09-05,588.911376953125,592.3901783359705,582.0531442464655,585.4325755702796,4166734
2025-09-08,593.1356201171875,600.341708505708,589.2592172695844,592.3901626976854,2968301
2025-09-09,591.396240234375,595.322328248019,587.2713514354549,594.3780700170694,3947645
2025-09-10,601.1368408203125,603.1247272388092,593.0859250915925,594.9743807898768,4708224
2025-09-11,616.2944946289062,619.127269265872,599.14897371665,601.1368601992303,8412580
2025-09-12,629.0169677734375,629.8618559436578,615.4993637047344,619.4254517145101,10816255
2025-09-15,619.8726806640625,627.7744803131341,616.4435646031669,626.9793379122467,3643666
2025-09-16,614.3562622070312,624.5939256086486,610.3804894422798,619.8726954505063,4759255
2025-09-17,619.47509765625,622.208441448556,614.0084100716381,616.2447822653429,4633747
2025-09-18,623.10302734375,627.1781702694835,616.2447948765131,616.2447948765131,4675034
2025-09-19,629.3648681640625,633.4400111589678,623.3017780348486,626.1842376808415,6415748
2025-09-22,624.0472412109375,634.135789399393,621.6618138256516,634.135789399393,2712596
2025-09-23,624.991455078125,630.5575732464678,620.7175115671233,624.1963126727837,3586451
2025-09-24,621.3636474609375,626.1842479607922,616.5429862956012,624.3951622425719,2129098
2025-09-25,608.989013671875,622.2084461617036,607.1004973166943,621.3636187038736,4280161
2025-09-26,602.3792724609375,613.6605643344307,600.0932152027847,606.3053602876996,3958021
2025-09-29,608.0944213867188,611.772023261598,599.4968493356185,605.2120225829851,4098133
2025-09-30,612.368408203125,616.940583523626,607.4484376789881,608.0944643881315,5882401
2025-10-01,644.77099609375,646.0134251517903,612.3187248315418,612.3187248315418,15107673
2025-10-03,641.8884887695312,646.0630622277909,632.1478578105769,641.0933463645001,7200543
2025-10-06,667.3831787109375,671.4086365676254,642.5842835543594,642.5842835543594,10343487
2025-10-07,662.7613525390625,668.9238128739696,659.4813519195823,666.1407838836676,3729360
2025-10-08,662.8607788085938,669.2219792200281,657.9904326091911,657.9904326091911,2870458
2025-10-09,664.9976806640625,667.9298252143939,656.002506906994,662.8607391999402,2274108
2025-10-10,661.0219116210938,667.3334873269579,658.9843401985228,664.9479993858397,2480723
2025-10-13,668.0789794921875,670.1165510207936,654.7601156812083,656.0025447432218,2469940
2025-10-14,670.364990234375,676.8256209077508,662.9601014064103,670.9613318764957,4731724
2025-10-15,673.0486450195312,678.2668466867468,668.4764700165895,671.4086145150727,4687947
2025-10-16,668.4268188476562,679.6086801294944,658.2389007908704,672.7504476104416,5309779
2025-10-17,671.4086303710938,675.5335189097352,666.0413128347263,668.1286299501929,3516617
2025-10-20,689.7468872070312,694.4184323221104,673.9928512833958,674.2910827720748,6170486
2025-10-21,691.0390014648438,693.2753736378692,686.1189705510924,691.2874872618465,674998
2025-10-23,705.351806640625,713.4027221859367,691.0390004873179,691.0390004873179,8911040
2025-10-24,711.11669921875,718.968814371599,706.7433247209876,706.7433247209876,6036751
2025-10-27,715.2415161132812,725.876720689485,713.8997170338473,716.6330608860479,8133230
2025-10-28,719.3167114257812,722.4475961302275,705.948163151347,715.1421378210407,7071903
2025-10-29,733.9773559570312,737.4064720730539,713.0548640783536,719.3166940010382,10246214
2025-10-30,733.778564453125,743.3203948686133,728.7094784196739,734.0270502521271,6357608
2025-10-31,744.3640747070312,765.1374508517607,722.5966947129,729.0076403823067,18363853
2025-11-03,791.6260986328125,795.055214913594,753.9059408751772,758.1798846362976,26222030
2025-11-04,791.67578125,809.2189034936717,787.4515225302102,787.6503233089435,8543137
2025-11-06,787.7000122070312,795.7509281286964,780.2454379590152,787.799382264146,10930939
2025-11-07,816.3499755859375,820.0,780.7999877929688,792.5,9765252
2025-11-10,821.0999755859375,830.7000122070312,816.6500244140625,822.0,8623863
2025-11-11,832.2999877929688,833.2999877929688,804.0499877929688,821.0999755859375,7336169
2025-11-12,822.5,838.6500244140625,821.4000244140625,832.2999877929688,4239741
2025-11-13,814.0,826.3499755859375,809.75,826.0,6048569
2025-11-14,809.2999877929688,817.9500122070312,803.9000244140625,809.5,5672058
2025-11-17,817.9000244140625,828.3499755859375,808.5999755859375,809.0,7386312
2025-11-18,820.2000122070312,827.7000122070312,810.0,820.0,6684086
2025-11-19,818.0499877929688,826.7000122070312,815.7999877929688,824.1500244140625,3711577
2025-11-20,826.5999755859375,828.7000122070312,816.5,822.0,3187958
2025-11-21,823.2999877929688,832.0,810.5999755859375,825.0,3831244
2025-11-24,828.2000122070312,839.5,821.0999755859375,825.0,8140579
2025-11-25,838.25,841.8499755859375,827.2000122070312,828.2000122070312,5418151
2025-11-26,856.5999755859375,858.8499755859375,838.2999877929688,841.9500122070312,7052927
2025-11-27,867.6500244140625,869.5,857.25,860.0,6752154
2025-11-28,851.6500244140625,872.0,848.75,870.0499877929688,8198342
2025-12-01,851.5499877929688,865.0,849.4500122070312,857.8499755859375,6330770
2025-12-02,843.4000244140625,855.9500122070312,840.7999877929688,855.75,5587375
2025-12-03,828.0999755859375,846.4500122070312,818.9500122070312,843.4000244140625,9931005
2025-12-04,828.1500244140625,836.0,821.0,830.4500122070312,11436899
2025-12-05,854.9000244140625,857.0,828.1500244140625,828.1500244140625,12137708
2025-12-08,834.25,858.8499755859375,831.0,858.5,4117973
2025-12-09,846.7000122070312,849.0,817.7999877929688,830.0,5737027
2025-12-10,837.25,855.7999877929688,833.2999877929688,846.0,3699625
2025-12-11,847.1500244140625,850.5999755859375,835.7000122070312,841.7999877929688,4213992
2025-12-12,848.0,854.75,841.5,852.0,6036788
2025-12-15,855.3499755859375,870.5999755859375,845.8499755859375,852.0,7193809
2025-12-16,848.4000244140625,856.6500244140625,843.0,855.3499755859375,5171831
2025-12-17,864.2000122070312,875.4500122070312,855.0,856.0,11621162
2025-12-18,869.4500122070312,876.9000244140625,861.7999877929688,868.5,12481529
2025-12-19,901.7000122070312,913.5,850.5,869.0,35297309
2025-12-22,934.8499755859375,949.7999877929688,915.0,919.0,31894463
2025-12-23,957.7999877929688,959.9500122070312,931.7000122070312,938.7000122070312,14632455
2025-12-24,973.7000122070312,983.7000122070312,958.0,958.0,10574513
2025-12-26,960.25,978.75,956.7000122070312,976.5499877929688,4739099
2025-12-29,955.5,966.0,949.2000122070312,963.0,4897735
2025-12-30,979.4000244140625,984.5999755859375,960.9500122070312,960.9500122070312,17757531
2025-12-31,996.2000122070312,1000.2000122070312,979.4000244140625,983.0,9795995
2026-01-01,1019.7000122070312,1025.5999755859375,996.0,996.2000122070312,4289057
2026-01-02,1010.3499755859375,1025.0,1007.2000122070312,1024.75,5264026
2026-01-05,1003.3499755859375,1014.7999877929688,994.6500244140625,1013.5,4603571
2026-01-06,1002.6500244140625,1011.75,992.4500122070312,1002.5,4352915
2026-01-07,995.8499755859375,1003.0999755859375,990.25,996.0499877929688,4191098
2026-01-08,992.9000244140625,1002.5499877929688,981.0999755859375,1001.4000244140625,3804564
2026-01-09,975.4000244140625,993.2000122070312,961.0,987.0,6949168
2026-01-12,972.7999877929688,985.6500244140625,962.4500122070312,979.0,5510203
2026-01-13,979.0499877929688,987.6500244140625,969.2000122070312,975.0,3860197
2026-01-14,981.0999755859375,990.5,970.4000244140625,980.0,3846614
2026-01-15,981.0999755859375,981.0999755859375,981.0999755859375,981.0999755859375,0
2026-01-16,995.4500122070312,1022.0,981.0,981.0,13316550
2026-01-19,1010.3499755859375,1014.5,991.2000122070312,1002.0,4908985
2026-01-20,987.5,1008.0499877929688,983.0,1005.0,6129218
2026-01-21,986.0,997.5,972.5499877929688,982.5499877929688,7042588
2026-01-22,1005.5,1009.7000122070312,986.0999755859375,995.0499877929688,7210572
2026-01-23,1003.5499877929688,1020.8499755859375,973.6500244140625,1010.0,9023942
2026-01-27,1001.0499877929688,1019.9500122070312,984.2000122070312,1011.2000122070312,7984660
2026-01-28,1018.7999877929688,1020.7000122070312,999.5,1002.0,5587231
2026-01-29,1022.7999877929688,1028.4000244140625,1006.1500244140625,1022.4000244140625,6653822
2026-01-30,1020.0,1029.300048828125,1010.1500244140625,1025.0,6464610
2026-02-02,962.0999755859375,992.7000122070312,939.0,990.2000122070312,13566710
2026-02-03,1000.4000244140625,1041.5,997.2000122070312,1013.0,9880727
2026-02-04,998.7999877929688,1011.2000122070312,995.5,1010.4000244140625,4402517
2026-02-05,992.0,998.0,972.4000244140625,995.5,5775866
2026-02-06,1002.5,1005.0,972.9000244140625,994.0,3270421
2026-02-09,1062.699951171875,1067.800048828125,1003.4000244140625,1005.0,8667620
2026-02-10,1048.5999755859375,1066.800048828125,1036.5,1064.9000244140625,4345362
2026-02-11,1056.800048828125,1059.300048828125,1041.5,1053.0,4898578
2026-02-12,1082.800048828125,1087.0999755859375,1049.699951171875,1053.5,8462756
2026-02-13,1065.800048828125,1086.0,1060.0,1081.800048828125,4555743
2026-02-16,1085.4000244140625,1088.300048828125,1052.800048828125,1065.800048828125,5096496
2026-02-17,1075.0,1081.9000244140625,1060.0,1080.0,2832145
2026-02-18,1076.199951171875,1087.0999755859375,1072.0999755859375,1076.199951171875,2470593
2026-02-19,1054.699951171875,1078.0,1048.0999755859375,1078.0,2576169
2026-02-20,1059.300048828125,1066.0,1044.5999755859375,1056.800048828125,2295049
2026-02-23,1064.699951171875,1077.5,1056.9000244140625,1072.800048828125,2423932
2026-02-24,1061.699951171875,1066.0,1050.199951171875,1064.699951171875,2464507
2026-02-25,1085.9000244140625,1095.0,1055.800048828125,1065.0,3115583
2026-02-26,1104.5999755859375,1108.0,1085.0999755859375,1089.0,5231414
2026-02-27,1079.4000244140625,1103.9000244140625,1073.300048828125,1099.0,5601117
2026-03-02,1052.5,1071.0,1038.0,1044.0,6717872
2026-03-04,1010.0,1042.5,987.4000244140625,1042.300048828125,9200897
2026-03-05,1039.5,1046.4000244140625,1018.2999877929688,1022.2999877929688,5051614
2026-03-06,1007.5,1052.0,1000.0,1043.9000244140625,8166989
2026-03-09,987.2000122070312,993.0,934.2000122070312,957.5,11999852
2026-03-10,1062.9000244140625,1068.300048828125,1006.7000122070312,1010.0,14297519
2026-03-11,1031.699951171875,1077.9000244140625,1028.699951171875,1062.9000244140625,10731059
2026-03-12,1031.699951171875,1046.699951171875,1006.0999755859375,1021.0999755859375,7054662
2026-03-13,1003.5999755859375,1028.0,994.7000122070312,1021.2999877929688,6562852
2026-03-16,992.0,1002.9000244140625,969.2999877929688,990.0,10476354
2026-03-17,1004.5999755859375,1012.0,983.2000122070312,999.9000244140625,4175225
2026-03-18,1021.5999755859375,1028.9000244140625,1008.5,1013.2999877929688,3915253
2026-03-19,949.7999877929688,1000.0,946.2999877929688,1000.0,11956347
2026-03-20,938.5999755859375,966.9000244140625,922.2999877929688,962.0,28549540
