Date,Close,High,Low,Open,Volume
2015-01-01,2548.028564453125,2563.7233699465023,2537.214349544664,2563.7233699465023,54097
2015-01-02,2624.206298828125,2634.1590679706496,2552.574304830051,2554.727568373351,228660
2015-01-05,2629.565185546875,2656.0742034663335,2608.7982032913,2629.852334058875,181680
2015-01-06,2555.7802734375,2621.2393892626765,2537.02286270002,2619.995234755102,292468
2015-01-07,2545.683837890625,2577.169241596304,2499.938904705722,2559.9910307542564,120023
2015-01-08,2610.185791015625,2614.8273632585706,2545.922935929894,2559.99087644736,249884
2015-01-09,2612.00439453125,2641.336534692593,2594.443241141891,2641.336534692593,334880
2015-01-12,2584.20361328125,2617.4116781546177,2574.3464037425674,2610.4254869100714,148064
2015-01-13,2697.3212890625,2728.663234145628,2598.319069566891,2617.4112916749823,517233
2015-01-14,2783.787109375,2793.3092727320923,2707.370083720462,2707.370083720462,537834
2015-01-15,2950.497314453125,2968.9196794500253,2773.786021192541,2794.4574436856383,699207
2015-01-16,2938.1044921875,3004.951227428989,2914.801300423932,2966.910235327913,369250
2015-01-19,2955.71337890625,3004.951296673057,2934.6592444280445,2965.76194308903,147140
2015-01-20,2963.321044921875,2993.4667325276805,2952.4112704840536,2966.718462793558,303336
2015-01-21,2923.4619140625,2981.9348392466704,2910.5423333341364,2975.3315914431223,295819
2015-01-22,2988.20361328125,3009.0663927321943,2927.4816237156024,2930.352641980116,368715
2015-01-23,3012.55908203125,3048.781852445649,2995.4287681565975,3031.7949960128117,414381
2015-01-27,2987.246337890625,3062.3234120105867,2971.9342418602832,3062.3234120105867,426957
2015-01-28,3004.759521484375,3052.801174884086,2990.6436832992026,2995.4287131924816,241081
2015-01-29,3026.770751953125,3038.4940755517105,2979.255497111171,3000.213835229799,353459
2015-01-30,3005.333984375,3048.064210222381,2963.8476794532853,3026.388117067274,170802
2015-02-02,2954.325927734375,3032.895993676934,2908.3417347875456,3014.378064574756,258417
2015-02-03,2973.9443359375,3050.93542951756,2928.4386494114597,2938.0087103572487,407784
2015-02-04,2963.751953125,2991.983631698473,2936.190365704109,2991.0266256451346,220090
2015-02-05,2932.362060546875,2976.1927466751804,2910.2551293751653,2976.1927466751804,130329
2015-02-06,2879.009033203125,2918.868238809914,2866.232909913342,2899.7281192111604,129840
2015-02-09,2835.369140625,2861.4475505759006,2814.554262957767,2833.7422773752137,127620
2015-02-10,2838.6708984375,2895.8520018606296,2814.650190156624,2824.2202493069385,187835
2015-02-11,2878.67431640625,2890.110492443745,2847.0931154616337,2847.0931154616337,170700
2015-02-12,2904.60888671875,2961.933450345365,2871.496386998794,2877.7169257475,187078
2015-02-13,2978.68115234375,3009.5445956089984,2936.0943856676704,2939.061197702722,193738
2015-02-16,2946.43017578125,3014.5689575533283,2938.1519335367784,2988.729795060014,177606
2015-02-18,2976.288818359375,2993.0364242504647,2949.4926489336312,2949.779797477718,202114
2015-02-19,2930.6396484375,2994.376110632872,2878.76996770244,2978.777099067283,165743
2015-02-20,2884.51220703125,2990.739885146333,2876.4253184937197,2984.9020544229215,201227
2015-02-23,2850.059814453125,2912.169413716569,2842.3079719810094,2897.8143229489883,200058
2015-02-24,2860.1083984375,2878.865576988135,2837.522962010753,2852.835058938973,118101
2015-02-25,2912.02587890625,2928.438438790216,2863.553383515662,2866.4244015929075,284765
2015-02-26,2849.4375,2933.2234229705955,2825.512349731072,2913.126296744696,218727
2015-02-27,2991.409912109375,3001.841185832191,2865.276453051824,2871.9754961952317,251642
2015-03-02,3224.918701171875,3233.7231091943527,3009.783716607351,3023.181799924522,446753
2015-03-03,3216.353759765625,3229.8953014236045,3167.6899104332238,3229.8953014236045,247539
2015-03-04,3167.977294921875,3251.906681980493,3150.942539853082,3224.1535054715364,278837
2015-03-05,3052.41845703125,3186.8298996118992,3016.8178814580865,3172.474809974008,490549
2015-03-09,2934.32373046875,3052.849012059129,2921.8826529901394,3042.321946500305,318482
2015-03-10,2887.478271484375,2975.2356693333727,2876.759851699861,2938.0082317759725,539122
2015-03-11,2858.6728515625,2913.748362557918,2847.0929849559816,2887.4785933415046,309685
2015-03-12,2879.96630859375,2899.6804934382358,2865.4196294226763,2869.1041962477298,483570
2015-03-13,2820.201171875,2909.2985329027742,2808.3822867715226,2909.2985329027742,254015
2015-03-16,2788.14111328125,2847.092774781397,2765.7472669305002,2842.307744907815,214421
2015-03-17,2802.49609375,2837.331250059336,2766.799959198604,2820.296497644048,290837
2015-03-18,2809.482666015625,2838.862705563086,2784.36125674031,2823.167899511561,292204
2015-03-19,2768.6181640625,2864.6059058675132,2750.4350513361996,2826.9955259732546,354477
2015-03-20,2732.300048828125,2765.7473620661717,2713.686328708426,2763.8333500509007,284773
2015-03-23,2707.370361328125,2754.7900621410013,2703.5423367804715,2737.0375515724418,213023
2015-03-24,2681.052734375,2723.6395081318046,2670.6691241699227,2715.02645276526,389917
2015-03-25,2647.07861328125,2708.0398491504225,2631.7665171812864,2697.7999316123805,389212
2015-03-26,2675.59765625,2705.025593331614,2617.1244910627283,2631.7667308760515,433234
2015-03-27,2681.387451171875,2694.5462841460067,2645.0688852480303,2689.282750956354,267173
2015-03-30,2817.4736328125,2830.4411111716945,2689.234825545227,2701.6280068321726,340546
2015-03-31,2754.16748046875,2839.915311729558,2732.2521364744357,2839.915311729558,465222
2015-04-01,2759.718017578125,2784.217463411594,2734.501050924551,2764.74229882708,371347
2015-04-06,2768.1875,2784.6000579481065,2746.606969935984,2774.360141409205,137119
2015-04-07,2805.79833984375,2818.3828762068797,2754.6461784859694,2775.3176030560107,283978
2015-04-08,2858.050537109375,2892.55065032092,2812.449294425457,2837.235656499125,270787
2015-04-09,2836.518310546875,2873.8894471562944,2818.3830908675614,2871.018428727567,192790
2015-04-10,2841.399169921875,2874.798591258348,2818.383125175918,2860.3956019034204,118815
2015-04-13,2872.405517578125,2898.6752846860386,2825.4166647086995,2842.307726596008,238104
2015-04-15,2858.098388671875,2899.6323551735286,2837.522759890209,2894.847325224304,585767
2015-04-16,2770.580810546875,2874.7031305018563,2737.6119941080333,2858.0989796869235,301285
2015-04-17,2688.373291015625,2760.962289021698,2676.9850131597727,2758.0912710435123,505583
2015-04-20,2658.706298828125,2704.3077778884203,2630.3311625352767,2688.3734867628505,496778
2015-04-21,2632.9150390625,2695.886084862651,2615.258323893649,2669.759772561688,127347
2015-04-22,2672.72607421875,2688.2295227797413,2633.680187500836,2644.2072522037824,361828
2015-04-23,2610.999267578125,2727.4668399444945,2594.9215215822796,2684.401574050634,220291
2015-04-24,2590.56689453125,2626.4067162707215,2574.345692380552,2611.190416974103,361319
2015-04-27,2541.13818359375,2649.9497235638223,2524.629829411202,2590.6153491106056,585545
2015-04-28,2573.293701171875,2600.137769968955,2512.7153997833507,2541.1863322799954,461994
2015-04-29,2564.058349609375,2675.788801159956,2548.7462534653982,2588.701254341088,292385
2015-04-30,2557.216064453125,2573.102225347681,2521.7110450855657,2564.058564533397,465521
2015-05-04,2592.57763671875,2629.852980673053,2499.7001402903984,2557.120511047452,304191
2015-05-05,2592.72021484375,2620.2820301881166,2573.436640329004,2593.485866256317,150916
2015-05-06,2493.67041015625,2591.8593161695717,2485.0094593959698,2587.744143768352,481825
2015-05-07,2506.5419921875,2549.7988472092284,2422.1820127781057,2480.559374603259,342436
2015-05-08,2582.001953125,2593.4860240803373,2513.145424417428,2518.839562870645,391296
2015-05-11,2702.393798828125,2736.941577917411,2582.0023879750497,2582.098182040086,500284
2015-05-12,2630.666015625,2709.1405070005662,2612.7221532677822,2709.1405070005662,321050
2015-05-13,2674.25732421875,2703.446005595478,2637.2212408072483,2660.476532042759,211737
2015-05-14,2675.836669921875,2683.1097753270046,2613.8226344650716,2673.7789668378387,169391
2015-05-15,2684.7841796875,2715.264910166446,2670.812034143559,2682.6788134980306,165461
2015-05-18,2775.413330078125,2780.102566250323,2660.81185596161,2693.972022029143,269975
2015-05-19,2843.647216796875,2856.66259039834,2770.436265987671,2775.4128835461247,639626
2015-05-20,2901.8818359375,2919.777803828862,2841.5425527486773,2841.5425527486773,631734
2015-05-21,2932.8408203125,2976.1453438686517,2877.142881552659,2899.7283176826604,706556
2015-05-22,2847.475341796875,2954.2772967098863,2840.824197332893,2936.3813326034224,303833
2015-05-25,2808.812744140625,2870.0132340345717,2799.051329203257,2865.2761008371485,160917
2015-05-26,2781.873046875,2825.0817752853113,2756.177341741767,2803.070636792235,271690
2015-05-27,2761.10595703125,2787.7586694189517,2737.037347936218,2784.8876512218158,335348
2015-05-28,2792.016845703125,2821.5884685117408,2729.7159011417893,2765.7470801995837,335276
2015-05-29,2847.380126953125,2868.051317299024,2778.5712522632384,2813.310618358884,415630
2015-06-01,2876.18603515625,2893.986442047103,2842.3081127248333,2866.2332651888473,199856
2015-06-02,2785.126708984375,2885.325190365064,2769.0968584988536,2866.328761468648,190073
2015-06-03,2709.3798828125,2788.7155897637376,2698.948376830453,2771.4894811104273,135557
2015-06-04,2744.740966796875,2755.9378897041615,2693.2061028346807,2731.964843882695,113540
2015-06-05,2685.59814453125,2779.5281919683275,2661.5295365777474,2737.850766698502,218113
2015-06-08,2689.043212890625,2711.484955278927,2661.1942467972863,2710.2408008378725,110182
2015-06-09,2689.521484375,2723.63864947459,2668.8979615758626,2690.143444719983,147353
2015-06-10,2683.970703125,2722.6336445636966,2679.616279941296,2713.111483440562,172608
2015-06-11,2585.494873046875,2706.36476385967,2574.72855676861,2685.3585312722134,264043
2015-06-12,2630.331298828125,2648.610209024926,2564.7763801562214,2588.7015329561864,178572
2015-06-15,2594.251953125,2633.1062571615635,2587.7442654918473,2631.7665421976994,137756
2015-06-16,2626.742431640625,2632.723719625962,2575.303354966726,2597.3144947527667,94874
2015-06-17,2676.315185546875,2701.245238664345,2618.464219369942,2629.4697884090824,259492
2015-06-18,2678.372802734375,2706.4131269095974,2644.303527320391,2652.8686847944937,233429
2015-06-19,2682.248291015625,2695.885625114982,2672.1518320237888,2680.573530687634,252628
2015-06-22,2683.445068359375,2722.203814888817,2673.5878589329513,2686.603235175772,130727
2015-06-23,2771.393798828125,2783.787214413252,2681.4831248206387,2699.7141372761835,332447
2015-06-24,2729.71630859375,2842.2121832029507,2708.3271298526624,2801.156716988955,483905
2015-06-25,2738.951171875,2751.8707528744103,2694.2590384058485,2731.9649813465103,316505
2015-06-26,2789.38525390625,2795.4144382457894,2741.8221039281707,2755.9858390123486,229021
2015-06-29,2780.006591796875,2790.629451685805,2703.541907068724,2740.7693464199488,175359
2015-06-30,2864.74951171875,2871.0179476332237,2781.5378882653213,2784.887409204227,411445
2015-07-01,2926.4765625,2934.180507822408,2851.973782747105,2863.362061123498,348256
2015-07-02,2926.2373046875,2941.836549777198,2899.824078324207,2926.5244532266333,317654
2015-07-03,2932.887939453125,2946.573170092202,2902.6945912376227,2906.426820664639,232296
2015-07-06,2968.87158203125,2976.1449203993066,2906.187694974099,2915.9970055441113,262061
2015-07-07,3025.57470703125,3047.2986982115344,2969.58985162675,2980.1169184549462,259506
2015-07-08,2981.31298828125,3013.611941288069,2947.8177777556602,3013.611941288069,332135
2015-07-09,2969.63720703125,3004.9985283349224,2949.4921860917934,2981.360529315359,204698
2015-07-10,2995.237548828125,3008.779090827947,2960.067576880349,2985.858842913241,264743
2015-07-13,3027.775634765625,3033.661128218187,2986.8157311659725,3019.35393522225,225978
2015-07-14,3003.0849609375,3032.752148250777,2990.643882386771,3014.6648275077227,102650
2015-07-15,3062.466796875,3088.9758137480303,2995.0457775117743,2995.428486416648,292569
2015-07-16,3038.5419921875,3077.2528387340103,3023.2298959599325,3071.989305655784,274262
2015-07-17,3085.00439453125,3108.3552456530533,3033.708783472962,3048.0638723537486,234184
2015-07-20,3209.655029296875,3224.1535783778118,2982.9880391224815,3052.8494850178745,1148342
2015-07-21,3085.29150390625,3223.1003658499817,3071.0322081766326,3215.5401120204065,340048
2015-07-22,3118.0693359375,3127.4959394942757,3054.380766802159,3064.333536799471,346564
2015-07-23,3099.8857421875,3128.452463369672,3072.94611804222,3128.452463369672,231807
2015-07-24,3066.62939453125,3117.925000582847,3059.1649359570265,3090.937482849881,96970
2015-07-27,2999.352783203125,3100.8430888527337,2982.078777108018,3058.591364802216,195346
2015-07-28,2993.22802734375,3047.011725143783,2985.8591268684345,2985.8591268684345,121452
2015-07-29,3001.6494140625,3019.2582315625555,2949.1098764561857,3000.213905017037,245141
2015-07-30,3024.47412109375,3056.4859262878053,2995.4288944265936,3011.6979970480797,273988
2015-07-31,3013.75537109375,3070.8888165815265,3001.4100870708694,3033.7090397814763,408966
2015-08-03,3027.48828125,3042.9438336726444,3005.142099166757,3013.755152598478,105250
2015-08-04,3009.83154296875,3052.848912737611,2971.503408793192,3052.848912737611,187452
2015-08-05,3078.114013671875,3091.1293887664037,3013.5161084886763,3028.8761015610457,199816
2015-08-06,3086.96630859375,3116.0115341339733,3063.376204165494,3081.559318154605,223940
2015-08-07,3064.763671875,3100.2207892135802,3052.8489944717767,3092.660535631592,127506
2015-08-10,3038.0634765625,3090.028949647791,3019.928259397104,3080.602346989227,87980
2015-08-11,3019.736572265625,3064.4766017777506,3012.4634670126434,3045.0972307056536,181332
2015-08-12,2932.074951171875,3011.7935955702783,2923.6532518681283,3011.7935955702783,220889
2015-08-13,2937.864990234375,2973.417670011689,2900.1588132927304,2933.2234176330307,110660
2015-08-14,2979.184814453125,3007.499500748261,2944.2474647569597,2946.647014442988,235010
2015-08-17,2957.972900390625,3004.2361709168135,2940.360112173768,2994.6379722876864,95647
2015-08-18,3002.74853515625,3018.6336014513977,2942.3759568596347,2957.3012032497104,289898
2015-08-19,3034.27880859375,3054.3869893738242,2985.039999042374,3018.633696780793,237756
2015-08-20,2922.699951171875,3042.5813759852163,2899.6162332005747,3034.950853816689,294583
2015-08-21,2853.448486328125,2908.254296338063,2808.2411096470328,2908.254296338063,475339
2015-08-24,2727.951904296875,2794.0836328356786,2687.495591183432,2794.0836328356786,495165
2015-08-25,2775.990966796875,2822.4941923917645,2678.8572433212275,2731.839253005124,760739
2015-08-26,2788.373046875,2808.4331902155504,2735.4868735865753,2765.241292211552,569258
2015-08-27,2784.48583984375,2823.790421723142,2737.3105465504573,2807.4734818287525,653750
2015-08-28,2828.34912109375,2849.6090368742734,2795.091457281099,2795.091457281099,403751
2015-08-31,2773.687744140625,2836.603988860089,2762.7456560892592,2829.5492184805107,303137
2015-09-01,2720.2255859375,2788.27672095402,2666.2357182770306,2724.928609565736,263764
2015-09-02,2770.136474609375,2793.0760778739286,2729.1041714034955,2754.6832795526375,240078
2015-09-03,2883.202880859375,2900.57571464309,2767.160749608216,2767.160749608216,233282
2015-09-04,2797.971435546875,2874.6609614539057,2774.9357550544228,2874.6609614539057,382219
2015-09-07,2739.662109375,2826.8616093674505,2735.486798949452,2794.9956345757205,186676
2015-09-08,2768.0244140625,2778.678508293027,2696.1339999292272,2747.484362690428,289885
2015-09-09,2865.06298828125,2878.5004696333226,2793.0764810380024,2793.0764810380024,211211
2015-09-10,2845.2900390625,2859.2554655779327,2785.4934463110517,2813.2321478956583,156082
2015-09-11,2823.982177734375,2877.3962979397634,2806.2255088624047,2873.557018183662,120249
2015-09-14,2830.509033203125,2844.474460345056,2802.7703303741414,2829.5492132529034,126730
2015-09-15,2802.674072265625,2844.9061473271618,2786.2610584524805,2844.9061473271618,146660
2015-09-16,2816.015625,2849.7053985877305,2794.1797213900736,2808.9610890477247,299661
2015-09-18,2819.903076171875,2897.648494904694,2803.634174303255,2826.6698539277936,486571
2015-09-21,2789.4287109375,2809.2969371724325,2757.6107731093944,2807.3772972592787,203198
2015-09-22,2695.65380859375,2818.27078350842,2677.8971429505295,2807.4728111578133,304070
2015-09-23,2671.178466796875,2692.294502107522,2646.7030622322613,2677.4653332669272,485984
2015-09-24,2698.14990234375,2714.3707654487052,2617.380914534198,2671.178868544465,287716
2015-09-28,2608.5986328125,2677.945622228432,2602.31176545253,2677.897584366089,404543
2015-09-29,2601.543701171875,2651.022461982761,2516.695719003025,2591.5136304683037,386494
2015-09-30,2565.982666015625,2631.394538894061,2545.730604837237,2615.2214783397076,755747
2015-10-01,2662.0126953125,2667.8196530983882,2561.7595445654247,2562.7193645521484,677149
2015-10-05,2703.28466796875,2716.2902742753904,2669.4510170259205,2679.6252015383025,556333
2015-10-06,2656.589599609375,2718.929856034833,2642.5280972983164,2718.1139153771246,374824
2015-10-07,2642.864501953125,2677.8979337022765,2625.2039068037875,2645.26405207293,445272
2015-10-08,2704.43701171875,2714.5631606425354,2637.777552623053,2644.2083004284686,238149
2015-10-09,2705.492431640625,2763.3696203704,2689.223530669561,2716.2904058689023,256063
2015-10-12,2730.44775390625,2754.683207210102,2699.157530363713,2725.8886092253274,95846
2015-10-13,2790.1962890625,2801.1381415617107,2725.888359455624,2729.7276388351393,252692
2015-10-14,2789.812744140625,2817.0715368293168,2774.599504289386,2789.9566233998694,135500
2015-10-15,2828.30126953125,2851.6729779696993,2790.2925418605037,2807.4732244417687,203797
2015-10-16,2835.931884765625,2855.464314227293,2785.397458785749,2844.906294914184,162664
2015-10-19,2782.421630859375,2875.620230734753,2767.4005441475224,2855.4640141641826,628088
2015-10-20,2801.810546875,2831.4688899902762,2777.718972078597,2826.381797321712,239027
2015-10-21,2780.3583984375,2824.6061912008877,2767.160874323056,2802.57813621413,191100
2015-10-23,2784.4375,2812.0323218286794,2771.959841433988,2793.267796118972,342684
2015-10-26,2730.7841796875,2805.7459866875674,2715.3309828009196,2787.365526047201,206701
2015-10-27,2792.739990234375,2798.7869027129386,2722.1932247568916,2724.928805313945,267745
2015-10-28,2775.655517578125,2792.11633658978,2753.723537186689,2785.397596694239,343643
2015-10-29,2797.68310546875,2825.7097998236204,2761.9778518752287,2778.486707372122,499582
2015-10-30,2770.136474609375,2826.717814269169,2741.293838004296,2826.6697764050587,154924
2015-11-02,2810.06494140625,2815.7758234877533,2745.325129865186,2789.14081873161,245874
2015-11-03,2807.953369140625,2840.107338672743,2801.618463500384,2816.1118390219085,175363
2015-11-04,2775.606689453125,2831.4681498137625,2768.120048834878,2817.166929840317,254107
2015-11-05,2720.993408203125,2788.9487056732464,2712.5471803386536,2775.607302465062,340136
2015-11-06,2681.11279296875,2922.55528167875,2663.5000055062415,2727.376061513503,385170
2015-11-09,2644.687744140625,2665.419948382606,2615.509311970688,2649.103009555633,226367
2015-11-10,2594.201171875,2658.7010197848026,2591.4655915337876,2644.447601090732,316784
2015-11-13,2572.9892578125,2612.2460338277533,2554.27276904418,2596.2168534177454,393530
2015-11-16,2625.5390625,2658.700883929291,2543.522506286145,2573.276920510624,214825
2015-11-17,2629.23486328125,2656.493656412698,2602.2638286729652,2639.5048899869903,300451
2015-11-18,2625.059814453125,2644.736125594845,2605.0955104284835,2628.947132544898,157690
2015-11-19,2643.536376953125,2656.781940720329,2618.3891381087637,2638.545359479836,289475
2015-11-20,2664.891845703125,2682.648513394793,2611.9098354568923,2643.3439363705215,217513
2015-11-23,2687.592041015625,2697.09416516046,2650.3990164960633,2675.642094705144,120791
2015-11-24,2666.8115234375,2727.040221465738,2659.948904964303,2688.4555087983153,173826
2015-11-26,2690.375244140625,2701.893083216504,2630.194581835367,2692.294883986605,222476
2015-11-27,2717.202392578125,2732.60755050355,2690.375470341219,2701.893310385491,207921
2015-11-30,2688.503662109375,2717.20218428734,2664.556201719262,2717.20218428734,322894
2015-12-01,2749.068115234375,2760.730067797783,2697.190036304406,2697.190036304406,217414
2015-12-02,2734.143310546875,2767.5448586521884,2722.529394963912,2750.844084599532,231696
2015-12-03,2744.461669921875,2779.447065359717,2724.9292373447925,2725.8890574354386,277414
2015-12-04,2751.899658203125,2774.5993045215446,2716.5782399259047,2739.421999824234,215755
2015-12-07,2749.5478515625,2780.598117577836,2741.4374206608295,2756.842576186724,213764
2015-12-08,2746.14111328125,2766.0093405420043,2716.2906173580727,2749.5482868381796,211418
2015-12-09,2672.04248046875,2746.044687233564,2669.259096538463,2746.044687233564,199233
2015-12-10,2700.117431640625,2712.259294755282,2631.0103943952386,2676.9378732969863,161685
2015-12-11,2671.56298828125,2736.8787884459575,2653.9023933921867,2706.6924952498975,263043
2015-12-14,2716.866455078125,2729.727948727193,2663.500371912082,2666.47590750141,175618
2015-12-15,2748.252685546875,2763.9936400016354,2719.698040207319,2719.698040207319,501580
2015-12-16,2733.37548828125,2775.7034103858955,2711.4915450514372,2769.8486488872513,241543
2015-12-17,2781.414794921875,2788.421294248488,2731.6960664394214,2761.4024519288528,244667
2015-12-18,2701.989013671875,2778.58245194368,2694.2624168410107,2778.58245194368,373478
2015-12-21,2692.438720703125,2707.9399528131194,2670.938848500256,2697.0939409884895,182077
2015-12-22,2686.343994140625,2705.7323093349246,2675.5940580821944,2693.2546505831137,199791
2015-12-23,2705.588623046875,2714.8507920485085,2688.647659934668,2692.6310534189256,114380
2015-12-24,2700.213623046875,2714.370968089065,2695.222605898212,2708.3240552048337,95329
2015-12-28,2698.725830078125,2710.963535000784,2692.295082984978,2710.963535000784,158647
2015-12-29,2705.15625,2715.810344376545,2688.0716436390903,2703.332685964495,154010
2015-12-30,2672.61865234375,2710.531540391004,2668.299462566215,2706.6922605887503,155334
2015-12-31,2668.8271484375,2682.6964984955393,2657.021317338203,2668.299200650304,285722
2016-01-01,2710.531494140625,2713.554833200895,2656.7815778262216,2662.5404974313365,85696
2016-01-04,2638.68896484375,2715.186803571167,2620.308506233905,2697.1901792151643,461333
2016-01-05,2623.23583984375,2663.5002380171177,2605.9110436816122,2656.7814986779754,333346
2016-01-06,2625.395263671875,2639.5045684991032,2612.1497029710217,2623.1876311665633,448118
2016-01-07,2560.511474609375,2604.9992202593157,2544.8185600008374,2591.513703933751,498597
2016-01-08,2596.504638671875,2606.390830097092,2530.2770683250883,2569.4377654833056,202636
2016-01-11,2617.23681640625,2627.9867518705614,2545.4422446898207,2572.317200516108,180863
2016-01-12,2562.76708984375,2622.1798460431064,2551.489206375281,2621.4119432811763,256890
2016-01-13,2576.49267578125,2600.200180753144,2503.9782345276535,2586.714664116682,442587
2016-01-14,2521.255126953125,2552.0174036490835,2500.3310048829053,2525.28632393356,494491
2016-01-15,2513.0009765625,2537.4763894787907,2477.295715174363,2529.0779634781024,215896
2016-01-18,2534.98095703125,2543.5232621793452,2475.3760351549176,2532.965241091054,239244
2016-01-19,2532.677001953125,2548.3221149108795,2510.7930589588655,2538.723914854718,246472
2016-01-20,2512.47216796875,2586.7143221151036,2476.335046774385,2505.129640341529,770115
2016-01-21,2586.7626953125,2604.951235740799,2540.7393774941925,2562.7191597007863,420642
2016-01-22,2604.375,2629.9063008870007,2572.3171118164823,2572.3171118164823,164618
2016-01-25,2639.9365234375,2658.7010488251967,2616.4689744034245,2646.1273147535776,157504
2016-01-27,2640.99267578125,2673.002531066512,2629.90670830158,2655.8218473979823,289692
2016-01-28,2634.41796875,2660.57306436174,2609.2226931607097,2653.4224520607054,477032
2016-01-29,2725.984375,2737.69412998284,2627.794760170108,2640.4643349766397,325766
2016-02-01,2706.0205078125,2745.6130818606803,2689.4155753454775,2745.0851340071613,240216
2016-02-02,2690.086669921875,2741.245107627193,2668.6348398777955,2706.6915978671864,201113
2016-02-03,2657.78955078125,2693.302889884862,2639.696850505504,2644.3040332554256,135537
2016-02-04,2658.269287109375,2699.30158839312,2644.5438154862663,2663.6921758858075,103058
2016-02-05,2728.528076171875,2735.4387327261015,2669.4991511223384,2673.098475820481,127269
2016-02-08,2708.179931640625,2760.058244981662,2690.66321816855,2735.4387235305085,109649
2016-02-09,2655.101806640625,2733.0391358970464,2644.6876669607927,2691.335007978423,239790
2016-02-10,2685.480224609375,2708.2281455688712,2647.1835011925623,2666.3799007661123,192610
2016-02-11,2608.694580078125,2715.3306715515755,2582.251727599078,2695.174452356601,314257
2016-02-12,2656.5419921875,2680.777448895199,2572.317781252823,2624.81989208606,704831
2016-02-15,2689.75146484375,2749.7880137833718,2663.4042203956724,2664.364040322202,182856
2016-02-16,2675.59423828125,2724.8808530716956,2668.6355435086934,2716.29051121868,250725
2016-02-17,2664.98828125,2692.295113520926,2630.002888940511,2692.295113520926,110858
2016-02-18,2682.79296875,2713.411132937889,2659.805092344986,2686.5361730078357,211883
2016-02-19,2730.39990234375,2735.4869952010367,2663.500495327325,2696.134375270074,225185
2016-02-22,2805.649658203125,2812.2723218156025,2732.6072696959113,2734.5269095060244,291684
2016-02-23,2703.18896484375,2818.463198318119,2695.8942396129605,2812.1763308842333,233126
2016-02-24,2684.95263671875,2728.19234131658,2669.643319877659,2702.5651935529695,201881
2016-02-25,2667.43603515625,2726.9448791590844,2654.4784642846653,2692.2952810959737,185621
2016-02-26,2659.61279296875,2721.0893018394754,2639.504613777269,2691.334886193259,483142
2016-02-29,2657.357666015625,2725.888718227373,2581.96376041112,2697.0941190911685,521499
2016-03-01,2769.36865234375,2795.9556190885082,2661.5327831892237,2668.2995609564205,357466
2016-03-02,2853.544677734375,2882.339275895166,2784.005770042273,2802.6742209836443,481863
2016-03-03,2825.94970703125,2889.057864707162,2818.127268671514,2879.4596658210917,376438
2016-03-04,2790.100341796875,2844.714234083412,2778.966571682313,2830.5088528590127,184854
2016-03-08,2831.468994140625,2836.268094130694,2792.4043670876754,2801.714574202198,365340
2016-03-09,2871.3974609375,2880.3716368863297,2831.516895082332,2840.011161055362,482513
2016-03-10,2877.300537109375,2898.6565330899216,2863.14319145935,2890.6899798579316,474446
2016-03-11,2874.1328125,2888.09823968773,2852.1530293002643,2874.660760340562,306081
2016-03-14,2887.426513671875,2903.407422722526,2862.85502827299,2885.5068736979324,287658
2016-03-15,2869.4775390625,2887.714116350857,2865.0622739865953,2881.1392565960678,381974
2016-03-16,2848.985595703125,2879.076045175556,2836.2679812356555,2874.756855356415,257333
2016-03-17,2907.29443359375,2924.619229395699,2861.0311619722634,2869.9575337748906,475504
2016-03-18,2985.66357421875,2992.430351144285,2922.651493710729,2926.4907731770154,474484
2016-03-21,3099.738525390625,3114.2319003533867,2986.0478992942944,2986.0478992942944,624652
2016-03-22,3081.40576171875,3108.8567050231495,3057.122505331436,3105.017425362732,658718
2016-03-23,3069.93603515625,3133.8120989239555,3058.8981058644813,3087.644666153793,352003
2016-03-28,3049.300048828125,3101.370282917871,3028.280084928003,3076.2230462236876,494567
2016-03-29,3010.2353515625,3066.480894988521,2990.8950730879883,3046.468555076724,277583
2016-03-30,3056.16259765625,3094.2674003254792,3037.8299440717788,3052.1311666637503,403804
2016-03-31,3099.01904296875,3124.1182440016746,3054.243530551897,3092.3483403657788,699027
2016-04-01,3074.974853515625,3129.0127587616703,3061.8253682361133,3118.4547402505113,274734
2016-04-04,3043.445068359375,3099.930329705595,3032.551018601916,3099.930329705595,131242
2016-04-05,2975.8251953125,3047.379807814844,2972.561901745601,3025.208111174078,226138
2016-04-06,3060.481689453125,3071.4235420894106,2968.2429074723445,2998.189240141512,327031
2016-04-07,3011.38720703125,3098.2989547501966,3000.445352782212,3071.423994795734,186699
2016-04-08,3031.927001953125,3071.4234947231744,3004.2841436344133,3023.432502618125,310290
2016-04-11,3025.54443359375,3061.8256749785132,3014.218511190003,3032.0712561934556,258469
2016-04-12,3039.173095703125,3070.1753198112274,3013.8339485938395,3013.8339485938395,274896
2016-04-13,3142.16259765625,3181.7071336639524,3062.0176299384916,3066.144902687173,593207
2016-04-18,3268.810302734375,3279.896268611395,3105.0171428567332,3145.2334999081604,511243
2016-04-20,3231.28173828125,3316.0816860331743,3218.516086717113,3282.5840651822937,257450
2016-04-21,3132.852294921875,3274.041902313301,3113.655896055932,3248.990508060829,186815
2016-04-22,3139.667236328125,3186.4104225775063,3074.1114847022664,3119.511016709492,302304
2016-04-25,3144.56201171875,3193.896896780857,3125.9896366487264,3155.8879337730727,710273
2016-04-26,3134.820068359375,3165.9181417390264,3120.6146858987627,3160.9751626125826,292028
2016-04-27,3063.55322265625,3137.8912275053576,3057.3624311291214,3120.470589944898,349837
2016-04-28,3041.90966796875,3098.442974707527,3025.7846443976778,3075.167338690096,352944
2016-04-29,3034.4228515625,3068.5444989724924,3023.4329595756494,3057.0266591264904,223901
2016-05-02,3048.484375,3068.5445191311514,3011.243312387062,3043.205365035902,151083
2016-05-03,3085.821044921875,3114.9036353840797,3054.33890465802,3066.624646508675,328289
2016-05-04,3055.730712890625,3076.22296270848,3044.54890412209,3044.54890412209,127389
2016-05-05,2993.67822265625,3071.1356405442475,2983.1202039165196,3071.1356405442475,281986
2016-05-06,2975.345947265625,3006.108225369614,2939.016900583451,2994.638423147169,237698
2016-05-09,3038.55029296875,3050.260050595696,2975.4421253109454,2975.4421253109454,305142
2016-05-10,3038.55029296875,3059.378340979714,3010.907428938358,3034.854892080696,179063
2016-05-11,3070.56005859375,3094.1234506160695,2991.134958693067,3024.3926258254082,242607
2016-05-12,3097.914794921875,3103.0016529138315,3068.016264515954,3070.4638521207994,173469
2016-05-13,3025.01611328125,3093.595428501723,3009.035206633926,3072.383316247272,157308
2016-05-16,3044.260498046875,3052.2270494761756,3018.7294312504932,3033.174532180217,137464
2016-05-17,3122.054443359375,3138.131428041957,3052.4674947332724,3052.4674947332724,329146
2016-05-18,3094.07568359375,3136.691595628129,3081.2619935328034,3136.691595628129,219110
2016-05-19,3061.345947265625,3093.931790008966,3048.38837702324,3088.700817777326,132005
2016-05-20,3008.075439453125,3074.3510476129595,2995.645819139713,3061.105486686624,126001
2016-05-23,2996.94189453125,3029.7679262180454,2985.1362959162707,3010.3793746221068,127994
2016-05-24,3046.900390625,3053.619130268856,2985.328034621223,2994.73431698883,121407
2016-05-25,3080.493896484375,3082.989521928672,3053.427022475513,3066.720621673161,289001
2016-05-26,3084.525146484375,3099.2584757705436,3066.7206746969414,3080.493949746296,319159
2016-05-27,3117.783203125,3124.2139499499326,3086.7809717477676,3086.7809717477676,234528
2016-05-30,3083.133544921875,3126.229600554209,3063.793266985487,3126.229600554209,177145
2016-05-31,3097.05126953125,3119.031288998547,3077.902906640705,3092.540162219179,237511
2016-06-01,3098.538818359375,3128.7731474163934,3078.958584702487,3097.0510505395664,124069
2016-06-02,3103.050048828125,3114.4240096583926,3077.66285647594,3100.218626669978,100251
2016-06-03,3061.10595703125,3123.8780917506087,3055.395074856359,3105.0177223472897,169178
2016-06-06,3097.626708984375,3113.6556539247495,3061.3454710829187,3061.3454710829187,153326
2016-06-07,3200.951171875,3207.4299558827074,3100.218125169519,3100.218125169519,410209
2016-06-08,3235.888916015625,3255.7091032330245,3210.5975678993123,3214.14885466576,296075
2016-06-09,3243.9033203125,3263.3877114559286,3229.794014426235,3244.191313153247,342046
2016-06-10,3248.654296875,3259.308391386145,3194.0406388677743,3229.793929769382,247285
2016-06-13,3261.3720703125,3269.0506298087653,3194.472667567498,3229.7940881165255,192857
2016-06-14,3188.425537109375,3271.0661217703123,3178.0596699629496,3264.7792547463623,115351
2016-06-15,3228.59423828125,3238.4323924075625,3173.3565553204803,3193.3208564137403,187858
2016-06-16,3149.9853515625,3218.276450631276,3129.9730108883364,3208.96624352459,320268
2016-06-17,3170.333251953125,3190.345356802214,3145.089941044961,3180.843233271687,143919
2016-06-20,3234.161376953125,3239.3923488428254,3139.0911635230996,3151.520785076895,160851
2016-06-21,3222.691650390625,3237.472784312642,3192.2651696371076,3237.472784312642,96592
2016-06-22,3178.15576171875,3234.545183606394,3167.4538630418524,3234.545183606394,186753
2016-06-23,3203.8310546875,3214.8209465899326,3167.405933320524,3185.5464372062124,306668
2016-06-24,3157.759521484375,3199.463650439938,3071.42376593014,3138.6111608098618,160067
2016-06-27,3259.54833984375,3267.8506881430376,3157.7593938490313,3157.7593938490313,230718
2016-06-28,3264.15576171875,3299.861017308585,3253.7896593007863,3272.9860584707026,219511
2016-06-29,3258.82861328125,3282.53611865657,3234.689235804174,3273.945777159957,276757
2016-06-30,3273.946044921875,3282.4883492544786,3253.789824768442,3272.9862249145685,438192
2016-07-01,3286.519287109375,3344.97222304218,3258.5884353595984,3272.9857333066957,248921
2016-07-04,3281.273681640625,3344.653761297542,3274.5844211146264,3301.341698201603,186148
2016-07-05,3248.549560546875,3335.0294217979613,3234.9304146213412,3320.592064993641,360033
2016-07-07,3255.52734375,3290.754585396169,3220.8297537886,3239.8389386559807,203141
2016-07-08,3272.514892578125,3281.995280177333,3242.725867510851,3244.6508479350105,308236
2016-07-11,3324.97119140625,3341.7666015516647,3290.850954409473,3296.770176257154,218218
2016-07-12,3356.492919921875,3368.66832985506,3324.5382846768816,3324.9713583733123,301384
2016-07-13,3305.817626953125,3364.8183366938238,3296.52968839363,3356.204094431704,254532
2016-07-14,3369.293701171875,3379.303506485844,3310.96669390809,3310.96669390809,283309
2016-07-15,3398.890380859375,3425.7437675473802,3375.4536469168115,3375.4536469168115,233847
2016-07-18,3367.22412109375,3414.915562144535,3352.1612419901103,3402.40318832608,149136
2016-07-19,3376.175537109375,3428.3906387808693,3343.7878307109463,3392.77849570538,753804
2016-07-20,3426.321533203125,3436.0907167379028,3376.1756895342796,3378.3412929271817,217891
2016-07-21,3502.021240234375,3527.527235250511,3425.5032551859667,3440.903101233445,359712
2016-07-22,3503.176025390625,3515.0628750213696,3467.75633406514,3513.0897228379717,172908
2016-07-25,3532.339599609375,3541.9645031505447,3476.515159070589,3493.8399854446952,294404
2016-07-26,3492.20361328125,3558.7115522270406,3479.9800334300626,3536.1893731306163,164047
2016-07-27,3513.81201171875,3551.5897618961003,3500.7220476003963,3505.5344998522883,164316
2016-07-28,3540.76123046875,3575.5551612071754,3507.844108839583,3516.458350123705,236412
2016-07-29,3578.731689453125,3599.136438544076,3532.195420497969,3543.0234372897116,215069
2016-08-01,3614.82470703125,3628.5401935570367,3585.998170066631,3590.0887537673043,237315
2016-08-02,3538.7880859375,3616.0761050489305,3522.7145447109624,3604.6225643202506,200781
2016-08-03,3530.126220703125,3561.1183665848725,3513.4750887128716,3533.3024862245297,140575
2016-08-04,3519.39404296875,3561.1660290579243,3500.3366875474762,3539.1732661333826,114138
2016-08-05,3664.1044921875,3698.8504885057214,3532.3396546489716,3536.5745182798737,283529
2016-08-08,3638.45458984375,3689.899658336107,3609.33925320126,3689.899658336107,168830
2016-08-09,3659.34033203125,3694.0381579739064,3616.701960282631,3640.138695533433,175336
2016-08-10,3589.078369140625,3667.0882595590783,3573.341792796095,3665.163278845399,208390
2016-08-11,3567.61474609375,3641.5822231580987,3520.9821358385952,3588.837705214212,211962
2016-08-12,3582.485107421875,3624.2570909072065,3523.9656523447707,3598.173510746553,197760
2016-08-16,3599.1845703125,3621.5142999198315,3569.4437118461537,3583.8328958938973,264593
2016-08-17,3560.540771484375,3597.789102839807,3534.264736658045,3580.4642756993267,130552
2016-08-18,3729.024658203125,3742.1625577576074,3578.154292737974,3578.154292737974,414419
2016-08-19,3779.50732421875,3806.6013348027614,3735.569496765365,3744.0876307411017,270567
2016-08-22,3720.41015625,3779.651485106813,3702.9892216643343,3773.924714441865,193180
2016-08-23,3682.777099609375,3743.1252012678237,3629.2143673491773,3743.1252012678237,279931
2016-08-24,3669.302001953125,3705.587841088746,3651.688381582,3687.3005244703854,259712
2016-08-25,3647.357421875,3700.4868457023854,3615.1139930234863,3667.184818385852,491891
2016-08-26,3660.783935546875,3705.5879090805392,3626.134282371057,3676.713198100691,151854
2016-08-29,3640.619384765625,3660.3022634579816,3617.0865450583146,3657.4629642060477,60496
2016-08-30,3745.8681640625,3763.3372699284328,3659.3883120889773,3659.3883120889773,175962
2016-08-31,3877.58447265625,3911.4640828919587,3772.961828142863,3777.7742794542696,436330
2016-09-01,3910.501953125,3939.473006683597,3811.4617899992777,3811.4617899992777,451549
2016-09-02,3932.109619140625,3941.3493845092735,3886.583783523846,3938.5100852811415,279418
2016-09-06,3921.955322265625,3950.8297948162926,3902.127929099338,3941.397578341681,300605
2016-09-07,3932.3505859375,3965.4601592937465,3917.335642797463,3936.5854493959764,116165
2016-09-08,3960.985107421875,3974.7969391634388,3911.079884351852,3926.864633499625,138594
2016-09-09,3805.398193359375,3964.5458377460195,3785.85959152067,3964.4979012131075,349179
2016-09-12,3721.1318359375,3792.1154966419185,3700.3421861311504,3753.7122270811296,202915
2016-09-14,3796.302978515625,3816.274655464145,3689.8035036243173,3724.8380622058617,213418
2016-09-15,3781.28759765625,3806.649312225208,3739.2749881150276,3800.8743701586213,202147
2016-09-16,3776.811767578125,3876.9107542825404,3737.4460100692895,3803.665151748909,400208
2016-09-19,3840.76953125,3854.7738126972217,3746.1566838069252,3793.174430921286,276012
2016-09-20,3839.085205078125,3878.8361034575523,3820.557265874265,3868.681783286889,298515
2016-09-21,3812.183349609375,3872.964516369282,3790.7679410304927,3843.0312098622935,305282
2016-09-22,3830.71142578125,3858.623644712822,3811.5097911335415,3858.623644712822,292974
2016-09-23,3815.504150390625,3863.388044699695,3802.79932492733,3859.5862548617038,268107
2016-09-26,3775.994140625,3809.488853735493,3759.006278959865,3805.783406663848,124089
2016-09-27,3767.957275390625,3825.8991475595826,3755.6373518937085,3763.8185198822007,182333
2016-09-28,3823.63720703125,3837.4490375906453,3759.4873189939954,3759.4873189939954,262247
2016-09-29,3716.4638671875,3850.2500197802888,3699.475772289344,3840.4326656513717,367284
2016-09-30,3707.079833984375,3749.2848957465612,3694.086213980913,3705.5879269133034,241074
2016-10-03,3781.09521484375,3787.399573710185,3709.052952252302,3729.5538089723905,249528
2016-10-04,3804.91650390625,3840.336192983495,3784.9930022324797,3784.9930022324797,224189
2016-10-05,3881.867919921875,3893.032902144229,3791.2977176044806,3810.0181081990063,325419
2016-10-06,3811.654052734375,3892.3107871602574,3797.9385659101827,3885.862149123725,192924
2016-10-07,3786.3408203125,3830.711720922416,3759.0543589685963,3830.711720922416,117828
2016-10-10,3827.58349609375,3845.148944966249,3787.3513525015087,3787.3513525015087,202224
2016-10-13,3836.24560546875,3864.3502744427215,3794.6660726732734,3820.701481553562,345562
2016-10-14,3885.09228515625,3905.7376561000947,3821.1348486030824,3839.373993679743,214434
2016-10-17,3862.329345703125,3921.859230559866,3814.6379037074053,3893.2733152663736,648256
2016-10-18,3871.858154296875,3898.0860170038763,3837.3527803753805,3878.836209512499,218098
2016-10-19,3881.29052734375,3898.085937038836,3854.870214100419,3860.5488132006844,269986
2016-10-20,3856.795166015625,3894.669020205405,3843.9458258814525,3882.686062373904,199695
2016-10-21,3831.577392578125,3874.2639297197074,3801.8365374555233,3857.6609726890474,231846
2016-10-24,3822.5302734375,3867.1417933840694,3812.472296675461,3845.1006242533435,108882
2016-10-25,3866.371826171875,3880.6167300489687,3816.081706441748,3831.6740027873134,110334
2016-10-26,3789.853759765625,3849.8648894876087,3782.4905679186554,3830.759597861061,268883
2016-10-27,3793.70361328125,3821.0864147733955,3766.224468767833,3801.8366091574085,355002
2016-10-28,3833.310546875,3840.1443228468847,3744.087731980951,3793.174743377102,189117
2016-11-01,3827.58349609375,3840.3364932203585,3803.7618599515936,3834.5615511252904,166098
2016-11-02,3749.95849609375,3816.081531724476,3732.537327929459,3810.402698049081,214701
2016-11-03,3760.113037109375,3785.234130609004,3735.425252277298,3742.1626850951134,246707
2016-11-04,3709.96728515625,3781.4803663060616,3675.0288378936802,3777.774684405865,227359
2016-11-07,3761.8935546875,3797.024452665265,3724.9340190273792,3738.986237228687,254951
2016-11-08,3810.451171875,3820.124247010288,3754.674902390308,3763.5779382393494,171969
2016-11-09,3624.498046875,3724.8376661770562,3449.806047802355,3657.174547363339,747032
2016-11-10,3697.166259765625,3782.587283014359,3672.7190975276417,3782.587283014359,382638
2016-11-11,3497.7861328125,3658.569951260927,3475.4561696133737,3657.751975486459,623318
2016-11-15,3237.961669921875,3479.4024572486287,3218.086339090122,3479.4024572486287,1362707
2016-11-16,3243.8330078125,3336.8576034432426,3217.605146537256,3272.467094892812,833115
2016-11-17,3210.723876953125,3277.953694216756,3192.5808378908055,3243.5928319843274,745885
2016-11-18,3265.537353515625,3277.4239685195507,3152.155941655803,3204.7080095159968,683557
2016-11-21,3197.681884765625,3280.167264580812,3179.1539446707948,3272.4673414245194,525360
2016-11-22,3294.36376953125,3305.288128745154,3176.21808179187,3210.1458658473744,540794
2016-11-23,3322.708740234375,3344.7978441174964,3254.1794825409606,3338.8786231690606,430852
2016-11-24,3353.075927734375,3373.5288487144553,3277.23163729164,3307.1170111791353,688901
2016-11-25,3366.261474609375,3378.292602722736,3321.650192554815,3368.715871741095,497488
2016-11-28,3373.384521484375,3430.1232827108374,3345.135334677824,3348.504051026946,416351
2016-11-29,3403.6064453125,3429.3530617598976,3354.27881567029,3354.27881567029,378409
2016-11-30,3468.285888671875,3503.4649588125963,3422.2308652992633,3435.9942896510543,5134859
2016-12-01,3436.763916015625,3485.0329434268565,3427.620258567893,3483.925938640768,267124
2016-12-02,3451.15380859375,3464.2437727848815,3395.666327814145,3416.841117840197,266078
2016-12-05,3448.362060546875,3496.005329543336,3418.2842392107254,3453.415134531348,296963
2016-12-06,3466.794189453125,3482.0979282959556,3423.049046360432,3464.965551627417,234462
2016-12-07,3434.2138671875,3530.41473422744,3421.268418498343,3470.403364694685,381973
2016-12-08,3458.22802734375,3494.802662756793,3442.1544845667254,3453.415575315718,206057
2016-12-09,3435.079833984375,3472.6169570480934,3420.9312730569563,3469.4888634594504,149963
2016-12-12,3332.478515625,3441.913620054322,3312.2662185278646,3441.8654485408256,207281
2016-12-13,3240.464111328125,3347.444810673948,3229.6842673180004,3337.916251009412,366724
2016-12-14,3190.70361328125,3254.0355239485407,3178.191238999806,3254.0355239485407,209745
2016-12-15,3142.049560546875,3186.80535915782,3132.905902766144,3166.5930630109415,335980
2016-12-16,3058.457275390625,3160.818215050892,3044.693851782854,3160.818215050892,758086
2016-12-19,2991.13134765625,3070.2480109728917,2984.682709019047,3070.2480109728917,408345
2016-12-20,3027.60986328125,3050.613289597682,2987.185266921224,2999.793750034191,317562
2016-12-21,3072.6064453125,3090.9898716978832,3047.72597348428,3060.7195944039195,304789
2016-12-22,3025.780517578125,3064.135847598383,3012.5944482994146,3064.087676089836,239905
2016-12-23,2990.55419921875,3040.4110170096433,2953.257693931669,3040.4110170096433,288590
2016-12-26,2972.891845703125,3002.969666885876,2952.005853670418,2969.2825071611946,162679
2016-12-27,3038.14892578125,3045.319431808347,2935.595533190726,2954.8453399657474,258494
2016-12-28,3040.988037109375,3079.0064031374873,3008.744612756419,3028.956908619466,202414
2016-12-29,3095.561279296875,3118.4685956068806,3020.150304710802,3040.9881258703513,338530
2016-12-30,3128.285888671875,3160.481141825457,3095.368767801921,3108.8436318408594,229481
2017-01-02,3244.89208984375,3252.2550473783494,3176.2183061108476,3176.2183061108476,243562
2017-01-03,3201.916748046875,3259.4255491121494,3189.211921837424,3248.4050810928948,279985
2017-01-04,3177.5654296875,3233.967456099574,3164.1869083117112,3205.0927466701137,223808
2017-01-05,3255.960693359375,3271.504819086162,3180.8864433185627,3180.8864433185627,210883
2017-01-06,3198.114990234375,3267.5585788972276,3187.7682183902643,3253.2175658692913,228327
2017-01-09,3168.373779296875,3209.856970122505,3157.9306655775263,3199.7989935118826,138789
2017-01-10,3156.439208984375,3190.6076194151865,3138.6813074613033,3181.608474840825,236655
2017-01-11,3227.32666015625,3233.967749935235,3165.0054066418734,3171.5983249041683,160310
2017-01-12,3226.7490234375,3267.6548648979306,3210.916103562946,3243.592605215324,131166
2017-01-13,3195.179443359375,3242.1971950035404,3185.9396761925987,3227.8080100271277,95008
2017-01-16,3214.910400390625,3219.5304013263494,3176.2183331470715,3191.618179610815,104519
2017-01-17,3253.458251953125,3265.008137027731,3209.9055603176307,3218.9528762995337,159811
2017-01-18,3370.304443359375,3398.601802345887,3257.067540845352,3257.067540845352,249849
2017-01-19,3331.6123046875,3384.982349675727,3296.5777485770454,3374.4912984455814,282789
2017-01-20,3341.429443359375,3390.3721703871156,3293.738235733934,3310.966718561158,314577
2017-01-23,3395.473876953125,3435.5615104438125,3350.6217277198307,3376.368347412369,389942
2017-01-24,3519.68310546875,3536.6709669980714,3402.451728010762,3422.6158548496783,425207
2017-01-25,3542.349365234375,3555.1987053097073,3489.0274942125725,3527.5271079418144,464955
2017-01-27,3548.028076171875,3622.8135262501005,3533.3019274346757,3541.964340223265,285354
2017-01-30,3555.343017578125,3590.089013281636,3518.6722761534375,3551.589399198187,199744
2017-01-31,3555.872314453125,3595.8638342313916,3528.5858548806964,3566.0266343220837,214723
2017-02-01,3637.972900390625,3651.2071427030455,3532.1471334053604,3570.935541506726,289861
2017-02-02,3581.9560546875,3657.944621791798,3573.5342640176727,3657.4633766106654,239504
2017-02-03,3597.3076171875,3627.6260626567723,3576.710418068238,3591.051430027174,203149
2017-02-06,3614.007080078125,3661.26521652065,3598.5590625562936,3609.338907764216,150193
2017-02-07,3557.364013671875,3604.526036580404,3538.2584879494143,3599.9060363193,146734
2017-02-08,3578.44287109375,3605.4407731081533,3542.0127513910793,3553.514464375325,289342
2017-02-09,3611.69677734375,3619.926116628882,3575.795841181968,3583.351484235397,113533
2017-02-10,3620.792236328125,3638.213405091733,3610.1087347791567,3625.5085798800737,130436
2017-02-13,3626.374755859375,3657.944485562578,3615.1136660368484,3629.1661187957893,156584
2017-02-14,3566.65234375,3635.3261256071314,3542.9270501349883,3630.513673759624,159971
2017-02-15,3540.183349609375,3620.5994554162385,3526.6605498484796,3580.463659775031,280722
2017-02-16,3574.93017578125,3603.5642668439123,3497.7866597350517,3538.2112588823393,174604
2017-02-17,3579.0205078125,3606.451483870764,3541.5315541961395,3570.8393395144208,140555
2017-02-20,3615.739501953125,3623.7763908636493,3549.2797271801346,3586.046813817262,219766
2017-02-21,3627.963134765625,3642.06352455539,3585.2765932792886,3605.488890852138,190129
2017-02-22,3636.09619140625,3662.275882650939,3615.1138542015574,3634.363661731917,272588
2017-02-23,3644.084228515625,3657.462748259496,3618.9631403830804,3634.9405716449764,313434
2017-02-27,3597.018798828125,3640.2826919791833,3582.1483702901,3638.2134317717682,250820
2017-02-28,3632.9677734375,3642.8332989163036,3581.907616523777,3615.979678818356,363696
2017-03-01,3591.1474609375,3639.175630354706,3580.463725183683,3639.175630354706,281751
2017-03-02,3674.595947265625,3705.251125942529,3604.526598173684,3604.526598173684,1005693
2017-03-03,3659.14794921875,3717.137996944253,3640.1869349673457,3671.9009472662674,568550
2017-03-06,3680.659423828125,3686.338022872773,3647.886580570738,3671.948839205678,207324
2017-03-07,3644.8544921875,3681.0442221468925,3633.4009513935207,3680.4666339627474,124913
2017-03-08,3660.928466796875,3669.013291914925,3620.8887733955794,3620.8887733955794,283490
2017-03-09,3679.45654296875,3687.830162505255,3647.4055654488775,3647.4055654488775,124471
2017-03-10,3707.94580078125,3743.124869111358,3683.4504690380986,3695.962843247008,139870
2017-03-14,3848.950439453125,3859.5378324815315,3753.7120737078258,3753.7120737078258,527726
2017-03-15,3866.756591796875,3884.995735905367,3817.2365130754356,3855.68795339537,224115
2017-03-16,3904.39013671875,3940.3871805287645,3873.0610299495734,3873.0610299495734,176654
2017-03-17,3888.268798828125,3920.704678594413,3867.7677061327236,3917.0953395629344,295372
2017-03-20,3849.76904296875,3890.3860897343443,3840.336590311735,3888.2686579092187,556593
2017-03-21,3857.468994140625,3877.2961549900283,3823.830002337215,3859.2976318704573,341340
2017-03-22,3821.327392578125,3847.4109756057355,3765.4547795871517,3847.362804090622,248260
2017-03-23,3825.17724609375,3850.9238627718673,3811.076856560427,3836.390164597751,118954
2017-03-24,3824.88818359375,3859.5860050245437,3796.109818347481,3826.380090517475,124955
2017-03-27,3803.039794921875,3835.5238425216507,3786.918082409394,3835.5238425216507,119797
2017-03-28,3837.737548828125,3844.186186721623,3815.2633067478155,3815.311478258516,96646
2017-03-29,3849.3359375,3884.0335271920785,3832.2035619964126,3837.737881598389,294631
2017-03-30,3838.844482421875,3858.6237055594675,3822.57848995362,3850.923782974165,324453
2017-03-31,3835.283447265625,3902.8983947956863,3808.8149624673806,3849.961425199197,290105
2017-04-03,3875.70751953125,3906.747829335654,3860.548298463983,3877.7767795250243,163958
2017-04-05,3928.163818359375,3936.5856090878638,3876.814863181618,3884.9960313178644,169401
2017-04-06,3956.942138671875,3993.1798066333213,3883.167346773346,3926.9606580332756,138595
2017-04-07,3927.9228515625,3996.981529484482,3912.523007008469,3936.585264124142,124319
2017-04-10,3906.65234375,3953.573752589829,3870.174050152858,3912.523629413421,146951
2017-04-11,3882.0126953125,3926.9609513621253,3874.3127718784567,3878.836429899354,224440
2017-04-12,3881.820556640625,3916.373871838615,3863.5332370129686,3916.373871838615,112568
2017-04-13,3868.58544921875,3892.2143979014254,3859.6342425063795,3888.4607797557446,275406
2017-04-17,3849.817626953125,3889.4240160733566,3843.416924293701,3870.655451779016,166286
2017-04-18,3823.204345703125,3911.51284049951,3807.2271459450285,3849.9616260004295,263758
2017-04-19,3792.01953125,3856.5545562706593,3778.73711741176,3822.5304283751416,266518
2017-04-20,3856.458251953125,3870.0773965610706,3793.9927215495545,3801.8369239944705,138135
2017-04-21,3829.123779296875,3883.1675212984437,3814.9749824213654,3873.9275194592956,173540
2017-04-24,3986.20166015625,4051.121821258318,3842.694492153502,3847.506943829979,694285
2017-04-25,4083.269287109375,4106.224777750538,3954.0549474872223,4008.7726221695852,531152
2017-04-26,4072.2001953125,4114.646112359509,4042.6520245085912,4079.0339705683273,217768
2017-04-27,4078.167236328125,4088.6582852986335,4054.0086388130517,4074.990736754068,289892
2017-04-28,4089.572998046875,4109.7852926164205,4057.9066939151794,4066.521169349047,174274
2017-05-02,4048.234619140625,4089.5737697737477,3996.3080741160265,4089.5737697737477,203245
2017-05-03,4140.05517578125,4162.770038074677,4052.0836671200905,4057.8586082133734,309226
2017-05-04,4162.0009765625,4191.645491477944,4121.768597787547,4135.387742302825,196089
2017-05-05,4167.53466796875,4180.094977208393,4122.682530241301,4153.145251359479,283727
2017-05-08,4260.22265625,4282.119310399605,4173.357907370799,4173.357907370799,153494
2017-05-09,4266.62353515625,4280.675988775336,4233.08065123414,4254.207503178636,214276
2017-05-10,4203.724609375,4292.707031684089,4163.3000140093645,4281.109210762014,222094
2017-05-11,4246.98828125,4280.627503894665,4188.805556923323,4208.9699158994335,159351
2017-05-12,4239.14453125,4254.159474930714,4209.210986918229,4235.390912821321,207498
2017-05-15,4271.2431640625,4329.2811380648545,4249.394447433599,4249.394447433599,131348
2017-05-16,4316.9140625,4363.0656687899,4277.307673423593,4290.01273568751,252094
2017-05-17,4303.29443359375,4321.533814046399,4288.568518955684,4321.533814046399,173787
2017-05-18,4178.21875,4283.756198006124,4163.78139404469,4283.756198006124,312920
2017-05-19,4197.03564453125,4251.704910122466,4173.358287192813,4233.995181125734,118708
2017-05-22,4109.44921875,4239.818265032587,4100.690461876129,4215.708067836509,153155
2017-05-23,4107.28369140625,4153.627512305291,4077.1095219847557,4115.609139756094,229419
2017-05-24,4015.70263671875,4132.693156906309,3993.613294042155,4132.693156906309,189988
2017-05-25,4006.269775390625,4029.9471322097997,3975.085181759368,4024.172190057123,399568
2017-05-26,3998.56982421875,4058.7254712166914,3986.3464787283638,4004.922354534931,235032
2017-05-29,3908.96240234375,4025.2312924511634,3893.2737614505727,4008.772612222901,310173
2017-05-30,3928.982177734375,3956.845992990086,3900.2517451410213,3919.2609306469835,268009
2017-05-31,4037.83984375,4100.161096064715,3933.0245000254877,3933.0245000254877,443950
2017-06-01,4040.871826171875,4092.5572807358953,4003.478978645699,4070.083504971404,143799
2017-06-02,4081.53662109375,4094.337554602059,4040.9193408459673,4071.3341295183086,187673
2017-06-05,4021.428955078125,4102.037521754698,4008.964987046237,4074.221644679801,137269
2017-06-06,3967.86669921875,4037.406631060728,3956.7980595484005,4028.022349601084,151928
2017-06-07,3985.431640625,4006.847049428696,3948.135142146652,3977.009850646018,137567
2017-06-08,3965.700439453125,4009.734368245063,3952.995380208747,3989.5220730618785,139961
2017-06-09,3957.7119140625,3978.1164250869424,3899.5291913076335,3977.009655308686,222729
2017-06-12,3893.70654296875,3957.7123862852304,3875.996814505766,3956.3165872900586,134143
2017-06-13,3909.443115234375,3981.4374360761108,3880.0871613269323,3881.7233478268163,171853
2017-06-14,3900.8291015625,3928.2600764852646,3837.4971896565016,3919.260697736703,442763
2017-06-15,3892.11865234375,3946.2105647963085,3859.586430447121,3881.050012954687,248575
2017-06-16,3970.56103515625,3977.924461902794,3859.586091872584,3896.160723167137,249460
2017-06-19,3943.852294921875,3993.7095789184536,3930.9070812040227,3980.860238266437,145691
2017-06-20,3911.368408203125,3971.2352621531873,3901.4065388916297,3969.310281415352,177824
2017-06-21,3865.40966796875,3907.8074176343484,3856.7472542565824,3902.8986225375825,215935
2017-06-22,3905.641845703125,3934.1314211519766,3842.261757538105,3882.686355187554,363645
2017-06-23,3848.9990234375,3931.7731959845432,3841.2991004098685,3916.277006898233,226036
2017-06-27,3732.44140625,3864.447104824671,3718.244672933363,3843.22414463269,339043
2017-06-28,3809.777099609375,3817.525193255842,3696.4920421724396,3732.5372556774223,261198
2017-06-29,3805.44580078125,3849.960974549478,3792.3079029487876,3849.960974549478,877055
2017-06-30,3810.595458984375,3845.0524239031133,3778.7369359085087,3834.561373576031,244498
2017-07-03,3848.8544921875,3859.4898221875433,3787.832465194102,3821.086552591718,218282
2017-07-04,3868.296875,3896.1609235410774,3827.872280437568,3839.3739930843276,178852
2017-07-05,3934.612060546875,3952.369959069226,3875.1301147388494,3883.6482476395017,169732
2017-07-06,3953.28466796875,3975.0849794926276,3914.496261487031,3943.1301132207295,151491
2017-07-07,3943.226318359375,3986.634723806861,3934.6602488948447,3946.210132208626,145864
2017-07-10,3989.781005859375,4018.5817399233206,3955.866778796066,3986.693782750399,26229
2017-07-11,4005.314453125,4023.40530431346,3994.459942411924,4002.178705585667,130236
2017-07-12,4043.90869140625,4051.7720879877,4005.073660131785,4023.4057245843273,161823
2017-07-13,4051.0966796875,4079.3184084056275,4038.505164205238,4051.337891044065,131100
2017-07-14,4074.446044921875,4088.9187276960765,4035.41832637703,4061.0347864409764,125584
2017-07-17,4194.90673828125,4218.207661303648,4055.24536162293,4055.24536162293,276947
2017-07-18,4178.6005859375,4297.517775543188,4149.799857963979,4203.107563649286,739090
2017-07-19,4057.99462890625,4166.201933202927,4040.8686251280305,4164.272242636367,446659
2017-07-20,3996.100341796875,4084.8661177121385,3989.056687777529,4078.208307625763,292416
2017-07-21,4029.821044921875,4041.351134751577,3994.411504932898,4009.8970836164926,122241
2017-07-24,4049.9384765625,4075.5068790946993,4015.7345194457043,4034.018527816036,183331
2017-07-25,3961.3662109375,4061.99940441036,3955.8664033450063,4034.9837314119063,359976
2017-07-26,3931.165771484375,3978.0573493795996,3924.1706427472895,3970.2420078777473,238144
2017-07-27,3900.82177734375,3965.5147104246803,3889.5331329439155,3951.042028999773,291936
2017-07-28,3882.73095703125,3921.324774477131,3860.3948794076337,3897.9755620339665,193195
2017-07-31,3914.28125,3926.9208190954573,3860.4430645629473,3901.641916462504,198206
2017-08-01,3924.84619140625,3951.041648036354,3909.070875950986,3934.6392773363254,243417
2017-08-02,3943.75732421875,3953.936490406425,3900.3875701483585,3926.920818924878,132722
2017-08-03,3940.814453125,3993.2058409558977,3926.920773603738,3952.9715993745735,195349
2017-08-04,3937.87158203125,3974.8734946619243,3920.1665760016176,3946.2173999130237,171562
2017-08-07,3907.575927734375,3970.097962319895,3900.2432433777767,3937.8722173204164,159843
2017-08-08,3914.08837890625,3942.5513188740874,3883.5028261202006,3924.8946005282087,236701
2017-08-09,3857.307373046875,3915.3427310845905,3842.111057616963,3915.3427310845905,141670
2017-08-10,3770.230224609375,3849.7333965198277,3748.4246229272007,3835.260714578024,144452
2017-08-11,3784.65478515625,3834.296039308473,3707.225933330758,3774.4756179604296,252752
2017-08-14,3821.270263671875,3833.3308313516877,3794.7370147762867,3815.963613892757,83680
2017-08-16,3802.744873046875,3832.2209444226196,3753.3448402132954,3831.40073168473,204377
2017-08-17,3794.640380859375,3852.0969715625065,3779.396011980027,3813.069022229467,123889
2017-08-18,3873.22705078125,3896.6245506745163,3786.053178605221,3786.053178605221,276537
2017-08-21,3867.003662109375,3915.6802994459226,3859.67097863611,3885.239380927288,170312
2017-08-22,3835.50146484375,3901.0626590468282,3826.5766453859032,3841.049325587817,106270
2017-08-23,3812.63525390625,3845.8741340191796,3795.171456264656,3840.0850610628036,142515
2017-08-24,3801.153076171875,3820.7877742348765,3792.228256244685,3819.8229288373427,287019
2017-08-28,3844.088623046875,3854.798500978425,3806.218441915931,3816.9283198474814,352378
2017-08-29,3793.38623046875,3834.9709254530785,3778.334548157911,3805.350219084474,165202
2017-08-30,3871.97265625,3882.7305876163095,3816.059915656584,3820.787563620714,415975
2017-08-31,3859.767822265625,3897.8311654729055,3844.426873125111,3890.1604553446664,257768
2017-09-01,3858.995849609375,3887.3622108338222,3847.803548474878,3859.3816935555446,533261
2017-09-04,3859.767822265625,3887.121286259955,3852.6763492153045,3876.749197193298,176316
2017-09-05,3953.791748046875,3964.3565223241108,3864.254049368038,3878.7750194978084,216938
2017-09-06,4004.34912109375,4022.4399700836925,3934.783682221254,3946.217193006069,250105
2017-09-07,3971.593017578125,4032.9572805701464,3956.39670219905,4020.510868863804,128470
2017-09-08,3998.75390625,4013.9502220591926,3927.8375302491318,3927.9341090171406,149642
2017-09-11,4027.843994140625,4044.6322110990004,4005.121600647728,4015.8800045332746,87309
2017-09-12,4071.88916015625,4084.190940096299,4028.2299019376446,4028.2299019376446,182205
2017-09-13,4037.733642578125,4078.3537309195613,4027.409607645635,4054.2806480966906,160537
2017-09-14,4066.24462890625,4076.4720850469544,4026.7825436552575,4047.333563590298,104714
2017-09-15,4062.915771484375,4077.5811383386185,4029.1942375869457,4053.8458481756306,148198
2017-09-18,4061.227294921875,4090.9443436891056,4052.3505291260008,4086.1201168687176,57086
2017-09-19,4037.106689453125,4066.7271633393784,4023.4056950428057,4066.7271633393784,91465
2017-09-20,4061.6611328125,4071.5027438274233,4008.064162074167,4039.807479861363,134462
2017-09-21,4019.593994140625,4094.8038815902823,4004.1084139019017,4045.789923668887,68443
2017-09-22,3858.995849609375,4014.6737528963577,3848.9613158713514,4002.1788162170997,302353
2017-09-25,3764.633544921875,3858.4164636176474,3754.309747032036,3849.7328556725215,300503
2017-09-26,3777.031982421875,3796.618391316997,3701.1469853014823,3762.897091417044,394045
2017-09-27,3664.965087890625,3820.8359023969047,3640.6510320102852,3815.866807474499,399169
2017-09-28,3732.697021484375,3750.8844498877747,3644.4136751984056,3664.964927510989,333828
2017-09-29,3718.707275390625,3779.0584052230206,3709.830744388208,3741.670644144986,135081
2017-10-03,3758.072998046875,3806.3152701655767,3741.6706255265162,3775.8260599633695,128586
2017-10-04,3736.36376953125,3788.7066318933084,3723.8207794721393,3758.2657127536445,114881
2017-10-05,3757.49365234375,3787.018014398931,3718.7069162250627,3741.7668615201205,151360
2017-10-06,3792.710693359375,3811.4771248591096,3770.5675385133945,3772.5455186974496,186262
2017-10-09,3818.23095703125,3849.7330644507542,3782.2904666425807,3787.693459433353,164124
2017-10-10,3831.2080078125,3852.965317821694,3818.4238067751053,3820.7876307987317,191270
2017-10-11,3812.29736328125,3843.703130353436,3781.4223083276734,3835.2607325145673,225285
2017-10-12,3782.000732421875,3824.936349161583,3746.3977987793533,3813.2616265664865,183939
2017-10-13,3864.205810546875,3878.678491485253,3762.89704397823,3762.89704397823,187181
2017-10-16,3863.482421875,3903.3788757521893,3845.2949907841466,3897.9756469688455,297411
2017-10-17,3945.638916015625,3960.883756899545,3863.1446294759326,3863.1929188603576,270710
2017-10-18,3948.340087890625,4041.3993746388087,3908.7814286034222,3946.2174752355836,784453
2017-10-19,3892.524169921875,3934.6878671824948,3876.7488532619477,3932.324043042098,37888
2017-10-23,4057.22314453125,4075.5071541355014,3906.65920149021,3906.65920149021,486553
2017-10-24,4078.498779296875,4148.835926714959,4054.3291152402503,4069.718590438069,371685
2017-10-25,4303.45263671875,4319.0347991141225,4110.242303104506,4110.242303104506,675900
2017-10-26,4326.26953125,4351.4520865505465,4270.742875443349,4303.2098239502075,510733
2017-10-27,4283.76904296875,4343.734091749165,4253.135200806814,4323.472337878278,187708
2017-10-30,4315.0302734375,4328.296899019649,4274.313605022628,4288.738233647423,110319
2017-10-31,4246.33251953125,4317.683022960387,4237.6489112169165,4315.0296981976735,175650
2017-11-01,4270.69482421875,4298.386074469209,4253.038342594899,4268.475868339346,73374
2017-11-02,4244.49951171875,4292.597148730018,4229.110510386895,4288.544609637514,114975
2017-11-03,4221.29541015625,4264.616876511196,4200.93707699768,4254.968422039451,119929
2017-11-06,4272.09423828125,4298.386275544683,4205.809170568907,4230.847097253296,112295
2017-11-07,4219.70361328125,4309.434242077657,4192.012359819204,4276.195127157768,156131
2017-11-08,4216.95361328125,4268.8140561608025,4182.605021076442,4226.023066277928,115134
2017-11-09,4209.95849609375,4259.889248221542,4190.082585564619,4254.00359674271,146865
2017-11-10,4294.38232421875,4333.02419477489,4187.4291153781305,4197.077569561029,376322
2017-11-13,4195.7744140625,4327.234586013317,4184.534060555567,4317.682711779147,169443
2017-11-14,4208.0771484375,4234.7069789603775,4197.0780037543045,4204.79676789914,120260
2017-11-15,4155.30029296875,4202.86698755414,4112.171510779556,4202.86698755414,203169
2017-11-16,4122.88134765625,4177.780961682418,4114.3423708670325,4163.308279367121,127671
2017-11-17,4117.0439453125,4196.306382783037,4092.199172824647,4159.449094956607,275645
2017-11-20,4034.307373046875,4091.4264019591974,4023.7906537383037,4081.2955265387113,214322
2017-11-21,4017.037109375,4062.5779991735812,3982.929731406036,4043.6669357448177,296266
2017-11-22,4081.681396484375,4089.6413700798594,4020.6068784344575,4020.6068784344575,205993
2017-11-23,4038.022705078125,4109.759056096897,4024.659501821733,4086.120343366677,273052
2017-11-24,4092.19873046875,4096.733692432417,4038.0227538417057,4038.0227538417057,277735
2017-11-27,4121.8203125,4134.266726242915,4057.368816284651,4081.2002194106353,225700
2017-11-28,4125.58251953125,4169.868830970339,4102.860597882927,4121.819716541303,165542
2017-11-29,4137.01611328125,4163.308152016464,4113.811768458568,4134.266209502268,147547
2017-11-30,4056.017333984375,4121.289509105523,4039.8561718213996,4120.855140183116,233153
2017-12-01,4037.829833984375,4099.145569019522,4007.6784160646716,4079.3662388641965,144542
2017-12-04,3965.562744140625,4050.179876222203,3947.4721280091926,4029.1944882625025,236418
2017-12-05,3963.874267578125,3989.442671318029,3929.815412552096,3975.1631474870205,123027
2017-12-06,3895.466552734375,3965.4663661010877,3875.1567464022983,3954.9011209885116,176862
2017-12-07,3938.3544921875,3973.2335609630522,3878.775285682044,3891.221697757161,178897
2017-12-08,4019.11181640625,4035.0317664920894,3941.586625050295,3962.6203031843925,176333
2017-12-11,4091.47509765625,4108.2637850224455,4041.7375042114554,4041.7375042114554,157581
2017-12-12,4074.05908203125,4109.854935151603,4020.1243265953203,4081.2954214309502,176379
2017-12-13,4124.08740234375,4196.113023738418,4034.597983407963,4072.3235361798265,242129
2017-12-14,4118.15283203125,4162.342557618032,4089.2074734942676,4150.909046772751,155066
2017-12-15,4160.22021484375,4174.886053396804,4109.0834085506995,4147.870382147645,248023
2017-12-18,4158.38671875,4168.1317506309,4054.280003738667,4136.774277969904,171295
2017-12-19,4207.20849609375,4216.374527675654,4167.070831996122,4167.070831996122,165588
2017-12-20,4180.771484375,4216.374183601453,4161.136787260221,4206.725730092068,98899
2017-12-21,4180.43408203125,4229.303409365937,4154.913731685451,4171.12341775427,77428
2017-12-22,4138.12548828125,4196.884480997493,4116.030622062516,4171.026811808781,98020
2017-12-26,4187.76708984375,4212.418702919853,4131.90263188879,4147.967214587296,150416
2017-12-27,4127.3193359375,4185.451271004555,4115.210243556888,4161.378189945358,85346
2017-12-28,4126.11376953125,4143.6256213138995,4100.593417346317,4128.573937135269,135145
2017-12-29,4168.71142578125,4180.675415368484,4119.890150847779,4119.890150847779,172445
2018-01-01,4106.4296875,4167.938575927434,4093.886698487347,4150.957675387617,166780
2018-01-02,4102.8115234375,4149.7996784828065,4094.610338302158,4134.362153522164,141217
2018-01-03,4150.71630859375,4162.342505681358,4096.154025762837,4106.3814798747935,166916
2018-01-04,4192.7353515625,4197.077155516483,4144.010662745584,4150.861158762822,149645
2018-01-05,4241.267578125,4256.898263367974,4197.125897356848,4206.533140799242,165179
2018-01-08,4269.7294921875,4277.544832927998,4217.531741106413,4245.3190958328,176265
2018-01-09,4271.2255859375,4320.577329680641,4231.135980345189,4277.062711659208,137512
2018-01-10,4248.40771484375,4272.335693788054,4222.742731403135,4272.335693788054,108721
2018-01-11,4251.20556640625,4279.089505261316,4227.566853243025,4264.472191140713,111608
2018-01-12,4250.62646484375,4280.2474074543925,4198.621391332267,4257.669647908755,77493
2018-01-15,4361.24560546875,4405.339226317997,4248.599911091565,4262.493589879363,318055
2018-01-16,4385.31884765625,4429.605156544678,4352.417525849061,4368.81989737188,315736
2018-01-17,4384.49853515625,4438.192085314749,4340.7912287150975,4382.327633092301,325182
2018-01-18,4253.666015625,4397.524573772153,4216.374831305866,4394.3888258999,626579
2018-01-19,4148.8349609375,4228.338122709962,4120.854446084666,4214.444444040698,311100
2018-01-22,4177.78076171875,4191.529809260203,4110.772057359819,4172.956534511222,179728
2018-01-23,4220.90966796875,4252.122042044637,4149.800368351134,4191.964303855629,250337
2018-01-24,4132.43359375,4215.362259287882,4124.811407938032,4211.357773262681,244058
2018-01-25,4206.6787109375,4236.588924173254,4131.468808887,4134.36334565175,279951
2018-01-29,4236.34716796875,4257.959612142923,4179.034970504412,4216.374678414093,263874
2018-01-30,4209.8134765625,4230.4125481711735,4154.624133348941,4229.785492908362,201842
2018-01-31,4227.95263671875,4251.012348067809,4177.780674804242,4209.813731242184,189153
2018-02-01,4237.07080078125,4269.441177647885,4194.810286793945,4227.95282270125,268309
2018-02-02,4032.5234375,4214.4448556308225,3983.846796909264,4214.4448556308225,240012
2018-02-05,4000.634521484375,4032.86026079502,3909.6015073126728,3977.912602753436,178020
2018-02-06,3948.7744140625,3970.0975915283534,3809.7886232732726,3840.084674471802,298939
2018-02-07,3938.064697265625,4021.330900447408,3908.588623874262,4011.7305004958494,262748
2018-02-08,4020.51025390625,4034.886354255482,3909.5047580997007,3941.3929414943677,188256
2018-02-09,4007.292724609375,4021.3795634767366,3911.5320419527434,3917.272825706405,181041
2018-02-12,4052.64013671875,4074.011840231603,4016.2172211472475,4023.4055081633637,218964
2018-02-14,4028.712158203125,4058.670420843375,4008.9328265678323,4052.3508716209135,152754
2018-02-15,4040.62744140625,4080.427309613397,4013.804459678339,4043.0876084490733,122433
2018-02-16,4019.88427734375,4110.145388435544,3998.4645180823086,4057.175462940446,114025
2018-02-19,3971.882568359375,4066.8232591177325,3934.0123873581006,3997.402445880499,131776
2018-02-20,3995.03857421875,4037.8776116460135,3940.7177362981615,3955.865760513418,123931
2018-02-21,3986.30712890625,4026.252108415077,3975.2114059573437,4018.6779772224154,170432
2018-02-22,3955.76953125,3986.306793705328,3929.0433609841903,3986.306793705328,196243
2018-02-23,3971.689208984375,3988.911792290793,3920.6972747981704,3974.969588872292,136480
2018-02-26,3995.2314453125,4003.143365645649,3975.162850436267,3975.162850436267,129762
2018-02-27,4029.291015625,4038.0712030894283,3994.2668445315853,4002.1787653491847,179366
2018-02-28,4009.511962890625,4046.513881197798,3979.9875970384933,3979.9875970384933,160018
2018-03-01,4007.292724609375,4033.0542885351656,3986.066123090769,4009.560205812967,198915
2018-03-05,3951.42822265625,3989.0571976912397,3932.179601769179,3971.497292011162,124424
2018-03-06,4004.397705078125,4027.89178496676,3958.471440587886,3962.6200873925004,235296
2018-03-07,3968.84375,4023.8879951037147,3949.1124718761553,4013.7571177632067,188355
2018-03-08,3975.06689453125,3988.285466371879,3921.2767577262157,3960.932002132134,154031
2018-03-09,3936.424560546875,3989.2013207362324,3909.5052328178876,3970.338781798839,135949
2018-03-12,4029.19482421875,4038.6986466551994,3931.6488495529043,3936.4250232435165,102681
2018-03-13,4023.405029296875,4061.1305759530273,3996.1962025229022,3997.354205366176,138444
2018-03-14,4081.537109375,4094.803733157024,3999.042830584961,4007.0993836139523,237294
2018-03-15,4042.123046875,4081.295862616437,4009.897306154589,4081.295862616437,188385
2018-03-16,3884.7568359375,4020.3173705233703,3862.5653931381567,3995.424549220897,527458
2018-03-19,3832.751953125,3922.5791583158943,3820.7879638250993,3916.307662920727,193770
2018-03-20,3798.4033203125,3858.320076779439,3772.7383391082317,3829.471294283278,155144
2018-03-21,3858.609619140625,3911.483193385298,3819.2921696757876,3820.787727135121,205143
2018-03-22,3787.162841796875,3870.9597593244785,3775.0542204278086,3858.416769077415,180643
2018-03-23,3737.570068359375,3761.8841266295567,3679.0522859395182,3715.61983433416,249194
2018-03-26,3811.1396484375,3830.436558049842,3691.691730825509,3727.1980916238135,156418
2018-03-27,3838.73388671875,3849.7813191034834,3785.0883898758652,3810.656792203602,106468
2018-03-28,3811.1396484375,3835.164206681674,3785.0888204608386,3835.164206681674,464340
2018-04-02,3838.637451171875,3978.0576124623954,3785.1368204733676,3978.0576124623954,303869
2018-04-03,3812.29736328125,3851.2772614949254,3776.887581742962,3827.5419687761732,240321
2018-04-04,3744.85498046875,3835.212669593633,3736.460871519181,3813.069511923187,177225
2018-04-05,3827.156005859375,3839.9402079037404,3777.3698870709613,3796.666795817173,124669
2018-04-06,3810.656982421875,3848.9130090628564,3782.242331943311,3811.139405131385,214201
2018-04-09,3780.457275390625,3835.212252944604,3764.296114614781,3817.025058122686,107499
2018-04-10,3793.000244140625,3809.0650616173816,3770.664167031268,3806.1222359932945,115836
2018-04-11,3786.6806640625,3798.5483104063615,3753.248862887476,3783.1590723346517,139653
2018-04-12,3736.1708984375,3762.8970689696152,3729.1274798891186,3748.4726773168236,218223
2018-04-13,3742.5869140625,3768.396527801117,3726.715254781558,3748.2313537201076,304761
2018-04-16,3779.299072265625,3786.101278800106,3729.2717488116687,3729.2717488116687,180569
2018-04-17,3779.54052734375,3806.3149863733724,3765.357347509919,3782.193852112451,103447
2018-04-18,3852.000732421875,3867.775813809189,3784.5578957797984,3795.7019075666317,159338
2018-04-19,3959.194580078125,4017.1333510969835,3866.6657757506437,3874.0467479705817,449754
2018-04-20,3937.4375,3989.1533076810883,3915.390923937143,3960.690368371234,192832
2018-04-23,3998.029541015625,4016.3130762458604,3928.946525334829,3928.946525334829,111251
2018-04-24,3974.439697265625,4026.9757214869924,3952.0070401165262,4021.4759138685745,378441
2018-04-25,3989.4423828125,4016.409998913566,3935.6042004848805,3988.67069497536,482116
2018-04-26,3936.03857421875,4028.22960057218,3885.1912680488686,4028.22960057218,512593
2018-04-27,3919.5400390625,3977.9131892496525,3894.116267030526,3934.15735352254,127581
2018-04-30,3964.405029296875,3982.8336702569554,3934.687744515311,3955.817999647889,177986
2018-05-02,3875.301513671875,3975.1149578357445,3852.62764697916,3968.215936396081,217139
2018-05-03,3854.895263671875,3888.0858520745,3841.5320603100995,3887.169296032183,146828
2018-05-04,3845.729248046875,3892.4759619781603,3820.7878994798616,3858.3202924510606,212463
2018-05-07,3891.607421875,3907.6239500663587,3830.436316484801,3864.2059061767322,133722
2018-05-08,3921.228515625,3933.4337164316407,3891.2217276921097,3903.957640611642,202627
2018-05-09,3826.81787109375,3936.5690297037504,3815.9633609015523,3931.551880993168,230272
2018-05-10,3857.98291015625,3875.5913400247186,3791.84270592227,3827.5419883953296,263132
2018-05-11,3928.46484375,3941.393678607187,3829.037472628498,3869.9951150289908,97087
2018-05-14,3962.66796875,4008.9324924583043,3913.171589960955,3941.393316893423,346826
2018-05-15,3964.83935546875,3993.9778775063137,3933.8196674086157,3965.5149357533396,211226
2018-05-16,3850.456787109375,3946.2176932349416,3830.580877609751,3946.2176932349416,218521
2018-05-17,3818.665283203125,3878.485699757189,3801.4909874679456,3857.4520223088443,241558
2018-05-18,3723.194091796875,3802.5043435050197,3716.0540938773415,3792.8558886607693,382059
2018-05-21,3716.82568359375,3877.7136536733806,3680.1132690966715,3762.8487619562115,516801
2018-05-22,3623.525146484375,3744.613242760895,3589.2248458060085,3705.006292444912,976312
2018-05-23,3570.7001953125,3618.1705457612925,3560.328106414651,3618.1705457612925,333394
2018-05-24,3529.7900390625,3593.0356971616443,3504.077005401338,3569.9276987636676,398238
2018-05-25,3552.70556640625,3569.9281518484913,3533.2640248835605,3564.0425004019853,271222
2018-05-28,3599.162841796875,3613.2977326800205,3555.4552980766343,3561.244370475131,369098
2018-05-29,3585.413818359375,3642.2914079359484,3570.8928478863427,3618.1702727840543,347743
2018-05-30,3576.343994140625,3601.478263124223,3560.279412963847,3560.279412963847,201412
2018-05-31,3613.249755859375,3632.594954909382,3557.095795848002,3575.7656501713564,733987
2018-06-01,3558.494140625,3618.0733385973913,3531.3338393352547,3618.0733385973913,232438
2018-06-04,3580.68603515625,3594.917505295788,3498.5295407433914,3572.6297171239016,200526
2018-06-05,3547.592041015625,3579.5765730448466,3508.226300054913,3579.5765730448466,204863
2018-06-06,3566.406494140625,3592.505374537237,3503.691541283176,3536.1584957315767,200850
2018-06-07,3592.26416015625,3603.4564613414987,3572.2436175301477,3593.952639654837,149988
2018-06-08,3584.54541015625,3597.956902987167,3535.772662046527,3583.435932133353,281709
2018-06-11,3656.860595703125,3695.357832423467,3584.352323531113,3596.9436029437816,283522
2018-06-12,3633.800537109375,3680.7884588925763,3623.332106318713,3680.7884588925763,262627
2018-06-13,3666.991455078125,3700.1820420140784,3615.179069589739,3643.256164444631,239285
2018-06-14,3634.572265625,3656.763707650319,3613.34566890513,3656.763707650319,235397
2018-06-15,3561.87109375,3658.693414812964,3542.7673450620414,3632.6425914479983,588115
2018-06-18,3540.5,3577.6465458509333,3513.0019076168414,3556.9506602741453,238900
2018-06-19,3519.756103515625,3531.3342485929793,3485.407512229622,3523.6154852080763,249879
2018-06-20,3522.988037109375,3534.2283908122063,3497.5642688217986,3524.579937656836,222658
2018-06-21,3489.74951171875,3543.8774372044427,3473.443717379797,3543.8774372044427,321887
2018-06-22,3513.050537109375,3526.220583144758,3437.7443033910804,3496.59987524257,330296
2018-06-25,3620.099853515625,3637.4670702968833,3503.932564379723,3524.5801612187042,498922
2018-06-26,3705.102783203125,3728.1142038412645,3618.170121526729,3620.09981225821,582262
2018-06-27,3640.506103515625,3721.794323480242,3618.170028098674,3714.654562181305,394258
2018-06-28,3590.575439453125,3651.891409380088,3556.034163905931,3640.5061869857063,545895
2018-06-29,3684.359130859375,3695.744119344928,3584.449331942489,3617.205789647788,320835
2018-07-02,3644.51025390625,3692.2700969783746,3602.82898342762,3664.482504806642,224587
2018-07-03,3618.02587890625,3651.9401029442192,3599.2113922464314,3651.9401029442192,244401
2018-07-04,3657.39111328125,3671.2367389641277,3603.6975611119624,3625.889005263388,190572
2018-07-05,3797.873046875,3823.8272962430274,3659.9967210541304,3663.518312857256,499755
2018-07-06,3815.33642578125,3857.451832429895,3753.248531303725,3772.7866502648817,327395
2018-07-09,3762.173583984375,3873.4685997726324,3753.7311863797427,3820.787944496538,282644
2018-07-10,3830.91064453125,3844.6483947775682,3774.1695293992366,3782.731561041845,186488
2018-07-11,3823.17138671875,3833.039335750687,3793.6157231984807,3817.3666830300817,236871
2018-07-12,3818.47900390625,3918.1748330071177,3810.836238833041,3832.071731738566,558480
2018-07-13,3834.73193359375,3893.2626890607753,3821.429489169426,3852.097622894346,237239
2018-07-16,3738.22900390625,3848.08306341046,3709.398929670453,3834.974060943161,284241
2018-07-17,3768.41357421875,3797.7273749824426,3715.3006301314435,3749.8385697190033,175938
2018-07-18,3724.055908203125,3848.1314425427668,3685.986634183505,3778.8618879582073,798285
2018-07-19,3731.69873046875,3751.966772776474,3659.8655252740377,3715.9776586247895,342317
2018-07-20,3745.67822265625,3758.545362125747,3705.335582224353,3705.335582224353,196849
2018-07-23,3879.13818359375,3912.2733664710445,3752.789277608696,3758.5455614098946,257170
2018-07-24,4002.149169921875,4092.3157484166386,3918.1746527393348,3918.1746527393348,548782
2018-07-25,3913.1923828125,4000.4079538832957,3854.6132058016046,4000.4079538832957,247468
2018-07-26,4007.953857421875,4037.1228687440043,3908.4517123588166,3913.337384762767,839947
2018-07-27,3990.394775390625,4053.569579086306,3966.740893120061,4039.106004557915,190337
2018-07-30,4105.2314453125,4111.6648970856395,3990.733576583121,3996.054554685232,329539
2018-07-31,4057.2939453125,4104.892701535074,4035.671803336163,4098.410593866645,251535
2018-08-01,4056.568359375,4092.267662753322,4018.160855786707,4068.613307736039,159147
2018-08-02,4047.329345703125,4086.5110926855505,4016.854653605683,4050.7154226028406,135635
2018-08-03,4032.09228515625,4083.4153511293807,4016.8549380286127,4063.2925673699838,205260
2018-08-06,4041.814453125,4072.9665477422395,4002.390845804217,4039.105780718254,184759
2018-08-07,4069.7744140625,4130.04639431933,4029.4797207800516,4034.268789953527,461061
2018-08-08,4105.95654296875,4121.338910622363,4054.826692287789,4074.901289094224,297215
2018-08-09,4170.4853515625,4179.337901388902,4078.2875095231157,4103.924947312788,336669
2018-08-10,4107.9892578125,4192.157466797142,4092.3163678739425,4174.549675502615,287805
2018-08-13,4057.6806640625,4088.445397883657,4039.1054273933432,4088.445397883657,155075
2018-08-14,4159.16650390625,4198.686950975115,4057.4873627372735,4057.4873627372735,455836
2018-08-16,4076.3525390625,4145.573430959335,4063.3401413378065,4145.525247391198,430146
2018-08-17,4146.203125,4168.30899276445,4067.5977656529526,4121.339456226728,262047
2018-08-20,4160.71484375,4198.541783021123,4133.916274080551,4152.200995324961,135703
2018-08-21,4208.603515625,4250.010209659442,4164.487676653789,4164.874562391054,271157
2018-08-23,4205.74951171875,4241.206480811111,4163.9072743544775,4232.5962651721275,189320
2018-08-24,4175.5166015625,4255.8149977463945,4140.688381530931,4190.028359908987,241765
2018-08-27,4228.53271484375,4237.433448942836,4180.015163781507,4189.060920986867,200121
2018-08-28,4283.5322265625,4314.82934555324,4208.409787703272,4238.400754006445,301809
2018-08-29,4258.6689453125,4290.594812021525,4233.079690464787,4290.594812021525,177155
2018-08-30,4282.32275390625,4300.317427495516,4243.237848592877,4259.684506920756,332154
2018-08-31,4329.82568359375,4347.384819628313,4254.896436612761,4281.936873106008,299423
2018-09-03,4231.193359375,4324.504158186363,4212.666774964618,4324.504158186363,150383
2018-09-04,4064.404541015625,4231.144727831561,4040.073255613261,4231.144727831561,325798
2018-09-05,4024.0625,4111.664960978119,3972.35207759439,4061.357530867328,384529
2018-09-06,4018.015869140625,4132.851967591212,3995.6190106860195,4071.9994216268187,373709
2018-09-07,4129.2724609375,4148.137745906259,4014.919621556309,4048.1029851359217,196079
2018-09-10,4019.418701171875,4121.339720425733,4003.310742516827,4121.339720425733,337900
2018-09-11,3973.900146484375,4051.6348960351884,3956.0023105309897,4019.515347423109,318329
2018-09-12,3963.016357421875,4003.6006266348554,3923.9796312575804,4003.310580410224,233072
2018-09-14,4052.747314453125,4062.7118664603718,3962.1454260248584,4007.083458174918,635121
2018-09-17,3969.93310546875,4039.0576322783763,3957.501272132804,4020.724256446478,210529
2018-09-18,3927.801025390625,3979.0274875412833,3896.2622774734746,3968.4823704542905,268420
2018-09-19,3918.851806640625,3954.9377585748316,3914.062973765686,3954.9377585748316,322516
2018-09-21,3936.89501953125,3966.2572384206974,3783.215404038071,3932.154370084445,551314
2018-09-24,3845.51904296875,3927.8491781006182,3798.984813880546,3927.8491781006182,421511
2018-09-25,3897.568115234375,3917.2074093017295,3821.429801615666,3840.7788132694163,248960
2018-09-26,3935.1533203125,3968.8206448811275,3893.794811523696,3908.6934547150577,283138
2018-09-27,3986.283203125,4076.5466240362603,3891.086162255517,3956.7277773967207,525917
2018-09-28,3927.801025390625,4016.1774961903175,3883.39513722467,4015.887449964837,318703
2018-10-01,3811.94921875,3918.1753533461892,3728.5550152583246,3918.1753533461892,427828
2018-10-03,3734.649658203125,3842.2785391760494,3688.937616621366,3826.2671842509408,500577
2018-10-04,3815.286376953125,3832.265181833602,3654.9314436705968,3708.673370510266,535184
2018-10-05,3670.314208984375,3797.0986599599973,3645.8376610623122,3797.0986599599973,380282
2018-10-08,3636.5498046875,3663.2515345416546,3581.0666569529553,3647.2886003491453,427278
2018-10-09,3658.89794921875,3740.115374966975,3622.134828629032,3655.9955975932457,215436
2018-10-10,3655.0283203125,3704.3683002849557,3603.7534391646536,3658.898122663281,273039
2018-10-11,3568.683349609375,3618.168352612638,3513.006521138447,3594.078927495447,241641
2018-10-12,3671.619873046875,3690.8238610083513,3584.5493232458916,3606.6556628674007,289631
2018-10-15,3587.693603515625,3695.661181731771,3542.9008310273116,3695.661181731771,234650
2018-10-16,3630.552001953125,3689.8567739542214,3586.0008523439537,3622.135228548664,308164
2018-10-17,3601.818603515625,3667.12151937308,3594.0789986732602,3662.2842663466017,166654
2018-10-19,3492.10986328125,3531.194773973106,3410.2634460973145,3492.4967490528525,758353
2018-10-22,3350.523193359375,3480.8871579317206,3333.931510527762,3480.8871579317206,709687
2018-10-23,3234.816162109375,3348.2497469896175,3154.3243179875253,3341.3809893230764,809289
2018-10-24,3273.41748046875,3324.305239622121,3221.9491564856557,3266.2100208353095,354011
2018-10-25,3238.540771484375,3278.931832637317,3170.819231826748,3233.219793368419,519442
2018-10-26,3276.46484375,3288.751418921087,3184.8473207355605,3242.120348037329,270475
2018-10-29,3329.674560546875,3342.831982701456,3253.5362483607564,3294.1207523020767,278127
2018-10-30,3350.91015625,3386.996110653824,3311.1480785432714,3328.0300441739014,159145
2018-10-31,3385.496337890625,3405.3290740349776,3264.178134197395,3357.053386385584,371435
2018-11-01,3484.418212890625,3498.2528031292595,3357.053441219363,3407.360870309682,227757
2018-11-02,3609.36474609375,3741.1314705886393,3473.1476543608005,3473.1476543608005,444425
2018-11-05,3651.690673828125,3671.861876924857,3538.7892371488474,3595.965425334409,229476
2018-11-06,3622.521728515625,3683.6163721874727,3590.741119808627,3651.6905041822442,277572
2018-11-07,3659.478515625,3682.1167638362595,3628.036373001595,3647.2885443149494,52687
2018-11-09,3693.5810546875,3703.545606067892,3646.659704563692,3675.1510750804878,200993
2018-11-12,3605.543212890625,3763.2376541215103,3591.4667600082125,3697.499199634797,287420
2018-11-13,3705.239013671875,3723.9592775384117,3603.2213936205726,3608.5907917693776,213510
2018-11-14,3789.55224609375,3848.8085926249064,3705.6743301610977,3713.0752324339264,449597
2018-11-15,3785.585205078125,3805.7566415127503,3705.3836569543278,3799.9519387912997,233272
2018-11-16,3833.426513671875,3850.4537402672463,3783.748062533329,3823.365120988984,220575
2018-11-19,3900.712646484375,3915.272826175348,3823.8003189131023,3841.166011044166,448367
2018-11-20,3847.0185546875,3914.78851052943,3831.104040948114,3901.7279285716522,183485
2018-11-21,3912.1767578125,3922.0447066288602,3808.901406941106,3851.1305308760275,310675
2018-11-22,3821.81640625,3918.17457167546,3810.7875648962063,3918.17457167546,235065
2018-11-26,3830.959228515625,3869.802274366989,3813.5451182809734,3863.9975709554387,274495
2018-11-27,3874.6396484375,3897.858462810159,3821.6717281498713,3852.3882846637016,290501
2018-11-28,3873.5751953125,3908.5002549394285,3852.5815654393696,3874.8329282768964,293918
2018-11-29,3899.212646484375,3926.011215978627,3881.411650639991,3908.403426813657,495678
2018-11-30,3869.46337890625,3948.1655732075183,3856.160934252586,3898.8255966739275,637323
2018-12-03,3915.2724609375,3966.5473412018164,3884.217203130008,3908.500306940326,356511
2018-12-04,3899.454345703125,3971.6262490049694,3890.408825053467,3934.6212665984312,228182
2018-12-05,3839.85986328125,3898.2453654590245,3825.4447075793823,3889.441706687651,175670
2018-12-06,3738.712646484375,3827.0893486101363,3699.482479484952,3816.6408354424925,271400
2018-12-07,3804.499267578125,3829.1692564715117,3753.7565337401325,3777.8943775950615,188598
2018-12-10,3653.62548828125,3753.8050417942777,3639.3555924092566,3753.8050417942777,291666
2018-12-11,3748.000732421875,3769.1878076019925,3603.8021629235564,3626.9725592145455,324889
2018-12-12,3804.40283203125,3821.4300579061046,3747.7587855711627,3760.3838275667617,183942
2018-12-13,3820.559326171875,3866.9001162497834,3797.243671823968,3866.9001162497834,213593
2018-12-14,3874.68798828125,3912.1766982138092,3845.6160511463645,3907.5328881962682,312029
2018-12-17,3878.7998046875,3890.6510747418106,3835.941695129847,3885.1848370411785,130496
2018-12-18,3877.686767578125,3886.3456388219943,3848.518228423996,3868.83468966002,196490
2018-12-19,3951.600341796875,4037.8968869059686,3874.7364399096646,3879.476853307681,990102
2018-12-20,3908.839111328125,3999.4407651961046,3872.9950194955877,3942.361180013093,541116
2018-12-21,3854.613525390625,3947.1985018345626,3826.750900491817,3898.8259711748256,390384
2018-12-24,3789.648681640625,3880.34716721332,3777.8942523879928,3821.4295254628864,322548
2018-12-26,3866.029296875,3877.541864119717,3731.50524858684,3764.4469875604864,224353
2018-12-27,3852.8720703125,3889.6351936450487,3826.2671784271033,3884.3142152679693,255449
2018-12-28,3874.59130859375,3891.0863888833856,3855.2907159871434,3856.838731454851,196548
2018-12-31,3861.046875,3901.4863567968814,3850.4533383055204,3898.825867681218,157905
2019-01-01,3878.702880859375,3883.6853931433916,3837.150925014811,3869.8023826181516,92921
2019-01-02,3875.70361328125,3888.135210716816,3844.599937422049,3869.8020706459256,143828
2019-01-03,3773.105712890625,3884.31411074014,3749.7900592427077,3879.4768578002395,223538
2019-01-04,3787.1337890625,3800.1459523785616,3727.587157462983,3800.1459523785616,220079
2019-01-07,3798.9365234375,3855.677404855903,3786.4565055696835,3806.917990635147,220371
2019-01-08,3788.826904296875,3815.093094110348,3715.0103748699053,3787.569171254083,271012
2019-01-09,3693.00048828125,3806.8209471984574,3676.311966852774,3789.5036774111354,248627
2019-01-10,3693.919677734375,3721.782301076893,3680.2303467998977,3695.661135979655,138524
2019-01-11,3647.482177734375,3726.184377936222,3629.004013128297,3693.9198061887573,248857
2019-01-14,3653.67431640625,3673.361795940769,3616.2822060732187,3647.482490365227,198557
2019-01-15,3703.062255859375,3719.847618524595,3648.3046927101063,3668.5727358765316,298881
2019-01-16,3760.480712890625,3780.7971767369595,3710.3667214975308,3717.912883879257,201711
2019-01-17,3721.25048828125,3787.327414610126,3685.986959490282,3765.3179124241938,235993
2019-01-18,3695.61279296875,3733.3917853272756,3648.836699178387,3733.3917853272756,237908
2019-01-21,3724.24951171875,3741.615202783757,3666.6377811377993,3685.9867931754657,279969
2019-01-22,3734.843017578125,3760.4804583152886,3677.182867706756,3724.684786342645,220491
2019-01-23,3725.313232421875,3759.5611223813453,3715.735566797584,3736.2938902485894,171340
2019-01-24,3667.314697265625,3752.305321277264,3647.3369381874045,3730.489264465414,808713
2019-01-25,3396.525634765625,3676.312302780545,3366.7765286312824,3676.312302780545,1593195
2019-01-28,3264.613525390625,3395.7514972600784,3223.9806014917863,3395.7514972600784,1260559
2019-01-29,3298.66796875,3395.654895073396,3260.3086454847316,3265.1458986679436,754743
2019-01-30,3330.158447265625,3354.4415520889506,3255.471307305615,3308.6810909317096,303793
2019-01-31,3404.797119140625,3424.774878118727,3320.3870603508344,3341.5741324921137,621043
2019-02-01,3370.25927734375,3423.372458404801,3333.8348557680515,3415.1007083172435,745604
2019-02-04,3335.285888671875,3383.0778530486346,3291.266887095495,3366.7764524230065,320227
2019-02-05,3349.072021484375,3358.988389858814,3299.0064543256212,3335.285850817472,286515
2019-02-06,3396.09033203125,3419.841055472806,3328.9975379725997,3371.468525133187,341588
2019-02-07,3454.33056640625,3489.4490681816796,3383.6582573519963,3395.4611066792318,367134
2019-02-08,3441.99560546875,3471.1641450011166,3400.830537429829,3419.93768574481,287105
2019-02-11,3337.123779296875,3449.541720363321,3328.1266782810185,3449.541720363321,206491
2019-02-12,3339.978271484375,3384.432580621221,3303.892315805714,3328.030161745856,266527
2019-02-14,3381.14306640625,3389.7050988431106,3315.1145618051673,3341.574430654043,156493
2019-02-15,3327.497802734375,3376.305636561198,3257.4544762178984,3376.305636561198,276417
2019-02-18,3317.6298828125,3346.411537405683,3269.9829420153824,3339.6393833837574,270262
2019-02-19,3354.731689453125,3390.8658265094678,3299.1514652772225,3299.1514652772225,213945
2019-02-20,3457.03955078125,3479.919662032617,3358.117731086272,3361.0200827643644,243815
2019-02-21,3513.0546875,3535.064186746988,3444.1238382099828,3466.3752000860586,394248
2019-02-22,3507.68603515625,3545.2231704047986,3487.514829321037,3512.8135712211283,216855
2019-02-25,3595.626953125,3603.221298531347,3499.268779994527,3502.17113176118,445514
2019-02-26,3665.23486328125,3691.791333892387,3556.396675371687,3569.8925634336756,700811
2019-02-27,3762.511962890625,3777.894331889871,3677.9566445782907,3685.986531242102,681050
2019-02-28,3701.94970703125,3787.569084810491,3666.6377602635407,3787.569084810491,718074
2019-03-01,3752.112060546875,3772.5735458860477,3701.9980731421842,3714.913396700205,270365
2019-03-05,3833.232421875,3849.1953555331643,3744.081950498056,3767.155503796653,367903
2019-03-06,3849.1474609375,3889.151640071058,3807.6923420128487,3834.0069526372145,349217
2019-03-07,3785.440673828125,3857.9994672737907,3773.3959613549423,3849.2924120603107,382836
2019-03-08,3842.713623046875,3856.402953988746,3759.029149634601,3797.050003868801,253766
2019-03-11,3917.3525390625,3925.430846125471,3826.895907118512,3846.099896185289,389964
2019-03-12,3962.435791015625,4012.936901240677,3918.658651409092,3931.6223949586224,609648
2019-03-13,3894.61767578125,4005.2457538215335,3880.4930377861115,3965.580276549388,380923
2019-03-14,3835.118896484375,3928.9615972205506,3804.0154566457995,3905.500922036507,301915
2019-03-15,3788.633544921875,3860.12805272405,3777.8947483427105,3860.12805272405,339118
2019-03-18,3840.971923828125,3849.4855354579795,3790.5194747836886,3820.4620204884545,286827
2019-03-19,3848.518310546875,3881.411629440438,3831.1526203109815,3840.9721489736726,370780
2019-03-20,3794.63134765625,3879.234851196717,3783.6022696461655,3874.349178669924,295550
2019-03-22,3801.838623046875,3847.4538198923124,3757.190876706698,3817.414670659155,399902
2019-03-25,3745.049560546875,3783.6991634176497,3724.684678894899,3783.6991634176497,265291
2019-03-26,3797.823974609375,3816.350558169413,3705.335607526168,3743.0661789866176,336761
2019-03-27,3774.943603515625,3867.093267846116,3753.7081113102818,3823.0742680871936,443206
2019-03-28,3781.716064453125,3838.8440709637007,3767.688030423646,3792.406441073011,544435
2019-04-01,3921.56103515625,4011.0502162964876,3889.1514398243803,3908.50045196281,740396
2019-04-02,3894.955810546875,3950.5842156900553,3855.870903845604,3929.784029419127,413689
2019-04-03,3871.35009765625,3941.3450011042933,3855.2903245369253,3893.9883453603825,253841
2019-04-04,3947.14990234375,3978.15674032364,3871.3502919676425,3895.3428771272456,713853
2019-04-05,4054.00439453125,4069.096716487964,3951.2127810916763,3970.4167675859735,738916
2019-04-08,4031.221435546875,4097.58863803108,4001.3754914773867,4086.511140232225,789953
2019-04-09,4027.690185546875,4038.767210545355,3973.7548191676506,4018.789451825976,262712
2019-04-10,3996.58642578125,4034.2206302764494,3985.896286105014,4032.237073206166,231779
2019-04-11,4005.39013671875,4025.5615743410185,3960.597367036103,4005.2451136197587,447838
2019-04-12,4030.8828125,4060.293215442302,4002.343020595824,4015.0167175800193,397313
2019-04-15,4087.768310546875,4096.475364837817,4022.659082415333,4043.749313853778,295636
2019-04-16,4116.55029296875,4145.525626031203,4069.1938717587695,4091.9289597895126,269121
2019-04-18,4121.291015625,4140.398163320801,4082.641178545909,4140.398163320801,210890
2019-04-22,4067.984619140625,4139.720984347387,4043.9433780257245,4097.153159315537,182038
2019-04-23,4061.59912109375,4094.782484774435,4045.926233809096,4074.90156566352,316043
2019-04-24,4251.6064453125,4287.7408176645895,3976.7054672857166,4021.0145133145206,1985862
2019-04-25,4468.65380859375,4534.053556126314,4303.70350022284,4305.6384012007975,3326400
2019-04-26,4459.8984375,4486.648348244222,4414.282770395879,4479.295630269867,1004982
2019-04-30,4466.52490234375,4497.725178334564,4406.107907152417,4457.044077199375,653730
2019-05-02,4466.0419921875,4483.166056672063,4425.215860516372,4464.78449536935,505389
2019-05-03,4417.37939453125,4477.3613311192785,4403.835086269437,4470.105451693307,411034
2019-05-06,4371.47412109375,4411.575141101298,4339.548248362095,4353.576283350247,488749
2019-05-07,4383.76025390625,4410.461983254531,4368.087366222619,4388.452483496989,625025
2019-05-08,4360.9287109375,4401.900339342829,4341.918400652883,4382.551326862202,567034
2019-05-09,4332.63037109375,4376.6980262902725,4310.282169311162,4347.722693881209,590574
2019-05-10,4289.91748046875,4361.9443608420725,4278.646776356396,4361.9443608420725,234079
2019-05-13,4197.236328125,4280.968990267577,4179.386675244278,4280.968990267577,408316
2019-05-14,4280.29150390625,4314.8296793079235,4149.443810155936,4185.191298808538,617724
2019-05-15,4201.009765625,4302.930794356039,4183.401973410051,4302.930794356039,347949
2019-05-16,4365.9111328125,4377.7142197746125,4181.3217365449445,4203.573101639932,613573
2019-05-17,4346.56103515625,4362.137081313894,4290.642590129562,4353.526867098767,513496
2019-05-20,4618.802734375,4651.1636727478135,4409.73657017573,4411.816494439003,974132
2019-05-21,4488.728515625,4633.120504623767,4467.734650547388,4633.120504623767,671297
2019-05-22,4496.08203125,4521.525795286733,4442.533541407218,4510.932493728608,608316
2019-05-23,4531.490234375,4725.028529730327,4500.870046275034,4547.017626890364,971606
2019-05-24,4643.85888671875,4660.982475835052,4508.512666529024,4565.398562652044,782474
2019-05-27,4683.47705078125,4745.297528797891,4597.373937957266,4643.763388259786,609904
2019-05-28,4617.5927734375,4706.646397617105,4598.001901998292,4690.683465333306,664517
2019-05-29,4566.2216796875,4618.609033717616,4549.920043061153,4618.609033717616,318406
2019-05-30,4604.00048828125,4615.706734821588,4553.83808103893,4565.399304469309,767519
2019-05-31,4605.162109375,4621.5119315066595,4508.320201134819,4612.80487532421,577772
2019-06-03,4607.2890625,4636.699933920659,4576.088785667497,4624.413124321376,641635
2019-06-04,4539.27734375,4626.347881034208,4522.975709791988,4607.28891891795,529891
2019-06-06,4422.40966796875,4545.904622930283,4386.420322420282,4539.761218120241,761710
2019-06-07,4424.0068359375,4497.6781090670065,4393.2416215801195,4410.6075498465225,491364
2019-06-10,4448.19287109375,4469.718647115088,4412.639061260753,4435.470990080085,436601
2019-06-11,4435.51953125,4477.361773406402,4427.344384000648,4477.361773406402,270476
2019-06-12,4420.37890625,4446.4032345332635,4388.356194917947,4426.086770667903,216496
2019-06-13,4421.4423828125,4430.391299773066,4395.22438026666,4416.411451349766,265302
2019-06-14,4355.22021484375,4425.989123246337,4334.178166824013,4410.606755033633,296894
2019-06-17,4310.283203125,4370.942555028498,4289.192965409218,4370.942555028498,282285
2019-06-18,4364.6044921875,4388.35521161974,4292.625801282349,4292.81948032621,259249
2019-06-19,4339.01611328125,4411.574911162207,4288.611840542344,4390.000950880805,314850
2019-06-20,4427.1025390625,4440.453642011418,4280.969301357804,4352.560652386161,462920
2019-06-21,4445.58056640625,4495.646135364987,4407.70496958463,4427.053981742596,643439
2019-06-24,4425.892578125,4489.260589020286,4395.563381354955,4407.220971503407,228331
2019-06-25,4446.451171875,4476.393957106933,4389.323402505761,4421.249272526191,332939
2019-06-26,4447.75732421875,4483.16611089722,4431.93941232355,4435.954710251254,444326
2019-06-27,4449.4501953125,4505.320465739726,4426.086358520527,4455.10987562558,725123
2019-06-28,4407.56005859375,4474.410991777723,4383.518815898301,4459.947415866512,268574
2019-07-01,4379.31005859375,4426.086388455349,4343.853089434867,4421.055456501258,262438
2019-07-02,4396.1923828125,4406.398797726482,4346.0781581073425,4392.225740859676,243150
2019-07-03,4412.68603515625,4430.87438502772,4392.418233913869,4401.850874753115,162479
2019-07-04,4494.146484375,4512.189342564395,4419.072227594021,4419.120411166094,407225
2019-07-05,4374.859375,4553.789535174759,4351.737402366759,4494.146305912487,671481
2019-07-08,4249.38134765625,4376.746112987413,4202.94372311527,4376.746112987413,326512
2019-07-09,4352.27001953125,4396.917768359742,4209.957947798507,4249.042855911723,376199
2019-07-10,4345.96533203125,4392.812759345256,4298.389983653518,4341.406471810415,315481
2019-07-11,4402.609375,4420.940957352225,4336.411652240174,4357.022664821072,295305
2019-07-12,4428.5546875,4480.009281101394,4384.180392983164,4407.167448278627,483370
2019-07-15,4458.76806640625,4466.527506156359,4396.013407987798,4438.399537062214,274936
2019-07-16,4462.55126953125,4476.227378560347,4431.368111765457,4452.076213967806,220077
2019-07-17,4470.35888671875,4483.54955531987,4452.851366749714,4462.550666367369,300052
2019-07-18,4463.375,4482.046150920845,4437.4293746944095,4473.607571195103,233821
2019-07-19,4386.9443359375,4568.369522105253,4355.1303531955555,4515.023381188949,913097
2019-07-22,4446.255859375,4462.502185602171,4316.3335566143915,4387.0901340103765,286422
2019-07-23,4402.94873046875,4480.979311309926,4385.538298310148,4446.256008306707,321238
2019-07-24,4309.25341796875,4416.527766275999,4296.8380303202475,4412.21138851409,225538
2019-07-25,4325.98486328125,4397.662595156599,4309.253570875769,4325.8877755620715,403568
2019-07-26,4365.21826171875,4390.873099597423,4291.988546892241,4342.376599712318,225799
2019-07-29,4237.576171875,4392.813290252928,4216.770982418769,4363.715388131579,381801
2019-07-30,4187.720703125,4274.481123213736,4171.668552516969,4220.1650481286515,379920
2019-07-31,4216.189453125,4230.88380080095,4084.376034869498,4167.69294356825,688261
2019-08-01,4104.45263671875,4204.355418595956,4054.307070356482,4167.1585114005975,384975
2019-08-02,4169.77734375,4242.376698389762,4057.5567278056615,4086.2179696372464,470125
2019-08-05,4118.5166015625,4186.8478800320645,4059.6416661817816,4152.560762758404,315872
2019-08-06,4225.9853515625,4237.624512503227,4078.5559796466173,4081.562857609373,412597
2019-08-07,4211.09619140625,4290.290875575244,4191.261408470808,4218.128183408004,714639
2019-08-08,4105.8583984375,4271.571005956405,4003.773283002234,4243.297645902358,1442600
2019-08-09,4152.60986328125,4251.882292617924,4113.182303851694,4220.165392460601,1030872
2019-08-13,4055.422119140625,4156.440218834783,4035.441469404823,4155.955253907208,413182
2019-08-14,4098.82666015625,4170.69856029879,4068.85592103568,4068.85592103568,578309
2019-08-16,4081.465576171875,4116.7226275678995,4071.7662758482725,4098.924316754359,508138
2019-08-19,4033.114013671875,4140.630840331329,4017.8376173881506,4097.953923729179,399066
2019-08-20,3911.77587890625,4051.785119622255,3902.028035930904,4050.4273124651886,725830
2019-08-21,3803.4833984375,3951.543354672863,3780.7871312099937,3914.637470898803,828459
2019-08-22,3722.736572265625,3824.7248493929555,3702.3197360963673,3786.364072207717,673651
2019-08-23,3745.675537109375,3782.144761235857,3677.1015368424064,3722.591156885037,783702
2019-08-26,3916.96533203125,3937.9159153647424,3715.8019388577163,3802.125711386648,989976
2019-08-27,4011.339599609375,4115.364589753903,3943.8323784182367,3994.1716495586616,1555781
2019-08-28,3995.9169921875,4059.1083037288718,3963.182095028854,4011.33925639766,547969
2019-08-29,3951.39794921875,4023.221553821168,3923.8520304261588,3981.562868594582,478219
2019-08-30,3930.398681640625,3994.1715765305926,3895.2872644374925,3971.863187443608,580571
2019-09-03,3768.71142578125,3892.9110052554474,3735.2002981047126,3870.263045835453,673895
2019-09-04,3759.93359375,3793.056608078788,3716.7717093383203,3780.787088465755,551384
2019-09-05,3771.86376953125,3809.351468697023,3756.0538634305435,3781.757008009216,381459
2019-09-06,3790.050048828125,3852.561990462549,3766.335307500474,3787.5766799487046,497704
2019-09-09,3788.158447265625,3840.9225409877567,3771.621094520957,3796.887816676961,478027
2019-09-11,3786.0244140625,3825.4036641484545,3774.9673075217506,3821.4754005513223,690633
2019-09-12,3881.708251953125,3914.5402390886884,3798.8277840564315,3802.1254512076544,844400
2019-09-13,3909.93310546875,3925.5490727119554,3815.7045035638603,3884.5209876040635,628375
2019-09-16,3872.784912109375,3934.035893993622,3855.471567708246,3898.8273892984625,424731
2019-09-17,3783.11474609375,3855.4716163043677,3764.3467433241553,3841.8925967752457,708722
2019-09-18,3785.44287109375,3819.5358160517535,3768.226613504,3792.523407490525,285674
2019-09-19,3750.040283203125,3810.2727921454125,3722.591217744729,3792.426175451248,277903
2019-09-20,4141.26171875,4193.929204312448,3736.8008902940664,3743.9299708390995,1753403
2019-09-23,4259.06005859375,4314.103590499161,4190.0008476271405,4228.895138459773,975156
2019-09-24,4188.158203125,4277.391772992416,4165.946898388609,4267.6924719198705,448502
2019-09-25,4149.21435546875,4209.4953987752815,4126.760574962273,4171.716443026579,488035
2019-09-26,4263.423828125,4287.090022215708,4156.149489862965,4156.149489862965,675169
2019-09-27,4262.98779296875,4286.751078237368,4204.743685249817,4204.743685249817,371737
2019-09-30,4210.70849609375,4258.04088934578,4158.13810210762,4251.785125177901,477396
2019-10-01,4085.92724609375,4277.39133493791,4030.0591829176906,4236.654274605168,362440
2019-10-03,4022.105712890625,4092.1348514349943,3990.2921969195468,4092.1348514349943,321369
2019-10-04,3859.884765625,4057.5077554082304,3847.7120974376016,4047.7118418283007,476329
2019-10-07,3754.016845703125,3888.255295077698,3737.140159014374,3878.749934050995,413509
2019-10-09,3921.960205078125,3938.885434950446,3751.688958972747,3751.688958972747,802345
2019-10-10,3856.73291015625,3957.3146091112962,3828.3624561571064,3925.791882445581,390651
2019-10-11,3954.598388671875,3976.615751421383,3845.772294433885,3866.1408236099533,624956
2019-10-14,4044.898681640625,4080.5923879650413,3929.7197368604848,3952.4645468314698,467406
2019-10-15,4080.0107421875,4092.3290432222984,4017.013596203386,4068.7594589239975,349808
2019-10-16,4156.44091796875,4168.759218640579,4099.4575293938005,4105.519592008157,323562
2019-10-17,4132.337890625,4151.299830082327,4094.122274992584,4142.570461280752,335206
2019-10-18,4166.1396484375,4231.804091136137,4127.682023190782,4140.339892357796,539285
2019-10-22,4121.5234375,4277.294293165408,4090.194887347019,4165.849428777673,999349
2019-10-23,4123.46337890625,4169.729231133585,4085.3453178726822,4147.275445485615,432380
2019-10-24,4181.90185546875,4199.797254920525,4116.140785350803,4136.751799592618,884456
2019-10-25,4070.408203125,4177.294201562756,4049.457621072304,4164.685111964208,587008
2019-10-27,4063.909423828125,4146.450557720243,4046.5477723529484,4076.615600958639,56626
2019-10-29,3993.880859375,4092.8137171192325,3958.2842397471854,4092.8137171192325,775239
2019-10-30,3998.730712890625,4080.4473176886363,3977.925524366094,4044.608213741326,616338
2019-10-31,4018.614013671875,4040.7282273972532,3968.371357410167,3998.7304494228006,763791
2019-11-01,4037.576416015625,4053.143604265678,4007.508583718109,4018.420297051885,255083
2019-11-04,4111.24267578125,4167.498618454198,4046.548152267898,4046.548152267898,875545
2019-11-05,4022.687744140625,4122.202660740828,4010.0303465865168,4122.202660740828,386308
2019-11-06,4011.29052734375,4051.300136029233,3992.279806436506,4034.9084153117465,417808
2019-11-07,4061.484619140625,4107.8958624389925,4034.9086329605593,4034.9086329605593,615076
2019-11-08,4022.5419921875,4068.710752608138,4002.173463201802,4044.6078985886734,371096
2019-11-11,4012.6484375,4054.3071175370997,3984.472162402489,4008.720410713118,275634
2019-11-13,3991.843994140625,4046.9358285827707,3981.6597291625126,4012.6487084367327,519389
2019-11-14,3883.017578125,4007.7506679808166,3873.0274887938285,4005.8108080253564,573058
2019-11-15,3954.792236328125,3970.8931680261635,3894.2687028883847,3922.251276332471,621773
2019-11-18,4002.270751953125,4020.6506413019056,3947.663645569611,3953.3375939924786,498006
2019-11-19,3976.8583984375,4005.8109036838523,3962.4065361439366,4005.8109036838523,561897
2019-11-20,3990.340087890625,4005.810659902815,3952.4645131002353,3974.7729017631323,836453
2019-11-21,3954.646728515625,3986.411933091966,3941.7951571984795,3986.411933091966,213325
2019-11-22,3958.4296875,3974.627707786901,3908.8664070463738,3961.9700740462463,222219
2019-11-25,3989.758544921875,4004.840766214968,3971.9116917504166,3994.171536757868,413582
2019-11-26,3989.17626953125,4025.0636757016737,3965.9462590706917,3991.698181981861,674879
2019-11-27,4107.314453125,4122.202975060544,3999.6522107175365,3999.6522107175365,640193
2019-11-28,4165.55810546875,4170.698544467848,4081.6591696323617,4122.153742709463,782062
2019-11-29,4131.02880859375,4207.071223128969,4112.260569051538,4172.250832105677,463936
2019-12-02,4147.66259765625,4190.097029377375,4127.051587963132,4141.600535981804,467324
2019-12-03,4085.0546875,4166.819603406711,4046.257484488764,4159.933005152483,312478
2019-12-04,4070.94140625,4104.98604230945,4038.836630095948,4083.4051008619012,271645
2019-12-05,4035.830322265625,4141.600996687722,4021.6692498991465,4075.791153109622,483794
2019-12-06,4032.8232421875,4070.0201496121967,4000.1851948596973,4054.3070953534457,227870
2019-12-09,4026.615966796875,4065.9464376741466,3997.0814097459825,4048.2935227657895,234928
2019-12-10,3917.20751953125,4040.0007466006864,3909.9815887236123,4034.908614334999,550870
2019-12-11,3880.835205078125,3941.7953984175692,3850.6219812297613,3929.1863088064893,474277
2019-12-12,3872.057373046875,3912.551947674304,3863.521942292491,3891.5528225843327,398279
2019-12-13,3959.836181640625,3968.4684636351512,3879.234906588974,3912.6974904812905,548283
2019-12-16,3939.128173828125,3962.115467242587,3910.7577216066484,3959.2542211305404,509129
2019-12-17,3995.6748046875,4020.359711778275,3931.9506900375422,3940.049463179513,447766
2019-12-18,3943.153076171875,3996.0630384616356,3928.701214811927,3989.612625493505,819336
2019-12-19,3916.431884765625,3960.8061815806623,3902.99825975326,3928.216439363992,375655
2019-12-20,3996.5478515625,4022.0568185292445,3903.967853036766,3913.6671520505215,1567317
2019-12-23,3959.1572265625,4042.668295427209,3945.8692327401777,3991.262004722401,457733
2019-12-24,3974.142333984375,3999.0209409711615,3951.057955216534,3991.261501842428,231713
2019-12-26,3940.5830078125,4000.9611487850743,3927.003988156017,3973.803109472109,362984
2019-12-27,3933.648193359375,3968.9535505556373,3923.3668406641136,3964.1039005671773,417948
2019-12-30,3930.10791015625,3967.0137948989764,3921.9605926810764,3951.3978268056844,326955
2019-12-31,3924.38525390625,3949.554889597729,3908.817830323882,3930.107746084518,276631
2020-01-01,3942.765380859375,3949.5063468813014,3923.36678119955,3937.9157309444186,163949
2020-01-02,4117.1591796875,4128.313376055989,3945.8211188860637,3947.518496594312,1458328
2020-01-03,4092.3291015625,4129.962198478357,4059.981839318283,4109.59366720357,635983
2020-01-06,4032.095947265625,4073.4633655023094,4006.780680490515,4064.9764783189903,462841
2020-01-07,4114.5400390625,4126.082111037969,4038.8367204025017,4073.2692344932043,524372
2020-01-08,4189.0791015625,4201.736497833291,4057.99269136271,4097.808599537582,1032268
2020-01-09,4256.052734375,4267.691894086144,4201.348778452348,4206.586305602638,698429
2020-01-10,4310.951171875,4329.8160270873295,4235.587417953928,4256.150124343327,735887
2020-01-13,4334.32666015625,4356.925841175241,4316.237085609929,4323.511561079389,403937
2020-01-14,4348.48681640625,4367.5463190700475,4289.709439490471,4330.737287511662,438651
2020-01-15,4370.98974609375,4389.175934430432,4277.391496787626,4317.20693567994,416924
2020-01-16,4337.86669921875,4417.934234398649,4299.942340021527,4384.083770799595,467980
2020-01-17,4351.8330078125,4386.410914258106,4278.651606930606,4306.488784685463,360682
2020-01-20,4333.30712890625,4373.850482004896,4318.127821020625,4364.684455209526,204026
2020-01-21,4348.7294921875,4384.083630371878,4306.489229834323,4321.038179935114,283173
2020-01-22,4342.32763671875,4403.481524396775,4328.796925855244,4369.533979605169,359444
2020-01-23,4390.291015625,4403.482158219568,4312.357046144714,4335.58705886376,401079
2020-01-24,4503.14208984375,4538.981189459208,4318.758319225201,4417.060810327594,2127667
2020-01-27,4536.31396484375,4611.143964046873,4483.016125876635,4485.8288279472745,1058884
2020-01-28,4470.4560546875,4573.996090933701,4446.644460615547,4529.573482620702,711517
2020-01-29,4430.833984375,4513.568815886488,4422.395404756515,4485.925813575805,595287
2020-01-30,4351.10595703125,4450.52378150644,4329.912891923398,4431.610146606282,422335
2020-01-31,4283.3076171875,4371.764941789255,4272.541300348855,4366.915292186135,451630
2020-02-03,4239.224609375,4254.937665368939,4108.769019771454,4136.751595978635,537373
2020-02-04,4339.70947265625,4363.569846311521,4247.371943596322,4262.794210079923,387466
2020-02-05,4337.3330078125,4392.425318807401,4265.364482267303,4342.37683351157,521783
2020-02-06,4330.64013671875,4383.161748763434,4308.428835595353,4345.286173675638,385744
2020-02-07,4337.3330078125,4410.271937006278,4315.849151926405,4341.794780761884,547874
2020-02-10,4281.02880859375,4357.507888656472,4258.720417181084,4352.076185592785,271700
2020-02-11,4332.1435546875,4383.598146008271,4299.699210367224,4313.957369216175,296451
2020-02-12,4319.826171875,4357.605138613272,4306.441325968556,4357.605138613272,323821
2020-02-13,4316.67333984375,4338.642158987067,4282.2408258420755,4306.440768079883,186493
2020-02-14,4301.009765625,4402.464551917729,4260.951367106657,4334.617749901476,665316
2020-02-17,4316.04296875,4330.73731306565,4268.758882745084,4310.271695993029,354909
2020-02-18,4341.115234375,4353.239357542704,4238.690547134521,4300.281092826459,510062
2020-02-19,4338.59375,4393.782669383573,4321.037923201726,4358.865191216287,384898
2020-02-20,4294.947265625,4372.444580393613,4287.09073765301,4316.188638587307,414088
2020-02-24,4262.841796875,4321.037589323805,4190.097056313994,4282.240394357935,383261
2020-02-25,4213.37548828125,4267.691562715815,4200.523917098071,4265.266737964272,402233
2020-02-26,4210.951171875,4290.87331061433,4157.168362953689,4190.340158998726,642946
2020-02-27,4191.69775390625,4233.792619822017,4146.790185801384,4202.269895843827,369157
2020-02-28,4092.716552734375,4174.723941388858,4073.705830804233,4141.600927984303,524557
2020-03-02,4017.158935546875,4186.508320550068,3955.907719073525,4127.051805946145,378937
2020-03-03,4170.60107421875,4198.826126266793,4032.5314717434226,4054.2094976070575,606056
2020-03-04,4047.323486328125,4194.947013442947,3993.201584819564,4180.446371321199,750952
2020-03-05,4079.0888671875,4102.803844807933,4026.7614285506033,4056.2955124941227,450539
2020-03-06,4042.5224609375,4067.206892931818,3889.4189302717964,3969.535235375666,585749
2020-03-09,3974.142333984375,4039.3213385065906,3874.8699149114213,3947.6146567433007,588288
2020-03-11,3873.318359375,3988.206757079971,3843.541555795636,3947.61509194309,775964
2020-03-12,3553.338623046875,3773.0277722539495,3503.8721920995868,3773.0277722539495,992092
2020-03-13,3674.967529296875,3890.874033028737,3020.3618942668545,3365.947986240486,1378933
2020-03-16,3412.261962890625,3549.94346607996,3302.6113393448813,3540.24416699231,975878
2020-03-17,3366.093505859375,3467.499734258893,3350.8171084287237,3414.153584501064,563672
2020-03-18,3204.212158203125,3431.515101645516,3172.1559257504487,3431.515101645516,790520
2020-03-19,3070.846923828125,3287.820217466019,2866.725202690098,3044.610269968533,790106
2020-03-20,3466.384521484375,3546.840169858838,3045.919854807689,3089.2271357906448,825459
2020-03-23,2962.990478515625,3191.457279240396,2946.4531262001315,3123.1743083368483,883620
2020-03-24,2927.345703125,3139.8572150004197,2878.218608636375,3006.7828720242405,1105225
2020-03-25,3131.51611328125,3191.069720952552,2822.4963185325005,2878.946197543287,874543
2020-03-26,3132.04931640625,3283.2129992912764,3058.771295477471,3132.8738516132416,931742
2020-03-27,3049.072021484375,3288.062677100191,3009.1107163232336,3288.062677100191,471310
2020-03-30,2993.10693359375,3055.2795421716373,2977.6851411006114,3022.3019217164515,507697
2020-03-31,3147.27734375,3180.448901215272,3006.7828935062817,3045.580092132169,637365
2020-04-01,3046.210693359375,3161.923394793345,3011.8752645734617,3147.4229880173525,390613
2020-04-03,2950.13916015625,3095.046606328231,2934.0382275596676,3093.1067463430677,406172
2020-04-07,3180.88525390625,3245.14311274793,2987.6267124088204,3089.1783302674335,646709
2020-04-08,3158.5283203125,3283.067467262149,3101.1085149596815,3143.542950030285,647497
2020-04-09,3264.8330078125,3287.8688459048485,3160.5169862702314,3201.739012330224,501495
2020-04-13,3361.87451171875,3522.058358595453,3191.651794490935,3246.452840208152,1107263
2020-04-15,3491.89306640625,3563.5224848900198,3425.307472887617,3452.9504752880976,1239945
2020-04-16,3432.67919921875,3458.4791939478678,3370.6519891433495,3443.251341010864,617278
2020-04-17,3427.78076171875,3554.210980306593,3405.278435718546,3544.123804209729,775287
2020-04-20,3410.806884765625,3462.64958824376,3385.1037435643757,3462.64958824376,391192
2020-04-21,3300.914306640625,3365.6571348102457,3274.5322577276247,3364.687204800214,533462
2020-04-22,3337.674560546875,3353.6784057183727,3274.4837150894473,3318.1305655571678,944451
2020-04-23,3338.69287109375,3365.6569714235175,3303.581453794957,3331.7094227203984,977203
2020-04-24,3208.47998046875,3336.559287694927,3193.7856353022644,3307.4613869301456,624104
2020-04-27,3259.594970703125,3268.6639103967955,3216.627263634977,3235.686292309706,444246
2020-04-28,3291.942138671875,3327.829545604951,3264.2991360342357,3309.400877179858,767800
2020-04-29,3331.0791015625,3349.9441922005394,3259.0618009792524,3259.0618009792524,393804
2020-04-30,3428.0234375,3458.721625409919,3342.523971129653,3365.6568949399552,854097
2020-05-04,3246.937744140625,3357.606614427784,3226.035705400364,3327.829810958031,519181
2020-05-05,3185.589599609375,3292.9122563369815,3175.550729675192,3292.9122563369815,387071
2020-05-06,3224.434814453125,3287.5773446761345,3149.5077308489854,3200.7686199826653,374625
2020-05-07,3155.036865234375,3276.4235088609944,3133.8438002160665,3223.998745499374,473677
2020-05-08,3206.39453125,3225.017139250623,3172.689464907456,3194.949310283174,421623
2020-05-11,3259.692138671875,3346.258388281773,3229.9638798841092,3254.1150413580717,483864
2020-05-12,3248.635009765625,3303.0964823589115,3177.0541312802056,3243.4457897542798,557262
2020-05-13,3440.05078125,3472.3494985263246,3346.2585949485533,3346.2585949485533,1225497
2020-05-14,3500.962158203125,3524.531503372748,3386.0254590073723,3406.3939879787713,974733
2020-05-15,3475.404296875,3519.8756784106818,3441.1659601507845,3519.8756784106818,645207
2020-05-18,3208.33447265625,3480.933344077286,3182.4373892478034,3476.6169661764498,817697
2020-05-19,3334.764892578125,3387.96565031526,3234.959185575142,3268.664254670033,1012170
2020-05-20,3422.39794921875,3491.602548310519,3331.70949569687,3346.2099016006664,1042217
2020-05-21,3464.104736328125,3482.0484399882316,3391.214596990709,3480.1085801330846,710536
2020-05-22,3529.52685546875,3557.7033703610546,3423.853025456522,3443.251626167324,1021137
2020-05-26,3672.155029296875,3731.320760091146,3547.421934902668,3554.7934977213545,1409106
2020-05-27,3615.31689453125,3693.4933452454015,3580.0115381567166,3686.7038354195824,826874
2020-05-28,3694.6572265625,3705.1325176896526,3604.3083437893474,3616.8688896504486,603406
2020-05-29,3787.431396484375,3821.5243425362564,3680.7390925049363,3694.4635077971066,1947052
2020-06-01,3700.96142578125,3836.0727065212363,3686.703503789436,3787.576212127795,742238
2020-06-02,3718.9541015625,3738.1102190576707,3656.6360990782096,3721.6214090618273,734563
2020-06-03,3739.952880859375,3802.1254867268517,3728.4593527813804,3772.979043735321,493621
2020-06-04,3689.5166015625,3754.259428523471,3619.342308726339,3715.801799063384,807841
2020-06-05,3753.1923828125,3810.3697044425576,3690.5833588911623,3697.372868355614,697747
2020-06-08,3664.589111328125,3792.425919874547,3648.5852679322347,3792.425919874547,547499
2020-06-09,3677.34423828125,3719.584500778995,3641.893249054459,3690.583688198555,478720
2020-06-10,3678.4111328125,3748.6342097876063,3666.3355511744494,3709.9824029741453,475926
2020-06-11,3593.493408203125,3705.083897278356,3577.1016866256746,3675.937454668196,475582
2020-06-12,3674.6279296875,3690.583229007583,3491.747601689172,3491.747601689172,592647
2020-06-15,3632.19384765625,3655.326535670945,3577.1017772626246,3614.395537748681,440266
2020-06-16,3666.287109375,3715.123182967893,3622.106747463546,3671.1853035731874,622734
2020-06-17,3694.6572265625,3729.380767150972,3600.3800800167514,3646.936718982485,430610
2020-06-18,3728.6533203125,3765.26817700543,3663.42552925026,3685.442892405087,348706
2020-06-19,3720.990966796875,3787.0430562364286,3698.440094802455,3743.2022685791817,556284
2020-06-22,3710.224609375,3731.7570073005772,3676.664937768962,3720.990926737443,329145
2020-06-23,3824.23974609375,3835.1029138667454,3718.371752964967,3731.32041215108,563658
2020-06-24,3706.684326171875,3895.238610401888,3691.98974560933,3863.036983990497,501886
2020-06-25,3688.013427734375,3758.478747467162,3668.0327750281135,3700.089008866374,395771
2020-06-26,3744.51171875,3757.5086855652726,3666.3352688272407,3719.6814169186423,373568
2020-06-29,3692.5234375,3724.5311268715527,3644.0269384521935,3724.4825830126424,692124
2020-06-30,3776.470947265625,3786.9462384823746,3707.072409353886,3707.072409353886,494113
2020-07-01,3781.368896484375,3815.6557772187243,3745.9664542578294,3771.087544570097,331198
2020-07-02,3797.227294921875,3828.313597871241,3765.2681497178005,3793.3961188939506,294326
2020-07-03,3772.639892578125,3840.922871122802,3758.478819596176,3807.9452505121517,257664
2020-07-06,3812.697509765625,3826.0825903092086,3787.091454046919,3802.1253681300864,254346
2020-07-07,3745.869384765625,3829.1379638670455,3711.4368722956146,3821.5239192067743,452245
2020-07-08,3672.785400390625,3768.129568323911,3663.2317318125547,3768.129568323911,635619
2020-07-09,3727.877197265625,3742.7171727740943,3653.7746442367384,3687.6736484320327,524030
2020-07-10,3684.279052734375,3729.0897707388217,3669.245137947648,3719.7300410913263,336838
2020-07-13,3673.99755859375,3722.397205121798,3664.395346819688,3705.132404672104,302963
2020-07-14,3657.509033203125,3705.908683485893,3631.418010274249,3670.9912026178713,351717
2020-07-15,3705.762939453125,3714.783335763509,3658.5759399316853,3668.469178517555,274206
2020-07-16,3701.495361328125,3718.7116188226746,3622.688548853075,3709.9337049655906,412522
2020-07-17,3746.694091796875,3752.6590664124924,3697.5669965733778,3705.132497724405,237461
2020-07-20,3748.876220703125,3773.0273809411015,3711.873252252621,3746.9363608671656,277775
2020-07-21,3747.13037109375,3836.072898912208,3734.2302555782558,3781.7568224674333,614199
2020-07-22,3746.5,3787.576630002856,3722.4942326267424,3763.3283801308785,433235
2020-07-23,3722.494140625,3773.0275868289887,3711.0006125493355,3746.4999074049533,264268
2020-07-24,3668.760009765625,3723.609595407639,3623.0279076683073,3723.5610515506237,594650
2020-07-27,3744.02685546875,3783.696897407306,3667.3052984099013,3676.1317560535967,499750
2020-07-28,4011.969970703125,4086.315009009892,3746.0149805348574,3760.4185354691076,2492211
2020-07-29,4068.014404296875,4171.540233386021,4042.7651754388216,4057.262601747547,1777725
2020-07-30,4043.30029296875,4105.766315689227,4017.0296156718464,4086.5013423748924,595214
2020-07-31,4006.0830078125,4095.3061908890054,3981.9530972233915,4047.581323034737,413669
2020-08-03,3936.271240234375,4042.7647182146325,3918.806154965703,4027.196911838836,490180
2020-08-04,3896.1357421875,3963.952955602598,3876.529892233508,3941.136435412002,600934
2020-08-05,3931.89306640625,3998.98053913388,3906.5466823899096,3925.8118916204626,569833
2020-08-06,3919.53662109375,3973.4400656249695,3892.9739990411786,3958.9910976406936,378473
2020-08-07,3896.0869140625,3962.0068462414933,3874.875729704585,3917.249401514797,348651
2020-08-10,3861.15673828125,3938.6551317117214,3854.005181993609,3938.6551317117214,590885
2020-08-11,3861.5458984375,3967.163787149925,3854.0052418799214,3886.113843996063,823622
2020-08-12,3891.611328125,3905.7196540124096,3819.950857515239,3866.119090237618,466155
2020-08-13,3937.974365234375,3964.92608522476,3898.8602952893125,3916.1792915880546,545546
2020-08-14,3901.779052734375,3980.3962886430186,3858.2378422015227,3935.736236991922,661653
2020-08-17,3926.590576171875,3940.552811829621,3877.4546808159794,3930.8716284716506,315955
2020-08-18,4056.338623046875,4067.0899507027984,3929.898638968565,3929.898638968565,1154453
2020-08-19,4086.403564453125,4102.117224933507,4059.403148658081,4072.9275862361624,618695
2020-08-20,4032.3056640625,4083.971423739539,4019.8026727943447,4066.0685389138407,350925
2020-08-21,4074.6787109375,4088.9818237127147,4028.267471188017,4074.7761047499935,490700
2020-08-24,4076.4306640625,4109.90135660742,4057.3600040371543,4103.041981169689,379052
2020-08-25,4059.646484375,4085.5765189661806,4030.1646635912607,4077.79261514343,373776
2020-08-26,3969.4501953125,4068.840819389484,3960.0609566130865,4057.359751615865,574774
2020-08-27,3937.828125,4005.353394366279,3917.0549745936437,3985.3586818366466,458012
2020-08-28,3952.8125,3978.353435343044,3936.709500874538,3952.277309083632,346506
2020-08-31,3798.39892578125,3975.920521437845,3777.9661797879303,3952.812058707305,680870
2020-09-01,3806.96142578125,3861.1083508302263,3747.4633042464056,3818.9779226709443,528801
2020-09-02,3835.2265625,3936.660556485706,3790.9069137817205,3791.928598640394,759445
2020-09-03,3842.32958984375,3872.4922176698215,3822.529189139567,3860.5244178296525,284007
2020-09-04,3810.318359375,3825.7400764756776,3775.1933979479,3807.5452485875308,438236
2020-09-07,3744.690185546875,3882.2221348928288,3717.78716226203,3818.9779146502137,704096
2020-09-08,3720.462646484375,3758.165929269931,3709.6623853003525,3750.6739696191394,456797
2020-09-09,3731.992919921875,3756.706720448553,3676.9217033346495,3708.0573197693434,332412
2020-09-10,3809.734130859375,3832.5993465598463,3721.678725715007,3733.3545805407794,433018
2020-09-11,3798.642333984375,3837.6590080810433,3773.2472535821903,3809.734301547464,348215
2020-09-14,3808.37255859375,3862.470550752287,3784.923451957859,3794.604635386205,472618
2020-09-15,3825.253662109375,3848.1188803306513,3780.2042697642337,3811.291426701796,312720
2020-09-16,3867.52978515625,3876.2382175204584,3814.161537553825,3826.7616842503526,418071
2020-09-17,3861.740478515625,3914.719624909634,3836.977982685297,3847.972794034805,447295
2020-09-18,3894.48193359375,3910.827942249894,3843.3026688584387,3876.2868676310395,440400
2020-09-21,3774.123046875,3895.454840148229,3746.0037887775998,3894.481852151144,389056
2020-09-22,3778.2578125,3837.9507142928096,3691.516037527423,3774.852354900805,508999
2020-09-23,3764.636474609375,3812.41028105498,3733.403701926844,3794.6532498218394,307971
2020-09-24,3675.75390625,3764.6362125011165,3652.499351836211,3764.490359327716,456036
2020-09-25,3754.27392578125,3775.0957724531186,3658.4833116361137,3687.6242526139526,321826
2020-09-28,3816.05908203125,3843.3027470737984,3765.609557282311,3784.923464839766,248628
2020-09-29,3952.37451171875,3967.84492535984,3836.734796940949,3853.0323453714973,772188
2020-09-30,3940.16357421875,3991.8780285697285,3914.428089315323,3977.282971130104,548775
2020-10-01,3987.0615234375,4008.710506146666,3952.3745967218465,3977.5748905649443,406483
2020-10-05,3937.828125,4002.969858920735,3922.1631613806658,4002.969858920735,312598
2020-10-06,4024.37548828125,4035.953949675902,3945.660621903967,3945.660621903967,351025
2020-10-07,4099.53857421875,4170.177589238984,4002.9695272464737,4011.3857773798663,1037715
2020-10-08,4228.60595703125,4242.227789382478,4100.171537719671,4110.874405995635,801790
2020-10-09,4182.2431640625,4256.774141649471,4160.010292716557,4222.768020205791,405756
2020-10-12,4189.9775390625,4243.200166407727,4131.695659770409,4183.847905423808,488896
2020-10-13,4264.36279296875,4402.770324153464,4222.232606201951,4327.850254549085,2369441
2020-10-14,4322.83984375,4338.553504978648,4198.443232559512,4263.48757557245,817554
2020-10-15,4264.8984375,4352.175657831271,4248.357640231247,4338.553824786415,545465
2020-10-16,4361.02978515625,4374.554223881649,4261.6876113437775,4265.531104135026,669844
2020-10-19,4392.65185546875,4426.122548684006,4344.245700973909,4378.4461352117005,636376
2020-10-20,4421.59765625,4460.663025397802,4363.850729394512,4421.743509416579,871380
2020-10-21,4504.05859375,4532.177850357954,4320.066478228707,4422.570853310438,2032618
2020-10-22,4489.9013671875,4607.6329094666235,4406.273337706278,4548.7186789661355,1812783
2020-10-23,4382.87255859375,4516.60993864927,4367.1588986553625,4495.204204342875,886850
2020-10-26,4364.240234375,4421.646525772469,4338.894087277749,4388.175833942134,727534
2020-10-27,4443.58740234375,4502.988125238289,4363.850851705646,4373.580730973663,1088244
2020-10-28,4348.57421875,4469.808594603107,4332.71470752178,4469.808594603107,509919
2020-10-29,4453.1708984375,4490.679867608241,4320.066341729037,4328.920626772103,927412
2020-10-30,4450.4951171875,4544.826484197644,4417.413528563497,4427.0949482122205,934842
2020-11-02,4427.87353515625,4465.576819601013,4397.90569523429,4428.0683227901,489146
2020-11-03,4426.6572265625,4463.095816056662,4393.08914161505,4441.787474543159,582702
2020-11-04,4409.19287109375,4486.448029500307,4379.467800243543,4427.095756717935,495599
2020-11-05,4493.1611328125,4508.972187610623,4422.2304035365105,4446.55510322593,584030
2020-11-06,4432.93359375,4493.113000176056,4417.365784816725,4463.680111411583,426088
2020-11-09,4500.31201171875,4524.296066981768,4456.2843119121935,4470.879129527627,447725
2020-11-10,4592.06494140625,4655.747190718295,4505.420557287579,4516.609918352001,1235506
2020-11-11,4693.4990234375,4724.780965705282,4596.735658096604,4603.595033020094,811311
2020-11-12,4715.197265625,4735.046125906856,4655.0178625028,4720.937799835624,668501
2020-11-13,4767.39794921875,4789.046932201579,4685.277857102243,4694.6670962764365,428529
2020-11-14,4775.6201171875,4805.587958966152,4751.1006283927345,4791.966126322797,47328
2020-11-17,4776.44580078125,4844.506490722751,4763.748499413253,4777.370329272686,708971
2020-11-18,4794.39794921875,4806.560298151318,4728.721264982876,4772.019227182823,437973
2020-11-19,4648.9365234375,4781.262887436558,4632.395727937617,4762.7761159955135,540260
2020-11-20,4731.2021484375,4740.348614819865,4640.227779300455,4678.028454436177,445562
2020-11-23,4757.42431640625,4782.235507748587,4731.980777950006,4742.343004021692,438597
2020-11-24,4741.5654296875,4780.436016200183,4711.208013294973,4767.6413186999935,372131
2020-11-25,4689.65625,4795.8577938949375,4671.363790766548,4766.668154248589,481744
2020-11-26,4703.5703125,4742.2465893426415,4662.12092456348,4691.748602143825,486664
2020-11-27,4672.2880859375,4741.808264258304,4641.152471870444,4703.618487629181,920840
2020-12-01,4777.857421875,4803.836390684559,4675.20719114334,4684.9370708335455,752883
2020-12-02,4799.84716796875,4862.2642527622265,4741.175706878542,4777.857544287141,696234
2020-12-03,4761.31689453125,4826.0205981148465,4710.429810922528,4826.0205981148465,740259
2020-12-04,4953.87109375,5058.564699376735,4826.117957180035,4855.210203864187,2996248
2020-12-07,4919.91357421875,5036.185634362949,4900.940309174299,4981.69830910709,910850
2020-12-08,5076.80810546875,5095.538124352421,4928.038336211095,4928.038336211095,1652861
2020-12-09,5005.828125,5116.943536926223,4978.146903375927,5076.8077847113145,1625022
2020-12-10,4830.20361328125,4980.725030555079,4816.290076430482,4961.265272670511,1333296
2020-12-11,4879.53466796875,4902.545738433437,4822.128377757353,4869.804788271903,974421
2020-12-14,4936.69775390625,4942.778928769401,4860.756232251931,4879.534710192627,919851
2020-12-15,5017.55322265625,5088.727199268191,4931.103144529865,4933.049120514289,1629308
2020-12-16,4974.88720703125,5083.8618534594725,4956.643683633668,5020.617639014522,630475
2020-12-17,5032.09814453125,5078.023359006542,4988.119380759466,5014.487445317772,834935
2020-12-18,5013.3203125,5073.159070232897,4976.833265101892,5001.157963367297,549221
2020-12-21,4872.578125,5049.80779687984,4734.024726708979,5015.753216361382,597997
2020-12-22,4885.66455078125,4953.579399576619,4759.079189556542,4903.811157412809,576026
2020-12-23,4897.97314453125,4937.914111991527,4845.723498767645,4864.550911631726,449498
2020-12-24,4908.48095703125,4985.93089281073,4876.274960892378,4961.265553278625,431767
2020-12-28,5003.25048828125,5020.618420276736,4918.843773560512,4918.843773560512,410405
2020-12-29,5007.72607421875,5033.023762649253,4944.335999958372,5020.618165438141,401258
2020-12-30,5210.107421875,5254.135128273962,4981.74695135571,5017.747506864253,1002535
2020-12-31,5145.30615234375,5233.702202955809,5119.084412046582,5228.837263187306,728164
2021-01-01,5147.88427734375,5204.512364107137,5136.69491630669,5173.279356976645,355623
2021-01-04,5183.30224609375,5241.340889557851,5149.101335296752,5163.599237639936,453783
2021-01-05,5196.923828125,5227.767263456232,5103.370649466556,5191.86410035929,530958
2021-01-06,5301.17919921875,5320.78481215778,5156.836336186566,5215.21561546415,701452
2021-01-07,5252.140625,5368.655934902251,5239.540240698283,5327.109158370121,742403
2021-01-08,5440.7060546875,5461.673757614242,5271.211342412369,5272.6223651543005,802681
2021-01-11,5471.79248046875,5542.869059608219,5356.250162334994,5400.083079093451,714576
2021-01-12,5486.6796875,5542.091547727035,5401.056737952207,5472.863066968057,591436
2021-01-13,5498.11181640625,5520.733786893609,5448.73267652524,5497.382075422787,423240
2021-01-14,5431.55908203125,5520.733327776152,5409.81270751417,5492.516678762138,464204
2021-01-15,5304.97314453125,5503.949165083617,5279.188965828866,5436.083260763188,589866
2021-01-18,5240.513671875,5314.265976514863,5182.572423151953,5293.055026921649,461596
2021-01-19,5341.8017578125,5385.488825989607,5248.054264712095,5254.232833812669,483417
2021-01-20,5397.26123046875,5404.217998877863,5316.308447821594,5365.05523622677,321063
2021-01-21,5393.7109375,5494.463662687508,5362.526384623201,5447.760235060627,481346
2021-01-22,5385.29345703125,5443.867521020673,5320.3465120753735,5427.326726050636,680688
2021-01-25,5223.388671875,5674.271214994332,5182.766422970709,5589.816046830033,3236487
2021-01-27,5258.853515625,5370.795578572351,5186.365920255064,5234.6746723523875,1212604
2021-01-28,5296.654296875,5322.195228650172,5195.75526397791,5205.485142749404,576548
2021-01-29,5183.35009765625,5360.871940575288,5145.160320316533,5340.7308998141925,745559
2021-02-01,5588.98876953125,5636.762574019134,5117.916737468717,5238.567246108664,1455212
2021-02-02,5958.140625,6031.552761455798,5628.735719474397,5628.735719474397,2251712
2021-02-03,5910.60986328125,6069.498599387541,5876.846992674054,5988.740602633907,952770
2021-02-04,6015.78955078125,6042.255012369718,5878.355006417768,5928.415425180145,683257
2021-02-05,6180.5166015625,6226.149639548497,5954.6860125077055,6013.0652871401335,1174059
2021-02-08,6196.13330078125,6309.827041096779,6147.338048673778,6207.51745016736,769441
2021-02-09,6246.9716796875,6304.96185597376,6199.73330520144,6251.252731608388,947676
2021-02-10,6219.48486328125,6411.017637295135,6150.354259095799,6267.112813728583,1045511
2021-02-11,6253.5400390625,6293.28669585042,6197.252585454936,6226.637014547738,390465
2021-02-12,6224.44775390625,6304.962514410488,6194.966406259854,6265.945598893998,408867
2021-02-15,6234.66357421875,6289.345687375291,6214.571467948414,6261.1774960161765,277851
2021-02-16,6283.361328125,6373.071006218709,6236.804235275122,6273.826236350876,595723
2021-02-17,6245.80419921875,6367.719394642933,6218.3172906850705,6283.361152575436,555520
2021-02-18,6154.97607421875,6316.929637537874,6130.797228031281,6316.929637537874,573974
2021-02-19,6040.7958984375,6147.970429852723,6008.2008009747215,6144.419118729615,499669
2021-02-22,6008.2978515625,6115.18067051348,5943.642613684892,6047.11997488654,528408
2021-02-23,6099.12646484375,6176.4300719045095,5965.437541325226,6018.903418860542,453805
2021-02-24,6241.279296875,6275.771907706769,6042.254813466517,6148.310493767298,378560
2021-02-25,6210.8740234375,6293.286295920799,6167.235892321686,6232.961040765095,803072
2021-02-26,5949.82080078125,6313.718262676947,5896.30646814953,6197.932706619225,1307673
2021-03-01,6193.1171875,6217.198640920482,6003.919952651545,6050.8176900153385,609302
2021-03-02,6249.59912109375,6298.978260539396,6141.597456493421,6202.798304748585,438046
2021-03-03,6324.90869140625,6358.476778453941,6257.286023295684,6275.772795872673,467421
2021-03-04,6592.529296875,6645.508688683157,6221.723913953284,6255.340462597953,1303144
2021-03-05,6626.33935546875,6756.622816337885,6509.775594203518,6509.775594203518,1828811
2021-03-08,6488.0302734375,6662.924878197432,6462.391942895217,6655.23836749895,658514
2021-03-09,6516.4892578125,6639.669624588309,6480.099604302189,6562.80357823097,483037
2021-03-10,6581.33935546875,6605.615596341931,6503.451855346806,6569.712433810576,302774
2021-03-12,6458.84033203125,6668.519250408989,6433.445249682684,6585.182921487428,673811
2021-03-15,6384.2119140625,6498.440603291627,6314.74019501745,6484.964625293481,349036
2021-03-16,6460.59130859375,6521.938006715094,6387.7630679983995,6411.990372109872,614224
2021-03-17,6344.125,6489.829952839232,6313.135237215834,6459.667324872513,443282
2021-03-18,6334.20068359375,6457.381066106314,6292.022031574999,6416.856208722362,345807
2021-03-19,6491.7763671875,6519.020032997039,6196.52294893988,6324.422420071755,654457
2021-03-22,6546.2626953125,6601.723006494547,6452.174573849413,6485.840050743182,467719
2021-03-23,6751.6611328125,6770.780252013947,6546.311730144697,6552.198592605874,890457
2021-03-24,6673.3837890625,6756.4284066190085,6655.237658593609,6704.373550663635,716392
2021-03-25,6486.4248046875,6727.14195210215,6456.74866930267,6672.070733713905,547365
2021-03-26,6553.3173828125,6601.723535486109,6505.835758769376,6548.014408211538,303751
2021-03-30,6602.30712890625,6689.292156622742,6563.776711065749,6600.750253167809,422141
2021-03-31,6555.9443359375,6671.048620178585,6532.543690727061,6671.048620178585,647600
2021-04-01,6712.498046875,6746.4067721175525,6549.376711273938,6583.236502063686,531749
2021-04-05,6612.2314453125,6805.07785067724,6553.073966873208,6708.752041810062,540954
2021-04-06,6554.67919921875,6663.994490767656,6526.02498905508,6626.339666946057,508328
2021-04-07,6577.447265625,6674.697605171467,6532.009011589476,6562.803986425882,301479
2021-04-08,6782.9423828125,6862.338296147155,6600.555597881299,6614.372217085799,635298
2021-04-09,6641.47021484375,6865.354847988763,6608.388622943245,6849.83549939872,592763
2021-04-12,6333.56787109375,6580.609424552343,6292.3132757008325,6580.609424552343,585717
2021-04-13,6426.05126953125,6476.64664933331,6328.898315412198,6373.071878913322,551188
2021-04-15,6362.66015625,6519.019515868824,6220.944550897269,6469.397128509225,490675
2021-04-16,6533.80908203125,6603.134475698544,6334.15175823273,6334.15175823273,636917
2021-04-19,6333.908203125,6391.995772819383,6241.717596381869,6324.421570768846,559506
2021-04-20,6033.3525390625,6507.927420664624,6013.065644902362,6464.532062254254,1272134
2021-04-22,5927.73388671875,6056.849568767568,5808.932446334869,6030.627355296609,1795988
2021-04-23,5903.99365234375,5988.741000183551,5833.84112416321,5929.388733569222,968454
2021-04-26,6106.37548828125,6123.0136786284775,5946.173104007355,5966.167818006195,697792
2021-04-27,6155.89990234375,6174.484066996748,6066.579799581486,6109.391268896898,512910
2021-04-28,6188.98193359375,6231.9881936003585,6110.364692554294,6188.203733223776,414435
2021-04-29,6210.0478515625,6273.145747362715,6149.673657209615,6246.583363284544,406869
2021-04-30,6109.34326171875,6250.4749826778925,6065.16922594581,6207.663510193797,475175
2021-05-03,6178.61962890625,6207.663415610498,5983.876176489744,6083.120952099817,402055
2021-05-04,6126.37060546875,6251.448025339799,6115.229702608659,6217.393444657014,330346
2021-05-05,6208.00390625,6227.123024894014,6124.375399964905,6173.560227036912,215973
2021-05-06,6232.42626953125,6256.215541438386,6143.446325539729,6227.123294813789,246632
2021-05-07,6306.81103515625,6347.773926357884,6241.6697714115735,6285.454232890131,745582
2021-05-10,6230.1396484375,6426.585833476506,6159.0141295846,6411.99101326422,872011
2021-05-11,6315.275390625,6441.131471143415,6139.942780123579,6217.392712372738,1139377
2021-05-12,6216.2744140625,6315.178548213841,6198.906483425065,6290.269960654959,392657
2021-05-14,6196.08447265625,6306.9077018025555,6087.888025840706,6244.636474879482,405281
2021-05-17,6355.89794921875,6377.206290369154,6159.986729881697,6207.565745760707,357292
2021-05-18,6473.28955078125,6489.830347769568,6385.331525344087,6402.261422537295,451024
2021-05-19,6383.96923828125,6572.534128039349,6343.930400862307,6450.910624559716,475946
2021-05-20,6396.27685546875,6453.2940436916015,6344.562641548211,6421.72039504592,256088
2021-05-21,6458.30517578125,6494.451584582095,6412.039311813574,6429.407242448966,307027
2021-05-24,6385.1357421875,6492.164411895631,6363.38936746027,6470.36957780978,288501
2021-05-25,6379.4931640625,6458.061944425083,6350.887412112934,6447.991423688424,176134
2021-05-26,6403.13623046875,6439.234178011161,6348.892152888798,6416.758061609904,248015
2021-05-27,6492.99169921875,6543.295365200401,6402.503821793605,6421.720333397332,1707144
2021-05-28,6420.2607421875,6553.073592275943,6407.709293131558,6542.370725235849,285093
2021-05-31,6526.8037109375,6539.452555338541,6410.191000421842,6454.7541372898295,328449
2021-06-01,6423.0341796875,6541.398070278149,6382.801032429668,6541.398070278149,397989
2021-06-02,6416.07763671875,6489.829936818591,6375.357994045839,6423.034405875541,567704
2021-06-03,6462.29443359375,6475.23498364456,6397.395945524115,6450.910284231921,349479
2021-06-04,6484.283203125,6504.424243099198,6436.94743585064,6450.909907516482,205504
2021-06-07,6664.626953125,6721.3524368262415,6483.01884355831,6509.241059384292,617042
2021-06-08,6610.86962890625,6708.752317564493,6543.344356145209,6708.752317564493,218632
2021-06-09,6543.10009765625,6604.252479545883,6501.504866729479,6591.992737517542,345102
2021-06-10,6528.4091796875,6581.096387617176,6500.5331670519145,6565.723366452076,198704
2021-06-11,6482.87353515625,6572.485829734367,6470.370543673795,6543.442041373347,193014
2021-06-14,6498.10009765625,6505.300113549425,6402.260783496014,6475.234880572336,160001
2021-06-15,6488.17529296875,6563.8251053352715,6480.440323897587,6498.099959997592,193128
2021-06-16,6409.46044921875,6513.278449024115,6387.665615101036,6490.36429873896,224100
2021-06-17,6523.73828125,6567.668591700577,6373.119463158606,6377.935943495893,637296
2021-06-18,6513.083984375,6546.214509335553,6405.520355863937,6528.7491854866985,367329
2021-06-21,6592.4794921875,6606.587816685576,6346.021848061245,6451.882741154943,361652
2021-06-22,6673.67626953125,6752.536757330501,6569.080058953004,6606.588556523646,542280
2021-06-23,6716.876953125,6765.866995025045,6598.804761699642,6689.000941327866,438444
2021-06-24,6773.89404296875,6789.99680444217,6702.962837210158,6713.6172459197505,278305
2021-06-25,6735.99560546875,6810.915677925935,6703.887002987099,6810.915677925935,183496
2021-06-28,6683.89208984375,6791.407255530767,6673.480929012013,6762.266077147219,127275
2021-06-29,6640.3515625,6694.157610231562,6615.832074239755,6689.292670107848,235008
2021-06-30,6592.9658203125,6680.583188144629,6567.668135641879,6617.290517111174,283145
2021-07-01,6526.07373046875,6615.831873021323,6509.289687552416,6594.231349492278,274106
2021-07-02,6538.3818359375,6565.577040032492,6504.424650432285,6565.577040032492,256489
2021-07-05,6538.33349609375,6606.5885091634345,6513.668155315849,6538.479349275151,134014
2021-07-06,6745.77392578125,6809.942671206741,6545.77644242654,6545.8738362400245,681761
2021-07-07,6738.0390625,6773.942223449078,6627.069499854531,6749.131030300851,382398
2021-07-08,6715.46630859375,6805.954199686917,6658.157405919778,6731.131511640074,365610
2021-07-09,6713.1787109375,6733.708851366142,6650.3725298256695,6703.886866203199,170542
2021-07-12,6902.1337890625,6922.761325189532,6718.579693517811,6718.579693517811,610763
2021-07-13,6936.28564453125,6966.594125912636,6889.679614042457,6917.944725592017,372867
2021-07-14,6925.77685546875,7043.41148155079,6874.160033505819,6918.236198673326,379753
2021-07-15,6995.4423828125,7024.972660691235,6909.916841144595,6941.636341805402,292170
2021-07-16,7136.42919921875,7161.191934736323,6988.632411779715,7012.324765440853,436381
2021-07-19,7114.82861328125,7185.516093645883,7049.297779074398,7107.482269118936,365109
2021-07-20,7224.1435546875,7340.220822784169,7132.001409200419,7136.185067193671,953888
2021-07-22,7257.51708984375,7342.653535126137,7093.082126955482,7311.031426878393,1163215
2021-07-23,7287.9716796875,7432.606723050051,7268.220213721732,7394.51386354326,813619
2021-07-26,7410.9580078125,7433.628438537286,7219.327828120029,7312.004936597867,369346
2021-07-27,7391.0595703125,7467.682369873088,7354.815769885429,7419.032973326683,297511
2021-07-28,7447.8818359375,7477.412114126148,7307.139229289182,7433.579198666247,289531
2021-07-29,7492.4453125,7510.396655273106,7429.736048559458,7462.81763913712,227836
2021-07-30,7413.39013671875,7521.197013840317,7386.924673877837,7511.272346502029,245105
2021-08-02,7471.90771484375,7546.948957935689,7451.619691467102,7452.352993516861,202451
2021-08-03,7668.6279296875,7692.093593833421,7439.006533177564,7478.702710506446,385216
2021-08-04,7577.4541015625,7734.869599672379,7561.614587186136,7734.869599672379,258018
2021-08-05,7488.47998046875,7655.526270579725,7474.791676548321,7577.453955951536,173662
2021-08-06,7360.0546875,7548.024443270831,7339.033362407294,7518.790230833242,250068
2021-08-09,7328.76708984375,7447.122324530995,7307.599199952629,7428.8384695263685,236944
2021-08-10,7307.74560546875,7377.21403639316,7260.667711413407,7337.908857279508,164588
2021-08-11,7286.529296875,7379.951786515262,7202.68842966598,7298.7996934732955,129339
2021-08-12,7302.41748046875,7411.23931265755,7267.365547340437,7290.977777636854,206051
2021-08-13,7294.59521484375,7361.814565292331,7266.534000492424,7346.121615941512,207505
2021-08-16,7183.08447265625,7309.506030656098,7168.809430811611,7294.595555859543,191968
2021-08-17,7244.09521484375,7261.841506384525,7135.566511427702,7212.758964866525,203995
2021-08-18,7432.2119140625,7553.011012495688,7241.113211461886,7259.690196476438,724989
2021-08-20,7326.5185546875,7455.139541608949,7270.005124328177,7427.469802248733,358744
2021-08-23,7187.33740234375,7393.9820033332435,7125.740033775166,7393.9820033332435,310220
2021-08-24,7289.3642578125,7308.283545088491,7206.599000046022,7254.8011943761285,174447
2021-08-25,7217.9892578125,7321.238272072708,7205.914123060485,7298.799040521916,146150
2021-08-26,7144.4150390625,7253.725736233574,7138.450753798495,7201.0258597077,183243
2021-08-27,7397.15966796875,7425.709273073437,7155.267874078728,7167.391705145659,497367
2021-08-30,7532.2822265625,7571.19640488241,7402.439079816918,7402.439079816918,319952
2021-08-31,7658.06884765625,7685.005284630037,7495.95992556235,7561.810543426043,475968
2021-09-01,7594.02685546875,7753.446520129802,7520.256482922871,7657.6283916338725,352822
2021-09-02,7775.6904296875,7815.973346212308,7588.258236539139,7631.034189045986,393057
2021-09-03,7753.2998046875,7850.731100218203,7696.737682410822,7816.999208698491,198454
2021-09-06,7775.54296875,7866.52110743381,7753.3481718428375,7792.359740551567,212634
2021-09-07,7847.5537109375,7880.552301530136,7735.35850292254,7775.543548726271,240683
2021-09-08,7814.94580078125,7893.555677907357,7768.356776925249,7850.242165058723,198064
2021-09-09,7762.8818359375,7805.266788652163,7724.1146975262545,7759.31319488207,159693
2021-09-13,7767.5751953125,7787.667479767039,7729.0033179608845,7787.667479767039,187063
2021-09-14,7681.5341796875,7795.5378152335725,7675.227591530397,7792.555911400925,168408
2021-09-15,7646.72705078125,7752.4691086732855,7616.56379828035,7713.359666833592,235010
2021-09-16,7592.56005859375,7694.439861286993,7557.899127130754,7683.7339387496295,216078
2021-09-17,7540.154296875,7663.153308246962,7490.191886294612,7636.119000353872,503207
2021-09-20,7407.328125,7558.046037763577,7377.653741160819,7512.923615694298,291081
2021-09-21,7423.65625,7516.834298980376,7347.197104537986,7367.240692353946,214916
2021-09-22,7455.82421875,7499.23560447247,7408.208281509809,7430.696210962595,206063
2021-09-23,7450.0556640625,7525.830208882523,7411.23935142933,7472.00555221264,201988
2021-09-24,7354.0419921875,7472.445928027701,7333.0206662775045,7463.059566092826,341258
2021-09-27,7453.18359375,7500.066225504137,7358.4897674959375,7375.649320591994,261520
2021-09-28,7419.35400390625,7614.608076861749,7381.906905534952,7460.027917569773,403030
2021-09-29,7298.35888671875,7490.777613189751,7274.35565947848,7381.906616809479,490626
2021-09-30,7231.43359375,7331.944667320205,7206.892323756192,7323.242912078941,422904
2021-10-01,7316.93603515625,7334.97545527919,7192.421737768218,7231.433308597256,366658
2021-10-04,7348.2734375,7440.4737596223395,7328.1319786077775,7329.109714695651,339796
2021-10-05,7297.82177734375,7396.4265521190755,7284.231341916745,7333.020274662128,229310
2021-10-06,7199.0703125,7371.151851954027,7182.448800166372,7331.8958462481105,279814
2021-10-07,7190.857421875,7291.906534935516,7149.157076140562,7256.75673408324,583113
2021-10-08,7172.42724609375,7240.3312058941665,7164.849791687966,7211.781122201206,234324
2021-10-11,7167.04931640625,7243.997330596147,7146.957032563567,7235.246402429147,346054
2021-10-12,7088.73291015625,7194.181838373897,7032.855390516912,7151.161452278701,407411
2021-10-13,7186.7509765625,7225.371550591907,7098.363733000017,7101.29694115415,347921
2021-10-14,7230.84716796875,7291.906977030272,7176.582815616338,7274.356423458522,599817
2021-10-18,7234.56201171875,7473.814209088355,7138.84174991798,7362.352301731464,1413642
2021-10-19,7010.46533203125,7322.265262202349,6993.745950131312,7322.265262202349,868388
2021-10-20,6970.86669921875,7147.054440431059,6934.348164041705,6941.92561806142,703897
2021-10-21,6970.28076171875,7044.979705400028,6927.260372671812,7040.5311970422135,318247
2021-10-22,6990.42138671875,7071.964473469172,6941.925585736364,6999.3675756183375,330818
2021-10-25,6990.61669921875,7015.207141678374,6850.9961886361825,6990.4214384638,245401
2021-10-26,7107.26123046875,7132.584498731353,6990.812771203451,6990.959336129202,372893
2021-10-27,7190.46630859375,7207.8698184936575,7072.94224999771,7109.118482130681,364657
2021-10-28,7280.85791015625,7333.0202228233,7190.270762485673,7211.780955139288,556897
2021-10-29,7466.041015625,7518.790065370176,7179.5156632006765,7298.79945877612,659277
2021-11-01,7601.9951171875,7637.0957434041275,7477.382475513307,7499.234970158706,469658
2021-11-02,7541.62060546875,7641.789379320449,7517.225899576119,7613.63077148924,177655
2021-11-03,7712.2353515625,7726.314655116647,7557.948317344884,7587.133833745675,388455
2021-11-04,7705.341796875,7756.281938744,7686.667420914627,7721.181311283765,32611
2021-11-08,8031.17236328125,8084.899148538726,7670.339076101863,7763.223997992198,825196
2021-11-09,7984.1923828125,8071.259584903717,7961.704454230001,8017.435407673585,253056
2021-11-10,7926.31005859375,8005.555848287324,7870.7748444442195,7963.659764968716,209152
2021-11-11,7871.41015625,7960.579869545545,7826.776603766765,7919.66152286206,125814
2021-11-12,7900.83984375,7933.153826202515,7826.7763449208,7904.9952215721005,180509
2021-11-15,7871.5576171875,7990.596987578325,7852.198633336483,7900.107702323345,119066
2021-11-16,7706.90625,7957.793406307503,7681.38724458989,7939.216422068672,277983
2021-11-17,7682.7568359375,7771.975251485794,7627.319010325883,7670.339397001225,183623
2021-11-18,7594.76025390625,7753.446618578411,7543.282070658049,7723.136802036679,196805
2021-11-22,7483.3955078125,7634.749325076042,7382.493440380289,7625.36296411696,383629
2021-11-23,7487.4541015625,7542.9406233374475,7372.814547763159,7450.348826874032,475377
2021-11-24,7408.59912109375,7595.102271130707,7381.907118107578,7557.899605691599,292766
2021-11-25,7439.39794921875,7464.4772611090075,7350.179533661542,7391.977750265057,173989
2021-11-26,7230.11328125,7429.815859118801,7206.0121843478655,7381.906795150276,265808
2021-11-29,7223.7578125,7269.418273466256,7041.067750210455,7190.759223365648,382413
2021-11-30,7268.24560546875,7351.597606526925,7183.964564167842,7222.829573458897,547664
2021-12-01,7159.56982421875,7507.790409763891,7128.6732707261635,7442.526530896661,509749
2021-12-02,7160.15625,7224.491085893678,7100.318617642427,7196.136742749692,239691
2021-12-03,7169.20068359375,7289.0220420942915,7133.708579558378,7214.1765405939295,401430
2021-12-06,7053.97412109375,7225.0779181832695,7040.676816237906,7181.324232927521,173852
2021-12-07,7136.88623046875,7173.600504576774,7073.920126072542,7122.806927220245,162646
2021-12-08,7258.66357421875,7292.68859702057,7137.473002614401,7165.827347419307,209590
2021-12-09,7268.34326171875,7347.882185206915,7225.469440261683,7310.336738798925,198582
2021-12-10,7274.7958984375,7285.941993181223,7225.7620568759185,7284.13308612747,144726
2021-12-13,7249.375,7372.031696849164,7227.522504544678,7346.708429498615,220084
2021-12-14,7221.94970703125,7292.835573039348,7173.747509109822,7244.046637986159,210516
2021-12-15,7207.234375,7250.890192014387,7166.804895828675,7250.890192014387,113049
2021-12-16,7248.6904296875,7274.356000252908,7207.674212619857,7249.71686154605,140591
2021-12-17,7173.9912109375,7245.8056324486715,7139.428148453576,7245.8056324486715,279606
2021-12-20,7001.4208984375,7108.1406868578815,6878.568466092338,7108.1406868578815,285814
2021-12-21,7164.21337890625,7210.802399947276,7020.241764886964,7076.852579094018,241099
2021-12-22,7213.0029296875,7259.68982384082,7149.645827643498,7157.027543503677,158971
2021-12-23,7177.1689453125,7269.271389658717,7137.42407257046,7269.271389658717,210152
2021-12-24,7063.94677734375,7284.133112874154,7041.55671869359,7198.092345903291,270337
2021-12-27,7083.74609375,7132.584198451233,7012.6157989676385,7058.27626163392,142927
2021-12-28,7241.2109375,7251.868164789465,7113.029647949757,7113.029647949757,185895
2021-12-29,7255.73046875,7293.910870209749,7209.5324407852,7220.580667091018,219901
2021-12-30,7232.50927734375,7328.033802683088,7215.789895459145,7255.730508458431,243710
2021-12-31,7422.04296875,7488.969191591403,7256.219318444456,7284.133491397082,258372
2022-01-03,7551.93505859375,7577.45406389095,7401.51027824338,7430.793662654351,250533
2022-01-04,7480.02294921875,7599.795613159975,7442.233547057288,7576.476513310608,315188
2022-01-05,7489.017578125,7596.0309741503,7425.9049103709,7480.169258300536,400874
2022-01-06,7292.4931640625,7528.519032969141,7259.7390057618395,7469.463392492933,403448
2022-01-07,7389.68017578125,7411.239064152878,7273.426980564491,7298.897290443465,543512
2022-01-10,7416.2744140625,7448.002139463558,7354.823608584635,7421.016529329416,213126
2022-01-11,7436.9541015625,7508.426707829511,7392.858584223889,7440.278786317882,234296
2022-01-12,7488.1875,7556.922155396952,7440.473692893594,7493.173572075276,297378
2022-01-13,7437.4423828125,7547.731295530101,7385.671545490208,7509.990588575728,274893
2022-01-14,7489.9951171875,7528.566992287367,7398.4302387958,7464.036418067761,250253
2022-01-17,7694.88037109375,7769.090439767055,7333.118042536764,7465.014536574561,1216949
2022-01-18,7387.67578125,7718.248437766871,7352.575152268415,7633.185400765893,565178
2022-01-19,7268.880859375,7430.696177091136,7189.293239678225,7430.696177091136,439305
2022-01-20,7299.2880859375,7391.243965495496,7230.3576981458455,7303.687897924201,249483
2022-01-21,7193.83935546875,7288.679749717216,7148.228065469433,7264.578652227861,207851
2022-01-24,6996.6787109375,7201.025531869018,6930.828096844285,7196.136851942426,319304
2022-01-25,6940.31201171875,6994.625052272862,6844.151586447142,6961.479899357665,467078
2022-01-27,6942.6103515625,6991.105676250008,6795.265342312605,6981.035186203165,418032
2022-01-28,6951.556640625,7104.62102586748,6936.059428995576,6962.360432842549,511605
2022-01-31,7055.73388671875,7117.477818864897,7008.020561479247,7028.846147054856,250406
2022-02-01,7348.90869140625,7367.730110639188,7074.11616156943,7101.492771362794,731348
2022-02-02,7275.33349609375,7406.350118654771,7259.689720265568,7404.101516843531,324627
2022-02-03,7211.14501953125,7318.353672233647,7187.337053385376,7294.888009156345,167162
2022-02-04,7274.01416015625,7362.254841716721,7215.838863171784,7224.491922995211,462491
2022-02-07,7303.052734375,7351.548537099176,7198.581543755408,7274.013783227632,391483
2022-02-08,7256.12109375,7332.042197984397,7192.030213080962,7309.505574351373,270604
2022-02-09,7336.9794921875,7379.853310406744,7256.218882140841,7270.444749690499,253643
2022-02-10,7308.087890625,7380.880528369056,7294.203848159578,7347.393069642197,284223
2022-02-11,7160.54736328125,7294.008325383848,7131.7041516913105,7294.008325383848,265177
2022-02-14,6931.2685546875,7081.2531655352,6893.038980603819,7081.2531655352,266661
2022-02-15,7127.98876953125,7155.512420630468,6874.510704429895,6941.925794482635,255775
2022-02-16,7019.06884765625,7157.027492202456,7007.385188947723,7122.806732335368,322839
2022-02-17,6889.07958984375,7064.143040598593,6873.484508707004,6985.924155719993,499955
2022-02-18,6762.609375,6907.558746900722,6746.378860809348,6892.061534760159,510600
2022-02-21,6661.755859375,6758.649119689703,6639.805494159144,6746.378723265806,424346
2022-02-22,6599.27783203125,6619.272724208024,6527.512105067658,6563.5417721725935,359236
2022-02-23,6629.24609375,6713.13565507333,6585.052233748745,6629.0503555778005,506540
2022-02-24,6275.55029296875,6501.113718716774,6253.79566532974,6477.403618930438,610393
2022-02-25,6423.9697265625,6508.446018489627,6374.838494301967,6404.170573263479,376464
2022-02-28,6421.67236328125,6455.013257320483,6296.766585695262,6392.43815152398,557289
2022-03-02,6256.875,6393.415737636322,6200.801744622962,6393.415737636322,686927
2022-03-03,5847.54638671875,6293.833735675214,5832.049174310145,6273.154712987103,2406110
2022-03-04,5915.59619140625,6032.631386745265,5720.537850781342,5817.28502322328,1336552
2022-03-07,5571.2373046875,5797.289569577534,5558.086565213626,5797.289569577534,1280108
2022-03-08,5703.57421875,5744.198958290958,5503.871642200054,5505.631376023215,955847
2022-03-09,5883.3798828125,5923.858058196461,5691.597059686695,5758.865106297034,813790
2022-03-10,5917.7958984375,6121.800898923698,5870.864569941036,6063.918736147327,967482
2022-03-11,5886.94873046875,5983.695903143481,5846.861552599755,5908.458923471625,533023
2022-03-14,5901.51708984375,5932.804644298003,5823.444768637583,5915.303264007194,466938
2022-03-15,5887.193359375,6034.587073126427,5839.088553375631,5960.132566272338,819263
2022-03-16,6165.505859375,6176.554563539426,5944.635374098986,5993.5221781623,888929
2022-03-17,6231.6982421875,6325.463028760988,6198.846217226163,6238.297960163253,979987
2022-03-21,6053.408203125,6228.178518700788,6038.546424486794,6228.178518700788,531422
2022-03-22,6073.3056640625,6087.2384035100295,5924.2009085714,6022.8543857388795,1073804
2022-03-23,6095.20654296875,6171.95882298528,6057.123532811763,6171.95882298528,664235
2022-03-24,6210.4326171875,6237.515618421564,6061.963307473239,6063.918779507908,642226
2022-03-25,6172.154296875,6248.368532353873,6144.141778280413,6242.8444193833575,321023
2022-03-28,6218.3525390625,6252.573300575318,6106.010285767994,6203.73519425224,325668
2022-03-29,6381.29248046875,6402.215937378264,6234.045329371382,6235.023065464446,671879
2022-03-30,6494.806640625,6520.325166420592,6396.837309664259,6396.837309664259,705385
2022-03-31,6455.30615234375,6549.853413782928,6434.48056666748,6511.7217100752805,399272
2022-04-01,6522.03662109375,6539.929476167714,6418.885474086067,6455.990745893176,216837
2022-04-04,6593.75390625,6607.980251908902,6474.567979873594,6484.345340157305,268314
2022-04-05,6576.3994140625,6664.249095999283,6531.325685463447,6619.273236489898,412049
2022-04-06,6586.1767578125,6640.783413014334,6541.054333490267,6550.831694227921,297453
2022-04-07,6586.6650390625,6645.182633346233,6546.920166686732,6546.920166686732,234000
2022-04-08,6684.78125,6697.49181841451,6573.172777442324,6647.627280788358,309692
2022-04-11,6706.046875,6764.466601740477,6648.604884271916,6682.483341619298,359038
2022-04-12,6624.69921875,6706.047048044274,6572.145906727783,6697.491857715076,385829
2022-04-13,6580.2119140625,6687.714177217357,6545.16046071968,6599.7179380434445,386535
2022-04-18,6491.77685546875,6540.956791474259,6423.775021691896,6497.545403110377,240392
2022-04-19,6439.07666015625,6613.6512453851765,6361.199599853563,6550.831702565795,353426
2022-04-20,6655.59521484375,6675.736671011631,6439.0758739169005,6440.346739695157,328054
2022-04-21,6694.06982421875,6733.668133994674,6656.426986530527,6677.937179495226,181457
2022-04-22,6593.94921875,6658.333227543989,6560.706195931371,6648.604563725658,237385
2022-04-25,6448.21728515625,6563.59012723966,6410.672320163675,6544.964448358892,227496
2022-04-26,6511.91748046875,6545.160504378416,6467.723622424778,6531.276462252082,279555
2022-04-27,6402.65576171875,6482.24337988795,6390.531452895335,6428.614462615125,327597
2022-04-28,6469.630859375,6487.278804419934,6405.1976706327905,6451.102569941631,243308
2022-04-29,6482.63427734375,6645.671759451826,6375.034618796611,6470.070273945142,1139560
2022-05-02,6530.298828125,6580.163364767368,6397.228861328726,6460.488572307718,329548
2022-05-04,6376.74560546875,6559.23993751488,6356.261844953573,6530.298855936765,228457
2022-05-05,6214.197265625,6449.049180719798,6198.846618523573,6413.94855165846,344367
2022-05-06,6062.15869140625,6159.736549270318,6022.85351484209,6159.736549270318,499910
2022-05-09,6086.01611328125,6135.196047256171,5978.856143180634,6037.520308117811,355285
2022-05-10,6224.7080078125,6280.438963927817,6062.501211506608,6072.572179496367,359456
2022-05-11,6199.04248046875,6293.198273934075,6071.692356149646,6228.130128825705,217452
2022-05-12,6047.7373046875,6159.736772014592,5942.288382084553,6159.736772014592,323730
2022-05-13,6058.58984375,6152.696934121453,6006.036533542565,6128.840271109319,319217
2022-05-16,5878.93115234375,6056.7817224284445,5691.40156822027,6056.7817224284445,685657
2022-05-17,5971.76708984375,5989.464207032002,5847.252314014356,5878.930865122466,637179
2022-05-18,6094.96240234375,6139.204960788676,5993.570977993176,6026.76530949218,371945
2022-05-19,5937.39990234375,6038.888711141274,5915.302972616899,5992.544118870905,259111
2022-05-20,5992.20166015625,6027.7424593523865,5929.186861200032,6027.7424593523865,374540
2022-05-23,5784.57958984375,6085.429162778744,5768.642683225352,6036.542360378529,528566
2022-05-24,5737.404296875,5824.9608536129645,5703.770269542538,5815.525795456636,458962
2022-05-25,5663.24267578125,5845.883570443348,5649.60306755549,5762.776010067419,571568
2022-05-26,5743.46533203125,5785.263543367903,5579.694562466585,5691.400893348752,512954
2022-05-27,5815.57373046875,5843.439206480579,5755.002794278975,5773.531082450902,290626
2022-05-30,5966.78076171875,6019.676377077325,5832.733054867518,5866.416252481252,330562
2022-05-31,5947.17724609375,6003.299198493398,5910.462971878361,5973.967117718999,431470
2022-06-01,5842.6083984375,5963.896843271523,5817.529563950574,5944.635251902435,268629
2022-06-02,5874.091796875,5889.833443226722,5774.509281760834,5833.173446492573,320094
2022-06-03,5552.416015625,5978.85546398906,5485.098798524714,5978.85546398906,2216480
2022-06-06,5457.08740234375,5607.31645656551,5450.878682711895,5553.54097180333,999722
2022-06-07,5431.52001953125,5452.149870246856,5289.552540421287,5436.212962059585,1203977
2022-06-08,5408.689453125,5488.3257707408175,5377.548463359687,5457.674126427825,605175
2022-06-09,5359.85107421875,5411.768953153805,5323.772710013092,5401.991592804837,375314
2022-06-10,5388.35205078125,5412.453626267612,5288.574278150342,5334.430003271977,493489
2022-06-13,5236.90087890625,5328.6615032096115,5218.17732892288,5310.084518152551,441354
2022-06-14,5307.73779296875,5375.592576498909,5205.466510964021,5230.887647193372,610906
2022-06-15,5332.71923828125,5351.6872230821145,5280.752660204713,5319.764234995245,286759
2022-06-16,5187.13427734375,5363.860071722881,5159.561929248324,5357.993655311955,732233
2022-06-17,5062.0322265625,5184.885132636829,5042.233073248048,5182.000620572643,819352
2022-06-20,5214.5595703125,5228.394917575821,5046.877834978104,5063.695086278924,506142
2022-06-21,5298.25341796875,5312.039590798518,5144.895433692915,5235.776184194011,292408
2022-06-22,5289.50341796875,5307.151362985124,5201.555867922045,5279.774753153955,214821
2022-06-23,5289.84521484375,5376.472725248171,5238.7585057049855,5307.1513340711,296712
2022-06-24,5346.55419921875,5387.325986121357,5314.191515785646,5328.661819303339,265862
2022-06-27,5436.45703125,5457.722790960388,5365.864295408219,5387.3257932984125,226613
2022-06-28,5448.6787109375,5460.65597785401,5357.993689998206,5436.212575983581,278114
2022-06-29,5493.2138671875,5522.252816766638,5398.178216347873,5418.6128028542325,490615
2022-06-30,5482.458984375,5523.230767301622,5411.768861216938,5503.676046935888,572821
2022-07-01,5564.98046875,5572.851052991257,5362.882236178262,5475.321881968691,329610
2022-07-04,5581.94384765625,5617.093649884615,5506.7073444838015,5553.442937064459,165959
2022-07-05,5602.37890625,5634.692891943698,5573.437823504119,5583.361748992624,307970
2022-07-06,5698.29443359375,5714.769381629179,5600.716566111024,5621.982325341663,371948
2022-07-07,5708.85400390625,5741.217161355766,5642.758954073707,5724.6443450035185,261593
2022-07-08,5709.0986328125,5826.280393225614,5676.3444753223785,5720.733596259792,410980
2022-07-11,5723.9111328125,5738.332739202556,5651.900969946899,5690.423673906777,189671
2022-07-12,5650.18994140625,5706.605023780904,5602.42744095205,5693.454760649204,171919
2022-07-13,5669.84228515625,5753.976275760447,5641.878940483609,5653.269469234818,263686
2022-07-14,5607.3642578125,5721.661970027514,5555.73999164097,5670.868397468895,285686
2022-07-15,5677.76171875,5702.1564232187475,5574.073005619012,5592.649989851035,255753
2022-07-18,5849.20751953125,5857.616144280648,5682.014670145172,5702.1561264304355,512929
2022-07-19,5950.3544921875,5960.229720873061,5849.451950074467,5861.429215593605,555572
2022-07-20,5953.4345703125,6008.18778692237,5941.701738181813,5974.944762552092,371187
2022-07-21,5994.20654296875,6012.245486495483,5901.614748837856,5988.633256565916,328612
2022-07-22,6314.9033203125,6350.394944047282,5963.260206802165,5994.499061116841,1441549
2022-07-25,6240.791015625,6303.268250510002,6120.676052606347,6207.64586072452,919050
2022-07-26,6257.16845703125,6318.17909146051,6166.777045075127,6247.244531542138,549442
2022-07-27,6389.84716796875,6405.148641137886,6224.169609085158,6248.026272394724,424070
2022-07-28,6327.17431640625,6413.9483895113,6301.508745487855,6413.9483895113,462464
2022-07-29,6399.08642578125,6430.814150163201,6345.506683577357,6394.1003540751335,360851
2022-08-01,6509.42431640625,6515.633035804456,6413.997182464653,6441.276400181955,414339
2022-08-02,6540.54736328125,6582.536547059425,6485.185020594101,6517.488123133201,274658
2022-08-03,6492.7568359375,6583.519731436816,6405.582587113113,6554.019269608122,266360
2022-08-04,6478.35009765625,6574.030212583066,6440.933872336022,6537.302043250364,275815
2022-08-05,6662.384765625,6685.78827424524,6478.350659556308,6478.350659556308,741250
2022-08-08,6566.6552734375,6662.384366303546,6536.318869730029,6642.520530318391,313912
2022-08-10,6485.82373046875,6629.83533905217,6470.97506912963,6612.3808996989055,271291
2022-08-11,6487.25,6544.136820036858,6464.141304854665,6519.700508076428,303393
2022-08-12,6450.0791015625,6500.082480272313,6406.516945093612,6485.184843114715,269932
2022-08-16,6545.1689453125,6567.785965405978,6450.816445514416,6482.333059430767,270299
2022-08-17,6499.78759765625,6611.790920226405,6484.250399874105,6598.2698753997665,341063
2022-08-18,6592.32080078125,6598.5157056168055,6499.050079263564,6499.050079263564,300992
2022-08-19,6536.85986328125,6669.956214095568,6496.00191432728,6613.020416871172,641293
2022-08-22,6359.80810546875,6555.838776810104,6337.731733745859,6544.185997973642,345960
2022-08-23,6387.2431640625,6470.4345615989205,6298.446966926386,6337.68248472721,379309
2022-08-24,6399.97802734375,6424.90601455351,6344.664659341663,6344.664659341663,223101
2022-08-25,6367.23193359375,6496.001640461562,6347.12274037214,6421.2671377859515,470687
2022-08-26,6408.630859375,6460.600933999034,6363.249413075761,6399.09266511235,415698
2022-08-29,6397.96142578125,6470.434416703402,6295.398348895924,6295.398348895924,366457
2022-08-30,6566.6552734375,6578.602864223543,6416.350327213546,6429.969802865442,467147
2022-09-01,6522.060546875,6647.437511779118,6495.018456405484,6518.618826269789,386222
2022-09-02,6467.97607421875,6555.64151479318,6436.017241468905,6529.435367968454,268505
2022-09-05,6413.3515625,6509.621308950403,6388.226713884744,6465.518021548925,385312
2022-09-06,6387.341796875,6446.834396168501,6348.54849668034,6431.1008161900545,341220
2022-09-07,6658.05712890625,6684.804405377584,6323.91543556682,6352.432547622711,918604
2022-09-08,6804.4287109375,6823.456604242772,6667.104161516932,6730.038478085824,879685
2022-09-09,6670.693359375,6911.958060637382,6651.518059590901,6814.606538656574,567059
2022-09-12,6755.21240234375,6785.106107133437,6627.770313344836,6670.693388557641,488043
2022-09-13,6781.4677734375,6853.547524699652,6740.855662237349,6784.123007115313,412295
2022-09-14,6761.259765625,6848.433531096895,6647.535585482433,6676.937615328328,543948
2022-09-15,6676.98681640625,6809.6899188711195,6645.6180881169785,6793.956339275172,437578
2022-09-16,6373.47607421875,6705.2088493048805,6343.582370209464,6676.986549970522,831639
2022-09-19,6352.28515625,6403.517719231771,6140.619349890359,6288.514897421142,808807
2022-09-20,6376.67236328125,6454.062101816352,6350.417239797661,6384.58860879384,373825
2022-09-21,6208.61767578125,6424.167896672462,6191.703886568171,6391.766365880519,616165
2022-09-22,6135.505859375,6258.867147390928,6126.262477509707,6195.096887369367,492098
2022-09-23,6037.71240234375,6179.314623580212,6025.1252501433855,6155.76322875176,570526
2022-09-26,6074.24365234375,6136.096192614148,5905.009236642301,6018.045367379045,497458
2022-09-27,6089.7314453125,6169.481125528737,6025.961182396187,6104.629082949662,467962
2022-09-28,6070.16259765625,6173.11891926877,6010.276277232792,6047.594552752756,378895
2022-09-29,6073.0634765625,6158.565842822019,6042.6780960802225,6114.462555154894,407574
2022-09-30,6150.94482421875,6219.680805389665,6069.228447567591,6069.425309376679,442887
2022-10-03,6138.60302734375,6249.475589515908,6125.475706763673,6181.7229624093625,337932
2022-10-04,6202.52099609375,6275.584093718775,6175.57733732918,6243.182561494758,307268
2022-10-06,6182.55908203125,6260.833734175704,6153.304458357874,6234.430725687403,495617
2022-10-07,6100.20361328125,6202.177064743051,6031.270773914114,6195.096762097505,454883
2022-10-10,6047.49658203125,6070.4578721349235,6018.094549461909,6053.691967452042,282642
2022-10-11,5975.564453125,6101.67892897365,5959.683467011247,6077.734291135198,276525
2022-10-12,6074.83349609375,6086.928493123183,5956.929602065978,5983.6768789425805,223353
2022-10-13,6078.81591796875,6112.495611452056,5999.410509245335,6069.228267999049,314360
2022-10-14,6088.8955078125,6155.7632233375725,6066.278486384902,6155.7632233375725,249291
2022-10-17,6167.0712890625,6177.199588475915,5980.923574717699,6067.261397355597,453912
2022-10-18,6241.068359375,6336.699020413991,6185.50915784592,6200.013551165458,558284
2022-10-19,6291.8583984375,6338.665893870103,6146.027974292255,6242.3961495326,919146
2022-10-20,6197.3583984375,6306.215292966435,6172.4798680727135,6234.430836957305,476962
2022-10-21,6256.94970703125,6314.082365817043,6210.43750290667,6210.43750290667,307899
2022-10-24,6288.1220703125,6336.6994029768,6264.275862906822,6332.766007940812,56532
2022-10-25,6308.87060546875,6366.1996440616485,6280.845166813242,6313.098812924897,313500
2022-10-27,6329.61865234375,6366.199415652461,6265.8978493261475,6366.199415652461,248556
2022-10-28,6338.51806640625,6362.265840553754,6299.823200542137,6334.7320780289465,151834
2022-10-31,6603.13720703125,6618.821329902751,6347.269696331893,6370.230983331376,538107
2022-11-01,6707.3232421875,6735.9387861999,6606.333615921345,6631.654845665089,429855
2022-11-02,6667.005859375,6760.522418237791,6613.069086306257,6711.403957844261,255634
2022-11-03,6616.21630859375,6671.038002080779,6558.985218579273,6617.986144305223,217701
2022-11-04,6778.27197265625,6844.107364146092,6623.640380269472,6646.454263543597,646411
2022-11-07,6857.38232421875,6901.141342420189,6753.639033876013,6809.6899111227995,353341
2022-11-09,6788.54833984375,6942.442424755106,6743.805970109139,6883.4414976325415,312745
2022-11-10,6688.04931640625,6780.189281589815,6676.93766816459,6780.189281589815,330402
2022-11-11,6699.751953125,6812.443336722646,6674.430722594938,6726.0565324135105,293195
2022-11-14,6740.265625,6782.648052463451,6705.848418499642,6731.022242712913,484476
2022-11-15,6848.58154296875,6883.441449225493,6752.705037068823,6765.439595810199,625270
2022-11-16,6796.90673828125,6917.85863770379,6754.425879106685,6870.608921087243,307352
2022-11-17,6757.4248046875,6843.71365240459,6736.036970637965,6817.556481169036,196795
2022-11-18,6700.98046875,6823.554783198968,6649.403639468461,6785.105754559653,296995
2022-11-21,6642.37353515625,6761.358736327891,6628.311359654596,6696.408261978036,249498
2022-11-22,6729.1044921875,6801.82332453249,6628.311245004534,6642.619257451205,393509
2022-11-23,6710.42041015625,6789.531004023139,6688.098683069435,6762.6857769495555,258946
2022-11-24,6745.96923828125,6775.272838760144,6717.25526292751,6730.923714424031,297230
2022-11-25,6759.5390625,6827.390123790733,6735.938693355397,6789.039523930754,377893
2022-11-28,6777.5341796875,6809.591443937108,6748.722254299019,6759.5390902012905,239438
2022-11-29,6813.52490234375,6888.357836541033,6780.189476509696,6785.106220147484,336266
2022-11-30,6959.1591796875,6976.859457380643,6790.072168219641,6832.307189553307,489956
2022-12-01,7152.87890625,7177.462625339394,6917.9075271332695,6981.77622138782,1086727
2022-12-02,7116.5439453125,7177.462593001859,7039.793766721511,7153.862222782371,442739
2022-12-05,7078.734375,7163.69561057641,7038.318645532006,7139.1118919402525,235887
2022-12-06,7121.46044921875,7152.583820517905,7021.109903788624,7065.409571835564,312838
2022-12-07,7042.9404296875,7173.430517394033,7027.009988283487,7134.194999299845,324940
2022-12-08,7059.50927734375,7099.3843551325945,7034.876584522537,7079.127275926439,262827
2022-12-09,6959.5517578125,7102.82585061386,6922.774613707324,7081.290610842841,211582
2022-12-12,7027.84619140625,7044.661551256258,6854.088273207442,6970.959369529394,260579
2022-12-13,7104.98974609375,7122.395211555208,7036.057380755577,7060.395263053794,285708
2022-12-14,7077.70166015625,7157.746633167582,7055.527337726557,7125.246668629479,226179
2022-12-15,6995.4443359375,7097.368334338458,6969.975700218824,7077.701360015042,241610
2022-12-16,6897.306640625,7045.4970108186335,6876.705292021552,6989.69196863136,285180
2022-12-19,6958.17529296875,6995.935786431256,6893.274279778256,6925.527924576271,251219
2022-12-20,6979.8095703125,7006.408962483942,6888.948239983556,6971.942780151539,488123
2022-12-21,6834.9619140625,7034.187974023472,6810.673009421685,7011.767816009432,388167
2022-12-22,6895.63427734375,6973.908929320585,6745.772032591542,6864.757224420052,338708
2022-12-23,6794.349609375,6868.690869287488,6760.620940044238,6854.875011710923,289661
2022-12-26,6956.20849609375,6986.593873986323,6750.0495433246215,6795.922662779743,328414
2022-12-27,6988.85595703125,7046.627692200099,6923.758082108359,6981.77565444814,295144
2022-12-28,6936.3447265625,7038.318176733479,6909.302637863909,6988.068963157952,260015
2022-12-29,6865.9375,6918.251362862325,6790.0227881360715,6912.990351275838,449116
2022-12-30,6843.17236328125,6935.607138171803,6834.519087053911,6883.44068333907,232317
2023-01-02,6901.09228515625,6922.7259568193585,6834.371979019653,6863.67557857575,212580
2023-01-03,6877.1474609375,6921.791395216036,6844.155824458161,6912.8922816751465,188315
2023-01-04,6888.70166015625,6944.408265947964,6867.559663877875,6883.440648773117,319221
2023-01-05,6890.32421875,6924.938284436663,6829.3566004308195,6898.1420328367,236570
2023-01-06,6865.9375,6912.842945000667,6835.256828433574,6890.324355752274,160184
2023-01-09,6917.7109375,6946.375457066322,6886.292753387992,6922.775087450016,298470
2023-01-10,6805.06787109375,6932.559415191207,6774.436654873381,6932.559415191207,263888
2023-01-11,6905.02587890625,6915.8916904261005,6806.739980254439,6832.307047501855,295408
2023-01-12,7034.2373046875,7047.610942629858,6907.975431487618,6907.975431487618,566492
2023-01-13,7128.19677734375,7137.145347148918,7019.143495170704,7055.527399530653,462134
2023-01-16,7163.54833984375,7212.617347139856,7129.524376577354,7148.945514667406,440500
2023-01-17,7254.802734375,7265.963838602218,7141.9144911028425,7158.778825960772,385734
2023-01-18,7162.17138671875,7260.063559187386,7148.945154448367,7250.23007204234,447736
2023-01-19,7092.25537109375,7139.111842459355,7066.39301117731,7139.111842459355,412001
2023-01-20,7057.64111328125,7144.028393672601,7030.943291776889,7092.255180008755,353292
2023-01-23,6735.69287109375,7065.311552936976,6716.271733942161,7006.3596053203355,998103
2023-01-24,6696.3095703125,6782.794796975627,6669.6607255635245,6767.405486457809,444188
2023-01-25,6593.45166015625,6717.1077628525345,6560.902721189743,6692.622475525725,509299
2023-01-27,6603.7763671875,6685.787549526308,6494.13299143045,6621.869886528924,635582
2023-01-30,6773.01123046875,6788.990647309515,6531.94290551655,6634.653872285642,699269
2023-01-31,6967.56640625,6980.792638737263,6777.780101238549,6809.689959607767,593220
2023-02-01,7022.48681640625,7118.461752475302,6865.347874878277,6967.026041758188,648015
2023-02-02,7048.29931640625,7188.279101924629,6888.406719422211,6981.775871910379,647192
2023-02-03,7069.49072265625,7104.694414337587,7012.259635798107,7065.311490647816,364197
2023-02-06,7008.57177734375,7087.73134492959,6994.362197064639,7037.137864020962,314446
2023-02-07,6954.04541015625,7085.027654058407,6934.722703493513,7035.811241804256,295067
2023-02-08,7129.62255859375,7172.299797433678,6995.54286326556,6995.54286326556,559696
2023-02-09,7060.1982421875,7129.27849240703,7040.777104225425,7129.27849240703,334529
2023-02-10,7086.06005859375,7106.562976034541,7028.042482419759,7055.527272006554,407822
2023-02-13,7059.70654296875,7129.278467322274,7035.8603356815,7094.861260928305,323236
2023-02-14,7020.3232421875,7109.512681327918,7006.900148290715,7095.008287980011,328419
2023-02-15,7032.7626953125,7057.493819787807,6930.2975658101095,7019.1432194016115,404971
2023-02-16,7052.33154296875,7074.014191292235,6989.64305886595,7067.966692385413,264069
2023-02-17,7176.33154296875,7270.191890080493,7056.510405562104,7056.510405562104,1063293
2023-02-20,7303.18359375,7367.248667324253,7179.429060348954,7179.429060348954,713498
2023-02-21,7218.3203125,7360.3652283049405,7199.096036929923,7320.834417383205,399493
2023-02-22,7085.765625,7209.766004874656,7072.244578982063,7204.996667158172,402548
2023-02-23,7057.44482421875,7145.011836123049,7023.1750251210415,7121.214604916841,286748
2023-02-24,7096.53271484375,7121.214382952282,7046.578313078447,7092.746726340213,206602
2023-02-27,7066.98291015625,7114.527916311297,7017.61909300843,7099.777685662414,295092
2023-02-28,7140.3896484375,7162.662880379722,7042.940177409096,7062.459264779002,429256
2023-03-01,7153.02587890625,7221.71288190825,7099.777642616771,7106.661083544515,317216
2023-03-02,7167.82568359375,7207.946119319021,7132.0808615830765,7153.025997263775,180178
2023-03-03,7095.79541015625,7227.613114420867,7068.556458467455,7207.946139959858,408754
2023-03-06,7080.701171875,7134.686922727591,7071.260927756062,7123.378411996234,154817
2023-03-08,7146.2412109375,7162.171652764522,7067.6222862321865,7094.812263318828,237790
2023-03-09,7122.34521484375,7179.674248420575,7087.092070115664,7145.994557544574,158808
2023-03-10,7106.0712890625,7122.345998915281,7017.569901835342,7080.110978172685,154319
2023-03-13,6957.78271484375,7137.145436054762,6937.328772155611,7104.694926356525,176576
2023-03-14,6946.32666015625,6996.526422257045,6874.591176106676,6962.109215682344,210976
2023-03-15,6982.51318359375,7068.310356465426,6964.272257524875,7007.34273792051,265536
2023-03-16,6986.2998046875,7030.746881238441,6958.224909063586,7016.783616720321,459814
2023-03-17,7168.5634765625,7187.197647452052,7039.941170815833,7039.941170815833,383505
2023-03-20,7122.59130859375,7163.104985877901,6979.808889048281,7153.861604371125,520041
2023-03-21,7230.3173828125,7237.446661113189,7116.593198087522,7122.394859571036,350524
2023-03-22,7273.486328125,7325.063161360283,7230.5632518522325,7237.446693000466,381601
2023-03-23,7284.5986328125,7340.698487464837,7235.922869231856,7248.263704099573,232908
2023-03-24,7282.33642578125,7307.461273921428,7205.536793943512,7280.713996407014,228994
2023-03-27,7326.14501953125,7358.841365335847,7269.356629449581,7283.664161643622,251626
2023-03-28,7279.8291015625,7386.817251656423,7245.65773308953,7359.381918034893,249783
2023-03-29,7444.6875,7473.450450747944,7276.7807020440505,7296.250815105434,445346
2023-03-31,7495.2314453125,7517.012523706986,7421.38185947241,7448.965079509182,378456
2023-04-03,7513.27587890625,7608.169030180964,7453.881712376889,7543.169583899432,360584
2023-04-05,7563.86962890625,7571.441126210098,7448.866800240257,7448.866800240257,233489
2023-04-06,7573.6044921875,7601.285662833777,7541.1539841831645,7561.951713737612,227682
2023-04-10,7568.09716796875,7642.5858293913425,7540.317568164284,7573.604016526504,226983
2023-04-11,7612.54541015625,7664.171219784942,7586.535643530634,7586.535643530634,354799
2023-04-12,7554.92041015625,7664.219518576944,7547.20102708212,7620.9521771839,264416
2023-04-13,7527.7802734375,7619.969215749608,7501.426719855509,7576.750847533396,292568
2023-04-17,7613.52880859375,7693.720708013313,7517.750255127473,7527.780604552519,488286
2023-04-18,7468.828125,7649.469471701184,7443.949595163642,7649.469471701184,437232
2023-04-19,7390.75048828125,7506.884067195308,7353.97334248364,7478.366954548115,341302
2023-04-20,7351.31787109375,7473.449969230142,7321.6210290432955,7446.506311423852,263429
2023-04-21,7235.9716796875,7392.275153460966,7217.042216504245,7375.164501320176,388408
2023-04-24,7316.6552734375,7333.814901006323,7186.8532397913705,7227.613237114036,513771
2023-04-25,7315.328125,7382.4416763796025,7301.659193418938,7331.749760836866,285446
2023-04-26,7332.73291015625,7355.448361420195,7178.445593364629,7339.7147820374785,230254
2023-04-27,7376.00048828125,7382.9823603847535,7313.066168746804,7334.798271991193,205177
2023-04-28,7430.37939453125,7452.799552093305,7365.28152067276,7386.915191360985,457487
2023-05-02,7332.4384765625,7455.750315317472,7316.114791079133,7419.858085495645,544731
2023-05-03,7382.19580078125,7416.416144630943,7310.657180452173,7398.715867436119,384431
2023-05-04,7377.328125,7403.632703938818,7360.414334519224,7389.571008940237,232203
2023-05-05,7501.7705078125,7541.202887434419,7380.523802943487,7394.782359354476,319654
2023-05-08,7606.64501953125,7624.885946158242,7493.117218174595,7502.950705337554,295156
2023-05-09,7587.7646484375,7692.737125511299,7559.493372410599,7629.753831327319,289797
2023-05-10,7614.26611328125,7645.536410979038,7593.418928048892,7630.786179961072,234884
2023-05-11,7704.97998046875,7724.990742956722,7621.051070529934,7660.286588734768,320219
2023-05-12,7574.68603515625,7788.1216777104855,7563.721313067676,7709.404806601495,246799
2023-05-15,7631.72021484375,7645.536071890862,7588.010173472134,7600.203601209377,183594
2023-05-16,7570.5068359375,7675.380878861917,7557.0347666744165,7640.61940625377,250490
2023-05-17,7572.22802734375,7630.737277608263,7525.56793738343,7588.502256995679,205629
2023-05-18,7477.53076171875,7638.505132538466,7460.174753563776,7615.838657396079,157714
2023-05-19,7553.396484375,7561.115868014021,7458.7986236790375,7509.834327254031,138709
2023-05-22,7587.17431640625,7609.152255925663,7522.617570151372,7527.5343136612755,139603
2023-05-23,7526.79736328125,7623.312949546037,7498.329224176229,7547.201850368566,149291
2023-05-24,7526.3544921875,7556.002841205292,7463.666009195941,7522.61795898713,160565
2023-05-25,7494.83837890625,7540.416689764008,7467.845263501442,7517.012701287424,257361
2023-05-26,7593.27099609375,7620.952165024308,7506.785288818768,7542.2842717079275,252078
2023-05-29,7709.99462890625,7726.859443606278,7606.20236337709,7620.952594204583,210769
2023-05-30,7770.373046875,7837.289738972418,7710.044503481488,7734.038117568139,414785
2023-05-31,7739.00341796875,7795.448018735448,7650.305651329605,7763.538160644383,1137662
2023-06-01,7712.20703125,7767.274558728117,7679.75652398611,7739.9376567903455,184642
2023-06-02,7719.92626953125,7815.114710473532,7696.129519408724,7730.1040244665255,248325
2023-06-05,7750.75439453125,7793.038388310093,7734.037466758218,7765.504624919218,186015
2023-06-06,7974.51513671875,7984.791322537724,7756.654427608075,7756.654427608075,635244
2023-06-07,8021.765625,8035.827319654456,7947.9650153751345,7999.640278770494,298650
2023-06-08,7965.27197265625,8077.1773441607675,7951.357684413031,8033.958976212523,349085
2023-06-09,8017.48828125,8080.865300922185,7973.188611651419,8022.159187862203,325814
2023-06-12,8062.08203125,8068.375846865997,7967.43520180159,8024.616830999387,195134
2023-06-13,8138.4892578125,8179.789906277957,8075.014286576493,8075.751798156233,249199
2023-06-14,8219.1240234375,8227.630374616501,8138.93212143875,8170.596144629678,289643
2023-06-15,8194.44140625,8287.66266898561,8170.644176151095,8240.46193238009,406197
2023-06-16,8194.4912109375,8291.744789281465,8167.547070277756,8225.663559285778,356982
2023-06-19,8130.9169921875,8275.469256696279,8115.479185239668,8218.828753499154,187488
2023-06-20,8106.18603515625,8153.337797393647,8035.23704231245,8130.327053687154,343189
2023-06-21,8104.3173828125,8213.568000862739,8090.0098511176275,8114.98729251528,373929
2023-06-22,8026.82958984375,8141.143876060936,8010.063686592189,8139.177178663652,226654
2023-06-23,7945.65478515625,8029.091542718299,7925.790948287584,8027.2727316460605,198255
2023-06-26,8031.107421875,8132.2939090664895,7925.790678001923,7925.790678001923,241856
2023-06-27,8071.81787109375,8092.074470361665,8032.631329042639,8048.660201076411,236562
2023-06-28,8123.10009765625,8180.281250315346,8045.759335663501,8064.540912348472,282115
2023-06-30,8156.6318359375,8180.478042516539,8099.54863451684,8161.7944167432715,225746
2023-07-03,8322.8671875,8357.481256513984,8224.040635402147,8243.412798371188,373703
2023-07-04,8271.634765625,8356.497569593877,8244.395813541429,8356.497569593877,206677
2023-07-05,8237.708984375,8311.263275634328,8203.832429341965,8289.580628694654,195350
2023-07-06,8270.1591796875,8338.747749446482,8240.461857781745,8274.879061245036,275687
2023-07-07,8197.63671875,8306.739439181012,8186.966810141751,8277.779630532019,354695
2023-07-10,8212.2900390625,8294.00690472559,8197.19601832694,8210.96290223488,173234
2023-07-11,8187.26318359375,8302.707742792618,8166.759787373123,8255.507006010443,300378
2023-07-12,8083.61865234375,8233.923129364273,8016.7509352511925,8224.729202384664,508967
2023-07-13,8096.89306640625,8210.96151378336,8069.8509775884,8130.326921671955,272841
2023-07-14,8046.2998046875,8160.810954165871,8012.325298776181,8160.810954165871,249245
2023-07-17,8113.60986328125,8122.4600012971905,8053.576619133401,8070.342521869981,202735
2023-07-18,8039.85888671875,8113.610038443787,8021.175261615073,8088.04297251244,280527
2023-07-19,8190.50830078125,8217.697316542703,8027.813063988221,8030.025598594741,150429
2023-07-20,8087.2080078125,8210.913088523297,8029.042545119473,8210.913088523297,307197
2023-07-21,7984.00537109375,8175.069841350695,7937.591117986746,8106.727103156929,656733
2023-07-24,8082.97900390625,8106.875147261262,7953.71809616514,8063.459914940087,482809
2023-07-25,8253.541015625,8274.879875933404,8107.415772940656,8107.415772940656,583167
2023-07-26,8213.2724609375,8317.75326451822,8201.128488124248,8275.765041579218,191345
2023-07-27,8187.48974609375,8288.792852822291,8154.643966338359,8250.464737354087,216816
2023-07-28,8205.765625,8240.24173487326,8125.009452026966,8194.158468639962,204996
2023-07-31,8217.02734375,8307.760345235252,8200.628569723933,8227.745055346542,240038
2023-08-01,8181.11767578125,8266.269932314635,8170.053641633573,8245.525230046638,217562
2023-08-02,8186.947265625,8213.91518870031,8113.550717911215,8167.486564061836,134414
2023-08-03,8037.23876953125,8184.377695734788,7981.771481263542,8184.377695734788,390602
2023-08-04,8058.9716796875,8131.775423045473,8049.686051489084,8078.580460693693,248048
2023-08-07,8076.0615234375,8149.705028667549,8060.799155627539,8088.754920545361,195297
2023-08-08,8057.6875,8129.898921821125,8038.07871942372,8076.061476791188,166007
2023-08-09,8012.64208984375,8074.580043180456,7987.699052362652,8060.799439435968,222338
2023-08-10,8003.7021484375,8105.252220985981,7977.82046760302,8035.115364472878,296178
2023-08-11,8034.078125,8055.859870768278,7946.950177236432,8026.224580011313,293096
2023-08-14,7956.38427734375,8043.561428617278,7921.562808988035,8030.966429424785,544313
2023-08-16,8151.58251953125,8164.5228777201655,7890.544509002395,7907.634483319954,282782
2023-08-17,8107.5732421875,8133.010200636041,8050.970028558549,8125.1074562636795,248724
2023-08-18,8114.98193359375,8146.149152959802,8066.5284258836255,8100.3128504663455,265260
2023-08-21,8119.3779296875,8178.303151622056,8105.745888969168,8114.53807771072,216794
2023-08-22,8103.7705078125,8167.437185693428,8092.459511886112,8122.094803558492,193112
2023-08-23,8062.67578125,8134.788803454015,8047.957016843756,8110.092728159907,208545
2023-08-24,8111.57470703125,8222.80544721908,8064.750561160086,8111.179183939916,273837
2023-08-25,7973.32568359375,8090.434279896408,7963.002531165439,8079.5680067488065,191154
2023-08-28,8018.9638671875,8051.315726384404,7950.6054189938495,8035.905278664314,327780
2023-08-29,8100.0166015625,8118.093935884898,8026.372615036818,8060.700159971352,230713
2023-08-30,8165.46142578125,8213.717172742106,8100.362183119771,8129.948275310057,223225
2023-08-31,8196.578125,8258.367511950972,8125.996549438839,8188.032897140767,482614
2023-09-01,8161.955078125,8243.550530937282,8148.717594931292,8199.097592184475,215635
2023-09-04,8478.2119140625,8489.522909573852,8181.859008212819,8184.230217335797,620108
2023-09-05,8352.064453125,8495.450258184386,8345.495875634995,8477.669083225395,210587
2023-09-06,8433.611328125,8452.774903769894,8341.444803226275,8381.699406020645,327847
2023-09-07,8391.875,8441.11858856972,8327.516641502953,8433.611367509313,203477
2023-09-08,8328.0595703125,8446.057609028177,8297.881159746981,8431.239964100057,125962
2023-09-11,8358.8310546875,8395.332045377998,8323.713430031576,8348.211742756823,131688
2023-09-12,8467.4453125,8505.180145467479,8292.94245087082,8416.373633592872,335823
2023-09-13,8531.357421875,8579.416369220666,8421.855412296003,8485.571285158954,321018
2023-09-14,8582.3310546875,8594.234370273753,8498.413596260356,8560.647707217511,311971
2023-09-15,8622.2392578125,8644.565088930742,8555.955376892378,8614.978997474778,357249
2023-09-18,8523.109375,8631.376581555447,8502.364672070584,8621.893674663885,129308
2023-09-20,8355.3251953125,8518.66466002305,8338.432500108527,8485.571917388299,317399
2023-09-21,8212.482421875,8335.419682782074,8185.91002255859,8273.283968860493,393954
2023-09-22,8087.8662109375,8209.61835099922,8079.617624878734,8174.401359868725,524827
2023-09-25,8106.43798828125,8179.291414642606,8056.946954039944,8117.106500491661,467415
2023-09-26,8128.86181640625,8226.756673851234,8106.437586905189,8136.862958995272,515796
2023-09-27,8162.2509765625,8189.169699722455,8105.25223953892,8136.863217194647,541638
2023-09-28,8055.21826171875,8222.756543429585,8035.115558706832,8164.325239764165,370431
2023-09-29,8154.49560546875,8185.218102347048,8033.139475776905,8100.312801447445,320974
2023-10-03,8203.9384765625,8275.161577584206,8121.25581686496,8188.231385531274,454402
2023-10-04,8022.125,8191.737355320485,7947.246210474328,8191.737355320485,884369
2023-10-05,8078.03759765625,8109.006092377044,8026.225035106904,8077.592875331588,310506
2023-10-06,8095.818359375,8139.481214272656,8052.155504477343,8098.337166165344,158491
2023-10-09,8011.505859375,8100.164289030955,7988.884350442072,8070.726759655561,152525
2023-10-10,8059.11962890625,8086.828915408706,8006.467788148069,8048.747277052387,187020
2023-10-11,8241.57421875,8288.002840142934,8079.76572691867,8096.312097308705,439622
2023-10-12,8250.2177734375,8283.063553180284,8201.072584198297,8263.257493972722,177704
2023-10-13,8267.2587890625,8314.675257203855,8206.012517713249,8215.397027032892,285076
2023-10-16,8191.392578125,8352.21323855614,8173.41364113702,8267.307932920949,363990
2023-10-17,8200.48046875,8230.7080794209,8179.34024215135,8228.73239337207,205234
2023-10-18,8177.6611328125,8248.341111873173,8147.7296805855,8223.69519891042,322136
2023-10-19,8414.990234375,8434.203974666958,8093.743481052541,8149.30965270574,837498
2023-10-20,8358.1884765625,8543.211269872872,8308.648730975454,8432.227499288732,539291
2023-10-23,8224.0400390625,8419.978314697755,8201.615809742714,8312.698949426256,217546
2023-10-25,8155.9775390625,8296.399813791517,8086.730127481193,8253.428641332157,255678
2023-10-26,8105.5478515625,8135.874824138887,8056.40266306069,8135.874824138887,637430
2023-10-27,8110.33984375,8169.461863256635,8080.555990500517,8111.179124449846,227682
2023-10-30,8299.4619140625,8313.983400064908,8097.794331034708,8141.802546669057,244073
2023-10-31,8319.861328125,8349.348058001067,8249.57590754951,8302.5248751183,218908
2023-11-01,8279.5576171875,8342.334852297176,8268.345019359153,8337.395636872488,209234
2023-11-02,8356.1650390625,8370.192604450627,8273.137016900338,8283.558568986711,200590
2023-11-03,8418.9912109375,8426.301635747419,8333.444384427341,8371.970265294181,243686
2023-11-06,8535.90234375,8544.842130150391,8417.60814200601,8435.191554838635,194715
2023-11-07,8580.158203125,8589.295751797124,8478.212602298974,8535.90302519703,206360
2023-11-08,8593.0986328125,8613.152619654207,8547.65784985157,8583.368764076427,132370
2023-11-09,8522.1708984375,8613.003256698843,8512.984151326582,8579.416594154083,128138
2023-11-10,8604.9521484375,8623.820529292383,8484.188336947249,8486.60874533034,149939
2023-11-13,8571.9091796875,8617.744515782417,8554.720325720391,8605.198716823934,64412
2023-11-15,8660.3212890625,8708.577034329675,8589.541951366033,8603.124792783046,192348
2023-11-16,8668.3720703125,8704.576904419548,8594.234641429986,8682.744993929897,233428
2023-11-17,8684.0791015625,8761.772379062182,8665.013923529717,8678.201242444262,151817
2023-11-20,8556.2021484375,8708.033810545458,8545.9281953566,8693.018404000462,174311
2023-11-21,8602.482421875,8631.673955019482,8559.462051069379,8559.462051069379,183507
2023-11-22,8653.40625,8668.3222933694,8507.550845706053,8627.820730517189,325320
2023-11-23,8500.63671875,8660.420337965921,8485.572111683274,8643.627005498096,344271
2023-11-24,8452.1826171875,8549.781314354346,8441.167781668913,8532.987983060986,197278
2023-11-28,8620.412109375,8629.3026965502,8483.842811933748,8532.98800215221,343335
2023-11-29,8626.5859375,8683.139949113967,8586.331335346826,8653.40626076166,207727
2023-11-30,8894.193359375,8909.504926471593,8656.913268591654,8669.853626519684,1025481
2023-12-01,8924.025390625,9052.001227199757,8862.927684959195,8993.125203665957,353015
2023-12-04,9204.474609375,9227.244198814205,8975.690544119616,9038.763937193127,473570
2023-12-05,9216.328125,9285.724094965031,9130.78130804383,9207.684498847771,448461
2023-12-06,9100.998046875,9234.307659809381,9018.562351167804,9216.328723307504,308912
2023-12-07,9240.826171875,9266.954811114536,9123.866144182895,9153.352870673414,346830
2023-12-08,9299.109375,9316.98991229748,9227.590119881399,9264.287908893184,311761
2023-12-11,9553.33203125,9611.713171420142,9285.72495491771,9299.554758042057,588082
2023-12-12,9743.58984375,9840.05310266742,9517.91690789056,9584.4979147906,1060266
2023-12-13,9620.751953125,9920.858476494815,9559.159360611578,9779.596921419006,1501931
2023-12-14,9842.1767578125,9868.552360964592,9658.14178510018,9710.49746829649,710415
2023-12-15,9907.5224609375,9937.206951023241,9780.288471730179,9878.430290793023,439516
2023-12-18,9849.140625,9906.09016304006,9820.888699481802,9906.09016304006,266562
2023-12-19,9895.322265625,9927.822687962283,9832.00191177001,9849.140602872538,675166
2023-12-20,9767.248046875,10004.873477456083,9738.304441147056,9905.10133870973,501448
2023-12-21,9833.4345703125,9863.612982945657,9705.409530547804,9760.877304405212,216730
2023-12-22,9847.8076171875,9877.44290944506,9781.622131145614,9865.588792542037,226940
2023-12-26,9896.853515625,9932.563460747651,9848.89296691177,9853.733783418387,226114
2023-12-27,10309.2275390625,10342.71580131541,9915.720681437799,9978.152549508935,658122
2023-12-28,10299.546875,10371.314052018335,10202.540503257214,10364.448350498864,421406
2023-12-29,10375.3642578125,10398.035447665266,10235.584472913713,10293.373288578583,243089
2024-01-01,10336.7900390625,10392.109251809778,10287.99020479852,10375.365118584776,97677
2024-01-02,10080.6416015625,10362.374616606054,9981.264017475418,10362.374616606054,337528
2024-01-03,9988.6240234375,10120.451869077238,9966.940675933645,10080.691187014734,179575
2024-01-04,9893.05078125,10040.98028392451,9879.418739550987,10036.485790804722,313755
2024-01-05,9894.28515625,9977.21477296936,9873.491253052352,9977.21477296936,163191
2024-01-08,9813.7265625,9957.457723086214,9804.391252946516,9955.482037030046,176843
2024-01-09,9778.7568359375,9895.174719212879,9750.208750357007,9868.156632744698,242925
2024-01-10,9657.3515625,9786.314281664387,9611.713019970673,9778.609298697473,374333
2024-01-11,9799.84765625,9824.049810673554,9600.995045699876,9720.277092501676,375210
2024-01-12,9689.208984375,9858.624060939741,9674.983659125457,9858.624060939741,376816
2024-01-15,9833.5322265625,9875.268592819528,9700.618145420509,9758.9008817321,273931
2024-01-16,9848.3994140625,9924.661088359448,9760.234424279106,9832.940249570214,146779
2024-01-17,9734.84765625,9923.969431712714,9705.55772467036,9837.928690075534,252817
2024-01-18,9771.990234375,9812.294037146934,9651.22642369974,9734.205238396851,278338
2024-01-19,9970.9912109375,10005.56571638446,9725.314460723443,9877.442284690065,567616
2024-01-23,9711.484375,9962.396492917811,9695.678887257145,9878.429839283897,580285
2024-01-24,9869.0458984375,9910.633704576148,9616.25647843788,9745.071596825577,272419
2024-01-25,9848.15234375,9926.044344044203,9761.074561074643,9863.216949679854,296269
2024-01-29,10149.1494140625,10174.78413596452,9868.05884720559,9878.529598401336,334463
2024-01-30,9842.47265625,10194.540306188757,9821.135632183006,10164.658053837768,368827
2024-01-31,10043.74609375,10062.318315665632,9782.758720123607,9838.917214129251,341574
2024-02-01,9801.6748046875,10108.844790971056,9779.695297043389,10046.314519465452,401503
2024-02-02,9975.7822265625,10042.314034707073,9870.823902637587,9878.430487050711,334386
2024-02-05,9795.796875,10005.17039879498,9758.358202861335,9927.82248224454,162473
2024-02-06,9926.587890625,9952.518770797053,9799.69925737833,9858.673680650578,250870
2024-02-07,10102.1767578125,10162.533581138128,9957.75391372375,9991.044416810797,250184
2024-02-08,9876.109375,10169.844117670616,9829.532189692227,10164.904902460481,320905
2024-02-09,9824.83984375,9952.320794198373,9732.229559422367,9952.320794198373,400823
2024-02-12,9842.7197265625,9895.668693602904,9786.462835824654,9830.026329067325,191687
2024-02-13,9732.625,9883.073299686148,9711.089250314555,9876.25679694124,276453
2024-02-14,9668.8095703125,9705.408960705543,9585.97932022875,9682.886333132166,417802
2024-02-15,9694.9873046875,9719.535781906734,9588.004101357603,9716.325292175701,415090
2024-02-16,9795.6494140625,9827.062630014076,9731.340252898604,9754.999286808637,250550
2024-02-19,9781.8193359375,9828.000997076966,9764.828243072163,9828.000997076966,109778
2024-02-20,9857.63671875,9878.430622271784,9735.193378248843,9781.819763724065,320905
2024-02-21,9847.21484375,9992.032246036842,9799.402855233364,9849.041967478875,322960
2024-02-22,9840.1025390625,9899.07696302333,9683.1338900454,9878.430657073848,363840
2024-02-23,9879.3203125,9906.090474275656,9773.76869986276,9840.102749016549,304238
2024-02-26,9809.330078125,9927.772838359853,9780.584233026708,9877.491244353101,162530
2024-02-27,9830.1240234375,10027.594223647944,9761.321337777605,9809.3301213694,214186
2024-02-28,9685.7509765625,9868.501923275182,9661.993546427928,9838.915833828754,300668
2024-02-29,9772.1396484375,9814.221379396946,9587.659946112148,9666.044911665738,328848
2024-03-01,10012.283203125,10060.045028572484,9772.138944269338,9779.64616555054,352952
2024-03-04,9857.0927734375,10042.411730532805,9845.040896148395,10033.521143716476,221282
2024-03-05,9718.7451171875,9908.955064931262,9710.497013738688,9857.09330570224,310715
2024-03-06,9523.84375,9793.72265585947,9416.119661664017,9779.547494406143,534825
2024-03-07,9555.5537109375,9596.894553787637,9452.767877083103,9523.843372455052,585012
2024-03-11,9580.00390625,9705.162854233957,9555.307828953952,9576.200131532098,319303
2024-03-12,9498.6044921875,9610.675474958533,9458.992373239516,9610.675474958533,235430
2024-03-13,9476.921875,9535.649339588213,9384.509346947896,9507.693573103305,415925
2024-03-14,9579.064453125,9589.979925429598,9339.067801299076,9340.055644307462,347822
2024-03-15,9515.8427734375,9632.359052555828,9427.776180838397,9562.320595376728,379648
2024-03-18,9494.5048828125,9556.195874028632,9453.65795869995,9507.989326278685,226448
2024-03-19,9338.3271484375,9490.652737010856,9320.447575422646,9474.747885370849,316008
2024-03-20,9369.2470703125,9419.08394758787,9330.178068690868,9419.08394758787,171219
2024-03-21,9484.0341796875,9522.510859493688,9389.349809047479,9409.205068512714,215837
2024-03-22,9564.048828125,9633.247036344781,9463.53580431611,9493.171093891213,224511
2024-03-26,9483.984375,9572.000799421177,9453.657402307388,9514.014223043654,397803
2024-03-27,9506.4580078125,9589.97994137246,9454.694648210745,9512.928186590108,267937
2024-03-28,9630.6298828125,9734.155635344423,9524.337398153086,9562.320154099967,506387
2024-04-01,9833.384765625,9875.515690848782,9630.629989451303,9630.629989451303,387442
2024-04-02,9916.1171875,9961.607167423912,9725.314914798679,9769.866250878546,307109
2024-04-03,9880.3076171875,10152.754532738361,9860.797717286641,10075.998936139675,481855
2024-04-04,9883.4677734375,9956.371359770155,9779.645858332791,9955.481915179582,346378
2024-04-05,9704.1748046875,9898.03900733705,9683.035541786128,9879.418551328185,280079
2024-04-08,9743.8359375,9778.657401628438,9681.848792136612,9733.167426534896,215228
2024-04-09,9650.3876953125,9872.30606636229,9640.459100519205,9779.646577585492,275924
2024-04-10,9698.4951171875,9738.157404034702,9587.066607024055,9690.740934629786,186223
2024-04-12,9535.2041015625,9730.253901904765,9493.171573330435,9670.93412054749,440963
2024-04-15,9390.68359375,9500.97666320199,9371.272090701694,9500.97666320199,220692
2024-04-16,9348.7490234375,9379.520720847131,9237.320518431097,9334.030740555227,547648
2024-04-18,9268.68359375,9410.982180133515,9227.24338836804,9354.872892575471,584270
2024-04-19,9250.11328125,9285.724830881398,9137.548370814142,9211.636600847769,415558
2024-04-22,9448.96484375,9473.413956933953,9341.141399125218,9389.447305595122,277781
2024-04-23,9417.6513671875,9507.98981137236,9406.241972351958,9424.023148103097,317450
2024-04-24,9541.4267578125,9569.037161973047,9426.787773206146,9461.560038953914,317929
2024-04-25,9566.025390625,9588.004899073834,9443.82900914214,9503.198956845206,398260
2024-04-26,9582.9677734375,9658.142249501245,9529.624244597051,9608.750093167495,265782
2024-04-29,9843.3134765625,9889.297380423786,9624.604625994863,9646.287975211095,808505
2024-04-30,9850.6220703125,10056.24198157822,9790.857567376794,10036.781281072635,777837
2024-05-02,9862.08203125,9922.883578907396,9825.581037093321,9850.622472892119,318855
2024-05-03,9696.9638671875,9908.066127060072,9660.462872315711,9860.649659054201,517348
2024-05-06,9658.04296875,9808.293508714838,9627.666795379773,9754.949984747609,238521
2024-05-07,9564.69140625,9827.062119999056,9512.9280474056,9679.873513658096,214305
2024-05-08,9403.6728515625,9557.331634194044,9385.891677918957,9557.331634194044,392065
2024-05-09,9331.263671875,9443.7793790137,9293.67643747298,9408.217029887708,328724
2024-05-10,9376.3095703125,9403.228291988644,9301.578861691365,9347.760521814658,205200
2024-05-13,9435.3818359375,9461.559673832317,9312.493788396627,9400.264212378943,215387
2024-05-14,9543.20703125,9581.58435061854,9414.095742417685,9419.133356457767,171935
2024-05-15,9497.2216796875,9575.311446175006,9443.77975544138,9573.187197696905,161067
2024-05-16,9591.06640625,9607.465179412804,9409.698811259332,9513.520728156056,368451
2024-05-17,9770.11328125,9779.646352712429,9567.507054303842,9621.59146216354,283850
2024-05-21,9670.390625,9730.994407016677,9643.372540205803,9706.545292830077,346947
2024-05-22,9774.55859375,9829.038524816513,9702.841572902411,9750.011079390852,280237
2024-05-23,10046.90625,10075.849856441311,9735.192589894825,9784.733301329916,521622
2024-05-24,10106.720703125,10242.944646406875,9999.490532347458,10041.424663007607,519418
2024-05-27,10101.189453125,10228.078090173796,10053.921547442647,10153.002015807017,389326
2024-05-28,10055.15625,10239.832740898568,10023.100549316385,10139.221309706027,403774
2024-05-29,9901.546875,10054.21783255914,9839.905079929173,10054.21783255914,317883
2024-05-30,9748.875,9903.127086074772,9710.497681407982,9899.175713671351,323424
2024-05-31,9794.9580078125,9957.458193611013,9631.5683773705,9811.25741854609,791072
2024-06-03,10342.765625,10391.910815275349,10092.149657733145,10174.783112283354,732632
2024-06-04,9797.7236328125,10370.870369382117,9419.034381492655,10347.656057463226,972018
2024-06-05,9916.06640625,9947.578983742993,9621.590794603451,9868.502344739805,361720
2024-06-06,9932.7119140625,10052.784034731416,9810.36698279884,9873.490534775266,483566
2024-06-07,10335.9501953125,10377.291040282182,9843.855803561346,9843.855803561346,545284
2024-06-10,10694.6357421875,10775.342711722913,10335.950319220527,10367.412734257736,705256
2024-06-11,10800.630859375,10855.40694777712,10694.635496257353,10771.391091856494,650137
2024-06-12,10910.529296875,10965.00922981075,10739.336280286034,10739.336280286034,439143
2024-06-13,11037.9599609375,11161.638097929106,10862.470230158247,11113.23379075161,602322
2024-06-14,11106.12109375,11133.978459303858,11011.782087196587,11034.20631624737,305318
2024-06-18,10983.875,11132.34760298411,10917.294963743336,11113.233227708604,322724
2024-06-19,10861.876953125,11041.81294223661,10834.909032045369,11014.449498079079,659266
2024-06-20,10770.650390625,11038.05969359628,10743.188547142989,10875.065592541696,445369
2024-06-21,10532.77734375,10828.191593081217,10482.54494955574,10750.20119710966,586745
2024-06-24,10654.875,10713.157739198961,10465.85162069447,10587.20775194697,276148
2024-06-25,10714.34375,10874.127367336465,10669.100730115782,10670.631693943502,562075
2024-06-26,11007.6328125,11124.0998866486,10770.452096983367,10775.09515196454,793197
2024-06-27,11574.2607421875,11730.586903301015,11132.003220146591,11132.991063186802,2339734
2024-06-28,11526.0537109375,11635.802682221942,11330.410633283633,11557.664686897353,684790
2024-07-01,11759.92578125,11885.331680751538,11526.053946516955,11527.140187961604,520339
2024-07-02,11709.841796875,11931.16782948722,11656.547473749726,11798.796866649724,422173
2024-07-03,11727.7705078125,11754.343870419008,11618.960180052538,11711.12573911967,206171
2024-07-04,11617.0830078125,11791.733459207786,11579.051051891487,11740.514184966964,227230
2024-07-05,11548.0341796875,11680.799710964873,11478.98356244665,11653.140104695773,425987
2024-07-08,11442.0869140625,11572.382825165954,11389.829634201144,11551.835883985097,149210
2024-07-09,11537.80859375,11618.713322134588,11344.83384764793,11442.136384120196,530901
2024-07-10,11492.8125,11597.07913641275,11330.5592861594,11546.896904613533,202406
2024-07-11,11414.4775390625,11498.49339970212,11359.207526045933,11457.991833603512,366819
2024-07-12,11461.2509765625,11538.006572814606,11330.608736044114,11413.538351224312,366274
2024-07-15,11689.7890625,11753.35637562968,11520.127022029803,11610.020737795672,394470
2024-07-16,11516.9658203125,11762.296252928807,11490.491819831634,11762.296252928807,556056
2024-07-18,11505.6552734375,11541.809944163313,11335.499303500425,11508.371841898033,731274
2024-07-19,11121.43359375,11503.432707067936,11092.144625139268,11503.432707067936,514154
2024-07-22,11375.7041015625,11429.343784814158,11094.761159731162,11152.64933973732,573833
2024-07-23,11405.4375,11592.733111343927,11191.371729270882,11508.321734177674,525157
2024-07-24,11314.162109375,11420.206676178148,11217.6004500885,11399.708932646743,268139
2024-07-25,11302.40625,11337.27691670662,11153.735871061486,11279.191938338505,254683
2024-07-26,11531.140625,11599.697315592157,11257.063389649096,11302.405769566534,333210
2024-07-29,11729.4501953125,11794.845595825434,11531.140710106307,11538.00641199674,496437
2024-07-30,11732.083984375,11783.30908827727,11571.153877419858,11783.30908827727,438108
2024-07-31,11812.3251953125,11839.949894816124,11676.336602733714,11744.50508785793,322531
2024-08-01,11909.0126953125,11956.511421238229,11729.152768085534,11812.325757244591,250126
2024-08-02,11690.3984375,11873.736319409027,11626.304706426112,11758.516464582297,273420
2024-08-05,11345.3349609375,11626.303973633647,11279.701191134423,11626.303973633647,400844
2024-08-06,11253.9638671875,11502.886014711015,11201.098769918606,11377.829108401153,368949
2024-08-07,11470.4921875,11516.94771982139,11358.203948947761,11426.57039922296,230210
2024-08-08,11187.087890625,11451.611338969507,11158.02213109393,11427.56357631795,290349
2024-08-09,11229.1708984375,11376.884969076766,11160.307599781794,11376.884969076766,189230
2024-08-12,11231.6552734375,11308.12077522183,11140.58314027307,11218.88660112157,200411
2024-08-13,11200.205078125,11292.420354732561,11163.885493611217,11292.420354732561,189972
2024-08-14,10933.296875,11129.45388793948,10894.045676020214,11129.45388793948,404673
2024-08-16,11224.55078125,11253.666032178138,10881.227018414012,10970.461191633258,435631
2024-08-19,11244.0771484375,11395.865015690035,11200.7521617267,11248.698247454588,244264
2024-08-20,11278.2109375,11452.406567388507,11206.416024311817,11293.414372092875,421084
2024-08-21,11130.3486328125,11241.29479426618,11091.245906681983,11202.98780545858,456794
2024-08-22,11238.1650390625,11305.736722464013,11134.422242852108,11189.075810309214,305457
2024-08-23,11270.3603515625,11308.319932412624,11133.8758765709,11243.729352833816,258730
2024-08-26,11265.689453125,11289.389808921887,11200.404060806635,11268.571574761028,234215
2024-08-27,11229.1708984375,11377.878670270677,11215.359034088942,11317.361879397022,184428
2024-08-28,11164.0341796875,11246.31244593814,11140.384284930116,11208.949668540872,201101
2024-08-29,11151.3154296875,11185.79705715154,11045.387264581272,11159.26503968906,406261
2024-08-30,11230.7119140625,11289.340284515962,11151.314800487266,11154.345395047087,462185
2024-09-02,11352.9375,11392.78453090999,11253.666359577466,11253.666359577466,248673
2024-09-03,11388.6103515625,11431.587927831097,11289.439167341734,11362.476204468714,181723
2024-09-04,11507.5078125,11564.148783641002,11310.158162382948,11320.244618215589,198185
2024-09-05,11469.9453125,11748.280624829415,11441.674319849182,11557.192082014195,406821
2024-09-06,11360.8369140625,11452.406872141833,11248.69811649853,11427.56434096582,245248
2024-09-09,11421.94921875,11445.89800037534,11236.773384748994,11328.19389689941,154665
2024-09-10,11468.35546875,11566.13605864859,11388.31302818108,11467.213294574114,237496
2024-09-11,11415.09375,11537.865346770666,11388.015390625313,11497.12359505095,141341
2024-09-12,11636.4892578125,11661.083362048606,11370.177341235676,11435.363750561599,455934
2024-09-13,11644.1416015625,11688.509779537733,11551.975811851518,11621.335964096215,279660
2024-09-16,11569.3154296875,11723.637028835175,11530.908490921965,11601.461274690964,257856
2024-09-17,11572.296875,11644.786601881542,11502.091496406,11529.467770636991,202725
2024-09-18,11557.6396484375,11689.205104765548,11463.18757326751,11609.411092672888,185067
2024-09-19,11554.2607421875,11666.20157091169,11467.311886892603,11557.63971444349,227247
2024-09-20,11723.9853515625,11769.298711148558,11506.662692478272,11586.556661740937,608787
2024-09-23,11886.703125,11922.426876860487,11725.723532230255,11760.453582900805,279318
2024-09-24,11687.56640625,11894.454225055562,11666.399793819246,11872.841223402447,242038
2024-09-25,11741.87109375,11780.923356156809,11606.429816599173,11736.604671562744,196686
2024-09-26,11989.0048828125,12003.910400694156,11693.676694435011,11760.453608627098,277079
2024-09-27,11877.0146484375,12061.545155200665,11849.63837448337,11989.004967663208,404276
2024-09-30,11727.662109375,11848.893661429207,11699.887965457356,11848.893661429207,405493
2024-10-01,11762.5908203125,11812.822223054218,11576.86767356431,11727.661834158578,324906
2024-10-03,11650.9482421875,11854.855933124523,11539.951618287118,11553.863435811321,304610
2024-10-04,11378.126953125,11754.640718948445,11308.319445126745,11626.303823197091,357277
2024-10-07,11159.6123046875,11457.32577769716,11121.603232352123,11419.565130671166,374655
2024-10-08,11318.0576171875,11402.721152638373,11160.258062333905,11160.258062333905,447220
2024-10-09,11278.658203125,11438.49465496138,11261.615839169257,11332.218116221991,286382
2024-10-10,11358.0546875,11386.82253253934,11282.03654248392,11367.892717960745,180542
2024-10-11,11349.359375,11396.063331620251,11288.644619558208,11319.001997279105,120279
2024-10-14,11229.1220703125,11357.9558258725,11169.202078864922,11328.144788295458,144163
2024-10-15,11344.98828125,11360.936992359502,11218.887203438297,11328.19434182432,182286
2024-10-16,11250.9833984375,11340.118594087391,11162.246071449672,11269.565805778575,276811
2024-10-17,10947.904296875,11292.371214206427,10865.178670008872,11279.502589278314,353330
2024-10-18,10999.5771484375,11069.782530526605,10832.337420686772,10947.904682987017,330703
2024-10-21,10800.8369140625,11096.314566047664,10703.554142929872,10980.398925873773,566667
2024-10-22,10756.96484375,11011.003971167316,10672.350799110218,10683.281512219175,793887
2024-10-23,10685.318359375,10775.348269202635,10604.779072216339,10753.784759353217,351717
2024-10-24,10974.0380859375,11015.17770341383,10650.887234918773,10685.318398943817,341400
2024-10-25,10925.943359375,11044.98856612238,10881.02787215835,10994.01188989946,519646
2024-10-28,11022.7294921875,11128.807094798933,10830.94516147081,10930.713149655836,229113
2024-10-29,11042.107421875,11066.801480519587,10848.286184513338,11004.247791900545,266761
2024-10-30,11134.521484375,11159.265033656027,10942.042328645404,11044.989389945391,239933
2024-10-31,10995.9501953125,11180.033344677802,10972.99511508816,11086.525478461903,423687
2024-11-01,11075.5947265625,11100.934107358535,11008.768320345507,11010.159890200805,19032
2024-11-04,10932.5517578125,11086.476470287222,10861.204201827182,11076.787883056595,276984
2024-11-05,11105.9521484375,11117.57864669584,10904.131820519962,10914.466701285452,274422
2024-11-06,11203.3857421875,11235.681032757795,11042.008271296301,11154.296512356099,282486
2024-11-07,10981.193359375,11174.120841361142,10931.806214157352,11170.7418690143,326254
2024-11-08,10973.7900390625,11069.185356698345,10891.661215032203,10959.62979660093,155894
2024-11-11,10901.349609375,11039.97092786543,10827.417851348902,10945.618804100966,107472
2024-11-12,10823.3935546875,11004.992450401707,10771.7210918851,10901.39909949497,166347
2024-11-13,10714.28515625,10805.009880741489,10682.28778387557,10735.251863177546,216900
2024-11-14,10660.923828125,10764.26875780995,10476.095396188452,10658.439575007573,297442
2024-11-18,10563.9384765625,10699.031378390291,10513.756565956239,10565.130141673586,424186
2024-11-19,10701.71484375,10801.532325978038,10590.768684120507,10616.75338893205,220357
2024-11-21,10885.84765625,10936.526419561696,10488.51660303843,10488.51660303843,256924
2024-11-22,11303.6494140625,11338.032058887164,10862.794445365302,10929.719835079897,328426
2024-11-25,11385.2822265625,11616.367250975905,11365.209267854934,11377.878958398129,465057
2024-11-26,11051.0009765625,11424.881067961702,11036.045966988804,11385.28246172822,243711
2024-11-27,11069.732421875,11118.473271810499,10890.965187251835,10951.183092002217,330284
2024-11-28,10928.52734375,11119.516916869114,10888.580359671467,11103.617696970106,326140
2024-11-29,11131.5908203125,11162.246115640115,10846.249118865117,10846.249118865117,367574
2024-12-02,11575.177734375,11705.799949111826,11136.111254329418,11136.111254329418,633694
2024-12-03,11777.6943359375,11859.82413041784,11551.727259427964,11601.2133863926,501811
2024-12-04,11692.68359375,11845.26622555256,11674.051695441041,11791.457885483109,306770
2024-12-05,11857.6376953125,11926.35252267418,11649.009930594804,11671.020800729215,436371
2024-12-06,11773.869140625,11881.039431180663,11743.5612528089,11863.799102833429,193324
2024-12-09,11740.380859375,11815.107384433668,11644.190776349345,11783.706814368757,268177
2024-12-10,11671.8154296875,11732.729119524343,11621.335602512168,11671.02066280508,232758
2024-12-11,11823.5537109375,11989.00496049594,11740.877577135943,11776.352904006415,527029
2024-12-12,11782.265625,11868.767120286535,11716.631854891464,11868.767120286535,247809
2024-12-13,12007.7861328125,12042.167805635307,11656.114895416276,11725.673978338624,408880
2024-12-16,11867.2763671875,12068.848263811251,11796.2267326676,11974.099244262874,214946
2024-12-17,11700.7822265625,11898.727701165708,11609.610140780389,11855.50169864231,244639
2024-12-18,11689.8515625,11780.327863735583,11626.304175934738,11700.831766806115,222900
2024-12-19,11597.2880859375,11685.926429467774,11499.160089771689,11564.694879774317,162249
2024-12-20,11350.849609375,11674.001426184113,11325.858607022827,11591.37478516062,299802
2024-12-23,11400.3359375,11509.494595978358,11303.351089067346,11447.437762290621,149350
2024-12-24,11318.6044921875,11514.065719509774,11288.446047821115,11398.746885084156,108000
2024-12-26,11388.4619140625,11724.680323024453,11263.106120969629,11318.603944182416,144283
2024-12-27,11334.7021484375,11482.21728461418,11313.288081811548,11419.216240816198,118410
2024-12-30,11217.2470703125,11435.166529854292,11168.904086949211,11347.521885888937,164726
2024-12-31,11354.3779296875,11392.784871299564,11123.541322583305,11199.013126868389,241737
2025-01-01,11374.8974609375,11448.332366649267,11233.791892714113,11339.124218289317,107951
2025-01-02,11723.388671875,11754.640768245554,11382.896572451866,11427.563634828524,267609
2025-01-03,11711.7626953125,11786.936581517122,11639.222505531588,11724.680811300881,237651
2025-01-06,11431.140625,11780.079186151483,11378.077563682778,11727.611957383935,139820
2025-01-07,11545.3671875,11561.863210101614,11412.808026172694,11442.420128630969,197212
2025-01-08,11331.7216796875,11556.696030540992,11298.38319687837,11545.367448142104,159583
2025-01-09,11188.876953125,11360.439859226393,11112.56089248645,11331.721505418207,196555
2025-01-10,10796.7626953125,11216.154101352107,10769.28646840049,11132.683198828146,228618
2025-01-13,10548.2880859375,10761.78440878189,10526.675084008506,10632.603247826984,225902
2025-01-14,10417.71484375,10665.394865193155,10396.10184288184,10503.421571330631,344404
2025-01-15,10455.376953125,10576.360078089616,10400.822367337809,10473.610982562926,371459
2025-01-16,10569.205078125,10739.524884468565,10483.547839139053,10523.295887818254,375910
2025-01-17,10513.359375,10656.402866060658,10433.962255827646,10569.205580129064,297759
2025-01-20,10557.529296875,10585.70033876699,10418.212189426713,10520.712860142645,332061
2025-01-21,10600.60546875,10898.964254091437,10575.017662846447,10610.244564473604,593842
2025-01-22,10626.392578125,10729.786997508902,10539.940570709745,10632.603210841613,249552
2025-01-23,11348.962890625,11498.564418363723,10622.61677448987,10622.666265469643,1510866
2025-01-24,11214.7626953125,11536.573422527046,11151.713128278296,11180.132595435898,545939
2025-01-27,11168.705078125,11288.446077450064,11079.768817215512,11189.075953528849,414994
2025-01-28,11225.1962890625,11339.720353654197,10996.297603225323,11144.359083695283,436707
2025-01-29,11472.130859375,11502.041847608094,11189.919719836485,11225.1961122788,377755
2025-01-30,11407.09375,11539.354989312547,11377.878547050908,11472.130716108024,274820
2025-01-31,11415.09375,11525.940931633188,11320.39421386548,11416.286385596026,361656
2025-02-01,11188.2314453125,11712.756244530274,10730.234166242388,11472.18156806422,513602
2025-02-03,11104.263671875,11211.731876045065,10882.419875596068,11050.205937607108,450593
2025-02-04,11446.59375,11475.112198569002,11042.157355103933,11129.552600718614,314752
2025-02-05,11512.724609375,11559.577040427426,11360.986236484783,11446.543524779727,236897
2025-02-06,11405.056640625,11546.361152297473,11256.349830977499,11504.278292572117,308664
2025-02-07,11567.2783203125,11659.096703482743,11402.771273342905,11428.656996683774,310549
2025-02-10,11459.66015625,11540.54782210563,11417.626789566499,11447.437825570589,262455
2025-02-11,11229.0224609375,11443.065116534337,11169.449880092348,11424.582662433819,301338
2025-02-12,11406.19921875,11525.940213292786,11004.842916097241,11228.823554634751,347198
2025-02-13,11473.7216796875,11576.520265282821,11350.254302737316,11427.56406379971,336128
2025-02-14,11192.9013671875,11516.003714784456,11111.56730854429,11516.003714784456,279199
2025-02-17,11417.7255859375,11437.401645709446,10973.840043380607,11148.333583123786,166053
2025-02-18,11237.66796875,11388.411665532802,11180.132280696362,11377.878820902439,268795
2025-02-19,11220.4267578125,11387.815921526633,11160.25834333906,11218.886715011839,157580
2025-02-20,11216.501953125,11258.635274709473,11174.369601951914,11219.979907534664,142187
2025-02-21,11086.97265625,11218.886489866454,10920.77613141119,11194.043959995182,320240
2025-02-24,10973.0947265625,11099.642183706392,10905.919944528914,10939.308886433044,175294
2025-02-25,10895.08984375,10984.621937350865,10772.71514782285,10973.09539112608,296499
2025-02-27,10381.8427734375,10731.97300454629,10199.747027781657,10731.97300454629,1722295
2025-02-28,10064.6533203125,10423.925802482623,9984.560419697713,10423.925802482623,1230856
2025-03-03,10275.6650390625,10554.89507257187,10218.37874788646,10254.2509725678,835344
2025-03-04,10304.7802734375,10388.94695791404,10175.500137395467,10185.437149248393,352922
2025-03-05,10398.2880859375,10440.619368057665,10230.402077428054,10322.468879955872,310832
2025-03-06,10427.4033203125,10473.610425129247,10252.213996562667,10473.411490811215,365920
2025-03-07,10515.744140625,10542.77203738208,10380.898691476878,10434.85647344528,302339
2025-03-10,10453.8359375,10578.545442055174,10411.007802586231,10522.30234051595,165649
2025-03-11,10373.4951171875,10442.358415369632,10291.017918660156,10345.42305865259,180753
2025-03-12,10454.134765625,10483.34899942105,10296.732103270338,10413.98884793217,299765
2025-03-13,10386.263671875,10453.736369879332,10314.71718721423,10453.736369879332,219474
2025-03-17,10480.666015625,10510.72547829385,10382.190610385149,10480.070183042399,212061
2025-03-18,10480.666015625,10480.666015625,10480.666015625,10480.666015625,0
2025-03-19,10864.3837890625,10876.158760274215,10632.602981086937,10642.539993218794,269175
2025-03-20,10879.1904296875,11169.201743373818,10747.8724249405,10862.29750890126,549251
2025-03-21,10907.609375,10994.30980253718,10817.083586102777,10949.593249652675,656565
2025-03-24,10981.5908203125,11008.17232723045,10785.483307588787,10949.54395683198,294688
2025-03-25,11349.2607421875,11406.547036153188,11134.124424754587,11169.201884276848,754457
2025-03-26,11330.2802734375,11414.645895038862,11228.823767209815,11309.313565895123,401569
2025-03-27,11526.5361328125,11556.695546692432,11278.508699704244,11328.690610658874,406112
2025-03-28,11437.0537109375,11625.310601615727,11386.474900960851,11512.525512865972,280960
2025-04-01,11306.978515625,11492.800639500425,11265.739915941416,11278.50858816084,263144
2025-04-02,11180.0830078125,11288.445932474628,11107.691291218789,11288.445932474628,376468
2025-04-03,11533.4921875,11576.668699574844,11084.73710488325,11118.522946350398,361884
2025-04-04,11426.22265625,11540.348850552944,11349.061370143812,11525.940183197452,222191
2025-04-07,11121.1064453125,11228.873539220589,10945.668684906554,11129.453923919988,484513
2025-04-08,11199.4599609375,11470.04460548321,11169.996331989567,11246.461833939711,602120
2025-04-09,11325.2626953125,11351.049436964524,11109.580031976135,11217.744025428809,230611
2025-04-11,11430.197265625,11767.756780122269,11381.902806033031,11767.756780122269,351037
2025-04-15,11645.1845703125,11674.99560684372,11508.053802268885,11674.99560684372,345260
2025-04-16,11654.1279296875,11752.50435064922,11593.51215515553,11593.51215515553,268150
2025-04-17,11826.0380859375,11846.905811322315,11526.934022088479,11593.512003078129,290473
2025-04-21,11858.830078125,12033.721488695639,11706.793795072115,11741.573336946958,230595
2025-04-22,11883.6728515625,11941.30752213618,11775.359418932656,11858.83032114281,334667
2025-04-23,11873.736328125,11964.163142574693,11751.511073429261,11964.163142574693,267716
2025-04-24,12082.4130859375,12111.230421202916,11795.233434499392,11802.189343011734,339743
2025-04-25,12159.921875,12226.499856991093,11785.296513647136,12072.476167310208,412558
2025-04-28,12037.6962890625,12261.279058175845,11925.408053907797,12154.9530301975,516745
2025-04-29,11794.240234375,12145.016778543368,11725.674847554554,12124.149052119754,516495
2025-04-30,11567.67578125,11849.88692478363,11427.56391069281,11794.239657044605,630392
2025-05-02,11539.8525390625,11675.98960940191,11408.683974939857,11567.676173876394,189474
2025-05-05,11596.4931640625,11654.127834458011,11578.606542215617,11628.291602901403,145699
2025-05-06,11619.3486328125,11655.121877555615,11471.287147625715,11625.310840269685,273048
2025-05-07,11584.568359375,11626.303808945575,11480.229735448565,11577.612451113238,217460
2025-05-08,11557.7392578125,11666.052694241145,11466.318742661719,11527.928220263333,388912
2025-05-09,11292.4208984375,11485.198939118323,11241.742135165738,11407.690242349745,200270
2025-05-12,11662.0771484375,11692.881885281531,11492.154245201064,11516.996774913992,182795
2025-05-13,11587.5498046875,11674.001809919282,11493.148189779231,11626.304151860368,307678
2025-05-14,11598.48046875,11667.045851918587,11550.782810893592,11602.455273571368,179337
2025-05-15,11819.08203125,11856.842676717253,11569.663030926833,11598.480365625526,371371
2025-05-16,11830.0126953125,11914.477296665005,11782.315038078144,11874.729248969708,209706
2025-05-19,11853.8623046875,11915.471782673134,11805.170943053692,11829.01977324168,128237
2025-05-20,11623.3232421875,11904.540689185797,11595.499607855514,11893.60997569823,158934
2025-05-21,11592.5185546875,11834.98165492269,11560.720115312391,11623.323292832134,173017
2025-05-22,11606.4306640625,11626.304689172195,11444.457359418477,11592.518846485713,175370
2025-05-23,11672.0146484375,11800.202107116918,11587.550043881294,11653.134325066114,181463
2025-05-26,11615.3740234375,11809.145769059052,11571.651168015202,11725.674863252845,198003
2025-05-27,11349.0615234375,11648.165587753645,11303.35126776128,11602.455332077423,478345
2025-05-28,11167.2138671875,11397.75254107854,11129.453222326038,11382.847023370066,201200
2025-05-29,11198.01953125,11265.591217124966,11080.762782231675,11178.145505992656,350206
2025-05-30,11139.390625,11238.760746543265,11099.642576382694,11194.044191848796,394181
2025-06-02,11124.4853515625,11148.334181257676,10949.593933797873,11109.579833003014,314936
2025-06-03,10965.4931640625,11220.874382292139,10930.713620723835,11208.949967433167,349615
2025-06-04,10963.505859375,10985.36728681144,10851.217618451463,10970.461768104777,345047
2025-06-05,11088.7119140625,11109.579639682655,10933.694523741347,10968.474066441606,191183
2025-06-06,11182.1201171875,11239.754789434623,11049.957851517374,11109.579926255778,143723
2025-06-09,11189.076171875,11246.710844874,11095.668253566275,11189.076171875,209231
2025-06-10,11319.2509765625,11411.665193121215,11263.603706376607,11338.131300375571,279918
2025-06-11,11391.791015625,11445.450882586249,11268.572061862134,11308.32011146306,237747
2025-06-12,11251.6787109375,11432.532329712614,11208.949559248875,11402.721293650782,262530
2025-06-13,11153.302734375,11179.138966653487,10948.600278630056,11041.014494087725,181355
2025-06-16,11422.595703125,11445.450831543605,11126.472734918714,11199.012925116898,401104
2025-06-17,11311.30078125,11436.507132689647,11288.445653606255,11427.563821872529,121415
2025-06-18,11334.15625,11406.69643992197,11271.553072396107,11311.30112166842,156816
2025-06-19,11348.068359375,11412.658941105243,11281.49037512998,11328.194334227233,157757
2025-06-20,11385.828125,11452.406104086664,11298.382421124978,11348.067480144877,629895
2025-06-23,11376.8857421875,11417.6274939064,11249.691980723617,11329.188081638544,304907
2025-06-24,11506.06640625,11749.52320472407,11441.475827063003,11486.19238188477,735700
2025-06-25,11659.0966796875,11696.857326907148,11560.720256667892,11561.713957910515,253134
2025-06-26,11875.7236328125,11910.503176545111,11607.42429544664,11616.367606692169,506580
2025-06-27,12136.0732421875,12168.865383102278,11841.937675194336,11904.540853304368,501287
2025-06-30,12016.8291015625,12193.707922374384,11942.301508523784,12138.060652905477,333104
2025-07-01,12133.091796875,12147.997315052979,11984.036615095209,12028.753169629146,207437
2025-07-02,12357.66796875,12448.094776819817,12093.34345285361,12133.091500356826,445829
2025-07-03,12319.908203125,12495.793325882954,12298.046775437571,12357.668850948741,275755
2025-07-04,12427.2275390625,12463.000783217805,12263.266836684017,12321.895209049657,191516
2025-07-07,12267.2412109375,12421.264895643479,12228.486864463091,12397.416067043843,149939
2025-07-08,12366.611328125,12416.29638769963,12227.49316131604,12267.241208975744,219226
2025-07-09,12482.875,12500.761622353128,12298.046569017672,12331.832411240248,379924
2025-07-10,12437.1640625,12587.212941809485,12403.378222125679,12439.15146487496,269323
2025-07-11,12416.296875,12557.40244972989,12373.567722088836,12437.164600840335,240034
2025-07-14,12437.1640625,12499.767237311242,12351.705760376717,12416.296337562919,278918
2025-07-15,12423.2529296875,12465.982083101078,12346.737934039927,12465.982083101078,154124
2025-07-16,12374.5615234375,12436.171000226477,12319.907955318247,12425.240286602626,156311
2025-07-17,12416.296875,12468.963040216086,12353.693697478991,12386.485838085233,166142
2025-07-18,12419.2783203125,12478.900395782075,12362.637348616403,12441.139747984676,98339
2025-07-21,12497.7802734375,12633.917340898814,12296.058925301393,12480.88735265763,512521
2025-07-22,12373.5673828125,12619.01158001413,12217.556293902962,12569.326519851857,533617
2025-07-23,12294.0712890625,12436.170561155608,12280.159472214224,12381.516994965952,189617
2025-07-24,12226.5,12320.901617360209,12152.966108582574,12294.071684005201,180080
2025-07-25,12250.0,12345.0,12193.0,12245.0,290381
2025-07-28,12240.0,12368.0,12210.0,12274.0,214107
2025-07-29,12221.0,12262.0,12122.0,12200.0,208446
2025-07-30,12268.0,12381.0,12201.0,12205.0,185681
2025-07-31,12249.0,12329.0,12155.0,12201.0,150379
2025-08-01,12113.0,12289.0,12075.0,12181.0,212570
2025-08-04,12257.0,12290.0,12132.0,12158.0,207875
2025-08-05,12298.0,12378.0,12262.0,12330.0,267535
2025-08-06,12226.0,12390.0,12208.0,12298.0,192086
2025-08-07,12273.0,12309.0,12125.0,12204.0,202031
2025-08-08,12157.0,12315.0,12135.0,12285.0,201770
2025-08-11,12405.0,12425.0,12161.0,12161.0,218605
2025-08-12,12449.0,12530.0,12397.0,12447.0,334100
2025-08-13,12401.0,12517.0,12388.0,12485.0,207359
2025-08-14,12317.0,12428.0,12225.0,12413.0,235741
2025-08-18,12765.0,12904.0,12556.0,12628.0,808480
2025-08-19,12863.0,12880.0,12629.0,12787.0,351252
2025-08-20,12874.0,12930.0,12765.0,12850.0,290957
2025-08-21,12870.0,12906.0,12790.0,12890.0,155457
2025-08-22,12589.0,12864.0,12563.0,12864.0,226948
2025-08-25,12606.0,12731.0,12556.0,12648.0,199190
2025-08-26,12610.0,12770.0,12480.0,12581.0,290322
2025-08-28,12521.0,12648.0,12472.0,12570.0,283677
2025-08-29,12640.0,12729.0,12521.0,12521.0,177858
2025-09-01,12826.0,12852.0,12636.0,12639.0,214241
2025-09-02,12730.0,12848.0,12687.0,12788.0,214101
2025-09-03,12733.0,12770.0,12657.0,12700.0,140022
2025-09-04,12651.0,13097.0,12634.0,13000.0,305040
2025-09-05,12601.0,12738.0,12530.0,12680.0,153774
2025-09-08,12664.0,12743.0,12601.0,12601.0,126448
2025-09-09,12572.0,12708.0,12533.0,12699.0,240234
2025-09-10,12478.0,12626.0,12420.0,12625.0,175576
2025-09-11,12392.0,12517.0,12360.0,12478.0,132660
2025-09-12,12370.0,12479.0,12343.0,12396.0,153086
2025-09-15,12435.0,12481.0,12324.0,12370.0,179530
2025-09-16,12578.0,12599.0,12446.0,12497.0,189043
2025-09-17,12721.0,12800.0,12614.0,12678.0,264319
2025-09-18,12626.0,12749.0,12562.0,12730.0,190079
2025-09-19,12508.0,12644.0,12484.0,12602.0,571670
2025-09-22,12650.0,12706.0,12542.0,12547.0,499548
2025-09-23,12401.0,12698.0,12361.0,12650.0,403638
2025-09-24,12214.0,12448.0,12200.0,12427.0,166517
2025-09-25,12141.0,12275.0,12120.0,12210.0,272540
2025-09-26,12070.0,12199.0,11990.0,12140.0,181541
2025-09-29,12041.0,12146.0,11962.0,12100.0,214806
2025-09-30,12222.0,12261.0,12041.0,12041.0,279155
2025-10-01,12095.0,12274.0,12071.0,12274.0,129528
2025-10-03,12019.0,12139.0,11982.0,12095.0,258411
2025-10-06,12055.0,12100.0,11991.0,12019.0,106362
2025-10-07,12184.0,12210.0,12025.0,12059.0,225472
2025-10-08,11991.0,12182.0,11940.0,12150.0,173973
2025-10-09,12192.0,12211.0,11973.0,11991.0,171737
2025-10-10,12281.0,12324.0,12111.0,12180.0,198464
2025-10-13,12172.0,12249.0,12150.0,12225.0,87745
2025-10-14,12070.0,12251.0,12026.0,12172.0,129196
2025-10-15,12311.0,12325.0,12085.0,12085.0,142328
2025-10-16,12358.0,12405.0,12268.0,12306.0,129372
2025-10-17,12370.0,12390.0,12259.0,12300.0,182242
2025-10-20,12346.0,12448.0,12175.0,12420.0,393365
2025-10-21,12342.0,12417.0,12271.0,12371.0,14465
2025-10-23,12145.0,12415.0,12112.0,12390.0,370812
2025-10-24,11918.0,12174.0,11876.0,12149.0,318840
2025-10-27,12015.0,12049.0,11920.0,11922.0,408073
2025-10-28,11931.0,12048.0,11866.0,12025.0,513095
2025-10-29,11999.0,12060.0,11899.0,11940.0,394272
2025-10-30,12053.0,12084.0,11950.0,12040.0,159943
2025-10-31,11947.0,12102.0,11917.0,12053.0,175191
2025-11-03,11950.0,11984.0,11885.0,11927.0,98394
2025-11-04,11819.0,11960.0,11785.0,11960.0,199364
2025-11-06,11910.0,11985.0,11798.0,11800.0,189652
2025-11-07,11849.0,11951.0,11834.0,11871.0,148161
2025-11-10,11728.0,11890.0,11701.0,11851.0,197085
2025-11-11,11825.0,11849.0,11720.0,11750.0,125847
2025-11-12,11921.0,11949.0,11831.0,11861.0,184542
2025-11-13,11934.0,12016.0,11907.0,11921.0,174415
2025-11-14,11874.0,11941.0,11786.0,11941.0,161315
2025-11-17,11778.0,11855.0,11745.0,11810.0,194379
2025-11-18,11707.0,11888.0,11688.0,11888.0,318116
2025-11-19,11666.0,11754.0,11638.0,11707.0,271396
2025-11-20,11753.0,11773.0,11661.0,11720.0,185397
2025-11-21,11729.0,11788.0,11691.0,11758.0,192051
2025-11-24,11584.0,11738.0,11561.0,11738.0,407297
2025-11-25,11580.0,11647.0,11538.0,11600.0,200149
2025-11-26,11759.0,11773.0,11585.0,11589.0,187481
2025-11-27,11617.0,11787.0,11599.0,11776.0,275290
2025-11-28,11600.0,11640.0,11557.0,11620.0,159990
2025-12-01,11662.0,12021.0,11556.0,11620.0,228729
2025-12-02,11666.0,11713.0,11590.0,11702.0,190930
2025-12-03,11591.0,11702.0,11520.0,11700.0,206293
2025-12-04,11608.0,11631.0,11524.0,11580.0,159687
2025-12-05,11597.0,11665.0,11561.0,11630.0,226572
2025-12-08,11540.0,11632.0,11490.0,11610.0,148186
2025-12-09,11414.0,11525.0,11379.0,11500.0,274482
2025-12-10,11317.0,11499.0,11297.0,11425.0,272923
2025-12-11,11472.0,11484.0,11266.0,11340.0,196507
2025-12-12,11723.0,11738.0,11481.0,11491.0,389481
2025-12-15,11728.0,11804.0,11658.0,11658.0,178073
2025-12-16,11528.0,11700.0,11510.0,11700.0,179690
2025-12-17,11540.0,11591.0,11495.0,11505.0,205337
2025-12-18,11461.0,11565.0,11412.0,11545.0,103462
2025-12-19,11496.0,11529.0,11442.0,11503.0,152956
2025-12-22,11532.0,11548.0,11431.0,11496.0,170807
2025-12-23,11678.0,11750.0,11530.0,11550.0,161830
2025-12-24,11764.0,11790.0,11671.0,11715.0,182050
2025-12-26,11794.0,11855.0,11743.0,11766.0,193121
2025-12-29,11799.0,11820.0,11731.0,11778.0,197600
2025-12-30,11705.0,11811.0,11651.0,11810.0,236323
2025-12-31,11784.0,11794.0,11680.0,11681.0,172267
2026-01-01,11901.0,11915.0,11784.0,11792.0,71887
2026-01-02,11899.0,11970.0,11821.0,11903.0,206244
2026-01-05,12087.0,12114.0,11860.0,11931.0,302803
2026-01-06,12204.0,12225.0,12066.0,12100.0,225766
2026-01-07,12184.0,12250.0,12078.0,12230.0,246825
2026-01-08,12064.0,12188.0,12034.0,12165.0,229175
2026-01-09,11937.0,12065.0,11852.0,12058.0,263833
2026-01-12,12098.0,12124.0,11786.0,11870.0,275484
2026-01-13,12044.0,12199.0,11936.0,12050.0,290750
2026-01-14,12255.0,12323.0,11942.0,12074.0,408660
2026-01-15,12255.0,12255.0,12255.0,12255.0,0
2026-01-16,12378.0,12405.0,11800.0,11800.0,454481
2026-01-19,12297.0,12395.0,12233.0,12350.0,257602
2026-01-20,12059.0,12399.0,11995.0,12225.0,298026
2026-01-21,12231.0,12280.0,11984.0,12059.0,209393
2026-01-22,12364.0,12400.0,12165.0,12293.0,286236
2026-01-23,12369.0,12554.0,12283.0,12375.0,356421
2026-01-27,12589.0,12825.0,12500.0,12544.0,926373
2026-01-28,12767.0,12790.0,12561.0,12640.0,456847
2026-01-29,12717.0,12758.0,12554.0,12758.0,285262
2026-01-30,12694.0,12725.0,12536.0,12649.0,296876
2026-02-02,12535.0,12600.0,12191.0,12380.0,259656
2026-02-03,12590.0,12952.0,12575.0,12800.0,296810
2026-02-04,12806.0,12839.0,12585.0,12600.0,159977
2026-02-05,12773.0,12834.0,12732.0,12762.0,172331
2026-02-06,12722.0,12775.0,12622.0,12725.0,124704
2026-02-09,13048.0,13071.0,12722.0,12809.0,235298
2026-02-10,13023.0,13110.0,12968.0,13060.0,167157
2026-02-11,12969.0,13087.0,12907.0,13087.0,92473
2026-02-12,13029.0,13071.0,12900.0,12969.0,179716
2026-02-13,12963.0,13025.0,12873.0,13012.0,178236
2026-02-16,12981.0,12997.0,12861.0,12897.0,81768
2026-02-17,12984.0,13008.0,12838.0,12955.0,136174
2026-02-18,13052.0,13095.0,12986.0,12986.0,161603
2026-02-19,12688.0,13059.0,12637.0,13039.0,195303
2026-02-20,12766.0,12838.0,12578.0,12650.0,120589
2026-02-23,12976.0,12996.0,12759.0,12830.0,134369
2026-02-24,12960.0,13010.0,12900.0,12972.0,332450
2026-02-25,13041.0,13061.0,12866.0,12961.0,201537
2026-02-26,12937.0,13089.0,12830.0,13089.0,209041
2026-02-27,12677.0,12897.0,12640.0,12895.0,272915
2026-03-02,12521.0,12622.0,12325.0,12375.0,237506
2026-03-04,12107.0,12500.0,11888.0,12175.0,394665
2026-03-05,12288.0,12330.0,12030.0,12107.0,284992
2026-03-06,11987.0,12208.0,11948.0,12160.0,296585
2026-03-09,11378.0,11808.0,11329.0,11766.0,590742
2026-03-10,11654.0,11759.0,11531.0,11606.0,460885
2026-03-11,11462.0,11663.0,11430.0,11650.0,231139
2026-03-12,11089.0,11405.0,11059.0,11401.0,535730
2026-03-13,10616.0,11000.0,10573.0,11000.0,723904
2026-03-16,11099.0,11151.0,10652.0,10670.0,728077
2026-03-17,11116.0,11160.0,10991.0,11090.0,332933
2026-03-18,11247.0,11287.0,11116.0,11124.0,211865
2026-03-19,10814.0,11132.0,10778.0,11080.0,283817
2026-03-20,10934.0,10974.0,10853.0,10920.0,365903
