Date,Close,High,Low,Open,Volume
2015-01-01,1082.7421875,1093.4166804269978,1076.1066538239318,1087.6466715593092,76848
2015-01-02,1084.6170654296875,1095.3396854777725,1080.4819640930064,1081.924465873706,172991
2015-01-05,1088.2232666015625,1100.6288047864164,1082.8860807089427,1084.6170123263776,137885
2015-01-06,1055.8150634765625,1092.0698912882656,1048.9391154733541,1086.2518717402313,164585
2015-01-07,1064.085205078125,1071.297712116612,1038.3605966408545,1067.4510416960857,208499
2015-01-08,1083.174560546875,1095.3396823408195,1061.3927602424756,1067.4994450094905,228503
2015-01-09,1081.53955078125,1093.22383625807,1063.6525558912283,1090.8196671225544,148255
2015-01-12,1075.5775146484375,1086.540553194205,1069.374803079824,1082.83815491716,59612
2015-01-13,1106.0140380859375,1112.8418555233857,1076.106195018075,1076.106195018075,327470
2015-01-14,1116.0635986328125,1133.4697621222763,1107.8412920866717,1110.1493182567365,338840
2015-01-15,1103.8983154296875,1123.756775817735,1096.3011175404474,1117.5059361124606,117612
2015-01-16,1140.3458251953125,1145.8272851843624,1107.6491170994095,1111.4476582894056,343994
2015-01-19,1154.24169921875,1162.6562919020778,1146.4040836983486,1156.8862854906529,417946
2015-01-20,1164.291259765625,1173.23481803991,1149.6258245401261,1155.0592715609077,194900
2015-01-21,1177.947021484375,1190.4967170093691,1165.8780425130954,1173.2348253469745,257565
2015-01-22,1194.102783203125,1200.9307180551323,1177.9468356409302,1177.9468356409302,192743
2015-01-23,1244.494140625,1257.669058481185,1194.4394075347461,1198.237947973577,241916
2015-01-27,1297.4339599609375,1314.6478347255477,1227.6169106239383,1235.7429554758914,372173
2015-01-28,1367.0108642578125,1384.7055763764424,1280.941590707989,1293.4432728995835,473816
2015-01-29,1307.2430419921875,1362.5389380193683,1301.3287618084548,1356.9132051191675,228610
2015-01-30,1263.19873046875,1336.8143269084994,1251.754860670411,1336.6700532665836,294980
2015-02-02,1297.6263427734375,1307.0987465435842,1259.8808839411276,1298.2514502832717,202501
2015-02-03,1247.0428466796875,1304.5025035828003,1237.7147150259154,1302.0983338379,161039
2015-02-04,1259.303955078125,1277.4313692121434,1248.6774791765868,1251.0336356669402,151396
2015-02-05,1245.0230712890625,1280.9413352520369,1239.1569219857174,1264.5929848771984,127358
2015-02-06,1214.874755859375,1251.9951026523986,1209.3451670236336,1249.2062430657243,108730
2015-02-09,1185.1595458984375,1211.5572828517948,1179.870372437458,1202.0848774953517,86314
2015-02-10,1168.6668701171875,1196.8437854500373,1164.579781700814,1179.245216606625,144598
2015-02-11,1228.5302734375,1239.58945006727,1170.830221456091,1174.1960578216733,259947
2015-02-12,1245.5042724609375,1259.7850180808077,1223.9147564874072,1240.2631116838759,207270
2015-02-13,1247.6678466796875,1252.091495150542,1238.2434551360966,1246.3214882604473,101960
2015-02-16,1248.869873046875,1270.60354117167,1227.8574557496136,1254.9764399084424,174397
2015-02-18,1255.9381103515625,1261.7081169841117,1245.3597648585555,1261.7081169841117,311680
2015-02-19,1255.5054931640625,1267.430080445301,1242.7152639591004,1259.7848680877705,45964
2015-02-20,1284.692138671875,1297.1938210564228,1243.10000304636,1256.8999135849297,188335
2015-02-23,1305.3677978515625,1329.6017776478993,1297.7224689770528,1298.2033028411952,314114
2015-02-24,1301.0404052734375,1330.2269998656495,1293.4432060866066,1305.2717671210094,175082
2015-02-25,1262.8138427734375,1317.388479520956,1257.8612311146126,1307.8679467246736,92279
2015-02-26,1250.023681640625,1277.0946496886706,1241.0802428568156,1263.6313024780973,220880
2015-02-27,1252.2357177734375,1271.1325130466867,1240.6475741182683,1253.0531119046746,184480
2015-03-02,1296.4241943359375,1309.791398755935,1261.7080140732648,1262.6696817669183,214128
2015-03-03,1350.4700927734375,1358.788425048932,1297.7706521612522,1297.8187825060581,261983
2015-03-04,1363.5487060546875,1374.0789208051542,1322.485423301811,1365.56818482163,314313
2015-03-05,1354.50927734375,1397.640060460394,1333.9776905477152,1370.3767981646033,229156
2015-03-09,1310.8973388671875,1354.508945255744,1304.983059078484,1354.508945255744,156149
2015-03-10,1305.9930419921875,1335.612340687609,1290.7986433391527,1317.7253425483136,106063
2015-03-11,1295.462646484375,1329.5057094672138,1286.2306592494747,1310.7531877061936,130472
2015-03-12,1309.166259765625,1324.2163822872642,1273.824972874516,1298.2513551835923,117807
2015-03-13,1329.4093017578125,1351.0468225631444,1313.1089656498243,1313.637929781491,173201
2015-03-16,1368.69384765625,1375.040832359678,1309.7916883947391,1330.8522390211567,160844
2015-03-17,1395.427978515625,1407.8815284122943,1360.7598105897516,1376.146493960378,283042
2015-03-18,1385.6190185546875,1422.0181211069,1380.2818327286036,1407.6893648783332,198184
2015-03-19,1391.7257080078125,1406.9201074576426,1383.0226841345484,1400.140301951937,141486
2015-03-20,1359.9906005859375,1391.7256390309228,1352.1049713227114,1382.8783419360307,391071
2015-03-23,1305.17529296875,1374.3192207651343,1300.3669546990582,1361.480981063271,225885
2015-03-24,1303.2042236328125,1317.4849678720384,1282.8649249206564,1302.1944254236255,175387
2015-03-25,1371.0977783203125,1386.724879072692,1298.2995774641217,1298.2995774641217,338946
2015-03-26,1334.0255126953125,1371.4344132427725,1325.178215974703,1366.5299309869763,414179
2015-03-27,1302.050048828125,1341.0938547605322,1266.9973050675117,1334.025502637229,172279
2015-03-30,1289.1640625,1344.507984527033,1281.9515526222806,1317.4851376634,197216
2015-03-31,1316.7152099609375,1326.9569932157858,1281.9028903526469,1286.7112282759501,188491
2015-04-01,1336.7181396484375,1340.4205369167298,1299.2130983201719,1299.2130983201719,132827
2015-04-06,1357.0574951171875,1374.992622479518,1327.1015206475422,1341.4303938776784,231232
2015-04-07,1347.8736572265625,1370.3285784147647,1336.718333461506,1360.7600301064972,149342
2015-04-08,1328.9766845703125,1367.4915244625577,1323.2548084813498,1349.2198374268414,305178
2015-04-09,1317.1002197265625,1339.6032701403765,1304.5023947921181,1329.0249241450108,199931
2015-04-10,1342.19970703125,1349.7007628585777,1312.6765524060982,1317.0040575239204,180183
2015-04-13,1345.9981689453125,1358.2594316572086,1331.140333106842,1346.3347291493853,178785
2015-04-15,1334.3621826171875,1354.9899096580307,1325.226338655689,1352.7780267951277,110697
2015-04-16,1324.3607177734375,1351.1431401697612,1304.5983992650567,1338.641459869258,192463
2015-04-17,1267.7664794921875,1327.0051818307097,1254.976253098056,1327.0051818307097,282557
2015-04-20,1230.694091796875,1270.5071532906302,1218.0962699126815,1265.5545417500978,170718
2015-04-21,1176.5523681640625,1241.5130719854185,1173.3789350064958,1237.5702576672445,259560
2015-04-22,1214.4422607421875,1232.6659375322943,1168.5226193979863,1176.1198191404824,471038
2015-04-23,1247.860107421875,1257.3806420714175,1217.4714285754603,1217.4714285754603,518336
2015-04-24,1245.6962890625,1258.4383866740834,1226.126373944813,1254.9764062729262,370654
2015-04-27,1132.1715087890625,1245.1674713859654,1103.3214757855978,1240.5514191489772,450290
2015-04-28,1122.7469482421875,1144.8171732019562,1103.9944296205836,1129.9594554043429,476845
2015-04-29,1120.3428955078125,1136.5469731362975,1111.2070521538863,1120.3428955078125,372241
2015-04-30,1093.560302734375,1129.863253569287,1086.6843561178948,1120.3427211303958,548858
2015-05-04,1155.5400390625,1163.618072298826,1099.1863277996347,1099.1863277996347,224235
2015-05-05,1154.7225341796875,1168.4262994197961,1137.6529318630608,1161.5984819713617,80767
2015-05-06,1129.046142578125,1180.5433835190863,1107.8413203493765,1155.9247109895405,175887
2015-05-07,1124.23779296875,1144.1923998972436,1102.5040066903866,1134.7680084637364,201421
2015-05-08,1140.489990234375,1148.0871900638808,1126.8824834674203,1133.8064453374686,80236
2015-05-11,1202.6614990234375,1237.5700804967441,1139.5761267907055,1140.6339376917915,438636
2015-05-12,1191.458251953125,1201.1230601219097,1171.9844793610764,1200.3536789396162,129070
2015-05-13,1188.2369384765625,1221.1260539896152,1168.0900411525338,1196.0264256748,446265
2015-05-14,1199.7283935546875,1206.8446394797852,1167.5125307748053,1188.7172297221528,383250
2015-05-15,1200.8343505859375,1213.6245773191845,1179.9662094854511,1200.2093605247392,184809
2015-05-18,1223.5777587890625,1227.0878690399998,1198.141697488351,1206.3158721645577,158100
2015-05-19,1226.0302734375,1245.3597722937259,1204.0080578469071,1229.3961106599154,223496
2015-05-20,1256.467041015625,1266.5645523528271,1224.5877317442416,1230.3577382226429,195341
2015-05-21,1246.946533203125,1281.9031330453881,1239.8301682511378,1269.4014520779538,237550
2015-05-22,1258.9674072265625,1267.526274011781,1236.8009177727824,1250.119993148718,117761
2015-05-25,1228.0499267578125,1258.9194433335667,1222.0876326446385,1252.1877679323884,110271
2015-05-26,1192.5162353515625,1235.166179983762,1182.8514267376352,1234.8776326793404,223883
2015-05-27,1179.8221435546875,1191.0255971555232,1174.1964102760548,1182.85142067121,149441
2015-05-28,1175.3983154296875,1203.046261077962,1145.6347478534526,1182.4185364115917,438239
2015-05-29,1166.0701904296875,1190.977289388015,1157.847884822731,1173.234567677518,417282
2015-06-01,1178.3795166015625,1185.7362981338936,1157.8479342686196,1166.2143964717702,181381
2015-06-02,1160.73291015625,1177.0812610035211,1155.2514512403602,1177.0812610035211,112464
2015-06-03,1166.310546875,1174.1961744727716,1105.9177728449529,1161.7426256393362,277102
2015-06-04,1167.36865234375,1178.0431422359954,1144.1924801257348,1165.3010429424226,152960
2015-06-05,1149.914306640625,1177.4179830745302,1144.3847166233274,1177.4179830745302,90148
2015-06-08,1164.291259765625,1173.0425314196216,1149.9143718616576,1156.0209394445471,111351
2015-06-09,1127.0264892578125,1167.4646656974232,1120.8719094800183,1167.4646656974232,251965
2015-06-10,1157.9923095703125,1169.3880495685646,1119.3813237646457,1119.3813237646457,134566
2015-06-11,1172.5133056640625,1183.1397803650789,1155.1551572786923,1168.4262180699905,297957
2015-06-12,1133.1810302734375,1171.1188887765663,1126.1127966590432,1167.464504819879,129271
2015-06-15,1140.2974853515625,1202.0846356225622,1110.7262033152474,1111.6878710237454,111299
2015-06-16,1146.644287109375,1168.426080734615,1128.0360433758874,1128.0360433758874,200631
2015-06-17,1142.3170166015625,1160.540690950437,1135.393055738343,1154.914840684103,174430
2015-06-18,1143.807861328125,1157.3673556855217,1136.6914951560339,1144.4329689618887,185924
2015-06-19,1204.9697265625,1210.7397332339883,1147.6543504372655,1148.616018215847,453935
2015-06-22,1248.5811767578125,1254.8801468563413,1194.3430975216656,1207.8545750348133,409342
2015-06-23,1226.8477783203125,1256.419065158133,1219.394852369317,1250.1682240379432,265053
2015-06-24,1234.82958984375,1245.0712580365207,1218.52925014237,1229.4922865787403,113545
2015-06-25,1251.225830078125,1259.6885528560115,1229.8768539395205,1235.7430034739048,295158
2015-06-26,1259.35205078125,1274.2097705836984,1243.7249498212611,1248.5813015311003,283454
2015-06-29,1234.0599365234375,1253.245158013256,1217.615444190584,1248.2445334949712,163259
2015-06-30,1265.5068359375,1275.1716453644633,1230.8387783062572,1234.0603423182108,273137
2015-07-01,1279.6912841796875,1305.8487185633164,1256.8998044599928,1264.4008601959138,402115
2015-07-02,1268.96875,1303.4445159985833,1265.55478246776,1280.9414667530825,153699
2015-07-03,1251.225830078125,1283.826388823084,1240.6474853013056,1265.554702390396,143567
2015-07-06,1249.494873046875,1270.3630149045468,1233.24266565353,1240.551316598687,294876
2015-07-07,1253.3897705078125,1272.2865672639887,1245.4079977767167,1253.053210238078,135604
2015-07-08,1263.6793212890625,1282.8645424144738,1231.5114705367616,1236.7044989093054,336702
2015-07-09,1273.055908203125,1296.3282225113583,1265.5548522440263,1266.5165200648803,310982
2015-07-10,1277.6239013671875,1284.403589446394,1259.7849153423508,1272.2865977083436,158863
2015-07-13,1286.7113037109375,1295.3663124802936,1271.3246214543046,1277.094627300542,175378
2015-07-14,1297.4820556640625,1303.8291566013081,1284.7399582287514,1293.8758016729369,144436
2015-07-15,1311.329833984375,1325.899120692682,1288.6345035199954,1300.174513999279,211459
2015-07-16,1317.1002197265625,1330.852116476974,1309.2626035335961,1312.5804279395245,104971
2015-07-17,1307.2430419921875,1328.7362928827968,1301.7134523894695,1316.5231593254007,107946
2015-07-20,1298.63623046875,1317.4848960137952,1292.0968424226107,1316.9079188076275,80054
2015-07-21,1293.1544189453125,1312.2916283173647,1288.2499374959596,1298.2513043558777,100383
2015-07-22,1314.7919921875,1317.3885653325656,1274.209663447708,1288.6346785056064,103101
2015-07-23,1326.8609619140625,1344.4113968152633,1304.0213548508561,1314.5996991748675,818251
2015-07-24,1326.236083984375,1350.5663270968587,1317.6772167990887,1338.6416224986806,286276
2015-07-27,1307.483642578125,1331.6214831908246,1300.8481106446322,1329.746277757731,239786
2015-07-28,1280.65283203125,1314.7920354584953,1263.6313606591668,1314.7920354584953,118691
2015-07-29,1273.7291259765625,1291.5199820207802,1264.593280980883,1271.3249562408573,197121
2015-07-30,1282.9044189453125,1300.0967858182987,1274.9844087111442,1289.0376105428236,172360
2015-07-31,1313.4256591796875,1321.2974475243968,1283.6288799414644,1283.6288799414644,210203
2015-08-03,1331.632568359375,1338.683401110825,1308.7417088781874,1338.683401110825,197974
2015-08-04,1321.828857421875,1340.6148029972273,1305.6506888698552,1334.8196381427724,162803
2015-08-05,1326.9964599609375,1340.7116390874046,1317.4827526307297,1333.5160217526015,132363
2015-08-06,1382.3883056640625,1392.7713095319323,1332.9362785894277,1333.6123340056974,457090
2015-08-07,1387.84521484375,1413.875112636682,1382.194953527061,1383.112473998786,325877
2015-08-10,1396.248291015625,1406.2932664997797,1386.976051300607,1386.976051300607,200671
2015-08-11,1379.2008056640625,1425.8035866779758,1349.9835180853913,1405.3273860154152,378403
2015-08-12,1316.564697265625,1371.5221947044356,1294.301678860941,1371.5221947044356,226751
2015-08-13,1291.1143798828125,1337.7171618759644,1284.2567920198458,1323.2292503755025,168700
2015-08-14,1306.2784423828125,1328.0586514273955,1293.4807862872394,1295.2193829557364,168265
2015-08-17,1327.52734375,1335.5923758395304,1287.8788282231394,1321.2975886838253,93833
2015-08-18,1306.664794921875,1339.6006255091074,1294.2535068879022,1333.853800755368,123985
2015-08-19,1329.2657470703125,1352.011813009684,1283.3390250512407,1308.7412078330779,347458
2015-08-20,1292.5150146484375,1351.1910645699247,1289.4243069166307,1337.669011913121,239263
2015-08-21,1257.8887939453125,1291.3558943695061,1238.7648207764378,1291.3558943695061,231773
2015-08-24,1210.5133056640625,1228.961222111728,1154.2035776836815,1207.325918079165,328925
2015-08-25,1235.722412109375,1263.249446713932,1189.9405836075239,1213.0246818214068,298534
2015-08-26,1210.561767578125,1253.1079885140198,1202.7383176609794,1231.472680198955,181639
2015-08-27,1255.76416015625,1287.4926693499633,1213.7008678711459,1254.6533964633177,414799
2015-08-28,1296.90966796875,1313.570767780674,1259.4342194914796,1261.4142814129118,226525
2015-08-31,1294.4468994140625,1328.2520353117893,1262.3803605236874,1301.014801549661,208370
2015-09-01,1266.0987548828125,1301.9805113999807,1241.469301588525,1285.5608758704557,126534
2015-09-02,1265.4224853515625,1299.0827089126933,1260.4482789078547,1273.6323017275906,168729
2015-09-03,1280.4901123046875,1296.5233799662317,1270.107107434029,1273.4876206477318,95433
2015-09-04,1267.7889404296875,1291.2110662694324,1220.4617583205122,1286.5266646820708,127509
2015-09-07,1217.419189453125,1279.427523109427,1207.3259913268046,1270.3484080740636,122741
2015-09-08,1269.14111328125,1278.799721449296,1199.6474746733313,1218.5299829001024,180292
2015-09-09,1306.8096923828125,1322.9878611539966,1281.697311006646,1281.697311006646,182975
2015-09-10,1362.491455078125,1371.522229274808,1270.25175585577,1285.5606247639223,309451
2015-09-11,1324.5333251953125,1384.2717984403262,1313.5708275314291,1376.0619807682547,238000
2015-09-14,1320.9595947265625,1337.475791426454,1308.210160961275,1332.8879524596546,139241
2015-09-15,1320.3802490234375,1335.3510936369228,1306.56839038014,1327.092935414757,137718
2015-09-16,1290.5347900390625,1328.2515794029919,1284.8361883631267,1328.0584544253331,99528
2015-09-18,1323.5672607421875,1329.0243975831975,1301.0144357155284,1301.0144357155284,179322
2015-09-21,1317.144287109375,1323.2292571318087,1304.9262426706084,1317.4340925020342,102645
2015-09-22,1327.0927734375,1356.9861188075429,1311.0595073244458,1318.5931510170474,181094
2015-09-23,1322.843017578125,1335.7855767541614,1305.3609594962033,1310.6731942555293,118053
2015-09-24,1360.9462890625,1373.454140011841,1319.8488623953451,1331.9221231197812,177258
2015-09-28,1354.9580078125,1375.3859904506965,1347.0379951972075,1369.5908247605953,147381
2015-09-29,1391.225830078125,1405.3273732670934,1345.6854727177856,1352.2050326968597,385820
2015-09-30,1392.3851318359375,1405.3276922385178,1363.5058656450854,1381.1811683168937,312679
2015-10-01,1395.0408935546875,1424.692888107186,1375.0476240095857,1393.8819078633176,162812
2015-10-05,1428.556640625,1452.5099206948373,1398.9529798518442,1400.4983337429717,285834
2015-10-06,1447.825439453125,1462.2167899502247,1423.678917781125,1434.3517275213242,245563
2015-10-07,1429.184326171875,1464.1485614839291,1420.7813835053857,1439.1327406002888,193207
2015-10-08,1398.6629638671875,1439.180894096157,1384.1268299538167,1434.30325002413,127999
2015-10-09,1404.9896240234375,1424.6932105566505,1394.606619036148,1405.327651768016,117199
2015-10-12,1405.8587646484375,1419.8154063455593,1388.424929674654,1414.0202414217,111447
2015-10-13,1403.009521484375,1422.616544939658,1390.839697710001,1406.1969096194707,117775
2015-10-14,1392.0469970703125,1408.7080972954386,1388.6664839811565,1395.6689753801227,53177
2015-10-15,1392.578125,1408.2250225336472,1388.907806861032,1400.4981362646013,61684
2015-10-16,1390.839599609375,1406.7279631520723,1384.7546291999104,1406.7279631520723,82852
2015-10-19,1376.9310302734375,1399.0976047230674,1369.5905123211298,1395.6687519774562,167016
2015-10-20,1362.39501953125,1384.8995057752222,1355.2958482198437,1384.8995057752222,199443
2015-10-21,1335.8819580078125,1370.5563819491974,1332.887813312116,1357.0343316692195,227192
2015-10-23,1358.0003662109375,1373.212674722902,1337.7172881949846,1362.2501775662959,329820
2015-10-26,1371.90869140625,1385.8171103801683,1353.3158711755798,1353.3158711755798,206156
2015-10-27,1332.26025390625,1371.5225244001244,1321.2977559009648,1371.5225244001244,257255
2015-10-28,1298.4549560546875,1329.0728144666496,1288.892910457224,1325.1610310258457,345836
2015-10-29,1274.018798828125,1291.3076136865038,1257.1162339866316,1285.0778583775277,309069
2015-10-30,1267.93359375,1298.1167396686344,1260.9311038968767,1274.9360836031233,166319
2015-11-02,1295.943603515625,1303.6704891710192,1256.633119904975,1271.5556206657875,246234
2015-11-03,1302.4635009765625,1313.1363117163783,1293.3843843969519,1299.082987625863,195631
2015-11-04,1319.4625244140625,1323.2294054261556,1310.5283112752363,1310.6732139878052,280779
2015-11-05,1298.2615966796875,1327.0925130663775,1287.2991020482582,1327.0925130663775,203743
2015-11-06,1299.903564453125,1312.6046558961318,1289.4239997213658,1290.3898603953144,135338
2015-11-09,1278.9443359375,1290.389760456779,1256.922667115848,1290.389760456779,239119
2015-11-10,1229.4925537109375,1289.1828029490969,1225.9189156344942,1289.1828029490969,487049
2015-11-13,1206.35986328125,1226.5463729647754,1197.8602430241122,1226.5463729647754,139225
2015-11-16,1235.9156494140625,1242.918141309351,1171.5893336531049,1202.496884087482,285736
2015-11-17,1276.240234375,1284.5949544639434,1241.1312154031332,1246.9263806112413,271560
2015-11-18,1259.1927490234375,1299.3243146945995,1253.2044588858894,1279.765632388288,181288
2015-11-19,1274.1636962890625,1275.950633338362,1246.0571667053082,1262.3802400617533,148355
2015-11-20,1286.237060546875,1294.1088513631953,1272.71500639961,1281.6975609586182,136181
2015-11-23,1303.1875,1311.5422183183998,1286.526403557532,1286.526403557532,229252
2015-11-24,1283.3389892578125,1313.570474546405,1275.0809515014914,1308.741171331161,158839
2015-11-26,1292.8048095703125,1301.0146271880544,1261.6074554617164,1280.152055410616,185307
2015-11-27,1286.81640625,1302.9462346399673,1284.4017542213862,1289.4241832797304,88153
2015-11-30,1279.8138427734375,1289.2309851508721,1260.544849936317,1284.5948063577346,373088
2015-12-01,1294.6881103515625,1302.8979274569065,1266.2435558948093,1266.2435558948093,201618
2015-12-02,1332.26025390625,1339.6491136218117,1301.014676314766,1301.014676314766,250437
2015-12-03,1314.19873046875,1346.023801737707,1300.8698021441144,1340.6150039766042,228062
2015-12-04,1315.6954345703125,1328.0584990315563,1303.0910228303471,1303.8636406698495,189838
2015-12-07,1323.80859375,1342.2082864387787,1319.2207556263168,1323.518906294462,135849
2015-12-08,1301.3043212890625,1324.7264460182255,1294.2534901888018,1316.4682889009975,150588
2015-12-09,1314.87451171875,1330.6663114401406,1299.46907987891,1303.9120157594314,205079
2015-12-10,1345.975341796875,1355.2958040338488,1299.9037116893812,1328.058577104584,281558
2015-12-11,1333.9986572265625,1366.693021474175,1318.496544344783,1352.2051095857564,338710
2015-12-14,1352.2535400390625,1361.7672459001717,1317.4342089821357,1331.922121837511,142947
2015-12-15,1344.5263671875,1366.692821980004,1328.058395916965,1363.7952400252761,163136
2015-12-16,1330.7630615234375,1357.0344282036458,1326.1752227092259,1347.3758201737267,106199
2015-12-17,1375.820556640625,1383.1128538342393,1342.4017919930964,1342.5466947134028,232468
2015-12-18,1396.538330078125,1403.733946782641,1363.3610310027968,1375.8688827759458,334044
2015-12-21,1400.4498291015625,1407.6937851496818,1383.7405078923257,1396.5381635773365,157640
2015-12-22,1399.9669189453125,1412.5231096103125,1384.0785556111584,1400.4981895576968,153141
2015-12-23,1380.939453125,1410.2533042793987,1374.709698241998,1410.15674178178,195097
2015-12-24,1387.797119140625,1395.6689085375308,1379.5873020315807,1389.6322783102923,63405
2015-12-28,1393.10888671875,1402.4294642455893,1388.5210492840624,1398.566022195326,75240
2015-12-29,1410.0120849609375,1420.9263608624115,1393.9788167637491,1397.6007953280061,144460
2015-12-30,1412.2333984375,1419.7670419684798,1406.2933309111013,1419.7670419684798,144226
2015-12-31,1416.3865966796875,1420.2018177799143,1399.24256658785,1412.7163961905203,223953
2016-01-01,1410.9296875,1429.4741701132643,1399.532481414946,1408.7081602095918,107024
2016-01-04,1400.5948486328125,1419.8155038643533,1395.6689816897897,1400.8846540600834,121226
2016-01-05,1418.366455078125,1446.5695406975371,1383.4989069676496,1401.4638926240104,667535
2016-01-06,1405.6656494140625,1429.4741443859439,1395.7655751032814,1405.327621676722,233987
2016-01-07,1348.9693603515625,1400.498004738424,1333.0808812112284,1382.146651572886,184861
2016-01-08,1356.599853515625,1369.6389745051129,1339.2143588629747,1352.2534798524625,168754
2016-01-11,1314.3916015625,1360.994383583409,1308.7413396545398,1357.0343780181759,189400
2016-01-12,1314.97119140625,1326.5132991680118,1304.8779928051633,1313.9087680644936,117095
2016-01-13,1318.7381591796875,1348.1969166954807,1285.367735751923,1317.820638483815,165141
2016-01-14,1329.79736328125,1347.086179445929,1292.4184748943303,1309.1279159899045,114952
2016-01-15,1317.6756591796875,1350.7563931557947,1312.6048897380945,1331.5357387394547,121314
2016-01-18,1304.0087890625,1335.061240853203,1297.1995403989374,1310.0454197409827,170876
2016-01-19,1360.4146728515625,1371.5220698964988,1302.994306593467,1318.9792289903053,150741
2016-01-20,1312.894775390625,1386.0103987414536,1299.179479797202,1360.8980152102497,477896
2016-01-21,1321.1527099609375,1338.1518369526584,1312.7014277161823,1331.922081773412,189511
2016-01-22,1354.28173828125,1362.8295827426718,1324.2434911153462,1329.9903156886314,159715
2016-01-25,1372.584716796875,1380.1184779647615,1353.12259869894,1358.9661035191657,113996
2016-01-27,1344.478271484375,1396.6347561540274,1340.421703171242,1396.6347561540274,228839
2016-01-28,1361.23583984375,1376.013556647232,1333.3224402721314,1351.2392045486533,186359
2016-01-29,1422.712646484375,1435.0273689844944,1367.6585929544299,1371.4254728291646,318543
2016-02-01,1447.245849609375,1455.7453539270493,1419.8153792460757,1431.4057088725742,216940
2016-02-02,1385.3343505859375,1472.9378879751512,1375.9654290157393,1455.4558290820676,282208
2016-02-03,1433.86865234375,1446.7145298347439,1361.912025024965,1371.473952319483,290952
2016-02-04,1373.4058837890625,1458.449984693458,1363.7956148259357,1458.449984693458,239809
2016-02-05,1406.2449951171875,1411.0742991533095,1366.789604722657,1385.0443975597843,127527
2016-02-08,1403.975341796875,1420.7813445722672,1384.0786313882115,1398.5665444871809,104129
2016-02-09,1386.2032470703125,1404.168350640631,1371.618773895813,1386.0101220890288,94810
2016-02-10,1397.6005859375,1406.8728260922285,1373.1642603905514,1376.3516482107377,214115
2016-02-11,1374.2269287109375,1410.0603443385978,1365.5824029580185,1381.1810799944885,92229
2016-02-12,1356.6962890625,1384.0784169975334,1294.2533696976238,1376.4480937000753,362415
2016-02-15,1395.2823486328125,1420.9742197641742,1337.717074287383,1376.351502425647,295431
2016-02-16,1375.5789794921875,1405.3275409216694,1364.7613851012502,1392.2884194079631,127262
2016-02-17,1373.2607421875,1384.6578273054445,1323.229112523617,1371.5704860218677,178587
2016-02-18,1381.084228515625,1403.3472467477563,1371.5221840742424,1381.1807910043426,163690
2016-02-19,1379.92529296875,1390.3082966828933,1366.6930470244558,1376.8345855359448,116095
2016-02-22,1379.3460693359375,1400.4018862790533,1358.966425834014,1377.3177848182686,91313
2016-02-23,1388.183349609375,1396.5862908925278,1371.5705920300456,1376.3515555354736,108844
2016-02-24,1389.5355224609375,1410.156624867283,1376.254937808934,1388.1832938976045,175968
2016-02-25,1395.3790283203125,1407.838656021969,1384.0785043019077,1384.0785043019077,151914
2016-02-26,1384.657958984375,1405.3274027846098,1377.3657810037766,1400.498098994972,81389
2016-02-29,1413.8753662109375,1432.8545552862154,1368.2384415481308,1390.743046267895,251871
2016-03-01,1446.086669921875,1447.8252664356692,1424.8377333897972,1428.5080514065073,255374
2016-03-02,1446.714599609375,1492.1583981616,1439.3740809886438,1458.44983210391,370595
2016-03-03,1380.02197265625,1449.1292428783581,1369.8804341500222,1438.1667462641171,462370
2016-03-04,1361.9603271484375,1387.942006948165,1332.8879398667139,1386.0102852961843,345879
2016-03-08,1359.98046875,1364.7130927727244,1344.0919864211926,1361.863850317987,185424
2016-03-09,1346.50634765625,1357.2273776017619,1329.8452509602917,1357.2273776017619,431486
2016-03-10,1356.1168212890625,1376.3515566626888,1342.594770907815,1352.1084756311795,296303
2016-03-11,1366.5,1375.2893102975813,1353.1710728917117,1356.0686554889103,198719
2016-03-14,1360.2216796875,1377.655394692465,1350.8527600957132,1376.3515063196933,117752
2016-03-15,1307.9686279296875,1360.801283612716,1303.9120597937226,1360.2217907222819,190320
2016-03-16,1313.57080078125,1321.297687844669,1278.799808995864,1309.2244268080767,284410
2016-03-17,1335.689208984375,1343.8990275366434,1320.5734606575484,1327.962320935181,206801
2016-03-18,1348.7279052734375,1352.7362507596536,1308.596346020937,1332.2117108814143,256494
2016-03-21,1353.460693359375,1366.692938250526,1332.5014446953348,1352.2050272443366,399776
2016-03-22,1348.2227783203125,1378.3901966623928,1339.104621036195,1359.8629488762228,287944
2016-03-23,1350.4051513671875,1368.9809450417533,1340.5594845820854,1340.5594845820854,188225
2016-03-28,1333.8179931640625,1364.2279128301968,1326.057880028976,1356.4677996951104,128023
2016-03-29,1296.7635498046875,1326.8339920967076,1288.5669766084213,1319.219403778943,229900
2016-03-30,1281.2431640625,1309.4705520952161,1265.8684634943818,1300.98292829784,285966
2016-03-31,1289.4400634765625,1306.6092693174219,1253.2584825227239,1275.5688115459614,490746
2016-04-01,1308.50048828125,1312.429092796607,1284.2986835644551,1296.9088670133508,192858
2016-04-04,1313.7386474609375,1323.9237960909081,1300.303975092915,1315.339194499062,145809
2016-04-05,1306.8515625,1326.9793560957505,1300.3039669929485,1312.1380922491287,124200
2016-04-06,1308.6944580078125,1315.7270597562188,1295.2112392495746,1301.7588339808494,71835
2016-04-07,1313.884033203125,1330.9562568333415,1306.0269430652893,1309.5189699698922,108498
2016-04-08,1329.5501708984375,1338.6197812415255,1302.729250874905,1309.9073806302194,413123
2016-04-11,1312.3323974609375,1340.9478199064094,1305.7362527196956,1317.2794468118932,220906
2016-04-12,1308.79150390625,1317.7641341905803,1305.250928814773,1309.5190144698443,153608
2016-04-13,1307.6761474609375,1322.1293830337565,1300.4495888794975,1309.6161759026597,189753
2016-04-18,1320.528564453125,1325.039153334967,1296.9087467121897,1310.2464395074721,274622
2016-04-20,1344.8275146484375,1349.7260145988655,1322.8566725371475,1327.4642393159202,309626
2016-04-21,1334.9818115234375,1359.4261177655678,1325.233123137992,1359.4261177655678,311154
2016-04-22,1317.61865234375,1348.319622833417,1315.3391428504415,1328.9193404904902,193174
2016-04-25,1285.4141845703125,1327.9492783881983,1280.4671364336118,1315.339095320962,235523
2016-04-26,1286.287353515625,1289.9733363615812,1266.0140334280957,1279.4487061679636,239769
2016-04-27,1277.3148193359375,1298.8490884496164,1270.7672231096233,1290.0219824042774,231338
2016-04-28,1273.7740478515625,1285.2686913335797,1256.1682681335742,1285.2686913335797,409825
2016-04-29,1272.8043212890625,1284.5414709493316,1257.332521746477,1274.6958018604046,181374
2016-05-02,1267.3721923828125,1275.9082469165521,1254.2769997321261,1263.928594358839,138461
2016-05-03,1255.1983642578125,1284.2987900134033,1251.3668555639674,1274.598648094873,271266
2016-05-04,1267.468994140625,1270.718517813353,1241.6180937412914,1246.4681644199682,214814
2016-05-05,1262.764404296875,1274.1620699858915,1253.5976999946474,1272.6585007650726,115007
2016-05-06,1292.6407470703125,1296.8602846616077,1249.7661718414167,1257.768788049361,214154
2016-05-09,1296.423828125,1304.6689478699027,1288.1787083800973,1301.8558833337747,240658
2016-05-10,1261.9884033203125,1304.6690257231517,1257.138332592717,1302.7289974321134,395379
2016-05-11,1280.7098388671875,1283.231852190356,1251.3183602508086,1255.149869106205,270580
2016-05-12,1282.9407958984375,1288.7608812738213,1270.8156180330545,1285.268853730579,149049
2016-05-13,1283.8624267578125,1292.058999926401,1272.125159432928,1292.058999926401,110336
2016-05-16,1303.5535888671875,1305.9786244227726,1285.9478070516525,1290.1189155712343,259988
2016-05-17,1298.0245361328125,1323.0993797279268,1292.8834134663757,1306.6091381917283,215961
2016-05-18,1316.1636962890625,1317.6672656090034,1288.178811306742,1294.9689104627264,149865
2016-05-19,1281.3887939453125,1323.972442195203,1271.6886516747197,1318.2493345735652,102928
2016-05-20,1289.3426513671875,1302.7288928648375,1273.1920118686162,1278.0420822069068,175391
2016-05-23,1317.861083984375,1322.42022113222,1294.8232499588516,1294.9687757504705,192837
2016-05-24,1319.8013916015625,1328.8710013407856,1300.7891355984439,1328.8710013407856,152475
2016-05-25,1299.7220458984375,1328.8224718007386,1282.8437751931156,1326.882443407252,362778
2016-05-26,1305.542236328125,1316.1154156069956,1297.2485669133819,1308.54925689846,168898
2016-05-27,1307.7730712890625,1316.697272799055,1295.938945646385,1299.3339952794406,112823
2016-05-30,1357.0982666015625,1364.2278465158727,1307.7729551564,1308.3065102724731,338648
2016-05-31,1328.0465087890625,1362.8700446438004,1305.8817064780899,1362.8700446438004,519143
2016-06-01,1371.0665283203125,1375.4801403093986,1328.0464220850067,1334.73954376991,281108
2016-06-02,1359.377685546875,1371.599838644896,1349.4350417377448,1367.7197825242597,149565
2016-06-03,1325.5245361328125,1366.7015956541884,1319.316420953384,1361.1725615282614,223031
2016-06-06,1313.4478759765625,1324.069484920186,1302.4381192311378,1324.069484920186,112677
2016-06-07,1309.1796875,1321.8383017523192,1302.1955142205038,1314.3692397832085,156744
2016-06-08,1319.995361328125,1337.1645651819383,1307.5791322925302,1312.429203258007,270174
2016-06-09,1346.9132080078125,1352.5877671566689,1312.089676013476,1326.0093555148387,216724
2016-06-10,1314.66015625,1347.2526063070918,1300.255352146308,1347.2526063070918,301458
2016-06-13,1279.1575927734375,1312.8655839729333,1273.7255372980944,1310.7316002393827,219740
2016-06-14,1285.9476318359375,1288.1787116070575,1270.0879251453503,1280.4185988865331,164119
2016-06-15,1282.6982421875,1297.200025393441,1275.5686615634104,1292.058902815561,239179
2016-06-16,1268.390625,1286.820895973507,1263.9771311549423,1280.4188255278566,263697
2016-06-17,1256.119873046875,1280.612732223194,1251.3183499980676,1279.448762517404,335605
2016-06-20,1261.06689453125,1265.8684170249605,1241.6180642083905,1241.6180642083905,120646
2016-06-21,1268.0025634765625,1278.3332387845082,1263.9285510443867,1269.7486364674612,114652
2016-06-22,1267.177978515625,1272.4646267514468,1252.5307883321207,1272.4646267514468,101446
2016-06-23,1264.025390625,1268.6815058185111,1254.2768196528575,1265.8684411561785,119245
2016-06-24,1266.8870849609375,1270.6700455881653,1229.83247171812,1250.2513178581105,139827
2016-06-27,1263.782958984375,1273.6771747309515,1252.5793661781684,1252.5793661781684,174336
2016-06-28,1279.594482421875,1286.190509105068,1264.171230226095,1265.1897926806112,231423
2016-06-29,1276.2476806640625,1285.9963710824447,1270.9126023755816,1285.2688604067428,129610
2016-06-30,1276.0535888671875,1285.1717453772626,1268.0509722893432,1276.5385959325115,239072
2016-07-01,1289.973388671875,1298.8490424798454,1275.13224213013,1276.5387153872116,194781
2016-07-04,1303.213623046875,1307.5786854240323,1290.1669839724404,1294.9685052233556,113802
2016-07-05,1304.9600830078125,1309.5191021476135,1290.6523742991626,1302.6804550279815,99081
2016-07-07,1316.5517578125,1323.4873829447426,1272.7555935040739,1272.7555935040739,142705
2016-07-08,1329.113037109375,1347.5918498062929,1322.420035732447,1326.009039902971,232027
2016-07-11,1321.11083984375,1338.6681922232021,1316.2123390035226,1333.769572973034,143710
2016-07-12,1337.3585205078125,1340.5596147086453,1317.7642811734404,1322.517374401066,135544
2016-07-13,1349.2412109375,1354.1398300362046,1333.7695317333678,1340.5596311676468,188248
2016-07-14,1329.6954345703125,1348.3196587516877,1326.9793476059776,1348.3196587516877,120880
2016-07-15,1338.0859375,1342.4025714026345,1327.5128782643933,1335.4183986559854,158804
2016-07-18,1320.8681640625,1341.5295119356747,1318.3461510626105,1334.7394131767812,90889
2016-07-19,1301.1771240234375,1326.9794791017612,1291.5739593742653,1326.9794791017612,252487
2016-07-20,1293.46533203125,1302.8745404127922,1287.2573361460268,1301.7590004487522,218106
2016-07-21,1293.02880859375,1309.5190484632876,1288.178738043886,1293.7077711067607,236119
2016-07-22,1294.19287109375,1303.6505093451087,1289.7308295494547,1299.9645265084882,76202
2016-07-25,1312.380615234375,1314.2722138992904,1281.4856878067437,1294.9689083623152,125998
2016-07-26,1314.3692626953125,1320.6258070246101,1306.8516525212249,1312.42923426329,80600
2016-07-27,1316.40625,1331.3444923944644,1300.7890450280343,1314.3692438575588,179374
2016-07-28,1307.5306396484375,1321.9354457545082,1300.7890880846076,1316.4062935735085,374325
2016-07-29,1321.06201171875,1324.0690312579409,1301.9042363580581,1308.2577566342686,107074
2016-08-01,1332.4114990234375,1337.6495994545583,1322.1293720497192,1322.6143791561205,126523
2016-08-02,1320.6741943359375,1347.2526043012897,1315.3391167973055,1333.672406930226,147724
2016-08-03,1300.01318359375,1326.9796298688086,1296.4727259466983,1319.219515074254,82995
2016-08-04,1317.76416015625,1324.117799900804,1296.9088569222718,1300.7889133378956,151809
2016-08-05,1321.595703125,1326.9793289066847,1302.243968609082,1326.9793289066847,133991
2016-08-08,1363.2095947265625,1367.7201849760268,1319.2194691967352,1321.59595690594,221666
2016-08-09,1360.2991943359375,1399.7302895852395,1342.4994600041382,1364.712805676075,268271
2016-08-10,1339.0560302734375,1368.3989592810303,1332.4114568082505,1364.3249470803134,122331
2016-08-11,1341.18994140625,1350.2595490342308,1324.9422061718224,1341.529422639613,131800
2016-08-12,1373.2489013671875,1380.330051595985,1337.8433870430458,1342.7905536354535,316873
2016-08-16,1369.853759765625,1389.9815507994297,1358.0196360157397,1381.8819573666046,221890
2016-08-17,1370.193603515625,1380.1846787146542,1361.317949916971,1372.4731132002134,141459
2016-08-18,1357.777587890625,1374.946794540334,1353.3639752293382,1370.6302780421167,109024
2016-08-19,1351.0841064453125,1363.5487638647642,1345.458095748984,1353.1696604283156,82979
2016-08-22,1332.605224609375,1362.6756573467514,1328.9191242001853,1354.6730421827722,156224
2016-08-23,1313.30224609375,1333.7695219855038,1307.676116382491,1333.7695219855038,172803
2016-08-24,1317.230712890625,1324.0693602470838,1304.6690765804597,1304.6690765804597,165437
2016-08-25,1314.854248046875,1323.9238571345213,1307.579141547169,1317.2307354728043,165854
2016-08-26,1311.4591064453125,1322.5172912319406,1303.6504453188525,1314.8541559072642,100278
2016-08-29,1301.0802001953125,1316.2608289384734,1288.2759406625235,1307.4822707567341,116272
2016-08-30,1302.00146484375,1309.0340672800453,1296.617839063029,1299.0428743858893,140266
2016-08-31,1309.4705810546875,1327.9493983518994,1305.5905243757923,1309.519129127147,374014
2016-09-01,1316.0181884765625,1331.8294669485192,1305.3965805870137,1311.4591692020379,409739
2016-09-02,1333.0421142578125,1336.679667780437,1306.6092253267407,1317.2793823264394,212780
2016-09-06,1362.7730712890625,1365.7800918433763,1330.8595781314718,1333.4785692958867,244571
2016-09-07,1335.467041015625,1372.5215358465277,1330.8594735961049,1367.7200129522653,257776
2016-09-08,1323.3902587890625,1343.954509953432,1317.2791227114838,1335.4668867400849,202360
2016-09-09,1312.5262451171875,1324.7969489413008,1307.6761739147664,1322.2749355980302,129028
2016-09-12,1273.5802001953125,1309.4222988488173,1267.9056403453912,1304.6692051999287,206870
2016-09-14,1255.683349609375,1274.5986260229577,1248.1171916799685,1265.868498447458,212815
2016-09-15,1240.551025390625,1260.9697506430277,1234.8279186606455,1259.563277596896,278462
2016-09-16,1266.353271484375,1280.2729486417652,1235.0703201206284,1245.9829775730982,339922
2016-09-19,1261.2608642578125,1274.1135513959905,1251.3182194905428,1262.9583889741757,139657
2016-09-20,1258.4478759765625,1271.688593249592,1251.3182954172187,1257.1383805121825,163986
2016-09-21,1272.5130615234375,1278.3816945988049,1259.6603738084,1260.8244618549668,250010
2016-09-22,1301.759033203125,1304.669075751269,1279.1576553818988,1279.1576553818988,341784
2016-09-23,1299.091552734375,1307.2396959182995,1284.298835781454,1304.4266309796906,239458
2016-09-26,1296.8604736328125,1302.6321293303572,1287.208879436582,1300.789078616772,158922
2016-09-27,1317.1337890625,1320.674364658556,1295.793476155788,1310.4892153167161,151778
2016-09-28,1318.346435546875,1329.647126030437,1306.609285984314,1320.7230416712875,210283
2016-09-29,1295.9388427734375,1325.9123022650776,1287.7422709596863,1314.4660884754142,290220
2016-09-30,1274.0164794921875,1291.0887031242435,1251.3181269949466,1280.5155262761784,259945
2016-10-03,1302.7291259765625,1309.519225665197,1272.3192031958813,1293.1259613063628,145959
2016-10-04,1316.4549560546875,1322.5659752153617,1295.1146410473564,1303.6992440842243,120626
2016-10-05,1303.505126953125,1322.614359294394,1284.7838055632012,1321.0623602592043,250901
2016-10-06,1298.7034912109375,1308.0156038720595,1292.5439247076388,1304.6691022377292,110326
2016-10-07,1280.0308837890625,1299.819199765998,1275.5688415614084,1299.819199765998,180271
2016-10-10,1303.74755859375,1309.5190953909457,1280.2731452452285,1280.370122977716,67070
2016-10-13,1306.1239013671875,1309.5674985639455,1289.1486557125825,1307.0453673387565,228691
2016-10-14,1287.645263671875,1316.3092297831527,1281.0006902838436,1307.5305541733892,222752
2016-10-17,1308.5977783203125,1310.9742658815367,1283.0378079682525,1294.2900680563446,158014
2016-10-18,1336.8253173828125,1341.044856177764,1297.8792170458214,1308.5493750334927,191501
2016-10-19,1324.2635498046875,1351.6180256559321,1319.219522523726,1348.3199531676319,147752
2016-10-20,1313.156494140625,1334.6423286039303,1309.5674895907814,1328.7252666982808,99224
2016-10-21,1329.06494140625,1336.6795289742254,1313.399188846953,1313.399188846953,113541
2016-10-24,1283.8135986328125,1331.3442872108312,1279.98209048896,1328.9192520792997,327825
2016-10-25,1280.8067626953125,1291.5738965436556,1278.5272530262837,1290.118875255773,122050
2016-10-26,1288.9063720703125,1293.1744582449505,1273.3861448243106,1282.2132503884868,81388
2016-10-27,1291.185791015625,1294.1928111512057,1275.2291058638007,1287.9362673463697,58572
2016-10-28,1299.8189697265625,1302.2440051178435,1288.6638069266703,1292.592411624518,61241
2016-11-01,1297.6851806640625,1310.586299835533,1292.0590503481167,1304.6206881958549,87648
2016-11-02,1262.3280029296875,1285.268863303854,1261.0185073924604,1281.388806358031,132149
2016-11-03,1241.0843505859375,1260.9212077025202,1238.2228566829885,1260.9212077025202,229850
2016-11-04,1247.0501708984375,1256.168327614848,1217.3677615109145,1246.4681860888645,126910
2016-11-07,1242.1517333984375,1274.0651059076392,1231.9665842801978,1261.0184622582497,96398
2016-11-08,1240.7938232421875,1257.1385406168283,1234.2462266764749,1246.4198351712005,317694
2016-11-09,1257.8660888671875,1271.6887931404533,1164.987216294191,1177.5974026487493,164165
2016-11-10,1265.6744384765625,1291.0887604007214,1253.2582106970187,1278.4785771661539,124982
2016-11-11,1227.7955322265625,1260.048505915311,1222.2179503104633,1260.048505915311,202269
2016-11-15,1153.8804931640625,1222.2179493994433,1138.1177616737918,1222.2179493994433,410902
2016-11-16,1136.905029296875,1178.5670859165414,1131.0363968548866,1176.6270577915757,302184
2016-11-17,1133.7041015625,1164.0170454545455,1125.701484375,1139.766690340909,181797
2016-11-18,1160.37939453125,1170.5645428218065,1126.1863966986677,1141.70662266523,160168
2016-11-21,1113.23681640625,1168.8671068990864,1108.0956938003128,1160.1369791297157,280192
2016-11-22,1143.2589111328125,1152.328521797095,1115.5165238732602,1115.5165238732602,263843
2016-11-23,1154.65625,1159.166839206932,1130.6969493067213,1151.4067264758396,212501
2016-11-24,1195.63916015625,1260.048109529338,1137.34134597625,1145.683442187997,335857
2016-11-25,1166.73291015625,1187.2486119431644,1157.2267254000624,1182.4470899100386,135157
2016-11-28,1199.761962890625,1207.619053726356,1165.9569938636682,1171.7770786916067,173989
2016-11-29,1188.55859375,1206.6978141713932,1182.2049525895384,1205.7277998513198,269253
2016-11-30,1159.4581298828125,1197.7251463148411,1153.2984444044196,1183.4174355165874,513631
2016-12-01,1171.0010986328125,1184.4843197380565,1154.3169017032612,1157.2269443125972,177639
2016-12-02,1162.0284423828125,1191.1288678533276,1159.2154959819436,1173.6686125710185,186602
2016-12-05,1162.949951171875,1176.0935714408645,1154.4137795590839,1173.717084212834,269574
2016-12-06,1181.4774169921875,1190.2075456891741,1162.077130998884,1167.897216796875,127886
2016-12-07,1189.3829345703125,1195.057493956218,1181.4772951612608,1184.484315498157,116776
2016-12-08,1187.3944091796875,1199.5681352728643,1182.447360230686,1194.0875311271325,116515
2016-12-09,1188.3643798828125,1193.6994580148887,1178.5672600858966,1188.2674021442167,72551
2016-12-12,1189.722412109375,1199.8105834358282,1179.0522559469591,1187.2973766179168,49462
2016-12-13,1200.58642578125,1204.757533850177,1186.1817398193743,1202.7205278855556,71030
2016-12-14,1200.8778076171875,1214.4580089957342,1193.0691444605397,1197.9677644646417,111709
2016-12-15,1171.340576171875,1200.1984957048428,1167.896978745988,1193.117345396649,122873
2016-12-16,1179.3916015625,1188.7522611647125,1156.353767043804,1173.7170428472477,206152
2016-12-19,1159.7491455078125,1176.7243968132839,1155.2871031323655,1176.6274190592437,163836
2016-12-20,1144.4227294921875,1165.9569960316287,1141.270183537859,1155.335388564863,225371
2016-12-21,1144.47119140625,1157.9058639390128,1129.0964905392273,1144.616717213306,182246
2016-12-22,1124.5374755859375,1149.4667924118241,1120.366367287474,1149.4667924118241,143555
2016-12-23,1102.3240966796875,1125.2164067910364,1098.2015365685995,1125.2164067910364,210102
2016-12-26,1092.2359619140625,1102.6636143035619,1078.2677341010256,1100.9660894959688,129792
2016-12-27,1106.8829345703125,1110.666012793688,1084.3786574829112,1090.7807261017485,122414
2016-12-28,1120.3665771484375,1128.8542027328954,1110.7149817049503,1112.4125068218418,150297
2016-12-29,1125.3616943359375,1129.0962243168603,1108.2409246409045,1120.3660988711113,173151
2016-12-30,1144.5198974609375,1149.4669467141732,1134.4802731273226,1134.916732198804,108026
2017-01-02,1153.5406494140625,1155.2381739846658,1135.886441243754,1144.6165676068572,65245
2017-01-03,1169.3037109375,1174.4448341810255,1143.0648947114516,1154.3170371054473,118476
2017-01-04,1184.338623046875,1192.5353129264988,1171.1950035370573,1173.71701641928,167158
2017-01-05,1171.0496826171875,1193.9905429062549,1166.9271221275433,1187.2974210175503,122753
2017-01-06,1160.621826171875,1182.7381941682866,1152.9102617363724,1173.7170160200324,138714
2017-01-09,1154.995849609375,1170.7585802097083,1145.6837370597805,1160.2339499216266,95226
2017-01-10,1161.010009765625,1170.2735742507011,1137.7780988276902,1162.6105568639694,106111
2017-01-11,1163.3380126953125,1170.2735191114684,1156.2568620653365,1164.1139529661768,102818
2017-01-12,1169.8372802734375,1180.0224307235794,1156.984590419687,1164.9872086305127,129905
2017-01-13,1151.794921875,1169.8371628943678,1149.4668640379982,1169.8371628943678,134476
2017-01-16,1141.318603515625,1155.3353787626745,1138.1176279274223,1151.794803500482,133225
2017-01-17,1132.103515625,1147.6237423655634,1125.4589422336828,1136.856608746284,175754
2017-01-18,1139.3787841796875,1144.3258334758132,1125.2165989439347,1132.1036768589292,129619
2017-01-19,1144.47119140625,1159.7489145385462,1136.953581610993,1149.4667880489556,177150
2017-01-20,1120.0753173828125,1146.508203577798,1115.5162981370083,1146.3627961799007,129650
2017-01-23,1114.449462890625,1123.082613919605,1103.439824169431,1123.082613919605,423831
2017-01-24,1139.1846923828125,1141.173150433272,1111.6362656089457,1121.1424520680052,112195
2017-01-25,1185.211669921875,1189.964762555579,1138.6995425440134,1144.6166046998844,394691
2017-01-27,1195.5911865234375,1202.817745777232,1185.35748817724,1188.267531110572,251629
2017-01-30,1202.429443359375,1212.5176135863985,1183.9021979057595,1183.9021979057595,197401
2017-01-31,1193.166015625,1208.3466431467843,1185.3573539408746,1202.8176095635718,136631
2017-02-01,1198.2586669921875,1206.6977437201433,1189.237486978212,1194.5725654271355,113915
2017-02-02,1193.311279296875,1198.8404306240566,1182.8836278892957,1198.2584458553854,87560
2017-02-03,1227.2132568359375,1233.372822159628,1193.0202627493256,1193.3111959083697,224355
2017-02-06,1228.95947265625,1246.3712990077609,1217.804309090022,1242.3942643748326,154621
2017-02-07,1219.3077392578125,1232.6939813725846,1205.7275416845353,1231.5298933917768,58065
2017-02-08,1199.1314697265625,1236.768066890821,1188.558410000305,1213.4877268081702,219476
2017-02-09,1203.49658203125,1207.4251869426182,1191.1774489379675,1198.5495332461498,184922
2017-02-10,1189.2373046875,1227.552862220254,1183.4172199989803,1205.2425375809287,127799
2017-02-13,1180.3616943359375,1197.821949029879,1172.5531514771053,1184.3872767390267,162416
2017-02-14,1209.559326171875,1217.3679889229716,1154.0260055616438,1174.6873582356322,506834
2017-02-15,1194.66943359375,1223.7214291650496,1185.9393060235311,1222.2178598306498,129756
2017-02-16,1217.8040771484375,1221.1506966268762,1183.7081784265235,1193.117267235061,148914
2017-02-17,1233.8096923828125,1243.558383863666,1206.6978389441501,1222.2180683839463,241550
2017-02-20,1240.066162109375,1255.8773223340386,1213.4877496657248,1241.618161128799,68660
2017-02-21,1245.4012451171875,1254.5194022063642,1229.9779957783583,1238.6595754350592,201985
2017-02-22,1286.43310546875,1291.380273850355,1253.6951180550077,1255.1986878039215,517355
2017-02-23,1283.9107666015625,1303.650531815216,1275.5686681949742,1290.9919175988625,321408
2017-02-27,1254.27685546875,1292.0588595920988,1246.4681941260112,1280.4186896858637,274556
2017-02-28,1262.6190185546875,1270.7186135161041,1238.5626188126976,1267.8085708897313,214423
2017-03-01,1286.09326171875,1298.606468175311,1266.9840299618613,1280.1761989724494,217624
2017-03-02,1280.952392578125,1297.8305461608925,1272.9497748445922,1296.909079967676,128015
2017-03-03,1209.025634765625,1250.251235271927,1204.7575489135752,1246.9531635494372,11491327
2017-03-06,1213.148193359375,1225.4673254260224,1202.0900086136849,1218.2407675334496,372468
2017-03-07,1222.363525390625,1225.6130495646241,1205.8247344610927,1207.6677852852845,182547
2017-03-08,1211.4991455078125,1225.0309141722205,1205.9701121244623,1225.0309141722205,154933
2017-03-09,1188.7525634765625,1212.9059440174403,1185.3575133156746,1212.857395936875,215058
2017-03-10,1169.4007568359375,1198.646592505376,1166.5391436781188,1192.92360300963,277582
2017-03-14,1164.0655517578125,1188.1703801938102,1156.2568903274503,1188.1703801938102,528728
2017-03-15,1176.5301513671875,1183.7567092066586,1159.7004300451838,1164.016945520853,789166
2017-03-16,1189.2862548828125,1196.0278078958545,1179.5375623693099,1179.5375623693099,327363
2017-03-17,1179.7313232421875,1196.0276105553387,1169.6916990983473,1190.5955542542706,257105
2017-03-20,1175.414794921875,1188.4614395254637,1170.2736719126847,1183.0293832804362,162905
2017-03-21,1158.730712890625,1181.4289544175865,1149.5640060493915,1176.578882568243,276008
2017-03-22,1148.0118408203125,1150.38832831904,1140.3487047238923,1146.5568194758,360841
2017-03-23,1149.6607666015625,1161.8830400807472,1146.6053166417012,1158.19693880767,158252
2017-03-24,1143.1617431640625,1146.7992964409952,1140.7367076461073,1144.6167644748357,210816
2017-03-27,1130.2606201171875,1150.824994416333,1127.6416288593005,1144.6168791862146,237568
2017-03-28,1123.4703369140625,1133.9465370583857,1116.6318082284022,1125.2164097414263,449855
2017-03-29,1116.9229736328125,1134.9167871520685,1111.7819686344212,1126.1866580201297,391444
2017-03-30,1121.0938720703125,1137.0505577329948,1115.4677425449659,1116.4863047829806,709342
2017-03-31,1130.2119140625,1138.699537150368,1120.608751115385,1120.608751115385,550326
2017-04-03,1137.632568359375,1149.4666928543281,1134.9164815523745,1134.9164815523745,466859
2017-04-05,1125.07080078125,1146.5566362163581,1119.4447901943306,1145.5866221417248,570139
2017-04-06,1110.860107421875,1123.5673869452173,1103.8760532189065,1116.4862366036566,344716
2017-04-07,1127.2535400390625,1147.4298838709838,1097.2800759311376,1109.6963057369267,642531
2017-04-10,1139.62109375,1143.5496983983908,1116.6802355552963,1136.66262165584,263634
2017-04-11,1146.508056640625,1151.3581268805024,1136.0804056248887,1151.2611491576884,346748
2017-04-12,1137.39013671875,1150.4367796467243,1127.35039555797,1150.4367796467243,300890
2017-04-13,1140.30029296875,1149.4668802191793,1129.0965810760547,1129.0965810760547,326016
2017-04-17,1139.815185546875,1144.5197305387214,1131.0365100389465,1141.7066657940309,124892
2017-04-18,1130.4547119140625,1143.307401650698,1124.7316037455705,1135.4017612627772,216089
2017-04-19,1116.68017578125,1134.8679400133321,1114.303688618894,1134.8679400133321,102906
2017-04-20,1124.634521484375,1129.0965632585635,1116.243874716316,1125.167958264693,342726
2017-04-21,1132.5400390625,1141.7066251802225,1120.7057956909712,1123.276356804331,281126
2017-04-24,1127.787109375,1137.7297555955765,1125.2165478896425,1132.5402029575573,173546
2017-04-25,1132.73388671875,1134.9164182923892,1128.5143493583641,1128.6113270796538,154925
2017-04-26,1180.8953857421875,1188.267470448286,1127.4476236105431,1134.916686060812,931424
2017-04-27,1208.0557861328125,1231.9181133070067,1198.1131399427363,1207.6192086687452,1353125
2017-04-28,1196.27001953125,1220.2778711293838,1189.2859646121315,1205.7276580396058,315690
2017-05-02,1191.4686279296875,1204.757776652779,1178.8584418616633,1197.9676764623046,530508
2017-05-03,1186.5213623046875,1198.9375918496307,1179.2948036336477,1185.357392589198,233195
2017-05-04,1206.2125244140625,1213.73013363337,1189.2858258584297,1197.9674046251446,283313
2017-05-05,1227.5042724609375,1233.8579120607537,1198.937405115638,1198.937405115638,597665
2017-05-08,1228.8138427734375,1234.0518239021587,1218.3861917625031,1227.0677701239185,202470
2017-05-09,1240.6964111328125,1250.3480027348787,1226.3887051278944,1227.843726077547,361604
2017-05-10,1265.4803466796875,1269.7969803870767,1236.7679535575132,1250.3481506946152,363003
2017-05-11,1281.09765625,1290.118835319591,1262.6673871740059,1265.771503538027,538718
2017-05-12,1269.9425048828125,1279.933698204731,1254.9558333098678,1270.718563583325,144887
2017-05-15,1267.129638671875,1274.7926563770027,1256.653437601916,1270.6216662252145,242767
2017-05-16,1270.475830078125,1285.2685435033522,1258.1081516406398,1258.3992032031335,283881
2017-05-17,1241.8121337890625,1274.7441869863646,1232.7425246841565,1262.2795281751348,344774
2017-05-18,1209.025634765625,1233.3244176651474,1208.7345831627858,1221.247789116096,7857139
2017-05-19,1223.1878662109375,1232.4999785445139,1208.7346314214624,1213.4877245280593,233895
2017-05-22,1223.2366943359375,1234.7313411797913,1220.278103081335,1223.1881462524352,145220
2017-05-23,1195.2030029296875,1225.5643759047086,1184.9208762403514,1214.9427679322687,448902
2017-05-24,1181.8653564453125,1199.2286347698346,1174.4447239356493,1190.2074551055478,321204
2017-05-25,1169.1094970703125,1193.7963086156474,1163.968374962951,1178.567134569948,556828
2017-05-26,1180.8466796875,1195.9788764618859,1160.4279532586734,1178.5671701597116,272742
2017-05-29,1176.675537109375,1199.1312666159004,1169.8368910044635,1189.2371711206238,153830
2017-05-30,1171.4376220703125,1208.1040862117661,1151.6978576289166,1182.447259086134,524881
2017-05-31,1174.7843017578125,1179.0038403049227,1147.526923454121,1168.8672381760068,770125
2017-06-01,1215.767333984375,1237.495676820412,1165.0840895290612,1166.927140282152,802199
2017-06-02,1226.146484375,1231.1419627261282,1206.7462005727607,1226.970972754608,314510
2017-06-05,1232.8392333984375,1239.6293313293843,1222.557108784986,1227.067697521097,312837
2017-06-06,1267.468994140625,1272.1735390169558,1221.635826227128,1240.648079605556,614066
2017-06-07,1268.681640625,1299.77052578595,1254.8103897116048,1267.4691228322185,717411
2017-06-08,1286.723876953125,1294.8234720970386,1269.2636208014806,1269.2636208014806,384073
2017-06-09,1311.9442138671875,1317.279292001213,1269.991099449623,1270.1366252625385,509041
2017-06-12,1301.1285400390625,1317.230752281904,1295.4054325042744,1311.944222188631,424218
2017-06-13,1288.6641845703125,1311.750575624757,1282.262112943187,1302.5354384373893,197245
2017-06-14,1286.287353515625,1301.3225733379172,1273.7741468847628,1298.655034337188,323787
2017-06-15,1262.182373046875,1289.7793468446696,1256.2168807124724,1280.418686552658,210713
2017-06-16,1250.2027587890625,1276.732623069665,1243.17015594706,1276.732623069665,292538
2017-06-19,1226.2919921875,1258.0599595149092,1222.2179796194132,1258.0599595149092,210848
2017-06-20,1228.2802734375,1245.0130155633021,1222.4116411540492,1227.067755892152,253281
2017-06-21,1235.603759765625,1246.419320080316,1213.4873953638582,1234.3912423841664,217518
2017-06-22,1249.7176513671875,1262.9583676128557,1241.1815982695227,1245.4981136827241,234540
2017-06-23,1241.66650390625,1249.6691196372558,1232.2088671332433,1246.2740705392534,140512
2017-06-27,1241.2303466796875,1251.2215419138834,1227.6986937728466,1251.2215419138834,296958
2017-06-28,1238.07763671875,1246.5652612171293,1223.6244010338075,1240.6481981059615,194333
2017-06-29,1240.5025634765625,1267.808485292429,1236.7680327068454,1236.7680327068454,793401
2017-06-30,1236.3314208984375,1265.8683005472406,1229.0077676577423,1241.81190540276,205845
2017-07-03,1243.4127197265625,1254.1314243551676,1228.038017829875,1228.038017829875,117759
2017-07-04,1234.4400634765625,1248.408291822296,1226.825475588383,1244.5282349712554,78102
2017-07-05,1236.76806640625,1243.4611878593762,1225.0793482970255,1229.977967218137,237722
2017-07-06,1221.1507568359375,1245.7405902398634,1216.3976641314298,1236.7679599422431,199784
2017-07-07,1210.1898193359375,1229.4931276252187,1203.9817041219544,1216.7859639526598,140507
2017-07-10,1211.4022216796875,1222.217903796061,1202.9145973477705,1204.7576480275457,47879
2017-07-11,1197.28857421875,1220.0353598408763,1194.3299835452824,1213.4877639919987,215421
2017-07-12,1193.94189453125,1212.1296598694294,1189.2373495790937,1197.3854921325842,127282
2017-07-13,1212.5177001953125,1215.4277426757812,1194.0874311523437,1201.071485741496,186206
2017-07-14,1215.5247802734375,1220.9568361558506,1205.485156903363,1205.485156903363,307920
2017-07-17,1201.799072265625,1221.053949288784,1198.5011186407448,1210.5777483334612,150672
2017-07-18,1210.3349609375,1218.0950728890127,1198.1612379495998,1211.983937363232,137562
2017-07-19,1212.663330078125,1217.2708977343116,1206.2127116774755,1217.2708977343116,224099
2017-07-20,1196.512451171875,1217.4647330799276,1193.844912265736,1217.3677553471448,211523
2017-07-21,1229.7352294921875,1234.6822771337393,1193.1657496214007,1208.6374253182928,383795
2017-07-24,1253.306884765625,1259.078421846943,1229.7354925242387,1229.7354925242387,283684
2017-07-25,1255.4896240234375,1265.5776785632306,1246.468443179634,1261.0186584696687,126466
2017-07-26,1253.98583984375,1272.6586129375362,1242.7821286235044,1249.717753740326,249160
2017-07-27,1258.8846435546875,1280.3703662143232,1246.4684127793635,1259.0785990565087,382696
2017-07-28,1235.4586181640625,1279.4487387601437,1207.7646651961436,1255.0528577773089,240157
2017-07-31,1221.248046875,1262.958663249603,1205.4853139427373,1244.5283908980343,230943
2017-08-01,1229.7841796875,1244.0918906448844,1222.218020766395,1222.218020766395,119289
2017-08-02,1239.241455078125,1246.4680121425342,1223.672682737593,1227.6497165262595,103463
2017-08-03,1229.5413818359375,1251.318150344239,1222.3147059682296,1246.4680799940677,230588
2017-08-04,1220.374755859375,1240.4055713683451,1212.517665071696,1229.5414604532739,94519
2017-08-07,1230.0264892578125,1239.6295346069544,1218.337771395973,1225.5158997820436,83444
2017-08-08,1213.5362548828125,1242.0545762861605,1209.219620850995,1229.2018887439963,182983
2017-08-09,1183.950927734375,1221.3449056321476,1173.7172301406597,1221.3449056321476,238162
2017-08-10,1177.4031982421875,1202.5264694787745,1163.240897217638,1175.657125444388,218907
2017-08-11,1180.7496337890625,1203.399438777421,1162.5133217997218,1166.5874519641088,179177
2017-08-14,1155.5294189453125,1207.4737268629253,1149.466830178548,1194.0874835019347,429844
2017-08-16,1124.682861328125,1144.568151446878,1119.3963315629653,1138.8935923388783,478904
2017-08-17,1068.422119140625,1115.5649051320233,1035.005176504071,1115.1768757606244,1613900
2017-08-18,1036.2176513671875,1064.154107211737,1025.3049918044626,1043.7352612881757,1455258
2017-08-21,1019.7761840820312,1048.7795198571253,1018.4181402427051,1045.6755211472032,629596
2017-08-22,1065.560302734375,1071.8653932830991,1024.8682657108016,1026.274738546171,1028554
2017-08-23,1059.837646484375,1100.9662782709365,1050.2830288967898,1075.7459053766243,1081455
2017-08-24,1050.719482421875,1066.4822153973369,1041.4073684691314,1060.225670287981,399263
2017-08-28,1059.8858642578125,1071.8655139672276,1052.4652331714406,1058.6247986421197,224857
2017-08-29,1044.7537841796875,1059.2554483104418,1035.6356275177397,1059.2554483104418,210879
2017-08-30,1059.740478515625,1071.817107542974,1044.7052589119708,1044.7052589119708,409962
2017-08-31,1050.1370849609375,1059.740246806197,1042.9589580053948,1058.285225872367,642601
2017-09-01,1057.8492431640625,1062.165759846945,1048.5370102675734,1062.165759846945,127477
2017-09-04,1078.4132080078125,1083.8938115191158,1053.9688993188968,1066.0455278620066,336154
2017-09-05,1069.8287353515625,1088.5499392491304,1064.1056276194784,1086.3189775298042,465730
2017-09-06,1065.3182373046875,1074.7758770167027,1049.555504451329,1066.9187846302498,294714
2017-09-07,1077.607421875,1085.4589786974936,1068.7806413553444,1073.169683764352,380813
2017-09-08,1066.0982666015625,1081.8012585028916,1063.1234240751837,1074.8275351659197,171607
2017-09-11,1068.634033203125,1079.6553320093371,1062.147981770507,1071.7063858880877,74150
2017-09-12,1067.610107421875,1082.0452271657662,1062.6358834089087,1070.4386250952523,311737
2017-09-13,1043.71435546875,1071.7067665791922,1040.6908164588795,1067.6102551906267,492432
2017-09-14,1036.88671875,1049.4686623993919,1022.1590689540545,1041.8122466205427,1533039
2017-09-15,1034.8875732421875,1049.176250672157,1028.9378866397608,1037.862297482995,381823
2017-09-18,1034.1558837890625,1047.0303594482968,1031.7175271066026,1036.5454257137192,199046
2017-09-19,1031.2786865234375,1040.641953598217,1024.1099407502659,1038.7400827609838,275698
2017-09-20,1040.10546875,1045.2747135723678,1031.0835488647076,1033.8632517199906,233776
2017-09-21,1034.9847412109375,1050.9315676363155,1031.42471719295,1040.2027998924646,221528
2017-09-22,1009.1869506835938,1032.887823724656,1006.5535732614211,1032.887823724656,280377
2017-09-25,984.5596313476562,1006.6511062346765,974.3672889416778,1006.6511062346765,382754
2017-09-26,985.9740600585938,999.1898835586878,980.5608598959351,980.5608598959351,481307
2017-09-27,980.9022216796875,991.9235829171721,973.0507243994111,991.9235829171721,290896
2017-09-28,967.9301147460938,988.8511679386805,961.5903872258689,981.1947515917174,399760
2017-09-29,980.2193603515625,1001.5305733789704,962.6631927034748,973.0993709336541,282914
2017-10-03,1027.3773193359375,1031.912687189066,986.5592467785825,986.5592467785825,580476
2017-10-04,1023.3783569335938,1033.81447649475,1006.9438557856234,1031.912605800088,371380
2017-10-05,1053.90673828125,1067.9515797276308,1020.2085960180599,1023.0858097306607,619003
2017-10-06,1037.2769775390625,1068.0002730656074,1033.8632780361131,1068.0002730656074,197203
2017-10-09,1026.499267578125,1053.3700037231765,1024.1097258419773,1037.276850888517,116350
2017-10-10,1061.4654541015625,1066.0495169344929,1027.5234822419839,1027.5234822419839,481349
2017-10-11,1050.0538330078125,1070.194681771895,1046.932784271362,1068.975503506035,343484
2017-10-12,1047.274169921875,1063.1234879765716,1044.5919776356955,1050.4440335328143,418779
2017-10-13,1049.176025390625,1059.2709169164257,1041.665934721374,1043.7629451997898,387681
2017-10-16,1054.9793701171875,1061.2702824002777,1045.0796186991422,1050.2976779109026,257489
2017-10-17,1043.8116455078125,1056.2960789216202,1039.3250931767313,1055.3207362818034,126262
2017-10-18,1037.1307373046875,1051.078186898067,1034.741195080974,1043.519280236427,91975
2017-10-19,1032.010009765625,1037.7157403212173,1028.2061497084371,1036.7403976942653,14784
2017-10-23,1036.252685546875,1049.9562965397038,1019.3305154481615,1029.9617734750834,191956
2017-10-24,1031.2298583984375,1045.5673481036904,1026.548165932028,1040.6418199684135,172262
2017-10-25,1008.6506958007812,1039.6665228021438,1005.5783424264885,1031.424924457819,324021
2017-10-26,997.8732299804688,1020.0135837557701,994.8496910061583,1006.5538050179955,187034
2017-10-27,1001.238037109375,1019.2330612362355,997.1415265753548,1001.189222353106,196083
2017-10-30,1006.11474609375,1014.112508103111,997.3366028194597,1011.3815010919055,135511
2017-10-31,1012.9422607421875,1019.2331738561852,1007.8704070054225,1009.4797463551691,169921
2017-11-01,1008.3580322265625,1019.0868019866099,996.0199827206246,1019.0868019866099,465171
2017-11-02,1007.3827514648438,1019.2331898769274,1003.627705630008,1003.822726558936,123536
2017-11-03,997.4830322265625,1018.257820685075,991.0457344236538,1004.6030223233977,256989
2017-11-06,987.2906494140625,997.2391568735945,985.096128336086,990.9481845440232,265461
2017-11-07,978.3175048828125,995.7274081794961,976.3180642098006,994.8495759180785,187484
2017-11-08,964.6139526367188,984.9986393508267,951.4955811119092,984.9986393508267,297319
2017-11-09,971.1488037109375,975.3427656973967,963.4435720498487,971.441394634607,488527
2017-11-10,975.5863647460938,991.7282716968906,970.1732256155487,970.4658164682462,356813
2017-11-13,972.0753173828125,993.8742027277169,958.9081910463806,983.9744505960258,602133
2017-11-14,961.6392211914062,987.2419690424543,933.549361169439,974.3674325027447,1080449
2017-11-15,973.148193359375,977.6347460338449,965.5892873222563,966.5646300367232,274673
2017-11-16,996.84912109375,1001.4332442713514,973.3921380889299,982.2677339728505,594917
2017-11-17,1028.8402099609375,1040.6906474245693,998.555831424115,1002.0671008167656,657736
2017-11-20,1033.4730224609375,1037.081861612539,1011.9667889987884,1032.302658934157,374408
2017-11-21,1080.4847412109375,1100.1866170481023,1033.8633103466211,1042.2025384457443,1478626
2017-11-22,1121.1563720703125,1128.4714419185311,1082.630337536361,1082.630337536361,1421476
2017-11-23,1111.4517822265625,1120.6687227924776,1098.0895162713966,1120.6687227924776,471973
2017-11-24,1116.9622802734375,1124.5700000575603,1093.3590373499783,1102.1371206114857,333025
2017-11-27,1104.0877685546875,1111.8905089685015,1090.5304832736117,1107.160121404701,507563
2017-11-28,1081.8499755859375,1138.371151282013,1064.098787704838,1104.477995578307,982931
2017-11-29,1078.82666015625,1093.9444737368567,1070.243714849953,1075.803121252209,704071
2017-11-30,1079.0216064453125,1096.2851234881896,1058.58810677325,1082.630326576415,6939736
2017-12-01,1119.9375,1124.6678893165913,1088.5802015308302,1090.3845621080354,706026
2017-12-04,1127.9349365234375,1135.5914714150967,1102.7223533570748,1118.7179962966707,449257
2017-12-05,1137.346923828125,1150.8066986432812,1114.9628599280961,1127.934844407846,860512
2017-12-06,1126.0330810546875,1136.2741788035607,1118.7180112340639,1127.9837663401872,699351
2017-12-07,1143.589111328125,1146.6126493455758,1121.6439045009329,1122.1315757637594,588537
2017-12-08,1161.340576171875,1164.5592549025478,1144.125871714136,1152.8551417879494,540714
2017-12-11,1160.7554931640625,1179.18949670125,1156.756611321491,1160.6579826918837,545253
2017-12-12,1160.8525390625,1172.312812876622,1147.3928846574481,1170.2646175389357,741336
2017-12-13,1154.415283203125,1163.4372007342931,1145.0520196314974,1159.4871353055087,259342
2017-12-14,1177.14111328125,1180.164651800231,1154.7569271683112,1154.7569271683112,763305
2017-12-15,1168.5579833984375,1184.992482932908,1149.4901063821444,1177.1410461828036,317833
2017-12-18,1143.930908203125,1171.1918139743907,1133.1046257140024,1168.9484776571826,307113
2017-12-19,1145.735107421875,1158.707213922438,1127.5937556624415,1144.5647437188393,334631
2017-12-20,1144.7109375,1161.0479270661167,1139.6878989855054,1148.9536542618105,201152
2017-12-21,1163.92529296875,1172.6058675994072,1132.6656280302245,1147.6371160232193,359699
2017-12-22,1149.489990234375,1178.2137802156508,1145.6861305424661,1165.5343272828666,214258
2017-12-26,1150.51416015625,1163.486264958072,1139.5903701571021,1150.9043210263014,172183
2017-12-27,1170.4600830078125,1173.3372964180978,1147.1005533428054,1157.7318128414647,460519
2017-12-28,1201.8658447265625,1211.3754344900715,1170.4110478164941,1171.5814112401633,706961
2017-12-29,1175.093017578125,1199.6716077717285,1170.5576498830062,1199.6716077717285,183120
2018-01-01,1172.8983154296875,1186.016626045929,1169.533311954103,1186.016626045929,117565
2018-01-02,1162.559814453125,1182.1154854127021,1157.2442437641675,1175.2880857444768,211424
2018-01-03,1147.49072265625,1174.2638329895212,1144.0770230988367,1165.5345631740065,261936
2018-01-04,1131.494873046875,1159.1458106398102,1128.2274993031542,1155.7809264527666,263585
2018-01-05,1166.8026123046875,1169.435990179682,1131.3976218585747,1139.200364078289,232491
2018-01-08,1151.5869140625,1179.189156160886,1146.1250195333823,1162.6083326251248,505510
2018-01-09,1143.4429931640625,1161.389322697436,1141.150961625866,1159.6824729685084,125593
2018-01-10,1143.2479248046875,1150.904340887498,1130.3246345362472,1145.0522849168835,136692
2018-01-11,1143.491943359375,1164.5593244110112,1141.1510967846593,1146.759317986806,243414
2018-01-12,1134.6649169921875,1153.4890789048395,1131.3975427282828,1149.3925680897623,145921
2018-01-15,1150.3680419921875,1153.196559983663,1139.0540890866882,1146.808135945754,155322
2018-01-16,1118.9130859375,1154.80574454062,1110.5739773772607,1154.80574454062,161108
2018-01-17,1097.943359375,1115.1094881697243,1090.7746134958272,1111.890809255613,219833
2018-01-18,1088.92138671875,1106.5263713216266,1078.7779171704653,1104.0880143993663,187463
2018-01-19,1111.305419921875,1115.79197222188,1088.3848680449396,1088.4823784961698,152932
2018-01-22,1139.9805908203125,1143.1016398236623,1113.7925441818443,1119.6934151173757,246204
2018-01-23,1118.2303466796875,1146.0276121662737,1113.8901195173382,1144.0769268689694,229030
2018-01-24,1083.4105224609375,1123.7896076755926,1078.631320284892,1118.2302029171594,791316
2018-01-25,1105.7459716796875,1110.4276642651716,1080.6797119067282,1089.4577962092199,327271
2018-01-29,1110.6226806640625,1119.6934153639008,1099.2112187413904,1115.7920445786608,255731
2018-01-30,1111.939453125,1120.619907597282,1091.4084423976556,1107.989267706646,158413
2018-01-31,1134.1285400390625,1144.9060054459537,1107.0139653344684,1107.0139653344684,495268
2018-02-01,1188.5037841796875,1194.355839835453,1131.690077188296,1136.2741398278283,1036405
2018-02-02,1128.4227294921875,1180.1158944406868,1111.8907177601734,1180.1158944406868,435779
2018-02-05,1101.6986083984375,1132.17807369364,1098.0897682712387,1116.2799369714978,276192
2018-02-06,1112.768310546875,1129.8368047337967,1059.5633281857808,1086.5315728131905,747984
2018-02-07,1104.7705078125,1131.1047578317368,1094.2368792410302,1131.1047578317368,368495
2018-02-08,1103.8929443359375,1128.520348154609,1088.2874607280664,1104.0879652568794,355444
2018-02-09,1095.01708984375,1104.3316593017105,1080.7284159962062,1082.6302864428337,236165
2018-02-12,1123.1558837890625,1136.274194895679,1092.4325901073337,1094.334460663478,580640
2018-02-14,1162.413330078125,1170.4110915797708,1131.3973885271118,1131.3973885271118,287229
2018-02-15,1178.1651611328125,1185.9192069964781,1131.9340126251059,1162.4134718524376,472687
2018-02-16,1113.6949462890625,1213.5212395850585,1094.3344191036276,1204.5481351096078,1146020
2018-02-19,1156.9515380859375,1165.3395810977906,1119.6934921557831,1123.5948632085908,1171614
2018-02-20,1169.6796875,1185.9678623325904,1150.8555264976935,1150.904341254951,750134
2018-02-21,1181.3348388671875,1188.942558316494,1147.0028290239516,1162.608309690944,640761
2018-02-22,1215.7159423828125,1219.1784568243522,1165.5346047240807,1165.5346047240807,551254
2018-02-23,1201.2320556640625,1214.3016717666408,1188.5039047576818,1214.3016717666408,361498
2018-02-26,1205.084716796875,1232.2479870938664,1196.3553282232574,1204.5482306894169,484408
2018-02-27,1167.1927490234375,1215.9598918598876,1163.2913775965214,1215.9598918598876,289501
2018-02-28,1173.38623046875,1179.2869831098196,1151.2458769573057,1160.8529799487821,438159
2018-03-01,1154.318115234375,1180.1646974512832,1151.6359227401674,1170.898941562203,166112
2018-03-05,1139.102783203125,1167.0950715619495,1133.0068912207685,1155.4397737158401,169347
2018-03-06,1132.1778564453125,1159.6824730258063,1116.7673941249354,1141.2484721403998,302547
2018-03-07,1123.93603515625,1153.8303100269268,1107.2577003026786,1136.9568352147235,498463
2018-03-08,1134.03076171875,1143.4916561107027,1115.2554171932054,1121.6439586689035,204357
2018-03-09,1120.717529296875,1144.759630578948,1117.547665656967,1144.759630578948,294431
2018-03-12,1101.7960205078125,1124.9604120640677,1086.7269027749767,1123.5949083286714,278157
2018-03-13,1068.8780517578125,1102.6248841980603,1063.123506214848,1102.137212864934,386569
2018-03-14,1063.2698974609375,1068.78060767958,1056.2473583915587,1060.88023634398,393419
2018-03-15,1068.975830078125,1087.9950168359019,1060.7829258165382,1065.074458435504,186303
2018-03-16,1045.22607421875,1069.2194818815037,1038.7400211665235,1067.9514886916031,384296
2018-03-19,1030.1568603515625,1053.7602239417515,1011.6253499827511,1046.5426645123487,357297
2018-03-20,1017.0875244140625,1033.5707225659617,1015.4293702097525,1029.9620018125593,545440
2018-03-21,1003.091064453125,1053.3700238645129,1000.7015226712871,1023.1344028091424,261715
2018-03-22,997.0928344726562,1008.016684664366,988.3147501359564,1002.6522997919384,370697
2018-03-23,983.48681640625,990.9969673212455,978.2687566211963,986.7054950342451,209179
2018-03-26,980.2681274414062,993.5328233208319,968.9054211831044,984.1207428501782,184658
2018-03-27,1004.4564819335938,1016.6482635734645,983.1940266596961,983.340351851448,384056
2018-03-28,1038.398681640625,1044.6895947481578,994.8496040812635,1004.6030315722562,677515
2018-04-02,1071.121337890625,1077.704901314614,1029.9619223307318,1039.7153496255303,277903
2018-04-03,1068.8294677734375,1097.2607364454163,1057.2716784949612,1065.074421509684,327389
2018-04-04,1040.641845703125,1076.827155106215,1034.8386042647212,1068.8292735333464,622425
2018-04-05,1056.9788818359375,1064.6841133094858,1048.4934476050587,1048.4934476050587,231441
2018-04-06,1049.76123046875,1073.8521437442228,1045.1770490637746,1058.9781699094367,215531
2018-04-09,1034.936279296875,1070.9264544469268,1029.96205455005,1070.9264544469268,276142
2018-04-10,1059.5147705078125,1070.9262319122327,1025.6703090466701,1043.6166376558185,344748
2018-04-11,1082.191650390625,1090.9697355827282,1059.9049721823537,1070.633742972702,496196
2018-04-12,1049.4688720703125,1091.067267066221,1045.0310146246645,1087.5072419687717,344451
2018-04-13,1055.6619873046875,1061.1726965353505,1044.5918731519857,1058.3441793225848,225161
2018-04-16,1066.830078125,1077.1198739604533,1042.934177825795,1055.7111456022678,252664
2018-04-17,1056.735107421875,1067.0250215703193,1050.1028478282449,1066.0496787718089,118433
2018-04-18,1049.566162109375,1064.0987908561497,1044.5919385948087,1063.1234482430825,154437
2018-04-19,1094.3343505859375,1099.1135529344388,1053.369963130849,1057.271333364667,557968
2018-04-20,1106.038818359375,1115.6947366174513,1081.5089212829737,1100.6744325560446,364982
2018-04-23,1104.282958984375,1119.693421291815,1093.9931649200605,1102.2347631233579,142729
2018-04-24,1079.5579833984375,1105.0632173912566,1073.8522527341336,1105.0632173912566,332495
2018-04-25,1061.416748046875,1087.2145161689518,1048.4934566049994,1087.2145161689518,417466
2018-04-26,1050.3466796875,1069.9510460537986,1038.008569519376,1069.9510460537986,722867
2018-04-27,1045.957763671875,1055.2722170544077,1039.7155452168392,1053.3703459982987,325182
2018-04-30,1064.0987548828125,1071.9014955235664,1043.860396345857,1043.860396345857,119488
2018-05-02,1053.4189453125,1070.9262993952148,1052.3947878391955,1069.95095668174,244124
2018-05-03,1042.93408203125,1053.3702021506201,1034.74117886911,1048.4934882517746,262980
2018-05-04,1074.242431640625,1083.6056973828918,1035.1799104069444,1043.6166482445494,383173
2018-05-07,1054.248046875,1066.5373422326795,1029.0354595332483,1064.586656650178,265231
2018-05-08,1045.17724609375,1061.172890684529,1039.5690253939008,1061.172890684529,319466
2018-05-09,1019.7207641601562,1047.2741946599406,1015.9169039251002,1046.3476667451637,318210
2018-05-10,998.8972778320312,1026.9870769379772,994.8495817022427,1016.3071216997422,344596
2018-05-11,1019.1356811523438,1026.5970771327195,987.5345516863028,1007.5290784118033,292768
2018-05-14,998.4583129882812,1023.0369604196422,994.8495331678105,1012.4545161583167,123672
2018-05-15,1016.112060546875,1023.8171725380448,998.7509130666784,1004.6029691979285,245651
2018-05-16,1004.0663452148438,1016.1119210125223,994.8494056979666,1009.4795440170543,123756
2018-05-17,992.7037963867188,1012.405730996151,985.0961351696652,1005.5783320395295,166169
2018-05-18,991.5822143554688,1009.3822192513688,986.1690145574901,993.5816550541745,156262
2018-05-21,959.24951171875,993.9229315784478,952.9097843916816,990.9481483540926,254209
2018-05-22,944.4244384765625,959.2009059768559,933.4030765425497,953.8852757143299,414262
2018-05-23,940.1817016601562,958.957050514108,933.4030573107415,944.6194994832321,156097
2018-05-24,942.7175903320312,950.5690881233853,923.0644682361775,940.9132299279404,325892
2018-05-25,969.3931274414062,980.0730823172424,931.5010280589381,948.0330986293466,407561
2018-05-28,960.8589477539062,979.2441350429827,946.0824810674235,979.2441350429827,249842
2018-05-29,980.1218872070312,992.8013421021794,940.864344166284,948.8133513247418,444641
2018-05-30,963.2972412109375,985.3399624129987,955.1530939499866,975.342699740657,221514
2018-05-31,926.9169311523438,979.0490114993239,920.5284482354051,973.8797069837169,883312
2018-06-01,904.2401733398438,937.109233508227,895.6084144480113,927.1119710545465,911000
2018-06-04,917.94384765625,924.6249216429627,892.6336915343511,917.7975224325189,474667
2018-06-05,916.6270751953125,926.5755828328198,901.9969344137417,919.74818380142,359086
2018-06-06,907.1661987304688,924.2835103107799,904.7278420415576,921.6500731807173,251767
2018-06-07,946.81396484375,951.4468428586949,910.3849373172615,910.3849373172615,513903
2018-06-08,993.2890014648438,1004.9442987768157,939.9865006017812,941.2056789423801,1098153
2018-06-11,974.7575073242188,1003.237466222532,969.0029616463003,999.7262563537571,319664
2018-06-12,958.1766967773438,989.9728451341052,954.4703468758388,974.8550332133381,330705
2018-06-13,951.1542358398438,976.51314665022,947.7405363076778,967.5399816882016,355482
2018-06-14,945.98486328125,954.762947161261,937.6456359710867,954.762947161261,229030
2018-06-15,1007.7728881835938,1015.9169762673129,945.9849492892309,945.9849492892309,1440836
2018-06-18,1026.9871826171875,1049.6639033571194,1014.3565406249137,1016.9899186350669,1539678
2018-06-19,1034.0582275390625,1042.6412904635702,1003.6763993094071,1020.2084095649152,800666
2018-06-20,1022.305419921875,1049.858849717326,1017.3798919272081,1031.424849865107,668483
2018-06-21,998.6534423828125,1027.3772380801795,992.9476517094857,1022.3055035219279,394821
2018-06-22,996.2637939453125,1007.0413186700772,980.2193949282591,1004.2128010815901,392103
2018-06-25,1006.1634521484375,1026.5969520660283,994.4105851427616,997.7755291853487,413983
2018-06-26,997.1903686523438,1018.2089317342153,991.4845783202655,1002.6522637869663,301606
2018-06-27,995.2883911132812,1002.1645446964012,986.6078179602829,1002.1645446964012,242918
2018-06-28,987.43701171875,997.5805404753747,975.3427379560168,997.5805404753747,314066
2018-06-29,1021.6226806640625,1030.3032546520585,981.5361188322953,988.997514424797,523238
2018-07-02,1038.25244140625,1042.6414841364783,1010.7478212543136,1036.7894271628404,712570
2018-07-03,1037.5697021484375,1046.83545860452,1021.4277314349973,1043.616779790353,536081
2018-07-04,1055.2232666015625,1058.2468050897419,1027.0358394096756,1027.182164623378,449504
2018-07-05,1022.305419921875,1062.6358145891577,1010.6013081503561,1055.3207447319583,735496
2018-07-06,991.6796264648438,1038.496073054775,984.1207210258445,1032.887852890356,777700
2018-07-09,975.3914184570312,1004.5541283694904,965.1503204931172,999.7262298106558,823792
2018-07-10,983.6818237304688,990.8993831964149,967.1497538064455,979.3415370055495,381829
2018-07-11,974.269775390625,989.4363413572935,968.2713944134595,988.9974252684441,313357
2018-07-12,975.9766845703125,1002.8473041887843,972.4166599469949,975.3914432393899,564013
2018-07-13,950.8128662109375,983.1455025318775,943.546610269756,983.1455025318775,539104
2018-07-16,917.5048217773438,953.6412542273512,911.9453568934528,952.9097472565811,642308
2018-07-17,953.2023315429688,957.9815341976723,897.3152112688899,914.1886267051909,1068778
2018-07-18,945.7897338867188,969.3930367816524,934.3782135273719,962.3705581351168,424396
2018-07-19,930.4281005859375,947.0576802853217,913.8960313360932,945.7897467903596,402078
2018-07-20,906.6298828125,935.9877366480187,902.3384102343888,924.6249692788724,774467
2018-07-23,930.2329711914062,936.2801069992905,888.7321569646053,909.9946129715146,631604
2018-07-24,916.2369384765625,934.3782885337204,907.8489557006284,934.3782885337204,475690
2018-07-25,916.6270751953125,932.2813139255543,911.1651797822709,920.7235265201914,282128
2018-07-26,914.2373657226562,922.381512181277,907.0686213978773,914.8713622271064,361900
2018-07-27,910.8236694335938,921.7962737587142,907.1173794342574,921.6987633101219,355108
2018-07-30,908.4829711914062,917.7974820844175,887.6593687968792,916.8221393829463,1201433
2018-07-31,928.4287109375,938.1821376327981,914.432507911632,921.6988227056675,641898
2018-08-01,929.4041137695312,939.2550515573796,920.7235396367251,934.3783378940495,517987
2018-08-02,936.8654174804688,943.1563897941313,914.8714515272959,919.2117384432456,484728
2018-08-03,946.5701904296875,953.8852614531008,932.8666359518666,938.3772870713844,851942
2018-08-06,957.1038208007812,963.6386290780991,944.7657708328285,947.0578024644071,381899
2018-08-07,943.4977416992188,965.1016064231435,937.3043393356654,965.1016064231435,174781
2018-08-08,947.789306640625,950.9591705424332,932.5739837240247,940.9131522365883,166887
2018-08-09,939.7914428710938,958.7618702152678,936.3289882061619,945.058317241831,211012
2018-08-10,920.6260375976562,964.4676462079112,915.1153272956014,939.7427315207162,1084312
2018-08-13,1042.2509765625,1060.4899528340213,921.6986668107536,924.6246943244386,5440911
2018-08-14,1103.3074951171875,1111.8905575717158,1020.4521893503576,1035.813835211546,4297981
2018-08-16,1112.3782958984375,1124.27742864251,1080.0944778918044,1097.2604847748726,1905494
2018-08-17,1159.87744140625,1179.6769449901385,1103.112546328108,1111.8906302511434,4204744
2018-08-20,1171.532958984375,1191.3811599824833,1150.904436168097,1156.756492623189,1701643
2018-08-21,1152.708740234375,1175.2879474349327,1143.1504532599333,1160.6578070104315,1506268
2018-08-23,1119.25439453125,1169.5332317116993,1113.304709708527,1162.2181625628139,1035541
2018-08-24,1168.1678466796875,1176.0682174092167,1120.6687071513006,1121.6440498033035,2318913
2018-08-27,1167.290283203125,1180.115945473075,1152.5625120212821,1169.4359896884862,972125
2018-08-28,1143.83349609375,1169.8264106932136,1131.3978729215519,1169.8264106932136,1051068
2018-08-29,1164.022705078125,1196.5016648184028,1151.0994142211093,1153.8304214225966,2311788
2018-08-30,1162.8035888671875,1203.963124705316,1154.1718292679693,1167.6803026588807,1334841
2018-08-31,1153.5377197265625,1171.4840485350485,1145.1011009412314,1171.4840485350485,739373
2018-09-03,1144.4183349609375,1171.679234903333,1134.9575583808075,1162.462174938183,969364
2018-09-04,1150.51416015625,1159.5848943783217,1122.5218738706951,1153.684023752297,704258
2018-09-05,1107.7454833984375,1150.5630521994578,1095.3098638401457,1150.5142374397794,917615
2018-09-06,1090.140380859375,1129.4467354244632,1080.728419979139,1116.767281572548,701990
2018-09-07,1130.6173095703125,1135.7866739587323,1069.3170393005491,1089.945563030385,1338252
2018-09-10,1102.625,1146.174078433928,1093.408058460072,1132.2266292175536,664718
2018-09-11,1081.06982421875,1109.0134151380544,1065.0741808409305,1109.0134151380544,516085
2018-09-12,1082.4906005859375,1099.293551790418,1069.7047714092882,1087.6343538362937,824802
2018-09-14,1094.1007080078125,1100.2732594403633,1086.4095964989374,1091.0634682552522,1140819
2018-09-17,1096.5501708984375,1100.2733163359796,1081.7068643143555,1093.8069075864908,600162
2018-09-18,1097.2359619140625,1113.01011301123,1090.8675061617976,1097.3339142364239,1063178
2018-09-19,1049.2275390625,1110.7565437344879,1040.0177489250027,1102.2326590114253,860904
2018-09-21,1023.1167602539062,1062.5031560454638,976.5780519828404,1056.1837371833478,1087190
2018-09-24,996.4183349609375,1033.3064122843384,987.3555329959535,1025.8112061987233,461495
2018-09-25,1024.9293212890625,1032.5715150927224,989.8048666450944,996.4182621906073,626059
2018-09-26,1022.1861572265625,1038.5481414260498,1011.114794294041,1027.7707550527607,668783
2018-09-27,1045.945556640625,1053.146787453145,1004.2566123560238,1020.4226944085842,981316
2018-09-28,1021.1574096679688,1059.1232044625324,1015.9157045001848,1037.7643352929824,775318
2018-10-01,1042.5162353515625,1066.3243900438852,1004.5014061804137,1011.5067312993117,635567
2018-10-03,1049.6195068359375,1062.7482273144642,1023.8517078790212,1037.5683814774004,527109
2018-10-04,1026.0072021484375,1047.9049888494128,1014.2500526069356,1030.367216863357,420704
2018-10-05,1035.8046875,1052.2647424849738,1014.0540116126144,1018.6588467239412,387404
2018-10-08,1060.0050048828125,1070.194558151175,1016.8954576396619,1027.1829632317774,371858
2018-10-09,1076.4649658203125,1087.634281772448,1043.740995370948,1060.1029805956302,509541
2018-10-10,1099.9791259765625,1108.601082366966,1067.0591354312032,1068.9207077882102,484956
2018-10-11,1098.460693359375,1117.908954047494,1063.0422569163286,1068.9208316089534,734133
2018-10-12,1109.091064453125,1115.410484250727,1081.706752530309,1102.820561016801,553890
2018-10-15,1110.0709228515625,1116.9292604155175,1091.35748284704,1108.9932080114957,462964
2018-10-16,1086.55615234375,1114.9692528108094,1079.354924938451,1108.8947757233145,281120
2018-10-17,1100.958984375,1124.6202707564844,1090.034729063381,1097.333911258127,349443
2018-10-19,1098.7547607421875,1112.863366626223,1078.81661501159,1089.0061703500564,388626
2018-10-22,1109.678955078125,1116.9292213118863,1088.0262283042541,1103.5065232466116,424717
2018-10-23,1120.309326171875,1130.5479155394319,1101.2529943498241,1109.6789275040492,807931
2018-10-24,1103.604248046875,1126.72661376592,1088.5158851251626,1126.72661376592,417573
2018-10-25,1087.144287109375,1137.1121673026853,1050.011269869269,1087.8791088769235,759796
2018-10-26,1060.935546875,1073.6724563456883,1045.4063388634074,1070.439312624599,408899
2018-10-29,1119.7213134765625,1126.7266377967549,1061.0825641164222,1061.0825641164222,296748
2018-10-30,1142.99072265625,1152.200512578129,1107.1314449092567,1111.1974825428406,617733
2018-10-31,1117.957763671875,1151.2206442333882,1107.278331222414,1143.382546230097,1242170
2018-11-01,1148.6734619140625,1161.0184442365978,1119.9663757482515,1120.5542092683909,374447
2018-11-02,1130.449951171875,1179.3890372125059,1115.4595379991176,1154.4541309531471,713553
2018-11-05,1140.9825439453125,1171.9919334757426,1126.7269507716671,1126.7269507716671,354525
2018-11-06,1104.53515625,1145.0483089832576,1098.4606769980624,1140.443473382586,460744
2018-11-07,1108.7969970703125,1116.9290723669776,1102.3305895186934,1110.0707359577068,30818
2018-11-09,1125.5511474609375,1135.7405812344043,1107.1315656090712,1109.9729006266336,401528
2018-11-12,1113.7447509765625,1133.4379485165625,1103.3592949226213,1125.550934069886,330778
2018-11-13,1120.4561767578125,1131.037657762618,1089.7406516298297,1120.8481056098226,442309
2018-11-14,1144.4114990234375,1153.9641822553529,1119.8684034953253,1126.7267401746492,531312
2018-11-15,1236.5579833984375,1260.954088755884,1156.217474246936,1177.5763403735111,3884208
2018-11-16,1208.536865234375,1242.338666491437,1201.4335881586155,1225.3398135473576,837770
2018-11-19,1200.2579345703125,1239.399393260599,1190.8032038163685,1210.0065222741816,1068208
2018-11-20,1168.6607666015625,1214.807556777548,1164.4967759453446,1202.364501174312,933231
2018-11-21,1188.7945556640625,1198.249285722406,1173.755228369127,1175.7147529573895,422957
2018-11-22,1189.6766357421875,1199.2293202787214,1170.8162072982616,1182.8673340920093,601981
2018-11-26,1224.8499755859375,1229.5527632972576,1190.9502208172466,1197.2696403917928,720471
2018-11-27,1208.2427978515625,1238.419523965357,1200.6496401690217,1229.6016634307937,744253
2018-11-28,1206.5281982421875,1224.4578956036844,1197.5144332079242,1201.2864940233533,520657
2018-11-29,1220.636962890625,1228.4261457354837,1200.208940757709,1206.2345034414934,506815
2018-11-30,1239.20361328125,1263.6486389373013,1224.8989856156777,1224.8989856156777,1035249
2018-12-03,1266.049072265625,1302.937154823571,1235.9213749716714,1239.3995797350049,1475095
2018-12-04,1218.3837890625,1271.8788013459252,1210.1537595727602,1261.9341873624862,581813
2018-12-05,1206.28369140625,1243.3187663283427,1190.1666441271507,1210.0068372068583,749896
2018-12-06,1164.839599609375,1213.6316978127,1156.3155945425935,1209.5167433666045,788698
2018-12-07,1184.5328369140625,1190.5093641149865,1143.6767893865199,1169.0525419084713,665538
2018-12-10,1152.7884521484375,1185.022660041435,1144.3625191636181,1165.9172926410151,434842
2018-12-11,1155.9237060546875,1162.2921615373082,1121.5829867276736,1151.2207987814077,504464
2018-12-12,1190.901123046875,1194.8692083597575,1158.0790846905852,1158.0790846905852,394876
2018-12-13,1197.416748046875,1214.9054845291876,1185.5126099034815,1190.411422341099,314906
2018-12-14,1223.0374755859375,1236.4601728874638,1196.8777472363788,1203.1482506385148,552532
2018-12-17,1192.4200439453125,1227.6424593237723,1185.6106225506442,1220.784121562187,493775
2018-12-18,1201.28662109375,1203.1481935216216,1175.7148470895324,1194.33033216845,454828
2018-12-19,1219.51025390625,1229.3078782474263,1190.4603934145875,1203.1482690964483,446235
2018-12-20,1241.8980712890625,1249.197254465382,1207.1165006745362,1212.848087686805,476760
2018-12-21,1227.054443359375,1257.4759938635616,1218.873451308165,1248.119334782201,450623
2018-12-24,1243.6612548828125,1252.0871867651774,1208.5858362097379,1235.1373706901659,382470
2018-12-26,1238.5667724609375,1248.2174090425792,1212.7989712003916,1238.4197841678338,275494
2018-12-27,1217.648681640625,1256.545198623556,1210.692273360142,1251.1565057639618,715199
2018-12-28,1216.7178955078125,1227.5932340757724,1200.3068755372722,1217.8936821313139,491844
2018-12-31,1232.835205078125,1239.3995660067324,1205.107878409708,1210.9864534263409,559848
2019-01-01,1240.771240234375,1245.2781237646814,1224.7031114916222,1227.6423989592022,292677
2019-01-02,1233.276123046875,1261.9341779419067,1226.466821091272,1242.3389267316286,658775
2019-01-03,1241.0159912109375,1247.2374581465995,1228.6710096535817,1232.5410230545342,322081
2019-01-04,1266.832763671875,1271.0457897668925,1233.5208425853757,1233.5208425853757,725206
2019-01-07,1256.1533203125,1273.6910907902845,1249.1970313520098,1272.7113284127536,683914
2019-01-08,1224.213134765625,1256.0554131808974,1220.343121075115,1255.9574608596004,893261
2019-01-09,1241.7509765625,1245.2780975293042,1224.2132044554412,1230.8266011181656,289161
2019-01-10,1259.386474609375,1266.097822392542,1231.3162610112804,1237.4397753389674,428709
2019-01-11,1266.538818359375,1269.0862963028687,1243.5634377067438,1259.9744580585955,467514
2019-01-14,1295.8338623046875,1301.565449026179,1256.0555286103338,1263.697723972266,887486
2019-01-15,1302.2515869140625,1307.885222310531,1290.543351156223,1296.5689155437374,466539
2019-01-16,1320.3280029296875,1326.598507238391,1301.222632995309,1301.3205853313982,513687
2019-01-17,1325.5693359375,1331.154052723141,1314.1061650404758,1317.682321301477,420061
2019-01-18,1338.6495361328125,1345.1159446381632,1308.0319583613484,1322.6793597272515,702678
2019-01-21,1299.2138671875,1359.1752730967,1288.9263628677916,1338.6493004130484,1293001
2019-01-22,1267.61669921875,1296.2257147736395,1262.423910420132,1289.4653299829565,1100328
2019-01-23,1267.665283203125,1290.3468017785083,1258.0636855192927,1270.6536057168983,671259
2019-01-24,1288.0447998046875,1312.6368147351257,1268.0085848379213,1283.4888802411006,831256
2019-01-25,1266.1470947265625,1304.9456648301887,1254.928742623931,1294.4621345840649,571327
2019-01-28,1240.1834716796875,1275.7487801420314,1237.0971957569425,1260.9543896995729,254670
2019-01-29,1273.34814453125,1280.3044332003067,1228.621969950782,1233.5207816332015,463118
2019-01-30,1292.89453125,1296.2257475673584,1271.2418045870354,1272.7114482917602,315858
2019-01-31,1298.8221435546875,1307.0031362672628,1286.771017321854,1288.3876493189284,471658
2019-02-01,1314.106201171875,1330.4192675891593,1293.2862520386766,1293.2862520386766,530789
2019-02-04,1270.5068359375,1309.8443184754788,1252.6261729293185,1307.9827460779352,548166
2019-02-05,1264.726318359375,1283.292888307485,1256.05544470863,1273.691168581294,423344
2019-02-06,1277.6590576171875,1288.387406814969,1261.8358727694063,1271.7314479435968,410854
2019-02-07,1269.6251220703125,1292.3066462639947,1263.9914880930435,1277.6592457630575,305098
2019-02-08,1232.39404296875,1272.2214062527446,1226.760409479375,1272.2214062527446,581292
2019-02-11,1099.1953125,1273.6909485284157,1067.9408722276717,1273.6909485284157,5424327
2019-02-12,1109.3360595703125,1165.8193900341043,1078.8164346296942,1110.0708814247419,4732005
2019-02-14,1129.0291748046875,1146.272969080181,1104.0452336692,1132.1154502766988,708081
2019-02-15,1119.6724853515625,1128.7842036413763,1107.1314791635557,1118.9865799319643,386448
2019-02-18,1094.2474365234375,1125.8938047934594,1061.180460841864,1119.8682430826184,1323161
2019-02-19,1093.8067626953125,1123.4934915309398,1089.5937365530103,1102.232695380015,969990
2019-02-20,1106.7396240234375,1120.2603934831056,1097.3339285557977,1104.1922656092715,1188434
2019-02-21,1128.8822021484375,1134.564871972371,1104.192237230451,1112.0303365186885,1308447
2019-02-22,1123.003662109375,1132.1155006512477,1116.5372539183238,1121.8279950200592,511047
2019-02-25,1163.418701171875,1173.7552413290446,1108.5030957394113,1122.7096491611735,1374338
2019-02-26,1133.927978515625,1153.2293693648485,1124.7672240861234,1151.8086421389453,1071336
2019-02-27,1126.041015625,1156.0217222490212,1117.6149629947993,1142.4030004675485,1037445
2019-02-28,1117.8109130859375,1136.524350453599,1113.989815918743,1131.674574556709,695585
2019-03-01,1128.5394287109375,1142.2561039176337,1116.9292668309674,1117.0272191624604,904319
2019-03-05,1167.77880859375,1170.816048062048,1123.5915490262,1136.3284600093018,564049
2019-03-06,1168.611572265625,1188.304772074456,1159.5487703008737,1162.8799862943838,1679631
2019-03-07,1162.9290771484375,1177.674550938171,1155.4339895382905,1171.1591062496861,642857
2019-03-08,1148.1837158203125,1164.3987136916883,1143.3828555744383,1161.9983433687094,268170
2019-03-11,1179.6829833984375,1187.2761421132568,1148.77143137105,1148.77143137105,938550
2019-03-12,1133.830322265625,1187.374374798112,1109.7771014624884,1187.374374798112,1370850
2019-03-13,1094.982421875,1142.4519813754262,1069.9005286400486,1136.5243710828356,1797280
2019-03-14,1109.0419921875,1120.2603433399179,1093.5127821886365,1100.2731666158736,717230
2019-03-15,1101.39990234375,1129.5680707418137,1087.5362407600273,1114.9695873737937,731215
2019-03-18,1096.9908447265625,1116.8310306072692,1092.4349262710157,1103.6042400201313,353486
2019-03-19,1116.831298828125,1121.7790276983071,1099.1465378448204,1099.1465378448204,398908
2019-03-20,1142.40283203125,1156.2174564231423,1112.030200990968,1124.4731342546118,1269611
2019-03-22,1127.314453125,1158.2260008352566,1120.8480460103026,1149.506092641248,754339
2019-03-25,1123.8365478515625,1137.3571976819242,1111.4914455022279,1125.747036758056,467825
2019-03-26,1128.588134765625,1136.524184895349,1115.9001421484593,1122.8075136983362,434281
2019-03-27,1130.40087890625,1154.2580696353416,1126.7758058344427,1139.4636811856717,486185
2019-03-28,1159.0098876953125,1163.9577356742932,1130.6458139462409,1130.6458139462409,693131
2019-04-01,1243.8082275390625,1252.9200646788315,1201.6784490560535,1206.087379362415,1002709
2019-04-02,1229.8961181640625,1258.015258739847,1223.3806725379854,1243.3188188012975,638278
2019-04-03,1234.2557373046875,1250.862662870015,1229.8468063121327,1233.520915472595,336310
2019-04-04,1230.82666015625,1243.3186322294775,1223.7724178842764,1237.3910211704501,236648
2019-04-05,1219.8045654296875,1249.1974465243788,1211.0357370764136,1242.339107602284,469357
2019-04-08,1212.0640869140625,1231.9533122254754,1205.6467147115436,1223.7232838345492,479351
2019-04-09,1234.0599365234375,1237.440069395596,1201.286808293746,1216.8650563652654,452314
2019-04-10,1221.02880859375,1244.0532234398509,1215.1992705471419,1227.838108974235,251194
2019-04-11,1215.29736328125,1234.3047786746342,1210.0066221470224,1214.9054343824355,325454
2019-04-12,1238.7138671875,1242.5348455370286,1206.6755593343212,1222.4497128180344,365799
2019-04-15,1245.6700439453125,1259.337682733752,1239.4974924667133,1244.8861861194894,525419
2019-04-16,1249.3929443359375,1268.6943350622087,1245.3270261219352,1245.5229307587906,375036
2019-04-18,1245.865966796875,1253.9980433588837,1230.3857911100429,1248.217420708774,283213
2019-04-22,1207.1160888671875,1243.3182549925423,1194.3301440787307,1243.3182549925423,534002
2019-04-23,1217.7467041015625,1228.622042761046,1204.9118406529865,1208.0470324755738,280002
2019-04-24,1203.93212890625,1243.0245544132915,1197.269696503095,1217.746755330535,569926
2019-04-25,1221.02880859375,1234.3046360577362,1205.1567066249063,1207.0671953360081,360981
2019-04-26,1214.1214599609375,1229.5038006625105,1201.4826212875369,1217.8446047421837,242464
2019-04-30,1191.8809814453125,1222.7434976109741,1180.7116659606158,1214.7094936236842,336375
2019-05-02,1170.375244140625,1200.1110096038637,1130.4499256112608,1192.3708625824847,1083586
2019-05-03,1175.0291748046875,1188.0110274956594,1159.352975328797,1170.3753030852824,347353
2019-05-06,1166.2113037109375,1181.4465382005033,1146.6649708784673,1146.6649708784673,225661
2019-05-07,1141.374267578125,1174.8331806105398,1129.0292840949849,1171.3060595582017,320142
2019-05-08,1146.6162109375,1159.6469816702363,1128.6865076376605,1132.6055580114025,246581
2019-05-09,1145.929931640625,1174.7349664134424,1133.6829032167984,1141.4230491006342,310077
2019-05-10,1162.5372314453125,1172.2858203900366,1144.0196964468746,1152.347677619725,173882
2019-05-13,1148.5758056640625,1168.807808763496,1137.700344538541,1162.9292328469692,200737
2019-05-14,1119.3785400390625,1152.1026280617166,1107.131510060517,1152.1026280617166,625364
2019-05-15,1133.046142578125,1137.504109192266,1123.836471999295,1124.963103042521,235916
2019-05-16,1113.450927734375,1138.3859524868515,1089.6427732578286,1138.3859524868515,505445
2019-05-17,1118.104736328125,1135.7404584758865,1109.3849471683145,1113.450865205799,270312
2019-05-20,1174.04931640625,1182.4752490160788,1134.6138803219696,1134.6138803219696,326706
2019-05-21,1148.96728515625,1190.411281308429,1141.5211150532307,1171.7957962509308,253823
2019-05-22,1139.41455078125,1155.1397839755823,1130.6457257911977,1153.866045110037,221323
2019-05-23,1126.8248291015625,1168.8566643376262,1120.2114322161653,1168.8566643376262,222973
2019-05-24,1146.811767578125,1164.4474889078185,1132.1153331367138,1136.2793228951136,257237
2019-05-27,1174.539306640625,1188.3539336624922,1151.3679001125047,1153.670318016164,294036
2019-05-28,1166.701171875,1184.973645865256,1157.0994520367638,1175.7149385640275,512288
2019-05-29,1178.947998046875,1184.5325951966809,1149.5551296797116,1167.3867553158357,278890
2019-05-30,1178.654296875,1209.51681587048,1168.3667905431732,1187.4231234797812,1087194
2019-05-31,1213.7298583984375,1241.261161308203,1185.1207210360435,1185.1207210360435,1342593
2019-06-03,1329.8316650390625,1341.0008616571283,1217.8447654744552,1217.8447654744552,3836627
2019-06-04,1305.33740234375,1329.97832930571,1297.2053271508078,1322.679147774615,1306110
2019-06-06,1314.9884033203125,1347.1735809525387,1300.4389525660106,1309.942601988032,1226417
2019-06-07,1369.90380859375,1377.5460035372628,1303.8188792369933,1314.8412067901897,1963985
2019-06-10,1351.1903076171875,1374.1167717938354,1340.559909452346,1371.6673657835076,731973
2019-06-11,1352.0233154296875,1373.088210759444,1347.1735385309455,1357.6569502271807,827845
2019-06-12,1353.7867431640625,1370.5406568652902,1337.3757223947496,1352.9539690151532,523008
2019-06-13,1346.4874267578125,1355.7951689536355,1328.0678469934892,1352.5619054035499,376393
2019-06-14,1342.8623046875,1366.670578549029,1338.8453028178328,1343.2542335625678,349894
2019-06-17,1333.5057373046875,1359.910287628696,1328.6558413921757,1351.0924255331208,418598
2019-06-18,1327.283935546875,1338.3552973399358,1310.9219530313574,1334.3382958433003,434991
2019-06-19,1324.393798828125,1355.0113732415734,1313.8613532298987,1329.5375513295844,486030
2019-06-20,1346.4874267578125,1375.7822249363294,1327.8719423661664,1363.8291722721776,1462438
2019-06-21,1320.9647216796875,1357.2649682500291,1316.1638617602766,1345.2138422890496,563852
2019-06-24,1317.4376220703125,1329.6356169157843,1303.133114005767,1326.5004248687287,420849
2019-06-25,1298.038330078125,1324.0999887760609,1283.4398448420898,1317.7805684624338,1156668
2019-06-26,1281.4801025390625,1298.2341342039022,1274.7198380847108,1293.286286555531,597977
2019-06-27,1285.8892822265625,1296.176788772106,1266.441019962828,1284.0278291030174,688891
2019-06-28,1331.6932373046875,1354.0318717406678,1292.6008064416067,1298.0874529136247,1568379
2019-07-01,1342.96044921875,1358.5386973331113,1328.7049761970532,1335.4163255935152,675302
2019-07-02,1328.6068115234375,1348.5938682192736,1322.6792013367465,1346.5854271179237,527306
2019-07-03,1314.449462890625,1336.5920734383799,1311.657163437466,1329.1949376659707,220036
2019-07-04,1298.6259765625,1322.3362975136865,1295.4417488818572,1308.6196244278406,369704
2019-07-05,1280.2061767578125,1314.3018262076712,1275.6012231103653,1300.4872044650617,374619
2019-07-08,1276.8751220703125,1297.744105340994,1264.4321896299712,1269.8697982287536,523713
2019-07-09,1301.7613525390625,1325.5205910285163,1276.3854821499333,1276.8753633559013,806802
2019-07-10,1291.473876953125,1310.4812921023617,1286.477112457168,1301.0754770512585,440764
2019-07-11,1288.6815185546875,1305.141454935861,1272.2214625736128,1291.4738174443605,560976
2019-07-12,1335.660888671875,1340.3147593641115,1290.3468845632565,1293.5801478315007,1433514
2019-07-15,1357.65673828125,1375.5864384168158,1339.8741460286487,1343.2542785394974,1269223
2019-07-16,1362.0654296875,1370.19750418799,1333.358467573488,1344.380792866384,739553
2019-07-17,1355.7952880859375,1398.120976897678,1342.2745188155704,1360.2042189871565,1150697
2019-07-18,1359.9593505859375,1371.6674643163878,1337.473730035947,1352.0722148261536,464854
2019-07-19,1345.654541015625,1370.6384807410006,1339.384157705643,1360.0571192054847,294619
2019-07-22,1337.03271484375,1360.8899041462043,1323.658934846308,1345.8505759937254,344053
2019-07-23,1338.3553466796875,1349.9655064040383,1327.5779610182844,1340.8047525118245,209290
2019-07-24,1308.4237060546875,1344.8709406772484,1291.0329226995411,1332.574874183365,398286
2019-07-25,1316.4088134765625,1321.699554665033,1287.4078686655696,1308.4237255309913,391683
2019-07-26,1335.4652099609375,1340.070045479597,1296.127725009331,1316.9476763647992,336855
2019-07-29,1338.208251953125,1350.1123872702965,1308.374539130974,1335.464989399299,396917
2019-07-30,1306.6112060546875,1346.1936337621448,1302.1043226127294,1337.2778192052451,364277
2019-07-31,1324.2467041015625,1329.0475633036547,1292.453465226293,1300.1445753807225,343969
2019-08-01,1337.9144287109375,1353.5415892301726,1313.861216907464,1316.8005037461833,492611
2019-08-02,1283.6845703125,1332.4277467383013,1249.1969837768158,1327.6759233082273,976127
2019-08-05,1275.3076171875,1284.6153590044566,1261.1990161976091,1277.3160581354357,362139
2019-08-06,1313.12646484375,1327.871935773354,1263.8934076839676,1263.8934076839676,335196
2019-08-07,1288.0447998046875,1327.5781929211385,1283.5379162062668,1312.881755361126,230845
2019-08-08,1307.39501953125,1312.8816652571193,1279.5697424073119,1288.3876043381433,203895
2019-08-09,1331.30126953125,1343.2543236228685,1304.063825486534,1304.063825486534,399477
2019-08-13,1295.736083984375,1342.8137264069178,1285.3506239797985,1331.3015154528032,610748
2019-08-14,1332.6728515625,1415.7567560921632,1318.417379515428,1370.6876828878453,3189181
2019-08-16,1440.8385009765625,1456.9066275813668,1334.6322373593266,1337.3756198040119,3588110
2019-08-19,1453.918212890625,1478.4122703172663,1431.4817519677333,1440.8384101447764,1815260
2019-08-20,1445.2476806640625,1459.846166246511,1433.833423296581,1457.8866411911467,561093
2019-08-21,1436.331787109375,1458.8663240149108,1427.7588654605297,1441.4755400986821,779790
2019-08-22,1421.7332763671875,1445.4435995687631,1416.050725880792,1440.2508107105912,602866
2019-08-23,1411.690673828125,1435.2540081176428,1396.1614632272974,1418.7450350864801,737187
2019-08-26,1431.4329833984375,1442.7492878833386,1393.7611638792853,1414.7770212370594,501588
2019-08-27,1445.688232421875,1450.0481265841509,1420.851163762976,1431.432643878003,466048
2019-08-28,1490.6104736328125,1503.9352177660041,1447.1090010686567,1448.7745492353442,1429654
2019-08-29,1487.622314453125,1498.8406664346091,1474.6404617950134,1489.2389464399662,619177
2019-08-30,1477.628662109375,1511.2344400924287,1465.9694658295807,1489.0429177933747,869797
2019-09-03,1463.2259521484375,1474.4932185449466,1457.8862954787432,1465.7243938415322,301790
2019-09-04,1466.606689453125,1474.5427427532732,1454.996526328841,1471.505502551973,320979
2019-09-05,1466.704345703125,1478.4614947668776,1456.9067214833312,1465.2347020701561,314054
2019-09-06,1469.839599609375,1505.3559889041612,1454.7513533544145,1472.5829823465915,1098301
2019-09-09,1463.863037109375,1481.841653956336,1443.2391095154153,1469.6436594230872,625979
2019-09-11,1466.9002685546875,1482.08658628386,1444.218863884268,1469.6436512102425,626957
2019-09-12,1434.9791259765625,1553.9581526908898,1430.3065289939482,1546.3836750883675,2491122
2019-09-13,1434.388916015625,1452.931724090877,1407.287805695628,1441.0289222022286,883257
2019-09-16,1412.4520263671875,1437.7824162389518,1405.5169819655264,1431.289990812314,408800
2019-09-17,1391.9912109375,1416.534592122732,1387.1710344897463,1408.664955499828,605036
2019-09-18,1410.5343017578125,1420.4696959752043,1378.8589359346067,1393.9096670338397,790353
2019-09-19,1389.679443359375,1411.5668707561813,1383.62975612134,1411.5668707561813,465939
2019-09-20,1445.4063720703125,1450.964327238333,1370.300547690168,1391.9420495201637,1265101
2019-09-23,1446.53759765625,1494.2472702073062,1421.4531306448698,1465.7198371355405,928873
2019-09-24,1429.4210205078125,1464.145838254456,1409.8452764544074,1455.292497534123,410553
2019-09-25,1404.287353515625,1433.7000208803513,1394.647001750397,1432.2736974421289,274220
2019-09-26,1405.9105224609375,1420.4693981195433,1395.778437445463,1411.6160569955293,450521
2019-09-27,1377.7275390625,1410.5831769595427,1371.3825722816503,1408.3698415878548,553438
2019-09-30,1372.7596435546875,1382.9409612158493,1338.034826323043,1381.5146377089523,708880
2019-10-01,1346.9376220703125,1385.9906495143534,1338.3302061907323,1375.2191313889334,356435
2019-10-03,1356.626953125,1361.2995498485304,1326.5748504570738,1333.5591289118101,443258
2019-10-04,1377.6290283203125,1399.3197622991215,1362.3816073602868,1362.4308406216403,860655
2019-10-07,1387.662841796875,1406.6975007452809,1376.2026598200334,1386.2363981565372,673596
2019-10-09,1401.8282470703125,1408.5173661050787,1374.7763713652205,1384.5641838151587,381888
2019-10-10,1389.23681640625,1414.567209766109,1382.5968103798793,1398.827936222119,435916
2019-10-11,1424.5028076171875,1431.0937014129527,1385.0070383554082,1396.172183200822,649286
2019-10-14,1428.093017578125,1453.1774824985605,1421.2563192891196,1433.4050459304406,878725
2019-10-15,1459.57177734375,1464.7362267665333,1433.2576779038543,1436.1104454107615,594035
2019-10-16,1459.0306396484375,1470.0482034056013,1455.8828329070366,1459.8176513743529,304772
2019-10-17,1463.06396484375,1468.6710332812922,1446.6852585072731,1464.7362147058568,354752
2019-10-18,1483.279052734375,1506.051839708971,1466.0642211243771,1466.7036531718327,562505
2019-10-22,1494.6405029296875,1514.9047897372243,1477.5240221982538,1477.5240221982538,621477
2019-10-23,1489.0828857421875,1505.9042109224542,1485.3939933745355,1495.2310396882742,193859
2019-10-24,1511.75732421875,1514.905131003968,1493.558788554092,1493.558788554092,340507
2019-10-25,1494.5916748046875,1518.151473833171,1482.7872186978977,1514.9052003713489,289340
2019-10-27,1504.7236328125,1508.26494504422,1495.2308602427615,1502.116791835985,31619
2019-10-29,1407.681396484375,1502.1170457244168,1370.3006186601917,1501.231687496564,2296243
2019-10-30,1438.126708984375,1464.9818891804093,1416.5344437937144,1436.011840428323,751366
2019-10-31,1460.6044921875,1475.360059713312,1439.2089192750725,1447.0293220313065,457117
2019-11-01,1436.2086181640625,1483.4264357475386,1426.4699192712467,1468.4741748785523,551152
2019-11-04,1391.6961669921875,1447.0295540876537,1388.0072745191565,1437.192507492904,519503
2019-11-05,1391.892822265625,1423.2239108878605,1389.482793947514,1400.3035449092292,620983
2019-11-06,1390.8599853515625,1406.6483724438647,1379.2031096281862,1392.9257410360253,604579
2019-11-07,1440.044921875,1445.0617903917932,1397.3521261072447,1399.5162277949262,909619
2019-11-08,1395.4833984375,1443.9800859222087,1391.9420856985928,1443.9800859222087,504630
2019-11-11,1395.8768310546875,1421.4531507216516,1391.1058877484218,1401.7790586701408,475250
2019-11-13,1366.021240234375,1411.6159185345832,1356.6760477423343,1396.9095846979744,506842
2019-11-14,1396.0244140625,1418.0101879658278,1363.7097418077042,1371.284219232996,1643108
2019-11-15,1374.481201171875,1421.8465999144735,1357.5122974537037,1414.02607658699,1282545
2019-11-18,1381.0721435546875,1405.3204880400365,1375.4158416196997,1395.8769470865454,783234
2019-11-19,1387.9580078125,1397.6475945397772,1379.153899354778,1385.8431389104924,472316
2019-11-20,1398.3851318359375,1413.6816642353338,1391.9418195504502,1398.827750813244,660964
2019-11-21,1431.732666015625,1439.1104497631675,1401.7789120330494,1404.7300255320663,1123652
2019-11-22,1427.9456787109375,1451.0136253317826,1417.1741605785655,1435.864549357717,882624
2019-11-25,1426.7158203125,1440.8319560964055,1416.6820822849252,1427.74875808642,337740
2019-11-26,1434.634765625,1463.7523968142193,1427.011055224926,1431.29014607842,989762
2019-11-27,1440.0943603515625,1455.8828678632078,1436.2087750542457,1443.5865598576065,400326
2019-11-28,1420.961181640625,1452.3413799000718,1416.5345112928348,1441.4713969024954,397266
2019-11-29,1417.715087890625,1442.9471360786717,1407.681348533115,1429.8147030697992,359720
2019-12-02,1393.171630859375,1426.5683537838001,1391.4009145582238,1426.5683537838001,308438
2019-12-03,1381.514892578125,1400.697134059866,1377.1865679198634,1400.697134059866,405568
2019-12-04,1446.291748046875,1454.4565445974638,1378.2194349401725,1381.1213155979,1204381
2019-12-05,1459.0306396484375,1468.2283738806934,1427.9455977728646,1447.8656162636535,725914
2019-12-06,1441.127197265625,1485.3939029836818,1435.8151685632333,1455.7844193973842,830784
2019-12-09,1388.7939453125,1450.4229310329927,1379.8421390441529,1442.1106767336482,878632
2019-12-10,1351.5609130859375,1413.5835373391506,1345.707918636018,1389.482774176444,1141233
2019-12-11,1367.792236328125,1384.0725981483274,1357.512569612432,1357.512569612432,735568
2019-12-12,1362.9224853515625,1383.0884261308531,1352.3476627477883,1372.2676774200143,698123
2019-12-13,1330.952392578125,1374.9731757029374,1323.0827553714548,1370.3005786114768,2563372
2019-12-16,1348.2164306640625,1367.251091266363,1343.7405265585196,1347.6753450843132,825493
2019-12-17,1341.4285888671875,1347.6258548147537,1319.4919317369722,1347.6258548147537,1184021
2019-12-18,1362.2833251953125,1372.1203714401156,1347.6753355380063,1348.708273426163,1244195
2019-12-19,1373.6451416015625,1380.6786535802169,1348.8066001957834,1362.873504071963,730557
2019-12-20,1356.725341796875,1379.5473606582264,1353.0856827945463,1377.1864455924135,629259
2019-12-23,1363.6607666015625,1367.3496595680228,1343.298125459161,1355.5452020753494,476672
2019-12-24,1353.0362548828125,1375.6614575198048,1349.8392153797593,1369.218265339241,295536
2019-12-26,1357.1187744140625,1365.0867572601787,1348.1178537570456,1361.8406042908614,344456
2019-12-27,1394.991455078125,1401.7298075034737,1357.0204819199325,1357.4631009529867,1085655
2019-12-30,1395.7783203125,1409.5009498706759,1388.597229526539,1398.0407685834323,527326
2019-12-31,1418.501953125,1430.3064076586338,1391.9419304243238,1393.909339513263,985801
2020-01-01,1403.10693359375,1418.5019335181282,1399.0245357744052,1416.5345244563835,268255
2020-01-02,1470.2938232421875,1484.606650386471,1404.7299001737397,1404.7299001737397,2000143
2020-01-03,1461.8834228515625,1480.475464326776,1457.4076388452997,1470.294145448795,629443
2020-01-06,1438.667724609375,1455.8825520833334,1434.3886343677839,1455.8825520833334,378702
2020-01-07,1454.6038818359375,1474.5238991348047,1448.554194869328,1450.9642230039024,365266
2020-01-08,1449.63623046875,1455.489224494044,1434.241230283841,1440.1434575689598,190163
2020-01-09,1455.4892578125,1474.2779910840075,1448.996831666472,1465.7198093571237,254798
2020-01-10,1461.6866455078125,1477.524265078649,1451.9479462424008,1459.8175828074002,364434
2020-01-13,1459.276611328125,1479.4917898670733,1455.3417927380528,1468.9661981710842,374704
2020-01-14,1468.966064453125,1477.5242460750387,1459.7192175919567,1460.899615029075,308514
2020-01-15,1487.3118896484375,1504.0840984913968,1463.7522161904503,1464.0473755568032,932167
2020-01-16,1565.614990234375,1580.8131771659685,1493.3127073957323,1494.9357238027249,2305288
2020-01-17,1592.2244873046875,1597.5365169808283,1554.253507900067,1569.5501648235675,893254
2020-01-20,1602.995849609375,1631.965901516442,1590.1584567819941,1593.6014228189488,1047368
2020-01-21,1599.7003173828125,1615.7347498429272,1594.585101671467,1603.2908630653549,317357
2020-01-22,1607.8157958984375,1636.8843123380902,1599.9953930396057,1616.8659494816695,736367
2020-01-23,1659.4112548828125,1672.1994142291078,1604.6680718187927,1612.0950893177444,764590
2020-01-24,1641.507568359375,1669.8875378184641,1622.2269851476472,1662.460521185458,1023849
2020-01-27,1668.412353515625,1685.0860996389677,1634.9171614710824,1640.8193894908336,791549
2020-01-28,1650.410400390625,1677.0196579778767,1646.5248152348522,1668.2646629805893,681671
2020-01-29,1660.493408203125,1667.330107319376,1643.8196628297462,1659.5097035774122,230705
2020-01-30,1663.247802734375,1681.8889570627002,1652.8696710657125,1657.5422679635326,634505
2020-01-31,1633.1461181640625,1671.5598258700247,1629.457226390037,1671.510592613926,377299
2020-02-03,1668.21533203125,1689.6109059287246,1589.6665479686992,1589.6665479686992,584886
2020-02-04,1643.8194580078125,1677.1178314229446,1633.9331797187895,1668.2152576370634,384789
2020-02-05,1630.4410400390625,1653.6073299636246,1623.1124892563835,1653.6073299636246,438855
2020-02-06,1618.2432861328125,1638.5566898805444,1595.765540154174,1638.5566898805444,552992
2020-02-07,1636.048095703125,1651.147935139023,1601.4708599382363,1622.9156651860699,554048
2020-02-10,1638.5567626953125,1673.8717831125275,1607.8652261118643,1635.9008082129278,778081
2020-02-11,1670.281005859375,1675.1504151775544,1641.8028086489294,1643.2783653972658,606839
2020-02-12,1656.1650390625,1688.9715634269323,1643.3277660926585,1677.2163414998972,728165
2020-02-13,1667.8712158203125,1679.1838191714971,1628.031177931358,1647.705270716027,902548
2020-02-14,1676.6260986328125,1719.2204346050823,1647.1640746158398,1692.9555705322384,3179224
2020-02-17,1687.1025390625,1708.69480593522,1672.3960839690765,1698.8577604203367,808709
2020-02-18,1745.9771728515625,1755.3223657716908,1677.0195101624183,1688.0369527305434,1860803
2020-02-19,1751.486083984375,1763.388885925021,1722.171638140783,1745.977362103206,1029649
2020-02-20,1771.356689453125,1783.8989221420466,1749.2725709078243,1760.8310990721245,799535
2020-02-24,1768.15966796875,1783.9974070432536,1735.5007254472243,1766.7333444257986,708469
2020-02-25,1764.4639892578125,1783.7302955418172,1752.1947323057188,1771.9044593282804,459592
2020-02-26,1741.5513916015625,1770.869609874367,1737.4123971413221,1760.029260260893,494854
2020-02-27,1769.34228515625,1776.8319576456681,1729.627135598572,1739.3834748999468,919960
2020-02-28,1710.6075439453125,1773.6293585739027,1701.0482525533632,1754.6587431258972,1234826
2020-03-02,1703.462646484375,1752.096378595605,1686.3643603859684,1724.6012826580713,980080
2020-03-03,1700.6539306640625,1727.7548082305843,1670.3995445547105,1713.662424075177,672514
2020-03-04,1729.775146484375,1746.282045047892,1686.8079599548892,1701.935153384712,1164850
2020-03-05,1702.1319580078125,1743.1774881208032,1693.6567995451346,1739.3340673358023,661463
2020-03-06,1664.3880615234375,1685.18180120963,1648.7188031717608,1675.3269368750707,498503
2020-03-09,1617.08447265625,1647.486700555331,1582.7895017437259,1626.0523738096583,486073
2020-03-11,1605.603759765625,1618.9571489590855,1587.6186324888274,1605.3573881590937,617459
2020-03-12,1486.1136474609375,1566.9728632025242,1458.8157194300852,1557.0686757216718,1279868
2020-03-13,1491.681396484375,1575.2998869096577,1358.9856390668865,1360.0696499621824,828569
2020-03-16,1451.4246826171875,1518.5362946311225,1343.5631042961043,1410.231295468662,1197701
2020-03-17,1406.04296875,1496.9047827078118,1394.906922349918,1471.1344050495475,610719
2020-03-18,1264.0833740234375,1432.89724471487,1215.6468130561993,1432.89724471487,1731130
2020-03-19,1162.9722900390625,1230.1332014861525,1037.076422632809,1177.7545836679767,2412020
2020-03-20,1343.168701171875,1380.0752406909899,1133.3094109725448,1172.9752403565838,2002316
2020-03-23,1141.8338623046875,1280.4917532013867,1132.3238943110168,1208.896140872125,816579
2020-03-24,1139.22216796875,1246.6401751561148,1107.8344532310653,1231.8578805890463,1641749
2020-03-25,1166.569580078125,1204.4614857952095,1056.4907922147067,1162.874005906811,2323541
2020-03-26,1198.2037353515625,1316.905656295885,1115.5707164975795,1172.7289334206002,2809679
2020-03-27,1150.062744140625,1240.7275020334591,1113.8954377528328,1240.7275020334591,2480908
2020-03-30,1082.310546875,1150.0627436404507,1064.4732653135702,1122.4691216850672,1207547
2020-03-31,1122.5184326171875,1138.335418575211,1031.8536756936185,1105.7158398722208,1882578
2020-04-01,1073.046875,1122.4690435129075,1064.3746665971682,1119.5125842235848,1017298
2020-04-03,1172.285400390625,1221.4610757278028,1072.2585303510941,1078.319175498819,2397409
2020-04-07,1208.1568603515625,1260.0920596374037,1194.9021179665563,1218.061045613743,1473088
2020-04-08,1245.6053466796875,1318.9748730641643,1193.423895804227,1208.1076655679005,2070258
2020-04-09,1261.2747802734375,1281.1323558488216,1238.4115432731285,1247.625817311237,1156777
2020-04-13,1260.8311767578125,1281.1321701637607,1211.951081094365,1281.1321701637607,1027810
2020-04-15,1340.8037109375,1394.4140805082204,1272.8543443176056,1276.2050224904372,2274130
2020-04-16,1402.7906494140625,1419.1004984005526,1314.6882563772733,1350.855561237887,1281806
2020-04-17,1354.15673828125,1450.6358737835055,1340.2614051260648,1428.9551745829367,1718038
2020-04-20,1429.8916015625,1443.7377351280672,1353.0729763350419,1364.89881443848,1859711
2020-04-21,1331.5399169921875,1412.251273791556,1310.7953810318393,1395.4486832641574,1669510
2020-04-22,1328.731201171875,1348.4901289324066,1292.366733332848,1331.6383375822093,1272533
2020-04-23,1363.9625244140625,1396.3357291728594,1342.0354516222162,1352.087364962395,1301177
2020-04-24,1339.7689208984375,1357.5076782181666,1321.6359449118738,1340.2616641573188,755944
2020-04-27,1398.306640625,1402.6920068714057,1350.2148574372661,1350.2148574372661,1179779
2020-04-28,1405.7470703125,1437.0362644729785,1396.483594107047,1409.048546092751,1214114
2020-04-29,1397.370361328125,1408.0629847665116,1355.0437695196717,1399.3906565221337,1010961
2020-04-30,1374.1131591796875,1420.9730931692916,1367.1162286720569,1420.9730931692916,731401
2020-05-04,1351.841064453125,1406.4370389197811,1335.8269093247393,1374.4087286630092,1532116
2020-05-05,1328.04150390625,1381.4549411906241,1315.0823331466465,1378.6955310362143,652241
2020-05-06,1286.7989501953125,1339.27610439627,1243.4375457851315,1330.4067262214603,1621448
2020-05-07,1252.701171875,1315.6244600034515,1247.1331491643205,1275.1701915969966,935845
2020-05-08,1295.717529296875,1308.2331580947896,1257.6776591201494,1261.7182494819822,1250585
2020-05-11,1285.271240234375,1322.2763005280976,1263.7877101392723,1300.8419725709625,717988
2020-05-12,1282.2161865234375,1300.8419014447568,1262.3586137409018,1277.288755078571,663107
2020-05-13,1265.906494140625,1314.6387443013107,1239.7417843561086,1314.6387443013107,1508002
2020-05-14,1275.61376953125,1290.9873351110105,1247.4288792519146,1270.5878123626846,907116
2020-05-15,1335.629638671875,1357.1131679639948,1271.4251817747786,1280.1467115233543,1984090
2020-05-18,1247.6754150390625,1345.0907458389345,1237.7712261372096,1335.3344039935662,860662
2020-05-19,1255.7562255859375,1283.1034771142952,1248.6114481596098,1271.2776386155458,960164
2020-05-20,1269.749755859375,1280.0973618524501,1251.6661065883436,1256.396488876054,531853
2020-05-21,1261.7183837890625,1290.9872840171704,1253.735847091722,1273.2485274428889,608962
2020-05-22,1261.4227294921875,1277.1905136108398,1234.4696975740953,1251.5678644180298,775343
2020-05-26,1302.566650390625,1319.3692416454367,1267.4340361387851,1271.2774571620248,1145344
2020-05-27,1318.1866455078125,1339.7688227250828,1298.8711352347623,1303.0101301866164,1386447
2020-05-28,1317.644775390625,1334.3487234771774,1297.885722909485,1320.551912451564,523206
2020-05-29,1337.255859375,1347.7513146700849,1295.8654263341605,1303.7986407864462,870048
2020-06-01,1353.36865234375,1377.7101206623174,1337.8472400401508,1352.0874717801855,868868
2020-06-02,1340.902099609375,1374.6056865053908,1330.8993885494433,1358.9857510623342,608623
2020-06-03,1330.20947265625,1386.5792416085933,1320.6009811099218,1350.1162480481682,738592
2020-06-04,1344.4498291015625,1347.899031521834,1316.6098381379422,1335.3340798479878,762916
2020-06-05,1339.325439453125,1360.7597702441242,1332.0820176365637,1349.722249565666,548928
2020-06-08,1344.2529296875,1387.565013927497,1332.427091500618,1348.7368211541714,746452
2020-06-09,1344.7457275390625,1371.7972853703313,1333.0676156164927,1350.0672587002846,517243
2020-06-10,1335.9747314453125,1358.3945482070299,1312.6679528179093,1345.1890057030378,710311
2020-06-11,1327.9923095703125,1370.8116475664297,1319.5663523303015,1339.2760812672739,677212
2020-06-12,1383.2288818359375,1389.5360197441516,1283.3005227392878,1286.0599331674593,1340007
2020-06-15,1390.2254638671875,1408.2599111284483,1351.1017061981124,1374.556328064836,1375760
2020-06-16,1352.826416015625,1419.100374476416,1335.6297269582617,1419.100374476416,1021337
2020-06-17,1332.7225341796875,1366.5247664582807,1327.1053097129288,1355.04382562147,481888
2020-06-18,1327.8935546875,1348.638090794696,1316.806833078848,1335.2847024266014,591592
2020-06-19,1350.8062744140625,1363.9132927601893,1330.5545993633193,1337.305157713567,894818
2020-06-22,1378.0057373046875,1388.3040224842282,1351.7424996164207,1359.9712873314888,758430
2020-06-23,1395.547119140625,1401.361512344394,1374.1621146455348,1387.5647042059823,630401
2020-06-24,1391.3096923828125,1419.1003596396374,1380.666391566064,1403.3325778658639,681132
2020-06-25,1416.63671875,1423.0423804347827,1385.1011535326088,1391.3097660542364,872300
2020-06-26,1368.0030517578125,1458.5199589332312,1356.3250612814873,1431.9118245472873,3862478
2020-06-29,1345.2381591796875,1385.1503554347255,1339.5222903619856,1360.956617980432,911358
2020-06-30,1330.2587890625,1364.3565943423514,1324.4937176992055,1357.014768803427,759369
2020-07-01,1300.497314453125,1333.9053316506836,1291.9728319673713,1330.4068063737234,1066663
2020-07-02,1342.7745361328125,1348.0468642883234,1307.0013318613762,1310.6969058440193,1095777
2020-07-03,1359.7742919921875,1380.6665572298127,1346.174530461045,1352.087449335691,1034372
2020-07-06,1389.5849609375,1392.3442503099702,1361.5478044211266,1364.7014326593142,684284
2020-07-07,1398.6517333984375,1405.3037673603465,1374.7536854612085,1387.565010128589,750569
2020-07-08,1373.6202392578125,1410.2310842683212,1367.0667304249305,1406.2891385401078,931697
2020-07-09,1383.623046875,1397.4198578837252,1370.171132081764,1384.6085333756232,534658
2020-07-10,1382.0953369140625,1418.3119616778556,1376.4781126211715,1379.6809433825954,722285
2020-07-13,1410.67431640625,1421.9582067235476,1386.1358037683503,1394.4137924517465,769099
2020-07-14,1420.824951171875,1433.882645365062,1398.010918012355,1405.25421865602,846728
2020-07-15,1443.9837646484375,1448.5169774543565,1419.1987607689507,1429.0536235203476,821199
2020-07-16,1415.7498779296875,1470.2965314942896,1406.8312973085094,1448.6158285541762,1040680
2020-07-17,1477.4412841796875,1485.128126850861,1415.848379117857,1415.848379117857,1195304
2020-07-20,1463.5458984375,1495.6235304080662,1443.9840165235087,1485.9165129644623,1032717
2020-07-21,1478.3282470703125,1497.9394521149673,1473.3022900736028,1479.1166843750932,731642
2020-07-22,1459.6533203125,1485.1774441412908,1446.940520692119,1478.2297163549656,477423
2020-07-23,1509.0753173828125,1512.7215688103306,1456.943064665063,1463.4472506080397,1015614
2020-07-24,1490.1048583984375,1526.8634313853559,1474.3370749491708,1514.643375152446,1481040
2020-07-27,1486.4583740234375,1509.4202550565626,1470.3950180269574,1496.9538281488553,442729
2020-07-28,1575.989990234375,1585.9435002973132,1489.070127534169,1496.3627518213984,1886396
2020-07-29,1617.4788818359375,1625.4612976428432,1558.054003598222,1575.989808018609,1522653
2020-07-30,1691.242431640625,1702.9204208838355,1607.4760914929827,1613.7339057854633,2000500
2020-07-31,1650.29541015625,1692.129377702957,1619.6468088701513,1692.129377702957,885944
2020-08-03,1551.5006103515625,1678.4313166551426,1544.3558333963226,1645.7624158966278,2067390
2020-08-04,1629.945068359375,1642.8550355289995,1545.2918888006197,1547.21353902582,2098343
2020-08-05,1651.9217529296875,1690.1093549735506,1633.9366242251585,1642.7074781736717,1857434
2020-08-06,1668.871826171875,1714.7462642929568,1630.1914865894046,1663.9937168153203,1406163
2020-08-07,1717.89990234375,1727.5577175091773,1675.8690022040137,1675.8690022040137,1570379
2020-08-10,1759.2410888671875,1771.9045651759316,1728.5431631360311,1733.4212727460663,1082244
2020-08-11,1725.3404541015625,1771.8553678176581,1713.2682447268694,1764.0207984245592,697840
2020-08-12,1682.2254638671875,1728.1984333805806,1678.3820424383418,1725.3404984566364,804252
2020-08-13,1700.0628662109375,1752.0966054823853,1686.6602728527325,1699.9643416131835,1005174
2020-08-14,1682.5703125,1724.6013348051217,1663.0084299906532,1709.8190376496493,765898
2020-08-17,1679.6630859375,1702.1814266770612,1661.530111667405,1690.1092179772238,479355
2020-08-18,1672.5184326171875,1691.88326634498,1654.434779455086,1679.6632097211805,639935
2020-08-19,1660.544677734375,1693.3121023840295,1657.588218367489,1685.1818391250927,606462
2020-08-20,1668.625732421875,1679.269034988444,1647.7334662562666,1654.6318719164306,455458
2020-08-21,1653.153564453125,1723.6158475281763,1641.47557376545,1690.1093073246554,1091774
2020-08-24,1666.01416015625,1675.3269589556953,1651.0840164328877,1670.892269946695,525574
2020-08-25,1640.2928466796875,1691.5874636803314,1634.577097542618,1666.4575596175011,682054
2020-08-26,1627.2352294921875,1640.2929253669176,1611.4674457944002,1640.2929253669176,748724
2020-08-27,1626.0526123046875,1655.5678828146422,1614.4238242911752,1631.9655308948863,476278
2020-08-28,1637.8291015625,1651.5767092500073,1623.638193405716,1629.7974835080129,548801
2020-08-31,1610.8270263671875,1652.611558238578,1598.4591225216825,1645.7624750993896,626908
2020-09-01,1646.5999755859375,1670.399496902416,1602.499457894856,1611.270311171357,1106516
2020-09-02,1673.9967041015625,1683.6051976878857,1645.7624911958678,1663.2055545100416,1098000
2020-09-03,1674.2921142578125,1692.0801923551412,1663.9938292321817,1678.4312294235353,588865
2020-09-04,1625.9541015625,1665.2257121403175,1619.1542210661587,1660.5446515498948,456702
2020-09-07,1625.3134765625,1643.6928223368795,1596.882217433609,1629.994537052827,443358
2020-09-08,1627.6787109375,1661.4316216786158,1607.1805447621261,1635.8581762517845,710352
2020-09-09,1583.134521484375,1663.6488296102873,1577.566619766129,1612.2556916628964,1000765
2020-09-10,1585.5491943359375,1591.5606377003407,1562.0453662537752,1576.7783407557556,936677
2020-09-11,1588.4072265625,1624.722380890676,1571.9003272952702,1590.5752487945576,867578
2020-09-14,1600.1343994140625,1629.2062514817096,1567.0713991569937,1614.1283800461517,1094575
2020-09-15,1648.57080078125,1673.897871913358,1577.8129537067075,1577.8129537067075,2802668
2020-09-16,1664.3880615234375,1713.1696399795057,1653.695557780168,1668.3792093997517,2077987
2020-09-17,1754.1644287109375,1763.9366817687837,1661.6737846415394,1673.3708224781928,2006191
2020-09-18,1804.851318359375,1847.7898917112539,1751.1535207243828,1754.1640840303182,3235148
2020-09-21,1807.911376953125,1875.4778873822002,1787.5771518835404,1800.50817476609,2220744
2020-09-22,1766.05859375,1819.164158793307,1740.2460712040768,1819.164158793307,1384803
2020-09-23,1794.339111328125,1811.1689878849804,1737.4331311341755,1768.8720437502998,1421474
2020-09-24,1922.5130615234375,1948.5229563196183,1772.030555239238,1800.4589018880363,5742817
2020-09-25,2001.4805908203125,2020.5808300636663,1895.812160669121,1941.7614211970335,3665739
2020-09-28,2033.314208984375,2069.9354815196716,1973.2989845352604,2008.7356723378787,2422864
2020-09-29,2058.2880859375,2087.6541285188014,2028.5273022047727,2033.3145628720977,2160713
2020-09-30,2120.32666015625,2140.0191311774065,2059.176253937007,2076.8451346850848,2025626
2020-10-01,2062.779541015625,2131.0863928001086,2049.7005464380645,2123.239044251518,1224430
2020-10-05,2099.3017578125,2129.1613455279476,2041.4088023237184,2067.9615293838897,1594662
2020-10-06,2098.363525390625,2128.025734887659,2076.647467201595,2114.847939545279,903168
2020-10-07,2145.053466796875,2160.1558079737188,2069.935538047446,2092.3425173715304,1470503
2020-10-08,2219.62841796875,2227.771941969154,2159.6133066120806,2161.735461925396,1899346
2020-10-09,2247.711181640625,2284.134843114647,2207.48711299027,2215.9265714122853,2181213
2020-10-12,2244.305908203125,2302.8900264902227,2202.2064505356566,2202.2064505356566,2053057
2020-10-13,2225.353271484375,2262.9122337473405,2217.2097487238884,2252.794523650978,939023
2020-10-14,2198.94873046875,2244.601817066288,2181.674589594006,2235.767376073999,1405987
2020-10-15,2154.430908203125,2260.444680215617,2146.9288993314267,2215.038367861941,2782519
2020-10-16,2182.02001953125,2190.360913070787,2146.928790414133,2181.4770698001075,1036072
2020-10-19,2183.5498046875,2212.076712753298,2157.8359687308816,2195.5922981654257,760641
2020-10-20,2183.6982421875,2196.283688040315,2148.0148979889254,2186.215379556002,869774
2020-10-21,2121.7578125,2202.6500893703974,2108.13587185615,2196.2833834903468,1473524
2020-10-22,2074.574462890625,2142.7333206192484,2065.542653316807,2121.7575827115397,1391948
2020-10-23,2048.219482421875,2079.855884553122,2026.108679344855,2071.1200086780054,1124706
2020-10-26,2025.8125,2083.754853459123,1998.0257875424938,2052.1678542593636,1236009
2020-10-27,2091.30615234375,2119.2903575597575,2008.3409919658106,2052.6121241484225,1429726
2020-10-28,2052.4638671875,2104.5330570358624,2039.335473492256,2080.645438990565,958986
2020-10-29,2058.9296875,2072.896968295254,2034.4003103126279,2051.082099042554,606805
2020-10-30,2092.095947265625,2117.0694690936243,2051.131553761774,2061.0024919554726,1071769
2020-11-02,2042.5931396484375,2121.017689679729,2038.3485883367728,2110.505237666021,637352
2020-11-03,2084.100341796875,2131.924982489783,2053.0560527075763,2058.090326881427,1528660
2020-11-04,2076.4501953125,2120.277054797939,2061.0514387421304,2085.728778765384,725363
2020-11-05,2095.205078125,2111.9362672964776,2077.3385866620965,2104.5330649206326,466474
2020-11-06,2058.978759765625,2140.463397146232,2035.930265262945,2100.5355030977853,1290149
2020-11-09,2057.498046875,2082.274195562225,2002.9612395173556,2072.6994347073264,1534921
2020-11-10,2007.156494140625,2063.025977371428,1960.368225387395,2063.025977371428,2804380
2020-11-11,2167.0166015625,2180.243562888269,2023.5424126410646,2036.3746328187885,3735087
2020-11-12,2083.211669921875,2176.7387898687352,2066.9740281659706,2127.1867386330787,2435538
2020-11-13,2236.556884765625,2284.134751442157,2084.248283349228,2093.6750760917907,4605948
2020-11-14,2255.1630859375,2293.5117651069263,2240.751665319069,2245.6377299841865,325596
2020-11-17,2277.57080078125,2311.3787608329108,2236.8037817764944,2254.522065926801,1832334
2020-11-18,2259.1611328125,2298.546313069471,2252.843830004243,2261.5794639973956,1036844
2020-11-19,2269.378173828125,2383.8316580313135,2247.61270614381,2259.161656040678,2584654
2020-11-20,2319.275390625,2367.6921424970133,2294.696613571928,2304.8637266024116,2144949
2020-11-23,2344.69287109375,2371.837945000413,2298.4474396969035,2343.3601983424733,1693126
2020-11-24,2283.4931640625,2392.1226261421566,2267.2061190340783,2351.8985603901456,2018323
2020-11-25,2212.57080078125,2324.6059495158797,2207.4873639966613,2305.357619997595,1501778
2020-11-26,2274.609375,2288.08310708199,2215.03817613977,2227.3274440260348,1207176
2020-11-27,2317.59716796875,2344.347503243736,2268.34128945436,2285.072479226945,8998610
2020-12-01,2431.211669921875,2476.470010355871,2318.7323962409614,2353.23127125203,2001392
2020-12-02,2380.425537109375,2452.9769142050154,2344.7913629835516,2442.760399401814,1611325
2020-12-03,2359.054931640625,2468.7705314276272,2341.287246589093,2468.721128548998,1745381
2020-12-04,2403.2275390625,2413.4440550780228,2369.024839340391,2369.024839340391,1219317
2020-12-07,2401.302734375,2436.690139010781,2386.8419084357274,2403.227518842836,778998
2020-12-08,2418.82373046875,2472.669740480339,2384.571626972207,2434.1730858381297,1412683
2020-12-09,2411.173828125,2487.476222349777,2401.599067054368,2472.817783929343,1650915
2020-12-10,2362.16455078125,2423.2655524443076,2339.411993532296,2423.2655524443076,1121002
2020-12-11,2329.4423828125,2381.857155951439,2314.7347827211456,2372.5785713419464,1654915
2020-12-14,2326.382568359375,2359.499611445048,2316.709001535513,2345.1373493688234,800654
2020-12-15,2324.802978515625,2361.7204266076787,2304.8637344497956,2330.528170036817,1060707
2020-12-16,2358.85791015625,2380.129828882929,2329.5412736811663,2338.425117521476,948217
2020-12-17,2373.467041015625,2391.7282763072817,2349.530016376561,2364.0896499199093,1184865
2020-12-18,2356.93310546875,2396.6636289720973,2336.5988777891753,2373.9604726844705,1065060
2020-12-21,2305.308349609375,2402.5864995024567,2274.955212855184,2354.2188994713883,1241568
2020-12-22,2377.267333984375,2393.7023485590194,2221.94803571396,2309.7993796404558,1249868
2020-12-23,2402.388671875,2429.1387662908323,2359.153920037878,2359.153920037878,1093766
2020-12-24,2381.90673828125,2421.1931196531045,2374.2567613441183,2403.5733989568644,543157
2020-12-28,2357.96923828125,2398.09449669822,2344.84084521221,2394.19552517879,784636
2020-12-29,2345.828125,2384.4235841930476,2340.399109772775,2371.9861074584473,585199
2020-12-30,2365.421875,2372.9730447406896,2320.854453796375,2352.0961112296177,569168
2020-12-31,2381.659423828125,2396.663197956779,2354.2181742697358,2359.252447893591,855723
2021-01-01,2383.683349609375,2398.63772296781,2364.089443007368,2374.4539269955008,423934
2021-01-04,2378.156005859375,2397.6511106080407,2367.297972834802,2386.8918833704897,527018
2021-01-05,2477.062255859375,2483.3798001805967,2355.008215334132,2373.9603663184485,1720467
2021-01-06,2469.856201171875,2506.082729763104,2448.9792675361405,2489.4501058952624,1108589
2021-01-07,2476.17431640625,2530.9086219872447,2467.7346158221962,2469.85677119592,1014690
2021-01-08,2520.5439453125,2545.7148364836253,2483.231752555011,2501.196810996857,862326
2021-01-11,2517.63232421875,2558.399349343105,2491.918480647126,2531.649009007612,422296
2021-01-12,2484.761474609375,2551.6370689701994,2475.828228935938,2525.972634233942,500012
2021-01-13,2447.202880859375,2504.9972705772825,2406.287891380069,2495.373106105554,662618
2021-01-14,2479.57958984375,2496.261378427315,2443.0571197704144,2449.867970496321,603193
2021-01-15,2558.892333984375,2579.9666389334693,2477.703880827334,2487.4760116199764,1941813
2021-01-18,2575.574462890625,2596.895785078756,2514.177277557167,2565.9502984705105,1572820
2021-01-19,2611.356689453125,2624.682455965171,2546.70204452431,2584.7051564290337,1202289
2021-01-20,2641.265380859375,2648.2244396691876,2609.135432602344,2611.1096200099687,1064146
2021-01-21,2551.6865234375,2650.346486922202,2541.173831325742,2640.47555028562,994932
2021-01-22,2564.37060546875,2617.772470589695,2533.968312553789,2556.6220645821118,1194708
2021-01-25,2652.221923828125,2673.049696961767,2577.1536419322892,2577.1536419322892,1764152
2021-01-27,2566.838134765625,2714.1618565010704,2553.857950150959,2663.178567787144,1665899
2021-01-28,2588.554443359375,2664.6594646389885,2547.2447162750386,2560.5210784491705,1410605
2021-01-29,2528.193603515625,2641.956146338534,2518.0758936333273,2588.7518951582174,921579
2021-02-01,2629.124267578125,2642.0058895293555,2495.471866947503,2556.5728751745237,879244
2021-02-02,2670.236328125,2709.572107021709,2643.436831549777,2644.917472045417,607131
2021-02-03,2685.585693359375,2771.9069863968543,2669.101277307664,2679.8605018891108,1286454
2021-02-04,2696.394287109375,2712.4345590080297,2651.3335581407114,2694.7656789739917,455213
2021-02-05,2703.2548828125,2747.0817463658386,2652.9622663853556,2704.636717586201,941316
2021-02-08,2695.012451171875,2744.120360500984,2689.8302094838787,2705.623707961582,564043
2021-02-09,2753.300537109375,2799.9901178515006,2702.7613872890743,2711.0528780680706,1052950
2021-02-10,2720.924072265625,2791.501279291561,2710.2140080902855,2777.533998352937,745906
2021-02-11,2720.924072265625,2743.6272297704713,2694.7660864448235,2724.3789005815797,581642
2021-02-12,2712.632568359375,2753.991702186294,2690.916504757906,2732.2756385848247,693562
2021-02-15,3050.760986328125,3086.641937999425,2724.8227013225373,2741.159149927855,4446974
2021-02-16,3161.414306640625,3211.5587141476976,3007.67446486113,3049.1323997230165,4381584
2021-02-17,3193.248046875,3241.6156370749613,3135.9966135770865,3135.9966135770865,2081001
2021-02-18,3066.653564453125,3196.012250977797,3054.068118908174,3183.870949430612,1477343
2021-02-19,2882.264404296875,3069.121303076935,2858.623556713292,3050.2185537852906,2037556
2021-02-22,2891.740234375,2929.5951310468904,2829.8986729547314,2880.7833985254433,1246303
2021-02-23,2958.072998046875,3013.1034709395467,2899.5876972595966,2907.1882704297986,1465930
2021-02-24,3020.161376953125,3079.73258276237,2961.3307324659663,2976.087736227098,1088420
2021-02-25,3051.452392578125,3099.425004739276,3018.433913501323,3060.977750970015,819639
2021-02-26,3019.174072265625,3132.9860249464755,2981.6645113779336,3030.377682242424,2103433
2021-03-01,3041.383544921875,3058.0161695478505,2968.733595881483,2999.8270462819855,678218
2021-03-02,3047.45458984375,3111.3195074231858,3027.8112795780726,3065.419647938675,944553
2021-03-03,3017.544921875,3079.238267513596,3010.0429146494944,3074.8951523764913,536623
2021-03-04,3002.837890625,3041.5319161043867,2978.061741951048,3018.5325843176347,687383
2021-03-05,2842.3359375,2978.8016236814115,2832.9585485761418,2961.2807127973606,1486110
2021-03-08,2829.60302734375,2897.959269221982,2810.0091200990255,2863.558955794247,952087
2021-03-09,2848.8515625,2889.1742003428076,2790.2180451586705,2833.4528025542686,883183
2021-03-10,2866.619140625,2887.199901327895,2843.5704044843656,2872.4428975265137,432551
2021-03-12,2937.9365234375,2991.8810994550954,2889.7168982694793,2893.270532097895,1512021
2021-03-15,2957.925048828125,2985.958413237528,2877.378107301618,2959.3068835987137,918701
2021-03-16,3033.58544921875,3040.248331113235,2952.1996289425615,2963.2550292214064,1081398
2021-03-17,2958.714599609375,3042.519000455548,2931.668328263021,3040.248636717207,740599
2021-03-18,2920.51416015625,3025.442271472464,2884.28786859463,2986.9456161421454,789785
2021-03-19,2896.725341796875,2944.352614028388,2849.986357521995,2915.8748636661094,2288304
2021-03-22,2867.60595703125,2906.2505783538345,2837.8943407547845,2875.4039007369347,488626
2021-03-23,2908.71826171875,2929.4966315962215,2859.4623841569455,2880.240513044752,630061
2021-03-24,2881.918701171875,2938.4298123252615,2866.5693468004033,2919.675033077849,627981
2021-03-25,2773.091796875,2954.371459424435,2751.5237030222565,2889.2232748865094,1001626
2021-03-26,2814.895263671875,2867.5074099596054,2782.617345499528,2803.3463147281514,918204
2021-03-30,2887.841552734375,2932.556706528673,2837.8945129112635,2865.0395908608493,1420415
2021-03-31,2865.1875,2890.1610194014274,2844.8535138905686,2863.5588917521654,665173
2021-04-01,2856.69873046875,2876.341799801591,2806.702287173459,2849.0981567515564,842489
2021-04-05,2881.820556640625,2976.088021329503,2848.752911959186,2884.2882913183444,1241115
2021-04-06,2945.04345703125,2976.087505700406,2889.420630636635,2901.068384495354,1015604
2021-04-07,3057.819091796875,3074.7970562369073,2960.04740686691,2960.2941803064155,1240450
2021-04-08,3074.40234375,3103.62017466562,3049.5273880245413,3094.3415896497163,800699
2021-04-09,3091.7255859375,3123.3125858687513,3065.814375056396,3106.877571362896,934037
2021-04-12,2965.969970703125,3078.745432606056,2940.601709308893,3078.745432606056,961549
2021-04-13,2942.279541015625,3022.382098231571,2912.9135034931173,2993.2136722404484,544916
2021-04-15,2954.86474609375,2999.7281028431926,2864.8418563114737,2997.8033184856254,692875
2021-04-16,3021.49365234375,3033.3387761033464,2955.358378019336,2961.034166487476,622872
2021-04-19,3116.6494140625,3201.2926950917663,2966.857951716248,2998.7905278939993,3552506
2021-04-20,3227.451171875,3266.2934096029667,3140.6857225760773,3168.5711226429507,2575420
2021-04-22,3187.276123046875,3291.0691691741144,3175.727175068478,3226.8092735407117,1307224
2021-04-23,3158.749267578125,3256.4221417587996,3130.0741471710076,3215.9512997423976,1030125
2021-04-26,3133.677001953125,3211.015891808321,3111.319425447227,3188.6583153024226,557667
2021-04-27,3149.86572265625,3163.6356329856585,3117.0448537649013,3158.7001639794403,505348
2021-04-28,3157.95947265625,3207.0673834993063,3141.5244591920796,3168.5707297730914,575824
2021-04-29,3197.097412109375,3217.925183774451,3157.9592466841755,3157.9592466841755,589707
2021-04-30,3156.232177734375,3267.280221517054,3141.7219482113737,3213.9771605013684,906562
2021-05-03,3162.9443359375,3180.2184753861916,3099.4741639366594,3167.3862575100206,728281
2021-05-04,3140.19189453125,3201.3917051280087,3125.533456403736,3191.421962167182,581864
2021-05-05,3289.884521484375,3313.6735762321046,3135.157582826531,3158.5024936038,1679977
2021-05-06,3303.950439453125,3342.200318682962,3258.0999872581306,3314.512534380578,1124908
2021-05-07,3268.119873046875,3353.1579145184487,3259.3839958021545,3303.951188143538,774478
2021-05-10,3280.80322265625,3299.4594378397987,3219.5048495980236,3272.215555820808,627199
2021-05-11,3216.148681640625,3272.2156526348376,3203.3658662784937,3272.2156526348376,670759
2021-05-12,3155.491943359375,3232.6332234782535,3144.4859444495614,3232.6332234782535,703372
2021-05-14,3100.412109375,3170.2983960537044,3055.400778337133,3158.700044328436,842794
2021-05-17,3111.664794921875,3148.779371937219,3074.8955560936693,3106.3837474459856,847722
2021-05-18,3122.6708984375,3147.2988378849,3099.4741966473052,3133.0353822160973,639445
2021-05-19,3188.0166015625,3194.334146087717,3120.894227291295,3139.15546146802,711069
2021-05-20,3178.39208984375,3230.510681773292,3172.5189309355624,3204.007121377548,752076
2021-05-21,3205.833740234375,3217.333286075043,3183.3773573261055,3204.501067270318,471439
2021-05-24,3219.011474609375,3242.6029184727104,3198.331668075772,3206.0804502889996,611909
2021-05-25,3158.3544921875,3224.835354148701,3129.728772790404,3224.0950338194657,622276
2021-05-26,3142.511474609375,3178.4415874630927,3137.0824594755095,3163.6351825525503,260821
2021-05-27,3157.712646484375,3181.9952471326687,3112.898690316818,3145.3739756244017,1084157
2021-05-28,3108.703857421875,3165.6097168020005,3099.4744342869603,3157.712966650951,555829
2021-05-31,3127.85302734375,3145.176569231586,3084.6676798261833,3104.409552977071,635444
2021-06-01,3197.986083984375,3207.06729744742,3120.0550878198965,3148.828771578107,706976
2021-06-02,3231.3505859375,3258.396861552074,3178.442258163489,3202.4286873780075,843219
2021-06-03,3381.4375,3390.6669226627987,3224.8845808574683,3228.7835528471655,1098294
2021-06-04,3336.5244140625,3384.398454787684,3331.4409782988832,3381.141238622848,380548
2021-06-07,3272.51171875,3336.5245991721263,3265.3058867029335,3336.5245991721263,526855
2021-06-08,3246.995361328125,3269.7479195777637,3213.582383785264,3256.42215447156,766456
2021-06-09,3263.233154296875,3288.6016566390654,3209.0418034429745,3247.538459959208,587528
2021-06-10,3282.777587890625,3301.8285451833412,3254.497448764972,3279.5695332503124,749909
2021-06-11,3293.488037109375,3302.8160258043954,3259.0877200024083,3299.213229643738,277612
2021-06-14,3306.96142578125,3316.634992707918,3242.602961620688,3301.8285864904724,317756
2021-06-15,3255.730712890625,3313.623653357465,3252.4732559689655,3311.6988691277325,461588
2021-06-16,3251.683837890625,3282.086370361378,3235.6929690359693,3267.279965683056,419575
2021-06-17,3198.77587890625,3240.579151700993,3183.574491625706,3214.9641188780834,356502
2021-06-18,3179.92236328125,3211.0158149166245,3121.733237704412,3193.248128267839,520516
2021-06-21,3196.209228515625,3210.0285395715914,3139.944890644905,3153.7642017008716,200280
2021-06-22,3216.148681640625,3260.3211252169176,3188.4114929496527,3196.2094368722787,567861
2021-06-23,3202.921630859375,3232.682409006543,3170.544909858404,3232.682409006543,504942
2021-06-24,3161.907958984375,3239.296010246156,3101.2016951968035,3188.213910229785,1754163
2021-06-25,3394.61572265625,3420.280162548388,3180.6631324016,3211.2630415037643,3717669
2021-06-28,3409.569580078125,3444.9569853348107,3358.290110972866,3403.351082609802,1213113
2021-06-29,3544.8017578125,3558.4237002749715,3375.860752514557,3375.860752514557,2268589
2021-06-30,3573.130859375,3612.6146033199607,3536.3616228262554,3570.3175462230624,1291906
2021-07-01,3630.974853515625,3649.236087372739,3548.6019306121466,3573.131305999871,876022
2021-07-02,3685.01806640625,3696.56701422805,3619.672513193384,3653.233698207994,573795
2021-07-05,3670.113037109375,3714.384043208404,3654.9116501372146,3711.4721651065856,444545
2021-07-06,3658.416259765625,3702.341932226892,3648.298548693086,3669.915805710733,344090
2021-07-07,3667.645263671875,3709.3005675191166,3649.877577965403,3667.052911085795,466002
2021-07-08,3624.015869140625,3671.9887214130235,3609.8018156471576,3652.2468465667166,459811
2021-07-09,3677.8125,3695.678993238185,3625.5953371164137,3625.5953371164137,469932
2021-07-12,3699.034423828125,3739.900243059601,3681.9578975079576,3696.6654956073057,464757
2021-07-13,3701.897705078125,3721.2940006929434,3672.975810268827,3719.369216095926,246112
2021-07-14,3706.33935546875,3726.278599378751,3661.0316114811803,3705.5496323358493,395272
2021-07-15,3713.792236328125,3748.982031831885,3702.144481975471,3726.13090810219,399845
2021-07-16,3730.32568359375,3738.1236269795445,3694.0991540948276,3713.791865069349,226565
2021-07-19,3833.625732421875,3869.358481523881,3716.408337964174,3730.3264576177717,1044561
2021-07-20,3832.835693359375,3857.5624404141126,3768.0330839688672,3839.7947526128196,357815
2021-07-22,3933.86474609375,3952.323350908297,3839.7946640942246,3839.7946640942246,760359
2021-07-23,3868.321533203125,3948.1281578985404,3862.497776575283,3933.8647016570403,335985
2021-07-26,4047.4296875,4105.1250241980015,3879.2781818720937,3886.187837666777,1982531
2021-07-27,4025.614990234375,4135.577134974311,3998.1737364388136,4067.7144412751477,859687
2021-07-28,3976.407958984375,4047.0839606441714,3934.061737840816,4047.0839606441714,455244
2021-07-29,3986.62451171875,4002.220639714926,3941.6623473936024,3987.858378791396,449417
2021-07-30,3982.92333984375,4033.709265830437,3955.778261319412,3978.9749647856643,627367
2021-08-02,3995.903564453125,4040.1254137221786,3982.972780608734,4007.2551428530764,344295
2021-08-03,4039.87841796875,4170.470965268465,4011.5982792983627,4037.805665751417,981680
2021-08-04,4013.917724609375,4075.3151455307925,4000.345186236657,4057.7445884861386,305863
2021-08-05,4021.172607421875,4058.6330028405764,3983.9098235175666,4032.080040047424,270458
2021-08-06,4035.28857421875,4124.126768997192,4020.6301359211375,4037.0159882475746,717143
2021-08-09,3952.027099609375,4057.942304527276,3938.503963771304,4055.968117076764,431991
2021-08-10,4010.364501953125,4034.0547517537857,3948.3749667767925,3972.0652165774536,364246
2021-08-11,3974.384521484375,4030.451246706492,3864.471549721591,4012.535593772227,831738
2021-08-12,4079.757080078125,4089.4800494480987,3924.043048437014,3975.026341798757,556973
2021-08-13,4011.6474609375,4092.243562301243,3986.0815904162814,4091.454080160853,553736
2021-08-16,4289.02099609375,4318.041454909754,4071.9095407560267,4092.490541103176,3709012
2021-08-17,4856.9951171875,4909.804636295219,4276.337180456366,4288.922626598859,8069431
2021-08-18,4728.9892578125,4901.934912013204,4703.457221507821,4790.325271663115,2941548
2021-08-20,4688.09814453125,4873.982688183404,4639.404934190742,4660.936509858416,2331020
2021-08-23,4684.888671875,4780.102462094805,4662.1224738315905,4721.186496929848,699991
2021-08-24,4781.18896484375,4828.796100500712,4692.19746711191,4760.694274760496,1576663
2021-08-25,4712.9384765625,4819.9554108796265,4691.554959360293,4805.139974165857,469002
2021-08-26,4642.56591796875,4721.18661155306,4589.230337001414,4717.680483861794,800419
2021-08-27,4706.4697265625,4772.546484371997,4618.811717355543,4659.060324399864,937887
2021-08-30,4699.0126953125,4768.596068214768,4663.505315113102,4731.261354044905,632354
2021-08-31,4908.40380859375,4983.913350622217,4707.457373585184,4707.457373585184,2883159
2021-09-01,4977.048828125,5009.395868824909,4884.452337571826,4923.664057680766,841956
2021-09-02,4981.4443359375,5058.978465088108,4951.319610598728,4977.048896216419,900686
2021-09-03,4952.85009765625,5010.877229616392,4905.885352272752,4991.81489236692,567961
2021-09-06,4934.03515625,4977.987626363728,4910.824301246122,4967.122970829997,439776
2021-09-07,4817.04248046875,4961.19690148313,4800.202456939681,4958.628795483581,479021
2021-09-08,4752.19970703125,4841.142007515505,4733.137370072515,4839.709655626433,642506
2021-09-09,4661.4794921875,4760.69372761529,4627.354795410298,4756.446828609948,838279
2021-09-13,4687.4560546875,4736.988900973414,4623.749677683166,4676.739459155362,1151299
2021-09-14,4674.2216796875,4714.272555735841,4638.91155107498,4714.272555735841,528943
2021-09-15,4733.08740234375,4759.903728774706,4628.885496833749,4691.5549874171065,659281
2021-09-16,4820.6962890625,4829.83247523754,4733.087478453047,4759.706073245339,779552
2021-09-17,4847.85791015625,4884.64957870478,4804.597027027316,4815.017024807563,814867
2021-09-20,4818.080078125,4891.613757854502,4722.866277727838,4804.153467711689,434640
2021-09-21,4831.4130859375,4858.426663719827,4731.211149675667,4798.226409131486,462221
2021-09-22,4844.55029296875,4948.357245002233,4809.9809309777165,4864.403080166865,562041
2021-09-23,5021.6435546875,5070.8306162953895,4844.648261185993,4870.723335800698,696944
2021-09-24,4673.57958984375,5134.043643169769,4653.578746485884,5092.659278553116,1949974
2021-09-27,4509.37451171875,4712.296813260314,4409.1730589521285,4690.36977288621,1885178
2021-09-28,4356.77587890625,4572.933226654124,4322.157329947541,4523.6472968829385,1051440
2021-09-29,4369.0732421875,4451.644723981144,4345.862386260879,4365.616306198429,571896
2021-09-30,4426.45751953125,4445.272931296499,4329.71252463371,4390.307757402583,808446
2021-10-01,4404.53125,4464.385721391929,4380.431565126815,4426.458293133902,534563
2021-10-04,4492.2880859375,4508.831993031317,4386.2096378025735,4405.025052662595,535335
2021-10-05,4427.24853515625,4520.536616976849,4414.062696859689,4514.758498816171,425555
2021-10-06,4324.87353515625,4453.52092949347,4302.403452843991,4439.693186532079,480575
2021-10-07,4373.814453125,4413.026181261811,4327.0966204359875,4355.739807377929,276775
2021-10-08,4325.36669921875,4404.135436847955,4311.884748417758,4404.135436847955,269607
2021-10-11,4323.29296875,4368.529729879077,4306.354080690036,4346.948478226447,331320
2021-10-12,4297.76171875,4352.825774681563,4240.475346659764,4295.4902106971895,612692
2021-10-13,4323.638671875,4354.751091786836,4286.600076741862,4331.046390901628,302343
2021-10-14,4275.14306640625,4375.246147695041,4259.290739270353,4349.763785017629,436160
2021-10-18,4277.11767578125,4394.25849082708,4268.475337773892,4394.25849082708,345049
2021-10-19,4248.12939453125,4333.663958679252,4174.6449136604915,4298.4526951654925,285362
2021-10-20,4095.72705078125,4264.228029821855,4084.1216265703188,4248.128300914212,510321
2021-10-21,4083.974609375,4182.793394183736,4025.107835539023,4135.482855628953,698306
2021-10-22,3978.833984375,4137.9026951265805,3953.1046996243344,4104.370227109453,347114
2021-10-25,4112.76611328125,4198.596798585483,3906.3376508230895,3995.625272101502,1151030
2021-10-26,4215.43701171875,4255.487888527339,4084.665685563249,4112.765827510233,790450
2021-10-27,4223.93115234375,4271.8840826946,4163.286714162215,4226.153468352407,623848
2021-10-28,4236.7216796875,4260.92022990369,4173.015292383655,4225.16544443,537955
2021-10-29,4209.6083984375,4295.488735178455,4109.851129581895,4236.720839169459,705546
2021-11-01,4283.2421875,4296.477216263235,4205.609192379047,4228.523930441809,239375
2021-11-02,4237.11669921875,4340.923638542794,4218.004686403249,4286.600362065011,389193
2021-11-03,4383.9873046875,4395.197750084065,4247.141742557119,4263.883381683656,667752
2021-11-04,4383.9375,4422.902296661771,4365.467875798254,4393.27141928351,69818
2021-11-08,4351.14697265625,4419.939907385784,4324.133388722897,4383.987866940178,285968
2021-11-09,4477.12646484375,4499.497679605606,4365.615698766581,4399.197357987862,547476
2021-11-10,4496.8310546875,4527.597683327869,4424.877317039453,4466.459407924339,359967
2021-11-11,4511.05419921875,4669.925184708262,4471.348630249706,4489.176831003729,1110123
2021-11-12,4612.04541015625,4630.317781949352,4514.905434466363,4556.141732972418,423439
2021-11-15,5018.43359375,5084.213753792992,4741.730206082132,4741.730206082132,3044498
2021-11-16,5034.13818359375,5140.95740380016,4977.987572555775,5017.495410433202,1118231
2021-11-17,5663.39892578125,5772.4896452411085,5012.704597366308,5017.495018789709,6482125
2021-11-18,5519.83740234375,5771.89710662086,5477.909518485858,5663.399097841297,2165157
2021-11-22,5352.81787109375,5570.604814645032,5247.628258902315,5528.133891412809,1204625
2021-11-23,5387.14013671875,5471.835056592909,5284.172843460661,5308.371391996136,763056
2021-11-24,5330.7919921875,5414.005363767057,5239.825112083251,5398.745270668947,697909
2021-11-25,5630.9033203125,5679.251225831317,5259.5296749364,5333.557672954628,1575738
2021-11-26,5617.619140625,5862.369984909792,5558.209330351557,5638.755735840844,2613669
2021-11-29,5657.02783203125,5785.922137064873,5481.711823269042,5699.004904551778,1189390
2021-11-30,5617.76806640625,5758.218634075943,5560.333639005017,5684.1906240900125,1352746
2021-12-01,5502.4541015625,5694.067114612783,5463.637843890028,5648.336985335404,835169
2021-12-02,5524.13427734375,5737.52579523853,5510.207667941423,5556.530511716846,1236317
2021-12-03,5365.5595703125,5585.07500289092,5353.312236558087,5524.134450004861,844674
2021-12-06,5234.5908203125,5400.721472564467,5211.133041421973,5399.733776611182,489242
2021-12-07,5249.2578125,5368.374032089771,5171.526436103397,5234.5904322264505,595254
2021-12-08,5267.87548828125,5300.963297197988,5213.058372016207,5247.627724615783,557196
2021-12-09,5168.41455078125,5319.72974497736,5146.882974577984,5303.9266116837025,689987
2021-12-10,5180.76123046875,5262.838858100431,5166.143523722038,5200.2190330554495,416165
2021-12-13,5142.63623046875,5263.431241314855,5111.326078777327,5221.651899319414,480443
2021-12-14,5147.87060546875,5185.403046567716,5002.728512046434,5062.928765086878,1007056
2021-12-15,5128.65966796875,5205.058035068655,5106.436512318875,5165.649068837545,377883
2021-12-16,5140.265625,5177.501953669245,5079.720058702962,5165.600410878161,265216
2021-12-17,4727.8037109375,5136.018194945671,4671.80116578712,5136.018194945671,1133941
2021-12-20,4647.0595703125,4764.644562980023,4586.01968020385,4721.185947563124,994682
2021-12-21,4787.955078125,4810.079371386755,4637.2817686161725,4701.432814743523,1004676
2021-12-22,4716.79150390625,4839.957389687215,4691.556063673133,4839.908197795922,779992
2021-12-23,4817.5361328125,4838.722403606607,4727.6558023923735,4743.903593493067,582129
2021-12-24,4782.9169921875,4845.586484664066,4764.397695625081,4819.955585312338,348742
2021-12-27,4780.4970703125,4800.201795282727,4696.493731804397,4794.621410226423,315490
2021-12-28,4784.5966796875,4833.783742680368,4751.015019031363,4795.06587042629,348173
2021-12-29,4915.3681640625,4929.88700635334,4773.534917563908,4805.141190554193,861183
2021-12-30,4909.58935546875,4948.010629215297,4879.217706787834,4938.430268426324,617460
2021-12-31,4951.71484375,4994.5807520834605,4892.058104047911,4918.725895045144,504012
2022-01-03,4929.09716796875,5005.643612316526,4917.590605369874,4976.457386768147,310798
2022-01-04,4903.51513671875,4967.02378985721,4860.550365286714,4953.294913371536,369814
2022-01-05,4912.05810546875,5075.422893273779,4861.43869604729,4900.9465277908685,966342
2022-01-06,4903.3671875,4976.012029277695,4844.648472331697,4908.848706929365,585391
2022-01-07,4960.06005859375,4996.8517257263165,4896.995587738699,4898.970979262595,549876
2022-01-10,5002.9267578125,5022.433752228728,4901.93485001203,4960.060851347469,542304
2022-01-11,4996.802734375,5078.23845398494,4958.529518369571,4987.86427941728,742409
2022-01-12,4952.70166015625,5036.260820229552,4944.059322016025,5012.556121330648,360219
2022-01-13,4922.03369140625,4988.851212156575,4892.205086973043,4963.072256735908,457570
2022-01-14,4912.84814453125,4953.294480808304,4869.340337065791,4936.404786024259,207639
2022-01-17,4851.3154296875,4923.368039881067,4839.710002640352,4912.79950063941,337077
2022-01-18,4559.005859375,4849.48727650578,4449.56936295786,4839.709185015208,3507266
2022-01-19,4460.38525390625,4558.216334658426,4345.861727518325,4558.216334658426,2404880
2022-01-20,4587.64990234375,4666.863309522683,4434.754763969703,4469.324121818019,2747887
2022-01-21,4633.9228515625,4675.504940730077,4488.929302660547,4592.736226529153,1008450
2022-01-24,4442.80419921875,4652.837635099578,4407.3460129984,4632.293753367134,737762
2022-01-25,4430.80322265625,4479.200315369169,4197.805887050146,4360.676823010999,917284
2022-01-27,4239.4375,4372.529515405673,4098.937765740579,4372.529515405673,1244330
2022-01-28,4423.4951171875,4508.831949637234,4281.908808250782,4292.526539567015,932049
2022-01-31,4402.505859375,4527.597432830452,4304.427379548511,4527.597432830452,934551
2022-02-01,4456.53271484375,4476.484363241529,4389.320207456639,4423.691828953126,548762
2022-02-02,4608.88525390625,4625.379968591281,4465.027440383283,4474.262493640509,676206
2022-02-03,4585.673828125,4646.861775321204,4546.165996462776,4610.5147631012915,777217
2022-02-04,4630.21923828125,4735.01386350477,4545.12933800231,4582.908703934529,829635
2022-02-07,4420.08642578125,4666.417643058115,4395.29516663749,4629.72484334146,597040
2022-02-08,4345.36865234375,4473.96686742273,4326.108579898994,4442.162862578933,628869
2022-02-09,4520.93017578125,4530.56020892645,4375.54117477209,4459.150002205207,842211
2022-02-10,4534.1650390625,4566.117090498255,4472.384867703876,4519.744585800301,487802
2022-02-11,4459.34814453125,4556.6858653221525,4421.371526352281,4553.278121540927,572726
2022-02-14,4431.1494140625,4620.441229010089,4348.5779437845595,4423.988619083808,1094132
2022-02-15,4606.02099609375,4617.478365069242,4446.5081071186305,4474.262458559073,791080
2022-02-16,4528.38818359375,4665.875652285969,4499.004229178951,4637.232469831209,584166
2022-02-17,4508.53515625,4610.070090343847,4494.015835257526,4527.597492048462,520450
2022-02-18,4416.53125,4536.289373570744,4407.641987219491,4448.582173712405,388145
2022-02-21,4372.18408203125,4469.274881091149,4336.627028632971,4415.988492880755,392246
2022-02-22,4519.74560546875,4548.882634358765,4247.092346680182,4273.760135833756,833525
2022-02-23,4554.06787109375,4676.739889618866,4534.017838077171,4538.462469440061,755051
2022-02-24,4328.03369140625,4479.200336764118,4297.513506159581,4370.553801583512,814710
2022-02-25,4576.4404296875,4689.185836697445,4410.803610137559,4513.77092276295,1187316
2022-02-28,4743.705078125,4766.619813028167,4514.955122315539,4558.216004377329,1617666
2022-03-02,4801.43701171875,4843.611822349978,4721.384446633815,4767.608424904378,1194676
2022-03-03,4857.29052734375,4907.86074849275,4815.066529155369,4819.955816591793,930907
2022-03-04,4688.8388671875,4829.239728123049,4673.974238368219,4819.955484096055,738388
2022-03-07,4606.9599609375,4674.567463167945,4527.450432473542,4563.155546627202,643012
2022-03-08,4664.1474609375,4681.679065031235,4538.858126212936,4602.663384608767,670238
2022-03-09,4652.986328125,4755.657030547258,4636.244689224511,4720.198843162321,447387
2022-03-10,4711.01318359375,4759.706397070702,4686.616902697755,4746.471368868654,363906
2022-03-11,4794.37451171875,4803.1649083103375,4676.986763741831,4689.579885802485,436703
2022-03-14,4862.9208984375,4954.825811570509,4804.202182645615,4829.833084870392,626924
2022-03-15,4753.7314453125,4937.492085054543,4642.170994150101,4889.0457913121945,686998
2022-03-16,4882.82275390625,4896.156648595371,4772.744334892319,4833.388766875569,477521
2022-03-17,4780.349609375,4936.504438053837,4765.5341698850425,4886.131943787981,852493
2022-03-21,4708.74169921875,4854.426855669191,4696.543557461266,4815.017882684062,509842
2022-03-22,4620.0458984375,4768.595247984676,4416.827490758783,4738.964374447074,1255679
2022-03-23,4551.5009765625,4658.023606133047,4539.055910298768,4639.702037934669,896055
2022-03-24,4571.60009765625,4627.355729396884,4502.511052277235,4543.352378061817,719101
2022-03-25,4625.5771484375,4705.382775908818,4565.524954628649,4612.539371010534,968364
2022-03-28,4601.28076171875,4661.925200714028,4543.450870553453,4654.813596481526,524802
2022-03-29,4556.982421875,4639.701961909035,4542.463097759651,4628.244591849634,778391
2022-03-30,4558.01904296875,4635.948638658064,4523.301627041288,4619.453923507397,4839707
2022-03-31,4460.5341796875,4577.6750264071125,4445.471815087668,4568.094181916197,1225845
2022-04-01,4451.44677734375,4501.918136806509,4400.284320080545,4501.918136806509,827880
2022-04-04,4508.783203125,4526.907039529362,4443.644456776102,4500.930826745654,619577
2022-04-05,4498.2138671875,4548.339432046646,4486.262650835374,4548.339432046646,487075
2022-04-06,4456.23681640625,4552.290239223451,4442.804056195134,4510.807012916794,653418
2022-04-07,4480.68212890625,4527.301564951131,4434.754272851111,4475.249801845965,413722
2022-04-08,4549.4755859375,4571.550686788796,4458.4595009537925,4517.721257723227,685882
2022-04-11,4604.78662109375,4628.985172101318,4519.2028626584,4550.315285382417,652187
2022-04-12,4569.37744140625,4624.392297055029,4538.018095948861,4611.552250096099,574409
2022-04-13,4686.07421875,4705.383481563677,4572.0445290004745,4572.0445290004745,812061
2022-04-18,4498.46044921875,4686.073456340203,4462.40955309481,4666.3687325357305,579482
2022-04-19,4757.08935546875,4810.079145286061,4527.005397283335,4537.475070522416,1713344
2022-04-20,4722.12548828125,4790.325705676398,4673.184861037539,4746.867080717684,777140
2022-04-21,4825.1416015625,4843.315110444034,4711.408510274503,4780.448360178599,771623
2022-04-22,4754.47216796875,4800.202297357254,4729.088189248258,4790.276146009737,381911
2022-04-25,4618.51513671875,4706.963592327407,4551.648414862662,4706.963592327407,421185
2022-04-26,4567.154296875,4682.665506659201,4544.388102961187,4674.763940733601,548203
2022-04-27,4467.29931640625,4601.625957380742,4444.631502832451,4563.15500957465,476441
2022-04-28,4482.01611328125,4546.364407252927,4449.61939711775,4523.647400655747,552600
2022-04-29,4399.54345703125,4539.450488895105,4376.480660638427,4489.077996524859,465103
2022-05-02,4251.78369140625,4385.369554525524,4237.215177683445,4385.369554525524,568610
2022-05-04,3963.92041015625,4272.130995582386,3946.882654134205,4249.562045498497,1729814
2022-05-05,3900.509765625,4004.2670214372224,3881.6446784936784,3992.2666133515136,1122769
2022-05-06,3780.258056640625,3850.6805824691032,3744.4046466996324,3850.6805824691032,891448
2022-05-09,3720.008544921875,3761.096549630179,3693.636871514405,3758.1828949560413,521295
2022-05-10,3641.53564453125,3736.156952892153,3616.7446239799306,3723.6132641289214,836241
2022-05-11,3634.375244140625,3688.9454444498638,3575.1134881486914,3664.2530461198917,524764
2022-05-12,3536.790771484375,3605.089842874852,3497.875410416265,3605.089842874852,717916
2022-05-13,3504.1474609375,3667.215904630945,3486.5664261984534,3557.5816629006254,957908
2022-05-16,3641.38818359375,3662.277857284316,3509.333278231486,3536.93933286749,600622
2022-05-17,3766.232666015625,3785.7890937971174,3632.795089598362,3666.3273184348313,843357
2022-05-18,3689.044189453125,3794.727650837726,3679.167230445218,3774.9737328219126,427461
2022-05-19,3587.114013671875,3672.105293995283,3565.187212944737,3565.187212944737,572640
2022-05-20,3622.868408203125,3649.536196376921,3541.877347823448,3649.536196376921,692428
2022-05-23,3671.216064453125,3718.3291085662445,3620.893008807375,3622.8684005197633,401917
2022-05-24,3586.965576171875,3693.982519136837,3569.0389927542674,3693.982519136837,471324
2022-05-25,3480.9365234375,3628.7451105555087,3443.255782174818,3605.336767197997,370431
2022-05-26,3617.732666015625,3663.3641693176664,3320.1892699501227,3344.3383869802155,1730687
2022-05-27,3814.234619140625,3832.2600692084225,3529.037429711777,3654.474808265764,1733752
2022-05-30,3844.063232421875,3867.3729534666277,3773.4429714816215,3842.137273532664,666686
2022-05-31,3930.33837890625,3950.586145040725,3791.814027669169,3807.5677291903603,1361696
2022-06-01,3791.764404296875,3940.6595551037917,3743.4167402058133,3891.0772711884606,794887
2022-06-02,3600.3984375,3797.690691224882,3579.1629758975723,3797.690691224882,1891062
2022-06-03,3544.643310546875,3648.4994443175865,3502.715665259542,3643.6103975414503,1305662
2022-06-06,3588.990234375,3604.990858349046,3498.5174424121587,3536.049883378361,561188
2022-06-07,3564.890625,3588.990306915997,3481.627817893675,3588.990306915997,490554
2022-06-08,3591.45947265625,3600.1512440516653,3513.2340123708573,3555.7049323967067,342056
2022-06-09,3624.8935546875,3635.3629870326226,3517.185263553528,3580.2003131329375,483671
2022-06-10,3654.96875,3669.29034083232,3551.260678455614,3575.9530764423725,624657
2022-06-13,3606.966552734375,3632.794945143956,3547.803664910615,3604.102331085422,523342
2022-06-14,3660.598388671875,3711.6130250882366,3578.175216468788,3583.558110738105,655865
2022-06-15,3676.895751953125,3709.8849421467507,3601.040652968574,3691.9581155474925,466405
2022-06-16,3618.572021484375,3728.552057434506,3602.1269810499716,3698.9211801568804,678602
2022-06-17,3655.708984375,3678.179063238771,3512.3450391999377,3555.7047872340427,768620
2022-06-20,3764.80029296875,3777.9366962444665,3637.5850169044747,3654.474712707066,673219
2022-06-21,3761.343505859375,3821.395465249067,3747.367705226104,3802.5798099881285,596024
2022-06-22,3741.145263671875,3760.8991822972957,3667.5619167921823,3742.4293166098673,359601
2022-06-23,3803.122802734375,3809.542825645107,3677.3396420209783,3715.51423062603,646244
2022-06-24,3791.171875,3873.743349324002,3715.7120041195553,3853.989431173446,1024811
2022-06-27,3747.812255859375,3822.3832995587773,3728.5521849701254,3801.64168475497,708737
2022-06-28,3790.134765625,3799.3201441186498,3677.0927827078253,3712.798132359542,463753
2022-06-29,3667.31494140625,3770.9735797128683,3649.536414892565,3720.8480119034507,567477
2022-06-30,3638.177978515625,3719.1690452288817,3611.411322208148,3668.302704549214,534241
2022-07-01,3690.18017578125,3698.9213815086578,3590.4723165417563,3634.7211439123794,316894
2022-07-04,3723.712158203125,3736.255847060802,3654.524016841528,3686.0808504934166,300790
2022-07-05,3770.43017578125,3827.0746312532497,3714.724224309561,3714.724224309561,468762
2022-07-06,3835.717041015625,3841.692649458786,3736.9474506714605,3762.232562254245,390568
2022-07-07,3867.076171875,3881.644685644276,3820.654466983071,3846.13706810853,398354
2022-07-08,3887.718994140625,3897.447894894517,3861.8908436486468,3869.7924105921734,268377
2022-07-11,3884.85498046875,3919.325471649832,3847.1250445217033,3886.583448330142,199806
2022-07-12,3881.34814453125,4048.268976190403,3852.013627441911,3852.013627441911,1125104
2022-07-13,3820.703857421875,3910.2383886598554,3813.6911205191304,3902.5343128980167,385514
2022-07-14,3850.087890625,3930.3381791525485,3832.309365166589,3878.68163750994,656393
2022-07-15,3883.32373046875,3895.472437667514,3827.3214239253593,3850.0878615259808,318645
2022-07-18,3898.534423828125,3921.9427674729855,3842.284951715332,3891.6205528110204,291155
2022-07-19,3970.735107421875,3983.3282304591685,3875.126093703553,3895.867708117919,412946
2022-07-20,4059.67724609375,4090.74047638275,3980.464079763164,4039.676403265845,753440
2022-07-21,4098.98681640625,4118.543482870401,4045.9478406047183,4061.405183625667,542974
2022-07-22,4074.541748046875,4118.296966260779,4039.6268422809735,4099.135762045313,378496
2022-07-25,4138.34716796875,4200.572012871654,4087.135036463027,4093.012020279889,1127478
2022-07-26,4059.627685546875,4137.408733925349,4037.7006447136923,4133.507142398924,363638
2022-07-27,4074.838134765625,4086.0485792266077,3972.5127472577674,4061.405374620572,440198
2022-07-28,4138.939453125,4154.248738776697,4084.1223335334385,4097.950075412391,364711
2022-07-29,4160.470703125,4200.4723818490675,4135.4821930289245,4154.248412677253,333278
2022-08-01,4235.3388671875,4240.91925254403,4138.445803355921,4187.830598145371,311325
2022-08-02,4272.67333984375,4294.748438332974,4218.399742773821,4257.956768275387,440869
2022-08-03,4257.0185546875,4332.775023728382,4227.43735161165,4272.723305440911,367949
2022-08-04,4341.7138671875,4354.751647246717,4256.969743622896,4269.760599683063,358472
2022-08-05,4320.28125,4367.591792820778,4281.662239230681,4341.713964232543,207510
2022-08-08,4372.87548828125,4419.4944448531,4326.157183392494,4334.948062618601,445755
2022-08-10,4461.5703125,4569.031912755687,4342.997615955821,4384.28311050301,867000
2022-08-11,4375.14697265625,4496.485508364654,4363.640412071399,4483.744327925777,446510
2022-08-12,4259.68603515625,4340.726301161616,4223.487072266328,4296.526904008235,1412625
2022-08-16,4295.88427734375,4327.6386027904,4155.137617283448,4296.476991314467,596342
2022-08-17,4252.77197265625,4316.280631361998,4233.116919077641,4295.489823859265,502434
2022-08-18,4225.6845703125,4296.943951119908,4209.194528466661,4273.570444784386,580509
2022-08-19,4095.645263671875,4268.073769972892,4080.442547268649,4249.800720953828,719126
2022-08-22,3986.254638671875,4093.316808211093,3957.2361574222627,4093.316808211093,723542
2022-08-23,4031.863037109375,4054.1470050832004,3949.561060470629,3986.156239517228,497236
2022-08-24,4170.3203125,4179.48149824853,4038.7953487455807,4039.835315487146,956039
2022-08-25,4128.7734375,4199.141547286927,4116.790001467535,4174.530045672712,414795
2022-08-26,4174.77734375,4195.080513324017,4116.294504828883,4166.606555994603,342452
2022-08-29,4210.6796875,4230.982858990945,4046.7687176584736,4060.6342981888747,914112
2022-08-30,4281.39404296875,4295.853959354587,4192.555578045835,4210.679679123003,848217
2022-09-01,4236.08251953125,4287.385448014369,4203.250908517201,4256.732423375808,390072
2022-09-02,4270.94482421875,4355.772354179431,4242.866931629077,4268.419018032225,735146
2022-09-05,4241.431640625,4267.231816194299,4192.35757984973,4240.887114792475,522750
2022-09-06,4373.10546875,4379.543060313102,4250.543629375566,4257.624883376355,1078704
2022-09-07,4334.47900390625,4367.657353416328,4293.377466453466,4337.153273274119,396347
2022-09-08,4372.412109375,4402.223207795775,4319.128851264888,4357.754401643088,562760
2022-09-09,4417.52490234375,4431.935009874332,4372.610224945338,4394.299859580352,476210
2022-09-12,4438.5703125,4458.576073388168,4404.3517518704,4430.052788109192,331303
2022-09-13,4446.98876953125,4476.601590412936,4423.416993125011,4476.601590412936,309270
2022-09-14,4385.0888671875,4436.985656269902,4363.052498693749,4363.052498693749,362669
2022-09-15,4300.162109375,4416.3356676990325,4286.494319011964,4407.0260178996905,427750
2022-09-16,4238.65771484375,4321.40531089781,4216.1261503802425,4300.310017606534,458526
2022-09-19,4266.8349609375,4289.415853034627,4186.1174841371485,4254.652769375014,266140
2022-09-20,4515.57421875,4550.881834194391,4275.05580789991,4275.05580789991,1173769
2022-09-21,4560.5869140625,4623.675493259729,4512.255659696118,4512.255659696118,1177984
2022-09-22,4564.64794921875,4586.734127856524,4478.780681913419,4525.6756681160905,511789
2022-09-23,4376.02734375,4673.691480570309,4340.769053196178,4565.738021917594,1205497
2022-09-26,4241.57958984375,4378.006974870719,4150.858996076366,4376.026177991925,843901
2022-09-27,4202.2119140625,4312.294621229745,4164.626093927403,4293.377911337763,651304
2022-09-28,4227.9619140625,4253.761601819095,4142.93610523303,4188.395300138056,395837
2022-09-29,4349.53369140625,4362.359063021185,4243.808641674212,4256.1886240784315,631907
2022-09-30,4341.3134765625,4441.8389425678915,4310.413327906854,4310.413327906854,761064
2022-10-03,4323.2880859375,4446.889635601174,4309.174906136316,4342.897784434554,454169
2022-10-04,4362.111328125,4401.875733655839,4323.287994664928,4387.46562802134,307009
2022-10-06,4348.34375,4407.272449037695,4319.423926110719,4383.948762435574,272050
2022-10-07,4351.9111328125,4390.437546483728,4311.750174371057,4337.550351304714,501530
2022-10-10,4298.923828125,4377.561372348586,4253.761559782167,4332.993439824675,207878
2022-10-11,4234.49853515625,4320.46542367766,4222.712888550551,4320.46542367766,258216
2022-10-12,4245.88818359375,4308.233969765867,4204.242115323243,4238.9060668041175,621343
2022-10-13,4225.08984375,4276.491919055215,4195.328558625686,4229.101248320962,277038
2022-10-14,4255.890625,4282.4829202404435,4223.10833941462,4259.703755771079,254366
2022-10-17,4249.65185546875,4259.258431565494,4180.52174423766,4248.80991995481,254734
2022-10-18,4324.080078125,4334.974462197234,4217.117034506699,4283.473737492127,387469
2022-10-19,4346.61181640625,4363.597055523894,4299.419420262029,4337.945828734691,249672
2022-10-20,4280.998046875,4351.118075929094,4253.960357910915,4341.907562174668,370651
2022-10-21,4346.908203125,4387.465213832276,4281.195651638731,4302.439408624397,364601
2022-10-24,4367.80615234375,4392.417653501937,4278.5218180672755,4367.855962428031,30919
2022-10-25,4361.7646484375,4407.174519795353,4330.022567563103,4395.19060032571,474364
2022-10-27,4389.2978515625,4455.803016582843,4360.576293998396,4402.321495601409,421237
2022-10-28,4523.150390625,4539.987166767024,4372.609803943371,4411.482948859515,691801
2022-10-31,4474.125,4580.592833425567,4448.37464028777,4538.104836618986,433481
2022-11-01,4468.03515625,4602.3826397070325,4427.082074346984,4533.054732502494,866656
2022-11-02,4341.01611328125,4489.2784905707,4328.0417951629515,4468.678393541244,643118
2022-11-03,4352.80126953125,4382.5132235894835,4307.589676157904,4328.0413078160545,457168
2022-11-04,4320.712890625,4367.65768604208,4298.3791127548275,4367.65768604208,669679
2022-11-07,4321.9013671875,4377.5619638758235,4294.814351412192,4342.353485861522,356178
2022-11-09,4319.32568359375,4392.4168918747955,4302.290637723588,4305.261832915386,378028
2022-11-10,4244.30419921875,4335.420877404681,4209.194372719648,4332.4990078734345,527721
2022-11-11,4378.9482421875,4496.409612030974,4288.4752340021405,4343.8882287153865,1685313
2022-11-14,4512.94921875,4524.1405288100605,4382.711810794982,4387.46553034776,886587
2022-11-15,4567.66845703125,4584.554557654971,4483.5339128330215,4516.217062628358,492794
2022-11-16,4436.24267578125,4565.737285338296,4418.167902363154,4560.78529262101,499585
2022-11-17,4358.05126953125,4472.591267725955,4328.735854459547,4446.89022765006,430622
2022-11-18,4356.91162109375,4406.283084811197,4278.521673720919,4387.46551263511,385705
2022-11-21,4376.42236328125,4397.369194142857,4299.319745895077,4361.665522839326,336664
2022-11-22,4426.88330078125,4436.985559554956,4337.94570331489,4378.502717882417,310657
2022-11-23,4560.984375,4571.828950819135,4405.293502907824,4439.263985538411,799422
2022-11-24,4768.81787109375,4786.595716737743,4569.698455830322,4585.544831056435,1822610
2022-11-25,4743.46484375,4838.097238049856,4705.433150029868,4768.769334945764,1069669
2022-11-28,4676.5146484375,4723.06339181791,4638.2851582192125,4715.288664555954,598162
2022-11-29,4673.88916015625,4795.50991203033,4662.449766430827,4679.633278468259,910558
2022-11-30,4681.01953125,4714.396155260703,4598.024327593491,4673.888951965787,1113421
2022-12-01,4729.8466796875,4747.970780217315,4655.913039007628,4719.249221471737,611403
2022-12-02,4824.67822265625,4836.067808372211,4697.510635266136,4725.192473986968,996306
2022-12-05,4732.4716796875,4854.885054557566,4721.181231333901,4838.097603315573,684834
2022-12-06,4742.078125,4753.913582460239,4669.729696104172,4724.548358820536,354855
2022-12-07,4682.009765625,4768.768770822111,4665.668190397883,4758.567859723603,354913
2022-12-08,4659.330078125,4731.975910039799,4636.4517744120885,4692.5084302595915,336491
2022-12-09,4640.11572265625,4690.477578905897,4630.360201525052,4682.603718049398,271785
2022-12-12,4696.76708984375,4710.335744108202,4585.545520441752,4632.094254666539,445259
2022-12-13,4633.92626953125,4715.634148445309,4616.5444851337115,4700.431434256026,363818
2022-12-14,4621.34765625,4666.757522151675,4611.889544437507,4666.757522151675,356293
2022-12-15,4598.3212890625,4641.601898739271,4583.217711312998,4635.015845160555,316614
2022-12-16,4521.3173828125,4593.468006542005,4507.996813829013,4593.468006542005,342890
2022-12-19,4566.18310546875,4575.6412180124935,4477.641089830186,4555.833247371746,308464
2022-12-20,4552.51513671875,4572.125317038495,4496.656758424927,4566.083789511811,282355
2022-12-21,4720.4375,4742.4738665123205,4558.012146830536,4566.529187012572,877375
2022-12-22,4735.7890625,4802.244420049948,4679.63326982488,4748.961170118581,902304
2022-12-23,4655.02197265625,4758.8653645833065,4641.354665150452,4719.9428922914785,473498
2022-12-26,4639.076171875,4694.489164628882,4607.829290809256,4678.345861571701,247357
2022-12-27,4599.212890625,4667.4517420095335,4581.237252498072,4640.017506962303,226485
2022-12-28,4544.5927734375,4634.669726170111,4538.006718981693,4607.334626080933,313366
2022-12-29,4481.0087890625,4565.737189234621,4435.499783511334,4544.59208405828,530411
2022-12-30,4434.60888671875,4538.452277083851,4425.200099979202,4506.313648941536,348965
2023-01-02,4411.58203125,4473.333479707481,4403.312106351444,4444.908846897274,246577
2023-01-03,4447.7802734375,4465.657255499442,4382.612249288851,4424.10984735516,430096
2023-01-04,4390.7333984375,4470.757885968505,4382.513284471062,4451.841178236707,414977
2023-01-05,4386.5244140625,4412.720648607483,4314.175994912848,4412.720648607483,468816
2023-01-06,4345.32470703125,4431.340442051194,4327.051658683804,4399.400085907328,299640
2023-01-09,4365.3798828125,4409.402808209624,4338.9853745773,4381.869921953433,407803
2023-01-10,4423.763671875,4445.89917661261,4363.696095378739,4367.6576896550705,557940
2023-01-11,4318.7314453125,4439.411589461763,4294.416873955048,4431.042529378785,462687
2023-01-12,4317.89013671875,4340.322567460816,4283.721386281959,4328.982794065883,207917
2023-01-13,4293.92236328125,4328.041787745436,4227.070459237128,4323.089794853278,366497
2023-01-16,4253.4150390625,4322.346874910109,4243.857789766815,4322.346874910109,210854
2023-01-17,4281.3447265625,4294.8142443727265,4233.954056370823,4274.758672526759,294500
2023-01-18,4298.1318359375,4310.214892815071,4263.666156610497,4295.358913175313,331806
2023-01-19,4276.68994140625,4298.131975999743,4244.501984471206,4298.131975999743,162244
2023-01-20,4244.10498046875,4280.947996442192,4223.257286422402,4260.694154594613,242706
2023-01-23,4293.8232421875,4311.699741142079,4245.739106290927,4253.167094819368,161350
2023-01-24,4263.666015625,4308.184626577291,4249.602161927173,4308.184626577291,178860
2023-01-25,4183.79052734375,4276.5412618365735,4153.731832362804,4273.5207394682,423714
2023-01-27,4203.39990234375,4244.20451597379,4151.849851338335,4187.405062506191,421866
2023-01-30,4197.01220703125,4219.097901670852,4083.413297790826,4195.823535311869,623069
2023-01-31,4215.03662109375,4262.427283132802,4087.423685471484,4198.794183407845,671038
2023-02-01,4221.72265625,4310.214871246624,4171.0638626505415,4233.954176144144,321331
2023-02-02,4190.87109375,4221.078246853953,4129.961588310883,4221.078246853953,479256
2023-02-03,4210.77880859375,4218.899787004419,4118.077402384236,4204.242081077701,413966
2023-02-06,4279.2158203125,4294.021990596327,4149.423781620053,4170.5688904047265,257669
2023-02-07,4274.1640625,4318.137661230621,4230.338926832694,4263.6657411921615,319090
2023-02-08,4349.08740234375,4362.011909299504,4261.238862174317,4278.52150939368,250175
2023-02-09,4347.15673828125,4362.161665177045,4283.474296512537,4305.609803757645,284239
2023-02-10,4373.84765625,4382.810569812851,4308.481351056114,4343.293763846066,359807
2023-02-13,4316.80078125,4396.973741730133,4286.445160737421,4387.861881130524,272935
2023-02-14,4227.86279296875,4338.391363843513,4210.233409264731,4338.391363843513,339582
2023-02-15,4444.8095703125,4470.659069270355,4129.961966959986,4129.961966959986,2724361
2023-02-16,4598.568359375,4623.179857003308,4456.941384321128,4466.647579061028,1419679
2023-02-17,4570.39208984375,4624.121207745251,4532.063474972664,4595.597441173532,408098
2023-02-20,4566.33203125,4605.304314153454,4531.420479457992,4548.900918601189,232327
2023-02-21,4458.8232421875,4595.448904676451,4447.87953252197,4566.727349022223,490637
2023-02-22,4406.38232421875,4492.39853576022,4397.369600615995,4461.745506931319,333978
2023-02-23,4405.341796875,4474.917290590096,4358.743741496613,4428.4183717790165,443522
2023-02-24,4433.70556640625,4448.928814683355,4360.565018015056,4418.234384066802,358946
2023-02-27,4403.06201171875,4457.607517804572,4378.565927105314,4447.938087180268,215703
2023-02-28,4365.27587890625,4436.432956652199,4325.259223352488,4412.234688386447,312308
2023-03-01,4377.3251953125,4409.2592957412735,4301.407980309005,4365.275696920344,287008
2023-03-02,4365.822265625,4413.425613826461,4345.144464400731,4392.40060800563,313250
2023-03-03,4371.87060546875,4408.2675186122415,4357.589700682891,4380.250970265605,168868
2023-03-06,4384.56494140625,4451.80446100559,4375.589438390321,4379.506990016913,242661
2023-03-08,4339.8876953125,4404.499706427038,4323.97052046663,4378.41674966637,246734
2023-03-09,4381.63916015625,4500.746773673405,4348.911865817855,4362.647508927297,684685
2023-03-10,4281.57373046875,4363.34258571735,4256.185183217042,4363.34258571735,328154
2023-03-13,4309.09423828125,4399.292848774149,4286.284303303007,4291.242984820016,496455
2023-03-14,4264.0693359375,4318.763494027254,4239.672527003045,4309.094065456896,279237
2023-03-15,4293.02783203125,4331.854694942771,4273.688974495275,4298.928856618925,279479
2023-03-16,4283.35888671875,4333.888049784894,4230.747464618388,4295.160937226177,300181
2023-03-17,4310.58203125,4340.036794447671,4261.193754879197,4304.135744995973,368653
2023-03-20,4277.35888671875,4317.920806671444,4160.333997167901,4286.284513887882,563835
2023-03-21,4238.68115234375,4317.920789718238,4230.747261557894,4284.301024362424,239304
2023-03-22,4249.68994140625,4259.508035371931,4176.301444405663,4239.722699576627,302705
2023-03-23,4237.7392578125,4263.822217080463,4208.483032441963,4240.66507404808,233054
2023-03-24,4247.9541015625,4318.664711449046,4225.788696717087,4242.152346915593,354933
2023-03-27,4282.41650390625,4371.47422766074,4241.656046173735,4269.127334676766,495895
2023-03-28,4297.78857421875,4307.606666848446,4209.970033331546,4298.978367244208,343628
2023-03-29,4326.9453125,4343.804828959432,4275.474297334862,4297.788363237051,250790
2023-03-31,4275.2763671875,4364.582520916168,4264.41714411139,4348.615467962385,465663
2023-04-03,4199.3583984375,4308.052785993478,4185.275550286137,4307.606310991911,493574
2023-04-05,4166.2353515625,4214.879829781813,4133.557442477788,4214.879829781813,622533
2023-04-06,4167.22705078125,4190.0863816024785,4148.582115505867,4182.15249022903,286725
2023-04-10,4201.986328125,4208.581277082235,4152.6968447149775,4180.168131472003,323560
2023-04-11,4236.00341796875,4251.375331901474,4186.267935222774,4227.772199690385,284178
2023-04-12,4284.49951171875,4293.177204657197,4231.24307678658,4252.26808080452,304498
2023-04-13,4361.95361328125,4444.069670197349,4284.5981811951215,4293.226480780148,1257056
2023-04-17,4350.44970703125,4411.639544591802,4304.135429335075,4373.556968517899,334963
2023-04-18,4302.796875,4347.871486402299,4258.416672750393,4343.805270464253,409038
2023-04-19,4284.5986328125,4319.012080053581,4186.66466199613,4319.012080053581,517278
2023-04-20,4312.4658203125,4322.8296578418995,4198.168217296933,4284.597934788745,484517
2023-04-21,4325.25927734375,4391.408281424129,4282.763764817742,4304.135488116694,485292
2023-04-24,4362.697265625,4425.325798770787,4326.250957528902,4326.250957528902,571150
2023-04-25,4380.00390625,4409.508064794309,4346.880006615902,4373.508226386663,252655
2023-04-26,4373.9541015625,4451.607351872571,4364.631876294699,4383.4254746866445,438486
2023-04-27,4380.99560546875,4401.8220701467,4328.978836896019,4383.326282889113,400508
2023-04-28,4476.400390625,4491.573762518582,4394.334210707047,4406.235046465541,713399
2023-05-02,4453.689453125,4535.507702849534,4439.90441456612,4492.317778057091,384900
2023-05-03,4478.1357421875,4487.061368633679,4444.961970197376,4472.482651739762,287955
2023-05-04,4515.57421875,4532.135925526834,4462.813650340795,4472.731014008219,391146
2023-05-05,4564.466796875,4591.739547969853,4484.136148195614,4512.400635693916,332169
2023-05-08,4586.8798828125,4621.49138452979,4547.111158383925,4572.896303447825,274255
2023-05-09,4555.09423828125,4609.491071415558,4544.4330730111615,4607.5075988071685,207566
2023-05-10,4563.2763671875,4595.706340196416,4539.177367086533,4555.094542132122,293523
2023-05-11,4557.32666015625,4606.616159152939,4546.76476301306,4572.847724171359,409446
2023-05-12,4567.19384765625,4601.656685983388,4497.52436873592,4557.028550020187,427837
2023-05-15,4587.6240234375,4650.252081622244,4553.161182781417,4571.855511180811,401847
2023-05-16,4517.4580078125,4603.887727419633,4503.474429471173,4586.7802766580435,310725
2023-05-17,4445.1103515625,4561.589962988176,4421.160018968471,4542.201229557813,266803
2023-05-18,4405.29248046875,4492.466001141614,4396.3668541012985,4472.73054635616,167057
2023-05-19,4410.400390625,4428.102982038509,4373.805414677567,4418.185618136968,177405
2023-05-22,4567.2431640625,4586.780563621184,4415.1607840149,4422.945526871823,361967
2023-05-23,4512.796875,4578.896004191043,4495.540759799721,4566.945775177082,433331
2023-05-24,4498.96240234375,4568.929205706813,4485.970559760886,4503.425215763694,225979
2023-05-25,4530.39990234375,4559.953933459536,4493.50760399445,4531.242975014567,202680
2023-05-26,4571.8056640625,4581.822298837791,4513.6404193908,4552.070205988195,289579
2023-05-29,4602.10302734375,4626.449960446742,4542.796904505598,4596.69787066895,332364
2023-05-30,4561.14453125,4755.376209024702,4497.971210845777,4633.392627437624,1298380
2023-05-31,4583.755859375,4691.904510934893,4487.606829841553,4561.987053540584,1655511
2023-06-01,4774.466796875,4806.946162840136,4647.276608019161,4650.251817115205,1692479
2023-06-02,4926.2509765625,4960.862956946003,4766.284123019395,4799.655948920804,1326161
2023-06-05,4909.29345703125,4967.805901485339,4893.276527635366,4926.89677718481,698352
2023-06-06,4899.27685546875,4928.38441428547,4853.061844558715,4927.937939228007,382992
2023-06-07,4984.9130859375,4998.350919015326,4909.144045720516,4923.425435743264,552840
2023-06-08,4885.9375,4986.99533117871,4879.342550515725,4978.516179591247,411502
2023-06-09,4885.98779296875,4924.814175205177,4866.499785800754,4885.937915602228,249400
2023-06-12,4884.0537109375,4953.72319125495,4874.433674405121,4908.103318022171,343835
2023-06-13,4910.1357421875,4948.764064202766,4876.119381296383,4884.301205651027,308751
2023-06-14,4967.60693359375,4981.044766237884,4910.135623544342,4923.970538090031,360156
2023-06-15,5175.6240234375,5216.334606488622,4976.532953218562,4998.301759576124,1712253
2023-06-16,5157.07861328125,5250.252440678622,5120.384366907032,5175.624277444571,797312
2023-06-19,5102.48388671875,5218.467654868535,5092.86384973526,5176.864118303572,327818
2023-06-20,5119.39208984375,5154.945932465507,5058.946053896802,5132.1858753011375,334154
2023-06-21,5076.4501953125,5130.251889690171,5044.565970055903,5127.128017188457,410174
2023-06-22,5024.13623046875,5112.400763534624,5013.227130876338,5087.5080848881435,329800
2023-06-23,5003.75634765625,5042.384187839478,4959.673473316093,5042.384187839478,335552
2023-06-26,4995.32666015625,5013.227307784252,4958.731201016952,5008.2192328567835,430106
2023-06-27,5100.3017578125,5107.442453582043,4995.326847401441,4998.351449719125,556456
2023-06-28,5084.533203125,5133.178163622201,5073.872036928132,5102.483728640612,362944
2023-06-30,5056.06982421875,5106.400437719379,5022.20164468294,5085.623370073346,411015
2023-07-03,5026.6162109375,5100.004708443542,5018.186451088833,5085.128661651776,150815
2023-07-04,5067.72314453125,5082.3512550851265,5010.301224858358,5077.59063025544,233404
2023-07-05,5035.68994140625,5105.95455810433,5008.665126079778,5082.648754061317,279982
2023-07-06,5239.39208984375,5266.119575928544,5028.301412883593,5047.937597264838,1251554
2023-07-07,5103.72314453125,5231.359805307951,5087.607428991074,5231.359805307951,559765
2023-07-10,5115.72265625,5160.499449987274,5068.515915061489,5137.0449851007215,271366
2023-07-11,5213.5576171875,5228.830259030414,5122.417150023139,5157.028649300932,503174
2023-07-12,5208.64892578125,5244.748517860081,5162.830995002118,5218.169691997136,263391
2023-07-13,5139.17822265625,5246.186487486767,5125.29391252171,5246.186487486767,338327
2023-07-14,5129.06201171875,5155.492173618725,5054.136521976433,5137.194443725862,508041
2023-07-17,5176.1689453125,5274.995852492297,5109.6238286710795,5109.6238286710795,469609
2023-07-18,5119.93798828125,5280.004132410795,5064.252091134469,5163.475115589182,511024
2023-07-19,5132.8310546875,5180.78160690647,5119.938481371962,5119.938481371962,265631
2023-07-20,5152.5166015625,5166.946171163509,5090.235270794203,5127.276718793732,276787
2023-07-21,5161.888671875,5209.591289382798,5082.698423786981,5087.657105768118,313184
2023-07-24,5137.9873046875,5182.516652607493,5101.491602010805,5101.491602010805,249814
2023-07-25,5169.12890625,5176.86425684331,5111.2111103089555,5111.2111103089555,547945
2023-07-26,5113.14453125,5211.574360998642,5100.549286288953,5153.061918125394,297720
2023-07-27,5172.40087890625,5221.491827713816,5101.690271595068,5104.219005562409,363050
2023-07-28,5302.765625,5319.674538475405,5134.21981463221,5134.21981463221,453505
2023-07-31,5130.69873046875,5295.822836504808,5115.921471120154,5295.822836504808,689230
2023-08-01,4990.81396484375,5166.946439357076,4980.053528480672,5166.946439357076,1044095
2023-08-02,4955.45849609375,5002.020710383957,4934.879967291239,4991.408937977654,1016605
2023-08-03,4955.01220703125,4988.433916232149,4915.342752429006,4919.012370678222,412037
2023-08-04,4939.14453125,4994.830916740687,4922.979421850976,4983.475341418444,358846
2023-08-07,4972.9619140625,4983.375144182669,4915.391821239474,4939.143612727762,608113
2023-08-08,4981.83837890625,5013.226734310405,4938.995179288435,4975.540756881365,519420
2023-08-09,4940.18603515625,4984.466966973001,4917.0288942005855,4981.83896245686,268668
2023-08-10,4881.822265625,4940.285318146992,4863.078545141535,4940.235440780888,370166
2023-08-11,4865.607421875,4970.582816229829,4771.392464264897,4889.260431766373,1066479
2023-08-14,4781.01220703125,4886.830183419082,4690.912864154839,4822.813796698727,832136
2023-08-16,4901.0615234375,4913.012236398578,4714.813640021961,4760.334239336366,667417
2023-08-17,4852.31787109375,4919.012138495734,4832.2846037667,4899.673280289954,375779
2023-08-18,4817.14599609375,4863.4956585081845,4794.045633670805,4843.574894861282,336848
2023-08-21,4900.9033203125,4913.621230473063,4808.849713627914,4849.585837235092,243126
2023-08-22,4887.98681640625,4927.083655080973,4874.5737030076625,4916.054998147738,175172
2023-08-23,4913.77001953125,4954.903470463655,4879.3926094740345,4926.090115612353,597123
2023-08-24,4888.28515625,4951.425951299606,4868.562814788981,4923.109378687578,534065
2023-08-25,4834.185546875,4881.479289372109,4814.811049256243,4868.463504200493,249504
2023-08-28,4873.87890625,4880.237619068055,4810.837073957718,4843.525233793508,204098
2023-08-29,4847.00244140625,4913.173899753207,4827.627943722693,4874.424904386094,591619
2023-08-30,4843.126953125,4858.477708556124,4813.816819753949,4850.529197811432,396122
2023-08-31,4783.11669921875,4880.187613975479,4774.869826677283,4855.9947179287765,488260
2023-09-01,4809.19677734375,4818.735087131089,4770.298850461136,4808.848932975838,206097
2023-09-04,4793.79736328125,4838.6566808615025,4786.594024279968,4828.721040859734,354446
2023-09-05,4952.4189453125,4959.870674089679,4800.949944312959,4828.720247611345,800554
2023-09-06,5000.70751953125,5011.18942662762,4922.116502966834,4947.949169312643,535407
2023-09-07,4996.68212890625,5012.430213092369,4954.902962708654,4997.576724489849,334709
2023-09-08,4953.0654296875,5017.299244638772,4945.912060039859,5007.562511588372,292671
2023-09-11,5063.15234375,5073.932124366053,4971.5455546137755,4971.793945598268,543287
2023-09-12,4947.15380859375,5092.015238293047,4934.038570412346,5078.105343007955,483061
2023-09-13,4978.7490234375,4988.883569925422,4913.173801815693,4942.980720734696,232238
2023-09-14,5051.8251953125,5067.1759518102,4963.348522993697,4968.813124510355,414391
2023-09-15,5059.029296875,5117.252247936388,5029.123406719532,5051.825957425445,658355
2023-09-18,5042.486328125,5128.777460102347,5034.736722841302,5067.176490996119,371912
2023-09-20,4974.0791015625,5027.234773878494,4897.276800851115,5018.93890285225,509910
2023-09-21,4987.74072265625,5014.467982144869,4943.428156735782,4957.884318760066,422586
2023-09-22,4957.43701171875,4984.511630443354,4923.109569923388,4980.736281337225,348459
2023-09-25,5064.24560546875,5080.540444509609,4940.84523768049,4982.624413234877,386746
2023-09-26,5021.17431640625,5064.1954412849955,4997.875047777879,5064.1954412849955,267102
2023-09-27,5072.4921875,5085.905301825438,4987.691401014771,5021.472577834393,460768
2023-09-28,4987.79052734375,5112.3833507681275,4962.8519749464185,5072.491854844086,407714
2023-09-29,5104.68310546875,5153.5666451111,4994.248571155355,5021.472125938215,410567
2023-10-03,5086.0048828125,5121.773188577404,5033.395472361143,5105.876163793002,268482
2023-10-04,5014.91455078125,5064.046481836777,4950.233441039576,5052.272652080012,442482
2023-10-05,5014.56640625,5047.15559272553,4994.297800045888,5022.415949043809,363289
2023-10-06,5027.681640625,5051.278782854108,4996.433862438798,5017.497610820858,407753
2023-10-09,5014.8154296875,5033.395270715409,4954.953198131913,4967.8200461068,176296
2023-10-10,5034.0908203125,5051.825549275541,5000.607520072563,5036.326339271403,202645
2023-10-11,5060.07275390625,5106.919201695621,5032.401898168934,5040.300926398241,336099
2023-10-12,4961.70947265625,5081.036601135263,4840.345732117168,5060.022335295826,1029595
2023-10-13,4985.00830078125,4996.732646682587,4901.996225340447,4956.8411504096,410013
2023-10-16,4989.3798828125,5016.951280220352,4954.306787098806,4997.626268882648,259806
2023-10-17,4996.43408203125,5035.381982025019,4979.941308953995,5017.497831339058,217907
2023-10-18,4945.2158203125,5007.512469626089,4906.665735834996,4988.68424005004,341459
2023-10-19,4964.88818359375,4987.641184515832,4903.3866765597795,4945.215812860479,231958
2023-10-20,4945.513671875,4967.769890785547,4908.702324362259,4957.983189589226,252447
2023-10-23,4937.5654296875,4978.301550779644,4912.32900291668,4944.967675014576,363474
2023-10-25,4828.62109375,4939.353984303767,4800.403976057651,4928.076937026999,894230
2023-10-26,4729.66259765625,4828.621670810383,4695.58354591719,4828.621670810383,836962
2023-10-27,4799.11279296875,4829.267070788232,4746.056089843552,4749.186204401943,333727
2023-10-30,4810.58837890625,4837.066761828505,4752.26597948252,4808.849641948934,234759
2023-10-31,4788.87890625,4868.11563325915,4774.273806900162,4800.901127375672,276660
2023-11-01,4765.6787109375,4824.746278605614,4759.171061474648,4803.8814367912155,281746
2023-11-02,4855.546875,4863.495386356661,4779.241360031512,4806.6633361010845,214035
2023-11-03,5120.03369140625,5132.254333339587,4905.274465980212,4918.886485486586,1262458
2023-11-06,5131.70849609375,5194.352511264611,5094.49933081662,5107.9619287519035,399720
2023-11-07,5103.78955078125,5148.599386143626,5088.0909478202675,5116.8548209176015,222204
2023-11-08,5078.056640625,5120.481536692594,5054.707884230517,5101.951663220036,400498
2023-11-09,5263.50439453125,5278.805182089289,5089.083954809675,5114.37035098901,1032216
2023-11-10,5244.52734375,5303.644399154589,5185.062443932948,5265.888968812163,696409
2023-11-13,5187.04931640625,5245.023867433741,5166.731225582053,5216.210514117662,150128
2023-11-15,5191.32177734375,5260.92073292789,5173.487111681873,5249.842592718191,356675
2023-11-16,5304.3896484375,5333.4513945797235,5168.271384455119,5190.378182802622,449045
2023-11-17,5443.68701171875,5457.994234556029,5271.998882255561,5297.8815124000685,735541
2023-11-20,5438.72021484375,5558.990951015329,5419.941465879491,5439.763263057896,526567
2023-11-21,5431.61474609375,5484.770412900288,5387.500607491373,5464.601260485212,382979
2023-11-22,5496.39599609375,5504.2950238746225,5404.14348253722,5431.814336703639,302473
2023-11-23,5458.5908203125,5514.27988527864,5438.073336772575,5494.408606412771,234584
2023-11-24,5366.5361328125,5457.646130280779,5360.276874725068,5457.646130280779,270183
2023-11-28,5332.2587890625,5389.935467186381,5306.625033322094,5366.536745184876,362746
2023-11-29,5387.05322265625,5400.019035668994,5329.972790588098,5337.523972191906,277119
2023-11-30,5493.36572265625,5514.28005023275,5347.361302766245,5347.361302766245,775261
2023-12-01,5555.16552734375,5651.044457930811,5494.757027309141,5514.280463815452,546990
2023-12-04,5586.36279296875,5621.833220038902,5533.753872899893,5589.790782651679,936113
2023-12-05,5544.2861328125,5652.385704022926,5489.441204908888,5573.894146522871,787929
2023-12-06,5507.42431640625,5602.707000248144,5473.295298389246,5498.5317251789165,574427
2023-12-07,5426.25048828125,5484.274530518544,5406.478661141622,5454.9149075315245,510609
2023-12-08,5519.59619140625,5536.6852021353925,5404.044400277809,5459.634503426411,456382
2023-12-11,5511.64697265625,5519.59548410857,5454.6659841547025,5514.279820047103,238128
2023-12-12,5394.00830078125,5514.279002814231,5368.42403333576,5514.279002814231,615205
2023-12-13,5391.8232421875,5416.910732281061,5334.842251818551,5368.176613897347,476781
2023-12-14,5480.39892578125,5497.339481071329,5417.009744094712,5459.434630820049,490550
2023-12-15,5515.47216796875,5552.035125779564,5464.601501751539,5494.408419033821,349758
2023-12-18,5463.26025390625,5571.658176634268,5458.640278619529,5514.776641149927,428321
2023-12-19,5519.74462890625,5638.823367599793,5468.278209375655,5473.344997505827,682732
2023-12-20,5367.431640625,5569.7208831315065,5340.505959168323,5519.744807933255,437044
2023-12-21,5440.60693359375,5517.260290813508,5250.836230272053,5309.605437440552,487514
2023-12-22,5505.7353515625,5513.286534851698,5427.542157280257,5474.537539562598,220537
2023-12-26,5596.89501953125,5608.668850106153,5490.5836702024,5505.735521391793,243281
2023-12-27,5650.84521484375,5678.2177063192,5579.457551376999,5598.732594069763,307177
2023-12-28,5723.42431640625,5732.863172582946,5638.226219863965,5638.4746108159825,568149
2023-12-29,5667.38818359375,5721.885262888295,5640.7603788414535,5703.057032115314,325682
2024-01-01,5713.04248046875,5727.896456314662,5671.11437077893,5704.050920330004,127030
2024-01-02,5709.36669921875,5745.432879063151,5643.44362951177,5701.169796059688,166449
2024-01-03,5731.1748046875,5748.761080860353,5636.537837360858,5693.121499020018,198997
2024-01-04,5725.1142578125,5802.363853185293,5694.611651178978,5731.174609660099,220702
2024-01-05,5717.21533203125,5771.414051189904,5678.217947179666,5725.114359451551,144894
2024-01-08,5645.43017578125,5737.682682492414,5603.700491271779,5712.992522129917,157009
2024-01-09,5760.33642578125,5811.356035964532,5638.178018861071,5665.501029801236,329437
2024-01-10,5763.56494140625,5781.846420807556,5684.477155044221,5762.670830891254,239740
2024-01-11,5832.12109375,5854.0789546776605,5764.906587708495,5766.645324668897,213210
2024-01-12,5758.3994140625,5883.886360729777,5705.889456486876,5832.221029632522,250919
2024-01-15,5858.4501953125,5886.021594066391,5766.644986219163,5797.445467709997,375458
2024-01-16,5866.54833984375,5929.043905873808,5791.4847709137175,5844.143664867814,347797
2024-01-17,5887.7607421875,5941.860495414615,5793.720007707492,5835.052366655163,378205
2024-01-18,5952.29248046875,5990.14736267873,5800.426138950015,5920.647372730925,591170
2024-01-19,6055.42431640625,6080.611259090504,5912.698954713658,5948.46725623772,326813
2024-01-23,6114.14404296875,6387.324639967818,6094.173310919503,6386.628951160369,982889
2024-01-24,6173.36083984375,6189.903583050012,6044.197522701455,6113.945422875097,435151
2024-01-25,6129.14697265625,6198.050728522308,6079.71716692868,6170.081515663033,337391
2024-01-29,6289.01123046875,6308.13733595262,6138.0389985808815,6159.152231907231,554591
2024-01-30,6269.18994140625,6346.737902791648,6243.357277372207,6290.253692289477,304312
2024-01-31,6312.0625,6330.641855399328,6215.288979942651,6239.5818133830235,499281
2024-02-01,6247.48095703125,6335.957637305728,6227.460254290908,6249.169724750527,255111
2024-02-02,6279.8701171875,6318.12232735637,6250.808373098163,6279.32385109768,239428
2024-02-05,6194.37451171875,6305.753128718198,6169.2375375736365,6279.870496464058,147909
2024-02-06,6157.4130859375,6257.36570680097,6115.435013054195,6219.660249578298,326654
2024-02-07,6138.18896484375,6208.632556070029,6115.386476776578,6197.603898539902,323738
2024-02-08,6190.89697265625,6322.246320906085,6110.418292703569,6161.586836130274,794455
2024-02-09,6395.9189453125,6432.28348265297,6173.609013072724,6229.049687035052,933104
2024-02-12,6571.87890625,6634.820790953551,6333.969837286587,6423.291134513304,709946
2024-02-13,6675.65673828125,6696.621034690577,6555.783344532211,6571.87927460577,521773
2024-02-14,6710.63037109375,6731.395760619074,6656.878464376059,6675.557272578849,452781
2024-02-15,6584.94482421875,6720.864184553971,6543.215136467223,6706.556960066896,446114
2024-02-16,6558.06787109375,6617.5827355895535,6483.103767465037,6588.371569419958,391508
2024-02-19,6614.3046875,6632.983982353462,6469.1448856406905,6577.393880800887,334607
2024-02-20,6722.0048828125,6747.4131492989345,6601.078412969933,6630.564063809969,559251
2024-02-21,6722.7001953125,6784.158128585155,6680.087477540819,6747.363100247052,537325
2024-02-22,6731.70068359375,6836.367627472713,6652.988764415176,6727.523756210813,564432
2024-02-23,6736.5234375,6749.2028060172925,6685.855977790408,6741.44621009606,352524
2024-02-26,6547.5263671875,6754.125486686771,6534.498840635703,6732.446447198475,453443
2024-02-27,6583.923828125,6631.508849647236,6533.604040832248,6551.504325875624,313760
2024-02-28,6327.1044921875,6593.2716903862465,6310.148652980312,6593.2716903862465,536602
2024-02-29,6067.798828125,6357.136749836006,6028.467633440517,6357.136749836006,1543361
2024-03-01,6051.68798828125,6073.168425660836,5908.93342117172,6068.196124673722,1749136
2024-03-04,5999.876953125,6137.5601717453865,5989.485134648651,6110.95835952127,551616
2024-03-05,6027.52294921875,6069.687965520066,5943.093373478652,6001.616969087564,724456
2024-03-06,6020.7607421875,6045.224562447615,5912.0664266728045,5991.623249908099,588776
2024-03-07,6015.291015625,6108.82029425535,5998.584277517605,6031.898696167612,738112
2024-03-11,6170.32763671875,6190.514985331968,6002.661543374261,6015.290897058803,521556
2024-03-12,6110.7587890625,6239.491855052425,6073.665618158774,6205.431593501556,482112
2024-03-13,5975.11474609375,6145.764218599238,5923.054655961718,6145.764218599238,356191
2024-03-14,5989.783203125,6061.235269744964,5946.8723401271345,5975.114914326191,439181
2024-03-15,5950.05517578125,5997.441112873581,5908.685529389258,5981.678819699755,764270
2024-03-18,6102.5546875,6110.908541834608,5945.529515396355,5964.523802771782,419258
2024-03-19,6079.33447265625,6091.765225532047,6000.622556985677,6043.334818097429,542392
2024-03-20,6139.84716796875,6166.349922332658,6039.804854372428,6113.941672451811,413963
2024-03-21,6148.25048828125,6179.9736731031,6071.776592262852,6155.609397007202,350032
2024-03-22,6340.57861328125,6355.495516095903,6134.526753747265,6134.973969485946,727548
2024-03-26,6287.42529296875,6427.644185790693,6274.546838723738,6362.5565693247445,629120
2024-03-27,6196.9296875,6363.948999680619,6185.542923097537,6319.795060495956,603420
2024-03-28,6321.58447265625,6390.003626492861,6078.6380374316195,6196.9292737157075,818070
2024-04-01,6421.47802734375,6520.675430762782,6337.446141740661,6365.539641957079,440465
2024-04-02,6384.18603515625,6433.660431394269,6368.7223728741765,6433.660431394269,213898
2024-04-03,6339.73388671875,6373.496007843689,6276.0388992824965,6364.098163859047,289202
2024-04-04,6404.92041015625,6439.129743648178,6291.352861991439,6389.406734044717,547885
2024-04-05,6362.3076171875,6444.101967000118,6346.197168039496,6404.920333019721,239001
2024-04-08,6272.806640625,6362.308063106273,6245.210368693274,6362.308063106273,491584
2024-04-09,6469.01318359375,6503.769762103389,6295.878049794494,6312.634315842869,592624
2024-04-10,6453.89794921875,6479.803444495277,6415.263071399127,6469.013453669791,174947
2024-04-12,6371.05908203125,6442.0139175566155,6327.452388792448,6414.2685738639975,450885
2024-04-15,6268.23193359375,6363.6505873796505,6248.193656972259,6290.060529984147,251305
2024-04-16,6299.65673828125,6312.4356489387765,6167.64214701769,6265.049717626846,290190
2024-04-18,6040.5009765625,6299.309271455553,6019.667324476941,6271.166238998384,518459
2024-04-19,6135.3720703125,6164.659119044691,6016.484541090559,6105.985964015874,560178
2024-04-22,6203.98974609375,6223.3321920236685,6115.930485929301,6120.405557016566,197001
2024-04-23,6160.58203125,6268.878661084158,6146.7591301595985,6206.9239784648325,217146
2024-04-24,6248.5419921875,6275.541491219393,6151.880260369384,6195.387896886435,207837
2024-04-25,6348.73388671875,6366.733714664014,6134.676314279071,6245.2104758243,520353
2024-04-26,6223.92919921875,6344.656579973198,6216.42073276657,6344.656579973198,261065
2024-04-29,5935.28662109375,6165.653228893527,5701.240316330095,6165.653228893527,2785015
2024-04-30,5914.15478515625,5989.634222742324,5868.31006946745,5966.761636469192,1040838
2024-05-02,5925.541015625,5966.761587824743,5906.547213031466,5914.154736940682,572406
2024-05-03,5976.30859375,5994.308421927078,5927.032795547145,5966.761677950019,563849
2024-05-06,6023.1474609375,6052.434023324707,5953.038014819508,6016.484383175206,419144
2024-05-07,5867.56396484375,6046.3181909664845,5823.9567866966045,6046.3181909664845,455928
2024-05-08,5814.111328125,5877.259548314162,5780.448754578204,5859.3592654258955,511587
2024-05-09,5774.23388671875,5859.35978106055,5757.924835767241,5827.437509985339,598157
2024-05-10,5810.08447265625,5848.420721002616,5721.378424265992,5787.709117066629,372227
2024-05-13,5797.8525390625,5810.034677565485,5758.124141984266,5787.758864275289,348407
2024-05-14,5830.3212890625,5861.994944757767,5708.201766067734,5822.564693436686,558136
2024-05-15,5816.39892578125,5850.857361962913,5787.758664763453,5837.432148565266,509306
2024-05-16,5898.83984375,5911.568740254666,5817.592250061367,5857.370658608796,378026
2024-05-17,5920.0712890625,5939.910964918684,5877.359513449748,5892.176873789252,267904
2024-05-21,5915.2978515625,6008.428951656313,5887.602038032164,5966.761166624638,606639
2024-05-22,5835.6416015625,5925.590722055189,5812.570415967607,5925.590722055189,735701
2024-05-23,5936.9775390625,5958.259378012659,5828.134150219865,5845.885363747769,308200
2024-05-24,5881.5859375,5938.767400521655,5834.498148661694,5905.402968578033,608807
2024-05-27,5906.3974609375,5926.485751851865,5885.2156522291025,5917.038379649063,189637
2024-05-28,5871.79052734375,5938.36983509881,5847.724395140209,5911.220779014871,314362
2024-05-29,5870.74658203125,5912.066211363753,5848.321211952713,5877.160559325219,337183
2024-05-30,5734.50537109375,5869.055645596963,5718.1463061265795,5867.315340199446,643549
2024-05-31,5806.85205078125,5926.336343747615,5711.184787671417,5823.509258720218,1382132
2024-06-03,5818.78564453125,5984.810481522877,5780.3493698154325,5953.136827429214,804820
2024-06-04,5813.31640625,5930.712243089998,5661.6612199877945,5718.494525461947,642000
2024-06-05,5901.7734375,5911.8175831606,5744.797789604321,5882.232390663183,487289
2024-06-06,5928.97216796875,5941.900151562107,5867.315630831202,5936.927850180046,490549
2024-06-07,5981.23095703125,5997.590023070682,5932.403345138668,5954.579615427206,436163
2024-06-10,6023.1474609375,6041.345888890806,5958.855218695931,6006.539780888966,443756
2024-06-11,6074.11328125,6133.084575990469,6025.633347230861,6048.058230172286,521348
2024-06-12,6134.42822265625,6154.566044778321,6041.346636621189,6083.412115267865,321285
2024-06-13,6171.8193359375,6176.144849520622,6125.875078617354,6173.559641357561,401804
2024-06-14,6173.21142578125,6185.493106746791,6140.791925142165,6175.598033219894,216573
2024-06-18,6201.80224609375,6215.177445043382,6132.040957021441,6190.515025197609,267887
2024-06-19,6139.349609375,6234.271030250494,6094.101670010445,6230.293189427236,401714
2024-06-20,6141.6376953125,6159.388908651088,6081.870534610581,6131.544020457637,252844
2024-06-21,6135.81982421875,6204.537125524207,6110.958317637636,6118.118625763517,434583
2024-06-24,6224.87353515625,6260.127345654195,6122.046441240431,6135.819812976391,357273
2024-06-25,6260.47509765625,6280.016143410039,6207.66916408572,6223.331912186861,348730
2024-06-26,6102.8037109375,6250.829222158528,6091.06927375084,6245.011532349152,538411
2024-06-27,6158.1953125,6166.051451633224,6021.457023364957,6081.8704856555305,440975
2024-06-28,6151.43310546875,6188.029049287853,6111.107450049263,6188.029049287853,334692
2024-07-01,6106.4833984375,6145.76457981333,6074.611140437763,6145.76457981333,374933
2024-07-02,6063.82080078125,6129.604247937101,6043.334822910365,6100.764901242284,436037
2024-07-03,6158.39453125,6183.305567684987,6045.373729011066,6098.279211521251,188203
2024-07-04,6190.564453125,6209.409668691468,6126.869469700214,6166.598350071698,222050
2024-07-05,6293.4912109375,6307.712283835749,6124.8806700476125,6166.648000481449,350300
2024-07-08,6282.453125,6352.562572897371,6257.93929128123,6344.656419648639,317731
2024-07-09,6285.287109375,6315.220460898839,6221.2439644998185,6274.348046302099,176239
2024-07-10,6340.38037109375,6381.451384935202,6266.243068567219,6285.286885122135,295890
2024-07-11,6353.65625,6376.131149416012,6304.878167555664,6360.468400025002,354777
2024-07-12,6318.701171875,6384.38556571167,6284.9890649866165,6349.828070457194,211028
2024-07-15,6401.58935546875,6430.876404570304,6305.375324610604,6305.375324610604,359221
2024-07-16,6417.9482421875,6428.190988424307,6367.528913812011,6401.589177016455,298376
2024-07-18,6484.7265625,6503.472236322672,6394.379746877148,6396.368667482709,583444
2024-07-19,6346.595703125,6489.101660842492,6329.739407879002,6489.101660842492,228785
2024-07-22,6366.68408203125,6398.357740544768,6334.861351584027,6346.596274782239,222285
2024-07-23,6368.1259765625,6438.53357049252,6289.76221477814,6368.523663561139,284679
2024-07-24,6387.02001953125,6408.251841390932,6314.871642461446,6364.545122452339,309594
2024-07-25,6350.423828125,6398.50607649474,6336.700471428688,6369.318572154684,412373
2024-07-26,6627.6298828125,6642.944959164911,6358.131154334409,6397.362805533417,432671
2024-07-29,6644.63525390625,6739.457136167379,6579.746722382726,6739.457136167379,367708
2024-07-30,6604.21044921875,6675.960658369286,6547.625758717602,6644.635160831205,264929
2024-07-31,6578.65283203125,6649.707212576285,6547.675491725978,6627.331856494038,352268
2024-08-01,6669.248046875,6697.6897068135495,6570.001109295568,6578.652622025413,361725
2024-08-02,6672.97802734375,6758.203473657495,6643.989605226516,6669.24880102739,587569
2024-08-05,6650.552734375,6719.070951259856,6563.487444615418,6651.944881666126,907845
2024-08-06,6620.818359375,6697.689944312309,6594.31560461612,6652.093843641484,334936
2024-08-07,6683.12060546875,6730.506536197739,6625.093756523246,6664.076790029601,358284
2024-08-08,6505.6591796875,6706.98784433008,6463.99139381799,6702.661845282039,509454
2024-08-09,6551.35498046875,6561.448654776042,6493.825358546158,6545.785906016914,115598
2024-08-12,6466.37841796875,6555.382612896779,6385.3799196286345,6513.714824341823,230114
2024-08-13,6552.89599609375,6605.204700138739,6474.2340965423355,6474.2340965423355,400126
2024-08-14,6479.75341796875,6826.969090396383,6424.461335212415,6563.437144445174,1723346
2024-08-16,6660.07763671875,6687.865627922434,6529.702795614472,6529.902187910338,611092
2024-08-19,6697.9248046875,6729.796445434941,6538.715902001771,6722.924220163302,398225
2024-08-20,6646.13330078125,6761.3693948673035,6623.32525543683,6747.8238504638375,146064
2024-08-21,6725.36474609375,6761.269947692598,6600.517453138968,6648.225219245503,291296
2024-08-22,6803.1513671875,6830.491455337014,6723.920649603409,6733.432148483273,344641
2024-08-23,6833.1806640625,6899.612826292235,6803.300999584239,6836.467232626043,468784
2024-08-26,6752.8037109375,6850.410608234237,6582.290242763536,6802.603148333795,385016
2024-08-27,6754.248046875,6823.269872145192,6706.988186552672,6752.803668670495,297297
2024-08-28,6749.2685546875,6821.029353798087,6719.4881002605225,6758.680357132553,250361
2024-08-29,6829.6943359375,6879.643075106448,6733.182635804537,6772.623888059406,659960
2024-08-30,6899.712890625,6961.962194943161,6823.519742139571,6837.463586306839,499581
2024-09-02,6852.45263671875,6970.925700525934,6837.5128045273095,6960.965812398308,248292
2024-09-03,6817.39404296875,6898.019044630054,6807.03585670109,6863.309223967324,361990
2024-09-04,6903.0986328125,6910.170250512118,6762.813513958948,6810.571371144691,389768
2024-09-05,6906.48486328125,7015.745027935887,6872.522034643088,6903.098598664039,387284
2024-09-06,6879.095703125,6934.522872559656,6830.391944856543,6906.485396931898,185503
2024-09-09,6833.1806640625,6900.210516846332,6793.0921142208335,6879.095359419296,304409
2024-09-10,6893.7861328125,6947.868616828162,6833.180602962473,6872.322768549933,354522
2024-09-11,6872.57177734375,6926.056570900872,6845.8794717992205,6872.322780141571,223028
2024-09-12,7033.47314453125,7067.98454369987,6887.2621908864585,6915.149875824249,831152
2024-09-13,6990.99462890625,7071.470815056651,6979.939056055574,7067.735857088359,238034
2024-09-16,7003.14599609375,7034.619339662762,6982.379532201105,6996.821369904109,226343
2024-09-17,6979.93896484375,7123.7601335215095,6971.821753563265,7003.195400086941,266003
2024-09-18,7007.67724609375,7039.648582676887,6932.828787757235,7001.701313510832,251334
2024-09-19,7002.05029296875,7096.0715388508,6983.325897972859,7039.648870339338,407897
2024-09-20,7054.23974609375,7091.4400238203125,6989.749473405215,7011.661226287806,493357
2024-09-23,7124.1083984375,7153.191465535991,7061.958795416672,7061.958795416672,254282
2024-09-24,7093.43212890625,7171.119254159646,7047.816037068572,7047.816037068572,333949
2024-09-25,7104.83642578125,7116.290296861779,7045.773998763713,7064.2994875150125,236185
2024-09-26,7139.09814453125,7165.093548482394,7065.942575437753,7079.488119864654,405696
2024-09-27,7204.98291015625,7250.698698373635,7081.480300139749,7130.582352980152,772592
2024-09-30,7170.2724609375,7287.600229913281,7131.777592216529,7131.777592216529,442794
2024-10-01,7124.65625,7214.892928368183,7106.3797591013445,7172.613011235926,310719
2024-10-03,6878.2490234375,7171.11933450731,6828.4495836145325,7064.897226629451,655420
2024-10-04,6746.4296875,6930.388523100485,6700.365206493092,6874.414245540814,429272
2024-10-07,6745.9814453125,6829.993197880158,6716.101781304275,6773.719830664667,260810
2024-10-08,6896.52490234375,6912.162120690509,6721.629661950389,6791.647478528614,345891
2024-10-09,6980.7861328125,7041.641148631688,6908.576941401496,6931.086386609324,391824
2024-10-10,6927.15185546875,7026.750737575965,6856.436649172628,7026.651527751991,237853
2024-10-11,6955.38818359375,6990.795877710645,6902.302174358209,6953.99389651925,75315
2024-10-14,7064.14990234375,7072.914408810763,6933.82467720022,6948.8642045829965,168515
2024-10-15,7111.50927734375,7121.668557553225,7011.761097069711,7086.460256484516,322659
2024-10-16,7042.935546875,7106.579621517922,7027.697112461229,7056.680484381746,223419
2024-10-17,6961.2646484375,7074.110476509149,6932.7296652575005,7060.564930935862,183572
2024-10-18,6954.89013671875,7013.404479076011,6922.1222022632155,6955.288434976651,236651
2024-10-21,6958.37646484375,7003.793654062962,6929.592484093153,6944.283319758317,222611
2024-10-22,6864.30517578125,7009.022153282737,6843.9866152886925,6991.791741644362,112233
2024-10-23,6879.0458984375,6931.036710246541,6827.254478924886,6857.383141237512,109466
2024-10-24,6926.25537109375,6950.0098010833935,6843.090306836017,6909.4232577480325,147408
2024-10-25,6916.99267578125,6952.997572391807,6848.4683569169665,6926.255176771926,175261
2024-10-28,6898.51708984375,6942.0419953046385,6766.996962209259,6895.230521304736,238427
2024-10-29,6959.42236328125,6969.631248815988,6828.300044403761,6929.990601482619,196146
2024-10-30,6954.49169921875,7006.781110491072,6911.962783521535,6952.599417789615,191699
2024-10-31,6994.53076171875,7021.7210615129925,6928.147718937242,6971.821925215581,224153
2024-11-01,7003.7431640625,7017.736611229132,6972.668121070444,6994.530268284205,18769
2024-11-04,6930.48876953125,7061.561000457308,6864.504507714565,7061.561000457308,273442
2024-11-05,6938.3564453125,6958.5252181125215,6786.916545804852,6892.2423593160765,246059
2024-11-06,6940.1494140625,7113.102765924989,6863.358582978836,6991.841133726807,459745
2024-11-07,7395.0673828125,7453.88032568172,7171.417810700819,7287.151901346388,2502817
2024-11-08,7391.630859375,7514.735166928777,7350.397022125166,7360.406514597787,1032481
2024-11-11,7126.74853515625,7424.250109680674,6954.591767007646,7370.317411293648,625620
2024-11-12,6991.39306640625,7203.837771667591,6972.917668484182,7132.52487550812,194183
2024-11-13,6831.337890625,6970.129027423095,6803.051905917854,6942.041948682719,299775
2024-11-14,6833.13037109375,6880.290537400829,6799.665050601561,6832.483075647031,192648
2024-11-18,6714.85693359375,6846.875543582557,6667.696765664991,6846.875543582557,268706
2024-11-19,6660.07763671875,6769.636408457248,6634.481015478905,6722.924629407823,290018
2024-11-21,6715.45458984375,6734.826766838141,6567.699551770419,6596.981525687408,258574
2024-11-22,6907.2822265625,6922.420964972547,6724.518276406601,6724.518276406601,498633
2024-11-25,7046.62060546875,7118.331797496136,6903.0985252716355,6952.001671543729,639047
2024-11-26,7048.16455078125,7083.52215419796,7014.251325695136,7066.540739198721,179222
2024-11-27,6954.69140625,7086.858832358551,6942.042153564508,7048.1645690013365,227250
2024-11-28,6813.65869140625,7001.800867816041,6788.659276676265,6954.6907947707405,412343
2024-11-29,6801.50732421875,6864.802699647354,6784.675211987885,6839.504196909796,410883
2024-12-02,7037.45751953125,7051.600755122849,6793.73935019793,6830.491239919844,579743
2024-12-03,7097.9638671875,7106.778465430232,7048.1644266326975,7075.902812286255,351470
2024-12-04,7203.33984375,7239.94243290613,7096.469951508705,7187.702624737906,604278
2024-12-05,7245.56982421875,7305.52854700212,7111.758626107617,7228.140019493662,510951
2024-12-06,7204.28564453125,7280.727785483219,7178.838325036564,7233.86670663391,189048
2024-12-09,7164.99365234375,7198.956965442383,7134.018305447531,7134.018305447531,203674
2024-12-10,7229.18505859375,7279.134284217463,7186.258331879629,7199.803390025749,333300
2024-12-11,7311.35400390625,7334.461137379791,7187.104407642246,7226.595750542978,391192
2024-12-12,7198.1103515625,7289.292926578768,7160.661077510382,7270.71783376115,396742
2024-12-13,7230.3310546875,7248.15915685913,7175.302673746279,7192.035090978529,314999
2024-12-16,7230.08203125,7240.938211815018,7137.305286244866,7222.562024079061,219812
2024-12-17,7189.79443359375,7277.690448660714,7172.115631696428,7198.011341517857,237831
2024-12-18,7208.369140625,7238.348500340199,7148.858810677242,7204.235884428723,253532
2024-12-19,7268.27783203125,7283.915050632362,7108.770323872915,7119.327902358066,292899
2024-12-20,7222.61181640625,7360.257169929414,7181.12849589053,7295.418205008448,349055
2024-12-23,7235.95849609375,7300.498377302682,7156.179694097524,7222.014652570108,179062
2024-12-24,7210.958984375,7250.549539572363,7181.477618334569,7230.87876057493,146814
2024-12-26,7232.02392578125,7268.775814972087,7195.770030986828,7243.029893735596,116439
2024-12-27,7217.2333984375,7265.738247200788,7126.299816137304,7232.023929282693,189089
2024-12-30,7284.91064453125,7348.803224963915,7191.088310655739,7210.958480555935,428884
2024-12-31,7267.0830078125,7336.403925840035,7223.707403601825,7276.295904250112,212227
2025-01-01,7340.0888671875,7415.136721600807,7271.11664180525,7290.63811982779,341399
2025-01-02,7391.88037109375,7415.087202526482,7303.63566387098,7375.29725441015,265991
2025-01-03,7269.0751953125,7407.716549048129,7250.798702965628,7398.155445311148,180636
2025-01-06,7399.35009765625,7443.024303809049,7261.505344974686,7269.074957120651,527272
2025-01-07,7406.919921875,7515.084405936943,7315.737339136088,7436.30159232181,398234
2025-01-08,7113.9990234375,7430.07615386966,7102.3958516413595,7418.871280313221,450295
2025-01-09,7063.1044921875,7134.965476340734,6963.057704600622,7111.360346208702,305521
2025-01-10,7008.5244140625,7110.364272141569,6988.704333568859,7061.560819370182,185381
2025-01-13,6812.16455078125,6971.921044303334,6728.949401380316,6971.921044303334,431086
2025-01-14,6679.947265625,6871.326407258088,6656.292532740179,6827.104603887412,362659
2025-01-15,6665.0078125,6732.834747695379,6581.494053554095,6722.52616625193,547360
2025-01-16,6762.41552734375,6780.4926275174685,6673.174830053455,6732.884555514939,579821
2025-01-17,6800.7109375,6817.5430502499685,6735.174585413292,6792.593726384755,166710
2025-01-20,6753.65087890625,6882.282737583675,6712.964638395654,6873.318838214897,120356
2025-01-21,6891.3955078125,6986.811522486259,6810.5711174807175,6810.5711174807175,799900
2025-01-22,6865.2509765625,6914.104518101654,6802.503683311314,6880.2905044316785,247081
2025-01-23,6893.08935546875,6935.169883317082,6795.831143990335,6864.603977814577,271085
2025-01-24,6717.994140625,6887.5116309255145,6701.461115406948,6887.5116309255145,317194
2025-01-27,6668.59326171875,6702.805087203042,6647.577801227298,6673.12481613199,191705
2025-01-28,6682.0390625,6720.434235108913,6608.435103234469,6672.128779695385,202194
2025-01-29,6757.08642578125,6771.478658053845,6670.385797779168,6713.960306518253,146288
2025-01-30,6797.27490234375,6867.342812056165,6743.192904748861,6759.029029487476,204648
2025-01-31,6783.18115234375,6852.4023681264225,6761.916695986277,6794.884019760245,187712
2025-02-01,6813.65869140625,6912.1618808880985,6782.932341400313,6782.981946308443,117096
2025-02-03,6771.37890625,6859.125613534109,6697.974826211083,6754.397492370044,250589
2025-02-04,6764.955078125,6789.257106704785,6679.399254229739,6757.783764494344,223642
2025-02-05,6916.79345703125,6979.889444177147,6769.188210065273,6798.768785351028,389639
2025-02-06,6846.67578125,6897.222211173037,6758.331383091911,6809.973497923129,334197
2025-02-07,6763.3115234375,6902.053054499303,6722.924372293009,6893.686845878313,259335
2025-02-10,6734.12890625,6806.935780818557,6659.18075314291,6789.854671095885,213808
2025-02-11,6292.009765625,6787.6634807121045,6257.299459658664,6772.623952991413,1728723
2025-02-12,6348.97998046875,6468.000637756282,6190.070167715582,6324.130352602719,1133586
2025-02-13,6346.6396484375,6399.227659420889,6319.000960881246,6346.6892533454875,636246
2025-02-14,6254.18115234375,6363.296343685195,6214.385088677594,6360.653337657951,320088
2025-02-17,6283.80419921875,6300.560283147624,6133.994893360438,6133.994893360438,482329
2025-02-18,6360.25439453125,6373.370074355719,6303.552248815046,6303.552248815046,220118
2025-02-19,6405.93505859375,6418.253015318179,6267.895339784502,6331.7287808070905,195067
2025-02-20,6374.3173828125,6452.613082083915,6361.301053975747,6367.634625140561,165304
2025-02-21,6301.1083984375,6378.955565730267,6276.5728094792485,6345.741936683745,220428
2025-02-24,6235.13037109375,6258.669048502964,6219.770547643742,6258.669048502964,458224
2025-02-25,6235.0810546875,6263.606721027249,6196.880437645116,6234.731868155043,421160
2025-02-27,6169.10302734375,6265.9002570202465,6129.456477904209,6244.705560778983,397857
2025-02-28,6036.84814453125,6129.057250262549,5985.731523175903,6129.057250262549,845516
2025-03-03,6154.54150390625,6178.877907058175,5985.382779702358,6009.918857171232,373515
2025-03-04,6172.04541015625,6204.311317561263,6096.392710320739,6117.039033936698,445246
2025-03-05,6198.22705078125,6218.823212166801,6114.69500848266,6183.8646238955935,345922
2025-03-06,6257.77197265625,6275.625291133245,6200.87015106991,6238.721582332875,284475
2025-03-07,6199.9228515625,6298.316019985903,6181.171485889195,6275.874575676994,299433
2025-03-10,6133.595703125,6195.83320911127,6117.936367724691,6190.247685764061,266043
2025-03-11,6118.833984375,6139.679981720381,6024.280896238241,6114.046671182188,526709
2025-03-12,6127.76123046875,6141.924470558438,6047.969426043521,6118.136441462062,250139
2025-03-13,6089.759765625,6183.864314326566,6066.271250009453,6139.081265323298,247628
2025-03-17,6140.62744140625,6188.053986440044,5986.380009896248,5986.380009896248,287639
2025-03-18,6140.62744140625,6140.62744140625,6140.62744140625,6140.62744140625,0
2025-03-19,6410.822265625,6418.153234834269,6210.894223988234,6258.918817404511,579880
2025-03-20,6457.50048828125,6467.773487546892,6347.188229313708,6448.174724417698,457285
2025-03-21,6594.34326171875,6616.834867602567,6453.211515139204,6477.099380124182,496635
2025-03-24,6598.58251953125,6682.513913010905,6583.272856740102,6632.095174628822,389998
2025-03-25,6627.4072265625,6649.798507770052,6544.97193527686,6579.3324732484025,223668
2025-03-26,6502.83251953125,6662.615805969646,6474.157339228611,6636.48379468094,281646
2025-03-27,6475.154296875,6542.877977275219,6413.515325686059,6483.133476938838,728926
2025-03-28,6598.9814453125,6632.443936182036,6416.208355902318,6475.154157748995,413873
2025-04-01,6615.0390625,6644.562125090072,6528.614668904192,6581.825921467723,319668
2025-04-02,6714.62939453125,6728.842308720632,6615.0391580547775,6615.0391580547775,292940
2025-04-03,6653.98779296875,6757.318269568567,6642.716909209037,6657.677871448089,312519
2025-04-04,6697.0751953125,6717.472169011471,6564.870351363548,6654.636126450561,279891
2025-04-07,6665.90673828125,6708.196783293852,6473.957875239059,6547.914804917633,744140
2025-04-08,6738.0185546875,6772.3289308082,6698.77086620627,6707.498094209889,578124
2025-04-09,6816.314453125,6833.619397408445,6647.654435974469,6647.654435974469,680834
2025-04-11,6763.302734375,6853.0685088699265,6747.892748282507,6804.944079765703,651996
2025-04-15,6887.02978515625,6946.873635570352,6817.211959673131,6946.873635570352,778401
2025-04-16,6987.2685546875,7016.193083712686,6847.134198548239,6852.121186311201,621996
2025-04-17,7055.09130859375,7073.543162585265,6981.782591384216,7019.683696880302,533349
2025-04-21,7123.91162109375,7170.290604696251,7039.6315326117865,7131.39210231996,244570
2025-04-22,7070.05224609375,7153.833636891786,7051.600392167992,7122.914314097273,305540
2025-04-23,7123.4130859375,7150.342818970307,7053.09656079628,7070.052318631751,287593
2025-04-24,7140.86767578125,7165.802614239876,7075.039438250478,7122.91452009104,277769
2025-04-25,6934.90478515625,7224.150058807237,6880.047922912097,7150.841342899142,550158
2025-04-28,7026.6650390625,7037.636411018452,6936.400569788524,6936.400569788524,379519
2025-04-29,6974.30224609375,7071.54850551372,6957.845186807293,7030.655206680707,174253
2025-04-30,6958.84228515625,7017.19003829967,6901.9906282472775,6973.803247500717,499567
2025-05-02,6909.9697265625,7079.527297797435,6899.995751783975,6903.985341695385,207912
2025-05-05,6955.85009765625,7012.701754605835,6931.912557888004,6941.88653279144,259097
2025-05-06,6990.7587890625,7055.589623887591,6931.912338990494,6981.283513203448,292595
2025-05-07,6964.82666015625,7037.636676795431,6931.912543045387,6951.8604928095465,338311
2025-05-08,6833.6689453125,6960.837126079828,6788.287359234748,6931.9125986896115,383274
2025-05-09,6704.50634765625,6826.188849056735,6660.122156571647,6717.9712146145,428193
2025-05-12,6907.97509765625,6922.437361432747,6740.911016100168,6782.303012426003,237009
2025-05-13,6899.49755859375,6994.749024708055,6882.043101452385,6890.022281859866,323598
2025-05-14,6898.49951171875,6974.800417183434,6844.640049037797,6911.964377388988,324593
2025-05-15,7054.09375,7078.031289766702,6852.120758218452,6923.933377518558,656146
2025-05-16,6996.74365234375,7086.509429779379,6974.8009067483745,7061.574491602816,270772
2025-05-19,6956.34912109375,7042.62400803541,6947.37254326167,6966.821795231177,307173
2025-05-20,6894.01171875,6988.764483981662,6873.066370646159,6967.320437113444,365507
2025-05-21,6965.82421875,7024.67067191527,6910.4686568741945,6910.4686568741945,449740
2025-05-22,6936.40087890625,6982.779862423274,6897.003677854154,6965.824105008448,229993
2025-05-23,7046.11474609375,7069.553587700829,6911.964780300048,6969.31513742375,321466
2025-05-26,7078.03173828125,7101.470580788065,7061.574678648806,7076.535641951028,228090
2025-05-27,7055.09130859375,7105.95858175955,7011.205818019335,7099.97419668122,218088
2025-05-28,6938.39599609375,7082.519940812437,6914.458455102411,7081.522543271131,278102
2025-05-29,6904.98291015625,6962.831965304172,6868.577901313161,6947.372304014641,308885
2025-05-30,6862.59326171875,6974.800476593157,6835.663530148892,6931.912385574496,911209
2025-06-02,6897.50244140625,7071.548305917188,6865.585721266709,6925.928270280529,1217905
2025-06-03,6794.7705078125,6932.411363603785,6781.804340237958,6931.912664850917,489548
2025-06-04,6837.15966796875,6850.125835099836,6754.375677824124,6794.770275424815,629518
2025-06-05,6858.10498046875,6901.491770266654,6824.193466603721,6850.6244994691115,488647
2025-06-06,6924.43212890625,6936.899597629524,6790.282165443824,6849.128617817677,269399
2025-06-09,6913.95947265625,6958.3436614233015,6868.079187638623,6958.3436614233015,239444
2025-06-10,6900.49462890625,6974.30204417532,6893.014147628979,6933.40874652624,559472
2025-06-11,6909.4716796875,6928.920932340536,6845.139536296689,6899.996402753969,526939
2025-06-12,6978.29150390625,7036.639256779617,6911.964571152764,6913.959366122794,552007
2025-06-13,6976.296875,7019.184967876546,6904.982953123883,6960.837213614268,367775
2025-06-16,7095.48583984375,7119.4233799275635,6963.829369382775,6992.255198232304,589027
2025-06-17,6988.265625,7115.932505753586,6981.283842458788,7101.470241918219,264117
2025-06-18,6915.45556640625,7011.704425158424,6898.998507655878,6988.265583907894,394355
2025-06-19,6991.2578125,7016.691448881875,6894.011555745774,6918.946493375062,462080
2025-06-20,7045.1171875,7058.582053647271,6956.348810677249,6986.769434195158,378436
2025-06-23,6989.2626953125,7031.153388598711,6977.293925802154,6981.7822143685335,137379
2025-06-24,6987.7666015625,7057.584423730553,6975.299133318205,7016.192429159492,238243
2025-06-25,7023.67333984375,7042.623892734553,6976.7956563770285,6976.7956563770285,378904
2025-06-26,7083.0185546875,7103.9639028038755,7002.229354810053,7036.140870807994,426516
2025-06-27,7289.4794921875,7304.939153147875,7098.976573256417,7111.44404177285,523582
2025-06-30,7223.15283203125,7317.406897569354,7184.753027552763,7317.406897569354,353888
2025-07-01,7476.49169921875,7564.761378431778,7385.229827490026,7455.5463516088785,1872535
2025-07-02,7421.634765625,7512.397937735183,7397.198526979951,7450.559293000772,910865
2025-07-03,7545.3125,7580.720113185724,7420.637805684071,7454.549322538004,894597
2025-07-04,7533.84228515625,7573.239487812459,7505.416455391644,7573.239487812459,349076
2025-07-07,7596.17919921875,7605.654475268196,7515.888702168184,7542.818434098188,449086
2025-07-08,7545.3125,7615.13032881692,7534.341126900198,7585.208402181097,481581
2025-07-09,7449.56201171875,7548.803064090689,7429.115362737596,7525.3642225757085,266815
2025-07-10,7339.84814453125,7435.598303775033,7328.8767721179,7435.598303775033,384661
2025-07-11,7170.78955078125,7364.78337060557,7140.368926078721,7335.8588421998875,578061
2025-07-14,7201.2099609375,7237.614969742793,7154.3322783663,7181.262010907202,670246
2025-07-15,7341.34423828125,7354.809104420343,7208.690371873885,7241.6044891027805,517978
2025-07-16,7333.365234375,7390.715591529242,7290.975839956648,7355.307979720971,527782
2025-07-17,7331.37060546875,7389.219662691686,7312.420052240547,7341.843279621178,378666
2025-07-18,7284.49267578125,7365.281873664221,7236.11889680194,7365.281873664221,192649
2025-07-21,7235.62060546875,7303.443639609198,7227.142726201195,7284.493085952308,217270
2025-07-22,7227.64111328125,7272.524001585625,7197.7191877449995,7251.079954951313,300768
2025-07-23,7354.31005859375,7370.76711643152,7225.1470895033735,7232.128871616366,508883
2025-07-24,7344.3369140625,7466.019416067745,7330.373348258619,7353.81219085799,454916
2025-07-25,7449.0634765625,7464.024439560216,7324.388784914871,7345.832831878263,434232
2025-07-28,7337.35498046875,7482.47632209292,7303.942162981399,7460.533576280331,240740
2025-07-29,7436.595703125,7449.561870525835,7291.474367984886,7337.354652633994,336770
2025-07-30,7430.611328125,7455.047566720847,7380.741453439597,7440.58530306208,266922
2025-07-31,7478.486328125,7505.416060168128,7335.858488044729,7358.798630155542,342605
2025-08-01,7332.36767578125,7518.382308377754,7312.419725904949,7518.382308377754,215243
2025-08-04,7288.98095703125,7368.772757327159,7276.014789483164,7367.775359823459,260996
2025-08-05,7255.06982421875,7322.892858044276,7216.670018302828,7292.9709313565445,282791
2025-08-06,7170.78955078125,7260.056629826374,7145.854612500489,7251.0800520453,296623
2025-08-07,7151.34033203125,7178.768764267074,7035.14351910494,7145.355946816161,407857
2025-08-08,7066.0625,7179.765813571882,7047.610646481756,7151.339985178912,327102
2025-08-11,7240.1083984375,7300.949645483193,7002.229096463765,7082.5195946142285,498598
2025-08-12,7217.6669921875,7266.040770826496,7186.248971009595,7240.1084358860035,342006
2025-08-13,7788.17822265625,7819.596243276558,7369.769979792154,7383.733544512291,2291645
2025-08-14,7801.14453125,7839.045636177124,7728.8332126390405,7809.622409983699,673142
2025-08-18,7802.14208984375,7896.894854117979,7785.685030785595,7829.570521607343,633876
2025-08-19,7813.12744140625,7854.07308275573,7789.658598193743,7820.118160661039,384598
2025-08-20,7872.54833984375,7907.501935162097,7802.141812131079,7819.618609790253,452843
2025-08-21,7915.99072265625,7936.463542919223,7842.5881719573,7882.535138324076,482016
2025-08-22,7911.99609375,7969.419858393815,7841.589564925845,7884.532554137741,843648
2025-08-25,7840.5908203125,7939.459562028324,7828.107393328179,7915.491382218428,402979
2025-08-26,7783.1669921875,7823.613295284131,7710.263779198511,7817.121913305659,671659
2025-08-28,7717.75390625,7817.621322221144,7704.271805093896,7744.718108562209,418353
2025-08-29,7599.91015625,7733.732490144546,7575.941977045007,7659.830604262484,481590
2025-09-01,7661.32861328125,7674.311377013591,7585.429379153716,7585.429379153716,255894
2025-09-02,7671.81494140625,7688.792402224254,7621.381896035121,7621.381896035121,195907
2025-09-03,7725.7431640625,7765.190792679417,7645.849232686466,7674.810782810278,321268
2025-09-04,7889.52587890625,7908.001350901157,7740.723428785107,7779.671721098694,386286
2025-09-05,7794.15234375,7904.505836476552,7785.164276469104,7889.525724341726,228324
2025-09-08,7776.17626953125,7839.09274098575,7730.237258627964,7824.11262873468,314960
2025-09-09,7815.12451171875,7837.594679952559,7744.717984586148,7744.717984586148,303494
2025-09-10,7918.4873046875,7928.474046148828,7794.651710567025,7794.651710567025,337313
2025-09-11,7869.05322265625,7930.971021984214,7849.579076093423,7865.058525925414,161041
2025-09-12,7864.0595703125,7904.50587326477,7831.103323462501,7864.558907385985,117761
2025-09-15,7806.13671875,7945.4517666954525,7785.663898084181,7889.526012681507,214626
2025-09-16,7842.0888671875,7851.576271738698,7795.151181513153,7795.151181513153,194911
2025-09-17,7877.54150390625,7900.511008798471,7849.578628385284,7858.566695517024,249447
2025-09-18,7840.09130859375,7875.544240439502,7810.630421566998,7864.558824938002,264065
2025-09-19,7796.14990234375,7866.05709419209,7788.160508989655,7840.091565791278,207129
2025-09-22,7728.7392578125,7786.163021518951,7601.408303506893,7601.408303506893,302818
2025-09-23,7673.81201171875,7738.72583014167,7654.337866191874,7714.7576510316685,443181
2025-09-24,7633.36572265625,7719.751035014432,7624.377655474474,7687.793462812561,201984
2025-09-25,7613.8916015625,7693.785532323911,7604.903534351841,7638.858454925441,374239
2025-09-26,7500.04296875,7620.3832054656295,7481.0681596413115,7539.989935294608,207170
2025-09-29,7434.13037109375,7584.930167713195,7416.154236397392,7539.989830972301,388214
2025-09-30,7399.1767578125,7468.085273980547,7390.188690486233,7434.1303529702045,369272
2025-10-01,7431.13427734375,7472.079917092587,7349.242997846077,7399.67604192696,220764
2025-10-03,7439.623046875,7474.077304894624,7394.183373254917,7431.134316638281,478143
2025-10-06,7651.84130859375,7719.751150538983,7539.989804213366,7539.989804213366,423558
2025-10-07,7689.791015625,7696.282397651177,7623.379184126421,7664.324824599229,210121
2025-10-08,7651.84130859375,7751.7087232190925,7633.3658368880615,7687.294240785746,188810
2025-10-09,7684.7978515625,7739.724931723116,7609.8972877071155,7679.804480638808,295802
2025-10-10,7670.81640625,7728.739508914041,7649.844248388882,7684.298507732147,273853
2025-10-13,7660.82958984375,7733.732804556121,7632.866712967772,7698.779208461148,191488
2025-10-14,7748.712890625,7838.094228904539,7664.8242602844275,7838.094228904539,413862
2025-10-15,7815.6240234375,7839.592203422486,7730.237382240988,7789.658495120432,212807
2025-10-16,7823.11376953125,7859.565375146606,7797.148242243599,7803.639624065512,178563
2025-10-17,7891.02392578125,8019.353556163189,7830.104801631069,7839.592206211834,610960
2025-10-20,7999.3798828125,8054.306960659527,7910.997221185919,7939.459434252107,498555
2025-10-21,8001.37744140625,8047.815790261142,7981.903295112264,8027.342969798233,31082
2025-10-23,7957.93505859375,8088.761373794325,7909.499361744682,7939.459586599775,456860
2025-10-24,7827.10888671875,7971.4173057466105,7814.126122377143,7964.426586485745,287555
2025-10-27,7835.09814453125,7892.52190889433,7823.613391658633,7827.10875122856,266541
2025-10-28,7870.0517578125,7890.524578196379,7818.120701229002,7853.57363408889,348079
2025-10-29,7848.0810546875,7894.519404123521,7835.597627419753,7880.038628492934,199897
2025-10-30,7779.671875,7827.108898628049,7754.705020458922,7756.702368822208,209452
2025-10-31,7670.81640625,7822.614882197142,7640.856180734117,7822.614882197142,347031
2025-11-03,7814.1259765625,7834.598796873003,7651.342088239963,7664.824189420051,332284
2025-11-04,7800.14453125,7873.047744972713,7770.184306432447,7814.125969498192,384562
2025-11-06,7771.68212890625,7840.091307244734,7689.790849727336,7722.247759158003,425649
2025-11-07,7631.86767578125,7880.537533314557,7615.389552691694,7778.672772397299,486385
2025-11-10,7519.51708984375,7642.354011558443,7505.03631451966,7621.38185419252,377719
2025-11-11,7491.0546875,7558.964528687842,7431.134239393081,7491.554024567558,306736
2025-11-12,7488.05859375,7529.004232899606,7448.111628725993,7510.029424513204,420561
2025-11-13,7430.63525390625,7499.044435398431,7415.155804079552,7470.082884109771,448567
2025-11-14,7410.66162109375,7457.099969639112,7365.221946710654,7430.135767257934,218565
2025-11-17,7477.57275390625,7494.550214582899,7415.15561906563,7465.089326938126,248470
2025-11-18,7375.7080078125,7464.090670962105,7363.224580813969,7440.122491124924,285148
2025-11-19,7449.1103515625,7472.079856601505,7322.278736781907,7409.163386277273,454714
2025-11-20,7413.158203125,7481.068045212094,7405.168809938283,7471.081303728698,228411
2025-11-21,7381.20068359375,7425.142346437496,7371.713279116123,7415.654941959869,138622
2025-11-24,7344.7490234375,7411.160854297327,7322.278855101469,7389.1900230354295,751685
2025-11-25,7320.78076171875,7399.676018546495,7304.801975525789,7399.176681477964,237415
2025-11-26,7383.1982421875,7392.186309843349,7298.810273640923,7331.766521712368,272489
2025-11-27,7312.79150390625,7386.194054338084,7300.30807696206,7380.202009404874,243681
2025-11-28,7325.7744140625,7349.243257185732,7290.321480833788,7320.2817060974885,299937
2025-12-01,7277.837890625,7371.713261015223,7272.345182783019,7365.221879020154,227568
2025-12-02,7232.3984375,7289.322865964167,7220.414347297017,7277.838112852975,329723
2025-12-03,7174.47509765625,7247.3783106474675,7141.019513612335,7190.453884065284,329160
2025-12-04,7191.45263671875,7217.917501997606,7148.5096477757,7174.475175973823,306183
2025-12-05,7179.9677734375,7209.927997820715,7137.524122227946,7191.452526117732,260117
2025-12-08,7086.591796875,7209.428717818577,7072.61035871882,7147.510920269782,287363
2025-12-09,7081.5986328125,7171.978646388798,7049.641058951267,7090.586700460971,560843
2025-12-10,7009.1943359375,7106.5650629808715,6996.2115723317165,7091.584951128046,266098
2025-12-11,7000.20654296875,7056.13229607614,6963.754936032683,7018.682014977441,350620
2025-12-12,7091.5849609375,7120.546510559692,6986.724177822665,7005.698986195826,306662
2025-12-15,7077.1044921875,7088.589245120564,7006.198626252933,7065.619739254436,205982
2025-12-16,7042.15087890625,7138.522935889084,7015.686013517182,7100.5733175953255,385236
2025-12-17,6912.3232421875,7099.574648372598,6902.336500524295,7099.574648372598,358023
2025-12-18,6909.3271484375,6940.286047274179,6871.876867586679,6912.323170905565,384579
2025-12-19,7003.20263671875,7014.687389705882,6892.849140625,6909.8266015624995,235742
2025-12-22,7044.6474609375,7094.5811684859655,7003.701820747759,7004.700494898728,358776
2025-12-23,7064.12158203125,7088.589098643926,7006.6978185525195,7060.126885441426,286197
2025-12-24,7162.4912109375,7199.941492645553,7035.16025313012,7060.626444691596,351381
2025-12-26,7146.51220703125,7192.451217864598,7122.044690391749,7172.477734893577,228172
2025-12-29,7075.10693359375,7170.480313812284,7060.626158586748,7158.496224151317,234376
2025-12-30,6980.732421875,7055.632984341471,6927.802691065362,7045.646242679274,433130
2025-12-31,7033.16259765625,7044.148013144247,6945.778610819911,6980.732205554446,226286
2026-01-01,7102.0712890625,7115.553390222923,7014.187962979747,7053.635592300983,81987
2026-01-02,7120.04736328125,7141.518857538989,7066.118959099023,7120.546700357012,353245
2026-01-05,7073.60888671875,7125.040604587734,7054.134741117872,7120.047233920843,349588
2026-01-06,7338.2578125,7350.2419025585195,7030.666167664671,7030.666167664671,581189
2026-01-07,7437.6259765625,7478.072280966768,7305.301647338662,7339.256569554591,567878
2026-01-08,7354.73583984375,7433.131761281422,7315.288210585304,7415.155626429472,778407
2026-01-09,7246.87890625,7350.74101694386,7215.420670799455,7338.257590177771,312461
2026-01-12,7258.86328125,7279.835439041325,7101.5720978150575,7193.450122424675,333583
2026-01-13,7301.80615234375,7311.792893986838,7230.400949595672,7289.3227252898905,275363
2026-01-14,7262.85791015625,7315.78764123061,7232.89768501982,7248.377134673642,383251
2026-01-15,7262.85791015625,7262.85791015625,7262.85791015625,7262.85791015625,0
2026-01-16,7225.90673828125,7289.322546156429,6940.785271377885,6940.785271377885,501597
2026-01-19,7123.54296875,7250.374590372214,7094.581417355951,7244.382545256204,364331
2026-01-20,6903.3349609375,7119.54791125113,6875.87142221406,7119.54791125113,499367
2026-01-21,6817.44921875,6902.336523165696,6729.066554740717,6870.878286823409,620592
2026-01-22,6787.98828125,6905.332495321925,6771.510157571815,6869.380225478612,714732
2026-01-23,6793.98046875,6826.936716797736,6687.621668232306,6800.971188032853,458099
2026-01-27,6784.49267578125,6832.928370897963,6699.605375061237,6792.981405853251,515312
2026-01-28,6868.38134765625,6880.864774315021,6775.504653314987,6789.486091172812,399249
2026-01-29,6791.98291015625,6889.8529770868945,6747.042573300342,6889.8529770868945,517720
2026-01-30,6951.271484375,6965.252922602318,6758.0280345902775,6778.001517772161,489138
2026-02-02,6924.30712890625,6940.78525216679,6821.9430298635025,6905.831657371706,343776
2026-02-03,7079.1015625,7154.002122165303,6993.215587417119,7060.6260911158915,438009
2026-02-04,7106.5654296875,7150.507093389896,7040.6529341339065,7070.61315938554,216137
2026-02-05,7112.55712890625,7123.542544297708,7033.661872913046,7106.5650841472725,234707
2026-02-06,7143.01708984375,7166.985270222114,6984.727231928303,7070.613211617441,668962
2026-02-09,7201.439453125,7270.347970981833,7154.002429962687,7189.455363062942,412161
2026-02-10,7209.4287109375,7270.847171350667,7175.473789733472,7240.387609682349,277132
2026-02-11,7497.046875,7629.870537498335,7395.182111279472,7395.182111279472,1496488
2026-02-12,7529.00439453125,7569.450697486352,7400.175429563146,7502.040192561181,434146
2026-02-13,7532.5,7587.9264169705,7475.076234670202,7508.032482598607,431623
2026-02-16,7618.0,7631.0,7478.0,7526.5,494924
2026-02-17,7601.5,7615.0,7554.5,7590.0,525344
2026-02-18,7647.5,7670.0,7590.0,7590.0,385965
2026-02-19,7592.5,7649.0,7551.5,7610.0,186713
2026-02-20,7615.5,7635.0,7540.0,7540.0,256304
2026-02-23,7693.0,7710.0,7615.5,7680.0,399710
2026-02-24,7720.5,7729.5,7658.0,7658.0,377143
2026-02-25,7783.0,7800.0,7714.0,7770.5,383833
2026-02-26,7775.0,7831.0,7729.0,7800.0,361759
2026-02-27,7821.5,7870.5,7731.5,7735.5,698131
2026-03-02,7791.5,7819.0,7605.0,7621.0,533503
2026-03-04,7666.0,7715.0,7476.0,7620.0,625428
2026-03-05,7775.0,7796.5,7635.0,7700.0,446578
2026-03-06,7724.5,7781.0,7669.0,7770.0,225749
2026-03-09,7779.0,7809.0,7556.0,7588.0,358612
2026-03-10,7803.0,7870.0,7770.0,7865.0,381453
2026-03-11,7684.0,7798.5,7659.0,7770.5,331690
2026-03-12,7574.5,7662.5,7542.5,7590.0,550020
2026-03-13,7550.0,7616.0,7485.5,7556.0,394082
2026-03-16,7490.0,7750.0,7410.0,7565.0,481339
2026-03-17,7500.0,7574.5,7470.0,7490.0,343558
2026-03-18,7471.0,7605.0,7455.5,7511.5,497712
2026-03-19,7252.0,7407.0,7229.0,7407.0,264884
2026-03-20,7364.5,7447.5,7202.5,7231.5,696450
