Date,Close,High,Low,Open,Volume
2015-01-01,208.6788787841797,211.55226508795218,208.00543143823074,209.4870238201112,196868
2015-01-02,210.74412536621094,211.82163840663588,208.14013437674055,210.07067800328016,529083
2015-01-05,207.8258514404297,212.76446538725975,207.51158422824253,211.8665355787452,446506
2015-01-06,201.4505615234375,207.3319909104124,199.78938586827368,206.52385954922673,1014678
2015-01-07,204.50352478027344,210.11558638236656,201.45056874926368,202.88724829860618,994200
2015-01-08,206.52383422851562,208.3196936565897,204.77287402640746,205.71570296641036,481222
2015-01-09,206.0299835205078,208.31970718020966,204.3688216624927,207.55646139320206,491481
2015-01-12,210.78903198242188,211.6869618311223,205.3116544248205,206.34428197161927,788529
2015-01-13,211.6869354248047,215.50313680573967,210.42983927396605,211.86651863187873,767947
2015-01-14,225.42529296875,228.97211315779253,211.91144590289818,211.91144590289818,3159750
2015-01-15,224.3926544189453,231.57609291112536,220.2172862758943,228.97210193823872,2159249
2015-01-16,225.7395782470703,227.49055256639795,222.41724025626053,226.77220588427934,1310592
2015-01-19,231.486328125,235.52701286467132,226.00896369868414,226.3232446589658,1523471
2015-01-20,228.20884704589844,231.6209966356262,223.04575083489328,231.35160126129287,1163764
2015-01-21,224.66204833984375,230.49860613397465,223.6294344808758,230.49860613397465,1098590
2015-01-22,224.66204833984375,228.07418454975016,223.18046955065975,227.08645622274594,1351354
2015-01-23,224.12330627441406,227.31094642640988,221.20503412866037,225.87426682160174,1352803
2015-01-27,223.3600311279297,225.69465401924248,222.5070005834842,224.93140823134226,1761657
2015-01-28,226.0538330078125,227.40072774271508,222.05804803453262,222.05804803453262,972156
2015-01-29,232.0250701904297,233.3719649795413,224.75184655002045,225.60487717619333,2990179
2015-01-30,230.09451293945312,235.7065742306593,225.38038145483995,232.9678992816079,2151258
2015-02-02,234.94332885742188,236.6943029446362,229.60064923838635,230.85775919077923,1392155
2015-02-03,238.7146453857422,240.28602255269394,235.12292614699533,236.15553994760643,2296886
2015-02-04,240.33094787597656,242.44108875866485,235.3474475681075,239.74729888356856,1171222
2015-02-05,240.55535888671875,243.33894641106323,237.77177136237427,240.60027181288015,1907513
2015-02-06,245.5388946533203,246.93067476823046,238.98399120879748,239.74723695679103,1281980
2015-02-09,234.4045867919922,245.13485993711078,232.5638414787974,242.48595580090793,1508962
2015-02-10,242.8900146484375,245.35932163654547,231.89037442868388,233.55155006484878,1260943
2015-02-11,244.23690795898438,248.63675854095217,239.83705737701658,243.96753997743977,1796398
2015-02-12,239.88197326660156,245.6287192889045,236.51473605791077,244.0573419248488,1152534
2015-02-13,244.4613800048828,245.44910823290567,238.22075713920185,241.40842426588281,866174
2015-02-16,239.61256408691406,244.68586179591568,237.59222210878264,242.66551981778426,907037
2015-02-18,241.363525390625,242.3512536761643,237.8167190324003,238.84933284801903,690544
2015-02-19,239.70237731933594,240.86967512870658,237.9514032026365,237.9514032026365,860826
2015-02-20,238.35552978515625,240.55544184655815,237.2331172836301,240.55544184655815,559541
2015-02-23,238.58001708984375,239.9269121187981,235.43726202228356,238.89427067448014,752319
2015-02-24,240.77989196777344,242.62066466432617,237.50245338458328,239.5676811486085,853844
2015-02-25,237.36778259277344,243.7879761149017,236.46985266233182,242.44108121923927,1097455
2015-02-26,236.55960083007812,239.65744198973903,233.41684674185805,237.7717840562788,1681355
2015-02-27,238.08607482910156,238.8493206198815,233.55154041748773,235.16780305461054,1535042
2015-03-02,235.79638671875,238.13100983530092,233.55156206872886,237.41264950570735,1233871
2015-03-03,237.09829711914062,240.55533151884512,235.30243794034723,236.64933232444227,680214
2015-03-04,237.1881866455078,241.90231880019908,235.48212525100607,238.26571352763887,1965940
2015-03-05,239.4779052734375,244.01244011769464,236.38003628696637,236.64940428464007,2185705
2015-03-09,246.3470458984375,248.68166885695607,238.84932659436404,238.84932659436404,2571153
2015-03-10,238.66973876953125,250.07345861538366,237.86160739995643,249.08573031806162,1742218
2015-03-11,240.1962127685547,243.33896695431147,233.46173951336155,238.66972120298752,2494857
2015-03-12,243.51849365234375,245.49392212935055,241.22875696421917,241.94711701255852,1102968
2015-03-13,244.64102172851562,247.96334604611113,242.44108242691632,242.44108242691632,1111320
2015-03-16,243.5634765625,246.4368630995948,242.08189776163496,245.13485383064514,518940
2015-03-17,254.38357543945312,255.012137443508,244.2369767064584,244.2369767064584,2206776
2015-03-18,255.1018829345703,257.70587409119975,251.9591283724825,256.7181457483003,2059236
2015-03-19,247.2898406982422,257.7058309851382,245.31441174551532,257.61603253214145,1142423
2015-03-20,238.84930419921875,247.24495251532082,237.68200653072978,247.24495251532082,1261421
2015-03-23,241.63291931152344,244.5960767475017,239.1186993815436,239.1186993815436,516056
2015-03-24,239.2982940673828,244.1920224868537,238.17588180627877,241.63291705100787,792812
2015-03-25,240.82473754882812,241.9022366624481,238.84928140323504,238.84928140323504,727019
2015-03-26,235.9310760498047,241.09417286155113,234.67397969790852,239.7472780410955,980013
2015-03-27,237.7718048095703,247.82862973071462,236.02085810631976,247.82862973071462,535684
2015-03-30,238.89418029785156,243.06957523012608,238.2207330381478,240.46555723716028,763718
2015-03-31,238.4452362060547,241.94718418334296,237.457535394657,239.6574468595282,664099
2015-04-01,239.34320068359375,241.09417492623916,237.63713937693532,239.29831515025228,642177
2015-04-06,245.08995056152344,245.94296743234085,239.7472572754149,239.7472572754149,966604
2015-04-07,246.3021240234375,247.46944916163156,243.42876521183126,246.12255451169813,799464
2015-04-08,255.3263702392578,257.25691402629076,246.75112333012743,247.51436921876245,1270528
2015-04-09,251.3305206298828,256.5834149197924,249.71425811112914,255.90996763653837,768529
2015-04-10,251.68971252441406,254.5630988516985,248.8163535997725,251.4203445448874,759749
2015-04-13,254.6529083251953,257.66097877233074,252.22848679403683,254.11414494019962,789775
2015-04-15,247.2449188232422,256.8078635046902,246.25719079077376,256.8078635046902,1225694
2015-04-16,247.96331787109375,249.8040904700975,244.2818000757301,246.93070404380296,964375
2015-04-17,245.08995056152344,248.6367568399298,242.89001158426865,247.28986213613533,721933
2015-04-20,241.45335388183594,246.03280202784714,238.89424808824316,245.62872259630467,999987
2015-04-21,241.1390380859375,243.83282749997952,239.29829294739932,241.58800298827785,837487
2015-04-22,238.1758270263672,246.03271104702964,233.59638057379658,243.3389222399454,989682
2015-04-23,243.38389587402344,244.46142274802105,237.90654523870123,238.6248782196018,973607
2015-04-24,242.5308837890625,247.1103319921892,240.5554269476675,244.3267436802771,1047375
2015-04-27,236.55960083007812,245.0450204266877,235.34739020123646,242.53082811716806,1036665
2015-04-28,232.65362548828125,236.91879220011768,228.07417785399122,235.39230052113973,1454703
2015-04-29,229.24148559570312,233.4617530059306,226.5925953691694,233.4617530059306,1525998
2015-04-30,226.18850708007812,234.49435758101345,224.9314108631677,229.24147656607948,1894843
2015-05-04,234.76376342773438,236.2453421566913,226.50279808651467,226.50279808651467,869369
2015-05-05,237.59222412109375,239.74725010215775,234.85352186373478,236.9187767893461,1529164
2015-05-06,236.24534606933594,243.69815277033499,234.53928485614094,242.44105647654098,2211439
2015-05-07,230.94757080078125,236.33514995722894,225.38039471139413,236.11066749237693,1294036
2015-05-08,234.22499084472656,236.42490238528518,231.8454823853849,234.3596748324926,1176148
2015-05-11,230.94757080078125,235.66170256267296,229.7353600100516,234.44949177194331,743636
2015-05-12,234.0453643798828,235.84122373043266,227.6700719062225,232.0250226105142,1377638
2015-05-13,234.71884155273438,236.91878049860966,229.1965788264742,233.6862277750829,973860
2015-05-14,236.9187774658203,239.02891792518307,233.9555927560847,235.0780049788689,901956
2015-05-15,237.81671142578125,239.74725500238807,236.2453342862525,237.861596954425,654285
2015-05-18,238.58001708984375,239.29835014422628,235.70663006701463,238.66978816965442,611396
2015-05-19,237.68202209472656,238.66972292382954,236.33512743397662,238.66972292382954,388069
2015-05-20,237.1432342529297,239.8370232961603,236.5595854407576,237.95136548537104,327602
2015-05-21,232.6087188720703,237.50244756171548,231.75570194812352,236.69431616963365,1200444
2015-05-22,238.1758270263672,238.75947578737475,231.35155656789303,233.46169661396974,1209831
2015-05-25,241.00436401367188,242.08189078468868,237.05347819101706,239.0738203346905,769674
2015-05-26,243.02474975585938,244.9104082421029,238.17593322169677,242.89006573598107,2286721
2015-05-27,241.8574676513672,243.24924828624074,238.490229919269,239.11876452100353,1071111
2015-05-28,243.9674835205078,245.2245794812143,238.9390722750451,242.88995703839552,1156685
2015-05-29,242.30636596679688,247.1551814854376,241.13904076615165,244.23690958778937,2726402
2015-06-01,244.8654327392578,246.43680966669402,239.97170506132946,242.44101166158637,830901
2015-06-02,239.52272033691406,245.6286306440544,238.53499229829634,244.86541240763935,783535
2015-06-03,234.8086395263672,240.8696655944474,230.85775394029525,240.8696655944474,528323
2015-06-04,229.6455535888672,235.25761501577009,227.1762465610299,233.731123346595,670834
2015-06-05,231.486328125,233.8209514551173,227.26607383848713,231.57612659974436,777601
2015-06-08,225.829345703125,233.19238105688845,224.48245099714214,232.47402077211183,651661
2015-06-09,227.8497314453125,228.9272446764147,223.44988004276024,225.3804240109298,626390
2015-06-10,227.53543090820312,229.78025565552684,225.60488710603389,229.37618994127317,880066
2015-06-11,225.7395782470703,231.21695628423592,225.20082851147387,228.79254822074356,856895
2015-06-12,226.27828979492188,227.8496668073866,224.482430352105,226.4578729989395,516031
2015-06-15,230.139404296875,232.15974641287323,226.1436329979314,227.58031250407035,543540
2015-06-16,230.36387634277344,231.57608703811454,227.04155256598366,229.8700259200179,507671
2015-06-17,238.35552978515625,247.78379479797604,230.7680103137798,230.81289585278125,3092463
2015-06-18,240.37583923339844,241.09417217453637,236.38004031637504,238.894233013003,1735985
2015-06-19,241.8125,244.41651851248727,239.52278982124832,240.77988614296777,1046888
2015-06-22,242.62063598632812,245.67359173853814,241.8573901976151,243.33896884473918,901263
2015-06-23,242.21653747558594,244.32667775895962,241.2288093213855,243.3389496047592,380642
2015-06-24,245.58380126953125,247.42454640574113,240.91455533004057,242.17167897711778,1726985
2015-06-25,248.50205993652344,252.09377895999623,245.40419131772157,246.0327531078859,2277126
2015-06-26,247.55929565429688,250.7020504472832,244.23694391208102,248.50211113113392,1399841
2015-06-29,248.4145965576172,250.57550097488803,241.7517964887861,246.07360532332777,1527665
2015-06-30,252.19619750976562,253.5017307499317,247.6943019007994,250.57549860410367,2917308
2015-07-01,254.35708618164062,256.06780091180934,253.4567071155109,253.63679391969225,1617534
2015-07-02,250.53050231933594,254.9423547263365,249.54007974370933,254.85231131448108,1481635
2015-07-03,257.103271484375,258.7689785122625,250.89066045357168,251.7910396602792,1458887
2015-07-06,257.8685607910156,259.62431097281836,234.09855877963784,254.7172340382128,704734
2015-07-07,259.6694030761719,262.41557662274755,257.5084980981009,258.4088774620803,761051
2015-07-08,258.0487060546875,263.6310410806968,256.1579040791864,258.4088522696889,970113
2015-07-09,258.4988708496094,262.41552582015044,255.3925516542925,258.0486812547746,885522
2015-07-10,254.1320343017578,257.9136380086314,253.09660369644982,257.01325879055605,1096786
2015-07-13,257.91363525390625,258.5438842133915,252.691419358411,253.54679059740374,724763
2015-07-14,266.6473083496094,267.5026796247231,259.3092229862752,259.399266406402,1508597
2015-07-15,263.0908203125,269.66357765846004,262.01035425246033,269.61856968820564,736368
2015-07-16,262.1904602050781,265.2517442952035,260.56976099685033,263.67608053790707,661066
2015-07-17,262.9556884765625,264.9815413229995,260.70474086941033,263.3158620756171,545409
2015-07-20,269.3934020996094,270.1136942934375,262.46047295512346,264.1711875235047,893701
2015-07-21,272.1396179199219,274.1654711550578,269.21338546917,270.11376468478596,1376048
2015-07-22,268.8532409667969,271.01414560236697,265.92700849766834,270.02372296349097,785059
2015-07-23,268.7181701660156,273.4451607361917,266.87237640932165,270.92408261232976,431071
2015-07-24,267.0074157714844,272.1845956867905,266.5122182488024,269.93364789752695,452880
2015-07-27,266.827392578125,270.38387408047384,264.21629828436915,265.61187511179565,889816
2015-07-28,265.1166687011719,271.3742877083208,263.45096167142975,267.0524785022698,985921
2015-07-29,261.65020751953125,271.1041893545366,260.38968210367585,267.1875342416986,2824890
2015-07-30,263.0908203125,266.42220695573445,262.1904410882647,265.34176837308814,1446644
2015-07-31,264.08123779296875,266.01707527057374,260.74985086822124,263.676083594262,988467
2015-08-03,261.9203186035156,265.56687105626673,259.7594138967339,265.56687105626673,1001944
2015-08-04,263.0908203125,264.93658673122496,261.38007780453836,262.5505872824802,1208518
2015-08-05,276.101318359375,278.0821638929089,263.7211024682801,265.16171490381413,1556315
2015-08-06,278.0821228027344,284.87997480568947,275.6060799903822,278.57732037424773,1922508
2015-08-07,278.30718994140625,281.6385761804654,272.6347850304839,277.1366806054747,836126
2015-08-10,274.9307861328125,282.62901707553584,274.1654583398338,279.837836142115,446877
2015-08-11,270.0237121582031,277.0916942578209,269.66356597958526,277.0916942578209,813838
2015-08-12,268.6731262207031,272.5447729563987,266.06203224574915,270.1137383205575,924412
2015-08-13,262.9107360839844,271.23924399075446,261.5601672342379,269.2133907161347,1239094
2015-08-14,265.34173583984375,268.2229325177004,262.0103221276768,264.5313726554751,380032
2015-08-17,272.7248840332031,274.16549640635105,264.2613241223778,267.7727978912165,806063
2015-08-18,272.9049072265625,278.1270949490357,271.4192872259787,276.82156175711197,699944
2015-08-19,267.81787109375,276.3714756356108,267.1425865246557,272.81496591408785,1308815
2015-08-20,267.99786376953125,273.89536402443923,265.65687235068964,270.0237169724416,742592
2015-08-21,268.8981628417969,271.19414560735044,264.21620887668286,265.6117852318626,1240658
2015-08-24,246.20872497558594,264.3513619624264,242.69722380354358,261.1099910606769,2071080
2015-08-25,246.16366577148438,253.1866399604886,231.12734974088147,250.66556173466952,3664616
2015-08-26,247.64935302734375,252.10624222914024,244.9932501760123,246.25377589167806,2052224
2015-08-27,256.1579284667969,259.08416139304325,250.75565229526512,253.36674694935928,2427487
2015-08-28,252.37632751464844,259.26425170694097,248.50470719781555,256.6081215629617,2725408
2015-08-31,245.8485565185547,254.5372387329077,244.1828767978797,252.55639328481368,1898280
2015-09-01,243.19239807128906,248.18949103737057,241.5266912567988,246.2536814864286,2407723
2015-09-02,252.24119567871094,255.7526686218529,245.26325775581262,245.7134472992254,2279831
2015-09-03,256.6981201171875,257.4184124994234,250.6205604058703,255.7076974835683,1573375
2015-09-04,257.7335510253906,260.4346886780585,252.1511888855865,253.1866469676903,2082650
2015-09-07,249.40496826171875,257.95856825625424,248.50458931492554,256.60799983606444,1669030
2015-09-08,247.15415954589844,252.1062465313354,244.9932543568242,248.99992643132848,1201253
2015-09-09,247.78436279296875,251.0707413239342,246.343750600967,248.2345523856323,1113157
2015-09-10,252.01614379882812,253.41174810736578,241.9769207675776,245.80353253785557,1373008
2015-09-11,253.72679138183594,255.97773888336886,252.5563096719934,254.80725717352632,690493
2015-09-14,253.63682556152344,255.7526946489774,252.24122134848417,254.8073075025572,419284
2015-09-15,254.177001953125,256.60803644726514,252.33123583981072,252.8714687804406,553832
2015-09-16,246.61383056640625,256.56303613091166,245.35330531896105,255.70766499297227,2462779
2015-09-18,247.82937622070312,250.75560863747802,242.7872471763202,248.00946305269252,3991475
2015-09-21,251.25083923339844,252.4213488403941,246.3437884067284,248.5046932876636,2478500
2015-09-22,250.2603759765625,252.96151321332027,246.34372148778596,252.19618550076112,2699724
2015-09-23,248.3695831298828,250.62053090615981,245.84850513401867,245.84850513401867,1033941
2015-09-24,247.46926879882812,249.45008687403214,246.16370775587785,248.9548892245804,2438025
2015-09-28,247.19912719726562,249.13496468493597,246.0286450917217,249.13496468493597,682398
2015-09-29,247.37916564941406,247.82935521383519,244.85811507961185,246.34373514672353,1076987
2015-09-30,248.5046844482422,250.30544303120044,247.42421830750905,250.30544303120044,2843891
2015-10-01,250.93580627441406,251.8361858771534,247.82948565400142,249.85533976016492,1383806
2015-10-05,247.69432067871094,258.1837327473352,247.28913905223075,253.41173403101794,2503267
2015-10-06,249.31497192382812,251.02568675011497,247.6042570975413,248.95482577261882,2333198
2015-10-07,251.74606323242188,254.17707090867992,246.79397697507858,249.6751743110951,2288521
2015-10-08,250.12535095214844,252.10619634294378,248.3245924068417,252.10619634294378,700744
2015-10-09,251.97113037109375,253.54679400708565,249.58513093207043,250.4855101526372,1003106
2015-10-12,251.20578002929688,255.3475295682688,250.39544429887408,252.19620257865398,886526
2015-10-13,244.00274658203125,251.83605607949556,243.55255701269172,251.83605607949556,2078106
2015-10-14,245.62339782714844,246.88395049947468,243.86767513764565,244.67801080029218,602902
2015-10-15,244.72303771972656,247.1990803391319,244.0027454032194,245.80350367187785,623919
2015-10-16,245.48841857910156,245.89360026814768,244.09284160998095,244.90317751067667,450580
2015-10-19,245.30831909179688,247.87437777821648,244.49795584619906,247.60427501461191,652060
2015-10-20,244.0477752685547,245.80352572900478,242.7872498628589,245.80352572900478,805956
2015-10-21,243.3274383544922,244.76805033051443,242.02187774054343,244.76805033051443,648268
2015-10-23,236.70965576171875,245.53338727409562,235.89932008134463,244.27283457419244,1925488
2015-10-26,240.13113403320312,242.20199511947624,237.70009929941162,237.70009929941162,990157
2015-10-27,244.00274658203125,244.2728493326787,238.6905151593028,240.31118661796887,2279056
2015-10-28,244.85813903808594,246.07362899904194,241.97691455291724,245.53342345079176,3333211
2015-10-29,245.30831909179688,247.33417225100732,244.00275828712665,246.07361941447385,1596428
2015-10-30,242.87730407714844,246.1186748911731,241.61677861541503,245.3533470288154,1920432
2015-11-02,243.86770629882812,244.18284450717775,238.73553398396848,242.87728370575445,1524569
2015-11-03,243.28245544433594,245.48836785838546,242.20198948171398,245.48836785838546,657613
2015-11-04,243.1473846435547,244.09279926150703,241.39166174288627,243.10237667586773,707656
2015-11-05,240.84078979492188,245.00180051053565,239.0768743768894,243.87109257722616,2012396
2015-11-06,242.10714721679688,242.83081676772022,238.39842013318062,238.39842013318062,894416
2015-11-09,241.2025909423828,243.5544687709547,235.2324480252916,235.2324480252916,2257719
2015-11-10,239.39346313476562,242.19762415488563,237.4486511322408,242.19762415488563,756444
2015-11-13,242.0166778564453,242.9212440642514,237.44862954909266,241.1573565221315,1156537
2015-11-16,236.00131225585938,242.42373769339738,235.27767034958856,242.37852042619394,2004956
2015-11-17,238.85069274902344,240.61460787135115,235.77517320704007,236.67973940204516,2120115
2015-11-18,243.37353515625,244.23288412393958,238.9864109885307,239.12209040312095,978997
2015-11-19,247.85118103027344,248.303464207336,244.41383992666786,244.41383992666786,1217423
2015-11-20,249.56976318359375,251.4693573754484,248.1676968733864,248.75565927427448,1678426
2015-11-23,248.5747528076172,252.2834793322302,247.44404518457458,248.07725249554505,646537
2015-11-24,248.93666076660156,251.42421813121808,247.89638742089613,248.71051918800006,568036
2015-11-26,253.0976104736328,253.9569594014759,248.66524163645752,249.56980783201044,646172
2015-11-27,249.38893127441406,254.49972517054601,248.66526169649097,254.1831214555279,811983
2015-11-30,246.53948974609375,250.97188590420333,245.6801684785257,249.93161276189122,2118028
2015-12-01,251.92173767089844,252.96198349033568,247.98686838372907,248.80097260741147,872615
2015-12-02,256.8063049316406,257.3490501013938,250.51958723040042,253.1880406068407,800977
2015-12-03,250.42921447753906,256.76117930576925,249.84125183595287,256.67071714433075,884186
2015-12-04,245.77064514160156,247.2179289630945,242.6498807405224,244.09719216718474,1506058
2015-12-07,249.8863525390625,252.23822961340394,245.13738113334276,247.80586182243144,855569
2015-12-08,248.84616088867188,251.92168037036424,246.08721748488966,249.02705756102498,1208271
2015-12-09,244.14239501953125,249.47932971038853,243.14736674712822,248.57476357277991,992370
2015-12-10,243.73538208007812,246.76565687097346,240.65983480934213,246.2229392162983,1073991
2015-12-11,242.4237823486328,245.58976458079778,241.0669328205621,245.58976458079778,839877
2015-12-14,240.52415466308594,242.37853199481347,236.90588974869524,239.71005057838212,1235627
2015-12-15,246.53948974609375,247.3083764840414,239.9813852488853,240.3884510528481,616027
2015-12-16,243.9615478515625,247.26320940266226,240.16235826073577,247.26320940266226,1058453
2015-12-17,249.2080535888672,249.66033680772176,242.1976636966214,245.13750461917607,889839
2015-12-18,247.85118103027344,251.83126746738895,246.72047308761708,248.75574738439852,1234650
2015-12-21,250.97186279296875,252.3739291349859,246.49424978237872,249.2079479451205,965806
2015-12-22,251.5598907470703,252.60013645944085,249.02708857219807,251.92171174200277,717391
2015-12-23,252.78109741210938,253.2785979016313,249.8412565436083,252.28356931741104,761905
2015-12-24,250.29351806640625,252.37400961254036,249.2080274130999,252.37400961254036,263389
2015-12-28,250.7457733154297,251.92169838791892,249.3889239524786,251.28849097647335,608324
2015-12-29,250.83621215820312,251.83124056246965,250.11257019428461,251.37895743372772,275161
2015-12-30,248.75570678710938,251.10758444503966,247.94160272229462,249.66027299360795,367883
2015-12-31,250.51959228515625,251.01709259778792,247.21790393802505,247.21790393802505,717614
2016-01-01,250.0221710205078,252.28358723379964,249.43420832608763,250.0674159078807,124367
2016-01-04,250.47442626953125,254.18315396586902,249.20803885265806,249.8864636408232,554107
2016-01-05,249.61509704589844,252.82629656847297,247.76071945250624,250.47441852121972,629235
2016-01-06,249.56976318359375,254.0925933522169,248.1224520086014,249.93158407605068,750275
2016-01-07,242.1524200439453,248.7557432779822,240.56942895035817,248.7557432779822,910959
2016-01-08,243.37353515625,245.95155445414795,242.42375164894744,243.10217632706951,579211
2016-01-11,237.9913330078125,242.01663536267685,236.6797011947247,241.51913507780358,1259036
2016-01-12,230.57391357421875,238.80547132658563,229.03615382998115,238.80547132658563,1520863
2016-01-13,232.3378448486328,233.28762836095018,225.23699432576234,231.43327860636066,1266564
2016-01-14,235.00631713867188,236.8154497651595,228.1316214395709,231.38806568828323,1136944
2016-01-15,226.41293334960938,236.3631482185381,225.68927759480033,233.92083592590538,390418
2016-01-18,223.69923400878906,227.95069257810164,221.6187288953766,225.6892769771284,813644
2016-01-19,225.73451232910156,229.7598294146281,222.9755824830938,223.69923824964127,852044
2016-01-20,225.46310424804688,227.8601989326597,223.78965141363778,224.33239660387412,948030
2016-01-21,217.4577178955078,227.49840864916933,216.14609961212312,225.68927617482206,1598807
2016-01-22,217.95526123046875,221.70921989825305,216.19135959263625,218.27186497684852,1104880
2016-01-25,214.6083221435547,219.31206343001983,213.79421811799534,218.9050114172402,1288751
2016-01-27,214.2465057373047,215.0153787104883,209.40707114235468,213.4776189615365,2994537
2016-01-28,220.2618865966797,221.618736000766,213.47763957624807,213.47763957624807,2276163
2016-01-29,226.7295379638672,228.5386705669783,219.94529070220048,222.34239968287454,1975624
2016-02-01,227.09133911132812,228.4029572936859,224.37764060882887,226.95564590465256,1161891
2016-02-02,218.13612365722656,228.31249294296336,216.64359501635218,227.00087477331857,1141536
2016-02-03,220.2166290283203,224.10626627925407,215.69379822550994,217.4124822121284,1841938
2016-02-04,223.65399169921875,224.69423730236724,221.52825562007294,222.07100085807159,933205
2016-02-05,227.31748962402344,227.95068320574464,222.61374812791394,222.70419646668273,570371
2016-02-08,227.00088500976562,229.08139002918534,225.55358737207982,226.32246036012342,1355234
2016-02-09,225.46310424804688,227.4531469412742,224.06102400875594,226.1415288345505,562650
2016-02-10,219.71910095214844,225.68924275446216,217.63860995679926,225.23695970285002,2019507
2016-02-11,216.32699584960938,222.43281754834172,214.38218408882472,220.26186424315958,814826
2016-02-12,224.15150451660156,225.5535848708309,215.28675309906433,218.27182428490443,1768414
2016-02-15,225.14654541015625,227.67933379786245,218.09093934791315,224.15153076674093,587206
2016-02-16,221.7091827392578,228.31250500479098,218.9502530488527,223.5635324205573,903440
2016-02-17,218.40748596191406,220.62367018574173,216.19130173808637,220.12616986397617,708900
2016-02-18,220.48800659179688,222.02576633879198,219.08592625090137,220.62368599789647,625392
2016-02-19,221.07601928710938,221.7996751566552,217.81958857803465,220.6689671737985,641453
2016-02-22,224.8751678466797,225.87018240727747,219.8548225644115,221.07597868004314,704507
2016-02-23,216.100830078125,226.95562299227277,214.4726221830692,226.14151904474485,938836
2016-02-24,213.79421997070312,217.8195366698902,211.8946254911574,217.05064990374447,793064
2016-02-25,215.82948303222656,218.63362973929623,211.21619027185073,214.7892237065109,1273986
2016-02-26,218.27183532714844,219.53822253546898,215.28676399029536,218.1361421103092,649723
2016-02-29,214.51788330078125,219.6286909575942,212.5730713604329,219.6286909575942,1241678
2016-03-01,218.85980224609375,220.17142055298552,214.38220205235288,214.51788146932643,1854784
2016-03-02,220.30709838867188,223.24693850688786,218.99548017336937,219.80958422353376,2676742
2016-03-03,221.7091827392578,223.11124931729694,218.090917913175,221.3925790459416,2382139
2016-03-04,225.73451232910156,228.85526315709018,219.4025485263362,219.4025485263362,863628
2016-03-08,224.8751678466797,227.31749388052808,222.47805908176994,224.33242259356442,814441
2016-03-09,222.3876190185547,223.42786468939414,218.36228814706186,223.24695419915062,1948003
2016-03-10,222.4780731201172,224.24197460016612,220.80463378882402,222.52330419449507,823429
2016-03-11,226.0059051513672,227.04615091940536,220.80464870600233,222.52331922778376,781595
2016-03-14,227.09133911132812,230.21208962868536,225.68925879118663,228.2220468207028,1255475
2016-03-15,223.78965759277344,229.48842703727155,222.38759111735308,229.48842703727155,1913003
2016-03-16,223.65399169921875,225.96063825683584,220.84983097386703,222.3423734770709,2569912
2016-03-17,224.2871856689453,226.1415491323475,222.79465696570574,224.15150626049981,1021608
2016-03-18,225.77972412109375,226.95564911340142,222.16145939993893,225.2369788918867,1033786
2016-03-21,228.94569396972656,229.66933583464865,226.14153343411007,227.0460995678465,612911
2016-03-22,225.824951171875,231.38804170322135,224.01581873291718,228.13159779206325,1496853
2016-03-23,225.19178771972656,226.63909938564342,223.6087966237618,223.6087966237618,519794
2016-03-28,220.30709838867188,226.09631648504794,218.90501803331347,226.09631648504794,1264277
2016-03-29,221.7091827392578,222.3423763233053,219.58344663290018,220.30710235863373,614581
2016-03-30,223.2017059326172,225.73449400868154,222.34237081821624,222.38760188793935,2079588
2016-03-31,226.0510711669922,227.7697551016327,222.88508970077334,223.47306596890715,2028211
2016-04-01,226.59385681152344,227.36274368301622,223.699247429139,224.3776721501316,682598
2016-04-04,225.73451232910156,228.6291215927057,223.8801487406317,226.5938475132454,343178
2016-04-05,222.52330017089844,226.18679628788772,221.5735028364811,225.23699895347036,628025
2016-04-06,224.15150451660156,224.78469808872893,221.70917856549048,222.1614616602364,1394691
2016-04-07,224.06100463867188,225.59876414129073,222.52324513605302,224.33237721032987,847869
2016-04-08,226.18679809570312,227.86023741011277,222.93035400955512,223.9253824254853,652307
2016-04-11,229.21707153320312,230.12163774099412,224.46809894230043,226.14155194774773,468793
2016-04-12,237.72000122070312,238.44367078917207,230.43825389627506,230.5287160429801,1150416
2016-04-13,242.0166778564453,243.05695107955822,237.58430895922956,239.71004506860783,1458830
2016-04-18,247.5345916748047,248.75576184489665,242.19765539625848,242.37857971967063,1500549
2016-04-20,241.7453155517578,246.946571171674,239.5291173325083,246.40382593377927,815581
2016-04-21,241.70013427734375,243.5092669362904,237.72002034352218,242.42377629885297,737895
2016-04-22,239.6195831298828,248.5747830737189,238.5341202426975,242.0619229350972,1363045
2016-04-25,241.3382568359375,243.55445512051355,237.49385039485233,241.11211528057956,970885
2016-04-26,241.11212158203125,243.37353719471272,239.21255455151564,241.33826314329937,734065
2016-04-27,246.49423217773438,248.3033641570205,239.0315627631791,240.61455324505445,1220728
2016-04-28,243.916259765625,248.75569424747317,237.719976042427,248.75569424747317,4787975
2016-04-29,249.47935485839844,252.73579880307895,245.27312741555593,246.9917977292241,3459534
2016-05-02,267.88726806640625,271.3246361055579,248.2129536969083,249.20798201364084,4131650
2016-05-03,262.6860046386719,268.2943258150028,259.7914095195722,267.8872600051261,1696503
2016-05-04,254.40927124023438,262.2337641946773,252.78106294636592,260.5603110228181,1793703
2016-05-05,255.63046264648438,261.4196819152685,253.3690467129613,256.4897841381182,1146631
2016-05-06,262.505126953125,265.0379013161257,255.99223915516578,255.99223915516578,2197171
2016-05-09,260.2889099121094,266.8470145058984,258.61545701197093,263.5905708417419,1338639
2016-05-10,262.45989990234375,264.58563617555785,260.6055500754898,260.6055500754898,1651270
2016-05-11,265.12841796875,265.6711633310292,259.7010195563096,262.3242566012873,1119130
2016-05-12,263.590576171875,267.2088408485107,261.6457644292171,265.5353879145329,836974
2016-05-13,261.8719177246094,265.6711068476562,256.62544475008764,261.8719177246094,1261256
2016-05-16,257.756103515625,262.1884715798542,255.63036780574186,261.4195849266839,947331
2016-05-17,254.36407470703125,259.5200864614593,253.5951877702238,258.6155200899623,1094466
2016-05-18,259.0225830078125,260.0628288019855,251.6503726862868,251.6503726862868,873557
2016-05-19,254.6805419921875,262.55027710243957,253.09755151870166,261.2386453823432,1332297
2016-05-20,250.65528869628906,257.89181798319646,249.8411846725457,255.94700625837382,926117
2016-05-23,258.34417724609375,258.9773571823139,249.20805080621005,253.14292028734343,1445721
2016-05-24,256.0826721191406,262.1432485133252,254.22829502433387,259.88183323075623,1028754
2016-05-25,261.14825439453125,261.8266789962436,255.7660748455464,257.21338618356623,724723
2016-05-26,266.3042907714844,266.84703602681026,261.87192179580194,261.91713906492475,1385045
2016-05-27,267.57073974609375,272.1840340738216,264.58568156030464,267.4803051869667,1332795
2016-05-30,269.8320617675781,271.27937307639377,264.13330627025255,267.34450494482746,794145
2016-05-31,262.0528259277344,269.5607139659261,260.74119396200734,269.5607139659261,2638695
2016-06-01,262.41461181640625,265.03784779229363,261.01251790150525,262.23368756765626,887968
2016-06-02,270.7366638183594,271.36987122662316,261.4648598847831,262.32420885240236,1923473
2016-06-03,276.706787109375,277.5661360167544,269.3797955788404,271.3698522037353,2262884
2016-06-06,274.3096618652344,282.1341528821543,273.31463366307423,277.70178464180367,2192877
2016-06-07,278.2445983886719,279.51098568302973,274.26451220418755,276.25454149384336,1058429
2016-06-08,278.28973388671875,280.32500745625373,276.43538456543047,278.51587539444483,671346
2016-06-09,274.400146484375,279.51093969893685,273.4051182006591,278.2897698782477,558781
2016-06-10,272.7718811035156,276.7519938042637,271.73163566793306,275.8926450154283,1645203
2016-06-13,274.4906311035156,275.8926977055247,268.79184734190585,269.56073415162746,1650657
2016-06-14,278.5158996582031,278.96818271305733,273.5860309233921,274.083531241665,1015292
2016-06-15,282.4508056640625,283.31015462568513,277.92797450851305,278.60639918184546,1098536
2016-06-16,284.1241760253906,285.1644213673954,281.3200160039967,282.405506207492,829794
2016-06-17,285.07403564453125,286.4761298335467,281.9985160506583,285.1192805181466,1060702
2016-06-20,283.35540771484375,285.8429651648544,282.0437754718594,283.6267665764116,1061429
2016-06-21,280.2346496582031,284.44090535195,278.51597908068896,283.03881091897614,1068768
2016-06-22,280.2346496582031,283.8076978525199,279.1491865801191,279.55622488246,685077
2016-06-23,277.4304504394531,281.13914958625844,275.8474596701495,279.51094155132773,1101184
2016-06-24,281.1844177246094,282.4055876544414,269.6059534336455,274.581067691711,1123598
2016-06-27,288.4661560058594,289.00890124754596,281.32008853829984,282.22465473938763,1204741
2016-06-28,283.12921142578125,289.46117462060704,282.0437209788864,289.2802503444016,1685023
2016-06-29,276.23248291015625,286.9405920483454,273.55547639584523,283.94593938786824,3337475
2016-06-30,280.0892028808594,281.54115312547367,276.4139789215475,279.4993558828232,1919520
2016-07-01,282.0402526855469,284.9441532225994,280.08920749361215,280.08920749361215,1160042
2016-07-04,279.4539489746094,283.31067648252593,277.77513263831713,282.04020291323894,901043
2016-07-05,279.49932861328125,282.2217246712028,278.77336740862677,280.4067939659218,676083
2016-07-07,285.4886169433594,286.2599680628067,279.09096933415645,279.49933983670087,2030792
2016-07-08,283.8551330566406,287.07665146846597,283.26528615391413,287.07665146846597,1339030
2016-07-11,285.9424133300781,288.34719160806327,284.17284434975113,284.17284434975113,1281791
2016-07-12,284.8534240722656,287.12208789522674,281.6772947201201,286.07850807539467,777966
2016-07-13,287.8479919433594,289.02768570551694,284.17274101914484,285.1255961596339,1953564
2016-07-14,284.71728515625,290.38894422310756,283.5829533428785,290.25282994423253,1073681
2016-07-15,283.12921142578125,290.34357260207,282.13099392369173,284.08203904062077,754491
2016-07-18,284.71728515625,286.75908242031875,282.44862152950697,284.2635524309014,535607
2016-07-19,281.99481201171875,286.75900433050083,275.32493722669585,285.8515391269233,1630541
2016-07-20,275.8695373535156,282.67552922901353,274.09996838842545,281.2689686522047,1739069
2016-07-21,276.86767578125,279.00022483053243,272.8748338959634,278.5464921687125,882019
2016-07-22,279.13641357421875,280.2707455314501,274.8713143375684,275.14357062349467,1330341
2016-07-25,278.455810546875,281.9949206657357,276.323260958058,279.22716180584933,1147060
2016-07-26,274.9620056152344,279.09096194883017,274.508272932701,278.5918670755015,679290
2016-07-27,279.1817626953125,281.7680449753623,268.7459091777065,275.82415687540316,4599198
2016-07-28,279.13641357421875,281.2235732980639,275.14357062349467,277.3214824426486,3387847
2016-07-29,275.506591796875,279.45407312685415,275.00746904615613,279.45407312685415,1342080
2016-08-01,274.0545959472656,277.59370605156306,272.78414971670384,276.3232598210013,969976
2016-08-02,273.2378845214844,276.7769946520758,272.2396668708942,274.508330761485,1068103
2016-08-03,269.4718933105469,275.0528006384056,268.70054209106894,274.1453351316432,756779
2016-08-04,268.2922058105469,272.5573053146667,265.6605610434669,271.3322211853001,955705
2016-08-05,268.3829345703125,270.4247320437976,266.8856219618203,269.06353372814084,772772
2016-08-08,265.4336242675781,269.38110421849177,264.48079669381946,268.6097531049679,1178796
2016-08-09,262.48443603515625,266.7041457170426,261.3501039866033,265.5244514640089,1711858
2016-08-10,259.5804748535156,266.70408400894894,258.627647230651,263.1649743750484,1470743
2016-08-11,267.2939147949219,268.4736363971356,255.9505976215905,260.17033376498614,2372031
2016-08-12,268.4283142089844,270.3339975134401,266.5680208008564,269.47192180704155,1579108
2016-08-16,271.1052551269531,273.7822888073375,265.7058255791851,271.24136938159376,5568173
2016-08-17,275.3703918457031,275.8241245541695,271.0145412282379,272.05812091898116,1295400
2016-08-18,274.23614501953125,277.6391413871115,273.6462701608931,274.96210650048624,1705797
2016-08-19,272.0127868652344,276.73161859890513,271.33218773212707,274.7805455957444,2111128
2016-08-22,268.3829345703125,274.6898311769821,267.0670984543841,272.23966313133985,1341084
2016-08-23,263.89093017578125,268.65512357873695,262.892740379603,268.3828950331695,1952280
2016-08-24,266.7040710449219,267.3393078917186,263.16496158305137,264.0724269678205,753677
2016-08-25,265.47900390625,268.15603803686895,264.1631956319022,267.2485725951198,2767571
2016-08-26,261.7584533691406,266.74951397792637,260.5333693173448,265.8420484126926,1321190
2016-08-29,261.48614501953125,262.2121339433592,259.39898571252314,261.80376344285315,1092494
2016-08-30,266.61334228515625,267.6115598344335,261.3500536706374,261.3500536706374,1031991
2016-08-31,263.7094421386719,269.97094765479346,262.0306256649466,265.88735348858654,1994781
2016-09-01,266.56805419921875,267.5208821240004,263.7095427312179,263.7095427312179,688683
2016-09-02,269.51727294921875,269.9256435311478,263.70949886884125,266.7041241574832,1474040
2016-09-06,271.9220275878906,272.64801659353867,269.33574541171424,269.9709823299502,886657
2016-09-07,269.6533203125,273.1470674111388,269.06347338007527,270.42467139042975,990152
2016-09-08,271.19610595703125,271.7859530710425,267.70235778282984,269.5626512255544,844056
2016-09-09,265.7059020996094,271.33219958997216,264.9799407366952,270.424734039504,730794
2016-09-12,263.6186828613281,264.97988087954496,258.62762346119973,263.16495018858916,1241032
2016-09-14,266.1142272949219,267.6569295451045,263.39183110776156,263.39183110776156,1552329
2016-09-15,266.7040710449219,268.15602119928167,263.2103237748315,266.47720469872957,879097
2016-09-16,265.7059020996094,269.97100126426994,264.6169600552381,267.65697518803654,787652
2016-09-19,267.1578674316406,268.1560851316055,264.52622272711676,266.5226581270465,554995
2016-09-20,264.29931640625,267.38469344531006,263.7548315890869,266.93096071328216,829871
2016-09-21,262.8473815917969,265.70589243304676,261.8038017854548,265.70589243304676,754702
2016-09-22,258.94525146484375,265.29750911854205,258.17390035387984,264.52615800757815,1749893
2016-09-23,256.13214111328125,258.9906519412717,255.45154197834782,257.08496882472815,1229928
2016-09-26,255.58763122558594,257.3571998805005,254.1810708953235,254.99778423849676,670064
2016-09-27,256.0868225097656,257.53874542320386,253.36442550658734,255.67845188182713,514394
2016-09-28,251.64016723632812,258.2192919848855,250.6873395571,256.4497509100834,1505510
2016-09-29,245.5601348876953,253.99955175903756,244.3804132894177,253.99955175903756,1464634
2016-09-30,246.10462951660156,246.83059076492216,241.7487789457386,244.60728943976483,2636152
2016-10-03,250.91421508789062,252.9106502998654,246.1046589322011,246.92137235759085,3794016
2016-10-04,254.13568115234375,255.13389865841035,252.27538810885594,253.54583416491934,1676565
2016-10-05,256.8580627441406,257.62941384990154,253.36434321308926,254.63478919653025,4777111
2016-10-06,260.0341491699219,261.6222133138162,257.720123923418,257.99235241348634,2764487
2016-10-07,258.30999755859375,260.0341761262585,257.3117801687951,260.0341761262585,1622298
2016-10-10,259.852783203125,260.8056110170473,258.4008326870485,258.67306129283975,609807
2016-10-13,257.447998046875,259.89813851498917,256.6766467593818,259.5351578190076,1855177
2016-10-14,253.9995574951172,258.6276365296399,253.40971052948052,257.53866698258304,1110150
2016-10-17,246.7398681640625,254.49871493898306,245.92315473871554,253.18287886384368,1415928
2016-10-18,249.5530242919922,250.82347051329404,246.0592764131742,246.0592764131742,1155764
2016-10-19,251.54945373535156,254.40796459046126,249.5983807084458,249.5983807084458,864550
2016-10-20,254.99778747558594,256.7673561529644,251.23181145551226,251.91241053240438,1067395
2016-10-21,258.7637634277344,259.3536104221566,254.31718833193577,255.36076804416697,1128598
2016-10-24,257.765625,259.3536899995971,256.0414456820257,259.0814613628428,430543
2016-10-25,258.7183837890625,259.44434501114927,256.40433046807567,257.5840520710235,617238
2016-10-26,269.24505615234375,272.693414374797,254.0903694673649,259.08143029618816,8561547
2016-10-27,263.6186828613281,267.2485442432397,262.2574848431113,266.79481157050077,6347929
2016-10-28,264.571533203125,265.52438851420123,260.8509471208606,263.0742207927446,2385836
2016-11-01,264.29931640625,266.7948464324034,263.7094693933434,264.97991550429185,3185803
2016-11-02,267.6569519042969,271.1506718147564,261.66767425349013,265.4336504215968,2247140
2016-11-03,267.1556701660156,272.031278201954,264.92293431826585,268.8416317238742,2018310
2016-11-04,272.03131103515625,274.4919068826927,266.9278704919595,267.6113662483292,2166149
2016-11-07,270.8465881347656,276.13227736903985,269.7985390902604,273.94509657594404,2768060
2016-11-08,271.3477783203125,273.2159886753279,269.75295510600336,273.033739852027,1398512
2016-11-09,271.98577880859375,272.8515234864012,248.29125724791803,259.72840941509935,2575414
2016-11-10,271.1199951171875,277.9549529772847,270.117529068737,273.39831440388656,1356394
2016-11-11,255.5818634033203,270.61877038352634,252.89343557619296,269.75299794793915,1628731
2016-11-15,246.74191284179688,258.3157828513151,245.6027535027304,258.27019979084804,2138839
2016-11-16,250.6607666015625,255.35412826285202,248.15461448832136,248.15461448832136,1380725
2016-11-17,251.98208618164062,255.53625832678276,250.6606500119604,250.6606500119604,927865
2016-11-18,253.75918579101562,255.30842605125494,250.06829225943645,251.9820858152725,731690
2016-11-21,251.57200622558594,255.76411930395804,250.20501464425905,253.7592150049209,831994
2016-11-22,251.48086547851562,255.17173117990606,249.93159741460443,252.71113550463807,935629
2016-11-23,256.5387268066406,259.22715442886386,250.75179081726125,253.71360560277307,1358410
2016-11-24,251.7542266845703,256.90322159563624,250.70620560185031,256.90322159563624,1863802
2016-11-25,250.97962951660156,254.2148593644755,250.43282736371316,254.2148593644755,329605
2016-11-28,253.25796508789062,254.53381831979524,250.38728836322662,250.61512029076368,622317
2016-11-29,253.30355834960938,255.08063076897358,251.25307091929363,253.21242001262553,887651
2016-11-30,258.4069519042969,260.63971583941475,251.70871572197035,253.94145184557465,2231471
2016-12-01,260.7308349609375,262.7357390173965,258.4525159343853,259.7739242828786,1049834
2016-12-02,258.7715759277344,260.3208167163114,256.99447534594646,257.49569458105526,798369
2016-12-05,261.0498352050781,262.59907563437383,259.0449031065604,259.09045836772526,706207
2016-12-06,255.5818634033203,259.72839329446845,254.30598238003088,259.72839329446845,1718011
2016-12-07,254.76168823242188,256.08312473376947,252.6200900434719,253.71366677179384,601798
2016-12-08,254.26043701171875,257.1311138027738,252.75675181750088,255.85526054136216,918254
2016-12-09,254.67059326171875,256.6299426881239,253.07576943369963,255.17181248305943,610133
2016-12-12,251.7542266845703,255.2172601261256,251.29856292586518,254.85273468146326,244981
2016-12-13,255.94638061523438,257.1766785269102,249.7037805394456,252.30106995042496,2967017
2016-12-14,250.97962951660156,257.3589230734364,250.61510401851353,256.31090183711615,573242
2016-12-15,247.28878784179688,250.43285185827528,246.8331239717407,249.70380079079158,671616
2016-12-16,247.10647583007812,248.1089417631406,245.87617799457016,247.28875247663913,645359
2016-12-19,245.10157775878906,248.20008614538503,244.41808203476737,248.20008614538503,764992
2016-12-20,250.29612731933594,251.57198043547623,244.5547743909485,246.05845941395359,821349
2016-12-21,247.3798828125,251.84538239394695,246.8786359563973,251.5264121785199,643909
2016-12-22,241.95750427246094,248.06341098510993,241.50184042260696,247.78999598828898,834987
2016-12-23,238.81341552734375,242.5954477769584,238.31219641093233,241.501843399224,752585
2016-12-26,236.899658203125,240.68166277883245,236.17057932093647,237.62870927379788,434029
2016-12-27,246.51414489746094,246.96980875124552,237.2185911556496,237.2185911556496,482175
2016-12-28,249.7949676513672,251.1619594176335,245.96737958121406,246.9698457721131,887133
2016-12-29,250.06837463378906,251.43536650803884,248.38241242657682,249.70384902962664,1210890
2016-12-30,253.48583984375,254.89841472005358,249.29372610647636,249.70383476993982,469730
2017-01-02,252.57444763183594,253.7136071717698,250.06829664398143,253.34908168129343,265516
2017-01-03,251.0707244873047,253.34904322130924,250.06825868204106,252.89337947450835,450185
2017-01-04,252.02767944335938,253.53139248786104,248.70133870093258,250.70627088592417,2110365
2017-01-05,254.12368774414062,255.12615359118342,252.3921709964353,253.48574734742908,508994
2017-01-06,252.0732421875,255.62741458195165,251.07077617585628,254.48825498042783,782100
2017-01-09,249.33926391601562,253.71362574498383,248.79246173451602,251.7998320154924,739964
2017-01-10,253.03012084960938,253.98703158561693,249.7037804317086,249.7037804317086,1585599
2017-01-11,253.80471801757812,255.17170931749325,252.43772671766297,254.07810515295748,1122729
2017-01-12,254.12368774414062,258.81701896948977,253.34905377999348,253.80471754578485,1149906
2017-01-13,256.67547607421875,257.54124863164935,254.4427395922694,254.4427395922694,477422
2017-01-16,252.8934783935547,257.08559206616604,252.48336973641707,256.1742642160992,406335
2017-01-17,253.25796508789062,257.86018671104796,250.5695650298621,254.44270779799209,816845
2017-01-18,253.8958282470703,256.99433595515035,253.30347097826925,254.21479841073432,679046
2017-01-19,252.3466339111328,255.2628936681509,251.16191902882093,254.2604276384563,1091009
2017-01-20,251.43528747558594,253.3490810602862,249.7037705414332,252.3466151052992,773746
2017-01-23,252.3010711669922,252.71115193185267,249.88605840221368,250.84294133173483,552232
2017-01-24,252.71121215820312,253.71367839707074,250.84300111285165,252.4378249164756,1147148
2017-01-25,256.3108825683594,258.8170334201389,251.1618872897327,252.93895938863358,1898277
2017-01-27,252.52891540527344,258.8170710768806,251.61758769021398,257.9057433618212,998644
2017-01-30,255.35401916503906,256.08307016189127,250.70624257844597,252.43775955460458,436981
2017-01-31,251.52647399902344,256.08311302074486,249.33929283090063,255.35406190187643,1578474
2017-02-01,252.7567138671875,253.34907124124072,249.97714801738235,253.12123934264247,1822865
2017-02-02,249.56707763671875,253.98702221512823,247.4254521387768,253.98702221512823,1527342
2017-02-03,244.4181365966797,251.25309536267724,244.00802794611246,250.97968032512628,2088875
2017-02-06,246.1040802001953,247.65334870400017,244.41814588969646,245.96738658198183,883622
2017-02-07,243.23333740234375,246.24073524992284,242.5954247521387,246.05845860042885,1053891
2017-02-08,242.36764526367188,244.14471782876777,240.95507045337118,243.32452835168368,975065
2017-02-09,242.18528747558594,243.87124894317398,240.68160263587558,243.32444687104967,732608
2017-02-10,241.13731384277344,243.32449475013473,240.22598614708005,242.86883090228804,868861
2017-02-13,245.3294219970703,246.55969211293308,240.27153669819268,241.54738988485522,1004160
2017-02-14,245.46612548828125,247.3343361785937,244.32696584503836,246.05848294046461,1046002
2017-02-15,241.59298706054688,245.87621070951758,240.7727976649155,245.14715964929306,1179696
2017-02-16,242.41317749023438,242.82328609555708,240.68166035617864,241.59298809110433,613746
2017-02-17,242.2764892578125,243.6890361536238,240.68166568637318,242.64101479755257,477713
2017-02-20,241.09173583984375,242.6410040797003,240.6816550550686,242.41317215098698,538890
2017-02-21,248.79246520996094,249.4759609935048,241.50184351882658,241.5473987797903,1902449
2017-02-22,246.6964569091797,250.43287879634002,245.51171403268623,249.4759956909001,1362670
2017-02-23,245.6483612060547,248.51906560270203,244.91931019797764,246.51413361322028,2750467
2017-02-27,248.51904296875,251.161887396723,246.0584473704413,246.0584473704413,2053179
2017-02-28,252.3466339111328,252.66560416760575,249.15698696943173,250.4328401838093,1541960
2017-03-01,251.66319274902344,254.03265083933564,250.02281366193358,253.258016565952,1500921
2017-03-02,252.02767944335938,254.21488830390143,250.29616227169353,251.66315390377434,1160456
2017-03-03,252.66555786132812,254.12368747260425,249.06580299081918,251.57195369999374,1767926
2017-03-06,253.21238708496094,254.5337954590861,250.6150977820086,252.89341685275414,902398
2017-03-07,251.57200622558594,254.4882660570226,250.75181683909278,253.53138307469973,1057609
2017-03-08,250.56961059570312,252.43782161663353,249.79497633890773,252.43782161663353,1164236
2017-03-09,250.56961059570312,251.66318735983813,248.61023341336193,250.56961059570312,1053350
2017-03-10,249.15695190429688,252.39218146247745,248.61014980037095,250.93405178917848,1229415
2017-03-14,249.33926391601562,253.2579618956532,247.74444044335846,250.97964264900014,2533256
2017-03-15,249.56707763671875,252.62003076684772,247.19762023073002,250.15943503533785,2610270
2017-03-16,250.5239715576172,251.1619120528444,247.15207585695268,249.8860588739034,3142771
2017-03-17,253.4402313232422,256.08307601159294,249.88605896225232,250.88849715294458,4253850
2017-03-20,254.16929626464844,257.9057454895205,253.16683020750986,255.171762321787,2854375
2017-03-21,257.1310729980469,257.9057070089625,254.761615710574,255.94635826006586,1177149
2017-03-22,258.8627014160156,260.1841381107142,254.94400222932504,255.08069586392628,1796532
2017-03-23,256.40203857421875,261.00423205850007,255.71854284022572,259.8195172441838,1601624
2017-03-24,256.3564453125,258.81704098164846,255.4451177034097,257.7690197934969,699668
2017-03-27,250.15940856933594,256.0830375518521,248.8835555815574,256.0374822996672,2587482
2017-03-28,250.34169006347656,252.6200089471576,249.11139230398686,250.97960266400136,1216915
2017-03-29,251.25303649902344,251.75425556649677,248.38233224063936,250.61509603904653,1108681
2017-03-30,249.84042358398438,252.34657415904286,248.56457067171064,251.8453551686342,2802111
2017-03-31,252.7567138671875,253.57690313983895,248.15449282859646,249.7037608636689,1190847
2017-04-03,255.44512939453125,256.26534652946117,252.62003592626263,252.93897835483227,1301171
2017-04-05,258.7259216308594,259.546110976883,255.49071950595538,255.80968975482944,1729357
2017-04-06,259.5461120605469,260.0929142306835,257.2222376018583,258.54367386206235,960662
2017-04-07,257.3589172363281,259.45498747294096,256.493172674444,257.99685770214774,904847
2017-04-10,261.4598693847656,264.78620939080383,258.2702229493709,259.81949091402373,2212827
2017-04-11,263.7838134765625,264.3761709183321,260.4118898672367,261.1865239733266,1108245
2017-04-12,263.3280944824219,265.1963047486596,259.8194780153699,263.19137310705605,1334651
2017-04-13,262.2345275878906,264.64954026401705,261.5510318600334,263.3281318770671,1048663
2017-04-17,266.92791748046875,267.8392453160535,260.0929587135832,262.46241664840716,1051332
2017-04-18,263.96612548828125,269.5707866132241,261.7789440506841,267.748130779973,1324260
2017-04-19,264.5584716796875,267.3835936618789,262.69026065566015,263.8294205023889,628336
2017-04-20,264.9228820800781,266.6999537948374,264.2849417856488,264.46721838734425,514989
2017-04-21,265.42413330078125,266.42659910902574,263.05467624806926,265.42413330078125,597313
2017-04-24,267.33795166015625,267.884753771491,265.3786029217583,266.10765386253075,540748
2017-04-25,267.8391418457031,269.70737987383404,266.6544272417237,267.33792285436743,910464
2017-04-26,267.9759216308594,269.6618835801636,263.8293913712206,268.11264304658624,712393
2017-04-27,263.60150146484375,268.8416350289677,262.82686746262766,268.8416350289677,873930
2017-04-28,261.3232116699219,265.01407764126475,260.2296073317021,263.3736989454487,1646088
2017-05-02,259.6372375488281,262.9180225958623,257.4045015308486,259.7283758745953,1042683
2017-05-03,251.29859924316406,261.41434171063116,250.70624183354258,258.8170523483539,1758933
2017-05-04,251.61749267578125,252.8933454327809,248.24557027874246,251.29852253365527,2284242
2017-05-05,248.4279327392578,252.43776899492497,246.05847519360918,252.43776899492497,4118180
2017-05-08,249.43038940429688,250.9796297253376,246.78751696505702,248.7924489234777,3834244
2017-05-09,249.20257568359375,250.61512252229528,248.15452655837953,249.70379480403238,636912
2017-05-10,257.99688720703125,258.63479993429127,249.2025801311442,249.2025801311442,2318587
2017-05-11,253.57693481445312,259.546120178741,252.02766658585963,258.81706913676436,2333019
2017-05-12,255.03506469726562,256.6754434473889,253.07571568697546,254.26043058300732,1055832
2017-05-15,251.02516174316406,255.9918797481137,249.52144917440626,255.03499703300156,3454627
2017-05-16,249.02024841308594,251.79978626436483,247.24314859898357,251.52639912904561,7058314
2017-05-17,251.52647399902344,252.6656337544538,248.8380458516008,250.56959092906894,9205086
2017-05-18,247.97225952148438,254.2604147541776,247.37990211034528,252.43775945128027,1998128
2017-05-19,250.8428955078125,254.032541772217,249.93156800369692,251.0707273838414,2007022
2017-05-22,252.3922576904297,254.16933030051558,250.9796828443669,254.07819195375046,894556
2017-05-23,249.43038940429688,252.89342335628228,248.33678509761054,252.89342335628228,5277115
2017-05-24,244.91932678222656,250.5695698177156,242.9599777302718,249.9316292838163,1147455
2017-05-25,245.14712524414062,246.05845284727872,241.50181483158835,244.23579764100256,3109795
2017-05-26,245.83065795898438,247.37992624218288,243.50678334570213,246.1040451564827,1155482
2017-05-29,253.8958282470703,254.67046212696684,245.876130154474,246.05840676556946,1962811
2017-05-30,253.66807556152344,257.72346721482126,250.7062604815972,253.89590749074853,3856802
2017-05-31,255.12615966796875,256.53870625096334,251.66309827856318,255.39954680935162,2360285
2017-06-01,260.0473327636719,261.5510177213706,253.34906943045655,255.0350310303355,5290798
2017-06-02,259.3638610839844,262.8724781844405,258.3613950822093,261.5965971940831,1243841
2017-06-05,260.4574279785156,261.68772585288673,258.86260461101926,259.8195153184245,501522
2017-06-06,257.6778869628906,260.82197840587554,256.3108955201167,260.7763953375425,531341
2017-06-07,258.634765625,259.86506346570957,257.9512699147738,258.3613784655142,671709
2017-06-08,257.0855712890625,260.5030504506199,256.5843243251241,260.5030504506199,687104
2017-06-09,257.1310729980469,258.0879836508877,252.89340528263992,256.53871562905636,1157597
2017-06-12,260.0928955078125,261.55102525270837,254.03257243621064,256.44758505132876,879416
2017-06-13,265.8798828125,267.01904255034276,259.6372818868183,260.9131352308988,4149957
2017-06-14,264.1026611328125,268.84157458915524,262.59897653215705,267.9302472176666,2433597
2017-06-15,263.0091857910156,264.33059429929597,261.6421942097853,263.3737113170407,622494
2017-06-16,263.2825012207031,266.1076219475159,261.64212289494463,262.4623120578239,1160400
2017-06-19,262.2801513671875,264.69519248576825,261.32326822280163,263.3282006729201,1041616
2017-06-20,261.5965576171875,265.10517418682565,260.59411957858447,262.6901617830389,734718
2017-06-21,262.2801513671875,263.37375594207384,259.7284444411455,262.41687279768803,960501
2017-06-22,263.37371826171875,264.2394907439328,261.2320924990176,262.2801138432922,1083714
2017-06-23,264.1026611328125,265.01398850430115,259.4549137874237,263.37361036022327,1711427
2017-06-27,264.2850341796875,265.1963618837554,257.45007639917833,263.8293703276535,2410594
2017-06-28,264.19390869140625,266.062147262483,261.3687871091428,264.05721509145326,3270135
2017-06-29,264.1483154296875,266.10766424452805,262.371215451395,264.55839617055454,1561905
2017-06-30,266.1987609863281,267.4290586397711,261.6421236117299,263.41919550091876,805214
2017-07-03,268.8417053222656,270.0264203567058,265.56091962721575,266.0165835345416,1459354
2017-07-04,269.29736328125,273.2160616730877,267.47470769220604,271.02888052853837,2258539
2017-07-05,272.360595703125,272.9092544791206,267.60559018575617,267.74274790326893,1073397
2017-07-06,274.96673583984375,276.7041322436465,270.89754634419324,272.3148894327289,2674872
2017-07-07,276.01837158203125,277.3442671482197,273.32081468599915,275.69831820193286,1867619
2017-07-10,277.8471374511719,278.57866390767134,275.241029102731,275.241029102731,89024
2017-07-11,278.99029541015625,281.0934558852904,276.2470280568724,276.2470280568724,2494011
2017-07-12,278.6244812011719,282.41932809999753,277.3442676783313,280.54474567352577,1478749
2017-07-13,277.527099609375,280.6818669287632,276.24691428627074,277.1155985134732,1116275
2017-07-14,278.0757751464844,280.1789348818365,275.33250875813883,279.8131716112468,1204568
2017-07-17,276.2926330566406,279.7674537943307,271.2176015433953,278.07576732126626,1668173
2017-07-18,274.2352600097656,276.1555525457451,272.13209974547505,274.509603461166,1336542
2017-07-19,279.9503479003906,280.54471674272827,274.326657012818,275.33252700305513,1116957
2017-07-20,275.2867431640625,281.0933286820492,274.3266111872854,280.45324999951316,1051959
2017-07-21,276.7041320800781,277.5728163284921,274.0523135804786,275.3324989348424,823840
2017-07-24,279.63031005859375,280.45331240002935,275.0581988548499,276.3384123166599,652759
2017-07-25,280.63616943359375,282.5107516994202,279.58458947790876,279.7217472276153,968736
2017-07-26,280.041748046875,282.0077498397292,278.1214561933644,282.0077498397292,696766
2017-07-27,285.208251953125,286.762780710273,279.813167058353,280.72758917292276,2491847
2017-07-28,283.9280700683594,285.7112043760957,279.35595943923926,284.2938333374992,1050326
2017-07-31,283.47088623046875,285.93983736969534,281.8706473565871,283.47088623046875,745445
2017-08-01,275.8811950683594,283.69949389071894,275.42398395814064,283.4251783869683,1760770
2017-08-02,274.96673583984375,278.5329764383752,272.954996063263,276.15547340403833,748776
2017-08-03,278.99029541015625,281.0020080589892,271.76636362770057,274.32673532838203,1518665
2017-08-04,281.0019836425781,282.8765662480138,275.3782916381836,281.2763270976438,3312729
2017-08-07,292.1121826171875,292.61510366423005,282.6479072768574,284.3853038736736,2371502
2017-08-08,287.997314453125,295.35840280333423,286.3970754286487,292.61513590423203,1102440
2017-08-09,283.9280700683594,288.86594396661934,283.2879634179031,288.86594396661934,643371
2017-08-10,280.316162109375,284.2939049397331,279.53892543142877,280.95626892104855,566291
2017-08-11,277.4356384277344,281.2762221175928,274.5552146133134,274.5552146133134,649998
2017-08-14,280.819091796875,284.84254430539124,277.52716596046946,278.1215348698036,554059
2017-08-16,282.60211181640625,285.16251019511526,280.9104534179437,282.5564018781568,920951
2017-08-17,281.59625244140625,284.6138337330662,280.04172395422177,283.51651622376613,741281
2017-08-18,283.5166015625,284.79681501067654,279.31028162461206,279.76749274011746,585195
2017-08-21,278.2129821777344,286.8999939466365,276.887058692731,284.3853326451122,575264
2017-08-22,275.33251953125,280.7276047249034,274.7838606509234,278.8073125967353,856971
2017-08-23,273.2750549316406,276.6126900736537,271.12615737797796,276.1554790156807,1160867
2017-08-24,274.3723449707031,276.9784535846516,272.6349485300536,275.19534720054355,767155
2017-08-28,285.9398193359375,286.80850364054453,275.19535900322467,275.19535900322467,1644473
2017-08-29,282.7850036621094,286.2140861640751,279.3559211601436,286.2140861640751,879513
2017-08-30,287.4486389160156,288.50021891883995,283.3337388046534,283.4708965605084,790493
2017-08-31,288.1344299316406,289.59751097763774,285.7569267201391,287.9515343361598,1793314
2017-09-01,286.6256103515625,289.3231387271778,285.34539712278547,289.0488232672668,566713
2017-09-04,284.15673828125,287.5858220095032,282.1907358582425,286.8542953098578,419178
2017-09-05,286.854248046875,287.58577462599186,283.79092817316644,285.29971918381386,1166163
2017-09-06,282.96795654296875,286.57990743311416,282.327849850563,286.57990743311416,658591
2017-09-07,283.2879943847656,285.20828664009736,281.5505977369709,285.07112888742046,692275
2017-09-08,280.5904235839844,285.02537629671554,279.26450039258776,283.28795200289994,1050240
2017-09-11,282.96795654296875,284.01953647539204,280.9105066250294,282.8307708903457,457082
2017-09-12,280.63616943359375,283.42517390539865,279.4474317282022,283.42517390539865,982043
2017-09-13,281.91632080078125,286.031220229371,279.81316114410333,280.0874766102969,1219806
2017-09-14,281.2762756347656,283.3794355423567,279.8589044744751,282.05354008964093,705764
2017-09-15,283.6994934082031,285.11683668508994,279.21883011687066,280.72762119683597,1090461
2017-09-18,282.05352783203125,284.3852931893712,280.31610339453886,283.9280821070732,589016
2017-09-19,287.6314697265625,289.5517617800676,281.27625266889777,281.6420159395776,1574712
2017-09-20,287.7686767578125,291.2434699464415,286.6713589582713,289.68894104808334,928207
2017-09-21,283.6994934082031,289.36892232765337,281.6420434157182,288.0429989478936,674189
2017-09-22,278.6244812011719,285.71125390481683,277.5271632975809,283.51661809763493,1004721
2017-09-25,285.5283508300781,288.95743430682046,273.13794036316364,278.4415783114773,1491187
2017-09-26,281.6877136230469,288.9573803999175,279.26450066607254,287.9515105198675,1680991
2017-09-27,279.63031005859375,287.8144002756761,277.29854450706523,287.8144002756761,1442109
2017-09-28,284.202392578125,286.3970280591818,279.9503351689888,280.7733095214104,1485354
2017-09-29,278.8987731933594,287.3114686619002,277.89290318425867,286.2141508508901,1487559
2017-10-03,284.6595153808594,286.3969392489211,279.81309065926797,283.927989051316,932669
2017-10-04,288.27154541015625,292.0206813202325,285.2996738079897,285.4825693766552,1432297
2017-10-05,289.2774658203125,293.25520793395145,288.63735912397493,290.7862568548788,785261
2017-10-06,289.0031433105469,291.1977790532335,288.1801688600157,289.64325005315595,522193
2017-10-09,290.4661865234375,292.29503079924183,288.13442123416655,288.68308009809766,521923
2017-10-10,290.1461486816406,294.2610485218489,285.48261785416497,289.64322764132874,577431
2017-10-11,290.5576171875,294.85541214462717,288.1801141879392,290.32901166650277,1246803
2017-10-12,297.8273010253906,300.02190857183734,289.460316151517,289.460316151517,2236883
2017-10-13,294.3981628417969,300.2047199957321,293.5294508125287,299.33603587240765,1254721
2017-10-16,294.3981628417969,297.0956908954174,292.79792440278777,297.0956908954174,709813
2017-10-17,292.5693359375,295.72407515728383,290.9690974053654,295.72407515728383,659502
2017-10-18,291.7463684082031,292.9808438606365,288.04296995685166,292.9808438606365,606827
2017-10-19,291.2891540527344,293.3923416642826,289.91752087796533,291.7463651109907,123621
2017-10-23,289.6888732910156,292.61503480140743,289.04879464595416,290.55758533796,699567
2017-10-24,291.2891540527344,293.4380516077288,287.12854458498106,291.51775958186255,612851
2017-10-25,295.4497985839844,297.0042994761462,290.923397835211,291.28916110948734,1404053
2017-10-26,295.1754455566406,298.7417141056996,293.7123925073272,297.9187118830256,1474933
2017-10-27,295.3126525878906,297.1872068843193,292.1578849216616,295.58696807801914,510117
2017-10-30,294.672607421875,297.18726892819046,290.7863123666602,295.3584241963247,500658
2017-10-31,304.365478515625,305.96571759519617,295.1755173436577,298.0102321515176,3629462
2017-11-01,319.63623046875,329.9692168316341,309.3032720118135,309.89764078925714,6791796
2017-11-02,313.3267517089844,319.3162336801938,311.13214407699354,316.2529138222722,1340030
2017-11-03,311.26922607421875,316.93865332432676,308.343092578956,313.6467287244558,1051083
2017-11-06,313.2353515625,316.29867188643897,310.21776909769704,311.8180081424162,875130
2017-11-07,312.1799011230469,318.6043002030785,308.4170332031112,317.54886881299046,994486
2017-11-08,310.4361267089844,314.9332002525831,309.2889126413237,312.9599976578379,408429
2017-11-09,319.7973937988281,321.03636254312636,308.8300164827321,313.8777582083043,1129910
2017-11-10,313.9695739746094,321.2199617963819,312.96001992161774,320.715198773965,1000630
2017-11-13,309.701904296875,315.7132944857103,308.92179317107883,315.7132944857103,587578
2017-11-14,310.1607971191406,312.2257823782343,308.64645218928115,308.64645218928115,705306
2017-11-15,307.3615417480469,310.068977748804,302.5891487404019,309.2888666970476,1701301
2017-11-16,311.21624755859375,312.04223611137485,304.5165003901319,307.6369451577711,669913
2017-11-17,308.8300476074219,313.4189041840552,307.9122762920952,312.9600185263919,849992
2017-11-20,309.7936706542969,311.72099585865607,307.1780450285474,308.37113643649786,622658
2017-11-21,311.858642578125,312.7305364214465,310.20666562127343,310.20666562127343,766870
2017-11-22,311.4456481933594,313.83185880674336,308.9676548625082,312.9599650030338,842038
2017-11-23,312.08807373046875,313.8777387070598,308.87587465013337,313.8777387070598,897818
2017-11-24,316.17218017578125,320.48571604327,312.3634352760203,314.52020320976465,1121583
2017-11-27,314.244873046875,317.22762963451413,310.3902505692811,316.309858376779,838506
2017-11-28,316.5392761230469,317.4111699521085,310.20666054781395,314.2448481604151,697992
2017-11-29,311.9504699707031,317.41122059631243,310.34437014060137,317.41122059631243,814738
2017-11-30,315.9885559082031,322.0458503362508,308.7381703388177,312.0421516639482,4490135
2017-12-01,312.7304992675781,318.2371258137424,310.75729702349946,315.7591326647081,894675
2017-12-04,313.3730163574219,316.4475277545761,311.0326827765925,316.0804248423353,565552
2017-12-05,315.7591857910156,317.5488509228896,312.0422234502383,312.6846745253099,793096
2017-12-06,314.3824768066406,319.33846311698125,312.3174918467157,316.44746176656554,1088413
2017-12-07,317.04400634765625,317.91587200155186,312.13392584655475,314.5201360722268,494152
2017-12-08,322.2753601074219,323.7896770272772,318.46661512470837,319.38438634985164,1075013
2017-12-11,320.8069152832031,323.7437943587484,318.0995070183346,323.5143515562263,804547
2017-12-12,319.5220031738281,321.67877086255396,315.9427014819806,320.6692170499428,724281
2017-12-13,317.3193664550781,322.0458821469941,315.71326698639734,318.741900495506,492970
2017-12-14,315.8968811035156,319.33852335257416,312.08810794136576,319.33852335257416,562831
2017-12-15,314.10723876953125,318.00776693540564,312.59292167147055,315.8969040724311,1375982
2017-12-18,319.0632019042969,320.30219881941343,298.275686579683,312.91415070893396,523286
2017-12-19,321.2658386230469,325.120489361435,318.92553296569844,318.92553296569844,1493359
2017-12-20,321.9541015625,323.88142653929606,317.13580312458595,321.03633043146874,942790
2017-12-21,320.898681640625,323.0554494759731,319.75146768652,321.954112876771,527045
2017-12-22,324.47802734375,326.95602102212786,320.3939619211397,322.09184440386844,1465697
2017-12-26,324.43212890625,326.7265569748939,323.14725478944047,325.76290838932556,711575
2017-12-27,323.9273376464844,328.286750596209,322.4129928469,328.286750596209,705119
2017-12-28,316.44744873046875,323.97318258876516,315.16257485440957,323.97318258876516,2812009
2017-12-29,320.9446105957031,321.31171348637116,316.63107460792725,316.63107460792725,851154
2018-01-01,320.3021545410156,322.9178081095288,319.10906316289265,322.1376969739154,272884
2018-01-02,320.3479919433594,323.05542789746517,317.9618094847287,322.13765679548374,595436
2018-01-03,325.487548828125,331.22361879904275,320.53158997488293,321.219918371393,1819175
2018-01-04,325.80877685546875,326.7265480578785,324.5697801305847,325.0286657317896,1107800
2018-01-05,328.74566650390625,330.3976435182353,323.14725638710513,326.7265585902549,1200209
2018-01-08,331.6366271972656,332.46261567183814,328.56208808976686,328.7456535321848,1129672
2018-01-09,329.8011779785156,331.36137264722544,325.4876409364548,331.3154952777371,758032
2018-01-10,328.3785400390625,332.5544160059251,326.8183457284949,330.351770621023,894740
2018-01-11,330.30584716796875,331.54484388168333,326.7265451124686,328.05732454722767,557387
2018-01-12,328.6997375488281,331.2236082556933,327.32308079962894,330.2140543713166,843519
2018-01-15,331.5448303222656,333.93104093105995,329.4798452199124,330.6729365202331,1334475
2018-01-16,328.92919921875,333.15095242689256,325.99234812346094,333.15095242689256,919047
2018-01-17,329.38812255859375,332.18734190148996,323.05550602507475,326.31358302178035,1599096
2018-01-18,334.66522216796875,338.29042917457457,331.63658877602916,334.986447650908,1240349
2018-01-19,333.88519287109375,337.14329784109003,329.20458157564303,332.5085358999241,565302
2018-01-22,333.2427673339844,338.152849430433,331.5907621756934,335.12418731097836,939881
2018-01-23,334.0687561035156,337.05151285443986,330.7188964310322,334.43585902507476,1287281
2018-01-24,329.6634521484375,335.72072013789824,329.02100105469157,333.8851775936601,1374753
2018-01-25,324.66156005859375,334.52760039959696,323.0554604681979,329.5716415508634,991272
2018-01-29,330.1223449707031,331.3154364471669,325.2122629563505,325.2122629563505,1118359
2018-01-30,329.11279296875,332.23320977941137,327.27725037328366,329.9387815350784,774775
2018-01-31,326.3594665527344,331.1318603129299,318.1454025499433,329.80110878717375,4361853
2018-02-01,320.9446105957031,329.3422117554128,319.84327391554393,327.96555490929137,2438075
2018-02-02,316.1263122558594,324.75335624021875,312.2257845175126,319.3843889281575,1350425
2018-02-05,311.21624755859375,320.30217765549946,309.3807049932327,319.5679718326178,1270434
2018-02-06,311.3539123535156,313.5565578635966,299.19344267427,303.4151962400169,1948962
2018-02-07,310.5278625488281,318.4665770967271,309.3347432937188,314.015381584667,835895
2018-02-08,312.3175354003906,314.336643290482,309.47246702092775,311.58332962662377,1463375
2018-02-09,312.5469970703125,315.20855617921154,308.37114896467847,309.74780587969934,744243
2018-02-12,316.4015808105469,318.0076802055243,312.8681565399665,316.49336352046146,919718
2018-02-14,312.7304992675781,319.01723684274583,311.6291627550849,316.1721408589308,825559
2018-02-15,311.675048828125,316.30978134775637,311.12438060595366,314.38245657423124,366437
2018-02-16,314.5660095214844,316.4015515172334,313.3270130727242,315.1625550684732,871481
2018-02-19,311.4456481933594,315.7132784781338,310.7573198245844,314.70372460229987,515046
2018-02-20,312.68463134765625,316.6310359548473,311.35385202226644,311.35385202226644,890534
2018-02-21,306.9944763183594,314.8873144949916,305.8931396395157,313.6024403751108,1312888
2018-02-22,300.2029724121094,308.18756524112393,299.4687386293858,308.1416878832715,2278159
2018-02-23,303.4151611328125,306.9026804528978,297.9085339906858,302.68092737563654,2071180
2018-02-26,304.47064208984375,309.6560445599758,303.9199736841309,307.4533989452831,778390
2018-02-27,301.1207275390625,306.7191372974086,299.51462798590643,304.745906868437,698699
2018-02-28,298.3215026855469,301.0748161501413,297.0366286703667,301.0748161501413,2526442
2018-03-01,298.4592590332031,300.6159993339338,297.12847935099285,299.5605678660564,818541
2018-03-05,298.2756042480469,300.294711849294,295.6140736886945,299.1933753380409,5281481
2018-03-06,296.164794921875,302.49741097397305,294.6045725865344,299.5146543979412,678537
2018-03-07,296.80718994140625,299.9276063089974,294.69632745960575,294.78811017797824,2118798
2018-03-08,298.3215026855469,301.854927233407,292.67721568475883,298.5509454742631,10405395
2018-03-09,300.3406066894531,307.3615503351085,298.3214989706327,301.5796033347223,1796651
2018-03-12,300.79949951171875,306.1684664318652,300.24883121075317,302.91036198924144,1508106
2018-03-13,298.41326904296875,305.6636551672875,297.67906336258886,300.7994795164304,2618470
2018-03-14,298.2756042480469,300.01936371740527,296.44006206805886,298.2756042480469,2212159
2018-03-15,298.3215026855469,300.70771328982596,297.81673975363236,298.36740804818186,2053015
2018-03-16,294.83404541015625,299.60646762083707,294.09983953535556,298.32156532769767,2715500
2018-03-19,293.4114685058594,299.00985050829973,291.8971235952715,295.1093228463165,1008579
2018-03-20,293.0902404785156,295.3846684954006,288.7767046035101,292.76901495452086,2312806
2018-03-21,295.9354248046875,299.56060534426376,291.57601027652265,293.68687347636893,1446774
2018-03-22,290.8876037597656,297.3578797548734,289.3273814590242,294.421000603415,2546884
2018-03-23,292.0348205566406,294.46690874755024,286.29875029121445,287.1247388078047,2284582
2018-03-26,289.60272216796875,294.69636968181686,288.9143936937858,293.5032501883387,2439303
2018-03-27,298.1379699707031,300.5700579678967,291.025243408104,291.025243408104,2876080
2018-03-28,301.3960876464844,307.08628087818306,296.1648080703974,297.0825793653064,6429642
2018-04-02,308.2793884277344,310.02314837732564,299.37702320796495,301.9467717643985,1249566
2018-04-03,309.93133544921875,311.26208684141477,306.2143454041842,306.4896935601979,856565
2018-04-04,307.9122314453125,313.41885853524354,306.53557467282974,310.2066593994504,1407850
2018-04-05,309.1971435546875,311.26212896757477,307.86639198238777,309.51836910943473,560831
2018-04-06,314.6578674316406,315.71329872983324,308.7382318771943,310.20667142640593,1278796
2018-04-09,314.0613708496094,317.4571080794639,312.63880843556177,316.6311194564268,1204038
2018-04-10,309.3347473144531,316.40159619932325,307.9122132701173,316.40159619932325,768086
2018-04-11,316.0804443359375,316.9982156772196,308.60061350611977,309.33481937588203,1244627
2018-04-12,316.6310119628906,318.46655406122625,314.3365843399711,316.5851346136921,763270
2018-04-13,312.4551696777344,318.37477623063654,311.5373986145108,316.81458222804645,701414
2018-04-16,315.2544250488281,316.12631894145403,311.76690549463615,312.6846767465978,669176
2018-04-17,315.48388671875,319.0631892137094,313.51068401072246,316.63110085227277,806533
2018-04-18,326.58892822265625,327.96558519590775,318.92553213659147,318.9714094991034,2552706
2018-04-19,328.88330078125,332.2331599135544,326.81831567129007,329.4798464336078,2551633
2018-04-20,325.9464416503906,329.9387520402696,324.01911649581234,327.185438393202,550428
2018-04-23,328.1949768066406,333.4721610472133,324.66155219175687,325.6252007193827,993987
2018-04-24,327.5525817871094,332.96742702771246,326.40536762561896,330.07645294238824,740202
2018-04-25,329.38812255859375,331.0401277465714,326.81837405483935,328.562133968684,613774
2018-04-26,327.73614501953125,334.0687615461088,325.808819639749,331.31544757732223,1573999
2018-04-27,336.3172607421875,338.5657833324934,329.02096864430337,330.39762541687367,1367950
2018-04-30,339.0246887207031,341.3650221756287,336.82204335759786,338.5658031030497,917470
2018-05-02,341.22735595703125,351.5064056546333,337.32682795694717,347.5600002931052,4642509
2018-05-03,339.4835510253906,343.5217385817997,338.2445543411796,340.0342193303904,875515
2018-05-04,339.8965148925781,342.83336545566726,336.8219762650951,339.57528942257545,1086906
2018-05-07,338.97882080078125,343.93478000780146,336.63848728069104,339.89659206164265,1158622
2018-05-08,339.3000183105469,341.41088083286485,338.29046440537803,339.85065861504455,1266845
2018-05-09,338.24456787109375,339.0246790003687,335.21593408467885,339.0246790003687,729600
2018-05-10,337.6021423339844,341.3650098646696,336.86790856732506,338.24456537063764,1061262
2018-05-11,336.3172607421875,339.48355451420696,334.6193784543867,338.19868046143876,919285
2018-05-14,340.0342712402344,341.5027109416888,335.7666402392557,338.2905113483263,784431
2018-05-15,340.1719055175781,346.4586441319344,338.1069202214275,340.99789403440724,1782317
2018-05-16,343.1087646484375,348.15650618851356,336.8679037576329,338.6575687796487,1962889
2018-05-17,340.8143615722656,346.3209891091548,339.20826187400627,345.54087793979767,1228856
2018-05-18,343.7512512207031,351.96531608487857,336.9138714028285,341.0438425172534,893157
2018-05-21,342.46624755859375,346.45855706280145,339.66705717498814,345.8620115065747,1435221
2018-05-22,343.8888854980469,344.3936484630853,335.90426472348895,342.78754883667517,1474387
2018-05-23,337.92340087890625,346.5963227824173,336.45496121024325,343.2464631686329,1568630
2018-05-24,339.116455078125,343.1087653606485,336.6384616591369,340.0342262691348,1137318
2018-05-25,347.19281005859375,348.5235894110212,340.03420639047624,340.49309195915436,1559715
2018-05-28,346.7339172363281,350.58856713584686,344.71483758127454,348.7530248995335,1349683
2018-05-29,353.8467102050781,355.1774897809051,344.39367710667864,347.6517539879693,1483955
2018-05-30,350.4967956542969,357.2424191905466,348.8448187919369,354.81033125112396,2348568
2018-05-31,351.78173828125,355.17750339292104,349.44143260169164,351.5522954496008,3223114
2018-06-01,354.947998046875,360.04161680912154,351.4604788233021,353.3418985082013,1733390
2018-06-04,353.2960205078125,357.288302661557,352.5617867722968,356.09521135255454,926051
2018-06-05,349.57904052734375,355.13157302948025,348.7530520583101,354.9021302320735,790381
2018-06-06,347.46826171875,354.0761990713899,344.4395992583161,350.5886789137322,1852078
2018-06-07,352.3782653808594,353.3419139428964,347.37640111009426,348.7071805606734,2017889
2018-06-08,350.9098815917969,352.8830843944514,349.2119989911281,352.424198719036,1416758
2018-06-11,354.4432373046875,357.01298537922,351.8275838667309,351.8734612220016,2111468
2018-06-12,355.1774597167969,357.1506622247037,353.6172374501796,355.81991076967574,890594
2018-06-13,356.2329406738281,357.97670062139997,353.7549748561708,355.17750923252083,1387211
2018-06-14,355.0856628417969,356.921205196118,350.58858967534076,356.921205196118,655966
2018-06-15,352.2864685058594,355.957553178562,349.67081507492804,355.957553178562,1370715
2018-06-18,354.6268005371094,357.7472171427032,350.95571558743296,352.1029296342069,1639574
2018-06-19,348.61541748046875,356.09524762140046,346.2750839708469,356.09524762140046,1043988
2018-06-20,348.5695495605469,352.88308613397874,347.05523242584303,347.05523242584303,1215628
2018-06-21,353.8926086425781,354.35149427930133,348.5695184516949,349.8544206410451,1033023
2018-06-22,353.4795837402344,354.9021459520596,349.7626214608675,353.8925919971219,569600
2018-06-25,352.8371887207031,355.6363799922176,350.95574074423695,353.3419517342033,645746
2018-06-26,354.71856689453125,356.0952236871361,352.05703603045924,354.5350014522556,804351
2018-06-27,361.1429748535156,363.8045057882892,353.6631450166303,355.865790341679,2173065
2018-06-28,355.59051513671875,362.97856318410527,353.6172843589004,362.51967751636306,2014384
2018-06-29,359.2615661621094,360.5923176665538,354.71858728214175,357.3342409400578,1551244
2018-07-02,352.1487731933594,359.26149903496287,350.86387127996863,359.26149903496287,2244408
2018-07-03,353.1125183105469,355.6363894615644,349.9921013981932,352.8830754786362,1893774
2018-07-04,354.2786560058594,358.1969566771306,352.3661690535977,356.3777395503312,2452019
2018-07-05,351.52655029296875,356.0979110531319,350.73358586824054,355.35155307545523,2379568
2018-07-06,345.1826477050781,354.55854336935016,344.6228863660221,351.47989871050856,2777742
2018-07-09,349.9871520996094,353.9054523396144,346.30211180951477,346.30211180951477,1796707
2018-07-10,351.0133972167969,354.9783326006411,349.84723975096034,351.85302489807094,2008710
2018-07-11,353.299072265625,356.79754461389575,351.01339227649845,351.47985525626785,4187393
2018-07-12,352.7392578125,357.07735717616276,350.7334729960362,355.16487063571424,2464624
2018-07-13,350.87353515625,355.2116361146036,349.8939456039463,354.2320750329469,1577536
2018-07-16,342.6636962890625,351.6197912663442,341.031075846821,349.8472376231816,906673
2018-07-17,352.5060729980469,353.9520968203798,343.41004506047057,344.529539108865,3469146
2018-07-18,349.1474914550781,356.2843683518161,347.0950432433066,353.5322542390279,3554218
2018-07-19,350.12701416015625,354.0453136041074,347.514833511278,349.14745353448535,2130414
2018-07-20,347.98138427734375,351.9463196209864,345.46247278842026,348.541145549398,1534917
2018-07-23,348.821044921875,351.71312137532334,346.90855790477593,350.1271356996971,1648451
2018-07-24,348.6344299316406,350.2670503021274,347.1417427559247,349.52069247894957,1142955
2018-07-25,346.67529296875,351.8530206665382,345.32253893639194,348.58777980146505,2028167
2018-07-26,348.2612609863281,350.2204112611868,345.64907960027773,345.64907960027773,2236860
2018-07-27,360.109375,361.78863012728914,349.28742953903316,349.28742953903316,2835864
2018-07-30,367.0596923828125,369.34534366600775,358.4301281454261,364.77401262897934,2998129
2018-07-31,393.2749328613281,399.7121448569661,358.84997012274454,369.43868561934653,18573319
2018-08-01,403.25726318359375,409.6011485903593,395.28075727810915,395.3740271015223,9757456
2018-08-02,400.1319580078125,407.2222013427308,397.47311319838786,402.0911083132118,3356054
2018-08-03,407.5953063964844,411.74683790102074,393.69471664508643,393.69471664508643,5007266
2018-08-06,406.75579833984375,413.1463481133949,404.98324436230854,407.7820227912524,2403824
2018-08-07,413.4727783203125,415.01210039116177,407.1755283726785,407.1755283726785,3264114
2018-08-08,415.2920227050781,416.78471006929266,411.93348325325616,415.2920227050781,2903147
2018-08-09,415.9916687011719,416.7846614400095,411.5136356016561,413.5194206676759,3303838
2018-08-10,412.9130554199219,414.7789074295278,410.4874421133057,414.07921292592556,1682527
2018-08-13,411.6069641113281,414.6389736225475,408.9947542192769,410.440806607013,1636383
2018-08-14,422.615478515625,423.54840451676324,410.95390350139695,410.95390350139695,2732923
2018-08-16,415.05877685546875,425.274328070469,413.93928272396454,421.0761610183827,2271009
2018-08-17,425.60089111328125,428.21307276147684,414.2191814947619,417.01795974810494,3213894
2018-08-20,422.89532470703125,427.0934915114186,418.2306949243786,426.2538638446693,3313045
2018-08-21,428.0263977050781,430.7319056306103,421.4959163108904,423.78159618711186,3651453
2018-08-23,451.4895935058594,456.52738870734987,431.10515270630714,433.8106326783442,11287480
2018-08-24,443.23309326171875,451.3961947481772,441.88033934142163,450.6032020525078,2451638
2018-08-27,449.6236877441406,457.7401266930789,443.3264373750106,443.3264373750106,4340143
2018-08-28,453.16876220703125,456.1541365166715,450.6032159464665,450.6032159464665,2612757
2018-08-29,445.75201416015625,455.4544669611636,444.6791549958067,453.96177972480547,2647406
2018-08-30,447.7111511230469,451.8626829277156,443.5129844098206,445.7520009627466,3133686
2018-08-31,446.6383361816406,450.27674199896563,443.18649848764545,450.27674199896563,2509851
2018-09-03,435.0699768066406,448.7839697496766,433.81052121221956,448.7839697496766,2667557
2018-09-04,418.51055908203125,436.3760841444313,413.9392279246192,433.8105379522406,6220706
2018-09-05,426.25384521484375,429.9855488778682,415.8983618558229,415.8983618558229,3769921
2018-09-06,423.6417236328125,434.2304399602908,418.4173320755333,426.53380007261376,2407025
2018-09-07,436.88922119140625,437.96210883545416,420.74961326805015,426.02063931441967,2225030
2018-09-10,419.7234191894531,436.79598278299613,417.99750032343155,436.79598278299613,1861480
2018-09-11,413.98590087890625,423.87492189543764,412.07341402084893,419.7233899237194,3437600
2018-09-12,423.7349853515625,430.07887053519175,409.92766396566196,416.03834612831884,5951399
2018-09-14,436.8425598144531,438.3818818804829,426.0206135034589,427.2800691831704,4145878
2018-09-17,430.871826171875,436.60931467702875,423.594987178208,436.60931467702875,2108447
2018-09-18,438.8483581542969,443.27975638618466,430.87185272515495,431.8047786687103,2843314
2018-09-19,435.5364990234375,442.20691407966706,431.47826532035026,439.12826973698924,4251592
2018-09-21,425.1343994140625,435.39658565124455,401.29812248076763,433.81060002633205,3634800
2018-09-24,403.3972473144531,426.8136985463145,400.22530421064243,422.5222327137962,2851579
2018-09-25,408.1551513671875,411.8402206935031,393.6947974330357,401.29813913008996,3324143
2018-09-26,407.17559814453125,412.67985631078045,403.0707006246829,411.3737654956671,2052494
2018-09-27,407.968505859375,410.48741730838725,397.79961871563626,408.6215654115309,2875616
2018-09-28,398.2660217285156,411.88674421901345,388.6102339218928,411.42028131502815,3675960
2018-10-01,409.78778076171875,411.4204014022037,394.6743668729718,396.49358411777,1829837
2018-10-03,396.7733459472656,412.81968168579306,393.3215374426706,410.48736709999764,2273144
2018-10-04,387.5841064453125,396.4935380894182,382.5929468011175,390.9426171679099,2016129
2018-10-05,391.87548828125,396.4934825843104,376.8554050116248,384.87854447093866,3797505
2018-10-08,382.21978759765625,394.9075582222849,377.69509087444425,392.7618398441719,2069981
2018-10-09,366.0802001953125,383.1527651058771,358.0570299480509,381.566779329209,5737986
2018-10-10,378.0682678222656,383.9923537154599,365.2871700202763,368.17924636276757,3567594
2018-10-11,366.9664306640625,370.04507493209394,359.17649323356994,365.2405119505003,4493264
2018-10-12,380.4937744140625,383.8056494520825,370.65139062824835,370.65139062824835,3680197
2018-10-15,369.76513671875,383.4324936321939,366.6864645780082,383.4324936321939,2730907
2018-10-16,379.3743591308594,380.9136813648293,371.25791986508955,372.05088420305043,1943053
2018-10-17,376.0157470703125,394.62762889957565,373.87002903429067,381.5666671865874,3809686
2018-10-19,377.3218994140625,386.2313305542934,371.3045158468811,377.2286011280133,2437432
2018-10-22,377.55511474609375,386.23131403544625,375.78253279888895,380.63375875957024,2276552
2018-10-23,373.7300720214844,382.1730389164619,370.37153352960775,372.7038479724894,2552727
2018-10-24,377.9749450683594,381.19355100216814,373.73014336030735,376.90208591397004,1262996
2018-10-25,371.8176574707031,378.39480305755677,369.4387074850038,376.8554808038312,3241540
2018-10-26,371.5377197265625,377.8349692134534,367.572784864446,368.55234561859623,1294180
2018-10-29,381.93988037109375,388.7502569265513,373.1703820861963,373.8234416431034,5964529
2018-10-30,369.76513671875,380.12061851827207,362.16179734450145,378.0681704244442,4806534
2018-10-31,358.9432678222656,374.8030093504749,354.04540646796573,371.3045369545464,7847341
2018-11-01,345.78900146484375,361.1822798086264,344.6228440145572,358.94326319820436,6914459
2018-11-02,344.66943359375,349.7538619059285,340.9377305518716,348.63436807574584,6169192
2018-11-05,342.243896484375,348.214616975493,338.27896112698494,344.24968161810295,4362441
2018-11-06,341.4043273925781,343.8299125450441,339.5851100575827,343.31681456371,3681999
2018-11-07,344.5295104980469,345.46243636288926,342.5703889583882,343.78318119442815,361716
2018-11-09,353.0948486328125,355.6222865837571,343.5466735274581,348.2271459188404,3518530
2018-11-12,352.2523193359375,358.9454173026262,350.56736080439896,353.8436912792064,3151205
2018-11-13,345.9337463378906,351.0354733102692,342.7978522968575,351.0354733102692,3678684
2018-11-14,354.639404296875,356.7456169055926,345.41886782968834,348.2271513079785,3170677
2018-11-15,364.00030517578125,364.93639955526515,351.3162091933744,358.0561001525918,3649804
2018-11-16,370.36572265625,371.6294557380954,363.48542349272054,367.74466991173034,3658867
2018-11-19,382.3946228027344,383.70514945627724,368.11918094779753,370.78705612267964,3624536
2018-11-20,368.9147644042969,380.4755345679831,367.9786701168296,380.05428071169064,1734543
2018-11-21,374.9057922363281,377.66728203304194,368.96158732011327,368.96158732011327,1189054
2018-11-22,375.1866149902344,380.28834077338917,369.94450933128627,369.94450933128627,3013407
2018-11-26,392.2703552246094,393.2064496444914,373.73569713788004,375.8419095826145,5599857
2018-11-27,393.95538330078125,395.2659099114726,386.93467442135903,393.1596972476459,3658792
2018-11-28,388.29193115234375,399.29103994045005,386.8409963136118,394.09572764193723,2591499
2018-11-29,388.43243408203125,394.142587823404,385.1092813821019,390.1173927979547,2462246
2018-11-30,382.95623779296875,391.6619045824595,380.56917985129,388.6195976788702,4471587
2018-12-03,386.5601806640625,391.1002154946617,381.59886337362815,386.41974365500647,1489299
2018-12-04,382.8626403808594,389.4153017076711,379.11826247982407,386.79424860388093,2328913
2018-12-05,383.37750244140625,386.32622305790693,376.1227698508077,382.3009994478818,2710255
2018-12-06,374.9993896484375,381.7860734565467,369.75725575215586,381.7860734565467,2984610
2018-12-07,385.1560974121094,387.7303573135779,375.9355607788364,377.71413463365633,2219884
2018-12-10,379.6798400878906,384.5475131317802,376.49712529624554,381.73923033315276,1450549
2018-12-11,386.0921325683594,389.696073022517,370.6933688253238,370.9273924167539,2266498
2018-12-12,403.0354309082031,405.2820803132358,387.2622631840954,387.68348852203866,4236256
2018-12-13,406.9202880859375,412.81767197290134,402.75465615950293,406.26501051301403,3906222
2018-12-14,415.6726989746094,417.77891133448657,398.77620680341676,398.77620680341676,3600390
2018-12-17,414.1281433105469,420.0723482697244,410.75819786722843,415.6726933065957,3996750
2018-12-18,414.59625244140625,416.5152633258084,410.0093950594597,412.6304482584756,2109797
2018-12-19,427.6079406738281,429.48012960596805,416.84285431402344,417.4513385708377,4720385
2018-12-20,415.6726989746094,424.9868495041108,411.97514330544726,423.81673152640127,2723047
2018-12-21,409.77532958984375,419.83834453693873,406.45220584820197,416.56201408904735,2130122
2018-12-24,398.63580322265625,413.70692867288,397.1380464794497,410.94543878486365,3263009
2018-12-26,395.5934753417969,402.33333747570884,387.7302885685667,397.746480905269,7349664
2018-12-27,402.4737854003906,404.3927674300118,395.35946248213673,400.648389953808,3386941
2018-12-28,405.5628356933594,409.3072127107245,401.1163879852383,404.2523094507475,1925920
2018-12-31,403.12908935546875,411.7879634513416,401.537745851224,405.93737284602213,2076007
2019-01-01,394.8915100097656,406.218260305396,394.18943906459026,404.1588407726123,1617567
2019-01-02,389.78973388671875,398.1677908694209,384.73482943246023,394.985075366172,2550167
2019-01-03,395.0318603515625,398.7762381748,387.07505747718267,389.78972568556276,3271824
2019-01-04,392.4576416015625,398.26143926088844,390.25781368710807,395.96799617760513,1831799
2019-01-07,393.5809326171875,398.5422218973724,391.66192180705093,394.61061368366404,1394010
2019-01-08,389.78973388671875,395.4999159007651,387.54311285897455,395.35950744290665,1412597
2019-01-09,394.5638122558594,399.52510143380306,390.35138721398187,392.9256469617959,2975792
2019-01-10,394.2361145019531,396.8103738646325,391.8022635728628,395.4998475389165,1089796
2019-01-11,394.70416259765625,395.73387205864356,391.8958796498717,395.45305519079767,929656
2019-01-14,405.7969665527344,407.4819252291327,393.90855495228226,395.35951857055477,3145076
2019-01-15,398.869873046875,410.0093919080792,396.9040688790538,407.1074932381847,4594571
2019-01-16,396.7635803222656,400.08670370684956,392.55115591330116,397.9804915023673,1621386
2019-01-17,393.4404296875,399.4782494541615,390.9597854629381,398.6357702830145,2118185
2019-01-18,396.9976806640625,399.71234898350417,391.802339081369,395.92117770930736,2301927
2019-01-21,400.7887878417969,406.0309218839086,397.0444104641931,397.93371151830695,2235926
2019-01-22,405.6565246582031,406.5926190829054,396.15517196094186,400.8356440844533,1553097
2019-01-23,403.12908935546875,408.1839939249974,401.2569003617665,405.6565559239015,1537391
2019-01-24,402.8949890136719,406.077703983459,400.08670605786,401.9588946950679,1179389
2019-01-25,402.5205993652344,410.43060861690356,400.83564084133695,404.5331966485936,1819072
2019-01-28,400.0867614746094,404.3928016500913,395.4999043915824,403.2226835897612,1613234
2019-01-29,396.1083679199219,398.91665132037133,390.9130550560249,397.84014839699955,1910592
2019-01-30,403.5970458984375,404.8139856112479,397.231616177368,398.3549121807347,1919495
2019-01-31,415.29827880859375,419.55752550962853,399.8995429220859,406.6862273868328,10969400
2019-02-01,422.9742431640625,426.8590290527205,413.1452523635064,421.24246288097413,6034606
2019-02-04,418.85540771484375,428.73119119424155,415.25143893129496,423.11462537073623,2210541
2019-02-05,420.35321044921875,424.05079503373213,415.8131751222629,419.27670752187186,1499771
2019-02-06,424.7060546875,425.922966020625,418.5278257306569,422.17858829736673,1491252
2019-02-07,430.4161682128906,432.47558719790885,424.0507380966509,424.51878526894296,2064428
2019-02-08,423.06787109375,434.5350273741317,420.8212217033185,430.50980435571995,1970613
2019-02-11,420.25958251953125,423.58270613520557,413.5664848615392,422.17856456790656,1208431
2019-02-12,417.7321472167969,423.9571695795017,415.6259347098214,422.0849806844124,1103428
2019-02-14,412.0687561035156,416.0003353457637,409.0732426707553,410.47738423598673,1107732
2019-02-15,406.5457458496094,415.1110316071822,402.61416690306015,411.881494823114,1882950
2019-02-18,395.3594665527344,406.7330075403381,390.8194031026264,403.7843159609347,3075577
2019-02-19,393.9085388183594,400.08676799099703,391.006668835345,393.1596746744852,1806783
2019-02-20,397.5593566894531,398.77626814653325,394.3766124466199,395.26591367341234,912999
2019-02-21,399.29107666015625,401.35049587935777,396.0615679445021,398.77623613902364,892660
2019-02-22,407.57550048828125,408.3243931568431,398.21455638626594,398.91662719391707,1427270
2019-02-25,404.2992248535156,411.7411878502761,402.28662731225063,410.4774545117438,1630382
2019-02-26,401.4441833496094,405.8438109215516,396.9041187308473,399.47837893487997,1333714
2019-02-27,406.82666015625,412.8176590181022,402.05257267182515,403.45671436916564,3023613
2019-02-28,410.0561828613281,411.8815785568672,405.32891707982617,409.9625962655257,2950017
2019-03-01,416.8428649902344,417.54493585776834,411.60075869985013,411.60075869985013,2704142
2019-03-05,414.50262451171875,417.3577298174614,411.92836469050985,417.03009103584026,3043292
2019-03-06,408.8392333984375,416.562012277744,407.43509178401814,414.73661675206506,1699096
2019-03-07,405.4224548339844,413.5664582600794,404.4863605159966,410.71138201714916,1361590
2019-03-08,404.58001708984375,407.71591052235,403.2694620565961,403.92473957321994,832863
2019-03-11,414.0345153808594,415.62588718666007,405.04803256582437,406.5457606567754,1940292
2019-03-12,418.7149353027344,425.6420554197306,416.28111317225313,419.37021268698925,2683161
2019-03-13,412.1624450683594,419.3703849872641,411.0859419810789,418.7151073337854,1630557
2019-03-14,410.8518371582031,412.63041085110706,407.3414830666817,411.88154673851636,1205591
2019-03-15,398.2613830566406,411.08585949087137,396.43598750777016,410.0093566196064,2771756
2019-03-18,400.22711181640625,401.25682127345266,395.21903009922266,399.47824779346234,1598197
2019-03-19,399.7591247558594,402.42699966057097,398.21457462176386,402.42699966057097,1463935
2019-03-20,398.822998046875,400.6016002177237,396.48276210347746,399.8995294347045,2261001
2019-03-22,397.88690185546875,400.648391683021,396.99762934143206,399.24425012338423,2909755
2019-03-25,393.1128845214844,396.8104405415148,389.60253025525134,393.67451835021274,3136076
2019-03-26,397.9337158203125,404.11194427361715,393.4404457782125,395.0318176078311,2340305
2019-03-27,384.96875,399.75902732686797,383.2837918220682,398.02727586462146,5120542
2019-03-28,384.68804931640625,390.6322265856613,381.4117185398808,383.7987481072716,6247333
2019-04-01,375.32708740234375,385.0624641309373,373.59530692754845,383.8455241852781,5907663
2019-04-02,376.3099365234375,381.92650274020525,374.06331575019703,376.40355167385025,4074190
2019-04-03,377.6672668457031,382.7221704872036,376.4503270828121,380.89677512653293,3689189
2019-04-04,379.1650390625,380.8032043219902,377.48008050824404,379.67990814159793,2366959
2019-04-05,374.765380859375,381.13081104850835,374.1101033837292,379.5862610757235,2956038
2019-04-08,375.4674987792969,379.11826151,374.81222122135745,375.42067691525193,1381349
2019-04-09,377.85455322265625,378.6970325904286,374.43781388442846,376.31000295385064,1468121
2019-04-10,377.5268859863281,382.62861224317146,375.60790376164533,380.7564233147645,2861296
2019-04-11,377.9013366699219,380.24157276877617,373.7824982820702,377.7141063550795,1319979
2019-04-12,381.2712707519531,383.19028157874516,377.24607590987415,378.74383279320693,3346428
2019-04-15,379.8203125,384.7348082255083,378.9778332319512,382.8626193776956,1289166
2019-04-16,382.8626403808594,383.7987348561182,380.3819957348907,380.66281265053385,1586331
2019-04-18,379.0714111328125,385.6708647458265,377.76085621427666,383.7050609353547,1435665
2019-04-22,377.7608337402344,379.91386771593045,375.8418519009227,379.773459287964,838599
2019-04-23,377.2928161621094,380.70958339185927,376.3099285220073,378.27573236954396,1045407
2019-04-24,373.174072265625,378.46300055587477,371.6295220311043,378.0417751650077,1863429
2019-04-25,369.8508605957031,376.0290886382575,368.6339208753328,373.1739839063865,1937889
2019-04-26,372.518798828125,374.9994434139748,369.289261539816,369.99133237924525,1400795
2019-04-30,372.6591796875,377.3396516037777,371.6294701524522,373.08040501956486,2073958
2019-05-02,357.7284240722656,374.15689585806376,352.81392909287246,372.65913929373505,13091778
2019-05-03,355.90313720703125,361.23885866985523,353.1884403269591,357.72850432562757,5523649
2019-05-06,353.6097412109375,356.60525540921725,351.1290961918868,355.7159540970384,1785915
2019-05-07,351.50341796875,359.7878584332774,350.52053035742114,354.35849422438645,3510917
2019-05-08,343.7806396484375,351.7374413829827,341.6744274245873,351.5034178025549,5290060
2019-05-09,343.8274841308594,344.95080891109984,341.11281590717,343.54666721946717,1718130
2019-05-10,346.1676940917969,347.71227268959547,343.9678951285491,344.6699659212453,3122309
2019-05-13,339.9427185058594,348.46118433331804,338.91300882256877,344.48278263172875,2096407
2019-05-14,345.04437255859375,347.0569696360038,337.5087961314252,340.4106942410388,2082247
2019-05-15,340.31707763671875,347.15058329359306,339.33419003045964,345.4188030930748,1360428
2019-05-16,337.9768371582031,341.7680362312144,334.7005070929823,341.7680362312144,1864739
2019-05-17,346.4017639160156,353.18844915108224,337.93011998055715,337.93011998055715,6586973
2019-05-20,357.9624938964844,359.9750911489208,350.3333302275738,353.4692521902387,4140456
2019-05-21,358.4774169921875,365.03007879909904,357.2604769447866,365.03007879909904,2949046
2019-05-22,361.00482177734375,362.2217617123467,354.639390894055,358.5241771787387,1811235
2019-05-23,360.8175964355469,368.4935533438445,359.7410650260697,365.3576314031658,2477785
2019-05-24,373.5484619140625,380.00753618016614,363.2046301373425,365.07681895248345,5822005
2019-05-27,374.5314025878906,382.3009752500782,372.0039360958201,374.62501774821476,3052919
2019-05-28,372.6591796875,379.96070444995985,370.740169061426,376.3099420687299,3755326
2019-05-29,373.5017395019531,375.13990502608453,366.0129828202097,371.34873338288776,1312259
2019-05-30,371.02093505859375,376.3098614778392,369.00833827908076,374.3908798300697,1171056
2019-05-31,370.6466369628906,377.433322239152,369.6169272764731,371.5827314837543,3194649
2019-06-03,382.67535400390625,383.33063146753574,372.6123398689221,374.4377352552242,3171471
2019-06-04,379.6330871582031,384.07953572996837,378.3693825232537,382.5818074859787,1662840
2019-06-06,377.1992492675781,382.5817920584547,375.84190096294526,380.05432575580517,1621809
2019-06-07,378.322509765625,382.2072954396095,375.2334099688014,377.3396221668169,1097730
2019-06-10,383.1434020996094,387.8706956590388,380.896781396111,381.92649088401964,2216371
2019-06-11,383.56463623046875,387.4962436846566,380.99037692690854,384.7347540957234,1644164
2019-06-12,382.8626403808594,384.21998879691915,380.1947654129045,383.51791794047506,930133
2019-06-13,382.9093933105469,384.73478877179895,380.2415471911784,384.59438032877955,1347458
2019-06-14,374.95257568359375,382.76896911987353,374.43773522459276,381.9264899290846,1247599
2019-06-17,375.2334289550781,378.74378279605617,372.89319306109275,372.89319306109275,1561211
2019-06-18,362.923828125,373.7357075488852,357.8688952629564,372.5655894914372,4943967
2019-06-19,357.541259765625,362.268524956339,354.8733850699217,362.268524956339,2457109
2019-06-20,363.01739501953125,364.88958380986884,352.76717853283304,355.71587016414804,1635129
2019-06-21,367.51068115234375,368.7744143539475,361.2388370065089,363.2046410348553,2511877
2019-06-24,367.2766418457031,371.06781272114137,363.25141880401924,367.510665444615,1284017
2019-06-25,369.10205078125,370.13176044711156,363.3918971718432,364.70242376142284,1284969
2019-06-26,369.0552062988281,371.8634894158769,367.51065629791793,368.82118270574074,1161718
2019-06-27,375.4674987792969,377.15245740351793,369.80411007806674,371.255073651408,1810323
2019-06-28,374.9057922363281,377.3396432926523,369.10199576104236,377.24602814292194,1385118
2019-07-01,376.075927734375,379.44587331055186,373.7824850119859,375.1866266214484,1475814
2019-07-02,376.9184265136719,378.322568195879,372.37836269440163,377.2460652863207,705067
2019-07-03,381.598876953125,383.79870450951216,376.8716116537829,377.8077060550256,2134582
2019-07-04,377.1992492675781,381.59887579972036,375.1866234571224,381.59887579972036,1981032
2019-07-05,381.2712707519531,385.2028789997847,377.807738312041,377.807738312041,3490386
2019-07-08,375.7015075683594,382.8158309947881,374.20375075742675,379.30547686010306,1995705
2019-07-09,380.28839111328125,381.22448561448317,371.9103339005892,375.982350694285,1626488
2019-07-10,383.56463623046875,384.6411389530369,378.18209405029745,378.18209405029745,1681840
2019-07-11,383.0966491699219,385.48367856249496,379.3522714138322,384.73481443821106,1473109
2019-07-12,381.645751953125,386.6070415435771,380.0543798224995,383.8455512484735,1868831
2019-07-15,384.4539489746094,385.3900432953975,380.1947026746245,380.9903885607607,1439581
2019-07-16,397.8401794433594,399.6655752230348,381.22450136072496,382.4882347030127,3403659
2019-07-17,403.5970458984375,405.56284961349235,397.3720246068725,397.8400717501079,3953381
2019-07-18,401.4908447265625,407.4350493215727,399.38463252444063,402.4269390386167,3432159
2019-07-19,393.3468322753906,407.5754483498817,389.2748163984528,403.5034324729439,12364368
2019-07-22,394.4701843261719,401.49089250200785,391.10023868830365,396.5296034846843,3104361
2019-07-23,396.6700134277344,400.1335742344503,391.5682873738243,395.8743274513445,2420287
2019-07-24,394.0489807128906,396.67003381618696,387.1218587434115,396.67003381618696,2726560
2019-07-25,395.8275146484375,399.10384498135085,392.27033886087446,393.9085040273311,2074309
2019-07-26,400.7887878417969,402.05252092020464,394.6105594552842,396.1551379774116,1517097
2019-07-29,400.5548400878906,406.12461391846693,397.8401716886591,401.5845497751406,1868355
2019-07-30,395.9211730957031,401.8185569129185,393.6745234821577,400.6484388089205,1587114
2019-07-31,399.19744873046875,402.14614023239943,389.1344344239545,395.92111849113854,1776047
2019-08-01,398.2145080566406,400.6483589412452,394.8913847306724,397.325235615277,1848165
2019-08-02,399.2442626953125,401.53770540853805,395.5935002387635,396.90402668889215,2240395
2019-08-05,402.1461181640625,404.39273877713595,394.0957014471626,397.18480121922215,1525725
2019-08-06,405.7969665527344,410.945486312919,398.40182570157293,400.78885525436004,2116448
2019-08-07,404.52886962890625,411.43306027783365,403.16683674343017,406.73633584543825,1457292
2019-08-08,408.99072265625,411.3390846704298,405.3272836474352,406.40752444065225,1319364
2019-08-09,412.4192810058594,414.1101186737178,405.1863439817956,409.8830675038599,2005066
2019-08-13,403.2137451171875,411.902684295601,401.1002193710869,411.4330119075786,1357430
2019-08-14,405.5621337890625,407.53476368208356,400.1609009707947,404.2470567492249,1117663
2019-08-16,402.0865173339844,405.4212084674182,401.19415700239614,404.8106401002205,1115520
2019-08-19,405.8908386230469,409.5542771116119,402.1334599339495,402.1334599339495,1127677
2019-08-20,405.5621337890625,406.9711510460019,402.22747108091767,405.89091021565423,1064051
2019-08-21,401.14715576171875,405.5151316925085,396.0277441795378,405.5151316925085,1151788
2019-08-22,401.56988525390625,405.65604069681285,399.0336429330602,399.22152335183665,1582956
2019-08-23,398.6578674316406,403.58942688997234,397.201894677219,400.1608246189132,1681100
2019-08-26,409.4134216308594,410.4936623774947,393.8202927958001,400.16086996066986,1464917
2019-08-27,413.4525451660156,419.7931216026177,409.5542705716317,409.5542705716317,3122216
2019-08-28,408.4271240234375,415.33131431482036,406.877210774318,414.2510734846176,1583233
2019-08-29,415.98883056640625,418.0084160567458,405.7969342393577,408.3801323161129,1652654
2019-08-30,421.5779113769531,423.033912936066,417.06906805379305,417.726620843912,3191823
2019-09-03,416.1766662597656,424.86560490996084,412.74806376893974,420.7794783157924,2282758
2019-09-04,415.37823486328125,419.6991975194431,407.6286411431941,416.64632726607545,2053458
2019-09-05,412.3254089355469,418.61900185760715,410.5876153327401,417.4918053043341,887639
2019-09-06,414.5328063964844,415.80092748015244,410.6345316083033,413.73438633132804,500428
2019-09-09,417.30389404296875,420.07497244807496,411.43298951225734,414.2510236869988,1327946
2019-09-11,421.85968017578125,422.7050846117,414.9085356288046,418.0083614493478,3044215
2019-09-12,422.8929748535156,424.3019918350358,419.4643439319309,421.85969000042945,1327793
2019-09-13,424.7716979980469,427.0730753846018,419.4643773450059,424.302025633461,2368150
2019-09-16,427.16705322265625,429.5623710264522,421.7658205540905,422.6112251515168,2261361
2019-09-17,424.3020935058594,429.1397139016259,422.9400319640713,427.4019201413713,1991114
2019-09-18,432.0986022949219,433.9772918701172,424.53688822137195,426.4155777965672,2286519
2019-09-19,430.7365417480469,434.77574154271457,428.716956183977,434.77574154271457,1914739
2019-09-20,418.6659851074219,440.7405877113237,414.3449933325014,430.6895869739997,5241569
2019-09-23,414.0632019042969,424.34903956512727,406.4545314883731,416.1297720583318,3523419
2019-09-24,424.48992919921875,426.0398424582533,409.55435191542546,414.25107613463905,3051265
2019-09-25,418.5250244140625,425.80494592247953,415.1434063885344,424.5838092650972,1691954
2019-09-26,420.07501220703125,422.5172857897409,416.12975252237464,418.5250703310048,1913386
2019-09-27,419.9810791015625,421.6718883284486,415.1904147366796,419.13567448811943,1470958
2019-09-30,420.1219787597656,422.00066843560586,415.23737413596933,418.9477977123655,1130716
2019-10-01,412.98297119140625,424.1142137643754,411.43305787108847,418.9478169189622,1043636
2019-10-03,407.3468322753906,412.3253764935146,405.4681428345572,409.64823830702187,1637904
2019-10-04,399.8790588378906,409.60125375830575,398.5169975270511,408.3801170887106,2334293
2019-10-07,406.3135681152344,407.62867372425,395.93381989075897,399.36242256220146,1546043
2019-10-09,416.88116455078125,418.7128981742951,405.0924000844975,406.54837289645207,1488325
2019-10-10,412.74810791015625,416.5524716286353,409.9770578928496,416.50548718774803,571364
2019-10-11,418.572021484375,419.88709838583515,413.3116852120078,414.626762113468,846266
2019-10-14,427.40185546875,429.1396489660491,417.0690633585165,419.74620159310956,2030424
2019-10-15,422.7051086425781,431.2061665831134,420.26280672600495,430.7834786743857,2746832
2019-10-16,428.4350891113281,430.2198381651716,422.7050811666533,424.5837704162829,927864
2019-10-17,434.35296630859375,435.4801913704678,426.83820900683077,428.29421043396184,1122519
2019-10-18,438.2043151855469,439.3315403246603,433.0379191865747,434.44693627720346,918558
2019-10-22,443.934326171875,450.88547145686306,437.45285325298784,437.7346452060379,1981127
2019-10-23,443.1358947753906,449.1007397918413,439.9421282940987,445.2494205056389,1432436
2019-10-24,441.30419921875,449.9461833084044,436.13780254193114,443.4177251319941,1429210
2019-10-25,437.31195068359375,444.1222003358094,434.91663296218417,443.51163196236456,649773
2019-10-27,440.8345031738281,442.24352037382954,438.6740216004373,440.2239347871332,153353
2019-10-29,437.59375,441.3980847055052,430.87744088623674,440.8344721318865,1134661
2019-10-30,432.4273681640625,439.42546946117915,429.23360169737975,437.5937643699258,1796647
2019-10-31,433.9302673339844,436.79525701554144,430.3607405068465,433.97722309931214,1885493
2019-11-01,435.7150573730469,443.32375539541516,433.0379191676639,434.4469362582311,1818491
2019-11-04,432.47430419921875,439.56637404898345,430.21988260012154,436.04383134210474,1679706
2019-11-05,452.1535949707031,454.07924021529374,427.58973582697934,431.20619013186763,8858287
2019-11-06,447.644775390625,458.1184933683524,444.7797850737628,455.1125783912103,3883468
2019-11-07,448.7249755859375,451.63692122874807,443.3706993182385,449.52339564937085,1456741
2019-11-08,444.920654296875,454.924670582616,442.99500894291856,448.72501789840106,1561299
2019-11-11,448.4902038574219,451.4491343604361,443.4647032465564,445.62518490487673,1100336
2019-11-13,437.0435485839844,452.82384505972703,435.6775103186728,451.26937384362617,1734670
2019-11-14,435.771728515625,441.61280538856454,428.6588297638333,438.55095660453713,1593020
2019-11-15,434.9709167480469,439.5872363947051,433.41641682804345,437.60880547447135,594085
2019-11-18,428.7530212402344,436.0543525301663,426.02091592707137,434.97093492763315,1318573
2019-11-19,427.43408203125,430.2132812411125,422.6293291801189,429.5067007850883,1811882
2019-11-20,441.65985107421875,443.6382819767026,429.129836609872,431.48510464834544,2389925
2019-11-21,437.373291015625,446.46462023218083,435.63038685214923,442.7904077056408,2168444
2019-11-22,436.9493103027344,437.98563397869464,430.59008666717875,437.2319597148128,1117561
2019-11-25,442.41357421875,443.44989795297823,436.8080245319009,436.85514714531195,1229982
2019-11-26,435.9601135253906,449.33804747209894,432.4272114708899,443.07301149478656,6724984
2019-11-27,442.1309814453125,443.21442793178426,436.05440610152573,438.17414770418435,1173971
2019-11-28,439.25750732421875,444.43909722294944,437.42038667797243,439.96408776495474,893025
2019-11-29,432.52142333984375,439.869848034675,430.825613121231,439.7285377041648,3751777
2019-12-02,427.481201171875,432.5214811397157,423.24171818504647,432.3330481733008,3468701
2019-12-03,424.9374694824219,428.47037171872677,423.6656476780177,427.3398602536084,2600811
2019-12-04,431.2967224121094,432.19173587228744,420.3211778126039,426.68040226413075,3264668
2019-12-05,439.1162109375,439.82279140068493,429.22408445291086,429.6951380950341,2047971
2019-12-06,436.9493103027344,444.53329055563586,434.2172051576247,441.61275246914056,1614204
2019-12-09,438.4095764160156,441.37720824530055,434.78245806874327,436.9964156638962,1721369
2019-12-10,430.4487609863281,437.98561835969633,428.658763110319,436.80798439510755,1963909
2019-12-11,425.2671813964844,432.56851214612226,422.44085981597937,431.95614822051215,2047964
2019-12-12,431.2024841308594,433.69906250232515,425.5498408365986,426.86878518842667,974325
2019-12-13,433.36932373046875,436.00721246153927,431.1553660003752,433.36932373046875,855397
2019-12-16,432.8982849121094,435.2535530563537,429.6009095101673,434.311445798656,903982
2019-12-17,433.9345703125,435.63035172621994,429.97770867938107,432.4271930831771,1011059
2019-12-18,436.0072326660156,437.3262058435027,430.7314549593963,431.95618290896886,1178799
2019-12-19,433.36932373046875,439.02196708347486,431.9561628922172,436.7609154924386,1348905
2019-12-20,433.1808776855469,435.20643115978555,431.2024755724868,433.275094155414,1603344
2019-12-23,434.31146240234375,436.1014605102345,430.4959393631336,431.4851405212005,1339055
2019-12-24,431.2024841308594,434.3114264423706,428.32903987244515,432.8982656188054,748881
2019-12-26,431.1083068847656,434.4998989200821,430.2604160636448,431.2025233650753,744378
2019-12-27,433.1808776855469,434.2172013524255,429.5066653673681,433.275094155414,1081584
2019-12-30,435.81884765625,438.69226345339507,431.81489158599305,432.89830924307233,1349981
2019-12-31,431.8619384765625,439.77563327505374,431.0140477393724,435.81880025122325,1167751
2020-01-01,433.1808776855469,434.12298488255834,431.06113649227103,433.0866899665097,495678
2020-01-02,433.3222351074219,435.4419763904221,431.48511449515587,433.18089602122353,502422
2020-01-03,429.2240295410156,434.0287818261536,427.2926926048921,432.42718814749793,1376230
2020-01-06,422.0640563964844,430.02487431768844,419.8972211787103,427.7167000089373,1415568
2020-01-07,427.2456970214844,429.60096547253994,423.14752416648054,424.23094190379896,966767
2020-01-08,430.2132873535156,431.4380440785248,420.7451206086018,423.7598466799718,1291151
2020-01-09,434.02880859375,437.13775092543045,431.2495807890427,432.5685251494274,1811623
2020-01-10,439.82281494140625,441.8483399607824,433.2751574651079,436.1956959527554,1037751
2020-01-13,450.9867858886719,451.6933663791487,442.31938703848937,442.55491386864827,2755979
2020-01-14,454.70806884765625,455.6501761191735,449.9033160127516,453.1065037365762,1804874
2020-01-15,462.15069580078125,463.61097927555227,452.4470027140147,454.0485965248393,1346372
2020-01-16,459.37152099609375,465.77783907671284,457.2517795906316,463.28126050489067,2012701
2020-01-17,461.302734375,463.46959794896776,458.5235356888695,459.7482634148488,1015739
2020-01-20,457.9112243652344,464.176260674214,456.4980634686222,461.30281626727003,1406615
2020-01-21,458.80615234375,460.0780026640674,452.6353624111206,457.2987752511822,788507
2020-01-22,458.6177978515625,465.4009815526627,458.0996503643365,460.8788782524837,1140015
2020-01-23,461.44415283203125,463.5168004318568,454.8023077408107,458.52364314705034,798731
2020-01-24,471.52471923828125,472.84366375171805,461.6325922612544,461.679686127478,2564212
2020-01-27,464.6473083496094,476.5649593414206,463.1870248579985,471.4304633158881,1640739
2020-01-28,460.1251525878906,470.299927639476,458.5706814517795,464.6943782765079,1372031
2020-01-29,463.1399230957031,466.81413556695185,460.40781786071466,462.4804365299885,830287
2020-01-30,451.0338439941406,467.4736269361395,444.81593042076526,463.5167650028557,7747030
2020-01-31,467.0496520996094,474.3038891595321,452.25855731543675,455.932798456673,7462427
2020-02-03,468.22735595703125,471.9015688954607,455.8857438426045,456.82785119865486,3688146
2020-02-04,474.209716796875,483.3010465222239,469.2636534552733,469.3578699357562,3128490
2020-02-05,481.5581359863281,483.3010402246342,474.35102096121506,475.7641818975444,1728547
2020-02-06,480.1449279785156,488.0115288363722,476.04675591476234,484.6199659223433,1730852
2020-02-07,483.9134216308594,487.7289445692538,477.08311518107087,483.11259595136244,1439486
2020-02-10,483.15966796875,487.5404895713603,479.10861839631553,483.8662483884186,1094750
2020-02-11,479.43841552734375,487.06949066707205,478.4020917119279,485.04393690250885,1212549
2020-02-12,489.80157470703125,492.95761094509743,481.6994179812315,481.6994179812315,2805428
2020-02-13,483.0184020996094,488.765233365875,481.08706497251865,488.765233365875,1632953
2020-02-14,476.800537109375,487.0224076397186,474.30395837406104,485.18528680101196,1260687
2020-02-17,471.9486389160156,480.474698037725,471.2891523399449,477.1302287968146,1336491
2020-02-18,475.3402099609375,477.83681721860916,467.2852043301756,470.1115261305597,2041114
2020-02-19,478.6375732421875,480.9457474875632,460.549131429491,470.1115141945035,3634077
2020-02-20,476.8476257324219,487.0694961503475,473.92708722003823,479.5326374091429,2543540
2020-02-24,471.9957580566406,483.6779115960344,469.6404898028649,474.3981201751585,3415189
2020-02-25,471.2891540527344,480.003646156658,470.20573646025076,474.35100262978864,2111814
2020-02-26,472.8907470703125,477.64837719689166,468.4628314815668,471.99573367976865,2775398
2020-02-27,477.0360107421875,478.77891490103406,472.37256836457533,473.6915127615184,3265481
2020-02-28,467.37939453125,475.717049123812,463.51674920438074,471.9957141288511,4192788
2020-03-02,470.3470153808594,483.96047579907497,465.11833196809414,474.63359160207557,3441005
2020-03-03,477.27154541015625,483.3010261460221,471.33625239996906,473.8799535115967,3579242
2020-03-04,484.6199951171875,486.9752632553899,477.271541275497,481.41680744856683,3354621
2020-03-05,487.9645080566406,494.6063533006297,484.76132010126435,489.89581660252844,3594544
2020-03-06,471.57177734375,483.5365510423044,467.4736337647097,481.4168097079738,2903801
2020-03-09,455.1791076660156,466.2959903585323,450.4214776000608,463.5167624976953,2176031
2020-03-11,459.7483215332031,465.7307081065984,448.86699468577206,452.0230308595671,2848963
2020-03-12,428.89434814453125,450.3272892105128,425.54987873127175,449.85623556071096,2856276
2020-03-13,424.5135498046875,445.38122048773806,378.4445091627855,400.3955974770781,4078543
2020-03-16,406.5193176269531,428.61174627294633,401.7145644378582,413.96195987041995,3101283
2020-03-17,405.4829406738281,424.7961386331494,399.8302973686609,406.5192643632749,2506801
2020-03-18,390.5505676269531,411.9364147229669,388.24242200479136,409.81667330929815,2896377
2020-03-19,394.60162353515625,403.64585879645034,367.8928775099405,377.26685605566075,3097171
2020-03-20,418.6253662109375,426.491967572328,390.9745124141331,394.74294144945003,4011074
2020-03-23,373.12158203125,403.22192155414115,363.70050909774204,384.3797756871252,2662357
2020-03-24,377.9734802246094,395.3082497100523,368.3639737567092,369.44739145876787,4911904
2020-03-25,381.74188232421875,388.195294207915,368.4110412777531,380.2815987860168,4409305
2020-03-26,401.29058837890625,408.82744626135394,377.36104160146994,390.9745026519735,5838526
2020-03-27,398.5113220214844,419.8029492318996,393.8007863001902,415.94030419027274,3674758
2020-03-30,402.79791259765625,409.7224061085991,380.705516516151,390.97447900985856,3175357
2020-03-31,423.9953308105469,429.17692037328396,405.5300528240022,410.6645197765801,3302637
2020-04-01,409.6753234863281,428.47034495915165,405.3887184568268,424.7961326130293,2154766
2020-04-03,403.0334167480469,427.95216171534764,399.5005150277771,418.76661724264613,4235746
2020-04-07,449.9032897949219,460.6904289255141,409.251369148082,420.9806154952908,4522049
2020-04-08,460.0309753417969,487.44633181106553,442.79042354249657,446.8414733639353,5642395
2020-04-09,457.2517395019531,484.24310528158765,451.5048797786009,471.9957115682401,5377864
2020-04-13,452.0230712890625,464.4118052915643,445.38122632073123,457.76993157239986,2769922
2020-04-15,473.73858642578125,476.70621819998297,452.21143228456884,452.21143228456884,4343214
2020-04-16,474.3509826660156,479.53257234757086,463.658060027549,468.9338661807533,3438673
2020-04-17,461.7267761230469,485.1852412610354,458.99467080591813,485.1852412610354,3429703
2020-04-20,464.31756591796875,471.00653317202347,454.5667500881904,463.8936061533051,3233932
2020-04-21,469.35784912109375,473.8799524753969,455.97991450912946,458.33518266258574,4518995
2020-04-22,473.59735107421875,475.57575340298365,466.8612608804882,469.64048891502273,2801897
2020-04-23,470.11151123046875,486.2686733445657,468.2743906181134,476.8004783628721,4322555
2020-04-24,470.1586608886719,474.58657692808663,465.8720839522359,470.1115670215687,2376828
2020-04-27,463.28125,475.4344280322433,459.04176728520594,472.93784951703105,4482196
2020-04-28,459.32440185546875,465.7778425999688,454.4725550186548,465.40100543075823,2010508
2020-04-29,450.5628356933594,462.2449609679654,447.9249466397122,461.63259694667244,2503008
2020-04-30,460.9730529785156,466.6728189314401,450.5627796587146,456.9220034176196,4295419
2020-05-04,441.61279296875,454.8493889163335,438.7393772294998,452.2115,3267221
2020-05-05,426.30352783203125,448.019088301927,423.948259722462,443.73251184284356,3676031
2020-05-06,429.3183288574219,431.814907572904,417.44777055360277,428.6117483482759,4087839
2020-05-07,416.31719970703125,430.0719716931676,414.52720163196875,430.0719716931676,3356812
2020-05-08,420.93353271484375,425.8325022051478,416.08168584032785,421.1219656763298,3238325
2020-05-11,420.6980285644531,428.37622652095575,417.82461262732744,423.9483104448644,2890780
2020-05-12,417.49481201171875,425.5969399163523,413.7735057145259,421.12193058685,2465770
2020-05-13,418.34271240234375,432.05039012527584,416.83536380466586,431.48512002573085,2202274
2020-05-14,432.0504150390625,434.3114668167924,419.2377499641488,419.70880361579395,3710845
2020-05-15,418.2013854980469,436.80800292799097,415.79902360869005,436.1956389905893,4049485
2020-05-18,410.85296630859375,420.1798220799328,405.20032296222695,420.1798220799328,3056578
2020-05-19,411.7950439453125,421.2632093698523,408.40345243101376,414.95110867043536,3631044
2020-05-20,414.19744873046875,419.1906344302965,410.0521825604377,412.4545445593103,2543929
2020-05-21,414.66851806640625,423.38301050149266,413.67931691194576,414.52720772303087,2934438
2020-05-22,406.7077331542969,418.2485475862196,405.01192276277976,414.1503750785947,3326987
2020-05-26,408.02667236328125,410.9472107075385,402.65664931897504,406.707727909665,3334407
2020-05-27,404.1169128417969,409.67533981785664,399.5476869692245,406.9903284287507,5829539
2020-05-28,422.44091796875,425.1259295900116,396.81561602845073,405.05905510637336,10807910
2020-05-29,439.44598388671875,442.79045347111355,414.8098537407966,418.06013559107794,7711038
2020-06-01,442.08380126953125,446.5117165865213,435.25352410553745,442.7903816658065,6224484
2020-06-02,434.1701354980469,449.29094548508203,432.4743251835439,442.0838307132319,3195295
2020-06-03,436.525390625,443.3556680402208,430.6372204394649,437.23197104726427,3870392
2020-06-04,435.771728515625,442.27229201161157,431.48515171832014,438.079902945456,2631670
2020-06-05,436.0543518066406,439.4930375615107,431.0140722066262,437.13776940737614,2549236
2020-06-08,431.579345703125,442.31936282015727,430.49592809388105,442.31936282015727,2555231
2020-06-09,439.5401611328125,448.3017765088905,432.1446416296318,433.65199034949416,5028353
2020-06-10,435.1593322753906,446.46461925592035,432.3330105302582,440.90619224065955,3751933
2020-06-11,424.0425109863281,438.07990432085097,422.0640798618091,435.1593658752119,3476454
2020-06-12,429.27117919921875,430.54302978573264,406.04824034496886,406.37798364529954,2789834
2020-06-15,427.386962890625,433.79330966114526,425.738275146502,429.60092075432806,1990031
2020-06-16,422.53515625,431.48517628205127,419.9914548458197,429.22412433991065,3353195
2020-06-17,414.9981994628906,430.91980454342377,412.6429315885269,420.6508423613636,4824055
2020-06-18,414.5271301269531,417.8715988810555,411.229755228216,414.5271301269531,3947046
2020-06-19,417.4006042480469,423.4772074910204,415.94034951565186,417.25929391117506,4482029
2020-06-22,417.82452392578125,423.00611328675484,415.51634989192513,419.2376846605922,3082797
2020-06-23,432.0504150390625,433.36935951350216,415.94037440263304,415.94037440263304,5596513
2020-06-24,428.7059020996094,437.9385706044312,424.7019461985002,434.2643579982857,3473535
2020-06-25,432.56854248046875,438.78645614378377,426.53906176940006,428.2819659497672,3845591
2020-06-26,433.6990966796875,438.03279596363444,428.7059107924409,435.34778443710394,3102744
2020-06-29,436.9021911621094,441.8482537035672,431.5792915105157,433.36928934678235,5083680
2020-06-30,438.97491455078125,445.3341389216161,435.72463281646554,441.3772767016521,4999118
2020-07-01,439.5872802734375,443.73254672194713,438.5980503391622,443.6383302399923,2383843
2020-07-02,438.126953125,444.2035562215766,437.0435355673087,442.31934177312877,2370799
2020-07-03,440.01116943359375,443.4969776782908,437.7972404479728,440.05829204550264,2323284
2020-07-06,438.97491455078125,442.8846541545352,437.1377937877622,442.79043767294877,1892579
2020-07-07,450.84539794921875,454.00146288161454,438.12695049844257,439.0219638564221,5373286
2020-07-08,445.8522644042969,455.88570105435394,443.77961691518544,455.88570105435394,2670696
2020-07-09,445.6638488769531,449.38518422992416,439.02200388080644,439.02200388080644,1944218
2020-07-10,446.7001647949219,450.7041207683831,444.7688563551149,445.993584329017,2126443
2020-07-13,456.4509582519531,457.8641191134143,447.1241023164758,447.45384560098296,3108357
2020-07-14,451.693359375,459.183095207415,448.30176732313595,457.8641507291438,3209743
2020-07-15,451.88177490234375,458.6649591759455,449.71493954455,456.8278383828518,2305139
2020-07-16,459.41864013671875,460.6904908001376,447.02993432446885,453.15363205494106,3164943
2020-07-17,462.339111328125,466.6728102257375,455.5088340848669,461.5854370636838,5791083
2020-07-20,471.9486389160156,473.8799472803444,459.0888519384583,465.40098202085517,3529535
2020-07-21,463.18701171875,473.59731381218864,462.056500298522,470.2057220498429,3328043
2020-07-22,453.2006530761719,466.5314928396619,450.70407476828206,464.4588455175478,3073060
2020-07-23,451.693359375,458.66494768943346,449.0554416676243,454.9907349460946,2331308
2020-07-24,444.20361328125,454.84941478214233,442.9317626150074,451.2694183705594,2141706
2020-07-27,439.3988037109375,446.74725731177176,436.14855103724904,445.61671714215703,3751567
2020-07-28,447.5950927734375,449.3850905285219,439.02191234023314,439.3987494332782,3183237
2020-07-29,461.2557373046875,463.1870457587799,448.9612198565029,449.1496528158044,6554407
2020-07-30,463.4225769042969,468.9339103806855,452.9180862190147,465.30679151155226,8628513
2020-07-31,483.8191833496094,485.1852504093474,465.4480913438186,467.2852120447307,8509912
2020-08-03,480.898681640625,488.62397298256934,477.9310206520226,485.0439192497581,4310402
2020-08-04,477.60125732421875,486.31574893852184,476.28228424138985,485.1852087963343,2173942
2020-08-05,473.9270324707031,481.55810681477726,471.9957241417132,478.6375686397821,2597217
2020-08-06,477.4599609375,480.0978785882087,472.27837086566086,474.7749781736677,2349815
2020-08-07,482.64154052734375,483.96051369946895,476.753370119042,478.4962743100657,2754108
2020-08-10,479.1086120605469,497.43260886863465,477.0359934407592,485.18521508967206,5418102
2020-08-11,483.4423522949219,494.22943417124804,480.4746914938537,480.4746914938537,5206538
2020-08-12,474.4452209472656,489.42472060145565,472.93784358408226,484.14894295656165,4289689
2020-08-13,470.5229797363281,481.3444710216525,468.53824313458705,480.966432821908,3607000
2020-08-14,469.8141784667969,474.0671733916457,461.92250433775047,472.0824366582227,4703261
2020-08-17,468.3492736816406,475.91015408069023,464.0490344916691,475.91015408069023,2880081
2020-08-18,469.7196350097656,471.70437163041277,465.7029178089779,466.8843052209743,3279512
2020-08-19,467.0733337402344,477.18599257310933,465.9391902998812,469.7196299777707,3390431
2020-08-20,465.56121826171875,469.57793599029407,463.4347206407083,465.7502229669933,1638348
2020-08-21,464.9468688964844,471.13732776442606,464.0490028732862,469.2471077934554,1911355
2020-08-24,463.5764465332031,468.25475248474544,459.84325056439917,465.2776329651452,2692195
2020-08-25,464.9468688964844,466.88433282974216,459.60697440451816,465.8919788819697,2055713
2020-08-26,468.7273254394531,474.4452295171645,465.13589006192956,468.7745694034135,4093077
2020-08-27,466.0809326171875,471.9406254235462,464.0489521390431,471.3735537257591,1859971
2020-08-28,462.2532958984375,468.44375471587927,461.2136691543911,468.0184725313609,1854626
2020-08-31,448.5491943359375,468.2074700349448,445.0522759348555,464.427030181869,4785569
2020-09-01,460.8356628417969,464.04903122024564,447.6513662019121,452.14063890719956,3914565
2020-09-02,462.63128662109375,467.6403574520176,460.8355836161851,461.96969816759156,2111745
2020-09-03,467.5458984375,470.0031612053327,458.1420430059104,464.7105686200317,2149283
2020-09-04,457.2441711425781,468.77452378888796,454.8813963250938,465.9391940079068,2578717
2020-09-07,461.1191101074219,464.0017125808073,452.14056614181175,460.17400021630505,2630952
2020-09-08,459.70147705078125,463.48191687659767,455.0704440326495,457.62225245206236,2088168
2020-09-09,465.324951171875,466.88437702705426,455.5903000943711,458.3783863524723,2157196
2020-09-10,468.302001953125,470.1922219408268,462.72585875789827,470.0977051729481,2500434
2020-09-11,480.3521423339844,483.61278326802443,464.710583864818,464.710583864818,5351472
2020-09-14,476.5243835449219,486.4480366708309,470.9009685699216,482.95111879423973,4233220
2020-09-15,477.9893493652344,480.11584671782316,472.1296562344477,476.24089021794595,2657472
2020-09-16,481.6280212402344,484.8413892013407,476.61892135626147,479.170729678518,2763452
2020-09-17,474.96502685546875,482.9039740613642,473.64187860197575,481.72258654173316,2087520
2020-09-18,480.54119873046875,481.91159094692784,471.3736200467082,476.2409308561403,3067745
2020-09-21,463.7655029296875,483.8490910529703,460.50486179150806,482.0061149587873,2405043
2020-09-22,465.0886535644531,467.45142864978106,453.6528163829718,465.1831703363601,1843708
2020-09-23,459.087158203125,468.72729122991484,457.7640100416454,467.8766692009588,2096287
2020-09-24,459.6069641113281,463.8127149895344,452.51863937893586,457.4332227303814,2732039
2020-09-25,465.56121826171875,468.77458667608505,461.4499837592712,464.42707466019186,2817278
2020-09-28,475.6265869140625,476.94973508830077,465.0413438352228,467.78218579056903,2319660
2020-09-29,469.90869140625,482.28960901266083,469.0108253924412,475.43756168954707,2520348
2020-09-30,482.5258483886719,485.78648908390596,469.0580323002562,469.9558982431367,4019124
2020-10-01,485.59747314453125,488.99990352204094,482.38410513350493,487.44044905506576,3703107
2020-10-05,491.4571228027344,493.0165771317525,482.62033992230783,487.0623389190851,2820656
2020-10-06,497.88385009765625,505.6337622903061,493.34733442156966,495.4738315526971,8742072
2020-10-07,495.2848815917969,502.1369290589921,492.8748626403223,498.07296761543597,2420627
2020-10-08,493.3946228027344,498.0729284494451,488.10203031823096,497.74216305101305,2229377
2020-10-09,490.6065979003906,495.80470311202424,487.6767798550818,495.80470311202424,1704989
2020-10-12,487.2041931152344,492.78036505318494,484.60514067863517,491.45718801148763,1945978
2020-10-13,486.02276611328125,495.71014258904427,484.65234522118726,487.58222052237625,3197252
2020-10-14,488.5745849609375,490.0394938007905,478.4618972741566,485.6447095962997,3519347
2020-10-15,489.1889343261719,496.79711630695,486.9679488029869,489.7560349619423,3824212
2020-10-16,483.6127624511719,495.56836844811653,482.7621404406683,492.213239735454,2531683
2020-10-19,490.7955322265625,493.34734035157334,482.19505568904043,486.63708350888487,2434568
2020-10-20,499.06524658203125,500.8609783775743,490.2757364818482,492.59126715980824,5066334
2020-10-21,487.53497314453125,503.74363280888565,480.2103994461575,501.28636986915853,5603035
2020-10-22,479.3124694824219,487.67669768209015,477.3750057669885,487.5349081262342,4991374
2020-10-23,490.6539001464844,492.3078427158322,481.81708666500583,483.8963402891737,4275575
2020-10-26,485.3139343261719,493.1583349701151,481.72252823815415,491.4099047266513,2134741
2020-10-27,494.4815673828125,497.50593094332174,484.13260126533623,486.7316537855503,3284285
2020-10-28,488.76361083984375,497.1278104318832,487.10966850475666,494.43427027442794,1863446
2020-10-29,491.22088623046875,493.7726945790421,481.24998800366217,487.204169027045,2966915
2020-10-30,483.37646484375,495.23758242789006,480.16306814333757,491.9296978124366,3022547
2020-11-02,478.4618835449219,488.43278138353867,476.3826302424073,486.73159511236497,3217501
2020-11-03,487.1097106933594,494.76507851910765,481.5807826548205,482.43140471765287,9690523
2020-11-04,489.9922790527344,500.90828774876286,488.9526234672004,495.2376278874561,7074924
2020-11-05,491.03192138671875,496.7971273783674,487.676792202161,492.4023425141974,3293074
2020-11-06,498.261962890625,499.86866129654385,490.2285285459628,492.3077819133323,4929181
2020-11-09,498.5926818847656,506.5316275722187,495.37934305693096,500.90821251734997,5212222
2020-11-10,486.73162841796875,500.8137898675302,483.7072650150839,498.7345364227385,4847614
2020-11-11,483.6495666503906,492.4216421239516,479.4769095105886,490.0982159627382,4915653
2020-11-12,491.14141845703125,494.9821534553019,484.17113994453405,486.0203998715893,5297239
2020-11-13,488.77056884765625,495.029539877366,486.1151916771182,493.1328749736213,3104681
2020-11-14,490.43011474609375,495.02950364841865,488.8653431623751,493.1328388834822,438259
2020-11-17,485.2142639160156,495.2191880436765,483.1753550557574,495.2191880436765,3016364
2020-11-18,479.2872619628906,487.58520066393606,478.38636341055286,486.4945950856555,3492271
2020-11-19,481.08905029296875,483.6495595374322,474.2136398877798,478.907897189026,5496008
2020-11-20,482.1322326660156,487.2532223295698,479.80883542740867,484.6453079791587,4801287
2020-11-23,482.79608154296875,484.97723471666603,479.002751542931,481.75291000479615,3182272
2020-11-24,481.6580505371094,484.8349700655542,480.330390881571,483.6495544908218,2495047
2020-11-25,475.3990173339844,484.12368693140235,474.2136018419878,482.5115102859638,3897557
2020-11-26,478.054443359375,478.90793686463456,468.5236838850071,475.87326113391975,4957778
2020-11-27,473.9765625,480.8994069768456,470.989320972555,480.804567940569,7150001
2020-12-01,479.8562316894531,480.8045641631477,474.7352421196645,477.05863931573003,2177754
2020-12-02,476.5370788574219,483.1754063240924,471.55833325741895,481.27874133361513,3467739
2020-12-03,475.5887145996094,480.75713792980713,474.64038216770587,474.64038216770587,3471978
2020-12-04,476.3473815917969,480.6148776484494,475.68356623635907,476.9163868541792,3038914
2020-12-07,476.1103210449219,479.38207975309234,473.21791849019405,476.63192128549997,3544985
2020-12-08,476.6318359375,480.6148143681362,473.26523879380795,477.01116308220736,4020487
2020-12-09,476.20513916015625,483.6495547618089,475.1145626189534,483.6495547618089,4619524
2020-12-10,487.8222351074219,490.2878763231303,476.062889582614,476.062889582614,9250804
2020-12-11,487.2532043457031,492.6587109215513,482.5115420654187,490.61977298838116,4988627
2020-12-14,487.0634765625,492.137089413501,485.9255240366808,490.28782973662425,3013023
2020-12-15,487.3006286621094,490.47757724450173,484.78758228315394,487.39549664043835,3113626
2020-12-16,487.1109924316406,492.70611923045226,485.83070887851477,488.770574240729,3925836
2020-12-17,485.0720520019531,490.66723665374377,484.12371954447127,488.5808936709598,2926337
2020-12-18,483.0331726074219,486.87393666007614,477.0586603946747,486.6368535311769,3666563
2020-12-21,477.58026123046875,488.34384108390145,468.6659413610503,482.7012510328315,5009242
2020-12-22,478.1966247558594,482.6063647388721,467.1011238198064,478.81303504323813,4879416
2020-12-23,483.7917785644531,486.02036554094894,476.3473632748349,478.90787238669117,3046867
2020-12-24,487.9644470214844,489.1024575295298,482.03736925210086,488.39120819720375,2894330
2020-12-28,497.92193603515625,499.6763857780904,487.44287414970137,487.96444541536664,5556022
2020-12-29,501.6203918457031,506.21978044144026,497.44770648834117,500.2452984064626,6040679
2020-12-30,511.6728210449219,512.5737485530238,497.2581545601675,502.6162566754906,6666770
2020-12-31,506.4095153808594,511.90983187421557,504.6551235457638,511.81502178428195,3337284
2021-01-01,506.5992736816406,510.6296871296893,504.7974186345681,506.409595590113,2285766
2021-01-04,515.2764892578125,515.8929285935257,504.89229370999135,509.2546004682414,3026253
2021-01-05,511.0563659667969,514.375529447683,507.8320125755747,513.9961733257918,2126666
2021-01-06,506.50439453125,513.7117566790564,502.23689803325794,511.15124720393607,4825471
2021-01-07,507.54754638671875,511.4356863370651,505.8405595275818,509.6338893841617,1850927
2021-01-08,512.1943359375,514.4229519363511,506.4095311130141,509.2545284788176,3665938
2021-01-11,518.2637329101562,520.634564259242,512.0995714025331,514.9445690214361,2812154
2021-01-12,513.0479125976562,522.4838331025335,510.43999806966445,520.6345730427232,3857637
2021-01-13,508.40106201171875,517.2680061723057,506.0302306128922,513.1901877426492,2933547
2021-01-14,520.5870971679688,523.9062606611299,507.59493134698624,508.78034688025804,6273001
2021-01-15,512.810791015625,524.0011027568863,511.1986142155808,520.1603677708189,2546799
2021-01-18,509.7287292480469,516.6515450643003,505.65091099038716,513.2375711466372,2572902
2021-01-19,513.4273071289062,519.164707942784,511.15128567270233,511.1986907277003,2174161
2021-01-20,509.87091064453125,516.6988572527376,508.87511537268915,515.8927979086507,1606896
2021-01-21,509.3019104003906,517.7894970659823,507.73719664921634,512.0995025927299,2903743
2021-01-22,505.413818359375,512.5737171709144,503.84904657891474,509.254553414951,2153095
2021-01-25,505.08172607421875,513.3322281091838,497.87442422850575,510.20274330464014,3036463
2021-01-27,500.245361328125,509.7286857134923,498.49096946947947,506.3147120874075,1786873
2021-01-28,500.6247253417969,507.3578626088175,494.1286133065254,499.58152491400335,2380469
2021-01-29,487.9644470214844,504.512859729927,484.92980056804566,502.61619484372426,6467932
2021-02-01,498.0642395019531,508.30621890353575,488.53350947383626,488.53350947383626,5219141
2021-02-02,499.20233154296875,507.92694564266134,497.3056662375344,502.6163059400979,2246578
2021-02-03,497.637451171875,501.81013708804096,495.9778693909302,500.1979603530851,2680479
2021-02-04,498.9176940917969,502.521403817601,496.9736240860053,497.6374683976861,2515981
2021-02-05,494.7925109863281,501.24116078941273,491.0465858146106,499.77125690425476,2592937
2021-02-08,491.6155700683594,499.2970398362694,490.5723696341265,495.7881981604313,2667420
2021-02-09,498.0168762207031,504.5603362763971,492.1846077164984,496.0253430790012,4281247
2021-02-10,497.5426025390625,501.525552199506,495.4088547002758,500.15051656424623,1871619
2021-02-11,508.11651611328125,509.72869285771327,496.87879971176363,497.59004905063483,4491181
2021-02-12,506.4095153808594,516.3196008068645,504.5602555742124,511.4356656613121,4218265
2021-02-15,500.05572509765625,512.9056191384991,499.1073925797841,509.7287283562768,2574672
2021-02-16,495.5985107421875,505.22410817541777,493.5122256763217,502.61619396146676,3119109
2021-02-17,493.1802978515625,498.8228877205431,492.18456031741806,496.1675683356174,2436843
2021-02-18,493.1802978515625,500.7195526928646,491.14141773528985,495.02955777590023,3416920
2021-02-19,486.9212951660156,488.3911988483619,481.61062779814347,488.3911988483619,13849233
2021-02-22,474.4981689453125,490.5723873468171,471.36865435204885,488.15415106454105,3810112
2021-02-23,474.213623046875,479.3820463994139,472.980802456395,476.06288287340413,3011786
2021-02-24,477.6276550292969,480.09332530296564,472.31698727235124,476.53707844886964,1464678
2021-02-25,482.7486572265625,484.17115600508,478.9553271505158,481.75291965792496,4492656
2021-02-26,477.1060485839844,487.1109730275711,475.1145447042479,482.22703788844325,5709953
2021-03-01,479.7139892578125,481.61065421173026,476.8215578386016,477.9595683872765,1751572
2021-03-02,484.8349609375,486.0203764899144,478.7182051107178,481.18387524790165,1420334
2021-03-03,491.3310852050781,493.13294025481383,485.5936846880542,487.6326228821432,3130922
2021-03-04,497.1159362792969,500.2454221305181,488.5335382437145,488.5335382437145,4314919
2021-03-05,497.3055725097656,501.5730686426928,495.64599068029395,498.3013100311245,3785627
2021-03-08,501.3360900878906,503.51724365665257,494.7925714999719,497.87465268324917,1684546
2021-03-09,498.5858154296875,503.7068341188469,492.1845710090496,503.5645610901837,1424487
2021-03-10,503.70684814453125,506.7889288773254,498.0168529455267,499.1074006296946,2158157
2021-03-12,496.4046325683594,506.7414215452111,495.219217005765,506.3147182479725,1757943
2021-03-15,498.9176940917969,502.6162139128607,494.36570976853295,496.0726966545543,3007071
2021-03-16,501.7626647949219,503.3274364546821,498.01679800743057,498.9176675092619,1684209
2021-03-17,500.292724609375,505.9353137239499,498.1115717591465,500.24531956772927,2054354
2021-03-18,494.93475341796875,502.568818443744,492.75354236921396,501.52561796789996,1333801
2021-03-19,497.6848449707031,499.53410477543116,489.33953120858564,489.33953120858564,1899152
2021-03-22,505.935302734375,507.07331311722277,496.6416573907408,497.96928793605287,1720620
2021-03-23,505.6982116699219,509.207052844329,503.80154702230845,506.2197828716932,1557222
2021-03-24,501.7152404785156,508.1164841253735,500.48241994507356,504.3231545568651,1431667
2021-03-25,490.6197814941406,501.9523661168147,488.3912233364188,500.7195454788915,1569877
2021-03-26,502.4265441894531,503.5645547595845,490.8568761760912,490.8568761760912,1757265
2021-03-30,510.2027282714844,513.237402915591,504.512735019386,504.98690112372753,2643994
2021-03-31,512.5737915039062,514.7549449978095,508.92273399552244,510.2029599058308,1560926
2021-04-01,510.81927490234375,515.8454250901964,509.0648252179538,512.5262616610236,823482
2021-04-05,509.2544860839844,513.1426256742516,506.5042990400097,510.3924965118917,1359678
2021-04-06,518.6904296875,519.4490840486277,506.7414064436729,509.254510514127,1825976
2021-04-07,524.6175537109375,528.6953719089781,519.0697738238158,519.686213105148,3109165
2021-04-08,530.2601928710938,532.67842940848,519.923344448066,524.8546855111767,2009731
2021-04-09,531.5403442382812,537.0880659808945,528.4108586942015,531.0661780079171,2203711
2021-04-12,526.0874633789062,532.4413028139757,521.1087176686958,527.2728790241945,2061407
2021-04-13,531.30322265625,536.4716457693453,525.6606333471207,526.5141556526283,3181848
2021-04-15,542.4935913085938,547.1878487275549,531.7774457087979,535.8078588060113,5336354
2021-04-16,545.2913208007812,551.8348398030453,541.4979898734715,551.8348398030453,3675431
2021-04-19,539.7908325195312,544.3428166222789,533.5792666587888,535.8078247240202,1876054
2021-04-20,539.6011962890625,546.1921187866682,536.5665206914287,544.3428588223583,2321346
2021-04-22,536.8984985351562,543.6316365150959,534.9069654430205,543.0626601354146,2545878
2021-04-23,531.0188598632812,537.6571881747532,527.3677445629941,536.8985336583394,2408395
2021-04-26,513.332275390625,533.5317423149419,511.67269382367107,531.9196236694759,3121274
2021-04-27,510.77178955078125,516.1298905752694,507.02592300761637,516.1298905752694,2463374
2021-04-28,513.284912109375,517.5050028707084,508.44844001627956,513.9961614102194,2614846
2021-04-29,513.9014282226562,518.7853060903053,512.2892513231739,516.3196646310674,1796174
2021-04-30,510.2502136230469,517.0782181766681,508.02165573449076,511.90979524947363,1960727
2021-05-03,514.3756103515625,520.0656057851788,510.7719002716375,510.91417331012855,1725231
2021-05-04,509.7761535644531,517.5050870433937,507.6898103663073,516.8412426783075,1772835
2021-05-05,513.0004272460938,514.4229258568797,509.30190770540366,510.96148941798725,1136917
2021-05-06,517.0783081054688,519.0697832508871,511.15122983740974,514.8022868978846,2142388
2021-05-07,506.9785461425781,519.6862251660771,504.79739290524964,519.6862251660771,8776663
2021-05-10,495.7408142089844,508.06913670485585,492.46905550875556,507.357887330094,6409447
2021-05-11,498.3013000488281,499.5815257104117,493.51223272747166,495.74079084404144,2458535
2021-05-12,501.8575134277344,505.08180883159713,497.8745058049714,499.77117058899034,3997812
2021-05-14,507.35791015625,510.629669003676,502.28435420733746,504.5129125292056,3274059
2021-05-17,506.74139404296875,511.3882459487892,504.70251411493354,509.34930813913786,2002740
2021-05-18,503.65936279296875,511.15121262415323,502.09464891186786,509.2545476422455,2056620
2021-05-19,510.2502136230469,511.29341394576903,500.76689004346565,502.6161497178067,2402429
2021-05-20,508.11651611328125,513.0478564391124,506.0301731429351,509.2545266317991,2586717
2021-05-21,509.01739501953125,512.0994751943118,507.78457452594176,510.2028104713699,1582534
2021-05-24,505.6982116699219,510.3450632092193,504.5127962651635,510.2027902080037,2142262
2021-05-25,503.1377868652344,509.01745983131957,501.95237126246,507.73723413297176,2341520
2021-05-26,504.7025146484375,505.41376394814455,501.4307562934619,505.41376394814455,1533553
2021-05-27,499.9608459472656,506.2198165481252,497.3055268402833,505.4611622149325,7104429
2021-05-28,502.9955139160156,505.36634484910087,500.76689810994674,502.61615781407613,1322812
2021-05-31,512.5263671875,516.1774245586769,502.18951865569824,504.79743331557563,2775615
2021-06-01,509.3019104003906,516.8411646537736,507.35784053168607,516.5566765064344,1855968
2021-06-02,504.74993896484375,512.3365984513985,502.37910787529535,510.53474367069435,4073182
2021-06-03,512.858154296875,513.806486704185,506.409505503491,507.1681598530156,2070792
2021-06-04,515.9403076171875,516.8412351079207,511.48313309589514,513.9962374834735,1964169
2021-06-07,520.1602172851562,521.5827156004301,514.3754139556843,516.9833275336864,2061081
2021-06-08,527.604736328125,531.7774222680746,523.3372402956571,523.3372402956571,3966396
2021-06-09,529.7385864257812,532.4887742182069,525.6133626187733,530.1179426321953,2452001
2021-06-10,531.0188598632812,534.7173223364094,527.3203395085237,531.5404312257139,2602822
2021-06-11,535.9973754882812,536.9457076961934,530.7815483447644,531.7772855867512,1036563
2021-06-14,539.0795288085938,541.8771207804394,531.3031920650541,535.7603656274645,1628291
2021-06-15,545.1014404296875,546.239450861973,539.6485292448674,539.6485292448674,1774944
2021-06-16,550.6017456054688,552.5932782923978,545.5755956688429,546.2394398978192,2232810
2021-06-17,543.584228515625,550.9812108194927,540.7392308693969,547.8517249849671,1512920
2021-06-18,547.2825927734375,551.8346344979725,542.066764688888,545.0540348354124,3901362
2021-06-21,542.2090454101562,549.7008944635288,540.5494637232865,546.2394580782685,2238942
2021-06-22,537.3726806640625,548.1362323155314,535.8553138041088,544.5799851335536,2681016
2021-06-23,537.1829223632812,540.549490949891,531.3032496573271,537.8941716934785,1172122
2021-06-24,545.4807739257812,546.9506774774867,532.3463362786288,537.1828659449785,1362412
2021-06-25,535.2861938476562,545.7652544904821,533.8636953563691,545.528171408601,1190963
2021-06-28,537.7518920898438,539.2217957779282,535.1439779110553,539.0795806426014,794690
2021-06-29,538.036376953125,541.0236472377597,532.5360604768999,535.9026290017052,1761569
2021-06-30,539.3641357421875,543.8687153373969,534.3853898737981,539.1744576565904,1346860
2021-07-01,559.279052734375,560.8912294478728,540.4546770794303,542.82550816351,5398923
2021-07-02,559.94287109375,561.4127747215119,553.6838425925475,560.9860135698093,2477693
2021-07-05,557.3350830078125,562.9776735785526,556.1970723065629,562.7405904275269,1196198
2021-07-06,561.22314453125,564.6845812016282,557.6194927192524,558.2359319777977,1428646
2021-07-07,563.6888427734375,565.2061515713164,557.714301912941,560.2748111557794,1255033
2021-07-08,565.3009643554688,568.0511516815335,560.4644918927985,563.4991673846166,1845925
2021-07-09,564.8268432617188,573.7411923785984,561.7447624762139,565.2061994341234,2686530
2021-07-12,562.5034790039062,569.1418068989728,561.1283852207458,566.1545361935425,1038327
2021-07-13,558.7100219726562,564.5896361828276,555.3433958560939,563.4990887194111,934799
2021-07-14,555.0588989257812,558.0935739458191,551.4552476626914,558.0935739458191,1290445
2021-07-15,554.2529907226562,558.9946536463137,551.9769693666497,555.059050267027,1233095
2021-07-16,550.3173217773438,558.42555283444,548.8000129751999,554.6322229474598,2229326
2021-07-19,558.3781127929688,559.5161232640666,546.2394694916989,548.894788669849,1953706
2021-07-20,557.8091430664062,561.83955586619,552.8778028879942,560.4644622758226,1877572
2021-07-22,558.046142578125,564.6370635103182,554.347623527942,560.1798902113208,1191908
2021-07-23,559.6585083007812,563.4043757738993,555.3910115911877,560.3697577523801,666936
2021-07-26,564.5897216796875,568.0511584018968,559.6584390639665,562.3611634930297,1527942
2021-07-27,558.2833251953125,567.8614597928802,557.3823977909981,566.4863661633075,1585300
2021-07-28,559.6109008789062,572.2711725775765,555.865034372937,555.865034372937,2559515
2021-07-29,557.22802734375,565.6636904539806,554.9404342627124,560.850151532489,2365089
2021-07-30,572.57421875,575.3861063817948,556.799129456985,559.7063116482087,3145307
2021-08-02,571.0014038085938,580.4855387787976,566.2355126856152,577.5307095535036,5788412
2021-08-03,585.48974609375,590.779873800268,569.9053048166649,574.4805488283187,13194079
2021-08-04,560.564208984375,587.0626157655323,559.2774413804054,586.2047319112899,5849144
2021-08-05,561.9462890625,568.5232430006022,558.4195175040595,565.66370792793,3160815
2021-08-06,557.800048828125,568.6186011247271,556.7515176111746,562.3752938203365,2452586
2021-08-09,554.5114135742188,566.187846434183,552.1284680925934,563.280664582076,2261395
2021-08-10,552.6527099609375,558.2288373498409,546.74299347224,557.2756591477083,2070287
2021-08-11,548.1727294921875,555.1309765125642,543.9311332766628,554.7496819825187,2320928
2021-08-12,548.4588623046875,557.4187041568852,547.1720365871726,549.0307460608777,2474432
2021-08-13,560.7546997070312,563.8048814534978,549.8407981431659,552.557390804694,5318962
2021-08-16,560.802490234375,564.9012039099222,555.7030090483702,560.6595483803351,1315500
2021-08-17,568.6661987304688,569.8100244229395,560.8024770886454,561.4220663071396,4557665
2021-08-18,569.4287109375,572.6218348103077,566.3308816189258,570.3341837348687,1992466
2021-08-20,583.0591430664062,587.15779787715,562.6611053886819,566.8074656534974,4420438
2021-08-23,581.3434448242188,592.8292312371382,577.4830263241367,585.966336120462,3188046
2021-08-24,565.0917358398438,581.9153562235683,561.6126699269212,579.5324104568871,2295973
2021-08-25,572.002197265625,573.6226117921392,564.4244773464951,565.2346555210629,1533202
2021-08-26,577.1494140625,580.6761851232964,570.9061083369369,571.8592865599963,1793401
2021-08-27,580.2472534179688,583.9169663698644,576.7204822955986,579.532369738193,1477611
2021-08-30,587.8727416992188,588.635272736395,581.4387878987004,581.4387878987004,1299450
2021-08-31,592.4003295898438,594.6402753849161,581.4387788411982,587.1578487970132,3026655
2021-09-01,596.927978515625,598.3100988438744,586.824310653224,592.8769702781937,2467985
2021-09-02,610.8442993164062,613.7515397163039,595.2122098716914,597.1662137801073,3017389
2021-09-03,611.2256469726562,613.846887563962,604.3151035955775,613.0843564819697,1676263
2021-09-06,605.0775756835938,615.1813006114218,604.0767500999706,611.2255873792602,1420648
2021-09-07,608.127685546875,620.8525911192629,605.6494455224948,607.1745073563627,2457494
2021-09-08,610.6536865234375,612.4646903435805,604.315027709474,609.0809190951953,1262769
2021-09-09,608.4136352539062,609.2238716327707,597.8333804730456,605.2681588199245,2195875
2021-09-13,610.2247314453125,618.85098303114,607.174549389043,612.3217352450843,2328010
2021-09-14,609.2716064453125,610.939668539989,605.0299511976574,610.2247847851277,1422838
2021-09-15,607.365234375,613.8468352860209,606.5073506199496,610.4154166205943,1157146
2021-09-16,610.4154052734375,615.4195913376366,608.1754013668404,612.131114574257,1115690
2021-09-17,623.3309326171875,625.1896418532673,610.3676734193722,610.9872625571934,2959141
2021-09-20,615.4194946289062,627.5725160179157,612.8935492653378,624.1886870500545,2804783
2021-09-21,620.8050537109375,621.6152902226909,614.8000416834608,617.6119294785764,785138
2021-09-22,618.0408935546875,623.3786692867981,617.230657013858,623.3786692867981,877503
2021-09-23,617.325927734375,620.5190516570481,612.5600364006035,619.6611679460154,1480529
2021-09-24,621.3770141601562,628.0969101573959,618.6127735651028,618.6127735651028,2416462
2021-09-27,603.552490234375,623.6168811170705,602.4086646786222,623.3785865503464,1468310
2021-09-28,597.023193359375,604.6486196115386,591.9237128241948,604.3150304839605,1906140
2021-09-29,593.9730224609375,598.8818553164098,591.2087823920217,597.6427352838333,1827330
2021-09-30,588.1586303710938,597.4521183535329,587.2530993937384,594.7832308761041,1705501
2021-10-01,589.0164794921875,591.1611304391535,580.4855229787803,588.1109485679925,1563570
2021-10-04,594.9739379882812,596.1654109263476,584.5842706973871,590.8752827168111,2158448
2021-10-05,587.3485107421875,597.0709415449625,585.2515067372926,597.0709415449625,3156201
2021-10-06,586.156982421875,594.4972921940207,585.251451439708,587.9203389313179,2026192
2021-10-07,586.3475952148438,590.3986025801393,585.6327115621446,588.6351879970529,1228502
2021-10-08,578.5792236328125,591.8284251714705,577.6260453401719,587.2054755457323,3407806
2021-10-11,580.1520385742188,582.3919844743175,578.5792709916706,581.4388061036558,1426583
2021-10-12,587.9203491210938,592.4955932113488,581.4387484784503,582.3919267546445,2801156
2021-10-13,594.5925903320312,595.7364158860092,587.2531060528388,592.3526446792537,1499629
2021-10-14,586.395263671875,598.5006389303396,583.774023517291,596.6895770071285,2722324
2021-10-18,585.3944702148438,602.4086794244697,583.9169973230807,602.4086794244697,1464144
2021-10-19,576.9111328125,591.256453764926,575.8149545597469,586.2046207016729,1524974
2021-10-20,564.9012451171875,579.3895113603246,563.3761246544277,578.5793329294876,2784702
2021-10-21,559.8969116210938,570.9537557400996,557.8475551701056,570.4771666284635,1925145
2021-10-22,563.0899658203125,569.0473289796472,557.6091917137246,564.18614391258,1407275
2021-10-25,554.0825805664062,565.4730738409909,549.554983262159,564.2816008661889,1462238
2021-10-26,554.1301879882812,556.6084865040264,547.5532925469219,554.7497771615643,1949684
2021-10-27,563.9478759765625,569.9528866888354,556.0364507860397,556.6560398547742,3252371
2021-10-28,562.0892944335938,566.5215389319605,558.9914647420661,566.1879497745985,1105554
2021-10-29,558.41943359375,565.9972120331425,555.1786625714599,562.2798519036878,1980982
2021-11-01,569.0950927734375,572.6695114009116,559.5156624872841,560.4688407879439,3104045
2021-11-02,570.0482177734375,576.5775234288856,561.1836720416319,571.7639269187255,6908391
2021-11-03,581.9629516601562,583.6310135482364,572.6218167223835,579.5323588301443,7257690
2021-11-04,583.869384765625,587.3008617209427,583.1068537235731,587.1578616979501,276957
2021-11-08,578.3885498046875,595.7364055703734,576.1962514676652,595.7364055703734,2428555
2021-11-09,574.9570922851562,580.8668086620579,572.0499104591244,577.625979565163,876256
2021-11-10,576.9111328125,578.4839001877748,570.0005905359355,573.0507725555509,1801639
2021-11-11,573.3218383789062,578.7775002775998,569.4933119122692,578.7775002775998,2031771
2021-11-12,576.6240844726562,578.3947549962239,572.939091864404,576.1933634640695,2304135
2021-11-15,578.1075439453125,580.9789390311336,572.4604435757246,578.1075439453125,1665604
2021-11-16,583.8504028320312,585.6689766345576,578.634022795122,579.8304375550237,1793708
2021-11-17,581.9360961914062,585.5731851088655,580.0696776202132,581.9360961914062,1022417
2021-11-18,582.6539306640625,583.8503453060832,575.6668808383986,581.9360818788501,841689
2021-11-22,580.7875366210938,590.1674161261952,577.6768584207135,584.8075016714762,3998703
2021-11-23,585.3338623046875,587.2002807487498,573.513309523428,581.4096458171153,1508700
2021-11-24,577.1026000976562,585.3339097766363,576.1933132518108,583.8982121522548,1845329
2021-11-25,580.4047241210938,580.9311349067075,568.584111803544,577.4375806062667,1518710
2021-11-26,576.1932983398438,586.1474916454144,574.0875968615095,577.1504300646608,1952921
2021-11-29,572.36474609375,576.1932728234741,563.9898438724786,574.2790094586121,1125420
2021-11-30,569.4456176757812,576.6719516097246,566.6699118856181,569.4934625855371,5219689
2021-12-01,551.403564453125,572.5562106670423,549.6807390285871,569.5890672626917,3306382
2021-12-02,553.7485961914062,558.0078444234881,550.446479767941,552.2650535717884,1931467
2021-12-03,556.428466796875,559.0127339608617,553.269944004749,555.1363624242218,1202147
2021-12-06,542.9808349609375,558.0078152544428,541.7365753585157,558.0078152544428,1525444
2021-12-07,547.8621826171875,550.0157288406534,542.8850863281082,545.5171983790109,889360
2021-12-08,549.4414672851562,552.1214244910853,547.9100798585355,550.7336301938852,1406874
2021-12-09,554.8971557617188,556.0457255945105,547.0008184869724,550.8293456504858,1444157
2021-12-10,553.0306396484375,558.6298946897676,550.8292486010135,557.050604145595,1258379
2021-12-13,554.0836791992188,558.1514897663027,549.4415544420353,557.9600517029362,1626598
2021-12-14,554.5621337890625,555.5192654950024,548.580060626938,553.2221260332733,1167762
2021-12-15,548.7236328125,553.2700087262574,547.287935155524,552.7914428405987,929113
2021-12-16,545.8043823242188,551.2122000978867,544.607967632583,549.632909337453,884563
2021-12-17,540.5402221679688,547.4794282073096,537.4773885082452,546.0437304060666,1884521
2021-12-20,534.2710571289062,539.4874378518361,526.8054397290335,537.9081467935932,1332911
2021-12-21,535.13232421875,540.5879867364011,533.1223709632027,535.036634413699,641150
2021-12-22,539.8701171875,541.0186868973786,534.079482156103,536.089435334379,912026
2021-12-23,545.0387573242188,546.522300045156,538.5781171748233,541.7366406752335,926683
2021-12-24,539.5352172851562,549.2979735087815,538.0516746515584,549.2979735087815,418659
2021-12-27,537.3816528320312,540.205203283936,534.3188194336716,539.822327202133,571197
2021-12-28,538.3387451171875,541.018702237102,536.6637646149054,537.8601792593927,394545
2021-12-29,542.3107299804688,545.8521285109871,536.9508164987535,539.2958005540073,1354842
2021-12-30,547.0487670898438,548.0058990621534,537.6688854449491,542.3109521431711,917276
2021-12-31,555.184326171875,556.3328960927082,547.2879882918494,548.4365582126826,1024258
2022-01-03,556.2371826171875,559.8264269554589,553.7486048247717,555.1364576526415,1161811
2022-01-04,549.4414672851562,558.0078080983623,546.0436612694951,558.0078080983623,3062561
2022-01-05,557.5292358398438,558.4863675751911,549.0586433494935,550.3507478247385,1001768
2022-01-06,557.5770874023438,558.4385293419191,549.7764987173067,557.529242498742,1246823
2022-01-07,562.3148803710938,565.5212482363746,557.5770667165708,558.0556325722058,1492507
2022-01-10,563.8463134765625,565.904170190184,560.9270732041393,563.7506236651473,813368
2022-01-11,562.3627319335938,565.4734100320642,558.9649260020782,565.0905923942322,815198
2022-01-12,557.5292358398438,565.090599916562,555.7106621752098,564.8034136610098,1287352
2022-01-13,555.8064575195312,559.7785195067511,552.7914689301115,557.5292831054754,1421440
2022-01-14,551.1165161132812,559.1564471457375,546.5701397551086,551.8822099214455,2009075
2022-01-17,545.1821899414062,553.6528404908314,544.5122444900528,551.1164181323672,1486008
2022-01-18,539.7265625,546.8093016810685,538.4822446161426,545.182166187215,1185072
2022-01-19,544.17724609375,545.1822227499413,535.9937812952121,539.7266184967067,1103105
2022-01-20,535.8502807617188,544.6080611762316,532.404629225446,544.5602162640853,1007594
2022-01-21,527.906005859375,534.7973661539552,524.4125100175899,531.3995601198462,2389963
2022-01-24,522.6896362304688,530.585973332983,517.8082875709348,528.3367370409538,2431761
2022-01-25,519.5310668945312,522.7374930902452,513.6447420834406,520.7753264011997,1847960
2022-01-27,506.3705749511719,518.7654436369363,504.4563113215153,517.808311822108,2183776
2022-01-28,511.060546875,519.2440122506969,508.3326861373076,510.3905429173901,1426419
2022-01-31,513.7404174804688,518.286792856402,512.3525648925004,515.0325218514198,1749168
2022-02-01,523.0245361328125,526.7573140477567,514.9367630224247,517.9517507087053,1500268
2022-02-02,533.5531005859375,538.6258871283761,521.6367987293914,526.9010233037247,1157446
2022-02-03,532.5960083007812,535.2281207829393,525.1303918533072,526.3746515247713,1798123
2022-02-04,544.6080322265625,545.8044470601006,532.1653179577659,535.9938454250879,2712529
2022-02-07,542.4065551757812,546.2829269420935,535.6108849405343,545.5650781550473,2481096
2022-02-08,538.1473388671875,545.4694202912813,537.1902070950805,542.4065869368013,820398
2022-02-09,546.0437622070312,549.8244449875589,537.908140859512,540.2052808427607,1381438
2022-02-10,540.3966064453125,546.6658666504629,536.3287961783901,546.0437075951045,2044201
2022-02-11,536.8072509765625,539.5829560692683,531.734465024525,537.9079757178338,1053326
2022-02-14,529.3895263671875,535.8980687416131,522.8331975095978,527.4752629438115,1256655
2022-02-15,538.3387451171875,539.7265977885294,527.2838854858627,528.8152728633328,1349136
2022-02-16,537.7644653320312,542.4065894998988,532.1652678062214,538.3387794492218,1053001
2022-02-17,530.6337890625,540.8750505760011,529.437374547495,538.003655739989,1222505
2022-02-18,524.3168334960938,530.9210668521454,522.1154418503079,527.379667203519,1383430
2022-02-21,529.8681640625,531.1124821913459,518.4783302003899,522.0675746058495,1157096
2022-02-22,526.4702758789062,528.1931012420068,518.956815458784,519.6268193274016,1465489
2022-02-23,519.9618530273438,527.3796245155387,517.4254303768079,526.470337617119,940986
2022-02-24,510.8211669921875,516.4203637081981,503.8341177170481,509.19403152350816,3036292
2022-02-25,521.4932250976562,523.4553919745784,510.58195789595055,513.0226322424711,1284779
2022-02-28,539.2001342773438,545.6607734254799,504.3605745149015,519.5310889989771,7992990
2022-03-02,541.0187377929688,545.5651137408088,534.7495363275794,538.8173463861732,1871881
2022-03-03,538.7694702148438,546.2829308725111,535.9937648508212,542.0236830216561,2166986
2022-03-04,515.9418334960938,537.1423241128634,513.9797251861031,533.1223592712466,2103625
2022-03-07,484.26080322265625,504.40841415359336,480.4801212620567,497.7084921439631,3178030
2022-03-08,499.1920166015625,500.3884312029557,483.3514989628529,484.30863064396743,2161459
2022-03-09,505.461181640625,510.1989948104239,494.3584782932808,497.70843893999233,2952144
2022-03-10,522.306884765625,523.5511445405749,508.7634451362658,515.8462444993565,1658773
2022-03-11,524.0775146484375,525.9917782821958,517.6647197916093,522.1154061075732,1238386
2022-03-14,517.4254150390625,524.8910896311546,509.4333880722893,522.9768260780412,3049209
2022-03-15,532.787353515625,534.7973066024981,516.6596502474113,516.7074951459217,2726150
2022-03-16,540.4923706054688,541.7366303341586,535.4195834539227,539.3438006948734,1685983
2022-03-17,536.2330322265625,546.2350701249667,531.8302497961914,541.9279774966409,1988370
2022-03-21,525.9917602539062,536.9030859598204,523.6467756991883,530.7295742688082,1119604
2022-03-22,511.1083984375,525.4653759216994,508.5241308066059,525.4653759216994,2369464
2022-03-23,500.436279296875,515.4154135693818,499.71843053145807,515.4154135693818,3708515
2022-03-24,501.2977600097656,508.04552724358217,497.3735431556841,498.56995785737803,2528645
2022-03-25,497.51708984375,504.55204351025145,495.50713646399987,503.45131859072427,1185395
2022-03-28,493.0664367675781,501.6806223845847,490.2428864649334,499.76635891413883,2529886
2022-03-29,493.6885681152344,500.5799287221063,491.63076980745615,493.88000615794806,2072288
2022-03-30,505.0783996582031,506.8969148005728,496.03349359061474,496.08133849091996,3274773
2022-03-31,513.2140502929688,515.8940074792538,505.0784305089731,508.14126375844967,2884367
2022-04-01,519.1961669921875,521.6368414473314,513.2619380295992,515.894050532315,1488872
2022-04-04,521.3018798828125,522.5939844989873,511.68265815845496,519.6268991632645,2818537
2022-04-05,525.4175415039062,529.2939138182945,522.8811187302477,524.5082545613479,2471895
2022-04-06,518.239013671875,525.4175020178184,515.5111530492039,525.4175020178184,1813477
2022-04-07,526.9488525390625,532.1652320549929,517.3296905138915,517.3296905138915,2078365
2022-04-08,533.074462890625,534.0794393993075,526.6138245107946,526.948797207463,974621
2022-04-11,528.7195434570312,534.6058680157997,525.7045554112791,534.6058680157997,1472046
2022-04-12,530.0116577148438,533.0266458169466,524.603840458272,528.3366773067155,1373926
2022-04-13,532.0695190429688,533.7923443662768,527.3795504896536,530.0595074835418,1405005
2022-04-18,538.5780029296875,539.6786693000762,525.6088804719938,526.4224190248324,1332556
2022-04-19,525.4652709960938,545.2779076518135,522.5938760726178,543.1243614592065,3225494
2022-04-20,526.7095947265625,532.4523852743761,519.1003855669722,526.4224668829091,1341149
2022-04-21,537.7644653320312,538.8651902426307,527.1881708840084,528.7674616829228,1293680
2022-04-22,535.8502807617188,540.4924056138235,530.2989273227478,534.03176516929,1804787
2022-04-25,527.666748046875,535.8981165529826,522.1632402136607,531.7345581844681,1262104
2022-04-26,535.8981323242188,537.4295198771405,530.2510311877752,530.442469236563,1950606
2022-04-27,535.8502807617188,537.1902888139894,526.1354268481934,531.3996523955911,1704589
2022-04-28,547.7186889648438,552.1214720093172,536.0416689711517,539.8223513781946,2316486
2022-04-29,532.8352661132812,550.4464555662969,530.3466884690804,550.3507657571182,3244210
2022-05-02,533.3138427734375,535.4673892916569,525.7046333919915,528.3367458031485,1089778
2022-05-04,514.9848022460938,540.7795183911448,509.48129387308654,533.8881570925099,3409715
2022-05-05,506.3705749511719,520.1532964521753,501.15419487661967,517.3297459146938,3769187
2022-05-06,488.9029235839844,504.3127809879988,486.55796814286106,495.9857224428097,3569229
2022-05-09,482.9208068847656,491.39145782009376,480.5279775389698,488.902880249255,1443702
2022-05-10,481.006591796875,486.8929759471706,477.94378745174714,484.11727025934044,2305275
2022-05-11,485.36151123046875,488.0893425315317,473.0145176254571,481.0065442875527,1809222
2022-05-12,476.98663330078125,485.3615364617434,474.25880185791334,485.26581744089214,2176908
2022-05-13,479.3315734863281,490.48218185226773,476.9866182010981,480.4801432814953,2733902
2022-05-16,475.5030517578125,484.2608308227314,474.1630731213838,482.96869709107585,895516
2022-05-17,480.3365783691406,482.0594038489962,473.1102160740201,478.0394679928854,2052078
2022-05-18,487.9457702636719,493.1621501537911,480.4801540557072,482.633700562929,3035188
2022-05-19,471.0045166015625,481.29368240255155,468.3724044199141,477.65656440775984,2053355
2022-05-20,481.7723083496094,485.6008356368468,475.55095150784854,476.36451939825554,2149292
2022-05-23,484.5958251953125,491.1522131649966,482.39443370934515,483.3515655222605,1572782
2022-05-24,480.62371826171875,486.7972299364314,476.84306525021634,486.7972299364314,2089081
2022-05-25,473.2537841796875,483.35151200415646,472.2966524727486,483.207948089984,1054477
2022-05-26,476.508056640625,480.00158175268916,467.3674307287015,475.98161664250847,2070365
2022-05-27,476.3644714355469,479.8579963915368,474.45020798466555,479.71443247458916,1089096
2022-05-30,488.2329406738281,488.6157875548229,478.56590357965024,479.9058822678043,1594338
2022-05-31,496.7514343261719,503.69064029700957,482.4901754831472,487.9458095484049,5516299
2022-06-01,495.3634948730469,504.40840103453735,493.30569678910587,497.0863202326921,1596876
2022-06-02,499.33563232421875,502.4463104286496,490.09928781589656,495.36351230031795,1883760
2022-06-03,491.91790771484375,500.53209404479793,490.67364803981053,499.1442412301229,2117973
2022-06-06,486.7971496582031,491.15211607166407,483.68647188116205,487.1799964658173,3537326
2022-06-07,479.7622985839844,486.1272189976438,475.4073607244656,486.1272189976438,1213684
2022-06-08,473.5887756347656,479.5708490396578,470.4780974642217,476.65160890180755,1415492
2022-06-09,476.31658935546875,477.1301571503517,467.7502780816843,473.78019616735025,1191289
2022-06-10,480.71942138671875,483.112250761466,469.9516892003562,475.2159138248001,1775867
2022-06-13,476.4601745605469,485.07436033033105,473.2059324449415,479.2837249132689,2658015
2022-06-14,474.40234375,482.01155280941623,470.95666362480506,477.9915877951317,1325521
2022-06-15,475.02447509765625,479.52300599935137,472.1052349484632,477.1301766280971,1213910
2022-06-16,475.69451904296875,480.33661425578026,471.5788638617476,476.938778737009,1778349
2022-06-17,463.8260803222656,473.7324003838459,461.5768147300274,471.86598167320585,4334329
2022-06-20,479.3315734863281,481.5329940588413,463.8260565076308,465.64460100885947,3139895
2022-06-21,484.2129211425781,488.5678879027733,476.5558675432985,480.14511141796083,1819682
2022-06-22,477.5609130859375,490.43434720450733,473.92379479807374,483.8301145581964,1766236
2022-06-23,483.4951171875,487.18008041561666,477.6566074349529,478.56589431789456,1065402
2022-06-24,487.8979187011719,492.63573263615166,484.6436765320862,485.26580633937056,1581131
2022-06-27,493.5928955078125,496.75141885727083,490.29077901664164,495.3157211149088,664059
2022-06-28,490.147216796875,493.59292664713803,485.69658856599,493.59292664713803,1358007
2022-06-29,479.7144470214844,490.91290023245955,476.74733274077494,485.2657995136429,1698999
2022-06-30,474.6895751953125,481.3416243425651,473.78028821096666,476.36455601221996,1706703
2022-07-01,489.3336181640625,490.72147091643154,470.9566764681001,470.9566764681001,1704654
2022-07-04,502.494140625,504.3127142156873,489.33357979910716,490.0035836703437,2119912
2022-07-05,507.94989013671875,509.95984367663056,503.45135870787186,505.36562242919456,1891633
2022-07-06,519.6747436523438,521.397569278751,498.7613779196407,507.854130389853,2355807
2022-07-07,520.2490234375,528.6239274156268,515.0326429902422,518.8611705231001,1624706
2022-07-08,520.5839233398438,524.9388606262758,517.4253421869764,521.6367447783467,759628
2022-07-11,522.0195922851562,523.5509794608987,515.9896165363147,515.9896165363147,767902
2022-07-12,520.1533203125,521.6368630097985,515.9419167665952,515.9419167665952,383407
2022-07-13,521.9238891601562,524.6517494770995,516.8989478811714,518.7653663256734,1655868
2022-07-14,525.7047119140625,528.336824718366,520.7276142003675,522.4983433199352,1608306
2022-07-15,524.8432006835938,531.2081505395158,520.1054449948142,526.6617744763398,848018
2022-07-18,526.5181274414062,529.8680884081961,518.9089771232159,526.4224376383997,1156564
2022-07-19,525.8960571289062,529.6767392640193,521.7324989223818,528.0017586842959,986838
2022-07-20,534.3189086914062,535.993889596395,526.6140082121976,528.3368340307322,2544134
2022-07-21,550.0921020507812,552.6407931852303,536.6752100587898,536.8675785054257,3414847
2022-07-22,554.27587890625,555.8147678932779,545.9083498160365,552.7851260614827,2036934
2022-07-25,546.1968383789062,553.7948923239113,542.5901504833841,548.2165601193576,1440874
2022-07-26,536.9156494140625,546.3891935939753,534.992082376305,543.9847347967784,1549359
2022-07-27,546.0525512695312,547.4952264380108,534.6554409195835,534.6554409195835,1151735
2022-07-28,550.8134155273438,555.8147014073645,546.3410988254028,546.7739131356883,1914336
2022-07-29,561.7777709960938,562.8838456047685,549.2265068969882,551.2943650949064,2161611
2022-08-01,558.6038208007812,563.1722922273846,554.4681636709032,561.777694472427,993023
2022-08-02,556.1513061523438,567.9331539696653,553.0255097926462,558.603842324816,1291098
2022-08-03,548.024169921875,557.2091896570936,543.9846678988312,555.9108055473224,1793491
2022-08-04,551.9674682617188,553.9871897432865,544.5617249916454,550.1400564811803,2687696
2022-08-05,557.0169677734375,560.2869966295618,551.101975445984,551.9676041240633,1455945
2022-08-08,564.0860595703125,565.0478431330922,555.4780849429119,557.8344664122442,1395495
2022-08-10,562.59521484375,568.8468069801223,558.748081221367,566.4423484661329,1222405
2022-08-11,560.4312133789062,567.4522206395189,558.7961698162043,565.5286537898935,1222897
2022-08-12,559.3732299804688,564.1340697894806,551.3423616692066,559.757966840782,1418557
2022-08-16,557.4496459960938,565.4324953333648,555.5260791586985,559.9983955366829,1076292
2022-08-17,562.59521484375,563.6050756791054,554.1796100447872,557.834375245531,1524111
2022-08-18,571.8764038085938,573.2710015221548,561.3449222156441,563.3646439369381,1777307
2022-08-19,564.75927734375,578.9936612621658,563.6532028486687,574.9541588616761,2461951
2022-08-22,561.8739013671875,569.2796456481486,559.1327833222159,562.16242466071,1333644
2022-08-23,565.6248168945312,569.327718355586,556.8726110822247,557.064979510511,1186601
2022-08-24,564.6630249023438,566.0095451773492,557.0649710722462,562.6433031924372,1383496
2022-08-25,557.5459594726562,567.0195043634617,555.9109156273475,566.0096433333807,1563845
2022-08-26,550.14013671875,560.2869404369405,546.1006344638608,558.8442652532375,2359504
2022-08-29,551.1500244140625,558.6038465590726,542.3016044497873,543.3596015241912,2612374
2022-08-30,561.2967529296875,563.6050565056305,553.0735168321131,553.0735168321131,1784269
2022-09-01,547.8318481445312,552.5926881233714,543.4557450397286,543.4557450397286,3042496
2022-09-02,548.8897705078125,550.620968800202,544.8502686905056,549.418739610682,1659835
2022-09-05,548.312744140625,552.1118006664567,546.3410997267445,550.2844472571112,686752
2022-09-06,549.1782836914062,551.1018503593272,546.6776705041475,549.7072527845653,562408
2022-09-07,550.476806640625,552.7370332674259,547.302932578052,548.1685612781223,485140
2022-09-08,548.601318359375,551.9675605264055,545.5716769280057,551.919424390507,853719
2022-09-09,552.929443359375,555.7666581621828,547.7357881730879,555.7666581621828,965576
2022-09-12,548.601318359375,556.4878959029054,546.8219837066674,552.9293440026998,835551
2022-09-13,549.1782836914062,551.96747884093,548.0241319501345,551.0537729331483,827907
2022-09-14,545.3312377929688,549.1783717456528,543.4076708166267,545.7159746692794,867842
2022-09-15,541.9168701171875,548.0722486743311,538.7910740576895,548.0722486743311,1225198
2022-09-16,525.5185546875,541.3398471074519,523.210250688712,538.8392333609391,1946975
2022-09-19,527.2015991210938,529.7502899333674,519.6515641389306,528.1633825300877,685828
2022-09-20,535.5210571289062,539.1277453621325,527.4901881439657,529.7503559557443,812820
2022-09-21,540.0413818359375,546.96623409154,533.5012664233242,535.5209880925164,1660482
2022-09-22,553.6506958007812,557.8344305488552,537.5408221599307,540.4261726627697,2626545
2022-09-23,546.8219604492188,554.8047512224172,545.8601770138309,553.6987354932825,1156625
2022-09-26,534.944091796875,545.1389752712352,533.8860945327626,542.9749620023988,1442609
2022-09-27,539.0796508789062,543.8404909367345,535.7614860687468,537.6369756312374,1734629
2022-09-28,542.493896484375,546.7738442085854,534.7034746917299,536.7231962816459,1551538
2022-09-29,553.746826171875,556.0551299530684,542.3497156709161,545.2350660461061,2309452
2022-09-30,551.0538330078125,553.7468148959654,546.3891481080132,553.7468148959654,1598546
2022-10-03,535.857666015625,555.7665362221079,533.7898081426799,549.7553897340147,1606325
2022-10-04,532.6357421875,546.4854494109852,531.0969119193848,546.4854494109852,2948474
2022-10-06,525.5185546875,536.1943286010238,523.691142463242,536.1943286010238,2675443
2022-10-07,519.50732421875,523.6910585053839,513.8327787079916,517.3433115802981,3803118
2022-10-10,508.879638671875,517.2471670646936,506.42710242810256,513.5924014168555,3601832
2022-10-11,499.1175537109375,511.4283706383446,497.2420641655367,511.4283706383446,6628877
2022-10-12,513.2076416015625,518.2570048730836,499.1175488368808,499.1175488368808,3197008
2022-10-13,509.7452392578125,517.9684761883375,509.0239016550892,514.5541566093013,2075101
2022-10-14,511.0436096191406,514.5541426716801,506.85987511771106,514.5541426716801,1518166
2022-10-17,509.69720458984375,514.073308006345,506.85993137388925,511.04366633966987,757924
2022-10-18,511.0436096191406,513.1114675053109,508.49491871345003,511.2359780485104,1247608
2022-10-19,505.9942626953125,515.5159425784565,504.98440178712565,512.1977778493242,2677154
2022-10-20,515.4678955078125,516.958648241289,502.05100350130766,504.93635409614274,2273116
2022-10-21,517.3914794921875,519.363124055952,512.1016698953214,515.5159898036857,1238126
2022-10-24,516.3334350585938,520.3248599607765,514.0732673734474,519.6996772210017,164839
2022-10-25,511.81304931640625,517.4394586102176,510.46652910292374,515.5158918495848,1231137
2022-10-27,528.067138671875,530.2311512179599,515.5158776451024,520.8056860910875,5098267
2022-10-28,529.99072265625,533.0684412293072,525.3741741479639,531.3853203052633,2012341
2022-10-31,533.5012817382812,537.1560470411923,529.1732562921122,532.2028388828693,1517302
2022-11-01,542.2534790039062,543.4076308453369,533.6455056774289,535.6172086452318,1354247
2022-11-02,540.7627563476562,544.7541812317088,537.1560683328876,544.3213669294156,936356
2022-11-03,537.0433349609375,543.5160170321639,535.6908007869242,543.1779129710517,807402
2022-11-04,538.5890502929688,541.3907030194197,535.3527091820545,538.4924659774844,620438
2022-11-07,534.8212890625,544.1439746192524,529.0731664181067,538.5890205951766,1295002
2022-11-09,535.3527221679688,541.3423650280973,530.3773915393812,536.1738657638552,883098
2022-11-10,535.1112670898438,536.9950742686738,529.4113764942263,532.3096139567859,927378
2022-11-11,534.3383178710938,540.5212475957268,531.53672390586,537.8162379529953,1331351
2022-11-14,534.4349975585938,548.732957185251,531.6333444377523,536.6086756460353,2173335
2022-11-15,532.0679931640625,537.139907760724,523.6148021696266,536.3670563770461,1939642
2022-11-16,531.391845703125,532.3096327249199,525.740306037789,530.4257665148765,2344384
2022-11-17,533.1790771484375,535.0145920536172,527.1410827930004,529.6528648589467,2201076
2022-11-18,529.894287109375,533.2272711731188,524.5808530544953,533.1789790201209,1143913
2022-11-21,532.1163330078125,533.2273475097054,525.7402348150686,528.8799917515291,1022010
2022-11-22,527.9140014648438,530.2809073463676,522.2141104819739,529.8461599044883,1710541
2022-11-23,532.6961059570312,533.7587695140367,525.5470961368976,527.5758389147429,1450395
2022-11-24,534.8212890625,538.1059811148222,531.8264678702147,534.2416652719868,1285517
2022-11-25,537.6713256835938,538.5891126460833,529.1215490059802,536.1739148315269,815285
2022-11-28,539.6517333984375,543.8059204826053,536.7534962502938,537.6712831401632,1384789
2022-11-29,572.9815063476562,578.0051295984707,539.1687369197773,540.8593753911712,11072058
2022-11-30,568.3926391601562,578.5848212720268,565.8325648147562,575.2518364418052,6800183
2022-12-01,566.8952026367188,571.5323705118974,566.2189354754911,569.5036279930032,2181957
2022-12-02,571.0977172851562,572.8366479749155,556.9446340482306,565.0597225534972,3556471
2022-12-05,567.1849975585938,572.4018481146675,563.0791615172649,570.9527295118455,3137533
2022-12-06,572.4984741210938,573.8993006654445,562.4029942915122,566.0257910623548,1040850
2022-12-07,581.821044921875,590.0327159585473,578.0533134485489,580.6134462400114,6182504
2022-12-08,583.8982543945312,586.4100365665605,578.4881758446966,584.9609178600534,1825451
2022-12-09,578.43994140625,588.8735853413699,573.8510650443633,586.216867447646,1253564
2022-12-12,582.014404296875,583.3185875826988,570.2765188652901,579.6474985514978,1989220
2022-12-13,574.044189453125,584.3328960669842,572.8848827877473,582.738900996278,1713097
2022-12-14,567.1849975585938,577.8602184378782,565.4943591886348,575.7831248545854,1470878
2022-12-15,566.9918212890625,569.9866427753575,562.5478222546541,565.7842224696232,993549
2022-12-16,560.0843505859375,568.006210890848,559.3597912708199,565.156265791761,1749583
2022-12-19,569.0689086914062,569.7934680503117,554.5777215132966,558.3937459298238,2060993
2022-12-20,559.8428344726562,562.6444874286677,550.2303357029895,556.5581419700765,8300358
2022-12-21,557.6691284179688,566.7019438978112,555.1573464882715,562.5961079588309,2308329
2022-12-22,558.1521606445312,563.3206598789519,554.964111632422,557.8140565693018,818353
2022-12-23,546.6558837890625,555.9785715194859,543.8542895286574,552.8871063314577,1890316
2022-12-26,546.8974609375,548.2982876970012,538.3476828310826,541.2459206928919,2149944
2022-12-27,554.04638671875,557.7174756573197,546.9457286265797,548.7329514494334,756651
2022-12-28,549.8439331054688,555.495472149246,548.7329185752551,555.495472149246,1041815
2022-12-29,541.922119140625,550.6168316214682,540.7628123502207,549.2160050399294,1761390
2022-12-30,542.4050903320312,548.9744160296178,541.1008482454786,544.3855405766645,699061
2023-01-02,542.5017700195312,544.3373441093116,539.1687849432437,542.4051856841936,564453
2023-01-03,541.8253784179688,549.070970849152,538.3475176369136,545.1583627292695,904153
2023-01-04,540.859375,545.3516665209426,538.8789245850433,543.4195082693183,1223101
2023-01-05,553.32177734375,554.6743116032239,541.970348476375,542.0669327957148,2641778
2023-01-06,534.0968017578125,554.4811059523727,529.8943812987875,553.7082544726976,2789534
2023-01-09,530.9088134765625,537.1400361201964,527.1894321361086,537.1400361201964,3024289
2023-01-10,535.7874145507812,536.3670973564142,528.9282769200157,531.5367021334004,1156889
2023-01-11,529.7494506835938,536.3671278947751,526.609693609871,535.7874450561377,1862522
2023-01-12,526.46484375,530.6672644599143,523.5183141401343,529.218145737214,1973109
2023-01-13,525.257080078125,531.2467807130294,520.2817504380155,526.9960102070266,3143762
2023-01-16,534.2899169921875,535.0144761578847,524.6291281162244,526.7062213104667,1120373
2023-01-17,537.6713256835938,540.2797511162728,531.3918113657471,534.2900487432148,1228285
2023-01-18,538.6857299804688,540.9560514441389,535.2078685003193,537.5747742965738,676706
2023-01-19,536.1255493164062,541.7770878433182,533.0823769005107,537.6229599635999,1182667
2023-01-20,546.80078125,549.2159790470406,532.4061787937218,535.2561239871877,2511076
2023-01-23,545.255126953125,548.7329885056229,541.5839788018498,548.7329885056229,704349
2023-01-24,547.7186279296875,550.1821181583327,542.2119645590241,546.4627367312406,611251
2023-01-25,544.1923217773438,548.2015734554236,541.6322476515797,546.4626429433453,854326
2023-01-27,542.9847412109375,548.2498840489467,537.3814942770513,545.2067113269007,1373950
2023-01-30,539.1204223632812,544.5787927872625,532.9375515893005,543.9025256338365,2094290
2023-01-31,538.83056640625,540.7144322637376,534.6764384671638,540.4246203544587,2302382
2023-02-01,542.88818359375,549.4575099416325,534.8213874095784,541.0043174809919,2239694
2023-02-02,535.642578125,541.9220923844613,527.9622373531625,538.5891076384046,1698846
2023-02-03,515.5963745117188,542.9846905980502,510.3312321644859,542.9363984409675,4206140
2023-02-06,526.2233276367188,527.913966158339,512.2634720509526,515.5964569293911,2259398
2023-02-07,517.480224609375,527.382534066092,514.920091749287,525.9817077646247,2293797
2023-02-08,515.8379516601562,518.7844811474587,511.24907589581653,517.4802979371937,1629050
2023-02-09,515.1617431640625,518.4464360922365,512.6499607823737,515.8380104098391,1095213
2023-02-10,514.3406372070312,515.8380483124797,512.3118353206297,515.1617810170126,913857
2023-02-13,516.3209838867188,517.3353551430612,511.05584102834615,513.9540783120608,1379183
2023-02-14,512.0219116210938,520.0886483409073,511.5871642427976,516.8523070137455,1728878
2023-02-15,516.7073974609375,518.301451606314,506.225462519494,511.82870966282036,1530576
2023-02-16,517.4320068359375,520.6684076030027,514.9202244489344,517.6735266410261,1400865
2023-02-17,516.3693237304688,518.4464175615136,512.5050069953484,515.7896998061183,1510520
2023-02-20,516.852294921875,518.0598937417859,511.6837955585707,516.8040027620358,1462577
2023-02-21,516.9972534179688,519.65397094023,514.5820556704584,518.1082090029502,2460231
2023-02-22,515.1134033203125,517.3353735238152,511.63548307741246,517.3353735238152,922754
2023-02-23,521.4412841796875,524.6776261370786,512.0703035001266,512.9880905964133,2803998
2023-02-24,516.7557373046875,522.8903160409146,515.8862425235075,522.5522119397831,1375098
2023-02-27,508.3508605957031,515.9345583383716,505.54920747438547,515.8862661738231,1746670
2023-02-28,514.53369140625,516.852304770575,504.53479657277154,508.640632638706,2330523
2023-03-01,509.365234375,518.2531743922353,508.1576354314841,517.6251993556903,1767693
2023-03-02,512.1185302734375,512.7947974667005,507.6262976360022,510.95928247331966,1215381
2023-03-03,516.6591186523438,518.5429847915407,511.9253661868248,513.5193614086129,970153
2023-03-06,518.7844848632812,520.8132274192888,515.0167527280789,517.9149900736838,1070128
2023-03-08,513.8091430664062,519.2192213770327,512.2634401003921,519.2192213770327,1455390
2023-03-09,508.7855529785156,515.0650667752533,508.1575780129276,512.9879732411874,1585845
2023-03-10,511.9736328125,512.9880040784544,506.27374251460157,507.191529456099,909401
2023-03-13,505.7906494140625,511.87693533021536,502.361080751886,509.6066732627305,1409053
2023-03-14,508.64068603515625,510.6211365524959,504.38991407591567,504.9213047944158,838398
2023-03-15,504.1483154296875,511.15238835842774,501.00855859956255,508.399086724078,3297110
2023-03-16,516.3693237304688,519.5090810777541,502.84421515754724,502.84421515754724,2094724
2023-03-17,517.9633178710938,520.9581394074097,514.2921702268521,517.9149667456797,1400977
2023-03-20,518.881103515625,519.6540140307502,511.0558857507279,513.9541232880666,870716
2023-03-21,514.243896484375,521.5377819438949,513.1329408910168,519.7022670208204,1645563
2023-03-22,521.82763671875,523.6148594242277,513.1812171917577,514.0990041073222,784791
2023-03-23,521.1031494140625,525.981837631174,518.3980804544641,522.6005603964716,1927951
2023-03-24,518.2047729492188,521.6826335872216,516.8522388317845,518.0115453660453,639799
2023-03-27,523.08349609375,527.4791438327327,516.0794232131872,516.0794232131872,1319154
2023-03-28,515.6929931640625,524.3394125897762,513.9540626398175,520.7166160956045,1173081
2023-03-29,517.480224609375,519.2674471205287,511.2490034509725,514.920091749287,1804819
2023-03-31,526.4165649414062,529.4113867917195,518.7362237232758,518.7362237232758,1361128
2023-04-03,529.02490234375,531.2952236538415,524.629254142223,528.9283180176993,2436530
2023-04-05,529.4596557617188,536.2222096762936,523.4699533587086,536.1739175127191,1737173
2023-04-06,508.0610656738281,529.4596841877968,507.1915708236415,529.2181643921665,3766812
2023-04-10,505.45257568359375,510.0897433758717,503.52041756474574,509.9931590558438,1618940
2023-04-11,504.1483154296875,508.78554191985324,502.07128090555227,505.9355970041676,3509174
2023-04-12,500.0908508300781,504.293271170585,497.9654650973214,504.293271170585,2122535
2023-04-13,509.2685852050781,509.89650119688446,496.7578499501688,501.3950175099047,8617033
2023-04-17,506.3219909667969,511.9735886145727,503.8585012579231,511.9735886145727,1555572
2023-04-18,503.23065185546875,507.0466173188143,501.6365976751102,506.8534486610184,2893384
2023-04-19,502.409423828125,503.0373988286231,499.8976417557099,502.36113166611483,1138035
2023-04-20,507.4813232421875,508.39911015085664,501.2018092925807,502.4094081290435,2688238
2023-04-21,507.3365173339844,510.42792361353133,505.9356906958674,507.5780371348737,1242615
2023-04-24,507.04656982421875,509.60670291291854,503.08566927374847,508.5440395354127,2399145
2023-04-25,508.5440368652344,510.76600689321646,502.554334946267,504.77630497424906,965836
2023-04-26,515.5481567382812,516.8040478275456,508.15762773005497,508.35085535104747,2552760
2023-04-27,512.408447265625,516.7074526680234,510.1381256958584,516.5142839938278,1298338
2023-04-28,514.8236083984375,516.6108312600776,510.8143562950276,512.9880344069213,2032847
2023-05-02,518.2531127929688,518.9293799139153,514.0023414311203,516.8522863920333,1099379
2023-05-03,519.7022094726562,523.1317781272561,517.7700514740329,520.6199963149588,2882258
2023-05-04,512.408447265625,522.5039280490156,510.2830611663019,521.1031603371132,4124229
2023-05-05,487.8699645996094,509.12370563167156,486.56575186707187,499.94595382237196,6512813
2023-05-08,496.4680480957031,497.53071146631873,488.88429216341297,490.7681581065824,2707182
2023-05-09,500.3323974609375,501.0569567975011,497.0959970454131,498.35188810249866,1447224
2023-05-10,496.8544921875,501.34678379501713,491.83089832590036,501.34678379501713,2751302
2023-05-11,502.5543518066406,503.32720328167795,495.06723889794006,497.1442735518036,1959951
2023-05-12,500.76708984375,504.6797574639089,499.6078420679298,503.23063877934345,1542764
2023-05-15,514.9683837890625,515.8378784490276,496.22648712723856,500.4289070659144,3666778
2023-05-16,512.7464599609375,517.6734395701258,512.0219006675401,516.8522959568564,1530503
2023-05-17,506.17718505859375,512.4084074013439,501.97470535544034,512.0219521534244,2511945
2023-05-18,505.6940612792969,509.5583772558856,504.29323494482696,509.5583772558856,1579098
2023-05-19,501.49169921875,508.061085082692,499.4629564438713,508.01273394988374,1402249
2023-05-22,504.5347900390625,507.38473506440897,497.9171720514633,501.2984487678572,1305271
2023-05-23,507.916015625,508.64057484843084,502.3610615786971,505.25929847242037,1500934
2023-05-24,508.8338317871094,510.5727622306999,504.53476835379945,508.93041610322615,2304274
2023-05-25,512.1669311523438,515.45156517972,507.7229312826505,508.8339459912731,2297300
2023-05-26,523.7114868164062,525.257248844689,510.5728338823608,511.58720520307594,2184804
2023-05-29,529.7494506835938,531.3435047838609,524.001327212763,527.4308962234102,2215580
2023-05-30,531.246826171875,534.1450629563047,528.155361808861,531.343410478778,2023557
2023-05-31,536.5603637695312,539.07214588127,527.5274886702455,529.8943942936857,4905059
2023-06-01,538.0094604492188,544.772013974166,534.4832482395814,536.6086339975222,1385234
2023-06-02,538.2991943359375,541.0042035607856,536.9949523949148,538.5890062234607,1166828
2023-06-05,533.5172119140625,543.9025628023852,532.8409447144227,539.6034987812374,1570130
2023-06-06,528.9282836914062,535.5459016457404,523.180101509474,534.7730501931212,2685928
2023-06-07,537.623046875,539.265393222653,527.6724434248092,530.3291610868151,2718117
2023-06-08,533.3722534179688,541.0043019782202,532.5994019223863,540.0382228675447,1650679
2023-06-09,531.2952270507812,537.6230335321004,528.0588266003301,536.8018898610493,2146305
2023-06-12,534.8212890625,536.8500902588568,528.1070874573978,530.3773494291514,1007065
2023-06-13,541.4390258789062,543.805931390323,532.5993788138471,534.8213488790353,2644392
2023-06-14,543.2745361328125,544.3855506383973,538.8305960400462,541.9703529869403,1577846
2023-06-15,549.7472534179688,551.1480797870714,542.5016607827312,543.2745122041997,2246105
2023-06-16,551.53466796875,553.5634108098827,546.0762966148101,553.5634108098827,2022971
2023-06-19,549.8439331054688,553.5633139852486,547.428735400472,551.727740143536,1114637
2023-06-20,552.6937866210938,553.4666970129275,543.9990753960228,548.1049112523064,1068183
2023-06-21,547.8633422851562,555.9784289522122,545.6413725201796,552.597152668402,1632121
2023-06-22,543.5643310546875,549.7472007994323,541.0524904693533,547.8633351016263,1815315
2023-06-23,544.2406616210938,546.5592751502016,537.140003505987,541.0043200779725,1536193
2023-06-26,550.2303466796875,550.6650940732295,541.149238401915,541.149238401915,825926
2023-06-27,551.2446899414062,552.3074122899243,544.9168838696529,549.6989870260176,1900084
2023-06-28,554.6259765625,556.3649660793347,549.4091849063587,551.6311549986849,2195767
2023-06-30,553.5150146484375,558.393702156327,549.9888024589404,553.5633068089538,1993618
2023-07-03,562.49951171875,564.0452145712219,553.6598650633188,555.4471466365726,1375594
2023-07-04,559.9877319335938,566.2188944897789,557.8140541214963,564.190152117735,730709
2023-07-05,572.353515625,575.638148847749,557.0411280885847,559.5529688686921,1607408
2023-07-06,571.8705444335938,576.8458165014624,566.8952134009353,572.35358399153,1116191
2023-07-07,552.79052734375,576.0247201977617,551.2931163839936,575.7832003989365,3008774
2023-07-10,553.2734985351562,556.6064831398137,546.8007569339699,552.838751158064,1999303
2023-07-11,561.919921875,562.6444811868143,553.5633142261595,556.2200317028121,1212325
2023-07-12,563.6106567382812,565.9775037234934,559.2149489890634,564.1419885315983,1388783
2023-07-13,558.1039428710938,565.8325761558871,556.9446360854163,564.19022978991,793507
2023-07-14,566.6054077148438,568.0545264046515,557.234428394462,558.055631030894,1133717
2023-07-17,562.49951171875,574.5754995186372,561.1953286222758,568.682441058206,1721733
2023-07-18,557.4276123046875,562.4512351617424,553.6115882611176,562.4512351617424,1492660
2023-07-19,555.0607299804688,561.3402440724142,554.19129417738,557.4276355465443,607767
2023-07-20,558.8767700195312,560.3258886971964,550.7133896757261,555.0607457087217,1538931
2023-07-21,548.5882568359375,560.2840842518393,547.4720327117274,555.1883866471236,3010552
2023-07-24,548.6853637695312,555.1399385855534,542.8131900128215,548.5883265469544,2410138
2023-07-25,551.6456298828125,552.8588911953385,546.5499323702032,550.2868127575484,594176
2023-07-26,558.1002807617188,559.1194085565921,551.500150159228,553.6840208230783,1273253
2023-07-27,556.935546875,561.9342079493888,555.1884621639995,559.8473744737622,2005022
2023-07-28,564.6033325195312,565.7194974540006,553.2471940564329,555.4310645592873,1812535
2023-07-31,558.6826171875,562.9048026416606,555.770789663782,558.1002753792694,1156926
2023-08-01,552.033935546875,561.3032407702194,550.8206741500687,558.8767179766069,1334010
2023-08-02,549.0250854492188,552.1795651640535,545.2396860949048,551.4030304566081,1868482
2023-08-03,538.7366333007812,545.4823791978372,529.6129422183999,540.386680815651,5441318
2023-08-04,552.9560546875,576.299193322452,547.2294369015514,547.423570583348,7508691
2023-08-07,548.6853637695312,551.1118867467902,541.6969657467688,549.413320662709,1988682
2023-08-08,545.87060546875,550.4324210457281,542.1337247251496,548.2971283251344,1956590
2023-08-09,555.3340454101562,556.1105208770638,544.5117297585498,545.7735097974346,1130663
2023-08-10,554.7515869140625,562.4194220535297,552.276545701616,555.6251587496434,1310628
2023-08-11,546.5985717773438,554.9457868511323,545.4823475475931,554.7031345612979,1198557
2023-08-14,548.24853515625,551.0633252875195,539.6586681811729,546.4529319892091,1300882
2023-08-16,548.73388671875,549.7044959173265,543.0558466035907,545.5794068233761,641032
2023-08-17,544.705810546875,548.7338025584166,540.0468989565103,547.1808517753867,2172788
2023-08-18,548.8794555664062,551.2574597508915,541.8910580769866,544.4146773255077,1108955
2023-08-21,551.0632934570312,551.8397688562717,545.53080997037,546.9382049547108,1138890
2023-08-22,557.857666015625,560.9636274615336,548.6368781475982,549.3648350845476,1750504
2023-08-23,550.6265869140625,558.8767651081039,549.1221545034059,558.7312092729795,1933561
2023-08-24,548.297119140625,554.1692925064546,547.4720658385064,554.1692925064546,740364
2023-08-25,541.6484375,551.9369302853241,540.6778283263627,544.7543987038956,2083408
2023-08-28,537.8630981445312,543.3955230502577,535.4850938169864,541.7455348454102,1481763
2023-08-29,533.9806518554688,537.6204361971867,530.0496373733881,537.2806874471906,2642866
2023-08-30,538.5910034179688,539.513034653052,535.7762133830327,537.6689129416085,845829
2023-08-31,536.8438720703125,541.0660572201883,530.437875676314,538.591015851656,4736298
2023-09-01,537.0865478515625,539.6101671787924,534.2232982606407,535.2909446259389,924117
2023-09-04,541.5028686523438,543.5411241714743,534.8541604279775,537.8630843386954,944485
2023-09-05,543.3955078125,546.3559131069314,541.5999045852084,543.5411228812127,992447
2023-09-06,545.0455932617188,546.4529884728277,542.2793806933171,543.2985085216079,635877
2023-09-07,549.36474609375,552.0339210968557,545.0455237859235,545.0455237859235,1352944
2023-09-08,550.432373046875,552.1795167441417,546.9867227395332,549.3647267796791,695069
2023-09-11,552.9560546875,554.4604870491801,550.2868794763224,550.5780503783762,690033
2023-09-12,549.0736083984375,556.1105247410021,545.1426531863646,554.2178250488837,1086960
2023-09-13,548.8794555664062,550.044198354856,543.735239095472,547.0352745479208,1206619
2023-09-14,550.772216796875,552.6649166346463,546.5986089759471,547.5206403470407,998731
2023-09-15,548.8794555664062,552.4707211469268,544.0264099822648,551.3544969660626,2463912
2023-09-18,549.0250854492188,559.6532081723299,546.6955998094438,554.217820667896,1469701
2023-09-20,544.6573486328125,548.7824375234464,537.9601217962119,548.394170166639,2487342
2023-09-21,543.6867065429688,544.8999679078854,537.2806509914421,543.2984392096844,2150267
2023-09-22,544.802978515625,548.2972074780183,541.1631937056044,543.0073750391972,956641
2023-09-25,538.0086669921875,546.4529788691506,536.5527531941348,544.8029313831006,1426546
2023-09-26,539.1248779296875,541.5514008664119,536.7953922139191,537.9601350718033,1290222
2023-09-27,544.51171875,545.5308464822922,537.4262839906356,538.7365826119714,1375349
2023-09-28,531.1658325195312,545.336701750905,529.5157851933711,544.5117077084642,2182058
2023-09-29,535.3880004882812,536.6498398164786,530.6805696574263,532.767403092876,838408
2023-10-03,537.3292236328125,539.1734047894519,530.0496547112627,538.8822338808466,1924677
2023-10-04,539.0277709960938,540.8234334791562,534.4173775058806,535.7762540205613,1096308
2023-10-05,534.5630493164062,541.5999664431315,531.3600506104302,539.027828210641,1509964
2023-10-06,531.0687866210938,535.6791797927866,529.7584288064778,534.805607916376,1061490
2023-10-09,525.8274536132812,529.1760666889767,524.2259249819084,527.1863299817961,1076708
2023-10-10,527.8658447265625,529.3703365363564,525.827588890692,528.9335505025869,814992
2023-10-11,527.7686767578125,530.6319853351445,527.1377571718446,528.4481149485605,1039964
2023-10-12,525.0995483398438,530.146727750701,522.9641963689486,529.4187708907104,903301
2023-10-13,523.0126953125,526.5069236538385,520.7317876001385,525.973100491507,1607850
2023-10-16,521.1685791015625,523.1097973425656,518.839093515847,522.1877068298332,1807237
2023-10-17,524.3716430664062,527.0408184822926,520.246553787309,521.314200257149,2040439
2023-10-18,518.3052978515625,524.9054283729513,517.6743781932452,522.3333496119031,1251181
2023-10-19,510.2007751464844,512.8213727242811,505.2021138204302,509.56985543847424,4093512
2023-10-20,509.375732421875,510.78312770990345,500.83438270462744,507.6286475862793,7600488
2023-10-23,506.0270690917969,510.5404254467268,503.40647171541957,509.3756825898466,1535943
2023-10-25,502.6784973144531,509.5697985121046,501.1254871456479,502.09609628567097,2014418
2023-10-26,493.5062255859375,502.6784937422299,489.2840699327134,502.6784937422299,2400780
2023-10-27,509.133056640625,510.3948367836662,494.0886136674524,495.884246656121,2125985
2023-10-30,508.06536865234375,509.2786300832447,506.3668026490824,509.08449640604437,1711768
2023-10-31,513.355224609375,515.4419988244132,506.90064979531473,509.1815576967314,1687120
2023-11-01,501.9019470214844,516.3640464551804,501.0284343673612,514.9081327903632,2712123
2023-11-02,514.8110961914062,517.8199607391145,502.144599899329,504.4740854623333,1919439
2023-11-03,519.7611694335938,522.0420771062123,515.7816958477935,518.4022930065373,1337219
2023-11-06,522.1392211914062,523.6921721857548,517.6743834104091,521.1200933987849,478913
2023-11-07,520.343505859375,524.0318677689279,517.1890263386575,523.1582958974491,823342
2023-11-08,523.4009399414062,523.9347630805739,517.7229005898737,522.8671168022387,776461
2023-11-09,519.1302490234375,524.1289095424365,517.3346459002198,524.1289095424365,1366713
2023-11-10,520.349853515625,521.9596594619202,513.861979458264,519.6669632813972,1361649
2023-11-13,517.1790161132812,522.7400929682796,513.1302063112499,522.4474172490587,979880
2023-11-15,513.178955078125,514.6423931629486,504.1056508617086,510.3008482684824,3398705
2023-11-16,521.8619995117188,522.3498121642639,513.3740474479456,519.2765686342526,1612231
2023-11-17,527.520751953125,529.3744047877772,518.6913525487737,522.7401628923924,1512369
2023-11-20,529.9598388671875,532.1549964714858,524.1060852557255,527.5207748624117,1910044
2023-11-21,527.6669921875,532.3500419089055,526.1060153119987,532.3500419089055,1379849
2023-11-22,527.8132934570312,528.7401494123317,524.4473742232786,527.5206177731056,680568
2023-11-23,527.17919921875,528.7890050642183,522.2035331376804,527.8133795936201,800753
2023-11-24,524.2522583007812,528.8864787159089,522.9351878965127,528.7889399998319,440877
2023-11-28,520.7888793945312,524.2523380060768,518.1059092726016,523.4230801510078,2251292
2023-11-29,521.5693359375,522.9840047337221,519.0327336147542,520.7888474956899,1815670
2023-11-30,524.9352416992188,527.2279971488676,520.0083452717065,521.5693221139551,3167951
2023-12-01,527.9597778320312,531.1305607952437,524.5938578538991,526.8377846568351,1584387
2023-12-04,533.6671142578125,535.520826407853,528.4963113490826,531.6183246582528,2125643
2023-12-05,538.5452270507812,539.0330397564431,533.4719630024072,535.5695814557333,1748869
2023-12-06,536.642822265625,541.3746419151057,535.9111031025828,541.2282742635141,1028497
2023-12-07,532.4963989257812,537.520894191817,524.3499496218716,536.6428074015048,1150700
2023-12-08,534.1549682617188,542.6916914987781,532.4963929804561,535.5208677986305,2453675
2023-12-11,537.0818481445312,537.9111060165985,531.7646771571332,534.6427843473263,1278433
2023-12-12,535.6183471679688,540.1062002105058,533.3744206467002,537.081785274985,1418773
2023-12-13,534.2037963867188,535.9599105934407,529.8622504676963,534.2037963867188,1628806
2023-12-14,534.106201171875,536.3013585850458,531.3256327200518,535.325733068081,2078199
2023-12-15,526.5451049804688,534.6427848858546,524.154810547309,534.5940155193525,2655593
2023-12-18,527.3255004882812,529.8133332156934,524.2034874658181,526.5450121195269,2700975
2023-12-19,534.837890625,538.057442742801,526.5450741910674,528.2524187509947,2155547
2023-12-20,521.9108276367188,537.9598776221278,519.3253964681228,536.5939782222187,3685894
2023-12-21,517.3253784179688,520.9839737391708,514.2033651677197,520.2522546749304,6150231
2023-12-22,516.3985595703125,519.6669406878976,513.6668201097987,518.9839909359057,3869597
2023-12-26,517.6668090820312,521.7644476371753,516.1058322740946,517.081457665917,1655240
2023-12-27,521.325439453125,522.9840146405467,517.1302618949069,518.0571179891236,3308899
2023-12-28,529.8621826171875,532.4476139984155,521.3254595342995,521.5205965428279,3512802
2023-12-29,543.6184692382812,546.3502083706451,530.3987573559452,531.4719214462659,4120332
2024-01-01,543.8624267578125,549.2771361729398,541.472132461779,546.3502597812545,1417550
2024-01-02,543.2770385742188,548.6429788510663,537.911098297371,545.8137006153834,1201767
2024-01-03,537.6671752929688,548.9844665280614,533.2768606567797,543.4233894127312,2733401
2024-01-04,552.4479370117188,553.4723318728456,537.4721094697649,541.1307050791139,3064476
2024-01-05,555.1795654296875,557.7162269398627,550.7404822211842,557.0820466754582,2834989
2024-01-08,539.7647705078125,558.5455600826438,537.5696132847803,558.5455600826438,2152367
2024-01-09,534.496337890625,542.4477085160897,532.8865917502956,541.4720831410608,2107464
2024-01-10,534.008544921875,537.9598754746065,529.081648505538,535.4719830384572,1758621
2024-01-11,538.5452270507812,542.4477286960768,535.0817687500713,536.2037022446242,2089001
2024-01-12,536.30126953125,539.4720519348715,534.6426945183281,538.5451959381699,1029614
2024-01-15,540.6428833007812,543.9112048382268,534.8866691525702,537.5696392212789,1524201
2024-01-16,545.179443359375,548.203917726593,539.4720587794224,542.5940718643955,2027207
2024-01-17,536.057373046875,544.2525904507282,532.7889923192071,544.2525904507282,2075918
2024-01-18,526.3011474609375,536.5452144241226,522.3010474896998,532.886619080128,1520695
2024-01-19,529.0816650390625,530.6914708365883,526.3986950748204,530.0085211180183,1965102
2024-01-23,512.0081787109375,531.1304715586134,509.8617910023534,531.1304715586134,2256565
2024-01-24,523.5206298828125,524.3011779362851,509.4716581321474,512.9351168164717,914551
2024-01-25,518.6423950195312,524.4473775687662,516.1545623691287,523.5205216075533,924085
2024-01-29,521.2279052734375,522.8864804753283,502.44711505066977,502.44711505066977,1316110
2024-01-30,522.8864135742188,524.5937579214774,520.2522132432449,521.2278385845356,1603876
2024-01-31,526.4474487304688,532.3012012050734,520.9839702398175,522.8864517035539,3475918
2024-02-01,540.8868408203125,561.472516566134,533.6671877700701,533.6671877700701,11117689
2024-02-02,531.3743896484375,545.3745901012893,526.5938014439552,540.9842758697047,3318354
2024-02-05,520.6425170898438,531.5207045413056,519.3253870750153,529.7645907356494,1417520
2024-02-06,519.7156982421875,524.3011498471233,518.3010294053787,521.2279058067268,1247440
2024-02-07,524.3011474609375,525.3255422872566,517.715675587876,520.1547392445655,1784199
2024-02-08,520.9351806640625,527.8133276453301,519.0326992741509,526.5450265678714,1488521
2024-02-09,526.0571899414062,526.8376782960596,515.7643546175184,521.8620129311302,1786915
2024-02-12,523.4718017578125,530.4963166183873,522.3498682649283,526.0572329129554,1454041
2024-02-13,525.6181640625,526.7401570483869,518.2034351262581,523.2766393734519,725665
2024-02-14,531.0328979492188,531.9597539968048,520.2522490945368,520.5449248076036,828939
2024-02-15,530.9353637695312,534.0085481041983,527.715811803354,532.6427082490518,1006711
2024-02-16,531.2280883789062,534.4964100072508,527.81339910558,531.813439863923,839405
2024-02-19,534.30126953125,536.7891023703521,527.0816178143965,531.7158384245184,1353397
2024-02-20,534.2037963867188,537.7648537191383,529.7647117246693,537.7648537191383,1057848
2024-02-21,532.9841918945312,536.4476504655535,531.0817102844769,534.2524931187495,1636393
2024-02-22,528.398681640625,533.179269818452,525.5206344094806,533.179269818452,1264327
2024-02-23,522.2523193359375,531.2768552298666,521.2279244682799,528.8865608403619,1160683
2024-02-26,516.3497924804688,524.0084287861382,514.0082674768802,521.1303812180226,1180365
2024-02-27,522.5449829101562,525.0816448848864,513.1790021275699,515.0327143572783,2954271
2024-02-28,523.1791381835938,528.252402342137,518.9351913711547,522.3010514753543,2697005
2024-02-29,525.0328369140625,526.2035397652123,519.3253925511858,523.2278941815497,2453976
2024-03-01,527.910888671875,531.6670822511853,525.0328413332167,525.0328413332167,762406
2024-03-04,524.2035522460938,526.5450771891647,518.8376121700549,524.8865019834438,2030164
2024-03-05,521.7156982421875,523.715718462471,520.0571231031289,522.1059722328308,1464768
2024-03-06,518.544921875,522.9352363593603,515.3741391918509,521.7644739207072,1082367
2024-03-07,522.2034912109375,524.6425546916051,517.5692705976691,518.5448959899361,894981
2024-03-11,520.3986206054688,525.2767476844572,518.6424472190731,522.2035038057146,984138
2024-03-12,516.1058959960938,519.3254482771265,513.0326518134297,517.6181036306366,1011782
2024-03-13,507.27642822265625,518.4473507327531,503.2275590768196,516.642408051348,2666699
2024-03-14,516.739990234375,517.861923657947,503.56904801478123,504.3983057429626,2047715
2024-03-15,513.715576171875,517.4229410256722,511.4716495141124,516.0571011045115,1710825
2024-03-18,510.8374328613281,513.7155396852695,508.3983693745047,513.7155396852695,1247334
2024-03-19,505.7154541015625,517.0815149954443,503.95934011106897,510.4960428705023,2071489
2024-03-20,507.5203857421875,508.4960112205279,499.52024491030517,505.71544287878555,925067
2024-03-21,511.17901611328125,512.8375914489517,505.8618449845691,509.5204407776108,973386
2024-03-22,508.1057434082031,514.4960784597931,506.3496294352596,511.2277568864663,1072318
2024-03-26,508.3984375,509.5204306732654,500.105620533561,500.105620533561,1961179
2024-03-27,508.9350280761719,511.6179980018064,506.44713559807764,511.2277240118249,2638465
2024-03-28,510.3984680175781,513.1789766767896,505.1300668714978,509.27647495301176,2312982
2024-04-01,516.252197265625,517.6668064385854,510.73989001099704,510.73989001099704,847682
2024-04-02,518.6423950195312,519.5692509807442,514.7887226529488,516.2521606293553,1175093
2024-04-03,518.05712890625,519.423028394664,515.7156039396697,517.9595901774147,1176084
2024-04-04,493.7152404785156,518.9839631154969,490.0566450898089,518.0571070408677,10445923
2024-04-05,495.5201721191406,497.5689915685801,491.7152387265968,497.5689915685801,7615006
2024-04-08,490.78839111328125,497.4226623132791,489.95913326529273,495.6665185660471,3602540
2024-04-09,490.8859558105469,496.1055580992768,490.25180520135024,494.15430713330124,2217268
2024-04-10,493.9103698730469,494.59331957791693,490.0078681851611,492.6908380955826,1978008
2024-04-12,488.39813232421875,495.27628020478926,486.9346940710142,494.64212958314613,4166549
2024-04-15,483.1297302246094,484.8858441086717,477.27597757943425,483.81265016897777,3600795
2024-04-16,491.61767578125,493.27625101471614,480.3492133425551,483.129751928671,2928056
2024-04-18,491.5688781738281,495.5689483859876,488.7883397474658,493.4225605334946,2604037
2024-04-19,491.9103698730469,493.47134679333936,483.95899853839154,489.3737377169822,2183936
2024-04-22,493.81280517578125,495.61771817506144,491.03226674702256,495.0323369626293,1208372
2024-04-23,494.7884216308594,498.0080033539772,492.8859699421179,494.73965226976014,1904186
2024-04-24,497.0323791503906,497.8616369334419,495.27623554067804,497.47139272252514,1855798
2024-04-25,494.10552978515625,497.81289465111746,491.8615733463049,497.08117555069936,1022931
2024-04-26,496.5933532714844,499.08118625559376,492.98352720265314,494.9835772362532,1372205
2024-04-29,494.34942626953125,500.3007176816464,493.6664765466365,499.9105032310291,1373441
2024-04-30,495.37384033203125,499.91052265922343,492.8372081146304,496.5933721890771,2092290
2024-05-02,512.4959716796875,522.9839439309413,495.6176654546004,495.6176654546004,7092006
2024-05-03,518.7888793945312,524.8865390018952,511.22778148139986,523.1791943118333,7008370
2024-05-06,517.8619995117188,522.4474512359792,511.4716644453074,521.9596384897271,3172072
2024-05-07,544.8380737304688,553.082121135326,518.3498175210498,520.5449749014728,14721222
2024-05-08,543.0330810546875,548.2527127426868,540.5940175221971,544.8380237972001,4085815
2024-05-09,539.3257446289062,551.1796178363488,537.0330486073207,543.0331094828852,5305923
2024-05-10,537.37451171875,538.4965048590326,527.1792133678736,537.5208793622494,2521438
2024-05-13,536.837890625,539.7159975410211,530.447555994565,537.3744726997784,3067643
2024-05-14,541.0330810546875,548.9844522862695,536.8379035317624,536.8379035317624,2872594
2024-05-15,532.5451049804688,541.4721012800107,529.76459638747,541.0330579370507,2436198
2024-05-16,528.8377685546875,536.0086514124122,521.6669452444153,534.3013068578281,3864351
2024-05-17,522.7401123046875,530.7402530282061,521.9596238420777,529.9597645655964,1642503
2024-05-21,526.20361328125,527.8134192476612,520.5937664038488,524.9840813513802,1388390
2024-05-22,540.4964599609375,542.3501719999991,525.6669422907869,529.764580792038,4319988
2024-05-23,546.3014526367188,548.3014727898968,538.203773755895,542.447720411357,2924910
2024-05-24,544.4964599609375,551.1307596858001,540.5451893774882,545.3745465561232,2805803
2024-05-27,553.5698852539062,557.0821129350422,546.1550963585252,546.2038657198701,3169943
2024-05-28,556.886962890625,564.7895643091447,550.7893041791662,556.1064744850479,4429603
2024-05-29,541.9111938476562,556.887021397386,539.5696688374752,556.887021397386,2620387
2024-05-30,537.7159423828125,543.8136008986866,535.9597690922836,541.9111195322446,1591522
2024-05-31,531.8133544921875,540.984256601617,527.3742710589582,538.5939625845102,11192196
2024-06-03,531.520751953125,547.5210337151075,529.764637990823,546.3502712244215,2836670
2024-06-04,564.1066284179688,570.2042872785325,523.6669429452196,535.081772241685,17458506
2024-06-05,585.619140625,617.9611461378047,570.2530407252186,570.7408534204498,21568184
2024-06-06,582.6435546875,590.546097339553,567.8628046912129,585.6192005232753,7598586
2024-06-07,598.1559448242188,599.8145200132614,583.570391856707,584.8386930433447,5429725
2024-06-10,604.7413940429688,612.156182979071,589.4728919162488,589.4728919162488,5180578
2024-06-11,598.4974365234375,607.7658781793712,593.1802659797538,604.7414035947537,3728825
2024-06-12,604.39990234375,607.8145910575565,596.8388059060356,599.1803305573383,4528718
2024-06-13,594.7901000976562,599.570629240447,573.8141521931349,597.0827961659131,7963596
2024-06-14,593.814453125,603.7170157000796,591.2290218671612,596.0583797473487,1975440
2024-06-18,585.5703735351562,598.7900857176822,583.4239857583283,593.2777784212203,4304663
2024-06-19,583.9605712890625,588.3996549497898,579.5214876283352,587.3264908287168,1703051
2024-06-20,586.1069946289062,590.1558641036673,580.4971482383675,583.9118373456519,2886298
2024-06-21,575.5702514648438,589.180238527817,574.2043520032194,586.3509008776462,3868601
2024-06-24,585.13134765625,587.7655482087944,574.497006722717,576.3507188460686,1774168
2024-06-25,578.8873291015625,589.2289944600284,578.0580712992696,589.0826268255292,1791877
2024-06-26,587.13134765625,588.3021100334679,575.9116556738538,576.9848793310737,2230523
2024-06-27,584.6923217773438,591.2290242186242,580.5459136041933,587.3265224086003,2405121
2024-06-28,586.0582275390625,594.7900873424845,583.0825817863753,587.1313917293915,1710529
2024-07-01,596.0584106445312,598.3023373831958,586.0582492777514,586.0582492777514,2469588
2024-07-02,588.1069946289062,601.7657505869978,587.326506197934,601.7657505869978,3919339
2024-07-03,594.8388061523438,598.3510337017004,590.2533549564159,592.2046057166025,1786017
2024-07-04,591.1802368164062,598.6437355718671,590.3021501169637,594.9363708749601,2277423
2024-07-05,591.6680908203125,593.13152905655,588.5460773401816,589.2777964583004,879215
2024-07-08,608.253662109375,617.5708726867069,595.5217626625273,595.5217626625273,7279634
2024-07-09,614.8391723632812,617.9611857222355,602.9852992908673,606.8878011026972,2665679
2024-07-10,616.3025512695312,621.7172601031925,604.448679337169,614.6439762495273,2882570
2024-07-11,614.0098266601562,620.302622450778,608.5951175556488,620.302622450778,1588742
2024-07-12,614.6439819335938,618.4489446883518,610.7414804609995,618.4489446883518,1630043
2024-07-15,616.985595703125,623.3759308775067,614.7904383079016,617.4734084576191,1091279
2024-07-16,625.3271484375,632.8882457276038,614.6440377761853,618.5465396033358,2960104
2024-07-18,629.1320190429688,635.1321391069681,623.6685405900605,625.3271156892306,3161993
2024-07-19,620.1178588867188,634.1290414909407,618.8931041170756,631.973461135873,2176993
2024-07-22,623.7921142578125,626.9274385811922,614.5329563714818,615.5617384027456,1365836
2024-07-23,639.1260375976562,648.973054301976,619.3339879228037,626.9765057733023,7195533
2024-07-24,621.3426513671875,636.8725188678175,605.5677730952797,636.8725188678175,8340915
2024-07-25,618.4521484375,623.596118203825,612.3773531339164,612.8672550164235,1831371
2024-07-26,619.6769409179688,622.4203796667477,612.4753469246343,618.4521861370424,1469979
2024-07-29,628.1522216796875,630.1608674057486,618.3052049889798,623.00825148876,2240896
2024-07-30,621.09765625,635.7456753007743,619.7259070012589,628.1032175780924,3020230
2024-07-31,622.861328125,627.8093256762713,617.2764341413202,624.0860829546455,2769613
2024-08-01,630.5037841796875,642.6043379348706,623.8901081218586,625.9967103427524,6852547
2024-08-02,614.8758544921875,636.8724614680008,612.3773667961547,630.5037368533208,4123973
2024-08-05,621.1956176757812,627.0744405559936,601.648519638579,602.5793452217752,4771981
2024-08-06,616.443603515625,630.0138626390353,614.3370013603035,625.1148434894317,1854542
2024-08-07,626.339599609375,628.3481855044898,618.4521907222285,618.4521907222285,1788865
2024-08-08,624.5759887695312,628.8381116822027,621.8325498945657,626.0946728072371,1528269
2024-08-09,611.3486328125,629.2300533278443,609.53595978288,628.6421351280424,2679620
2024-08-12,607.8212890625,614.5819594888297,603.3142153132673,614.2390520653483,1139283
2024-08-13,593.6140747070312,611.6424875275104,590.527728793223,608.0661799389587,2691122
2024-08-14,592.1934814453125,597.5824027166291,586.5105711717565,597.5824027166291,2012408
2024-08-16,605.1268920898438,606.0087395607247,592.1935278668348,594.1040977162655,1259712
2024-08-19,608.7521362304688,612.2794660657447,602.4323892694382,605.5187953999944,2332398
2024-08-20,610.5157470703125,612.8183219693414,604.587945815438,612.7693437379749,1340039
2024-08-21,621.5385131835938,623.1062351364405,605.4697668336385,612.2794151666048,2105395
2024-08-22,633.1002807617188,634.6189647667153,619.333988845429,624.1350516250758,3452342
2024-08-23,630.2588500976562,638.0483029571445,627.9072968486654,634.8149620916447,3461642
2024-08-26,641.33056640625,642.1634355191351,627.9562803952824,632.9532558626807,2940223
2024-08-27,630.4058227539062,641.7715235243371,628.6911660116657,641.7715235243371,1428673
2024-08-28,631.3856811523438,636.382657311858,625.1149120322793,632.9043652947462,1149783
2024-08-29,631.1406860351562,634.8149505433114,625.7027267211009,630.9936915338371,1071747
2024-08-30,624.2820434570312,632.5123598695125,623.2532015783005,630.9936758710023,3304453
2024-09-02,623.7921142578125,631.630544671218,621.6365339336304,624.9188527482527,745420
2024-09-03,625.310791015625,635.4027580966022,622.4203578733485,623.7921071009474,1775357
2024-09-04,636.9214477539062,638.3911534528088,621.3915814564938,625.1638021626859,3104663
2024-09-05,631.7775268554688,641.7715383443816,629.6709844049882,641.7715383443816,2131132
2024-09-06,631.3856811523438,640.497845809245,630.3568391761322,630.9937356564074,1910995
2024-09-09,648.9730224609375,651.4715699908098,631.0426248965757,631.9734504662853,6213572
2024-09-10,651.8145141601562,656.3706260042525,648.9730590613141,655.8316860423304,4126339
2024-09-11,650.4918212890625,657.9383068725086,648.6301699919594,654.5089932849379,3134456
2024-09-12,651.3245849609375,655.978653074611,649.6099282874789,650.5407538707093,2222824
2024-09-13,647.5523681640625,654.2150221755032,638.0972373858373,652.2064363062241,2559794
2024-09-16,647.9932250976562,654.3619498555321,644.9558572110453,646.6705138766273,806885
2024-09-17,646.8175659179688,658.428218165519,643.1433013076701,647.9932827512772,1793296
2024-09-18,641.1836547851562,648.9240692151395,637.4113741316219,646.6705323507767,1465661
2024-09-19,651.275634765625,653.3331989413539,641.1836670136302,641.7715254059866,1768324
2024-09-20,654.0680541992188,656.4196073821144,648.7281112064844,655.4398035229881,1798471
2024-09-23,647.6993408203125,657.9383032937195,643.0452724053532,654.5089897248021,1684518
2024-09-24,642.6043701171875,652.5494037194919,639.2240944714391,646.6705802625596,1881683
2024-09-25,614.3369750976562,640.7426991456825,609.5849506466797,637.8522660104852,7092888
2024-09-26,613.1122436523438,615.7087477102572,608.0662300312966,614.3859766646773,2581456
2024-09-27,620.2158813476562,621.9795164431241,609.4380382278708,615.3168617477538,4628215
2024-09-30,612.5733642578125,622.9592608972038,610.7606912973899,620.2158221436363,2475507
2024-10-01,606.4985961914062,617.0314878053927,601.5995768360636,613.3572232888857,1095384
2024-10-03,568.4822387695312,583.7671557968672,559.4680308651475,568.6291734740821,18729275
2024-10-04,560.8887329101562,573.1852594209993,559.5169835820021,572.9403084554348,4745480
2024-10-07,557.9003295898438,569.4130246927749,550.6497572636014,563.3872071647166,4723935
2024-10-08,555.8917236328125,561.0847321904698,553.2952791564685,559.9579337745665,3261216
2024-10-09,553.63818359375,560.3988544474475,551.8255702936565,556.2836660931309,3580212
2024-10-10,560.1538696289062,564.7589596566431,552.805340798203,555.5487796011694,2379978
2024-10-11,559.3209838867188,563.3382154098135,557.7043434734128,562.8972917325559,1276108
2024-10-14,555.8427124023438,563.5342085099003,554.5689793572491,559.321004110961,1902352
2024-10-15,559.468017578125,561.3296688780997,555.8427312480328,556.5286059271016,1687923
2024-10-16,566.62060546875,567.649387643305,558.9781467117164,561.3297000842589,2647660
2024-10-17,560.9866333007812,567.4043359965805,560.4477531909006,566.3265757768191,1838328
2024-10-18,559.8599243164062,560.545739145541,553.5401777434665,559.957880777003,2159572
2024-10-21,556.7245483398438,563.3872024254223,554.6669244147151,559.467987104202,1511359
2024-10-22,547.8082885742188,560.2028307442971,544.7709206713234,554.1770133662396,1510177
2024-10-23,547.4164428710938,551.531631151305,544.8199386531377,546.7305681906447,1233395
2024-10-24,530.0739135742188,546.7305799896748,524.4400411101674,544.5749994342365,3076408
2024-10-25,527.8203735351562,534.2870553620608,525.5177984858535,534.2870553620608,1506493
2024-10-28,542.5173950195312,547.2204414637371,526.2526154884496,529.0940705289489,1750115
2024-10-29,525.02783203125,542.8112945741185,522.0884206887908,542.5173654003679,5088807
2024-10-30,535.6098022460938,540.7537724943454,525.1748672500763,528.1142788205058,5828617
2024-10-31,529.0941162109375,537.8633732456714,522.2354887785735,527.1834866085676,3001455
2024-11-01,531.592529296875,534.140055008366,529.4369490186831,530.7597200042103,159703
2024-11-04,524.1460571289062,534.3850188454724,520.9127165348533,534.0420516324424,2308784
2024-11-05,524.0480346679688,526.0076422536057,518.0222772236217,524.244007387028,2117262
2024-11-06,528.7020874023438,532.4253895494184,524.5379214032256,525.1748177711398,2368331
2024-11-07,523.7052001953125,533.1603320337713,521.5496195904193,530.4168331898239,1695158
2024-11-08,523.4589233398438,526.9059717531823,520.6027734669474,524.2960396240959,1458407
2024-11-11,514.84130859375,523.3604666783101,512.4775941796076,521.9816232514347,1589666
2024-11-12,502.7766418457031,516.2201549426948,501.7917708528614,514.8905430353054,4775306
2024-11-13,503.1213684082031,506.4206923483796,499.6250582409589,503.61380391999427,2253481
2024-11-14,500.4129638671875,506.1744652600944,495.04540486527475,503.1213591321039,2083472
2024-11-18,500.8069152832031,501.89027941986853,491.4506405630646,501.3978439082823,3329177
2024-11-19,500.5114440917969,506.71611924386065,498.4924405491357,503.2690708136303,2126926
2024-11-21,498.0985412597656,501.6933146368213,494.79921717993875,500.80693668925517,1771693
2024-11-22,505.23883056640625,507.3070356526773,496.76893382838637,498.9848936115724,1050913
2024-11-25,513.6102294921875,520.1596457250453,507.4055541783914,508.5381197679363,4146364
2024-11-26,517.4019775390625,521.8831888667027,511.5420429323169,516.072425677916,894410
2024-11-27,519.5194702148438,521.1937629942857,511.59127041685497,512.0837059336462,1722809
2024-11-28,518.0421142578125,526.2657625592196,516.0723723785052,521.8338433307783,1554564
2024-11-29,519.1747436523438,521.6369210193534,510.4093681810888,510.4093681810888,2225080
2024-12-02,515.9739379882812,520.0118850204425,512.8223387839881,514.5950945514796,1510906
2024-12-03,514.6443481445312,521.0460098823262,513.1178100601778,515.973960110974,3691025
2024-12-04,514.8905639648438,519.2732520834902,512.1329370951445,516.0724212266456,2515588
2024-12-05,515.2352905273438,519.3224691327608,508.83362899214893,517.0572778426584,2760858
2024-12-06,515.8754272460938,517.8944008107992,512.3791471542737,517.0572844901368,1663402
2024-12-09,499.181884765625,512.8715859946325,495.587111537472,511.14806170180367,6086175
2024-12-10,499.2803649902344,503.95850223571705,496.71969438153144,500.2652359892833,3425754
2024-12-11,500.6592102050781,503.51533027271074,497.45837925468925,499.32962826066375,3602452
2024-12-12,498.9848937988281,504.25395974089,498.09851589639675,502.2842177106522,3491848
2024-12-13,505.0418701171875,506.51917671470954,491.9430969748438,498.98491907852303,2205228
2024-12-16,502.2349853515625,508.1934429608256,501.34857739471903,506.2729324621689,1041908
2024-12-17,497.7538146972656,502.57967675390023,496.473494375096,501.2993564317306,2821249
2024-12-18,497.7538146972656,501.25012490236975,494.84846317976417,500.2652538681227,2300294
2024-12-19,496.32574462890625,497.7537895228122,491.94305672581487,495.3901051713411,1583630
2024-12-20,494.9469299316406,500.6099384208167,492.4355207979228,496.3750049643062,3228278
2024-12-23,501.7917785644531,503.2690850764191,493.32188188467245,495.0946677325584,1777848
2024-12-24,502.2349853515625,508.14421143250235,500.0682570995333,504.2539589068657,3207041
2024-12-26,497.9507751464844,503.76150793653187,496.42420708890796,502.7274054264617,2088931
2024-12-27,499.4773254394531,501.9887645420898,496.4242193050459,498.8371652957576,1299653
2024-12-30,497.6060791015625,502.0872301864099,495.4886124357102,499.329603373562,4298784
2024-12-31,499.3296203613281,501.29936245348324,494.7007144224119,497.6553275606446,812765
2025-01-01,503.2198791503906,504.74641726806914,498.8371909195649,499.23113333162263,1065540
2025-01-02,505.5835266113281,507.70102340154705,500.0682728072464,503.21987217176087,1720007
2025-01-03,516.9588012695312,520.9967482414457,506.272915073141,507.20855452617116,3814344
2025-01-06,497.212158203125,514.5951263153282,493.51889174631646,514.3981400819466,5026479
2025-01-07,501.151611328125,504.9926021937032,495.48860311239844,500.314464972016,2248836
2025-01-08,505.9775085449219,507.06084266936546,497.6553360413932,502.0872558242684,1666424
2025-01-09,513.2655639648438,522.868056556653,503.81076596123864,506.2237120194807,4084746
2025-01-10,510.0647277832031,515.038314436039,506.2729382707093,511.14806186576885,2316135
2025-01-13,503.02288818359375,511.689741390837,501.79179937257175,508.14422965979696,2857732
2025-01-14,504.74639892578125,512.9700479172352,502.4319460122142,504.4509496414443,2539143
2025-01-15,507.7010192871094,508.63665879408313,502.48121481630534,505.23884169599825,1959656
2025-01-16,514.4966430664062,515.7769633655103,507.0608188023957,510.163186549086,2718298
2025-01-17,518.0913696289062,523.8036093194672,508.19342825215983,513.6102186695763,2943339
2025-01-20,513.7086791992188,520.9967484969975,513.0685491291766,520.6520676986482,1536752
2025-01-21,513.364013671875,520.8983009388121,511.6404894053507,514.1518984570778,2258554
2025-01-22,512.6253662109375,516.6633133506053,509.86773937566994,513.3640194763711,1532395
2025-01-23,516.663330078125,518.7315953553554,507.3563467217432,510.26166823710633,698448
2025-01-24,513.7579956054688,519.0270315585616,510.7540908818058,516.7126086883449,1031251
2025-01-27,515.9246826171875,524.8870453629168,509.2768029379515,509.2768029379515,3023866
2025-01-28,517.4019775390625,520.3073591334557,514.7921053464866,517.0572967192861,2683319
2025-01-29,510.2616882324219,519.519500533071,507.7010474403756,517.0573228054261,2201858
2025-01-30,525.625732421875,531.8304084986736,511.14811483483624,513.3640748702474,3384404
2025-01-31,521.8338623046875,534.587953459292,515.0875201674634,529.8605847994174,4302619
2025-02-01,530.9439697265625,543.3533812740819,514.792120247618,525.3794842488072,4921220
2025-02-03,526.4627685546875,538.133525695237,522.2770669038553,532.2242998352385,3792769
2025-02-04,532.8644409179688,534.5387336352621,526.5613026040626,528.4325214313567,3275638
2025-02-05,523.4589233398438,534.7849395550991,522.6218070555916,533.8000685798595,2811816
2025-02-06,518.2391357421875,528.5802813124237,516.7125977041704,523.458940055289,1225984
2025-02-07,519.12548828125,521.8338835741666,512.2806828121929,521.6369574604505,2097013
2025-02-10,520.1104125976562,527.3492513712491,515.7277842184835,519.1255414811208,1678247
2025-02-11,509.8677673339844,524.1483979154383,507.8980251848183,521.8832064662492,1177152
2025-02-12,517.7959594726562,519.3717291229717,507.8487858175523,510.4586580578721,2113562
2025-02-13,511.9851989746094,520.7998070266292,509.4737897818045,517.5989760661353,1484585
2025-02-14,512.0344848632812,516.9095484896889,509.47378405660635,512.674614981131,1191521
2025-02-17,512.6746215820312,514.3981459481971,506.9623814193761,510.261675447047,974964
2025-02-18,507.3563232421875,512.5268960283406,506.22369753956593,512.1329235808838,1603493
2025-02-19,496.8182067871094,507.20858420824715,496.0795535091362,507.20858420824715,2715980
2025-02-20,502.6289367675781,503.21986539745444,492.58324022731676,497.35987073965555,2052520
2025-02-21,500.95465087890625,503.86003248314273,495.88257100984237,503.2198723152592,2057493
2025-02-24,498.0492858886719,499.32960618988443,494.9961797213056,495.9810507394316,736767
2025-02-25,503.2198791503906,504.6479542069643,496.5227379218915,497.50760897997554,1483864
2025-02-27,495.6363220214844,507.2085560676889,493.91279780183686,502.4319257906333,1181893
2025-02-28,485.8368835449219,496.818219946356,483.4239674731591,492.73098098860913,5530947
2025-03-03,484.3103332519531,489.03770221508074,477.66245374112304,485.541422050255,2166131
2025-03-04,476.3821105957031,481.8481325760028,472.73807590491845,478.6473018537299,2477085
2025-03-05,480.3216247558594,483.57168720966223,475.29877637244465,475.6927187826209,1767699
2025-03-06,487.51116943359375,490.219564819336,481.30649384497247,482.4883210706779,1219415
2025-03-07,488.2990417480469,491.5491341612478,484.35955765147247,487.51115695108336,1913893
2025-03-10,485.8861083984375,493.81430783695095,484.55652655221024,487.51113951899197,2526521
2025-03-11,490.0225830078125,492.92796465198916,482.1436145418466,482.586818540409,1830398
2025-03-12,492.38629150390625,493.32190096414314,484.31033690379934,488.6930250811523,1450825
2025-03-13,493.37115478515625,496.3749994060358,491.35215113896567,492.9279507990494,1288721
2025-03-17,487.26495361328125,494.89770427624825,482.6853092266769,490.8597269465995,1646821
2025-03-18,487.26495361328125,487.26495361328125,487.26495361328125,487.26495361328125,0
2025-03-19,487.954345703125,494.6514564359042,485.3936751091056,494.0112963013687,2652053
2025-03-20,491.4506530761719,492.1893063623585,485.5414267866788,489.4809109796742,3651974
2025-03-21,499.13262939453125,500.2159935461146,490.36728317877277,492.4355183670903,2013377
2025-03-24,499.526611328125,501.3485987359366,494.60225605105705,499.7728290919784,2299229
2025-03-25,501.5455627441406,504.25395802650957,497.40909247235317,499.5265891923623,2782397
2025-03-26,501.151611328125,503.21984642678325,497.40908351724875,501.2993359660554,2517374
2025-03-27,505.091064453125,507.1593296044042,496.2272555766042,499.9205217984368,1649107
2025-03-28,498.8371887207031,511.5912808890235,496.178024853246,505.238850570031,1759182
2025-04-01,489.97332763671875,504.7956243197598,489.03768815455874,498.19700658410864,1974802
2025-04-02,488.24981689453125,490.0718343252832,477.120786191904,488.64375929839895,2835760
2025-04-03,458.3589782714844,476.43136795603107,451.2679247819453,466.7796437386533,12356973
2025-04-04,454.7641906738281,460.1809812503437,451.5633598786144,459.83627038429887,3850303
2025-04-07,444.5707702636719,447.2791655555545,426.74459887683224,428.4188916250746,4571485
2025-04-08,452.0557861328125,457.0293726289162,446.1465601702921,448.017809047248,1640063
2025-04-09,458.21124267578125,461.3628419664023,451.12015929982294,452.843683587158,2429984
2025-04-11,454.32098388671875,458.1620048619335,449.00268645564637,455.9952766223702,2170343
2025-04-15,466.5826416015625,467.272063331821,455.6013358367858,460.57492242148027,2374405
2025-04-16,474.0676574707031,474.4123683286862,466.63186345604146,467.6167344469203,1382224
2025-04-17,472.0486755371094,473.27976433212154,468.9955993701823,473.1813012732236,844403
2025-04-21,468.3553771972656,474.5600823343214,467.6167239706549,474.01838526794756,2586539
2025-04-22,477.071533203125,478.4011151390311,468.30618682163515,468.798622349313,1525955
2025-04-23,478.84429931640625,479.97689497201003,474.75706056115183,478.6473130911368,1107728
2025-04-24,484.2610778808594,487.01870463093843,477.12076320224605,478.8442874350148,3251494
2025-04-25,477.2685241699219,485.59066663668585,472.73811125917877,481.6019508452884,1369564
2025-04-28,474.90484619140625,480.46936177511856,472.93510403392366,475.6927310320472,1312796
2025-04-29,476.3328857421875,479.5829782981719,474.01843272259555,474.954072258988,1470658
2025-04-30,480.370849609375,483.03001343889275,475.05255200621843,476.28364080583236,2195362
2025-05-02,472.1471862792969,480.3708657481813,469.38955929786636,477.95791959751966,1697677
2025-05-05,474.5600891113281,478.056369078197,471.9994185446678,473.7229427647057,3248925
2025-05-06,473.3290100097656,478.8935251650321,472.14715278392237,474.7078234026642,702529
2025-05-07,474.80633544921875,478.40110874202315,466.1394522444514,466.1394522444514,1520898
2025-05-08,461.6090393066406,471.35925597546196,454.12401386435664,462.84012802886247,7843512
2025-05-09,455.7490539550781,460.2302049699947,451.6618453278667,459.2945955561797,2037837
2025-05-12,467.86297607421875,469.34028263593825,459.93477621534225,460.96887878619435,2902701
2025-05-13,466.5826416015625,471.95020063547787,464.5636680507566,467.76449883746915,2449180
2025-05-14,461.85528564453125,467.37053941683257,459.9347750966157,466.5826546081835,3541267
2025-05-15,461.9045104980469,465.3515590838532,460.033261562642,462.29845289667765,2739793
2025-05-16,469.4387512207031,470.17740446296455,460.23020145600185,464.0712223604632,2431240
2025-05-19,476.13592529296875,477.1700278821262,467.9122459426478,470.37442358909846,1640651
2025-05-20,468.4538879394531,479.04125125274913,467.8137277968015,477.51471321597387,1843098
2025-05-21,474.46160888671875,477.5639465558611,470.07892087153743,470.5713563763498,1927887
2025-05-22,469.83270263671875,475.7911902723572,467.81372909141226,474.7078261517068,1958254
2025-05-23,474.6585998535156,477.12077740217813,470.71911577565555,470.71911577565555,1495455
2025-05-26,473.0335388183594,478.2041116726457,472.49187177978547,474.7078315744796,2584471
2025-05-27,476.77606201171875,478.2533685269032,473.13202725191246,474.0184051498475,1713846
2025-05-28,477.36700439453125,479.4352095307268,475.24950761700336,476.6775826452135,1568432
2025-05-29,474.80633544921875,477.5147308152312,472.68886871969386,477.36700617007904,1599536
2025-05-30,475.6434631347656,478.795032312254,471.45776137013627,474.7078236591444,6304976
2025-06-02,477.1207580566406,482.7837661889498,474.2646081712961,477.1207580566406,1851827
2025-06-03,478.3026123046875,479.43520798415983,475.2495060839387,477.12078509579936,1460542
2025-06-04,484.4088439941406,485.9353821372326,477.071542466913,479.6322132717369,2318406
2025-06-05,481.3064880371094,486.8710033876757,479.6321952510478,486.82174180227463,1792668
2025-06-06,473.96917724609375,480.27234574790515,473.2797555113845,480.02612799349157,3468649
2025-06-09,478.25335693359375,478.64729931691784,474.0676552420363,476.33284648805767,1389266
2025-06-10,482.1435852050781,483.9656025631451,477.1699986859145,478.7950298219665,1496169
2025-06-11,479.1397399902344,486.2308231902415,478.0071443549787,482.5867884793728,2168242
2025-06-12,465.79473876953125,480.42004867597814,464.3174323098193,479.73065702830536,3727720
2025-06-13,459.44232177734375,462.9386018071032,457.2263620260061,460.9196282782355,3850751
2025-06-16,464.56365966796875,466.7796194033994,458.26046126470845,460.52568258334185,1942798
2025-06-17,464.9083557128906,467.17357710578864,462.0522357492073,464.5636748985587,1521179
2025-06-18,463.08636474609375,466.97658723417203,460.9688680124161,464.85912055637266,2812394
2025-06-19,458.06353759765625,463.5788215638618,456.9801734167424,461.9045287337331,1349010
2025-06-20,459.8362731933594,461.51056594958885,456.88166013357437,458.0635173798397,2804520
2025-06-23,460.4272155761719,461.2643619793044,456.09378897016023,458.6051981236786,1567027
2025-06-24,467.9122314453125,468.30617384536316,460.91964113486847,460.91964113486847,2587207
2025-06-25,472.98431396484375,474.2154027570479,468.1584519105791,468.79861207134957,2954897
2025-06-26,474.2646179199219,475.98814216953036,471.55622267053707,474.70782189217226,1414934
2025-06-27,478.9920349121094,480.9125154009565,474.3138974858126,475.397261637815,2780971
2025-06-30,477.9086608886719,480.3708384306022,472.1471594293793,480.02612756355626,3254231
2025-07-01,475.10174560546875,481.79888617422097,473.4274830051881,479.63215803753246,1617894
2025-07-02,480.1738586425781,481.0110050292337,472.14716575944726,477.4654633101434,2358163
2025-07-03,484.16259765625,485.49217953951853,480.12462047797754,482.0943625107077,2976302
2025-07-04,487.6096496582031,489.8748409894938,484.162601076574,485.54141449804996,2857925
2025-07-07,504.99261474609375,509.8677383101187,488.54525671445964,494.30675818397685,10017201
2025-07-08,505.3372802734375,506.6176606481922,502.77663974743746,504.74638172490046,1995221
2025-07-09,514.2504272460938,515.5307475500123,503.2690913260765,503.2690913260765,3433335
2025-07-10,514.4966430664062,516.4663850994143,510.0154318519078,515.7769633655103,2272923
2025-07-11,522.8187255859375,527.7923720282356,510.7540563140616,513.6102061455742,4512466
2025-07-14,518.2391357421875,528.3832950887347,516.6140745364481,525.4286820686673,1428794
2025-07-15,519.0270385742188,520.8983175967037,515.2353091113114,518.5346030537498,1243559
2025-07-16,519.962646484375,522.3263007719182,517.1557281212399,519.0270070299966,2301562
2025-07-17,520.7012939453125,523.6559068557889,518.5837973147696,521.9816141841683,1537940
2025-07-18,519.8557739257812,520.6516216528253,515.6280909131531,519.7065980129534,1616139
2025-07-21,511.8480224609375,519.4081503540951,510.7040976813056,517.3688665847476,1172175
2025-07-22,512.3453979492188,513.7877959665958,508.3166771324888,512.7433217866514,1471884
2025-07-23,511.1517028808594,515.7773095960787,508.1674865095693,515.0312479139243,1898497
2025-07-24,509.8585205078125,514.1857145154369,508.3166719042624,514.1857145154369,3715595
2025-07-25,508.66485595703125,511.300934469895,505.68060925779065,509.3114366704013,2132786
2025-07-28,519.2589111328125,521.1986835759518,504.3376780542834,504.3376780542834,2759206
2025-07-29,515.5783081054688,522.8399624449105,511.9475112930731,521.8949996250893,2646055
2025-07-30,519.2589111328125,520.5023472226899,514.8819918105828,516.3243898177711,1616247
2025-07-31,526.22216796875,528.9577274430677,514.4344177925519,515.5783425984739,3024718
2025-08-01,531.5440673828125,544.8240020501706,529.106981071805,530.2011806108428,8042006
2025-08-04,526.8687744140625,536.0204156397139,525.4263763791541,531.5440456301285,2602888
2025-08-05,521.9447631835938,526.868782411814,518.2641800880223,526.868782411814,2027038
2025-08-06,511.3009338378906,521.397659443703,509.31143604085605,521.397659443703,931299
2025-08-07,514.484130859375,516.971003049613,509.4108751624976,511.0522350939159,957305
2025-08-08,504.58636474609375,517.0704509325145,503.3429286575129,515.2799151078888,510393
2025-08-11,507.3716735839844,508.8637969612815,496.6781227133553,505.0340379120812,1123741
2025-08-12,500.25921630859375,508.26696317711514,498.61788669318884,507.3219395781074,839972
2025-08-13,500.8560791015625,502.29847717239284,496.0315407885029,500.7565981385177,864573
2025-08-14,498.26971435546875,502.8455653340292,496.77759101619864,501.35344199475907,1202134
2025-08-18,516.3741455078125,527.0179712064986,509.31145238752,511.20149964122686,4810046
2025-08-19,519.3086547851562,520.0049911630258,511.30093822629414,517.1201950467041,645927
2025-08-20,532.190673828125,533.5833466062479,518.3636395119618,519.258937828563,12345218
2025-08-21,512.9920043945312,533.6330434467335,512.0469808251144,533.1356690117407,6041694
2025-08-22,513.24072265625,517.1202070550595,511.84804986817085,513.2904479598265,1596318
2025-08-25,515.8767700195312,517.7170919659976,510.75384946669607,513.1909964843828,1204983
2025-08-26,519.6568603515625,524.0337191729395,514.3846425012234,515.8767658819634,3045617
2025-08-28,511.1517028808594,523.7850261749384,509.56012891145866,523.7850261749384,2068611
2025-08-29,518.3636474609375,525.7745391941849,507.0235459931407,512.743352388351,3745766
2025-09-01,520.9002685546875,521.7955061063064,517.319136204254,518.8112595049382,4327053
2025-09-02,541.740234375,544.8737177405201,520.9002931947135,522.2431799429905,8973936
2025-09-03,540.64599609375,546.365801940188,538.4078111973178,543.0334176024714,2220814
2025-09-04,549.7977294921875,573.9701156332931,548.4547820476149,562.0331288263615,8712233
2025-09-05,543.8292236328125,552.931139435834,539.5020295856175,550.8919163792873,1489345
2025-09-08,543.3318481445312,548.7532416609674,539.8502270789772,545.0726586773083,782235
2025-09-09,541.39208984375,544.5255731705081,536.4183453343908,543.3815876474937,1937685
2025-09-10,544.625,546.0673979876793,540.84496648083,544.0281749707923,874891
2025-09-11,541.2428588867188,545.5203277812551,540.1486593690707,544.3763422462689,891836
2025-09-12,536.0203857421875,541.2428171287464,530.8974656679725,541.2428171287464,2746427
2025-09-15,538.0596923828125,539.7507169036483,533.682773033859,533.682773033859,837561
2025-09-16,532.886962890625,539.4522809137712,531.6932521460574,537.7611957518546,1405923
2025-09-17,532.3399047851562,536.6670382684653,529.4053833504885,534.7272657462506,822210
2025-09-18,533.4838256835938,536.1696598704025,529.6043413823411,533.1854131549828,2012300
2025-09-19,532.6383056640625,539.9496857247884,529.9027462146589,534.1304290001008,2411369
2025-09-22,519.3086547851562,533.9314758617965,515.2799338545143,533.1854141815052,2892697
2025-09-23,512.295654296875,519.2588961999393,509.95801880099236,519.2588961999393,3466804
2025-09-24,515.0809936523438,518.2144771275755,508.7146064501715,512.2957087380587,1781081
2025-09-25,503.641357421875,519.109690719854,502.4974022549452,515.0809698058277,2356326
2025-09-26,497.1257629394531,505.332441367168,490.4112078622319,505.332441367168,3168298
2025-09-29,490.2619934082031,499.0655271005067,487.9740527612728,495.1362568669194,17685374
2025-09-30,488.7201232910156,497.52365714304375,486.92958741078127,492.40070637045295,2645097
2025-10-01,492.450439453125,493.3954630676575,481.11030786537424,488.7201310125933,2443402
2025-10-03,493.5446472167969,495.185976785613,488.1730093746138,492.45041738514396,3035129
2025-10-06,490.7593688964844,495.13625792267806,489.2174899090493,492.8980729295569,2681852
2025-10-07,489.6651306152344,500.15971903703866,487.3274647023353,490.7593604422644,4534081
2025-10-08,477.628662109375,490.61015302971674,476.633913243019,482.4532001826669,3627391
2025-10-09,482.8511047363281,483.94533458589115,476.63392417895545,477.9271159492851,3052079
2025-10-10,487.1285400390625,488.2724951827912,482.85110162872326,482.85110162872326,1613675
2025-10-13,485.18878173828125,487.02907329660644,480.0160752539067,486.0343243847904,1990140
2025-10-14,484.7908630371094,487.178254229864,482.00554801445725,485.18875650968084,1611549
2025-10-15,490.5603942871094,491.80383036223503,483.4976713089305,483.4976713089305,2084672
2025-10-16,498.1205139160156,499.3639500466098,491.3064778488942,491.3064778488942,1236003
2025-10-17,505.68060302734375,508.96326221313217,496.97655026180047,497.9712991492911,3436032
2025-10-20,501.9005432128906,508.4161666945164,500.85606901527325,508.4161666945164,824259
2025-10-21,503.7408447265625,505.1832427969366,500.8063536402993,503.49215749769303,128942
2025-10-23,508.7145690917969,512.2956711166993,502.64659487700754,504.33768010906124,3693389
2025-10-24,505.78009033203125,509.70936062983867,495.7828456729492,509.70936062983867,3786598
2025-10-27,504.3874206542969,507.52090399412054,502.04978501101283,505.82981871095626,3258720
2025-10-28,500.756591796875,505.5314047466072,498.36920050067255,505.43192378482223,2826407
2025-10-29,505.3821716308594,506.22771427590567,499.1649909427653,500.7565952703829,1880484
2025-10-30,498.9162902832031,508.8140538151081,496.9765481751369,508.8140538151081,1744704
2025-10-31,484.98980712890625,500.3089642560892,484.14429486183764,500.2592085974031,4980727
2025-11-03,500.6571044921875,501.80109000223024,483.0500673430995,485.5369395695803,4523334
2025-11-04,514.3348999023438,517.2196959606282,499.31421599386493,499.6623538184683,5322219
2025-11-06,520.9500122070312,521.7457991858328,508.3664143087752,514.3349077217684,3911239
2025-11-07,518.6500244140625,522.0,512.5,522.0,1754801
2025-11-10,515.4500122070312,521.0,512.7999877929688,520.0,1005698
2025-11-11,519.9500122070312,521.6500244140625,512.6500244140625,515.7000122070312,1478112
2025-11-12,522.2999877929688,524.9000244140625,516.0499877929688,519.9500122070312,2517903
2025-11-13,522.2000122070312,528.5999755859375,517.0,522.0,1859578
2025-11-14,525.0,527.0,517.5499877929688,522.0,1789377
2025-11-17,524.25,529.9000244140625,523.3499755859375,529.0,1856462
2025-11-18,520.8499755859375,524.25,512.5,524.2000122070312,1958068
2025-11-19,517.5499877929688,523.5499877929688,516.5999755859375,520.8499755859375,2419687
2025-11-20,525.0499877929688,527.0,516.7000122070312,519.0499877929688,2956054
2025-11-21,515.6500244140625,525.0499877929688,514.2999877929688,525.0499877929688,2659623
2025-11-24,512.4000244140625,517.8499755859375,511.3999938964844,516.9500122070312,5926288
2025-11-25,514.4000244140625,515.4500122070312,509.0,511.3999938964844,2050235
2025-11-26,517.2000122070312,520.0499877929688,513.8499755859375,514.1500244140625,914828
2025-11-27,519.1500244140625,520.5,514.75,517.25,1262843
2025-11-28,517.4000244140625,520.4500122070312,513.4500122070312,520.4500122070312,999605
2025-12-01,515.25,519.3499755859375,514.1500244140625,517.4500122070312,1619957
2025-12-02,507.95001220703125,517.8499755859375,507.0,513.0999755859375,2434279
2025-12-03,506.0,509.04998779296875,500.79998779296875,505.1499938964844,1388012
2025-12-04,508.1000061035156,510.25,502.54998779296875,505.1499938964844,1371715
2025-12-05,510.1000061035156,510.79998779296875,502.3500061035156,503.25,1205977
2025-12-08,504.45001220703125,510.8999938964844,500.75,508.1000061035156,1140189
2025-12-09,503.6000061035156,505.95001220703125,498.0,500.3500061035156,1423785
2025-12-10,502.54998779296875,505.95001220703125,498.1000061035156,505.0,1311806
2025-12-11,501.75,503.3500061035156,496.6499938964844,500.1000061035156,1116224
2025-12-12,495.0,503.70001220703125,494.0,502.5,1506050
2025-12-15,497.20001220703125,499.8999938964844,493.1000061035156,493.5,993514
2025-12-16,497.20001220703125,504.5,494.6000061035156,497.0,1484940
2025-12-17,494.1499938964844,498.6000061035156,492.29998779296875,497.0,551891
2025-12-18,492.54998779296875,494.04998779296875,489.54998779296875,494.04998779296875,683973
2025-12-19,493.95001220703125,495.0,491.3999938964844,493.0,1241449
2025-12-22,493.70001220703125,497.5,493.04998779296875,495.3999938964844,998215
2025-12-23,493.1499938964844,495.5,491.45001220703125,494.1499938964844,993407
2025-12-24,490.54998779296875,495.04998779296875,489.04998779296875,493.1499938964844,850597
2025-12-26,488.20001220703125,492.95001220703125,487.79998779296875,490.70001220703125,518698
2025-12-29,489.29998779296875,491.25,485.95001220703125,488.3500061035156,982019
2025-12-30,495.6499938964844,497.3500061035156,487.0,489.3999938964844,2216264
2025-12-31,503.6000061035156,509.8999938964844,494.8999938964844,495.0,2391679
2026-01-01,499.95001220703125,505.8999938964844,497.8500061035156,505.0,698247
2026-01-02,522.5999755859375,526.3499755859375,499.0,501.45001220703125,5340608
2026-01-05,521.2000122070312,534.0,519.9000244140625,524.0,3290459
2026-01-06,520.3499755859375,522.6500244140625,501.25,517.4000244140625,2899294
2026-01-07,520.9000244140625,527.0,518.75,523.7999877929688,2870097
2026-01-08,519.4500122070312,526.5999755859375,515.0,520.0,3203359
2026-01-09,522.4000244140625,525.5499877929688,516.0999755859375,518.7000122070312,1522552
2026-01-12,524.0,525.9500122070312,519.5,522.2999877929688,1894623
2026-01-13,522.0499877929688,529.1500244140625,516.75,525.0,1288670
2026-01-14,513.75,523.7000122070312,511.1000061035156,518.0999755859375,798936
2026-01-15,513.75,513.75,513.75,513.75,0
2026-01-16,514.5499877929688,520.2999877929688,512.0,513.75,660633
2026-01-19,512.75,517.7999877929688,510.20001220703125,510.79998779296875,581267
2026-01-20,505.1000061035156,516.5,503.8500061035156,512.75,807821
2026-01-21,516.2000122070312,518.4000244140625,501.1000061035156,501.1000061035156,4341920
2026-01-22,525.3499755859375,529.5499877929688,519.1500244140625,521.0,4249013
2026-01-23,519.0,533.0,517.9000244140625,525.3499755859375,2352107
2026-01-27,513.4000244140625,521.0,512.0999755859375,520.5,1475952
2026-01-28,515.75,518.0,502.20001220703125,513.9500122070312,2775407
2026-01-29,510.45001220703125,517.2000122070312,499.3500061035156,515.7999877929688,1887628
2026-01-30,506.6000061035156,519.9000244140625,501.3500061035156,512.1500244140625,2737132
2026-02-02,499.0,503.0,493.8500061035156,501.0,2469560
2026-02-03,500.5,510.0,495.6000061035156,509.0,1860653
2026-02-04,501.20001220703125,506.20001220703125,496.79998779296875,500.0,1059709
2026-02-05,504.29998779296875,507.8999938964844,499.3500061035156,501.54998779296875,1537272
2026-02-06,508.29998779296875,509.0,498.54998779296875,502.0,950728
2026-02-09,514.4000244140625,516.0,507.54998779296875,510.5,1265939
2026-02-10,519.7000122070312,520.6500244140625,510.0,516.0,1143420
2026-02-11,522.3499755859375,523.0,517.0,519.7000122070312,1282937
2026-02-12,519.5499877929688,522.8499755859375,516.0999755859375,520.6500244140625,911264
2026-02-13,512.4500122070312,518.9500122070312,510.1000061035156,517.25,1746636
2026-02-16,514.25,515.9500122070312,508.04998779296875,512.9000244140625,667469
2026-02-17,516.7999877929688,519.0499877929688,511.1000061035156,511.1000061035156,963143
2026-02-18,510.6000061035156,525.2999877929688,503.5,525.0,4359136
2026-02-19,501.6499938964844,514.2999877929688,500.04998779296875,510.6000061035156,923005
2026-02-20,509.70001220703125,511.1499938964844,500.3999938964844,501.1499938964844,1277646
2026-02-23,514.3499755859375,515.9500122070312,507.29998779296875,509.0,1044529
2026-02-24,518.0499877929688,519.75,512.75,514.4500122070312,1517098
2026-02-25,518.6500244140625,523.75,516.5,521.25,3015805
2026-02-26,524.4500122070312,525.0,517.4000244140625,518.6500244140625,714000
2026-02-27,518.5,525.5,512.0,523.0499877929688,2414657
2026-03-02,507.6000061035156,513.75,500.79998779296875,500.79998779296875,2107282
2026-03-04,487.3999938964844,504.95001220703125,486.0,499.0,1732747
2026-03-05,487.8999938964844,494.0,482.0,494.0,972511
2026-03-06,478.6000061035156,486.1499938964844,477.5,486.0,1190560
2026-03-09,466.70001220703125,473.04998779296875,464.20001220703125,472.54998779296875,858312
2026-03-10,480.8999938964844,483.45001220703125,471.20001220703125,472.54998779296875,1029742
2026-03-11,471.8500061035156,485.0,470.0,485.0,861166
2026-03-12,459.3500061035156,471.29998779296875,456.5,471.29998779296875,1756738
2026-03-13,453.5,462.45001220703125,452.04998779296875,454.79998779296875,1711951
2026-03-16,458.8500061035156,461.45001220703125,449.20001220703125,455.0,2534686
2026-03-17,452.6000061035156,460.70001220703125,451.8999938964844,460.29998779296875,1315801
2026-03-18,451.8500061035156,455.79998779296875,450.0,452.20001220703125,2602680
2026-03-19,430.20001220703125,448.70001220703125,428.79998779296875,448.70001220703125,3248941
2026-03-20,430.70001220703125,434.79998779296875,429.0,433.70001220703125,1932941
