Date,Close,High,Low,Open,Volume
2015-01-01,252.4642791748047,253.46939050408946,249.95151479404427,251.96173745261382,1042050
2015-01-02,251.36773681640625,253.92617585318067,249.90575970186623,252.46419873864065,1471143
2015-01-05,253.83486938476562,256.5303913291845,250.86523885290507,252.0987832661968,2167401
2015-01-06,239.9918212890625,253.46937486330248,237.84454446466094,253.46937486330248,2786525
2015-01-07,243.28123474121094,245.29145703669374,234.0068570970702,240.31160464577832,2122221
2015-01-08,250.17994689941406,250.8195708022334,244.2406856600169,244.2406856600169,1570782
2015-01-09,249.54031372070312,251.916023439659,245.97676308471867,251.916023439659,1733358
2015-01-12,247.48439025878906,251.18499478864587,244.9716265228652,251.18499478864587,1060034
2015-01-13,247.0275421142578,249.72303576905966,245.33713171910193,247.6214625544753,1623957
2015-01-14,240.90554809570312,247.5301081720428,236.61102243232673,245.79402214280975,2123170
2015-01-15,243.28123474121094,245.61124104674502,240.40298345646352,242.1390693198907,2913614
2015-01-16,248.21539306640625,250.4997239944698,242.13907837473698,243.0528107459624,1758970
2015-01-19,248.16973876953125,253.9262420452948,246.20521958081204,249.5403374432751,1211700
2015-01-20,247.89556884765625,250.63676582518977,246.70772797801743,248.80930117350076,769630
2015-01-21,248.6265869140625,249.99718548813684,245.1087116636252,248.717965729314,1133422
2015-01-22,256.02789306640625,257.2157343267411,248.53527437610506,249.4490070024878,2371577
2015-01-23,256.02789306640625,260.32241967946106,251.27647225525328,259.50006589269793,2536747
2015-01-27,252.4642791748047,258.5862980928004,249.44897307185337,257.21569933965833,1147451
2015-01-28,245.29147338867188,254.83996021650543,241.225353063751,253.10387423734477,2231856
2015-01-29,240.40301513671875,243.78380849840806,236.88513959848797,241.2253687714593,4001604
2015-01-30,236.1541290283203,242.59593072409726,235.1490179003182,242.1390645645415,1672149
2015-02-02,228.66151428222656,237.02215947720458,227.97621503862348,236.19980596186042,3067615
2015-02-03,226.2858123779297,229.8950663379537,221.3059738264064,229.52956503009784,4337167
2015-02-04,229.02700805664062,232.4535043707283,222.03696115288145,227.4279764433997,3557301
2015-02-05,227.51937866210938,233.8241269516695,224.96092502922605,230.16919717396493,2565696
2015-02-06,223.3162078857422,229.07272517838604,222.03698801735507,227.88487019062606,2025770
2015-02-09,225.55484008789062,230.16917738149073,219.34145721159766,223.31618463759025,1814927
2015-02-10,228.29603576660156,230.99154344062674,223.40756206268776,225.14364797003975,1711428
2015-02-11,238.02728271484375,239.07806936482007,229.07270268794514,229.43820400192132,1697080
2015-02-12,239.2608642578125,243.37266056892094,235.74298850355015,239.30653972953013,3366830
2015-02-13,246.43365478515625,247.62149582519098,240.31163616983477,240.31163616983477,1477640
2015-02-16,244.10360717773438,248.8093235011353,241.68222187393582,247.84991562686236,860832
2015-02-18,245.65701293945312,246.70779984328598,241.8193248990397,244.88033465926162,627863
2015-02-19,249.17483520507812,250.17991853139458,244.88028179574508,246.70774658526557,1138597
2015-02-20,248.03271484375,253.01254057038437,246.43368286195914,249.54036799245756,1182074
2015-02-23,245.5199432373047,249.35760315225002,242.73304227541996,248.30681631428538,986044
2015-02-24,250.77381896972656,251.2763605368425,244.14926037375528,245.51985870395623,1506429
2015-02-25,245.0630645751953,254.61155234929439,242.64165117269354,252.7384119017881,2216601
2015-02-26,241.0426025390625,245.47421037688858,240.17457346633205,244.8346144103873,1549534
2015-02-27,250.2712860107422,251.00228862437635,242.5502643557147,242.5502643557147,1105777
2015-03-02,254.52020263671875,256.0735591988453,246.75347559589738,248.99213160280235,1334769
2015-03-03,258.5862731933594,263.6118014709688,252.372903931366,255.61664284749924,2032666
2015-03-04,254.24598693847656,264.93666492866123,248.44378183927196,261.2360327544154,1938459
2015-03-05,252.87542724609375,257.5811432601435,249.81441830407556,254.93132502858234,571934
2015-03-09,259.865478515625,261.0076439696185,248.07833660739166,252.3271865192678,1597199
2015-03-10,261.92144775390625,265.804811356405,257.62692120679264,260.4137945205057,1154212
2015-03-11,258.67767333984375,266.1702630223797,257.1243169538203,263.15495696116074,1603729
2015-03-12,268.820068359375,269.4596642730444,259.04312106640157,259.95685341584215,1468191
2015-03-13,268.86572265625,273.4800595036987,264.342736728635,270.00788800313296,2694057
2015-03-16,269.6881408691406,275.3532935035895,261.8300358192255,268.6373540747404,2217917
2015-03-17,272.9318542480469,273.98264083564123,267.35808153724105,271.2871193464712,1631895
2015-03-18,271.1957092285156,273.43436430072484,266.53569725762156,272.9318227383403,2291214
2015-03-19,273.7999572753906,279.3737314937848,272.10954645470235,274.02839041643216,1786061
2015-03-20,274.4851989746094,275.94717634680404,268.7286961849105,273.20597923077617,1328149
2015-03-23,286.6835632324219,288.60240700155555,274.02836291195445,274.4852291481814,2728886
2015-03-24,278.27716064453125,288.46529809135257,276.6324536594741,287.3688081780499,1572199
2015-03-25,277.4091796875,282.0235174441392,273.2973836285496,279.419374363157,1690102
2015-03-26,282.20623779296875,285.99822141364615,274.1197010354436,277.3177642141904,1905101
2015-03-27,277.0893249511719,283.6225054365201,273.1145837978112,283.11996381645383,1870496
2015-03-30,282.0234375,282.80011544573114,277.40910105136965,278.68832055233605,795726
2015-03-31,278.91680908203125,283.7595795435826,276.22128740623043,282.800171698243,723425
2015-04-01,278.5513000488281,282.7544742483121,277.3177558543745,277.7746220089946,580787
2015-04-06,277.9117126464844,283.6225403265654,276.63249282312637,278.779769607817,1406302
2015-04-07,276.5411376953125,279.32803857289406,275.30759323375366,278.64273919257283,640602
2015-04-08,268.3632507324219,278.14017190917315,267.03832743209085,278.14017190917315,1022645
2015-04-09,260.2767028808594,269.36832433904766,258.95177962898504,269.0028369235003,1709240
2015-04-10,267.2666931152344,269.00277887814894,260.6878095153624,261.3274332682292,2582514
2015-04-13,268.5459289550781,271.6069378688471,265.1194326825527,267.6778999636439,1028282
2015-04-15,264.70831298828125,270.96735822459493,263.24633543016535,269.73384167343403,1151958
2015-04-16,263.2919921875,267.49516691150984,261.60158162747535,265.759080884282,938691
2015-04-17,261.0533447265625,265.4849243361345,260.41372092471784,263.5204053517523,957354
2015-04-20,265.8047790527344,269.45970905795565,257.900998493424,260.41376287201365,1301665
2015-04-21,263.61181640625,270.4648099003466,261.7843514744909,269.9165648438385,1338084
2015-04-22,264.57122802734375,266.67282945908636,257.1243139036589,264.8453645018679,1000321
2015-04-23,263.8402404785156,272.6577528950166,263.4290497290043,265.8961384562703,920184
2015-04-24,255.43386840820312,265.07376147389743,252.64699588244656,264.9823826615172,902525
2015-04-27,246.20518493652344,255.84504976477285,243.23555489461089,255.84504976477285,2196270
2015-04-28,252.87542724609375,254.88564956515302,243.60104949318054,245.42851418872596,2015471
2015-04-29,256.66741943359375,259.8654827569722,253.1038687359519,254.01760111406003,906594
2015-04-30,255.66232299804688,257.8553031400091,253.10388334562543,256.5760554288975,2073775
2015-05-04,262.37823486328125,263.0178586528253,255.84505423393014,257.1242739281202,560922
2015-05-05,266.078857421875,268.50024244451777,260.41370599710206,260.41370599710206,815861
2015-05-06,255.70794677734375,269.45960442833774,249.12906416852667,264.70821399742954,1280899
2015-05-07,256.4390563964844,265.34794951688804,246.70780948810173,254.01767050997142,902482
2015-05-08,254.6572265625,262.97216894858013,252.14446250662095,260.50510824283856,703016
2015-05-11,261.0990295410156,268.31750982011283,246.25087825478116,253.10387115612014,5061107
2015-05-12,260.09393310546875,268.86577009418795,255.57097426473146,258.5862801585563,1924738
2015-05-13,255.70794677734375,263.6117242676627,251.36771908142902,260.7791490365083,2145572
2015-05-14,253.01251220703125,256.48471228062033,252.14448310231026,255.93646722848501,790611
2015-05-15,247.30165100097656,254.4744554109026,245.9767558455749,253.56072307549542,1520517
2015-05-18,246.93617248535156,248.2610955730901,242.13907755270367,247.98695913171372,1438844
2015-05-19,247.48439025878906,251.6418609224502,245.83965544615592,246.93614532124468,1251139
2015-05-20,246.43365478515625,250.72818060173702,244.97167727710467,250.72818060173702,866746
2015-05-21,245.88539123535156,248.80931814657754,244.651846934333,246.66206934228174,1010899
2015-05-22,244.92596435546875,248.44383975416608,243.4183114374272,246.52499609261295,1738878
2015-05-25,243.92088317871094,246.66208046687072,242.09341831993777,244.97166989552537,673364
2015-05-26,246.5249481201172,247.94124982835157,243.96650899250588,243.96650899250588,892044
2015-05-27,247.57579040527344,250.2712840961517,245.42851381430378,246.25086734906498,880398
2015-05-28,247.94125366210938,249.35752750734758,244.2406212881104,247.62144179498912,602620
2015-05-29,251.96170043945312,252.6469997153537,247.347363135682,248.94639477945006,1680703
2015-06-01,252.9210662841797,255.52520867726653,250.59106028688288,251.27635944901658,782209
2015-06-02,251.09368896484375,255.38824302476743,249.31192725607843,252.9211540312106,919391
2015-06-03,250.6824951171875,252.4185811389914,246.38794158728788,249.90581698285666,1147242
2015-06-04,252.96682739257812,256.11918752731884,247.71286594977627,250.17992676589066,791012
2015-06-05,253.9719696044922,257.6725752223408,251.73331373671945,253.14958801394445,583483
2015-06-08,248.8550262451172,253.8348511247567,246.753424981272,253.8348511247567,724985
2015-06-09,247.0732421875,249.44895206990782,234.92061208677245,246.66207932711637,1445869
2015-06-10,246.70779418945312,251.04802390204537,244.28640845309323,248.53525933159722,865826
2015-06-11,243.09848022460938,250.31698808746393,242.13907241240634,248.71795647719333,422233
2015-06-12,243.64674377441406,248.80932636107684,238.8039731111517,242.68733588911317,619359
2015-06-15,242.82437133789062,247.9412780606546,240.95123117955387,246.38792191601075,451432
2015-06-16,247.71290588378906,248.90074707360733,240.95129042694353,243.87521792684436,695957
2015-06-17,247.1189422607422,250.68249309461976,243.3726337902964,247.1189422607422,1037008
2015-06-18,253.78919982910156,256.5303973070036,248.5352379964559,249.6317281415778,1360194
2015-06-19,260.9162292480469,262.8807758664665,253.10382977186254,254.38304932730452,761342
2015-06-22,261.555908203125,265.8504617799838,259.6827678747573,264.7996471770986,1329299
2015-06-23,265.85040283203125,266.8098105172622,261.73860780693644,262.5609612349765,891144
2015-06-24,262.3325500488281,266.2615878019712,261.2360601300967,265.9417759185998,941226
2015-06-25,258.4035339355469,264.4798772294844,254.10900801471783,262.6067089163878,1447798
2015-06-26,262.4239196777344,263.6117604774003,253.74346309355653,258.4034753729352,727745
2015-06-29,260.1155090332031,261.68523421367007,252.082111781648,259.469133372319,653548
2015-06-30,260.9927062988281,262.7009607125987,250.92789481071597,259.46913870031716,1391668
2015-07-01,265.5634460449219,267.59486018361497,259.2383028332642,261.63909061467655,574301
2015-07-02,264.778564453125,270.41117424996605,264.0860311546425,266.85616434857235,700477
2015-07-03,261.6390380859375,266.3944268990663,259.88462635226097,265.9327381176121,570494
2015-07-06,265.0555114746094,266.67142216893455,256.09876624789763,256.69895601279774,645536
2015-07-07,276.32080078125,278.8600896773183,264.3168896361999,264.3168896361999,1354933
2015-07-08,278.49072265625,282.09189008531865,273.08895742302127,274.2431795592133,1499742
2015-07-09,275.39739990234375,280.15278943664293,274.2431777736667,280.15278943664293,690940
2015-07-10,274.7509765625,277.8442969664372,272.3963751002808,277.0132628138449,570678
2015-07-13,274.7971496582031,276.5515612724968,272.67336450048333,276.0898725224593,632480
2015-07-14,276.2284851074219,279.6911521316147,274.3817293611857,276.92101851226045,841874
2015-07-15,276.736328125,281.4455321947167,274.797229177865,277.0133301834822,740982
2015-07-16,278.12139892578125,280.24515655050874,276.0899565357565,277.9367120978686,497443
2015-07-17,284.1233825683594,286.2471404028717,279.18330531587793,279.7834952970004,1325307
2015-07-20,286.3856201171875,288.8325656605904,283.56932908823865,285.2313978628225,1049309
2015-07-21,274.6586608886719,288.6939826067015,272.6733766317886,288.6939826067015,664276
2015-07-22,277.10565185546875,279.78344153463655,272.8119512103419,273.36595528384134,628018
2015-07-23,280.93768310546875,285.13904063616656,275.72060440427447,277.93670538946947,837914
2015-07-24,275.2127380371094,282.13807143692844,273.41216826070865,280.891533968364,492885
2015-07-27,261.3620910644531,267.77957844015225,256.6990441598701,267.77957844015225,2064366
2015-07-28,254.29823303222656,262.9779784620256,253.4671986724299,261.31590974243227,937075
2015-07-29,252.26678466796875,258.45339800110355,251.38956463079876,254.85223081028633,681882
2015-07-30,257.0683898925781,258.54580010043173,253.0055329554225,253.5595653057746,740314
2015-07-31,257.7147216796875,261.4543900926074,256.09881070485153,259.2844468619775,627460
2015-08-03,255.91409301757812,258.0840359864082,254.1596812352732,257.622347192157,570059
2015-08-04,251.71275329589844,258.63808567832825,250.88171904585678,257.48386361458995,639251
2015-08-05,256.37579345703125,258.36104972663685,250.4200246482144,253.60566056569812,799374
2015-08-06,255.86801147460938,258.7304884857769,254.02125574859886,258.7304884857769,555311
2015-08-07,256.2834777832031,259.1459543830968,253.9750334573618,254.34440709289805,719636
2015-08-10,256.5142822265625,259.83844717340463,254.48286844406005,256.2834378299658,486969
2015-08-11,254.6213836669922,258.0840498093357,252.08209516260695,256.65282574220004,418453
2015-08-12,249.72750854492188,253.5595203381117,247.9269107704196,253.00548808601476,605985
2015-08-13,250.8355255126953,255.68325803075115,242.9406581121325,251.1125557069906,1170014
2015-08-14,250.05062866210938,254.57520118953778,249.3119378955988,253.0054480866447,627385
2015-08-17,246.4495391845703,250.28155157421477,245.61850476669946,250.23539395404345,482238
2015-08-18,253.83651733398438,254.85223841278395,246.68034034956742,247.46521700951484,537037
2015-08-19,248.6194610595703,254.11356998514123,247.51139647952567,253.92888316204952,534277
2015-08-20,245.7569580078125,250.18918767316657,244.78742273874278,248.61943438307767,700207
2015-08-21,245.6184539794922,248.85027574238023,235.4612998675583,243.3100098631436,506030
2015-08-24,228.39744567871094,244.27952284327606,225.21178181696618,239.47797642669693,1168021
2015-08-25,236.8925323486328,241.1400753091897,226.68922026424383,231.7677975003063,1597619
2015-08-26,239.20098876953125,241.92496433430915,232.1833265021589,236.10768183964294,1193260
2015-08-27,243.21766662597656,248.20390028478826,239.570341827246,247.23436502697052,1323827
2015-08-28,244.55657958984375,249.31196891666346,242.43279405818888,246.08014709737338,695441
2015-08-31,240.2166748046875,246.35713015261487,237.76972982294174,244.69506175953225,823294
2015-09-01,238.64695739746094,248.11157801185075,235.59979434088865,238.9701170213826,790014
2015-09-02,237.446533203125,245.34142822489912,236.4769980397433,240.07816487704972,383966
2015-09-03,238.04673767089844,244.23337895778562,237.21570345396174,239.9858362965831,357378
2015-09-04,237.67739868164062,239.29330955015502,226.6892104115925,238.2314309009811,1271069
2015-09-07,241.00155639648438,245.15675564469962,235.5536341291185,235.5536341291185,591491
2015-09-08,239.29331970214844,243.2176748350309,236.43084326348995,241.0015740429003,517227
2015-09-09,246.81887817382812,247.92694282126743,241.27861129514056,242.20198910825516,619489
2015-09-10,240.03204345703125,243.77171185584666,237.7235992159721,243.77171185584666,722147
2015-09-11,239.89353942871094,242.6175151906597,237.76978177581304,242.24816970918886,497202
2015-09-14,241.32472229003906,243.72550949581705,239.5703106247864,240.26284376995818,308960
2015-09-15,241.04776000976562,244.6027701253469,239.6165357117055,242.29432565798942,395474
2015-09-16,234.0762176513672,242.75596130909895,232.69115127473188,241.92492711896728,1019498
2015-09-18,232.0909881591797,238.04675735576873,231.1676104686154,234.95345054615368,1004460
2015-09-21,234.30711364746094,237.2157480430959,231.3061358371979,231.76782473108452,573582
2015-09-22,231.21376037597656,236.89252734784517,229.41317675730787,236.33850920574517,678929
2015-09-23,231.9062957763672,232.922016847429,227.52025185158905,228.81298904108817,417030
2015-09-24,230.521240234375,232.92202792214835,228.6744848098188,232.5988400870007,490673
2015-09-28,227.05856323242188,233.61455031993816,224.84246246207488,230.84441731219187,540529
2015-09-29,231.39845275878906,233.1066930168153,221.1489548521304,226.042859384946,888282
2015-09-30,232.92202758789062,233.70690427805093,229.5055328752897,233.33754473989433,375581
2015-10-01,232.22950744628906,236.84639626231865,230.84444080148018,233.8454185318994,489543
2015-10-05,239.4318389892578,241.27859448683557,231.95248767784358,232.55269166833213,1042163
2015-10-06,235.73834228515625,241.5556249254221,232.41417675082536,241.00159263982485,764142
2015-10-07,238.32379150390625,239.15482580327975,234.99962612716098,235.50748668327842,640451
2015-10-08,235.92298889160156,239.98584490398278,233.98389019636863,236.6155221270955,389813
2015-10-09,240.49374389648438,242.84834586415067,236.38470167765237,239.06249149049407,599456
2015-10-12,239.15481567382812,243.35617278558723,237.35421795207418,239.75500552132942,412988
2015-10-13,245.47998046875,246.91120470952214,238.23145949553532,241.0015927454834,632114
2015-10-14,239.15481567382812,245.34145731238007,238.4161248121727,245.06442710482173,762524
2015-10-15,236.70787048339844,241.00157099750396,234.35325461549783,240.07819333084686,1665527
2015-10-16,240.03204345703125,241.00157876657568,236.20001756309773,238.1852880641839,1552696
2015-10-19,239.84738159179688,242.38667052106518,237.76978155875918,240.81691700217957,568247
2015-10-20,239.29331970214844,242.57132736775347,237.53890774918045,239.84735194499368,869836
2015-10-21,236.98489379882812,241.37093810942514,235.69217058523955,239.61652602103686,476418
2015-10-23,238.23143005371094,240.40137313384844,237.35421002793754,240.07818532544513,319023
2015-10-26,237.58505249023438,239.1086481203307,236.4308304548577,238.50843011853573,285311
2015-10-27,238.23143005371094,238.92396328061125,236.15383037300998,237.49273921671693,411764
2015-10-28,236.15379333496094,239.8934609019985,235.4612602166766,239.8934609019985,358067
2015-10-29,233.15286254882812,237.26190446742837,232.32182827856354,235.92299556921023,588408
2015-10-30,234.1685791015625,236.84636866701604,232.78351261812966,233.47604585984607,335995
2015-11-02,234.67642211914062,235.41512705079364,232.04480429275912,233.61454346650638,302790
2015-11-03,230.19805908203125,235.96916959807885,229.4593541180521,234.72260409076245,526998
2015-11-04,229.64402770996094,231.99864362738785,227.15091077547228,231.02909423907965,526834
2015-11-05,224.98098754882812,230.38275312775437,223.08807439603282,228.72067032734424,571499
2015-11-06,223.27273559570312,226.64305863908723,220.2255863006619,225.48883648866448,588418
2015-11-09,238.41612243652344,242.7098229080183,217.2707656261472,220.68726014094818,2898664
2015-11-10,239.57034301757812,243.12532443340612,236.52317985926172,238.4161209528938,1173700
2015-11-13,236.33848571777344,241.27854725292678,235.27660715039545,235.64595254175558,369234
2015-11-16,238.36993408203125,240.07818836586907,232.7835105859868,236.20000506403767,388170
2015-11-17,236.80020141601562,241.83259252674105,236.38467021620176,239.89349389302407,601296
2015-11-18,243.1715087890625,246.44948816172916,236.7540228755749,236.84636627605482,1702132
2015-11-19,253.6056671142578,254.6213881698242,245.75695705281265,246.86502150965774,1921763
2015-11-20,271.56536865234375,277.01329107428825,253.74416335234838,253.74416335234838,6302707
2015-11-23,272.9042663574219,275.62824182809334,267.59484461366463,273.2736399786492,2656743
2015-11-24,267.41015625,273.18126619937306,265.5634010662006,273.04276519643764,1580680
2015-11-26,270.91900634765625,272.3964162751683,265.8866148867331,266.9946511979293,2405838
2015-11-27,265.1478576660156,272.9965668356686,264.0859791200884,272.9965668356686,1054394
2015-11-30,263.85516357421875,267.4563307745524,262.9317859239153,265.1478866487937,589370
2015-12-01,272.16558837890625,275.1665660285464,265.055568521904,266.1174754644092,2885585
2015-12-02,266.94854736328125,273.9200389972934,265.93282607229276,273.4583500631401,1252223
2015-12-03,276.96710205078125,279.1832024921776,263.34728345104304,266.1174160476,13578699
2015-12-04,276.92095947265625,281.12234480716114,275.2588909270996,278.8139006165267,4015650
2015-12-07,272.6272277832031,279.4140585645447,270.6419716417998,278.4906809937294,841415
2015-12-08,269.4416198730469,275.44357533034935,267.7795511719566,271.4730622226043,1122956
2015-12-09,261.3620910644531,279.5988037340842,253.6057227041068,278.2137369490489,5070030
2015-12-10,281.6302185058594,287.9091760401904,259.4691521316278,261.73143892903187,19325231
2015-12-11,277.613525390625,288.0938688849507,275.72061220330676,285.9701112514106,8123017
2015-12-14,280.06036376953125,283.33837055968945,274.88947269528336,276.08985208482454,2468665
2015-12-15,279.0909118652344,282.55357826554746,274.56636673800887,280.9376672787347,1462778
2015-12-16,277.8905029296875,283.1999241858212,276.3669073301809,281.445484183874,1817117
2015-12-17,282.784423828125,284.4003348214286,278.4445373172663,280.89151079338427,2272897
2015-12-18,281.49169921875,286.2470887672591,280.24513368020365,282.2303901116102,2353060
2015-12-21,281.6302185058594,284.2156649778185,279.7834629746734,280.56833971127804,954101
2015-12-22,280.66070556640625,284.40037454439505,279.22945300773677,282.83062094566213,849882
2015-12-23,280.24517822265625,284.40037855874175,279.78348929642453,280.9838692329247,941622
2015-12-24,281.5840759277344,282.4612679443437,279.8296355360065,279.8296355360065,597724
2015-12-28,277.4288635253906,282.4612554871433,273.412164571838,281.58406350922024,938705
2015-12-29,278.3984375,280.06050645217766,275.9053058924762,278.8601264510779,747176
2015-12-30,276.874755859375,280.42976495815753,275.62819056769206,278.35216553176787,757374
2015-12-31,281.3531494140625,282.32268456523724,275.3050095828767,276.8285768972569,1100377
2016-01-01,296.17340087890625,297.51230983189885,281.4455151129935,281.63020192694125,3254573
2016-01-04,283.6616516113281,295.8964066064455,282.2765850081073,293.172431015077,1657583
2016-01-05,284.81585693359375,289.2480585300313,278.95240302426976,286.1547376632934,1397453
2016-01-06,280.15277099609375,288.6478565756837,278.49070251190193,287.12428910196627,1539736
2016-01-07,272.9042663574219,278.2136881011791,269.5801292003833,278.2136881011791,1047121
2016-01-08,279.82958984375,281.8610319765422,273.5506329993469,275.1665439115793,1256524
2016-01-11,273.2274475097656,278.3983681088311,270.78050231480836,278.3983681088311,995934
2016-01-12,267.6410217285156,275.5358894893921,265.7480806084765,272.02706563550254,950511
2016-01-13,262.4700927734375,271.1036792973494,253.65184763005772,269.903271464187,3076906
2016-01-14,266.6253662109375,269.16465541294644,248.29630942603984,258.5458096590909,2742660
2016-01-15,259.4691467285156,269.16461306534626,257.25304577309055,268.7029241921639,1408185
2016-01-18,255.08306884765625,260.0231447761213,251.2048715518476,258.6380783389394,1807866
2016-01-19,262.6086120605469,263.85517759052556,251.98976851797104,256.79134382631446,1897772
2016-01-20,264.5476989746094,267.6871773754564,254.94457696879815,258.4995865873785,1409671
2016-01-21,267.13311767578125,273.9661341846518,261.2696926947526,267.7333356350649,1256623
2016-01-22,275.39739990234375,277.0133108824916,268.379723724137,270.54966696190013,1474466
2016-01-25,278.90625,281.44553892069916,275.1665812248537,278.3984034875617,1484949
2016-01-27,277.244140625,280.6144634263899,268.88758412765327,277.56732843976334,3386665
2016-01-28,272.81195068359375,281.4455095702191,271.33454073886213,277.01330791527505,2665346
2016-01-29,273.9661560058594,275.212693271665,269.71861324234817,274.1508146255995,1140870
2016-02-01,280.75299072265625,282.3689017685044,271.56539911238536,277.936699885879,2542521
2016-02-02,281.8149108886719,287.1704907630334,278.95243412302887,281.7225674744407,2012188
2016-02-03,276.27459716796875,281.07614391904445,269.2569215695132,277.9366656242548,2075622
2016-02-04,275.2127380371094,283.93866939258294,271.1498814117329,278.5369037048733,1231929
2016-02-05,280.5220947265625,281.6301590831788,273.3197609462981,273.3197609462981,877813
2016-02-08,281.0299987792969,286.8934526046027,277.382645720455,279.09090004142206,1016866
2016-02-09,271.2422180175781,279.737304713149,269.1646180497839,279.737304713149,1313942
2016-02-10,267.1373596191406,272.64149357297794,263.07921706614127,269.5162560450358,1032455
2016-02-11,251.8377685546875,266.62429310630523,247.21987645553412,265.87798033897064,1878790
2016-02-12,255.00965881347656,258.0416009120253,241.71575884291678,252.8173257559087,1691861
2016-02-15,272.2684020996094,273.34123743992814,257.5284821112872,259.7674774806588,1610739
2016-02-16,262.98590087890625,273.9009002303791,261.6332057773988,273.34115156389333,652246
2016-02-17,263.172607421875,264.7585294498903,253.75025760362047,262.146405833152,1091856
2016-02-18,261.7265625,269.60962343123543,256.78217594964553,264.4786444385995,1323939
2016-02-19,262.2862854003906,264.4786182651969,258.50803081317616,260.1406148765416,966711
2016-02-22,262.42626953125,265.9713270238269,261.21350393669184,264.19881251254475,927653
2016-02-23,260.65374755859375,263.405829712866,258.0416239820055,261.8665415884475,725489
2016-02-24,256.59552001953125,260.74695883804856,255.10289473062846,258.4146962366349,632801
2016-02-25,252.6774139404297,256.6888954653277,251.04482961541123,256.59559923846723,947738
2016-02-26,255.5693817138672,257.20196575500705,251.51123854617543,254.82304049877092,682927
2016-02-29,253.93679809570312,256.4556249670821,249.2256099157056,255.56938213956232,949575
2016-03-01,266.2510986328125,268.11690875423375,252.02429645697543,253.93676891343407,1541077
2016-03-02,264.4319763183594,269.70288472510447,262.93932238343893,267.7904120844231,819366
2016-03-03,258.6479187011719,265.55141020604856,256.5488823907025,264.94502763258004,3360859
2016-03-04,262.0530700683594,264.01217672035654,258.7879018050334,258.8811980208443,1049803
2016-03-08,266.0179443359375,268.2102775157203,260.093989903762,262.79943808775533,1418658
2016-03-09,266.2978210449219,267.93040526947823,262.70613005689603,265.8780022848893,1057117
2016-03-10,264.4319763183594,266.9974654824394,262.1929811809758,266.9974654824394,520634
2016-03-11,271.2887878417969,272.8281040109539,262.7993743282843,264.94504463983066,1575647
2016-03-14,274.8338928222656,276.7929995446766,272.501629693207,275.2070492289132,1046575
2016-03-15,274.27410888671875,276.1399191512543,271.70861977298244,275.1603801503752,568008
2016-03-16,270.4492492675781,276.46650002951225,267.27737684198956,274.2275329332151,540347
2016-03-17,272.92138671875,275.2070156947253,271.4287612740372,273.15461300323705,473012
2016-03-18,272.594970703125,274.367485278454,267.9304436785678,273.4345798735426,623172
2016-03-21,279.4517517089844,281.27092830493007,272.3616947001902,273.10800750006064,1056670
2016-03-22,283.50994873046875,288.26777202093353,279.8716233212947,281.364277673011,1716382
2016-03-23,283.6498718261719,286.30865787590676,278.98534488629065,283.6032379447783,1399534
2016-03-28,283.6964416503906,285.28236321069636,279.40507257132117,283.60314544801884,736828
2016-03-29,281.8306579589844,286.2152951823278,280.6178641542249,282.6702669191985,949406
2016-03-30,291.67279052734375,293.16544446684037,282.39040133267247,283.6031666441352,1679211
2016-03-31,299.78912353515625,302.82106575698214,291.71949839260634,294.2383256179632,3164859
2016-04-01,292.2325744628906,298.01659849788535,291.4395992930916,297.59677974034196,1430926
2016-04-04,296.8038330078125,298.5297136086147,291.48628956616625,292.6524212599499,2151591
2016-04-05,294.33160400390625,297.45684226023155,292.6990198295581,295.1712130281407,500757
2016-04-06,305.47991943359375,309.2115414588872,294.1450947557515,296.6639510108312,1621911
2016-04-07,299.9290466308594,310.0977084587124,297.59678343777335,308.7450128887283,1542439
2016-04-08,310.3309326171875,311.49706420561074,296.6638760948692,299.0427731472488,2534869
2016-04-11,323.6714782714844,325.95707898416043,311.1238916432943,311.59034425445367,3022860
2016-04-12,316.2548522949219,324.2311801019682,314.43567582734676,323.7180936470144,1523973
2016-04-13,315.3218994140625,320.73273718760476,313.9225418722841,318.5870670115454,988957
2016-04-18,319.4267578125,321.10600437555615,309.0715036520198,315.46191042668625,1036988
2016-04-20,327.403076171875,329.2222241456587,319.4267199991117,324.5576983615887,2070565
2016-04-21,318.82037353515625,330.2484630034976,317.18778932539317,328.3826524780541,1455382
2016-04-22,315.4618835449219,318.54048774651335,311.310472541422,318.54048774651335,1246643
2016-04-25,319.7532958984375,321.8523328518189,315.4152918887847,317.1878062887491,1036383
2016-04-26,322.8785095214844,325.02418018723193,319.56667883477667,320.639542637659,1172271
2016-04-27,321.10601806640625,323.71814153807526,319.3334752070481,322.2254873528313,646469
2016-04-28,314.622314453125,323.34498475835534,310.7041007798632,321.8523305747313,2546537
2016-04-29,309.9111633300781,316.5814307739019,308.27857899564515,314.948846439469,822989
2016-05-02,312.01019287109375,314.8555426836379,306.27280242840556,309.81785969470184,1091143
2016-05-03,307.01910400390625,317.00117246403505,305.29322370682576,312.6165351490276,1062736
2016-05-04,310.7507019042969,312.52321594250714,305.0599749647756,305.99288008699205,1969937
2016-05-05,313.8759765625,315.1820381927495,309.39801436877684,312.5232525886652,782642
2016-05-06,318.2139587402344,321.7589869933215,311.26380384535867,313.40950281539045,1182589
2016-05-09,317.3744201660156,322.5986674933472,316.3015562080692,320.17313629280585,2073787
2016-05-10,322.458740234375,324.18462088850345,310.7041267038396,317.42105685557783,1726735
2016-05-11,317.32769775390625,325.58391445926736,313.2229205722035,317.18776766805416,5915820
2016-05-12,319.28680419921875,321.6190671955608,315.6018172769955,320.6395281251,1508259
2016-05-13,335.6592712402344,341.67652101887666,322.69189497611313,322.78519118779883,8304709
2016-05-16,333.6069030761719,339.01774181349504,332.81392796725197,336.4989148716407,2953151
2016-05-17,341.443359375,347.22738395460317,334.67979556224384,336.31237993084017,2634702
2016-05-18,339.6708068847656,343.0292714754626,334.5864618892651,341.25672872619975,1572800
2016-05-19,332.58074951171875,340.5104448016195,328.709198093593,340.5104448016195,1666347
2016-05-20,340.9768371582031,344.05541280883835,332.3474643983854,335.75256255015006,2941080
2016-05-23,341.7231750488281,344.94170948680977,337.15194510662866,344.94170948680977,2038549
2016-05-24,342.282958984375,344.0554734127192,337.3385721363604,343.6356830973281,2273857
2016-05-25,348.3001708984375,351.5186768376067,342.84266964679307,343.6822786539673,1524684
2016-05-26,351.5653991699219,353.011391125124,347.8337776390643,349.65292605334963,2802034
2016-05-27,349.7461853027344,352.35833718012805,347.0407656729419,349.83948152514307,1317173
2016-05-30,347.4605407714844,352.451560637986,345.50143422715337,349.3729849754704,1750460
2016-05-31,340.0439758300781,352.68483103328833,332.06764704429014,347.9736707396959,22941574
2016-06-01,332.720703125,339.01781453542554,329.54883047893645,334.4465837981563,1855916
2016-06-02,339.34429931640625,340.5104309291774,329.1289750005269,333.98009389765895,1735560
2016-06-03,337.01202392578125,342.143002836762,335.4260736016563,340.5104186378136,1218055
2016-06-06,335.84588623046875,337.15194787180775,333.1871006038092,333.1871006038092,742545
2016-06-07,335.98577880859375,337.24520643534095,332.48738455096577,335.93914493982754,1222530
2016-06-08,338.3647155761719,340.510386073013,333.79345748028254,336.2656789496944,1168726
2016-06-09,333.3269958496094,339.4841754808292,330.3883503463016,339.4841754808292,714771
2016-06-10,330.62158203125,335.75256039606063,327.6363026100911,332.5806885554516,698157
2016-06-13,334.6796875,336.9653162660499,324.231139526633,327.6362657434018,989007
2016-06-14,335.56597900390625,340.5103646922578,333.4202801717879,336.0324315582792,1056161
2016-06-15,335.98577880859375,338.6445641383921,332.11422819081986,337.1985725665747,953839
2016-06-16,335.84588623046875,338.27144554724606,333.51362313164606,336.7321575960248,1268132
2016-06-17,336.07916259765625,338.31812981200727,331.414635705253,336.35902282319535,2281420
2016-06-20,339.904052734375,342.842698743892,333.09382694262615,334.913003670904,1436685
2016-06-21,343.3091125488281,344.38194783154177,340.51039695739746,341.3500059408252,1101673
2016-06-22,341.86309814453125,345.1748999861257,337.7116589053446,342.4694807883436,515691
2016-06-23,342.46954345703125,344.61521427239114,337.0120417240378,340.04398396792186,394690
2016-06-24,335.37939453125,338.6445624891342,325.11743809218535,335.84584709666206,1419379
2016-06-27,335.4727783203125,338.9245111235033,331.4146342477659,334.0267579080191,696659
2016-06-28,333.6069030761719,337.7116802358661,332.16088294343393,337.3385238522588,476319
2016-06-29,336.0059509277344,338.8754016355491,335.3474096503548,337.746432715938,671963
2016-06-30,338.5931701660156,340.00436706477166,333.6069526080942,337.7464577689369,1451729
2016-07-01,345.0845642089844,351.9524042341987,336.75852803131374,336.8055564291504,1234937
2016-07-04,345.6491394042969,348.56561860851303,343.7205152121348,346.2136238810602,456514
2016-07-05,346.8251037597656,349.69455428068886,341.69777296842386,346.02541988636506,780963
2016-07-07,335.3003234863281,348.2362929781685,334.1713833753803,347.15438127193397,1184684
2016-07-08,336.2411193847656,338.1227149366791,330.7845037685644,336.8056037925136,555838
2016-07-11,336.4292907714844,340.2865673990615,334.7358375464929,338.78128521380336,738199
2016-07-12,335.7707214355469,338.02863036198187,333.3246414690466,336.52337688493833,698097
2016-07-13,338.5931701660156,341.5096494989529,335.3003774022516,336.5234319410315,1397233
2016-07-14,337.65234375,340.38065178193347,335.3474062363286,338.5931416031406,880307
2016-07-15,338.35791015625,342.63855720993087,336.1000012643179,341.8859017720406,1097041
2016-07-18,336.5234069824219,341.1333107676183,334.1714123256,339.15762951371346,659661
2016-07-19,338.31085205078125,339.43979204219875,333.65389204244235,336.5233421978869,661303
2016-07-20,344.5672302246094,346.5899399636167,338.6872433607082,339.43987019493824,2477492
2016-07-21,343.43817138671875,350.91752420464945,341.13323436578145,345.74313711852193,4619396
2016-07-22,353.6459045410156,356.56238360555733,345.0376099929767,345.7432083774204,6476301
2016-07-25,358.7262268066406,364.0887863063549,350.6353878574203,363.61838735763865,3932524
2016-07-26,349.0830383300781,361.92495222982836,346.4017873681169,360.7959833009913,1437392
2016-07-27,354.3514709472656,357.03275030835596,349.22414037620996,350.9175648617043,1880602
2016-07-28,357.9735412597656,362.20713110383645,354.35146420655354,354.6807491588217,2253028
2016-07-29,366.58184814453125,368.5575292188291,358.02058262982035,358.5380386338032,1815859
2016-08-01,380.1764221191406,383.4692146391094,367.4756509706897,368.3223633050786,2037024
2016-08-02,376.22503662109375,383.79847618076013,370.8625063570669,381.96390897596086,2052533
2016-08-03,366.8641662597656,376.97774406162665,362.8187179124965,376.3191740227371,1246630
2016-08-04,381.2582702636719,385.16257500044776,369.78052676891946,371.56806537857824,1951382
2016-08-05,382.43426513671875,386.6678547876788,380.22338479904397,384.6451454743936,1024135
2016-08-08,380.1293640136719,386.66792062785925,378.3418538210703,381.96393132581716,760819
2016-08-09,389.7725830078125,396.7345108745141,381.58765798939,382.8106838519861,2930151
2016-08-10,380.7408142089844,391.27773049004105,379.1414467458098,390.0076479411512,819212
2016-08-11,376.1309814453125,382.01096820321743,373.1204454517889,380.92905638193747,987917
2016-08-12,375.0019836425781,385.2096448293564,372.3677327529333,377.25989246879624,954738
2016-08-16,385.7741394042969,386.8560798794491,372.79114081118337,375.56650589904734,1472054
2016-08-17,390.90155029296875,392.03051932329123,383.32813823975346,388.9258688453419,1490193
2016-08-18,385.39776611328125,393.06526150774147,384.31585451715665,390.90143831549227,713737
2016-08-19,390.6663818359375,392.3127783879252,383.37519710570626,387.1383892245353,758848
2016-08-22,391.13671875,396.0759076217679,387.42055563832076,392.2656876907532,1102828
2016-08-23,386.8560485839844,393.77088911889405,384.315883159537,393.77088911889405,850550
2016-08-24,386.7619934082031,390.43109920068594,385.72711005368967,387.56167730536674,1026268
2016-08-25,391.0896301269531,395.1350489052067,386.10338490234255,387.608667021298,2117785
2016-08-26,390.101806640625,393.2064566438585,386.1975014666322,391.8422883333796,405096
2016-08-29,391.56005859375,393.0653121156231,385.9623001600963,387.7968673673261,468604
2016-08-30,396.922607421875,402.94370792347854,394.66469832263266,396.02886669033734,1261860
2016-08-31,392.8771667480469,400.2624352150679,391.654112382378,396.5462724233127,1501428
2016-09-01,397.81640625,401.2503129161344,391.5601058236114,392.3127326753296,971310
2016-09-02,402.4732971191406,403.88449385337447,397.81636512269165,397.9574790539408,807951
2016-09-06,406.189453125,407.8828776930548,402.75554687202356,402.75554687202356,757069
2016-09-07,398.1455993652344,406.3775792658907,396.4992033851031,404.87229719902575,847761
2016-09-08,395.37030029296875,398.47492174369853,391.2778238636452,398.42789333509165,1359292
2016-09-09,392.97125244140625,399.4627515175317,391.37188469747707,395.13507589649123,832458
2016-09-12,384.2688903808594,390.43110476692846,378.76521725823557,389.4903069241166,549828
2016-09-14,383.61029052734375,388.9728492980333,381.1171821802535,383.84548996972717,1525413
2016-09-15,385.72711181640625,390.148873119138,383.84551614900914,383.84551614900914,874277
2016-09-16,386.0093078613281,397.01665309255463,381.3994045983988,389.39618552561853,3674530
2016-09-19,388.6905822753906,391.37186158854354,382.99876740730855,386.4797018343393,737114
2016-09-20,388.45538330078125,392.87714418813647,387.2323577162117,389.3491526431835,804363
2016-09-21,382.3401794433594,389.4902477037662,381.11715391800846,389.44321930312475,1210920
2016-09-22,385.20965576171875,387.3734791334901,382.1050059155481,384.78628528378255,956997
2016-09-23,384.0337219238281,388.7377115176483,383.2810663622925,385.72714669325376,868961
2016-09-26,385.915283203125,387.5146222952806,381.1642369122925,384.7863143173563,887659
2016-09-27,385.53887939453125,391.79520696143,383.93954055835223,386.0563353472187,1099684
2016-09-28,394.4295349121094,399.6509519757911,384.31595709385016,386.6679519353058,3906014
2016-09-29,384.7392578125,400.68576271646424,373.0263141438131,397.9104265338452,2403197
2016-09-30,393.441650390625,395.1350749417415,381.91687737149084,381.96390577701675,992533
2016-10-03,405.6720886230469,407.36551345328326,394.19434211761126,395.13514007015925,1980927
2016-10-04,425.5228271484375,428.53339154816223,409.15295141325026,409.9526352735712,4314465
2016-10-05,421.9948425292969,427.733714862672,418.6550218171264,427.733714862672,1623542
2016-10-06,421.4773864746094,432.2024749418342,419.26650604891927,422.5122697282162,983294
2016-10-07,420.2543640136719,425.99320728726235,417.3378852631236,422.04187398630836,1064980
2016-10-10,420.7718200683594,425.24060966103616,419.2665378318099,420.58364902221416,523876
2016-10-13,413.3865661621094,419.5958376634286,409.67043191156836,419.5958376634286,1641218
2016-10-14,415.6914978027344,417.7142072533413,410.6111956188541,417.1967799674428,849782
2016-10-17,398.051513671875,417.24378106079564,396.92254494452254,415.8325845070387,1323566
2016-10-18,406.28350830078125,408.776616560646,397.251844287072,399.93312357860776,3415632
2016-10-19,384.92742919921875,408.30626118676423,383.8455174290318,406.4246655130925,6376380
2016-10-20,384.40997314453125,389.86658870603196,381.96389320939085,386.6678820420188,1460665
2016-10-21,387.9849853515625,391.3718629849522,383.84548100447233,383.84548100447233,1111606
2016-10-24,383.84552001953125,390.9955893699125,382.62249430773926,388.9258226305566,758686
2016-10-25,383.79852294921875,386.85611618922565,382.99883897504213,382.99883897504213,645015
2016-10-26,381.44647216796875,386.57380285296676,377.96550889047893,382.9517256503613,971121
2016-10-27,383.61029052734375,385.72708550879446,377.0717345447371,381.0701250652551,1465937
2016-10-28,382.9988098144531,387.04422907810437,381.30535646086025,386.6679156809299,450311
2016-11-01,383.1868896484375,386.57376709225105,380.45858207540084,381.96386412941433,742038
2016-11-02,384.55108642578125,389.49027469180044,375.5194221400294,381.96389257215213,1281658
2016-11-03,372.3207702636719,385.16265590266994,368.2282936417828,383.18697456339174,1262241
2016-11-04,363.28912353515625,373.8731004984347,357.92659243362016,371.1447921789646,905797
2016-11-07,369.07501220703125,375.75468317533097,364.8884786932379,365.029592638939,843004
2016-11-08,370.95660400390625,372.22668692312675,364.18287628618634,370.67437611557887,580260
2016-11-09,352.8933410644531,363.61843269011024,330.831616134868,346.2136694177505,2819923
2016-11-10,355.8097839355469,369.21615426190743,352.3758485674641,362.2071982911448,1469313
2016-11-11,333.7480163574219,355.62156499818315,330.87859457921843,355.62156499818315,2120338
2016-11-15,307.73492431640625,334.92397130060203,305.57107244384315,334.92397130060203,2348171
2016-11-16,306.1355895996094,315.167253962807,299.17369182141084,312.3448606437371,2450691
2016-11-17,308.0172119140625,317.42519046190114,301.1493990584891,308.3935253138016,1319551
2016-11-18,301.0083312988281,313.28573370283175,297.3391961336073,308.58174370729375,1077334
2016-11-21,292.9643859863281,301.4315649380189,284.8735203569837,300.58485278502303,2185633
2016-11-22,296.72760009765625,298.46808165087526,287.17850882247336,293.105523073037,1149648
2016-11-23,308.0172119140625,314.9791102972887,296.11612479322105,297.5743499837872,1861091
2016-11-24,314.885009765625,322.08210661338796,304.15989274133875,307.64085580513245,3235171
2016-11-25,312.6741638183594,315.1672723199098,309.19320037107457,311.63928046558243,1309349
2016-11-28,314.3675842285156,317.0488637441941,307.6408855915474,311.78039023653776,907372
2016-11-29,323.3050842285156,327.30347396334884,312.34479810932214,317.0487860326553,1726892
2016-11-30,323.9637451171875,327.30356599752963,319.44789821446267,325.13974242869836,2253643
2016-12-01,315.0261535644531,327.16243961534275,313.6619852506519,324.9986161288347,653055
2016-12-02,314.0852966308594,321.56462061316165,311.40401762514654,312.2977868640059,655854
2016-12-05,317.23699951171875,322.03504486728207,311.87444107673105,314.2264353533278,655374
2016-12-06,312.43890380859375,320.67088320661,311.0277073403624,320.52976930195996,722918
2016-12-07,311.07476806640625,314.22644624849755,307.73494756218435,311.4981385352202,729497
2016-12-08,331.4901428222656,333.88916596131423,311.87450104172035,314.22649577054176,2290713
2016-12-09,328.1973571777344,333.0424606799143,324.7163934207417,332.52503331292496,708629
2016-12-12,318.27191162109375,327.39766255008607,316.48440138957534,327.39766255008607,694667
2016-12-13,317.47222900390625,319.8712519088747,313.850151732764,319.02453963128994,724310
2016-12-14,317.47222900390625,323.25812973008385,316.202146232094,319.5890240533032,562051
2016-12-15,315.9670104980469,322.2233113856961,312.72124595010325,314.8850985523577,830188
2016-12-16,302.8898620605469,317.98965520967596,301.05529487306603,317.04885741319765,1590600
2016-12-19,306.0885314941406,309.42835177994755,301.57268539530014,301.99605583642693,812853
2016-12-20,300.255615234375,307.07639935494524,296.77468056488226,306.088573139073,917260
2016-12-21,303.0309753417969,305.3359127117326,299.26778416390647,301.5256931284667,570929
2016-12-22,302.7487487792969,305.1478006194698,297.7155030487706,303.03100537213237,742833
2016-12-23,306.2767028808594,309.33429563677066,298.8444062317412,301.99608450693137,728803
2016-12-26,294.9871520996094,309.5224902539378,294.1404397833383,308.1112934898621,985546
2016-12-27,302.9839172363281,304.34808551820754,292.1647426352172,295.0812215307341,989159
2016-12-28,301.1964416503906,308.39353983622823,300.3497292833874,304.1129208797337,571069
2016-12-29,308.9109802246094,310.4632909371206,301.6668252850611,302.1842813298128,804224
2016-12-30,321.9880065917969,323.1169752942887,310.5573205002512,311.4040326716867,1848478
2017-01-02,321.6117248535156,325.4219443546905,317.0488499064565,325.4219443546905,753723
2017-01-03,322.55255126953125,324.90454591389,319.8712716327879,322.69366520601835,596020
2017-01-04,330.3611145019531,334.2654193080157,321.9880205141745,322.6465904042483,1529045
2017-01-05,338.2637939453125,340.098360903412,324.5751992024264,332.10158063320733,2533739
2017-01-06,339.4397888183594,345.8372302190988,337.7463644918831,340.3805864910387,1869451
2017-01-09,343.10894775390625,344.28494493059105,337.13487635417374,339.4398135939548,743953
2017-01-10,345.7901916503906,347.81292972380464,342.3562857031566,346.1665337083352,890387
2017-01-11,348.5185241699219,349.97674914032615,342.68556686656933,347.1543560020977,729433
2017-01-12,342.40338134765625,350.3531057761547,340.66289962183833,349.8827068616564,804786
2017-01-13,349.60052490234375,351.57620634483186,342.92085369720536,342.92085369720536,1444589
2017-01-16,358.8203125,360.1844809362401,349.1301056364353,351.85841379804225,1911037
2017-01-17,350.7764587402344,363.9476276874594,348.3774071697536,358.8202682915131,6730213
2017-01-18,356.8445739746094,358.4909700319602,343.76749103268213,350.7293886187348,4042589
2017-01-19,364.7943115234375,365.97030865923193,353.59882453284786,357.5031292815119,2370381
2017-01-20,377.4481201171875,380.7409126900064,364.0887787659732,364.0887787659732,5887008
2017-01-23,385.96234130859375,388.549535552588,377.7303596231576,378.57707199719914,2060589
2017-01-24,388.361328125,390.2429237626422,383.70439614835817,389.20806913063575,1506540
2017-01-25,398.75714111328125,401.34433498439256,388.1731661860075,389.39619180436694,2008572
2017-01-27,398.4278869628906,406.6128396906328,394.24132507243837,398.89828588492475,3373128
2017-01-30,395.93475341796875,398.898260697486,392.5478756510048,398.898260697486,882683
2017-01-31,395.18212890625,397.76932301665147,390.5251967340506,394.6647015685185,1222730
2017-02-01,401.7207336425781,403.13193059916796,391.5601270394814,396.7345158803109,962380
2017-02-02,397.6282043457031,401.4854812610948,395.22918131988007,400.30948395218707,877484
2017-02-03,396.2640380859375,400.12128603145464,393.4886731389241,395.3232403019831,556532
2017-02-06,409.2470703125,411.7872360263748,396.59332757366116,397.01669809626435,1367964
2017-02-07,412.2576599121094,415.31525315124725,408.77669612474125,412.9162012293993,1138851
2017-02-08,415.5503845214844,417.3849229377575,405.3897514271768,413.9510168357259,1014101
2017-02-09,413.7157897949219,419.59577543726016,410.37596943442065,417.24378118032485,1086462
2017-02-10,413.4335632324219,416.3029847503086,409.4351729834076,416.3029847503086,423606
2017-02-13,409.3881530761719,412.53983141869395,404.6371357152191,412.53983141869395,635367
2017-02-14,402.3321838378906,409.952651957239,399.886103752426,409.24705358898217,993716
2017-02-15,394.1001892089844,406.00127553205783,392.7830780427516,402.8496258984947,872647
2017-02-16,405.7660827636719,408.77664723107983,394.19428121938427,394.19428121938427,1276286
2017-02-17,401.1091613769531,409.4822563387768,396.9225995406056,408.2121735235242,1361108
2017-02-20,388.7376403808594,400.779840053035,384.03365164784253,397.67521897359137,5044848
2017-02-21,394.4295349121094,398.8983251108751,385.3037834429117,387.60874987188805,2257085
2017-02-22,388.1260681152344,396.07581992830825,382.71648150101163,394.66462342025017,2591528
2017-02-23,384.9744567871094,393.2534656318533,381.82277853329265,388.78467624967317,2842975
2017-02-27,378.81219482421875,385.63297826916187,377.4009982494029,385.1625794108899,994287
2017-02-28,382.05792236328125,383.7043182118085,372.7910599879688,379.0473584701995,2222959
2017-03-01,386.0563659667969,388.3613032487446,381.58757661364234,383.65731445595037,2584648
2017-03-02,395.9817810058594,406.33055661581034,386.57380317863124,386.57380317863124,6821583
2017-03-03,397.0636901855469,399.0864283742172,389.1139661986802,397.3459467450884,1613500
2017-03-06,398.52197265625,401.3913945975102,395.6995791228642,397.91045979952406,874933
2017-03-07,398.2867736816406,401.72068007594686,396.9226053211558,398.23971656283703,899865
2017-03-08,398.85125732421875,400.21539697107187,392.0304729573381,397.0166900446401,777650
2017-03-09,398.52197265625,404.07267419640107,396.8285193096955,400.6387678062893,883398
2017-03-10,397.0636901855469,403.22593284966564,395.22915174744054,401.48545122053685,540929
2017-03-14,398.1455993652344,403.64924295869355,396.3110323601697,402.6143884541621,570672
2017-03-15,406.80096435546875,408.30624658274047,396.31107459211853,398.6630691000836,1106569
2017-03-16,410.28192138671875,411.9283175169136,406.8950436052869,407.3184140945421,684874
2017-03-17,416.4912109375,417.71423663248083,410.28193951565373,410.7523384307804,1292442
2017-03-20,421.05401611328125,422.4181843175852,416.6322839716673,418.60796496343323,1061042
2017-03-21,425.0995178222656,426.55774301762057,417.8553628322917,421.3833547993169,1454582
2017-03-22,423.406005859375,425.05240188282016,418.65498881892324,421.9477808658136,962476
2017-03-23,426.65185546875,428.86273631644093,423.3590627584069,425.09954464747733,731069
2017-03-24,419.97210693359375,427.68665991422546,417.10268530042083,427.68665991422546,757678
2017-03-27,422.559326171875,425.2406056443286,418.09053662140917,421.0070155438873,415115
2017-03-28,423.6883239746094,425.5699197034089,420.58367379556677,422.1360132405242,535768
2017-03-29,433.566650390625,436.9064709308017,418.32571530140615,425.14649901346274,1278962
2017-03-30,443.1158142089844,446.40860688357344,435.5894309527808,436.53022885980624,2556202
2017-03-31,438.17657470703125,444.43287432567683,435.071953455935,444.0565609484031,941913
2017-04-03,441.0460205078125,442.9746733264515,436.90651571081133,439.35259586249856,574326
2017-04-05,440.9989929199219,444.8092127344012,436.53020312499996,444.8092127344012,1138150
2017-04-06,435.5423889160156,440.6697201223737,432.57885263289955,440.6697201223737,1159076
2017-04-07,443.4450988769531,450.1717981648275,432.0144100575758,434.5545471780632,1709454
2017-04-10,444.38580322265625,447.5845096884507,438.41173203324854,446.87891140728124,886897
2017-04-11,452.66485595703125,454.78165100810304,443.02167850214846,444.9973596253229,1000678
2017-04-12,460.28533935546875,462.1199066124144,447.819768080129,449.7013637443312,1611537
2017-04-13,457.3688659667969,464.3778213866219,455.1579852919555,459.34454718071623,608718
2017-04-17,458.5918884277344,460.61459790851313,455.34612460888104,457.3218056851018,331070
2017-04-18,454.1701965332031,461.9317793843661,450.3129193134807,459.10938562030685,569391
2017-04-19,456.75732421875,460.52051535546474,451.7240503312201,452.6178197105378,551796
2017-04-20,463.67218017578125,469.88145111276447,452.3355499799487,452.6648349369988,1077743
2017-04-21,461.555419921875,467.57652027580775,457.8392570188355,467.57652027580775,511768
2017-04-24,455.4872741699219,465.3186232047848,454.2642484470297,458.63895271537115,842115
2017-04-25,456.61614990234375,460.379340541348,454.0289563380284,458.02734639197035,464335
2017-04-26,456.28692626953125,461.0379436051032,452.99413401810165,456.28692626953125,936856
2017-04-27,449.2309265136719,458.16850515635224,447.11413157198444,457.2277074044912,850960
2017-04-28,455.2520751953125,459.76792211495393,446.0322677228781,447.2552934470822,973557
2017-05-02,450.6421813964844,459.4386472556884,446.5026764953509,455.2520852343574,910530
2017-05-03,447.5374755859375,453.9348884360258,443.53908537691547,451.1124953473044,675503
2017-05-04,459.15631103515625,461.1790490810288,445.1854880056644,446.97299791309047,1086364
2017-05-05,457.9333190917969,459.9560285751953,451.2066207117185,459.1093163159669,1089859
2017-05-08,461.555419921875,472.8449938520756,457.0395731232721,457.9333425437614,1279605
2017-05-09,464.4248352050781,466.1653169034002,459.2034188209827,465.5538040663872,986710
2017-05-10,472.4216003417969,474.9147087211454,465.600816424424,466.63569972647525,1049660
2017-05-11,482.7234191894531,495.14196397430555,469.0818772293228,476.42008996799643,5731409
2017-05-12,482.582275390625,489.4971167161296,470.77524498148387,479.8539386187725,1905916
2017-05-15,483.57000732421875,487.0979986227904,478.77193341598803,484.4637766042036,745827
2017-05-16,487.4273376464844,491.5198427011053,483.71123211808083,484.5108873129097,1439464
2017-05-17,479.2894592285156,488.93263685022083,476.2318663240725,488.93263685022083,1418531
2017-05-18,467.1061096191406,476.7022587029153,465.27154241725503,476.7022587029153,873101
2017-05-19,456.94549560546875,476.9844769392799,451.7711077885732,476.9844769392799,1183057
2017-05-22,447.9608459472656,459.6737894982593,446.45556379492047,459.250419023551,1122209
2017-05-23,423.453125,444.6681053824895,421.5715292690166,444.0565925120943,2976038
2017-05-24,414.609619140625,432.57883489721684,412.3046529506765,425.2406232372066,2002402
2017-05-25,433.002197265625,435.40122022565976,407.929941069442,419.2195149253627,3121852
2017-05-26,445.27960205078125,447.3493687639007,428.53341213871033,432.4847745143488,1306497
2017-05-29,432.4847412109375,450.6421264716914,430.46200306079305,445.18551095492046,788452
2017-05-30,443.0687255859375,450.26582285443806,426.83996389520087,434.55448845789874,961552
2017-05-31,458.54486083984375,462.82550823244827,445.46777662409835,446.3144889367534,1873372
2017-06-01,456.3809814453125,462.54319505033976,448.24308687861753,462.54319505033976,996617
2017-06-02,454.1231384277344,460.05015346035947,450.8773743269474,460.05015346035947,665127
2017-06-05,457.0395812988281,460.80277267621125,450.6891958494942,455.34615666335446,726283
2017-06-06,470.0696105957031,477.83119237252185,453.51156372964914,458.1685242800884,2265216
2017-06-07,476.8434143066406,477.92532613346896,469.41111674870814,474.82070459372284,1396714
2017-06-08,474.63250732421875,481.2180921632069,472.42162667181276,477.54898635223066,756765
2017-06-09,476.3729553222656,477.8311803775627,469.6462570267232,474.538388191268,389165
2017-06-12,469.6933898925781,474.25626582199214,466.30651143410194,474.20920869662916,400580
2017-06-13,467.6705627441406,473.5505486247729,465.1303973593601,468.7054460013056,499683
2017-06-14,463.7662353515625,469.5050783238161,459.62670252382475,467.2942267087023,663727
2017-06-15,457.651123046875,465.17750580461006,454.0290456025407,461.22614337245045,896988
2017-06-16,462.1669616699219,465.6949537437381,457.6981717097547,460.0031380156638,810556
2017-06-19,452.5707702636719,466.400509409793,451.0655167521752,462.02580538140626,554388
2017-06-20,455.76953125,458.59192480825567,452.52376717365723,452.570795581946,822484
2017-06-21,455.9117126464844,458.37559379490835,452.5001871271135,456.48030505301466,721213
2017-06-22,448.09356689453125,458.61242332526695,445.06109387889006,456.7645055626409,404034
2017-06-23,439.4226379394531,449.135991228882,433.120780718271,447.76189553708895,620369
2017-06-27,445.487548828125,449.3728958724161,429.2828270559587,439.70691336416076,1452771
2017-06-28,438.1907043457031,449.088613442786,435.39517110311886,447.7619172497115,991285
2017-06-29,426.0135192871094,444.0661620706243,422.88630440231094,438.7593477608291,1425534
2017-06-30,435.91632080078125,438.2380605990553,417.7689406209706,421.7016581659732,1444601
2017-07-03,440.51239013671875,442.54981928092485,431.699282165323,435.9163102124742,1284545
2017-07-04,438.80670166015625,443.92400425055934,437.00618319158974,439.1857825333789,548438
2017-07-05,447.1932678222656,448.2356821694112,435.48985680618586,438.00113693515607,839200
2017-07-06,451.12603759765625,454.77447377608786,447.28808991944845,448.18836353276026,681440
2017-07-07,444.49249267578125,450.41526882229687,443.49747785108883,447.7618766765801,575662
2017-07-10,449.6572265625,454.7745000692389,445.48759736885387,454.7745000692389,76053
2017-07-11,453.400390625,458.5176636515898,446.8142516990531,451.5051021766477,830983
2017-07-12,453.02130126953125,460.1286328170282,445.7718288750456,455.0113598867916,690512
2017-07-13,455.7695007324219,458.8019448948874,452.45274595110214,455.816871375661,635240
2017-07-14,451.97894287109375,457.9490901609334,449.4202917927008,455.0587867262888,396799
2017-07-17,441.5074462890625,452.8318065418375,438.7119131287866,452.07367379682506,870810
2017-07-18,435.1583251953125,442.36039958465454,431.2255777529433,437.811717978774,1257213
2017-07-19,442.26556396484375,458.8493376244669,430.1357007362071,435.821565990935,6828700
2017-07-20,439.0909118652344,444.4450953968217,435.3477059970625,444.4450953968217,865459
2017-07-21,437.8116760253906,442.92894957159564,432.93131355928597,440.5598387705924,1495779
2017-07-24,436.4375305175781,441.98125494490097,435.0634637612783,441.98125494490097,880885
2017-07-25,433.357666015625,439.18570077871317,429.66185954816274,439.18570077871317,1134446
2017-07-26,437.2430114746094,438.14328499830856,427.67179963448984,433.3102939780695,1881730
2017-07-27,437.3851623535156,439.37522092749947,432.22051889319687,437.2430215096179,711586
2017-07-28,453.3056335449219,454.8692407761283,435.06348170129587,436.7692297862834,1540611
2017-07-31,448.04620361328125,458.84937153141584,446.8142776183121,454.86925399107065,1303559
2017-08-01,443.1184387207031,450.4626813538506,441.60220219957597,448.4252520847451,1170715
2017-08-02,448.04620361328125,449.51506959784575,440.9388715196708,444.4451669204419,953913
2017-08-03,460.6972961425781,464.0614509455376,446.48263085635347,451.0787117495282,2145689
2017-08-04,466.76214599609375,468.6574344239245,461.31319176608037,461.4553615340127,1640640
2017-08-07,468.9891357421875,473.7747565790327,466.762165960274,469.17867616100006,882186
2017-08-08,459.7496032714844,472.63757088818636,456.1959373249567,470.41060111106754,571107
2017-08-09,471.87945556640625,475.6226329204043,455.4378224034436,461.3131992734505,1568312
2017-08-10,439.375244140625,471.6425477211993,430.42002346428245,470.2210813675125,2008418
2017-08-11,434.63702392578125,445.2980216020804,430.0883431518164,435.2529868964504,1195720
2017-08-14,451.1734619140625,453.44780247480185,437.2904785522441,440.55983407086654,711527
2017-08-16,440.3229064941406,455.91166638225064,434.82658126832024,454.8692518960273,1532195
2017-08-17,448.09356689453125,450.1309961457561,439.99119161202407,442.50247188426096,1425374
2017-08-18,453.2108459472656,454.91659396680797,439.99119757649026,443.4974927408684,1315769
2017-08-21,449.60980224609375,458.5176519418982,446.62469988032757,454.86921598803303,671549
2017-08-22,448.2830810546875,455.7694934342035,443.8291706286909,450.4626800851084,852424
2017-08-23,450.55743408203125,454.01632953306125,446.056124255673,450.1309826358226,533946
2017-08-24,461.64483642578125,464.25085780744354,446.34038936834344,450.13096592348865,892166
2017-08-28,463.72967529296875,469.88936233048497,461.1710244940786,461.64484657388755,942081
2017-08-29,456.05377197265625,464.866851478699,452.2631951666498,463.3032443301825,596181
2017-08-30,459.79693603515625,461.5974540691835,456.57492290922994,459.0388033914899,503207
2017-08-31,462.7820739746094,465.6723773610869,458.13862294658315,460.1286527301606,813666
2017-09-01,461.36053466796875,468.42046584270895,459.3231056422331,462.9715122818934,775580
2017-09-04,467.0464782714844,469.88941104507177,457.949087612043,464.72473827179823,827528
2017-09-05,467.0938415527344,471.3582406458874,463.2558939368195,469.55772236829534,674566
2017-09-06,467.1886291503906,472.8744948195638,462.02395626630175,464.58260738535296,680026
2017-09-07,467.37811279296875,476.5228731826122,466.7147503108994,476.5228731826122,529326
2017-09-08,462.7345886230469,468.989045279955,458.8018715096235,466.572564465146,430583
2017-09-11,470.5527648925781,476.66508218635056,463.39806200621354,465.293350603376,1702029
2017-09-12,479.60272216796875,482.8247065750878,466.2409335327639,472.87444274969346,2314984
2017-09-13,475.1961975097656,489.74251290060795,472.4006355409489,480.45561127233924,1491578
2017-09-14,478.4181823730469,482.7299519351241,474.29592429996507,478.51295257744766,705891
2017-09-15,480.3608093261719,482.2560976083188,472.92179703478445,478.4181504048929,1124598
2017-09-18,484.6726379394531,489.78988191865847,483.39331248474883,485.90456383224637,900435
2017-09-19,483.3933410644531,487.8946223633915,480.78731935886333,480.78731935886333,483923
2017-09-20,488.32110595703125,492.68030452770506,484.7200691131662,487.7525425015438,1337258
2017-09-21,483.3933410644531,494.14910916057613,479.1763125547575,489.93208065088055,1705503
2017-09-22,469.5103454589844,483.1564165910212,464.4404430430376,483.1564165910212,1845638
2017-09-25,464.2983093261719,471.68992286798334,457.1909774898889,468.1362569498418,948376
2017-09-26,465.6249694824219,471.5477455547031,462.45035572371813,464.3456440668481,783722
2017-09-27,451.22076416015625,470.0315066518579,446.1508620846883,468.799580803152,706839
2017-09-28,447.3354187011719,457.7121339264322,444.966308277122,451.5524468239026,1243116
2017-09-29,457.85430908203125,463.1611226135857,447.2880815828388,447.2880815828388,1071481
2017-10-03,469.22607421875,471.4530441307667,461.787060602775,462.4504231875661,1182623
2017-10-04,479.1763000488281,481.5454106284424,465.62499910135705,468.37316158974824,1338822
2017-10-05,479.8869934082031,485.9519102048699,477.8495642627344,479.5079415308748,685620
2017-10-06,483.440673828125,485.66764344054513,478.56031207312253,482.1613483980279,477799
2017-10-09,480.40826416015625,485.1464854106961,478.1338948240512,485.0990858463062,527153
2017-10-10,505.3312072753906,506.4683917429468,478.56026192981204,478.56026192981204,2933909
2017-10-11,499.8351135253906,509.3589293812439,492.11178755333873,506.9898180817962,1973917
2017-10-12,503.72021484375,504.8573993430869,494.6702251658214,500.35608982289983,1175189
2017-10-13,512.7702026367188,517.1767708655983,505.52075992935676,507.0843380005418,3428350
2017-10-16,515.61328125,518.6931254684415,510.21175458473914,516.3240145311788,1166821
2017-10-17,519.6407470703125,521.5834642254272,511.7753106712243,514.1917921534065,835654
2017-10-18,516.6082763671875,524.9001633997001,514.1917373031642,520.9200460561713,2771126
2017-10-19,518.6930541992188,523.099623072907,515.660638887879,516.4661133600259,212687
2017-10-23,513.10205078125,535.039983032484,510.82768117922353,521.2043984990842,5807670
2017-10-24,477.0441589355469,508.79027350911883,473.3483517628024,508.79027350911883,6284881
2017-10-25,467.99407958984375,483.29852716614397,461.5974814361742,481.40323882431596,2838373
2017-10-26,458.8493957519531,471.3582835451089,455.34310016610084,469.0839429390633,3278978
2017-10-27,457.1435852050781,463.16113203957946,454.3954226352498,460.6498805347331,2233079
2017-10-30,463.96661376953125,469.5577088579451,459.8917262903232,462.4030065976588,1688785
2017-10-31,459.37054443359375,467.0938391903931,457.8069372246404,467.0938391903931,1314775
2017-11-01,466.0040588378906,468.6100805192413,460.60247505771355,460.60247505771355,1212723
2017-11-02,470.2210693359375,476.1912163007407,466.8095443904187,467.18859629107493,1448884
2017-11-03,467.7571716308594,475.2909254874099,465.5775726715049,474.674962556216,895259
2017-11-06,473.4430847167969,476.28601753664975,461.6449019464841,465.8619305305225,1109783
2017-11-07,476.19122314453125,482.91950292715165,467.61505447472655,474.7697568067864,2293744
2017-11-08,477.32843017578125,486.56796180458133,472.6375794732364,476.80720847560514,2014403
2017-11-09,489.6478576660156,490.16905050171795,479.7923330797697,480.3609254858702,2515364
2017-11-10,475.291015625,494.95463603025013,472.1164301653022,490.9745181634318,1979090
2017-11-13,483.298583984375,492.1116642420491,478.7499029971513,483.0143022676017,1722697
2017-11-14,484.95697021484375,490.35855428931274,481.5454449530638,490.35855428931274,920502
2017-11-15,478.939453125,487.0418297441433,476.001749828933,485.28865297669495,644021
2017-11-16,472.1637268066406,480.2187025775517,470.6948898516323,479.5079694212949,768840
2017-11-17,481.2137451171875,484.2462183262929,475.24359782903304,476.6650642233372,696879
2017-11-20,483.9619445800781,488.8422779104037,479.9344563966012,480.64518960545007,639359
2017-11-21,479.3184509277344,487.08914535936714,476.6176879463154,484.8621755839766,588816
2017-11-22,473.8221130371094,480.1713409197293,471.07395056545545,479.50797839355465,878501
2017-11-23,478.89202880859375,485.19385730406987,468.4205424660648,473.8221262735057,1395165
2017-11-24,492.30120849609375,492.8697719340633,481.78235109652735,483.58286946298443,1666883
2017-11-27,493.43841552734375,499.7876441233609,483.5828913329631,492.63288314090323,1904694
2017-11-28,491.7799987792969,500.2614264480809,489.4582587815292,492.77501368130726,1174457
2017-11-29,494.24383544921875,497.7027600165905,489.5529849536096,492.77499846402753,782885
2017-11-30,482.6351623535156,495.23881819803256,480.4082216984399,492.5380554597824,1562669
2017-12-01,481.6875305175781,488.98440235317366,479.08150899340905,484.19881075853095,771250
2017-12-04,485.09912109375,488.7475575057236,477.3758256781547,483.58288439944556,870058
2017-12-05,479.8396301269531,486.4257397409708,476.28596449787005,485.19381389081065,714585
2017-12-06,483.440673828125,489.647760574224,477.99171977976766,480.59774128115595,977755
2017-12-07,498.2239990234375,499.4085544181675,484.293616013489,487.08917831297555,1870547
2017-12-08,508.9796142578125,511.7278052365917,498.6503284484664,501.9670827416665,3217033
2017-12-11,510.4959411621094,514.5707996466374,507.08438734466296,511.7278670519046,1069276
2017-12-12,517.697998046875,524.2841365904932,507.4634525878158,510.30638509531065,2713590
2017-12-13,507.1318359375,517.9349455221346,505.094377694631,517.3663821164853,1093766
2017-12-14,513.7178955078125,515.0446205180366,501.30377967624906,508.88493324413184,898609
2017-12-15,526.9849853515625,529.7331770265462,515.5185121689466,518.3614451404665,1668396
2017-12-18,522.3888549804688,532.4338601671514,507.9372812145691,523.0995881164965,1049464
2017-12-19,524.9475708007812,526.2742381151097,520.4462603822308,522.7205719952013,838889
2017-12-20,529.3540649414062,531.5810636748599,520.5883554628624,525.4687465786549,1057844
2017-12-21,520.3040771484375,530.6807935181896,517.6980553945535,527.8378606957708,2498920
2017-12-22,521.2517700195312,525.6583394409571,517.1295401785497,521.2043993693311,852548
2017-12-26,521.204345703125,527.2218636494875,519.7828793057529,521.1569750578024,560118
2017-12-27,520.73046875,525.0896087738467,517.6506252132621,521.2042908325751,514011
2017-12-28,521.6781616210938,523.5734501283457,516.939940352964,521.1569688495225,552166
2017-12-29,533.0026245117188,540.0625871267259,521.8204317366148,524.9950174608616,2126486
2018-01-01,525.42138671875,537.0300292394419,523.0996466466883,537.0300292394419,466717
2018-01-02,520.49365234375,528.4538879141679,516.7504456429033,525.9426072840806,685576
2018-01-03,526.55859375,531.0124758178823,519.7829136720281,522.1520244909526,968648
2018-01-04,533.3814697265625,534.3765423240995,523.5260055837973,528.7854188810911,1178675
2018-01-05,536.4140625,545.7483938729162,534.2818627532412,535.4190475194365,1638665
2018-01-08,533.6184692382812,541.5787043008596,531.5336981005923,536.8404829159002,893255
2018-01-09,523.33642578125,532.1021332298268,520.7304046478893,532.1021332298268,757837
2018-01-10,520.9201049804688,527.2219051342432,516.4661650169853,522.8627643084801,1264788
2018-01-11,520.067138671875,525.8003746603496,517.6506574680931,520.2566790846373,550622
2018-01-12,520.3514404296875,523.6208246971208,516.9399442269142,520.7305212698247,873027
2018-01-15,529.2593383789062,530.5860635268043,519.309073288524,519.309073288524,907127
2018-01-16,527.5536499023438,534.376701161319,523.5261611958208,532.5761536625533,818384
2018-01-17,530.0648193359375,531.4389151473296,514.6182287186639,526.4164118942996,575557
2018-01-18,523.1943359375,533.8553331111553,517.5084707782171,533.2867697310717,377507
2018-01-19,518.9299926757812,522.246747707448,511.34883831768593,519.3090735295331,977335
2018-01-22,523.7155151367188,534.6134218733696,510.49586887520854,519.8775104056067,2573233
2018-01-23,553.56640625,556.977902380115,533.6184487148438,535.4189959077244,4397044
2018-01-24,546.0800170898438,554.3719045510778,542.4316097427475,554.2771632587961,1348575
2018-01-25,550.1548461914062,559.5839178483916,543.7582476385246,544.8954322825151,2121732
2018-01-29,545.3692016601562,561.4791520132799,543.7581950569223,551.52888855988,1633198
2018-01-30,523.9051513671875,546.7434147143949,523.099676812292,545.2271490633407,1050928
2018-01-31,495.00201416015625,511.72796044767455,490.97452558255884,511.72796044767455,7290911
2018-02-01,497.8923645019531,504.8101566873075,484.43580316737746,498.27138753808623,1727081
2018-02-02,482.9195251464844,496.091774698353,478.22867444817564,491.82737548891157,1090876
2018-02-05,472.9219055175781,488.79494852165016,467.70986154609176,483.20385259074516,1543999
2018-02-06,479.3184509277344,483.2511977080188,426.4399132523642,450.0836488995016,2052384
2018-02-07,477.8022155761719,492.01687852762717,462.4503680206779,484.2461845462426,2055308
2018-02-08,493.6279602050781,495.61799018469435,480.5030513826481,483.8198065750887,998079
2018-02-09,488.2736511230469,493.7226050171905,476.75978041764336,476.75978041764336,891993
2018-02-12,489.03179931640625,494.2912132894349,485.57293253828783,492.0169018133326,724602
2018-02-14,487.46826171875,493.9122315317821,484.9096104848584,489.45829165643283,715021
2018-02-15,489.2213134765625,498.2713039303374,485.3833660719325,488.1314995213513,1296081
2018-02-16,477.84967041015625,493.05935088007624,473.6800409937125,492.58552869821193,1295373
2018-02-19,477.66009521484375,482.30357539510214,472.02162901280093,482.30357539510214,1196926
2018-02-20,482.0191955566406,485.09903907252965,476.47547144407946,482.2087359563095,544607
2018-02-21,479.8396301269531,484.81476200766946,474.0116242792178,484.1040288818528,720502
2018-02-22,469.2734680175781,481.02425153082095,466.90435727217397,478.5603705716388,1700808
2018-02-23,481.1189880371094,482.6825952355671,469.2734351399953,470.97918318925696,1096165
2018-02-26,486.1888427734375,489.4582268147595,482.35089535084717,482.35089535084717,570423
2018-02-27,485.2885437011719,492.6802143066386,481.11894416536876,487.56291278587065,738023
2018-02-28,481.07159423828125,485.5255048290829,478.6077134221956,480.0765793509232,612090
2018-03-01,484.4831237792969,494.95458119476996,481.0715986885276,481.0715986885276,1428365
2018-03-05,480.59771728515625,484.43569338381945,474.7697116388201,484.24615298889637,905063
2018-03-06,474.1064147949219,485.9993387673819,470.4106079408361,485.00432385583076,717755
2018-03-07,474.95928955078125,479.5079701901966,471.12131314895623,475.4331116557123,865183
2018-03-08,476.23858642578125,480.2660743204649,464.34566315175573,477.70745230396136,1052614
2018-03-09,476.9020080566406,481.16640753255695,474.2012159379317,478.5603856306081,525582
2018-03-12,478.7498474121094,483.5828095549775,474.34327887508664,481.40323952661754,744387
2018-03-13,487.3734130859375,491.590441452829,476.9019559732746,476.9019559732746,1185899
2018-03-14,490.0268249511719,495.6179492351779,485.6203138347814,489.4582615295781,1327206
2018-03-15,493.4857482910156,500.07188746455097,491.2588074163311,493.72265935596573,1590047
2018-03-16,489.552978515625,497.5132130604371,488.17894067505307,495.52318334404043,1499134
2018-03-19,479.9818115234375,493.5331126994142,475.71741240822433,490.40589824951417,951135
2018-03-20,472.87451171875,476.61771831931713,468.7996527448087,475.71744465493487,1365921
2018-03-21,472.6849060058594,481.4032440406596,470.4105657549827,475.7173789535652,878704
2018-03-22,469.9367980957031,475.7174340544299,467.52031672171665,473.2535531140109,644334
2018-03-23,466.85699462890625,470.45806059861275,461.1711283902435,464.2509726028525,814892
2018-03-26,465.4354248046875,468.13621645279926,462.26081107514585,467.1885722899393,1211997
2018-03-27,468.4205627441406,471.54780626480965,466.24099243685123,468.2310512373117,1454063
2018-03-28,462.3082275390625,469.69984071171575,460.7446203971327,466.38308602043185,1083438
2018-04-02,481.0242004394531,482.72994842704674,458.32811034119385,463.4453832237805,1443591
2018-04-03,481.4033203125,483.0143272436744,473.8221656619094,480.31353511543955,1223705
2018-04-04,477.9443664550781,486.1414831452026,476.66504097862946,483.2037802896036,1906614
2018-04-05,485.809814453125,489.17393974110126,482.20874919915326,483.2985342276663,1957447
2018-04-06,505.23663330078125,506.98975229904994,485.80992316595785,488.03686436263683,2912803
2018-04-09,506.2789306640625,511.1593215919902,502.25144268030533,505.1891166620239,1150835
2018-04-10,506.65802001953125,510.2116859473603,498.9820669116516,508.8849608651249,580111
2018-04-11,503.0569763183594,507.98473846961565,499.5033100323025,507.4635456489181,641612
2018-04-12,519.5458374023438,522.1518584745853,500.0717642304224,502.25133392292236,2291213
2018-04-13,518.361328125,525.9424810043419,516.5134105427392,522.9100082846838,1717191
2018-04-16,517.41357421875,522.5782450897681,512.8648950243062,514.9970938191636,749450
2018-04-17,521.4413452148438,525.2319229174504,516.4188413268149,518.5510412845312,943209
2018-04-18,518.5982666015625,525.752968442214,517.0820590812847,523.7629388418983,1129693
2018-04-19,522.95751953125,524.4737852185647,515.1868820122975,519.2143705623296,616117
2018-04-20,519.5458374023438,529.9225510579168,516.1817126770067,523.0047612340685,1900497
2018-04-23,517.5084838867188,523.0048666182714,515.4710835234685,521.1095781838361,899035
2018-04-24,512.722900390625,518.3613951415315,510.2116778784426,516.7503883784706,529747
2018-04-25,510.35369873046875,516.1343622204535,508.4584106038384,510.5906097462975,561260
2018-04-26,516.4661254882812,518.74049486481,509.35879348614895,511.7279041535264,709321
2018-04-27,520.9674072265625,526.8901835706571,515.992275097523,518.3613856351609,827785
2018-04-30,518.5982666015625,527.837797162303,517.5084526816314,526.8901530022271,1252948
2018-05-02,514.6182250976562,524.6158608860017,505.9946851110344,519.7355274490344,1079101
2018-05-03,499.6927795410156,517.4137378067138,497.8448617666406,514.0969830771836,849461
2018-05-04,512.1068725585938,514.902376260629,494.0542069651062,497.51313091588645,1894666
2018-05-07,519.3091430664062,523.2892612052782,512.7703734211433,516.4188391482866,1262799
2018-05-08,519.26171875,524.1420523133836,514.8551495088568,520.3041043702436,725367
2018-05-09,524.900146484375,531.6283971809451,516.513460595133,516.513460595133,1983392
2018-05-10,509.5957336425781,528.02742725485,507.0844530559581,526.8902425016707,1310937
2018-05-11,518.8352661132812,531.2493835912856,511.72793370077056,513.8127627763643,4733550
2018-05-14,516.1817626953125,525.8951149058059,512.8176376439898,522.9573834359414,1617228
2018-05-15,515.7079467773438,520.9199894889421,509.0744378716731,514.618132892712,750908
2018-05-16,517.555908203125,519.3090268550205,509.50093242161466,513.6231615974838,798508
2018-05-17,511.6805419921875,522.8627329596958,509.8326240730699,517.2242379099234,787950
2018-05-18,495.85479736328125,509.8325484595228,492.20639055197,509.8325484595228,981254
2018-05-21,496.7550964355469,502.2514211748208,487.75247662203594,493.7226234567578,1135679
2018-05-22,520.3514404296875,523.0996319216438,491.82737131763247,495.1441262301791,2098090
2018-05-23,515.2815551757812,522.5784273871129,512.675533517421,518.9299623616399,1282047
2018-05-24,506.51580810546875,516.7977241987068,503.3885939170801,513.7178806508251,839876
2018-05-25,514.144287109375,515.8974633716173,505.33120868061576,507.9846005525555,1097538
2018-05-28,533.5711059570312,535.2294834646569,516.6083078685156,518.8352488143374,2252558
2018-05-29,519.9722900390625,539.6359036316927,518.5508239962218,537.5037045674316,2028620
2018-05-30,528.9277954101562,530.4440034588227,508.7429214945528,519.2618100409262,1384730
2018-05-31,515.66064453125,533.523715603441,514.4760892124146,533.523715603441,1521311
2018-06-01,510.82757568359375,520.3040173356022,505.28388045301267,516.2291589931605,890100
2018-06-04,508.50579833984375,518.1244090418027,507.22650194718767,512.0120930599453,685761
2018-06-05,500.87738037109375,508.88498622883793,495.7127073973096,508.88498622883793,1007325
2018-06-06,505.2839050292969,506.80011263152056,494.7650195801782,500.07186186718593,981439
2018-06-07,518.645751953125,522.1520476888329,507.60572975022876,510.2591224173837,1008867
2018-06-08,523.9525756835938,525.942605650206,518.3614509741669,519.8776587735267,1075751
2018-06-11,529.4487915039062,540.0149889395476,526.1320370206846,527.3165921932638,1912057
2018-06-12,528.5486450195312,533.6659477306475,523.6682533998626,531.344207466537,1111892
2018-06-13,530.1596069335938,536.6509471514959,526.6533115103607,530.6807997225408,1557465
2018-06-14,519.4984741210938,530.6806622214102,514.7602539226883,528.785374142048,1050698
2018-06-15,526.3689575195312,530.1121635001074,508.79017001030417,520.683092588917,1084885
2018-06-18,518.6930541992188,533.4289684759533,517.082105254925,528.7854885410908,573195
2018-06-19,511.11175537109375,518.6929071798552,509.2164674189034,518.3612549240611,533199
2018-06-20,506.89495849609375,515.8027801998503,505.1417818397778,511.1119293534948,908594
2018-06-21,504.9521484375,514.3812190410877,503.4833116129307,511.348746275766,838315
2018-06-22,514.2392578125,516.1819172684159,502.29890364511954,506.6106741057191,1151398
2018-06-25,507.2739562988281,518.7878570912798,504.6205639623481,513.2915320000824,726800
2018-06-26,504.9521484375,511.15926372261424,503.2464005818838,504.1466740677834,810260
2018-06-27,509.31146240234375,514.5708769245323,505.09443351892395,505.09443351892395,1431508
2018-06-28,495.523193359375,506.98966546106,492.86974323106523,506.98966546106,1364040
2018-06-29,514.9024047851562,517.1294031506746,495.71261152961154,496.9445951460971,1415809
2018-07-02,504.857421875,517.2241664881552,502.725222533435,517.2241664881552,495672
2018-07-03,515.0446166992188,519.3090155495343,504.762700384858,505.0943527151492,552370
2018-07-04,522.586669921875,525.9280167672362,511.32151108559975,515.5698065855377,602897
2018-07-05,521.0112915039062,528.5532098234355,517.0016647804661,520.3430106719248,942429
2018-07-06,526.0232543945312,527.9325947008635,515.1399913410607,522.0136280975452,711614
2018-07-09,528.3145751953125,533.4697599310156,526.2142888503438,527.9326837622448,399294
2018-07-10,547.9330444335938,550.0810526638486,527.6463000367422,531.5604250600479,2061453
2018-07-11,541.1071166992188,554.6634466708541,539.4364436670776,548.3626459713023,1481873
2018-07-12,536.0473022460938,547.5510661793427,530.7966162935496,543.8278874649682,764724
2018-07-13,534.8062744140625,541.4889660229926,530.4147563956976,535.9041102173187,531924
2018-07-16,534.6632080078125,543.9712454896439,527.9327925592579,534.8064318918416,1700586
2018-07-17,529.842041015625,541.7754203177788,519.8180024018159,537.4794037690034,1471637
2018-07-18,535.80859375,539.8659416759466,531.6080220016446,533.6605860244989,728009
2018-07-19,536.2861328125,548.840072713537,533.8517347845333,539.2933680795807,1721971
2018-07-20,534.9971923828125,546.9305696373502,529.4600587219521,538.3862598694125,2197605
2018-07-23,582.3966674804688,587.1222976272577,548.8877596549789,548.8877596549789,10645909
2018-07-24,571.4656372070312,597.0985705723996,568.6016262121377,585.4038590099179,4934161
2018-07-25,575.4752807617188,588.0769411544333,572.0862126408996,573.7568857691792,2929858
2018-07-26,586.883544921875,602.4923804342965,574.7592209127434,574.8069427722642,3788399
2018-07-27,596.7166137695312,600.4875728201035,583.3035087330418,586.7402982430756,1574084
2018-07-30,597.4327392578125,600.2013067928139,589.5567082654509,595.7143441495343,744721
2018-07-31,605.6427612304688,607.1702101498844,589.9861475984726,595.9528359843795,1312444
2018-08-01,603.5426635742188,609.4616319534837,598.8170332444645,607.8864024207458,905532
2018-08-02,608.1726684570312,613.8529680734533,596.4302360869207,603.3515953692419,1584825
2018-08-03,614.2825317382812,617.6715991836684,605.6905002194976,607.2179491821264,925361
2018-08-06,627.88671875,629.8915032347757,616.3829523582136,616.3829523582136,1711382
2018-08-07,646.8367309570312,652.0874166397986,621.4902508148156,629.5095031649635,1772615
2018-08-08,650.5599975585938,653.7581193136297,640.058625711864,648.9847684742072,1602539
2018-08-09,656.1448364257812,659.9635173399641,643.0658426410156,647.7914719260062,1253831
2018-08-10,642.9703979492188,654.7128300888114,637.1469328713112,654.0445492761548,1299857
2018-08-13,645.7390747070312,651.228429446162,632.9464681815008,639.4859370416043,1096019
2018-08-14,654.808349609375,657.3381908178649,643.0181370279101,646.3594829122329,1262385
2018-08-16,650.5599975585938,666.7893904126305,647.3618175351148,647.3618175351148,1909395
2018-08-17,648.1734008789062,655.1902041578807,644.4024416039782,653.9491444425556,890011
2018-08-20,658.8656616210938,666.5984669311774,649.1757357868967,649.1757357868967,1253351
2018-08-21,667.9827880859375,671.0377445510937,653.3763448598023,663.4481043814167,1876676
2018-08-23,675.1905517578125,676.6702790298556,660.6795519291933,667.982802837771,1031233
2018-08-24,667.9827880859375,674.3790904386353,661.9683771420522,674.3790904386353,737630
2018-08-27,687.3148803710938,689.2242209328479,669.6057583145152,669.6057583145152,1175806
2018-08-28,683.9735717773438,689.1765367462327,680.9186150578486,686.4079694729661,900636
2018-08-29,681.6345825195312,693.8066286359515,678.6751279476248,687.171658510958,1010022
2018-08-30,686.7420043945312,689.2719038031263,674.0449020307946,677.8158610806366,1053476
2018-08-31,692.3746948242188,693.9499242625352,676.9090229759017,686.4080049343169,1280453
2018-09-03,683.9259643554688,695.7161216342699,675.1429841679371,689.2720958078119,1160743
2018-09-04,638.4835205078125,681.4914082618305,634.8080629557119,681.4914082618305,2045160
2018-09-05,630.4642944335938,639.6291060789868,616.7170186970529,639.6291060789868,2117180
2018-09-06,648.2210693359375,651.7533607488946,626.2636546161635,635.5239672603659,1055587
2018-09-07,643.0181274414062,652.9944430866981,636.8604927498379,652.9944430866981,975050
2018-09-10,612.2778930664062,639.629225805629,610.4163322329358,639.629225805629,1767996
2018-09-11,603.9244384765625,623.877072045222,602.3969892280567,614.8077037446411,1848618
2018-09-12,617.3853759765625,620.4880548602015,598.7215808071336,607.0749470323154,1567798
2018-09-14,629.700439453125,635.6671281921383,619.1513454162385,620.5356288573786,1144059
2018-09-17,636.669677734375,641.9203646429796,617.767158248635,625.309077297467,795979
2018-09-18,617.3374633789062,637.7196473637703,615.8576780614385,633.3281880695397,881794
2018-09-19,616.9556884765625,623.6383806534847,611.8004454898419,620.7743697205179,658508
2018-09-21,606.2633056640625,629.8913933793831,598.3395545687754,617.4806806400228,2000200
2018-09-24,597.4804077148438,610.7980705832983,592.3729447140539,605.2609942767288,750068
2018-09-25,599.6283569335938,607.0748314513602,577.9573890101093,596.6211806261396,896553
2018-09-26,617.1943359375,619.6287334974846,592.1342410908497,604.3062871592227,1027745
2018-09-27,584.8311157226562,612.8984512851557,580.5350985407509,610.98911031542,2405928
2018-09-28,567.5513305664062,591.7044705751754,555.4747314278046,589.031406155547,1552503
2018-10-01,568.1720581054688,574.3774151183018,529.0305754091373,564.5920444442189,3089537
2018-10-03,585.1174926757812,594.7596400987318,559.9618934826029,568.5062049418857,2649695
2018-10-04,578.2438354492188,585.7856961592458,568.2197968990239,575.8571596039343,1304505
2018-10-05,567.5991821289062,577.5754978361289,559.7708744714873,577.5754978361289,1520121
2018-10-08,544.066650390625,572.3725910270581,536.5724532561832,564.2101712689893,1355705
2018-10-09,538.290771484375,555.6180590029268,528.1712906243458,546.071356958203,1088023
2018-10-10,583.4945068359375,586.1675720580821,535.9996587742281,537.4793861053749,1900322
2018-10-11,553.6609497070312,571.7996820512221,544.8302510657804,565.1647130400538,1892917
2018-10-12,568.7448120117188,574.090942203736,558.4821066334124,558.4821066334124,1207151
2018-10-15,572.5634765625,576.1434899632659,552.6586253616202,575.5707111265223,1015888
2018-10-16,580.391845703125,595.3801817166744,573.8045970401369,577.4801128155692,2137524
2018-10-17,560.2960815429688,591.513757034701,552.8018839355334,586.979072630852,3314282
2018-10-19,570.0813598632812,585.2128599326268,524.9254106794967,525.068634523564,3678245
2018-10-22,562.6349487304688,582.5398605338067,558.4821560060108,577.5755630489514,1538383
2018-10-23,571.704345703125,575.5708074376912,552.945107305167,553.7088319714361,1093430
2018-10-24,574.0431518554688,580.869066762863,565.5943443012856,571.7997003013014,1383641
2018-10-25,572.1339111328125,580.391832708345,564.3056028549784,566.167221632703,1220249
2018-10-26,575.52294921875,582.3488649596734,561.9666779934645,572.0384376927657,1109395
2018-10-29,591.4182739257812,593.8049497689038,572.8976460757685,581.7761268269472,1344827
2018-10-30,605.73828125,610.034297429078,594.0912923996988,595.5232977927247,1726408
2018-10-31,616.5260620117188,620.0583537406055,605.0222966637548,608.6977539751604,1518363
2018-11-01,615.7623901367188,632.4691216520561,612.0391523773471,617.6717308813287,1624969
2018-11-02,616.8602294921875,624.7362593629987,610.0343136301044,619.5810165038149,925851
2018-11-05,617.5762329101562,627.1229357947254,609.3183116076239,616.5737824925163,1101243
2018-11-06,618.1014404296875,627.2185322508741,610.9891333950677,620.4403948596583,787114
2018-11-07,618.864990234375,624.5930117405937,616.716982169543,620.5356631736888,79728
2018-11-09,617.2421875,625.3091647137398,613.1848379579643,620.106198941437,920574
2018-11-12,621.5858154296875,628.7936228837435,614.9509033910581,620.0583662413235,1294477
2018-11-13,635.9536743164062,639.3427423911281,618.6263842285492,619.5810545745809,2733001
2018-11-14,642.1111450195312,646.3117171533115,636.2876801812143,638.8653013420138,1393979
2018-11-15,654.9517211914062,657.2906756998048,641.53861157628,642.3023363649395,2514715
2018-11-16,643.6387329101562,656.2881144833514,634.1874735594072,655.9539449146868,937990
2018-11-19,653.4718017578125,655.3811423034891,639.056303945334,644.116044737687,872279
2018-11-20,646.9800415039062,654.4264578166202,644.450142028454,652.8990087206346,709538
2018-11-21,639.4381713867188,651.5624961556872,635.5717682280568,647.2664796975179,633805
2018-11-22,631.37109375,641.7770219124849,629.7482010754258,637.7196736891631,677595
2018-11-26,630.5597534179688,636.0491078194121,622.4450556071395,631.9917589139975,557928
2018-11-27,629.3663330078125,637.5287516115626,622.8268654071837,629.4140548644009,1039081
2018-11-28,638.2925415039062,643.3045605964268,626.3114408507139,626.3114408507139,884882
2018-11-29,658.29296875,661.6343151808794,639.6291739112078,639.6291739112078,1358512
2018-11-30,653.662841796875,674.9519802997381,645.1662518350822,662.3980410928621,3589150
2018-12-03,660.7273559570312,665.4052641920192,651.0374864252085,656.2881735888471,802841
2018-12-04,667.6008911132812,671.5627959400124,656.9563528356086,656.9563528356086,1331606
2018-12-05,663.0184936523438,666.3598395526795,654.1877937728849,661.5864882664856,575468
2018-12-06,643.6865234375,659.6772527924546,641.6339587502273,659.6772527924546,829854
2018-12-07,646.025390625,651.8965778904317,643.1136579224575,645.548055484634,722318
2018-12-10,635.8580932617188,643.4477332227085,631.4189116656863,631.9916904947078,732912
2018-12-11,660.0591430664062,664.8802169706885,630.082468962909,630.082468962909,818930
2018-12-12,672.8516845703125,677.1954232256722,656.3836202118221,659.6772447372116,1419805
2018-12-13,673.185791015625,678.7705890102274,663.4958640817272,673.2812347390476,728547
2018-12-14,679.2001953125,683.4484897932078,668.2692087443487,668.4601544576801,1022180
2018-12-17,674.331298828125,685.3100065573786,669.2238363658075,685.3100065573786,753943
2018-12-18,670.1307983398438,671.9446368664928,661.8251554529187,671.9446368664928,1072555
2018-12-19,673.0902709960938,680.154854393692,665.4051868759652,670.4172058588903,1776201
2018-12-20,672.7562255859375,675.9066261728827,664.5460253916907,666.3599224133787,822019
2018-12-21,660.154541015625,684.0212995483663,658.1497566062561,672.9948687599305,1614901
2018-12-24,637.6244506835938,659.5818721982708,635.9059971676746,655.8109120670575,964046
2018-12-26,646.5028076171875,648.459870286776,625.3091130479768,635.2377085319994,1032249
2018-12-27,653.8059692382812,661.1569426246167,647.266500614674,651.4670734835669,1482409
2018-12-28,658.81787109375,665.0232272937316,653.0421281305328,654.9514684997579,706888
2018-12-31,660.154541015625,666.2644545073881,657.6724214356012,661.5865465275895,485613
2019-01-01,663.3048706054688,665.882491905243,655.3811192730457,662.9230374708208,413338
2019-01-02,660.4409790039062,671.1332992661047,658.7225839169448,660.6319247398925,1228486
2019-01-03,650.5123291015625,665.8347749001721,647.0754812539969,661.5864806506738,914499
2019-01-04,647.7913818359375,657.6722522882947,642.4452526069606,652.2306210886769,1257221
2019-01-07,662.111572265625,664.2118585709228,652.1352560167984,653.0422044518646,657814
2019-01-08,639.3427124023438,665.309756250096,636.8128127966448,662.541189069084,1686230
2019-01-09,650.846435546875,653.3285548613104,641.5384007150715,641.5384007150715,877124
2019-01-10,656.8609008789062,659.2475766747517,645.3571351966214,651.9921055627623,985376
2019-01-11,656.8609008789062,659.4862442543363,650.2737106434439,656.8131790166797,526760
2019-01-14,657.3381958007812,659.2475363205822,652.4694007826682,654.9037982917248,515604
2019-01-15,650.2258911132812,662.0638256507534,647.60054789693,659.9158175646479,1044052
2019-01-16,652.4694213867188,657.7678298427928,649.3190210832518,651.5147510966711,676883
2019-01-17,645.5003662109375,654.6651780612494,643.6387474158405,653.6627858695673,969498
2019-01-18,646.7890014648438,654.9036974241812,641.013258935709,646.836723316799,1299538
2019-01-21,646.9800415039062,654.4741796755358,642.4930796653325,648.4597687409764,813364
2019-01-22,679.58203125,688.3172878216918,640.2018812879406,648.8894159982171,5956684
2019-01-23,664.6414184570312,688.3649501037796,659.6771216620359,688.3172282464948,2677472
2019-01-24,670.7512817382812,675.4291891827561,664.0685901138582,664.6414272141626,1172488
2019-01-25,676.0498657226562,691.7541471566534,668.507946270275,668.507946270275,1994088
2019-01-28,667.0282592773438,680.7277570138974,655.2380441843767,678.7706942327412,1425427
2019-01-29,669.1762084960938,672.2788872031881,657.3382725831823,666.3599192467324,962384
2019-01-30,671.4673461914062,676.0498103416684,664.4505426475522,672.9471318020067,861622
2019-01-31,681.1095581054688,683.782623373868,660.7273116134622,673.4244736081511,1699328
2019-02-01,703.7352294921875,706.3605727968178,678.7705780335048,682.589259203876,1938051
2019-02-04,702.207763671875,712.184080474301,693.1861172186103,706.4560583793334,2228722
2019-02-05,697.6730346679688,706.265067258137,692.1359586524393,701.682661530404,892725
2019-02-06,704.0692749023438,710.9429120194861,693.1382894213573,702.0644907828812,1638747
2019-02-07,714.2366943359375,720.0601605604319,701.7781988046135,703.4966521664912,1593897
2019-02-08,709.6065063476562,719.1054886109448,707.0288845787977,715.0481393555893,1323737
2019-02-11,690.5607299804688,709.5586920317877,685.548710965108,707.4106838823474,968286
2019-02-12,676.3838500976562,700.2028837131472,673.5198394409266,693.0905789285794,1247494
2019-02-14,662.6843872070312,672.8515905597721,658.0064796050349,671.5628090104715,904847
2019-02-15,657.4337158203125,666.3121378272197,644.6411106793838,664.2595734047553,1123000
2019-02-18,655.4766845703125,658.7225872933441,635.2854402252218,658.7225872933441,1636609
2019-02-19,646.26416015625,664.068728739857,641.9204213472981,654.903915906278,1187555
2019-02-20,663.6390380859375,667.3144951883946,643.4477392803691,649.1757606982952,1043449
2019-02-21,667.075927734375,671.0855549823193,659.7726760231745,666.837260139479,983594
2019-02-22,664.5458984375,673.8062109688291,661.1568309040113,664.5458984375,1011651
2019-02-25,670.9422607421875,673.0425470106625,658.7224928189462,667.314525333976,699539
2019-02-26,662.8275756835938,671.9924454976642,658.1019460588254,663.4958565453152,985971
2019-02-27,661.7774658203125,680.1548691565898,658.7702310579049,667.0281524878203,1294927
2019-02-28,682.92333984375,685.9305744378084,664.0208805525981,664.4504938186705,2100249
2019-03-01,675.47705078125,694.0454022898772,673.1380965751371,684.9760332090605,1371695
2019-03-05,688.174072265625,691.0858633369276,673.1380148261094,675.4769687481688,1216645
2019-03-06,681.3482666015625,697.8163307711727,679.4389258282744,690.035743812641,1222862
2019-03-07,685.8829345703125,695.0000248915031,678.9138525678112,681.6346397974359,1070777
2019-03-08,694.8567504882812,696.4319797814592,685.1191600999289,687.0762225498055,1194157
2019-03-11,708.9380493164062,712.1839512218456,695.4772231435852,696.3841714643794,2084294
2019-03-12,730.75244140625,735.0007361775828,712.7568700929194,714.7617128173737,2541763
2019-03-13,731.8502807617188,741.5402083037751,724.2129178181331,734.1415129521765,2013665
2019-03-14,713.3297119140625,737.0055254296129,711.3248691765617,734.9529608273168,1976430
2019-03-15,711.3248901367188,719.821479985039,708.3654352107413,713.425176665698,1682674
2019-03-18,715.0957641601562,721.7307342837831,707.4106800321208,712.040807599445,882292
2019-03-19,730.4183349609375,733.4732920419706,708.5086948389938,720.2988515402543,979551
2019-03-20,722.9718627929688,733.1868474515182,719.8214622115166,731.372950432993,809288
2019-03-22,723.687744140625,733.0912807105229,719.4394500342155,719.4394500342155,806218
2019-03-25,705.45361328125,718.532607737968,703.1146594474566,716.1936539041745,946512
2019-03-26,723.44921875,726.7428432895356,707.4107676552327,707.4107676552327,963589
2019-03-27,715.3344116210938,731.9456973934153,711.5157305946702,731.9456973934153,687539
2019-03-28,726.074462890625,730.3227572498861,713.7114712285875,718.8667139989075,1180707
2019-04-01,740.4900512695312,747.5068547597033,732.7571867764633,739.8694922589656,1053695
2019-04-02,729.7976684570312,744.213165612378,726.6949902117426,741.4923787661959,831461
2019-04-03,735.6212158203125,744.6428621500518,729.3681367726149,731.2297555816806,1148881
2019-04-04,732.184326171875,734.618723543574,722.1125671518997,732.8526069697882,727448
2019-04-05,725.3585815429688,737.3874639300482,720.8716188652913,730.3228794359638,1167646
2019-04-08,729.4635009765625,731.3251195826844,721.492027846602,724.2128147004707,783699
2019-04-09,726.0267944335938,730.0841433834199,717.9120965339415,729.4635843543003,917598
2019-04-10,723.1627197265625,730.2750247953846,718.7712598514438,721.7307143409653,898792
2019-04-11,718.67578125,725.4539752567878,716.909664524341,722.3990186810842,558868
2019-04-12,708.9380493164062,716.8618583911359,705.0239249025911,711.229281045945,1726304
2019-04-15,717.7688598632812,720.2510376669991,708.4131023408429,712.9477863802931,785742
2019-04-16,723.7832641601562,725.7880483523367,717.2914599277782,721.7306998413239,1088041
2019-04-18,723.353759765625,732.8049615820466,717.1006804200642,717.1006804200642,1341325
2019-04-22,726.9336547851562,729.3680522062391,719.8213499522308,723.1626957411337,784837
2019-04-23,726.9815063476562,731.2775231284369,720.7761487754176,727.9838986094804,648985
2019-04-24,738.9625244140625,740.824143128449,724.5947482403258,730.3227699655458,1637003
2019-04-25,737.86474609375,745.1202175375344,735.5735139175788,742.8289853613632,1084251
2019-04-26,732.041259765625,742.7335800263801,725.7404583581313,742.7335800263801,334371
2019-04-30,739.5353393554688,742.9721289800884,725.5493967553707,725.5493967553707,827106
2019-05-02,736.05078125,743.5449195934796,730.3227596060311,743.4971977334696,1287836
2019-05-03,735.3823852539062,739.2487876044707,730.8477021624989,731.5159829033418,814205
2019-05-06,716.9573364257812,733.0435063524566,711.2293150961478,716.0026662041757,928783
2019-05-07,705.5968017578125,720.4896935325987,701.7781205235265,718.3894072000511,1054648
2019-05-08,700.8712768554688,706.3606314940324,691.9450739169051,706.2174076308617,1053351
2019-05-09,708.0790405273438,711.897722090637,691.8019220174975,694.5704311898113,769103
2019-05-10,705.5013427734375,708.8904106418661,692.3746263145271,701.6826616217545,1193585
2019-05-13,699.0574340820312,705.5014595925177,695.4774199095388,698.7233227333159,504109
2019-05-14,690.7039794921875,702.5896366810234,684.5940661105149,702.5896366810234,1345068
2019-05-15,688.4605712890625,695.8592667710815,685.1192249423442,690.7994671170004,1162137
2019-05-16,692.3270263671875,694.6659806381549,681.1573703779358,689.5107368682047,1334637
2019-05-17,701.2530517578125,705.5013462134647,690.2266215322529,691.9450164051991,2154835
2019-05-20,721.3010864257812,724.4992666830791,704.3079678487585,713.1386675473028,1914254
2019-05-21,723.5445556640625,731.9933634839533,719.8213186395836,723.6399993750722,1326127
2019-05-22,721.3010864257812,730.8000669443912,714.1887815013724,723.878707721208,1314488
2019-05-23,717.4346923828125,734.0936998875733,704.689867861435,727.9837869843858,2408480
2019-05-24,709.8450927734375,720.6806356831975,705.596798267618,718.7235149455455,1289373
2019-05-27,700.6325073242188,709.9882639541717,697.9593840569921,707.4106426713155,1366286
2019-05-28,690.9425659179688,702.1122190517825,687.362552623057,699.773265378751,2310127
2019-05-29,697.8163452148438,704.4035360579583,681.4914463042574,690.2267038302389,5535514
2019-05-30,687.7445678710938,699.773391400889,677.0522479176891,698.8187210169859,3946788
2019-05-31,714.0457763671875,717.912180044854,689.5107340922817,689.5107340922817,2684803
2019-06-03,735.0484619140625,737.0055245158865,709.7496971476494,715.811830680521,1983755
2019-06-04,744.5474853515625,750.752843093949,727.4588614920689,727.4588614920689,1967107
2019-06-06,745.836181640625,752.0415386718751,733.66413515625,741.8742765363693,1696697
2019-06-07,752.9006958007812,757.6740469229103,737.9600834811391,743.0198240169066,1545527
2019-06-10,756.1465454101562,761.2540661111291,751.993753209388,753.7598698307614,1193650
2019-06-11,756.8148193359375,760.6812220856674,750.466239045167,754.4281437782713,900879
2019-06-12,746.4567260742188,753.2348618532237,740.3945347471561,753.2348618532237,1322564
2019-06-13,747.9841918945312,751.086870418663,741.9697805629816,745.5975161067375,762234
2019-06-14,742.4948120117188,748.652446985853,739.7740250147162,747.7932204244576,833824
2019-06-17,736.0985717773438,741.7788720911925,733.4732282789515,741.7788720911925,709196
2019-06-18,739.344482421875,741.9221040840548,728.4612168564292,731.2775061119877,769415
2019-06-19,748.4614868164062,752.280167871592,740.0126782891872,740.0126782891872,871474
2019-06-20,750.1322631835938,752.2802715732381,740.824226828468,744.8338541428288,776309
2019-06-21,750.5140991210938,754.9532811701779,740.3945587175173,750.132207683807,1056822
2019-06-24,749.7980346679688,755.4782760180636,745.5974622773371,745.8838516975057,770379
2019-06-25,748.4137573242188,750.6094872548676,731.993417300693,747.0771956611552,847570
2019-06-26,752.4234619140625,759.8221571487283,743.3063134294853,747.3159405651885,894834
2019-06-27,758.39013671875,760.8722562800365,748.5092637997129,756.0989046095218,1279424
2019-06-28,750.5140991210938,770.2757282289597,747.1727529844176,758.9629081878797,2058566
2019-07-01,751.3733520507812,761.3496697215136,747.8888399341344,755.0488681760295,1283928
2019-07-02,755.144287109375,759.9176391138591,745.931694433338,751.3256055057878,649068
2019-07-03,754.6192016601562,758.8674964380534,749.5594603793994,758.0082698021804,644218
2019-07-04,748.2705078125,758.0081557235957,746.2657236551183,758.0081557235957,924125
2019-07-05,730.8478393554688,752.7098126179269,728.1747741587565,752.7098126179269,1832108
2019-07-08,712.7090454101562,727.4109901947074,708.5085313777462,726.9813769394125,2175311
2019-07-09,705.3580932617188,717.9120303985405,691.1812633092331,716.0026898921615,1790858
2019-07-10,693.6156616210938,708.3653287039973,687.3625831090002,708.1743829994441,1930823
2019-07-11,686.5033569335938,699.391405373662,672.3742488159492,697.7685125552268,3290480
2019-07-12,678.2455444335938,689.0333074585054,677.3385959706402,686.4556859258569,1494283
2019-07-15,686.5511474609375,688.2218204321796,674.283599539605,680.6799019974786,894955
2019-07-16,702.8281860351562,704.3079131349197,683.0187801421714,686.4078475689695,1572980
2019-07-17,696.76611328125,702.5896372238802,694.9999964876665,702.5896372238802,864861
2019-07-18,689.2733764648438,705.3633064379417,684.8546728794291,697.5345100170513,1120030
2019-07-19,688.7931518554688,694.2205253865678,677.3140545639018,689.8978571819565,1223141
2019-07-22,694.2205200195312,697.4384828727767,678.7069207976085,682.0689960418695,687666
2019-07-23,685.7193603515625,696.3819789297137,680.2920445195304,693.5482175613332,1130636
2019-07-24,668.380615234375,688.4090149885475,659.9754262635455,683.7501036381775,1865065
2019-07-25,664.2019653320312,671.1662637825972,660.9839439734626,668.380520950396,990859
2019-07-26,670.7340087890625,676.2574180988184,651.762298551205,661.8485242472811,1731276
2019-07-29,639.1304931640625,653.2032032748273,621.5516539783898,648.2561261509902,5803699
2019-07-30,611.2734375,637.641731622678,601.3793396199479,633.9434713869639,3626875
2019-07-31,619.87060546875,623.7609951059089,598.1132108009663,608.4876027100368,1430832
2019-08-01,622.2239990234375,628.2277041471681,613.1944030653735,615.3557369099166,1742201
2019-08-02,620.6389770507812,626.7867943476965,608.6315671973771,614.7793844942923,1138191
2019-08-05,609.640380859375,616.4125498939976,598.6895970285358,614.7795300413363,1746630
2019-08-06,621.3594970703125,624.4334060919193,607.0947158848046,608.0553087896856,1476032
2019-08-07,619.150146484375,626.0664271408019,612.1378299892228,623.1846484197855,899989
2019-08-08,630.4370727539062,635.8644457827677,615.0675872264367,622.4641638625183,1157834
2019-08-09,631.0615234375,642.5886383481296,627.5073179474015,633.9913200846307,1126655
2019-08-13,622.3681640625,639.3706115076874,619.0060889087157,629.956812803079,543712
2019-08-14,628.756103515625,633.5110503427452,616.9888398815103,624.3854173203706,735271
2019-08-16,625.68212890625,635.4321697780995,622.4641663132403,627.1710947265334,932235
2019-08-19,637.5455322265625,645.4704238103047,623.4248045877249,628.0356388740962,1048662
2019-08-20,650.5136108398438,659.7352804644943,639.7549571911211,639.7549571911211,3208690
2019-08-21,625.0098266601562,659.9273569569193,616.220377711592,653.491372462938,2521998
2019-08-22,631.3016967773438,638.7943100413139,617.9974492774663,621.9839334612793,1541113
2019-08-23,621.6957397460938,633.4149849112737,604.2129371518027,632.0701313925059,1669934
2019-08-26,627.027099609375,645.9988119299957,610.4088519355292,638.7943642133043,1858199
2019-08-27,634.4237060546875,643.5973581652321,626.3066828712408,639.7549858776785,1768474
2019-08-28,639.9470825195312,645.3743979119387,633.9913940614498,637.3534696360181,999474
2019-08-29,638.3619995117188,650.0332266903331,628.708052599622,635.912499344461,1777130
2019-08-30,652.2907104492188,657.52595439059,636.392906915655,638.7463716558988,1109302
2019-09-03,626.8828735351562,647.0553234841751,623.4247627101555,647.0553234841751,890541
2019-09-04,610.9371337890625,632.5984937092114,602.9642238005082,628.2278073868662,1741506
2019-09-05,626.2105712890625,628.852201917306,611.7055824796513,611.8977127967845,982353
2019-09-06,633.84716796875,639.1304286383173,627.26713040499,627.26713040499,751108
2019-09-09,634.7598876953125,636.8251862437745,629.6687561602051,634.9520180349284,898804
2019-09-11,638.8904418945312,641.0037584224491,627.6995675532003,634.7599033258437,1408705
2019-09-12,642.9248046875,646.479010079601,639.418675843485,642.5406027123686,747885
2019-09-13,646.5751342773438,654.6441390469955,636.4408897055399,643.9335034888196,1295505
2019-09-16,645.3262939453125,650.6095548580726,639.514718667264,643.0689240981991,530491
2019-09-17,623.3767700195312,648.4962390088793,617.2769699672889,646.2868870796158,1119997
2019-09-18,624.3853759765625,631.5898226224459,618.9580027180223,623.4247830904447,910391
2019-09-19,619.6304321289062,626.2585465235968,609.6883191668076,624.3853786616245,1249922
2019-09-20,698.9754638671875,708.3412448663606,613.4346171707884,622.4642140988899,3990259
2019-09-23,702.7698364257812,732.356148617101,692.5875737723682,709.1578035193493,1177558
2019-09-24,727.1688232421875,735.5740110934017,687.0160518618032,702.1934079128654,2202687
2019-09-25,701.6171875,721.4533988138057,697.4865904791113,721.4053808872726,1311185
2019-09-26,691.3867797851562,709.4939335460317,681.1084234343662,705.0272114805077,2030386
2019-09-27,685.6712646484375,703.5383294433329,682.117058858866,694.4126960368367,1081624
2019-09-30,689.9940185546875,692.8277799525807,681.1085322953303,687.6886302707705,979643
2019-10-01,681.5886840820312,702.9618762203279,674.6724034393814,694.3165400745,1603395
2019-10-03,674.3363647460938,682.9817027556591,669.5814171148427,681.0124986016926,965453
2019-10-04,652.4346923828125,680.9643124944118,648.7363746363455,674.3361982053759,854195
2019-10-07,636.6329956054688,655.7007427498985,633.9913649183092,655.3165407370044,1111458
2019-10-09,644.9901733398438,649.3608597080439,629.8128158596385,636.6330026205711,785908
2019-10-10,636.536865234375,643.4050688231002,626.3545460106991,643.4050688231002,1133005
2019-10-11,634.6637573242188,640.8595934169518,628.5159391517516,636.5369252541063,884947
2019-10-14,628.1318359375,638.218063236931,624.9138139544743,635.8645984744074,1102177
2019-10-15,640.6194458007812,648.7844856717737,629.3804968406039,629.3804968406039,1402183
2019-10-16,645.1823120117188,647.4396821101252,638.9864754346761,643.5973101094716,742871
2019-10-17,658.7745971679688,660.0714327571399,642.3964999968406,647.4396127070961,1607024
2019-10-18,662.4249267578125,667.3239863645355,652.9150909858422,658.9668153189043,1104118
2019-10-22,651.4741821289062,665.6429288311225,644.0776043278622,662.8091677646905,976609
2019-10-23,646.6231689453125,655.1243931166237,631.637883719519,647.4396495023524,4148758
2019-10-24,643.5012817382812,651.9064705873709,629.1884224175678,633.9913874741906,3271591
2019-10-25,638.6021118164062,642.3964652812506,624.3853494322435,624.3853494322435,931283
2019-10-27,641.4359741210938,647.6318106813484,638.0738986296317,640.4273631996439,140511
2019-10-29,641.8682250976562,645.9507451617532,637.4494623209042,642.3485215757853,1035190
2019-10-30,662.4729614257812,670.0135927452022,643.6453041434349,648.4002510437441,2432177
2019-10-31,664.586181640625,671.4544444022948,658.4384221917287,665.6908869396142,1425499
2019-11-01,661.2241821289062,670.3978923775234,659.9274050033667,666.5555202959899,540561
2019-11-04,666.3633422851562,669.5332872996111,658.77463451515,662.4729525569645,830617
2019-11-05,659.9752807617188,669.4371551522594,653.2991489821851,667.9481893874504,829450
2019-11-06,662.0886840820312,666.5554647062692,648.6403829182323,660.0233858084717,828409
2019-11-07,682.0209350585938,686.4396387915061,663.5775403000362,667.419911765155,2760947
2019-11-08,679.6195678710938,688.9853499018261,675.1047689097772,686.199606666348,1129079
2019-11-11,665.3547973632812,680.7723040394812,662.9052381898172,675.7772084697918,791314
2019-11-13,647.7279663085938,676.3536312034403,645.2304475050663,666.1713669983457,1229427
2019-11-14,645.7105712890625,656.6132774577964,641.8201816966473,649.2647768121097,975688
2019-11-15,646.3348999023438,655.988905310731,644.6538623518197,647.8238657796145,549025
2019-11-18,641.0516357421875,650.5615287169346,636.9210980794959,646.7671751106492,874088
2019-11-19,639.5147094726562,647.1514345900181,635.7203558729672,644.3656917877308,717667
2019-11-20,645.1823120117188,648.976607458409,634.4236586839,639.754938108818,1111197
2019-11-21,627.9395751953125,649.072618481721,625.3459627023569,645.1822290572558,1467627
2019-11-22,613.3865966796875,627.5553422344345,610.9370964623122,624.3853973278348,1606769
2019-11-25,638.8904418945312,642.8769266774207,612.4261139418317,613.3867070336171,2178172
2019-11-26,644.2696533203125,653.6834517741738,635.3841692219861,642.6366337059842,2521989
2019-11-27,650.8978271484375,653.2032739201344,637.3534885970723,645.518529521074,1306539
2019-11-28,647.055419921875,656.6133319767976,643.6453265053798,648.4963094186992,1328679
2019-11-29,641.1477661132812,650.3214169154207,633.991337022419,647.0553774848444,823893
2019-12-02,644.8941650390625,646.6712974818106,634.1835869725628,641.1478870642587,779145
2019-12-03,643.5972900390625,648.976587220248,639.1305092756205,643.5972900390625,657306
2019-12-04,646.2869873046875,647.6798589423807,634.2315563466176,643.5973385115241,869810
2019-12-05,643.9815673828125,650.0332915261022,639.7549347522914,647.4396787132799,717262
2019-12-06,635.336181640625,644.5098323136417,626.6427687983502,644.5098323136417,993467
2019-12-09,632.4544067382812,638.7942966060042,629.9088120291538,637.4494430559105,557229
2019-12-10,621.8877563476562,632.4061998286506,619.6783461665132,632.4061998286506,808226
2019-12-11,610.4088134765625,619.5824645985055,606.2301988861889,619.5824645985055,1812960
2019-12-12,626.5947265625,627.747449749389,612.6181118250541,614.8754816506786,1196192
2019-12-13,628.7080688476562,634.0393478506287,624.625548920074,627.8915883141156,895607
2019-12-16,623.0406494140625,631.830099564661,621.0234273942278,630.9175244109458,601125
2019-12-17,617.0849609375,623.5689636274553,614.2992178113196,623.4248512268123,809881
2019-12-18,626.3546752929688,629.1884364656353,610.9851867686174,619.3903758053721,1325539
2019-12-19,621.40771484375,626.4508287404988,618.0456389125841,623.6650852312665,942613
2019-12-20,615.9321899414062,630.3891016123961,614.7794667153273,624.2893600430555,1107531
2019-12-23,624.2413940429688,626.306692631694,607.286961237887,615.9322990196129,1613405
2019-12-24,622.5602416992188,627.3632062506089,619.7745574373755,623.1846505428748,803333
2019-12-26,615.6921997070312,625.3461492716395,614.779624475959,623.6170933037916,540646
2019-12-27,621.215576171875,624.3855217099508,615.2598871618823,618.5259271889607,662742
2019-12-30,627.0750732421875,633.0307613266358,621.1193851577392,622.4642387551745,1294264
2019-12-31,621.6477661132812,631.6378978574786,620.783208985348,627.0750812343755,481645
2020-01-01,623.9051513671875,627.6034109525675,620.2068917818075,624.1452996163665,492348
2020-01-02,628.6600341796875,629.9087932218102,622.2720679523787,624.3853840551684,435382
2020-01-03,634.4716796875,639.418757114331,625.4901585443556,628.2278251561318,1316546
2020-01-06,621.6477661132812,633.991362368015,617.1809853355297,633.991362368015,569453
2020-01-07,615.1637573242188,631.0135412231756,613.8189037232397,622.7043886362912,877010
2020-01-08,604.645263671875,612.8583219341895,599.8903166895005,611.4174324625574,1865051
2020-01-09,614.0110473632812,616.3164353479086,607.430950242081,610.1686754256261,1767768
2020-01-10,619.534423828125,623.4248134805596,612.8582912181772,616.2203664834807,1078909
2020-01-13,625.5380859375,628.9961968024198,620.5910092266355,620.5910092266355,703391
2020-01-14,625.1057739257812,628.5158666906692,617.8533099035701,627.2190898432956,897474
2020-01-15,617.0368041992188,624.6735292120853,611.9936916512795,624.6735292120853,1638831
2020-01-16,614.29931640625,624.3375265004115,612.9544625508776,618.3338193424145,1228864
2020-01-17,613.53076171875,625.922376258815,612.5701687173522,614.2992243938794,2587519
2020-01-20,600.6588134765625,618.0936005258964,597.8250522953558,614.8755786784444,3540418
2020-01-21,592.6380004882812,607.7193258111088,588.6995330971204,598.4495777597966,5330031
2020-01-22,576.8359375,594.2226425555227,565.1166944043225,580.6783084408826,13896645
2020-01-23,595.423583984375,596.5282894538611,576.8361317504728,576.8361317504728,3365852
2020-01-24,598.3534545898438,603.156420002734,589.8521706310587,595.5677111983879,1487093
2020-01-27,597.6329956054688,601.907587817613,592.4937875575796,597.48888319452,1382244
2020-01-28,591.9173583984375,600.37056421662,585.0010777726745,597.6328978957673,1238644
2020-01-29,591.7251586914062,596.5761405553415,587.3544732225128,593.6463442715732,1668628
2020-01-30,582.9838256835938,592.7338079593335,580.0059526626306,591.7251971901101,912666
2020-01-31,579.0454711914062,589.6119946023076,576.5479527462626,586.4420493050264,1171667
2020-02-03,570.9284057617188,581.1587442992947,562.9554958717002,571.4087022446107,1615206
2020-02-04,584.0885620117188,591.4371219147998,576.3558000865464,576.3558000865464,6574159
2020-02-05,596.6242065429688,605.1735065155597,586.634075899086,589.2276883672828,2174566
2020-02-06,606.7586669921875,608.8719249497614,599.1219399711056,602.0997551876515,1828910
2020-02-07,605.1735229492188,609.4001551329026,601.811447821723,607.0947087363592,729667
2020-02-10,597.8729858398438,604.2128749067655,591.8212042587716,603.1562462722558,601397
2020-02-11,594.4629516601562,609.9765519854648,590.8607279279587,599.4100290376851,975440
2020-02-12,593.310302734375,598.2093036883554,587.4986680547231,598.2093036883554,1487002
2020-02-13,593.214111328125,597.440743380922,588.0269450414402,593.3102057924687,897770
2020-02-14,587.5467529296875,598.9297569350963,584.8570455294705,593.7425310974731,1009884
2020-02-17,578.9973754882812,589.7560277874231,576.3557449904085,588.843452798534,1035220
2020-02-18,576.8359375,579.6696977948865,565.7891210449625,578.7571229704413,2800102
2020-02-19,594.1747436523438,596.5282080509966,580.7744605860798,582.8877767528281,1864746
2020-02-20,598.209228515625,606.4703040042109,595.6156159594614,596.7203212465115,1229373
2020-02-24,601.9555053710938,608.9678211293642,589.8039829224292,595.5195218444879,1965644
2020-02-25,618.2376708984375,622.1281197012756,606.1342217761231,609.0160009604788,3491818
2020-02-26,621.3115844726562,626.9791070241592,610.9371910673141,615.3078777994318,1824325
2020-02-27,613.53076171875,621.8879325568994,607.6711092322572,621.5036719043627,984423
2020-02-28,588.8914184570312,606.9025338895924,585.9616220726546,591.7251790110741,1785458
2020-03-02,602.8681030273438,622.2720920555661,595.6156380883876,595.6156380883876,2333347
2020-03-03,613.3865966796875,619.5824327330054,593.646423920926,604.212946029551,1520126
2020-03-04,608.00732421875,617.4211234769297,594.8471889740781,615.7400858011854,1304147
2020-03-05,610.2645874023438,614.2990888439588,602.0035128651715,612.7621638328345,913452
2020-03-06,610.0245361328125,612.7622611956639,588.8434734862527,595.5676240807123,1574882
2020-03-09,586.1539306640625,602.1477708553462,569.9198835640103,595.5677314677234,1919270
2020-03-11,589.0355834960938,593.9345838797798,578.0367829625918,585.9616744614558,1335433
2020-03-12,555.8952026367188,573.4260255745463,494.3692302987159,566.7498922366173,4202510
2020-03-13,576.8359375,598.8815524992995,510.98731722661,511.51563150499584,1997242
2020-03-16,547.1964111328125,587.4734189375212,544.1986279952099,565.61846432785,1397941
2020-03-17,551.0646362304688,566.150411213517,542.506403737963,547.24489682727,1352460
2020-03-18,541.539306640625,559.9613016065476,533.996449531322,556.0448237827845,2536217
2020-03-19,517.5568237304688,540.8139892928464,499.2315100088188,522.1985770552294,2727642
2020-03-20,520.0711669921875,536.6074931413151,504.163436907151,519.2975511600708,1910412
2020-03-23,482.0666809082031,510.49751779467704,468.1413905114597,483.42052325719004,1711503
2020-03-24,473.7986145019531,491.8821438313308,465.14364301952537,477.7150928308639,2024486
2020-03-25,458.035888671875,479.60077590061366,450.2512726894751,460.453474941136,1615671
2020-03-26,477.1831970214844,490.6733109059512,458.4710731052997,459.5831569040723,1484706
2020-03-27,494.29962158203125,502.27768479551713,470.5105697321236,482.55015966875874,3822048
2020-03-30,451.9435729980469,488.9326420927552,449.91279467485083,487.33704109294064,1622123
2020-03-31,464.61175537109375,471.9128543249845,442.9501581207053,458.3743707992677,1862235
2020-04-01,468.6249084472656,472.87985419827345,451.1215786983529,464.1765439983052,1414538
2020-04-03,455.956787109375,481.5832025036453,454.0710579455531,481.5832025036453,2044225
2020-04-07,483.8073425292969,492.12384502819236,465.38534733799236,469.49524391188635,1116157
2020-04-08,514.0755004882812,518.1370570656808,475.8776684463096,483.3721855865575,1811039
2020-04-09,532.4490966796875,536.3656330684677,506.7260062321043,518.3304185885647,2060336
2020-04-13,518.6688842773438,534.963449565144,507.1612101659843,533.802996463864,1516544
2020-04-15,541.0557861328125,560.7349139941762,519.345850469959,519.345850469959,3595791
2020-04-16,530.41845703125,539.0734281620875,521.6184661300375,532.8360434352211,1966417
2020-04-17,511.1744689941406,544.3921431157737,506.24261611402096,531.8690331665932,3634673
2020-04-20,507.6447448730469,514.462325921332,493.28427742951186,514.462325921332,3578236
2020-04-21,487.1919860839844,502.76127748436227,483.51726666197413,496.0887155951855,2296190
2020-04-22,500.82720947265625,504.7920274583944,470.9458187207626,488.35244035725896,2874821
2020-04-23,513.0601806640625,516.6865603111412,498.0228048654644,502.8579777282359,1438729
2020-04-24,508.2733154296875,519.2975324655719,500.0535220852604,506.72608382115396,1707752
2020-04-27,517.7019653320312,521.0865865355327,506.7744858224916,507.69318052520674,1213123
2020-04-28,515.3810424804688,524.4227913392257,507.6931064918294,522.9722396063918,1209446
2020-04-29,524.9546508789062,527.0337986479507,511.996424087478,515.38104481274,975128
2020-04-30,544.9239501953125,547.0997778580268,526.74371308481,534.0448118817415,2637280
2020-05-04,507.5479736328125,534.5282565981584,500.97215161587116,528.9678088813977,1835896
2020-05-05,489.89971923828125,517.2668152859316,484.5326596659435,517.1700764150336,1137980
2020-05-06,491.54364013671875,500.9238868888724,476.21616643478524,492.2689160347239,2448671
2020-05-07,470.8007507324219,495.3634210521202,469.0117310107922,493.4776919784874,2606691
2020-05-08,471.3809814453125,480.6161491669381,469.1567843760399,477.71504565083984,3203167
2020-05-11,472.3480224609375,477.1348256215443,461.03370678759154,475.7809831976823,2932826
2020-05-12,464.7083435058594,469.7852738260758,455.6665959733776,468.3830917302771,2707994
2020-05-13,494.3480529785156,498.0227723093819,467.8512838133969,477.71504761327117,7182888
2020-05-14,484.4359130859375,493.1875629373633,476.7479775061178,493.1875629373633,2881855
2020-05-15,470.8007507324219,485.402977538367,469.4952482592569,484.2425243374313,1760644
2020-05-18,460.0666809082031,475.63594285386,457.02052801942403,472.8798885215162,2258571
2020-05-19,452.7655944824219,468.0447287826902,450.6381066378794,464.37000924562903,2188259
2020-05-20,454.119384765625,478.68205395515537,432.3127401562938,448.70398592968104,6372631
2020-05-21,450.4930419921875,467.7062448326238,445.8996279717369,460.98537255173767,3993490
2020-05-22,444.20733642578125,458.8095643611917,440.48424742231606,448.1238146366603,2993848
2020-05-26,445.5127868652344,451.4116734532374,439.1786934547078,446.4798213237988,2249584
2020-05-27,455.134765625,464.22488370517533,439.3237461999629,447.7369578607129,2029075
2020-05-28,483.2754821777344,487.86889596531665,458.4710536271002,461.2754477214193,6398891
2020-05-29,479.8908386230469,486.85349836335604,469.78531696732233,483.51721775621854,3494222
2020-06-01,522.537109375,527.0338437612885,485.4996969299748,488.352460732937,6065981
2020-06-02,531.2402954101562,535.1568317376292,518.6205089746672,525.0996509102222,3601234
2020-06-03,537.0425415039062,548.6953534826492,533.8996796391044,538.6381719060445,2794968
2020-06-04,548.7921142578125,552.1283953032961,533.1744824630836,537.0426207133589,2720866
2020-06-05,549.1304931640625,555.948133308934,540.4755819866256,552.2250152331441,2293104
2020-06-08,528.0975952148438,554.014170879561,526.0668460727044,550.7262294823623,2605337
2020-06-09,528.3876342773438,539.9436484561643,520.7963786150508,528.000796897484,4203476
2020-06-10,539.7503662109375,541.781115188748,521.4733893182193,527.0338380684831,2768781
2020-06-11,527.2271118164062,542.0710647023666,524.3260089183223,535.8336816668682,1453086
2020-06-12,533.464599609375,536.2689642143675,507.69310686136254,511.56124481840146,1948843
2020-06-15,523.6975708007812,538.2998285345452,519.4909939403843,533.8030940784458,2383481
2020-06-16,533.9481811523438,537.4778220493224,526.0668255065592,533.8031023522439,1944915
2020-06-17,535.2536010742188,540.282192328859,525.3898372714825,533.8030493097899,2670354
2020-06-18,530.6118774414062,535.6404689823337,524.1327340534673,534.7701142648846,2208932
2020-06-19,547.6799926757812,557.8822543761349,527.5173459582946,531.869001424495,5305605
2020-06-22,557.8822631835938,563.7328104870066,543.6668432982949,551.2097010875027,3719766
2020-06-23,558.2689208984375,569.9700719986037,554.7876208324088,562.8139941679866,2902092
2020-06-24,562.91064453125,567.0689392553121,551.5963903973018,558.462310343808,2803425
2020-06-25,560.2998046875,570.453666788504,556.4316667442604,559.816287444595,2802811
2020-06-26,566.150390625,573.8383271228007,560.9283804317115,561.9921538534359,2262107
2020-06-29,559.1393432617188,565.5217471647874,551.7415059450301,560.9766733438264,1644982
2020-06-30,560.3965454101562,568.6163394325657,556.5284070466694,559.1394122466445,1527119
2020-07-01,555.464599609375,565.0382050423156,553.192033287438,563.2492149579607,1483752
2020-07-02,561.8953857421875,565.0865877950741,557.3019718563819,558.9459423148696,1335478
2020-07-03,560.9282836914062,569.5349133344596,559.0425548344344,564.7480813200219,1207054
2020-07-06,563.6844482421875,569.5833352355554,559.6712313541218,561.0734432200184,1283208
2020-07-07,578.0448608398438,583.0251120247012,563.2009051703026,568.6162746529957,3211876
2020-07-08,562.81396484375,585.6843497391624,560.8798962360395,576.1106865217596,2242772
2020-07-09,568.08447265625,570.2603004491109,556.1415602460161,560.8800532708225,1759847
2020-07-10,561.121826171875,569.5350389893279,559.2360968988603,568.6163443154891,922514
2020-07-13,567.7459106445312,569.8250583529801,557.9788861598125,568.5195854348096,939648
2020-07-14,561.121826171875,566.198757817549,550.484445580939,563.0075554448898,2103458
2020-07-15,556.431640625,566.6821820841776,554.594251578969,564.3612758179382,1094320
2020-07-16,554.5460205078125,559.0910950744974,543.6668809177683,556.6251095489329,1289259
2020-07-17,570.5986938476562,572.9679401728224,553.2404128006694,556.5766936240176,2341968
2020-07-20,579.5921630859375,584.9108533784602,571.0822704225227,576.4976995887741,2353046
2020-07-21,559.9613037109375,587.956963705136,558.9942692311593,580.7042051067997,2757227
2020-07-22,565.3767700195312,570.743799936585,556.0448630563866,561.847070323062,2431985
2020-07-23,585.6844482421875,591.8250934951934,564.312951118779,565.7151628998173,3850942
2020-07-24,586.6998901367188,592.4537576790622,575.578992492382,584.0888849721227,3175101
2020-07-27,575.5789184570312,589.6975978671553,568.2294211974757,586.6998146709135,3781853
2020-07-28,556.915283203125,575.5790402996347,552.1767897692407,575.3856215633945,4301660
2020-07-29,551.6448974609375,567.1657909324731,549.6624883424362,561.847100650924,3966766
2020-07-30,559.429443359375,562.3305467821548,552.1766848024255,554.0140739127594,1916099
2020-07-31,563.9261474609375,570.5503096501795,556.0931332196784,559.4294137841167,1645262
2020-08-03,565.425048828125,569.3415265051972,557.6887733087339,564.7481129155586,1118103
2020-08-04,568.8580322265625,576.9327465163309,564.9898943108698,568.7129534454838,2365890
2020-08-05,585.5393676757812,587.9569538346408,573.6448555788122,575.1920871112425,2654207
2020-08-06,586.16796875,591.5833381833868,575.2404319990765,588.9239933856683,2239717
2020-08-07,589.455810546875,591.8250566468944,583.4118455075889,586.167928979361,909865
2020-08-10,591.6316528320312,600.4317015642839,588.1503524911363,591.8250715227693,1743028
2020-08-11,585.9262084960938,600.4317255340585,584.1371593142181,597.3855433468459,2370190
2020-08-12,583.5570068359375,588.5371993190195,581.284440245799,586.0229331162116,1237575
2020-08-13,592.3086547851562,594.8713199212234,583.5570040170331,585.8295115730896,1567671
2020-08-14,590.8580322265625,601.1085734971953,582.7833184068459,597.6272731849683,1786207
2020-08-17,596.9503784179688,598.3042503121786,586.0229004939072,593.9042551906482,947292
2020-08-18,605.8955078125,616.0010310367988,600.5284776669578,600.8185762380209,4080491
2020-08-19,608.4580688476562,610.9723347303308,602.4624436392434,609.1833446626313,1152479
2020-08-20,617.3548583984375,622.3350507401591,600.4317543746108,603.4295377638762,1880315
2020-08-21,611.7943115234375,622.6250491380287,609.5217453633579,622.6250491380287,1294195
2020-08-24,616.4361572265625,621.5130883795395,610.6822901152348,612.4712803408524,902320
2020-08-25,641.1921997070312,645.8823523455828,616.4361406457364,619.8207613233486,2956512
2020-08-26,628.185546875,644.9152898591454,624.0756505163824,641.0471521098583,2476522
2020-08-27,631.5701904296875,636.1152642554114,626.8317569279286,629.1526042482492,932791
2020-08-28,618.1768188476562,637.8559477820987,616.1944098800631,636.3087161544902,1478632
2020-08-31,595.258056640625,626.9767754752772,592.7921305449357,624.7042680783499,1711609
2020-09-01,600.18994140625,607.926216831008,588.3921095788745,606.7174237958897,1719022
2020-09-02,608.893310546875,611.7944141136389,598.5943692756218,600.1899998465833,1194125
2020-09-03,624.1241455078125,626.1065546047902,610.1021440086968,612.0362131809886,1617923
2020-09-04,613.0032958984375,627.0252984985216,609.8604332466945,623.7373570382227,1127590
2020-09-07,626.6383056640625,632.3438323649957,610.198720484604,617.9349958631727,2381405
2020-09-08,617.4998779296875,630.9416813013698,614.7438531703705,629.4911295284445,928802
2020-09-09,620.2559814453125,623.7372822018484,598.6910638499277,614.0669367413547,1278977
2020-09-10,622.2383422851562,628.4757264288849,613.6317118824174,623.9306526097206,1127488
2020-09-11,632.1988525390625,636.5988480446557,622.2384082348466,622.7702654457457,1792566
2020-09-14,646.9944458007812,649.8472094923103,630.5065187336105,636.3087259612205,3245010
2020-09-15,648.928466796875,654.6823336758991,643.3196786970339,653.2801218951639,2016929
2020-09-16,657.53515625,659.5175652794301,647.4779732875232,651.2977715772671,1536911
2020-09-17,659.3723754882812,665.9965964764112,652.7482135232464,653.7152479136512,1440700
2020-09-18,652.990234375,664.8847503494395,648.1067205467563,661.016611234297,1271430
2020-09-21,646.9944458007812,665.8032793682376,643.0779677267653,646.6076673994697,1907466
2020-09-22,643.3196411132812,651.7328522830799,623.737194315019,651.7328522830799,1188057
2020-09-23,652.5064697265625,664.0142028426496,641.8207512748223,645.1086328629212,2029004
2020-09-24,642.3043823242188,656.2296449161995,635.341721516675,647.8164912561538,1885899
2020-09-25,637.3240356445312,647.8163947285567,629.2493216827206,645.1086510790675,1729883
2020-09-28,661.9351806640625,670.1549747263628,637.7593157749441,639.2098676682912,1966395
2020-09-29,644.6251831054688,668.2208488446812,639.5966508536291,665.8032625608727,1533653
2020-09-30,655.5042724609375,658.4053757849923,642.1108690574572,646.9460412642152,1053035
2020-10-01,644.09326171875,662.17681712353,641.9657741964647,658.7438567473703,868753
2020-10-05,647.5262451171875,652.6999148465881,643.0779102495131,647.2361465863563,750470
2020-10-06,665.2714233398438,675.908803275722,650.9109250125456,650.9109250125456,3788156
2020-10-07,658.4053955078125,665.2713756609412,649.7020852749367,665.2713756609412,1065875
2020-10-08,664.401123046875,665.9967537771505,657.6802206415431,661.4516792641348,792031
2020-10-09,686.7877807617188,689.3503862768089,664.545991567107,665.6097057019609,3978161
2020-10-12,681.8076171875,689.4472128399102,677.2142036172389,689.4472128399102,1809924
2020-10-13,678.9065551757812,686.9813286201048,676.1505304752231,681.7593187396668,1328451
2020-10-14,674.4581298828125,682.4845033101803,671.2185293452027,674.9899869791085,2369537
2020-10-15,661.5966186523438,678.7614795191348,658.6955154072523,678.7614795191348,1107005
2020-10-16,674.506591796875,677.891212687612,659.2274578661687,666.2867982050851,1466874
2020-10-19,682.726318359375,686.594456140448,670.154870570888,678.1812446619946,1014098
2020-10-20,685.7725219726562,689.0604037757961,676.295536893411,682.2911624466783,976118
2020-10-21,688.1417236328125,699.1176005744943,677.2142456344042,686.9329305130084,1933053
2020-10-22,699.9879150390625,703.8077132050298,682.7747123545765,686.4978306775992,1357693
2020-10-23,702.743896484375,707.6274083038551,696.9900301127483,701.0999262320396,1209962
2020-10-26,697.4253540039062,709.8033848783626,693.8956541619577,705.9352465411508,1386440
2020-10-27,700.5681762695312,705.3066100473015,688.8670230559239,697.376974128767,1953876
2020-10-28,704.581298828125,707.5791411313016,691.7680919624989,702.0670327882613,953186
2020-10-29,701.2450561523438,711.737356342446,692.4933471473169,701.0999773753714,3726196
2020-10-30,703.904296875,716.5724227090686,688.3350090918935,703.5174595423042,3269125
2020-11-02,755.8341674804688,763.9572811679518,705.9352091805124,705.9352091805124,8059933
2020-11-03,757.47802734375,799.7374420728983,754.7703428511452,755.8340570729594,12035236
2020-11-04,781.4122924804688,788.0365148683484,746.8408057182734,755.8342156447964,4845777
2020-11-05,790.8890991210938,794.8056358511675,777.4956956351261,785.7638283549844,3443427
2020-11-06,791.6627807617188,798.2869431739712,786.0055937820595,790.792426142356,2964004
2020-11-09,796.8363647460938,801.2846994837384,781.3638139743249,800.704502439036,2355138
2020-11-10,813.9046020507812,816.4672080352098,789.1484836949572,803.6056611238881,3200355
2020-11-11,787.9397583007812,815.1134652168072,779.4298658627324,815.1134652168072,2936135
2020-11-12,784.7485961914062,796.4980904645139,780.5903591191051,791.8079371313282,2224147
2020-11-13,801.0913696289062,806.4100591546284,783.3945918066606,784.6517838221289,3689109
2020-11-14,799.7373657226562,806.0714285800497,795.3857113747096,803.7989215853578,132918
2020-11-17,816.8541259765625,821.5925600304887,803.1705629858435,807.5222186195285,2287511
2020-11-18,810.4715576171875,815.3551288604773,804.5726710182406,809.6012620167245,1517818
2020-11-19,800.5111083984375,826.8144573249747,794.5638819262751,806.0232165852238,2506168
2020-11-20,797.803466796875,811.2452700285116,792.7748755651712,803.1704964961608,1488974
2020-11-23,796.9815063476562,812.3089795550192,793.8869841447311,802.6386345603165,1420996
2020-11-24,793.7418823242188,803.9924831349668,791.0341976089061,801.5748969564555,1392411
2020-11-25,788.5682983398438,805.7331607912512,785.2320174953722,798.3353232240798,1410000
2020-11-26,776.7221069335938,790.4540083682331,772.080353229475,786.1990330426488,1936628
2020-11-27,774.9813842773438,789.5835799669433,769.7593749585876,781.8473048417313,4776766
2020-12-01,796.2562255859375,812.260634649321,771.7902056810216,771.7902056810216,3766220
2020-12-02,808.7793579101562,810.2783087471691,795.8694697082149,801.3815786906454,2062830
2020-12-03,804.8628540039062,814.1464212113078,798.8672279159583,814.1464212113078,2794370
2020-12-04,802.1551513671875,816.7573493199042,798.8188703977484,805.4430924142212,1950537
2020-12-07,798.5771484375,812.2123714989955,796.4496605460141,802.1068482817678,1252949
2020-12-08,792.8716430664062,806.2167079156565,786.199081130229,802.6386683125339,1282605
2020-12-09,796.69140625,801.2848204538374,792.0979920461626,800.027687318461,973862
2020-12-10,800.1243286132812,807.860604223666,792.0012156131378,792.9682500644359,1551387
2020-12-11,800.172607421875,813.7110887061116,794.1286425628408,802.2516959195261,2077418
2020-12-14,799.6891479492188,803.170448350041,794.9989954662486,802.1550739850595,628450
2020-12-15,836.2913818359375,841.0298742574328,799.6891514566305,802.638594729027,6328314
2020-12-16,871.443115234375,875.1661742448513,831.9880625913769,833.5836930376373,8084435
2020-12-17,881.0167236328125,895.4739004610749,861.6276947201055,868.3969358682994,7393369
2020-12-18,889.0430908203125,897.8914795756119,876.1332046262837,877.6804361245522,4348236
2020-12-21,853.0211791992188,891.6058825409834,833.6321476796029,886.7707096421711,2230086
2020-12-22,851.522216796875,854.7134188408548,828.7485661364846,839.4342855521771,2460221
2020-12-23,863.900146484375,868.3002001660803,847.2188032996045,851.4737782139433,1404169
2020-12-24,866.3662719726562,882.1772631650015,861.6277790956606,868.9772180241595,1528919
2020-12-28,873.8124389648438,881.500375821993,863.6102357626519,868.3970688263945,1149489
2020-12-29,878.7926025390625,885.3200854189951,874.4892872061904,877.9222478791642,1536659
2020-12-30,874.8276977539062,880.291406726184,867.7199594660495,878.067239400164,886047
2020-12-31,885.9486694335938,889.6717286016537,870.8628960130094,873.2321423122753,1025422
2021-01-01,879.9047241210938,898.1333010225115,874.9244727861291,889.4783303547401,2158857
2021-01-04,888.5112915039062,892.8629467769671,879.2761237845863,880.5332568366279,1042065
2021-01-05,904.8541259765625,907.9002490105416,881.5485608506768,891.1222252959768,1871002
2021-01-06,914.7179565429688,922.2124739129194,903.2585623118282,913.8476018843144,2633011
2021-01-07,939.2322998046875,945.7114430468284,914.8146775961229,924.2916043120538,2124734
2021-01-08,974.2872924804688,979.1708050699187,941.9883154530161,943.9223845199748,3536689
2021-01-11,980.3794555664062,992.9025627571515,969.0168014515813,982.0234258387021,1773737
2021-01-12,985.2147216796875,992.177381777483,970.3224260220342,979.2674950097941,1799936
2021-01-13,979.073974609375,1007.4080702769071,973.5618668118802,990.4849685443937,2210980
2021-01-14,969.9840087890625,992.1774638643332,967.8565209410675,981.5400836474641,2091931
2021-01-15,948.9992065429688,978.5421553573602,947.0167977822323,966.067387702711,2598734
2021-01-18,953.1575317382812,965.8739993750959,937.056384494538,943.1486897408115,2565847
2021-01-19,985.6015014648438,990.2432549176508,951.8519762963997,958.3311187728438,1875360
2021-01-20,986.5202026367188,998.4146553614573,978.6388483809335,990.9685374292111,2370898
2021-01-21,1094.6346435546875,1109.1885598452443,1017.3202833105465,1029.8433327354796,23442138
2021-01-22,1085.641357421875,1117.6017783614031,1077.7600022573195,1104.3534522905866,5718476
2021-01-25,1085.3994140625,1114.990642545092,1062.0455101258865,1095.8917134988947,3099232
2021-01-27,1079.2587890625,1091.781837320821,1067.605977327003,1091.781837320821,1899418
2021-01-28,1145.8731689453125,1158.5754414545272,1072.4228685030807,1080.1799959425243,14679636
2021-01-29,1013.0323486328125,1146.018624150616,1003.626879078117,1146.018624150616,13643267
2021-02-01,1029.9525146484375,1054.6299465244783,1001.6875771594283,1018.1229430369928,3678712
2021-02-02,1095.985107421875,1112.0811219665234,1039.4549981435118,1040.424638999989,5829926
2021-02-03,1078.9678955078125,1108.299532298746,1071.0168875912232,1088.421894142907,3032392
2021-02-04,1099.62158203125,1103.3061473441712,1066.702194313549,1079.2105886909324,1829648
2021-02-05,1076.3497314453125,1122.8439567472697,1072.7619897531602,1105.3904237408356,2156894
2021-02-08,1092.009765625,1112.9541081944828,1076.8349770160414,1081.3437134649234,1714057
2021-02-09,1104.51806640625,1134.1406470255677,1095.6943567635967,1097.6336388109657,3183233
2021-02-10,1102.0455322265625,1116.6870877377964,1091.8157722720446,1110.0450705225167,1389370
2021-02-11,1120.2745361328125,1123.3289284934312,1099.08790716211,1108.1056144431063,1141881
2021-02-12,1107.281494140625,1128.6135961702237,1093.803578913428,1123.620039704799,1437728
2021-02-15,1136.758544921875,1143.2066809171408,1102.8696410394193,1119.8383576772903,2178167
2021-02-16,1179.2288818359375,1184.9012578014738,1128.1772614173606,1137.388850573755,3715493
2021-02-17,1158.236083984375,1194.5006782231894,1147.570033817922,1183.349807594625,2592491
2021-02-18,1130.50439453125,1170.0172627982358,1124.7834893178795,1158.2361017156957,1891251
2021-02-19,1104.421142578125,1134.9648352833146,1094.870202024141,1134.9648352833146,1588500
2021-02-22,1093.9488525390625,1119.5959262185197,1085.755434006397,1106.3603038189767,2542835
2021-02-23,1090.3126220703125,1112.1295415081365,1085.9977675716882,1095.6456468217805,1374807
2021-02-24,1111.2569580078125,1119.4503759516222,1081.1980912650665,1100.590908518451,1114199
2021-02-25,1140.103759765625,1159.5935171946744,1117.1232005820555,1117.1232005820555,2537138
2021-02-26,1071.986328125,1160.1265734659387,1062.7262120519847,1126.5770287656335,4164831
2021-03-01,1078.3861083984375,1091.3793196227398,1062.7749141923537,1089.8763289408218,2136966
2021-03-02,1109.220703125,1128.4681704261786,1084.1070975348487,1086.9189615621456,2632084
2021-03-03,1128.61328125,1139.3278586708993,1108.3962956860285,1115.6201901489756,2582980
2021-03-04,1136.03125,1149.8002217408418,1111.5963467682832,1119.9352348004172,1896345
2021-03-05,1082.8948974609375,1127.6922552685994,1076.3012926467286,1105.3905167723158,4524090
2021-03-08,1081.3919677734375,1114.7960480132517,1075.477182207648,1094.7245295818973,2094055
2021-03-09,1066.605224609375,1093.4642361015083,1055.9391723632814,1091.7189531162383,3109318
2021-03-10,1086.28857421875,1090.8458383755574,1066.7017601466418,1066.7017601466418,1891547
2021-03-12,1069.6107177734375,1105.3904861289016,1064.5201036925807,1094.1426767850219,1726017
2021-03-15,1065.8778076171875,1085.1736860743079,1053.563414975001,1078.2892590452655,1573678
2021-03-16,1055.405517578125,1072.6651717552757,1043.8183569668288,1066.6049165476188,2538380
2021-03-17,1029.5648193359375,1060.8841513454563,1020.5471110563875,1055.4056562450576,1149913
2021-03-18,992.9608764648438,1038.4369429819617,984.2825188189876,1034.5583791262159,2339212
2021-03-19,1012.256591796875,1015.4564541808631,956.5507682496266,979.3858000951751,3150876
2021-03-22,1005.7114868164062,1022.6317914169098,995.8211970541179,1014.2443740200655,1347171
2021-03-23,1009.7840576171875,1024.9104319945648,998.8270680940151,1005.4206735642305,1825941
2021-03-24,997.7119750976562,1015.1171005920634,993.7850003989005,1006.4872727501371,1198133
2021-03-25,994.9971313476562,1004.2571318373795,984.1856105734075,995.6758326988517,1383782
2021-03-26,1018.4140014648438,1030.1950450600634,995.1426171947703,999.2635914925958,1656045
2021-03-30,1018.6563110351562,1045.272906817555,1015.7473882889108,1033.6372158325728,1297976
2021-03-31,1018.5109252929688,1037.031044633177,1016.4261734798765,1018.2199856485822,950070
2021-04-01,1026.3165283203125,1039.4552119741359,1014.3900143508085,1030.4860322066352,1032919
2021-04-05,998.5846557617188,1031.2616250635317,984.6218623310298,1027.8193525277154,1017471
2021-04-06,1020.0137329101562,1024.3771171120209,991.9426752239087,993.881957091404,1161935
2021-04-07,1026.1710205078125,1033.4433273194118,1013.7595695369357,1020.0622354403217,831141
2021-04-08,1027.5770263671875,1037.5158463910268,1017.1533858543804,1032.570701076431,1189741
2021-04-09,1030.0010986328125,1066.5565150841512,1020.1108082934081,1026.8497655468566,2671765
2021-04-12,963.5321655273438,1018.8986959302341,959.9444823930744,1016.1836540888303,1484884
2021-04-13,992.6700439453125,997.7606595552885,950.878537562959,963.3384016211653,1403988
2021-04-15,979.5313110351562,1006.4873179254307,973.3740554210012,999.7967716189473,1467066
2021-04-16,979.7736206054688,1000.6693693400381,976.7676984246926,983.7491244658269,1400671
2021-04-19,970.5620727539062,975.9435679239053,941.6182563180896,952.2358360320891,935048
2021-04-20,974.2952880859375,989.9065440657442,966.2472794313768,979.3374332420377,924983
2021-04-22,974.1012573242188,982.2462648318289,964.9866680660878,977.3980601682957,793395
2021-04-23,974.9739990234375,992.9123570363004,969.9318541239248,975.1679390546088,1796088
2021-04-26,969.7378540039062,983.0219463564634,959.9929746588098,983.0219463564634,1526982
2021-04-27,997.2756958007812,1004.548002770646,972.5498521032412,974.8770140064722,1255019
2021-04-28,988.8882446289062,1012.3050959524028,985.2520912670083,1008.4265323663783,844145
2021-04-29,978.70703125,1003.5298149343616,975.3132880566279,993.8819352018088,707355
2021-04-30,960.1868896484375,1004.1116692346023,952.5267029579196,969.8348283235532,1428474
2021-05-03,974.1983032226562,977.3981066162121,940.5517494223469,954.9994236791327,1361391
2021-05-04,956.0175170898438,986.124857084755,951.217782497684,981.2766522809951,1133825
2021-05-05,966.9259643554688,976.0405537495651,950.3450686495307,959.9445376993993,918327
2021-05-06,976.1859741210938,979.3373070397861,958.5869681484459,967.7016162630758,596924
2021-05-07,971.5802001953125,983.6037712558331,967.7016365218782,982.4401903173658,595813
2021-05-10,974.9254150390625,982.0037814843698,970.1741511496771,974.4890648153954,487919
2021-05-11,998.3907470703125,1000.6693794455958,963.8714965336164,968.4772906735066,1170319
2021-05-12,977.2525634765625,1003.6268671393912,972.4528883374264,1003.5783377483419,859198
2021-05-14,967.2652587890625,992.7183321727719,953.641816109647,980.5978210376721,907626
2021-05-17,999.2634887695312,1005.469095912117,958.0052206362604,972.549834309888,1742654
2021-05-18,1038.921875,1041.8793276032611,989.1308298292969,1003.5785054158913,3242276
2021-05-19,1041.491455078125,1049.8303446509958,1025.8802574421013,1040.2309926991452,1982427
2021-05-20,1039.7943115234375,1054.96921405659,1033.6371159782398,1047.2120874826444,1887196
2021-05-21,997.0818481445312,1040.424751781671,993.8819856255477,1039.8914019070485,6665482
2021-05-24,984.573486328125,1005.2752978213804,982.6342043453493,1003.5784260864516,1361368
2021-05-25,964.8896484375,989.8579019364872,961.8837852813696,989.0337308336663,2481410
2021-05-26,966.150146484375,978.6100074744174,964.7926256497849,972.5497522881751,1161924
2021-05-27,988.8399047851562,993.4941698655483,959.9446140962723,971.1924263057359,3138650
2021-05-28,987.19140625,997.663575630094,982.0523211621751,996.7908751210242,916916
2021-05-31,999.5059204101562,1002.5601946555555,980.3069826039156,982.2462644686117,1367577
2021-06-01,998.1968994140625,1013.274864601493,994.900214641793,1000.6695313576467,1215986
2021-06-02,1014.9232177734375,1017.8321408606234,992.9124137594836,994.8516958176076,1365925
2021-06-03,1039.9884033203125,1048.1818216479464,1014.3413302826458,1019.0925944051726,2154185
2021-06-04,1024.716552734375,1051.8664979944824,1022.9711517647638,1047.2121743184312,1390616
2021-06-07,1018.898681640625,1035.3340471720185,1014.8746483252665,1027.8193303697867,1031807
2021-06-08,1007.4083862304688,1024.6195125560646,1003.8692915648705,1019.1895470783281,1333609
2021-06-09,996.0636596679688,1025.5407680367853,991.021514923015,1012.7899659510279,1554120
2021-06-10,992.7183837890625,1002.6087332259882,989.0337600488472,999.6998104023152,1474654
2021-06-11,986.2217407226562,1000.620884487865,980.7917753279703,993.9788679620273,1400679
2021-06-14,988.50048828125,994.803095337614,970.6590709484756,989.03377897269,1285579
2021-06-15,986.9974975585938,999.6028292812721,984.6703357215333,993.881924288106,1308405
2021-06-16,976.3799438476562,991.0699683909493,974.489132202468,990.0033870435024,1226060
2021-06-17,970.8336791992188,981.585571260511,964.2657740781015,973.0229809062578,1334851
2021-06-18,969.617431640625,981.3423470597111,950.7407614488251,973.9960351954497,1374997
2021-06-21,956.4330444335938,958.3790905855972,932.1561068096283,953.5626144816657,1796870
2021-06-22,972.7311401367188,982.558649036486,954.5842367753615,965.6280838577037,2180170
2021-06-23,971.5634155273438,980.4179006164662,966.5036843098703,980.4179006164662,989715
2021-06-24,964.8010864257812,977.4990265755504,958.7196917765987,973.0231438691999,718519
2021-06-25,972.3905639648438,974.5312265585166,963.2928221775019,965.238868282911,587103
2021-06-28,965.53076171875,982.5586651128226,964.265843630056,973.9960741409546,898012
2021-06-29,952.3948974609375,969.7633935882753,950.6434679442893,966.8443245976583,1104845
2021-06-30,953.757080078125,965.9198666038392,951.6164177718781,956.4815323821638,897832
2021-07-01,962.3197021484375,970.2985022542856,953.7571120252428,958.2329938611877,1208575
2021-07-02,958.9627685546875,971.8553228043241,957.4545948409423,968.1578474255463,760738
2021-07-05,994.7700805664062,997.348615376239,960.2764613308699,964.7037042823783,2689626
2021-07-06,993.845703125,1003.1867000489644,987.9588665401099,999.7324209326702,1459526
2021-07-07,993.845703125,998.3215851117725,983.2397288064777,993.845703125,895906
2021-07-08,1000.7540283203125,1007.954421360703,992.5319731374808,994.9158910622455,1860896
2021-07-09,995.7430419921875,1001.1919469201723,987.6669631426847,1000.2676226008355,761908
2021-07-12,1014.3765869140625,1017.7821677813998,992.6295442737978,998.516262792426,1314157
2021-07-13,1004.6950073242188,1021.6255135331284,1000.0731477928514,1018.7064443554227,879897
2021-07-14,995.110595703125,1007.9545106868361,992.580700367265,1005.4246747395847,795889
2021-07-15,1011.7980346679688,1021.576964216805,995.4026193846745,999.2947117380847,1205440
2021-07-16,1048.5782470703125,1060.5950572200682,1015.8359997594048,1018.7550687242307,3979532
2021-07-19,1060.2545166015625,1078.109464574404,1040.404824003774,1045.999706152964,3216454
2021-07-20,1073.7796630859375,1079.8123586465554,1032.4261823538097,1065.4115696101221,2862918
2021-07-22,1120.2413330078125,1152.059134915628,1095.1372942124488,1111.1921723594992,12956315
2021-07-23,1112.89501953125,1135.4691048755542,1108.5164161757173,1127.6363412503206,1567974
2021-07-26,1130.944580078125,1138.2422519307054,1086.3800831208157,1109.1001443997407,2308489
2021-07-27,1128.1229248046875,1145.880595103246,1120.581996321738,1133.5718300175672,1466489
2021-07-28,1126.3714599609375,1146.8536426931744,1117.1764396408682,1130.6527851403223,1736883
2021-07-29,1146.9508056640625,1152.9349205794922,1126.8092780510922,1128.7066252982502,1302792
2021-07-30,1141.9886474609375,1162.7626680254418,1136.1505085419813,1147.729507820026,2076845
2021-08-02,1153.129638671875,1172.4928218926018,1143.9346179944816,1148.167244674913,1659962
2021-08-03,1198.083251953125,1212.7758753081152,1159.210912338326,1165.6815389602857,4940389
2021-08-04,1200.467041015625,1213.2623163125918,1189.617811580487,1208.3972016580199,2387558
2021-08-05,1183.439208984375,1206.743062032727,1179.401139829313,1206.548504946043,995267
2021-08-06,1199.6400146484375,1225.9602140882935,1183.1959030950452,1190.980086668039,2921992
2021-08-09,1202.169921875,1220.5113817515619,1197.353505514354,1213.3596864250303,1438802
2021-08-10,1190.8343505859375,1220.8520908117225,1185.725979081838,1212.2895584140515,1823117
2021-08-11,1203.3863525390625,1209.7110028657282,1164.562706009159,1193.8993770490638,1973876
2021-08-12,1198.6671142578125,1221.727712939718,1192.974953193517,1220.1708998213883,2264764
2021-08-13,1208.6407470703125,1223.2360945321514,1192.3426090712594,1196.8184918707748,1861705
2021-08-16,1192.63427734375,1218.6140634453782,1189.1801168623213,1209.1270889268724,843960
2021-08-17,1191.369384765625,1210.4406118071422,1183.6824793114054,1192.9261978099325,1600498
2021-08-18,1200.8563232421875,1231.8470811086318,1193.1694180169507,1194.8722082159554,2658601
2021-08-20,1202.9483642578125,1221.0465680292575,1191.5153441803423,1195.8452489541132,1989898
2021-08-23,1225.23046875,1254.7131120698966,1207.8620325981556,1209.2729871622769,3835797
2021-08-24,1231.55517578125,1245.177497916108,1208.348600756954,1235.641943688041,1492926
2021-08-25,1171.7630615234375,1239.8259794711819,1168.6007364663885,1230.8255158472734,2460031
2021-08-26,1182.2230224609375,1187.9151836284518,1158.870468930845,1175.1199065846426,1413269
2021-08-27,1201.683349609375,1205.5267427713281,1182.2228905063891,1185.141959371837,1169963
2021-08-30,1232.3336181640625,1235.7391986327355,1196.8182789907594,1196.8182789907594,1105428
2021-08-31,1234.23095703125,1252.9616494806457,1220.7060325700854,1235.7391901679334,4863922
2021-09-01,1308.472900390625,1317.7653191219943,1231.9933034205087,1235.7394188481828,5063369
2021-09-02,1354.6912841796875,1360.2861664810223,1305.5536222288351,1314.3595279705205,2971890
2021-09-03,1391.86083984375,1395.9476081123546,1349.5830338431194,1361.2593109924471,2720191
2021-09-06,1391.86083984375,1400.9587008110545,1382.130608885977,1391.4230269615434,1244690
2021-09-07,1405.823974609375,1423.1924150695318,1392.055672498137,1400.9588585825945,1787418
2021-09-08,1394.0015869140625,1415.1161409601027,1379.6980758833463,1405.8238414951663,1078326
2021-09-09,1414.7269287109375,1420.4192090285749,1376.5357709567459,1390.4500491908238,1745952
2021-09-13,1410.980712890625,1423.2894783318668,1396.3367871315686,1417.2567828821311,1437805
2021-09-14,1426.013671875,1431.7544116140778,1410.9803977180056,1411.175073552491,1024080
2021-09-15,1412.05078125,1429.8571477839848,1407.4289224871734,1426.4515676429544,766614
2021-09-16,1413.8997802734375,1437.1550550895745,1408.9860851022647,1417.1108038722068,1068097
2021-09-17,1432.1925048828125,1442.7010814839846,1408.0614881947004,1418.6674621127145,2099188
2021-09-20,1369.238037109375,1422.8517040914908,1362.2323184112954,1420.613703486065,1682673
2021-09-21,1373.03271484375,1389.233571352136,1354.4966981855448,1372.0596918555852,1677219
2021-09-22,1382.13037109375,1404.461318566193,1370.9893060747868,1373.0326304689236,1337462
2021-09-23,1399.4503173828125,1415.1159637889282,1385.2927853470364,1389.0390188857077,1137902
2021-09-24,1376.73046875,1409.8132556111314,1360.7241667817268,1403.0993721691598,972346
2021-09-27,1351.09130859375,1385.584930886166,1347.637028986896,1385.584930886166,1130126
2021-09-28,1332.895751953125,1366.2704938515851,1323.9439863921386,1352.307635261216,1033811
2021-09-29,1330.9495849609375,1340.2905826944539,1314.5541699571108,1327.203469890081,869402
2021-09-30,1336.057861328125,1345.2529999704977,1324.5762611619434,1331.0954677695165,910972
2021-10-01,1322.435546875,1345.398866116302,1298.2559488732768,1336.0578689917143,839100
2021-10-04,1352.3074951171875,1356.8319573204506,1318.7381995765218,1323.846570637058,802477
2021-10-05,1352.064208984375,1363.3025537987983,1345.5448833681617,1358.3401600640384,913676
2021-10-06,1332.457763671875,1372.4976851909837,1328.1764385759652,1360.0916415339555,738636
2021-10-07,1356.5887451171875,1370.0165112755253,1338.1500050651039,1339.0743294900856,728717
2021-10-08,1334.452392578125,1367.3893173035135,1329.2954417638364,1363.0107136501535,566246
2021-10-11,1344.8638916015625,1371.8165837638867,1332.4091485016013,1345.1557272630914,836394
2021-10-12,1381.935791015625,1389.428019928483,1345.982641921667,1349.5827791858278,1358251
2021-10-13,1371.67041015625,1399.207007253559,1361.2591120637892,1399.207007253559,1406850
2021-10-14,1434.3330078125,1439.87930951091,1367.1944288977804,1375.5624019346085,1827348
2021-10-18,1415.45654296875,1463.8644383261171,1401.3477091459997,1446.544699796248,1694567
2021-10-19,1385.39013671875,1442.5552355675784,1373.0326738714818,1430.1491928386838,951188
2021-10-20,1368.75146484375,1395.2177628364998,1340.9717282777658,1391.4229492195466,1193058
2021-10-21,1251.1129150390625,1328.1275839501407,1177.6496847556766,1317.4730305126402,8213470
2021-10-22,1254.5672607421875,1284.1471855708317,1231.2634059273196,1255.1997494876853,1631143
2021-10-25,1263.908203125,1273.9790863942726,1238.074513234721,1269.600482808406,1114353
2021-10-26,1250.821044921875,1273.687085027409,1227.7604477305858,1273.687085027409,1374534
2021-10-27,1245.164306640625,1274.7159168334651,1243.5063458015825,1258.1358322227775,937862
2021-10-28,1232.5343017578125,1255.1611944331378,1225.414570335323,1255.1611944331378,943525
2021-10-29,1231.75390625,1261.0616907688568,1213.028211828125,1220.3429548140234,1421636
2021-11-01,1256.33154296875,1258.13582246903,1229.4620054947695,1244.0427982812282,890339
2021-11-02,1258.8673095703125,1271.4973852556157,1251.8938972150981,1263.7926176326487,571414
2021-11-03,1258.8184814453125,1269.693090054575,1239.6051370919554,1269.693090054575,584243
2021-11-04,1262.4759521484375,1267.888910117507,1258.1359185012186,1265.7432995839529,56644
2021-11-08,1293.5391845703125,1296.611281350231,1253.5519233059833,1274.5208529933755,760625
2021-11-09,1294.124267578125,1305.9253616731976,1279.6411012316698,1293.539111988834,613322
2021-11-10,1313.7764892578125,1316.6535735186678,1285.6390194982093,1287.394605218253,729602
2021-11-11,1312.557373046875,1321.9689126596877,1296.1723030833955,1321.4812631852396,825469
2021-11-12,1338.7930908203125,1345.8153161083746,1312.7526512299783,1322.9444796891928,1056339
2021-11-15,1354.8853759765625,1365.077322356765,1343.084281427696,1343.9620743729133,1020862
2021-11-16,1364.2969970703125,1370.2462972235408,1326.4066543221932,1357.1285731539206,944782
2021-11-17,1341.280029296875,1367.9544347178348,1331.575851293374,1365.4186809784585,825684
2021-11-18,1339.036865234375,1347.8633698004642,1307.2421380645671,1336.1597804823705,771508
2021-11-22,1343.4744873046875,1389.1672255482843,1324.4561551795032,1350.9842426244013,2587391
2021-11-23,1357.908935546875,1375.1716813718588,1326.406728131722,1326.406728131722,1071227
2021-11-24,1338.6468505859375,1372.8310132018457,1326.8456360268394,1364.4434646071259,995846
2021-11-25,1355.1292724609375,1361.3712104455665,1328.162347876788,1342.0115473274732,1110099
2021-11-26,1294.4168701171875,1344.93740925435,1288.4188761176442,1344.93740925435,1219366
2021-11-29,1297.245361328125,1323.2859197795983,1259.8914757272385,1282.5183681362062,1261578
2021-11-30,1326.748046875,1375.1228562363526,1291.2959500042489,1299.0008363568272,6604500
2021-12-01,1327.3819580078125,1342.742917477778,1287.394698435204,1326.6992963200585,1624319
2021-12-02,1345.083740234375,1350.7892159999687,1302.0242623537606,1327.3820382497888,1539592
2021-12-03,1349.08251953125,1361.4687708414808,1334.3555265015468,1334.3555265015468,1085502
2021-12-06,1336.5985107421875,1361.32243644669,1334.452900493875,1351.276808795369,791805
2021-12-07,1376.000732421875,1383.9494440191863,1336.2085999676833,1343.6695429524852,1410645
2021-12-08,1382.92529296875,1394.092538949385,1372.440827782142,1393.7023955035218,948420
2021-12-09,1354.6904296875,1389.4598658947398,1347.8633360893627,1382.9741031654967,1065129
2021-12-10,1357.811279296875,1363.468061365192,1342.1089885242104,1354.6903699830127,887283
2021-12-13,1336.1597900390625,1360.0546184010748,1333.4289048899482,1346.9855864247156,1124454
2021-12-14,1319.043212890625,1339.0368443302416,1306.900786784689,1338.110357812383,1322715
2021-12-15,1317.9703369140625,1330.6980370372605,1311.777211806878,1316.6537070180561,766527
2021-12-16,1327.3819580078125,1336.5984860677697,1316.9949996980629,1325.4313599798804,822094
2021-12-17,1287.24853515625,1326.4068191048066,1281.4942464682372,1321.530323446333,1080803
2021-12-20,1257.79443359375,1277.6417452916583,1222.4398433137328,1277.6417452916583,1419970
2021-12-21,1305.6328125,1318.6043377044725,1262.085804431546,1266.913487187951,1669146
2021-12-22,1337.57373046875,1341.0360894489838,1311.8746263110468,1318.6042130436554,967859
2021-12-23,1338.890625,1359.566917879441,1330.1616267986542,1341.572697470709,1260219
2021-12-24,1327.4307861328125,1350.59413798589,1320.7498925648267,1350.59413798589,559766
2021-12-27,1340.743408203125,1343.864436251153,1316.994902771869,1325.2362502663811,576867
2021-12-28,1365.2723388671875,1376.9272338413195,1341.0361815069643,1341.0361815069643,1138137
2021-12-29,1359.371826171875,1370.587764938788,1353.7150442152354,1355.665642261655,405879
2021-12-30,1352.83740234375,1364.1508484652536,1345.9128023167575,1360.5422892984614,669700
2021-12-31,1362.49267578125,1368.3444696643478,1342.645365338754,1342.645365338754,386452
2022-01-03,1371.4166259765625,1383.9491935233937,1361.5173179412668,1365.4185136946803,278480
2022-01-04,1366.6866455078125,1378.6827527331598,1353.422482804084,1376.878473250025,337682
2022-01-05,1365.5162353515625,1376.098206692263,1357.6651490913948,1365.369916676701,473752
2022-01-06,1352.00830078125,1358.9329001879455,1336.4523286395506,1355.7631782925162,409359
2022-01-07,1334.5992431640625,1383.900538683889,1326.4067073371448,1352.7397816739851,947383
2022-01-10,1318.2142333984375,1346.1565762898374,1315.727292138458,1345.912751516012,525478
2022-01-11,1324.31005859375,1331.2834720201101,1298.0257915117968,1315.72749665407,735871
2022-01-12,1322.3592529296875,1343.9621516751008,1306.9007860991546,1331.2832634517508,806492
2022-01-13,1294.124267578125,1331.18562959723,1287.6873179858176,1326.4066406837558,895685
2022-01-14,1311.6309814453125,1316.6537956619995,1280.811553446756,1294.1244100805743,690763
2022-01-17,1296.22119140625,1310.7530513500362,1289.003954951619,1309.826564916458,434192
2022-01-18,1282.957275390625,1308.3638669820045,1278.6172416052239,1293.5880604018669,423878
2022-01-19,1276.422607421875,1299.7322780847549,1262.0369467078558,1287.199709341519,1105569
2022-01-20,1277.934326171875,1289.3452768395837,1268.8639978580168,1277.641688850117,760910
2022-01-21,1210.8826904296875,1274.2283217173751,1201.6660421575873,1250.4309989779997,3375259
2022-01-24,1150.803955078125,1217.173096631027,1121.8864362876204,1217.173096631027,2571377
2022-01-25,1155.144287109375,1164.4096286336357,1107.0132999496234,1141.1974622455662,1764518
2022-01-27,1116.961181640625,1150.7065032867333,1089.4089848439887,1145.9763269397374,2266013
2022-01-28,1114.0352783203125,1145.9275078714795,1107.5983287569181,1122.5691445363798,1082194
2022-01-31,1155.144287109375,1158.6553400865025,1119.9360131281974,1119.9360131281974,851868
2022-02-01,1158.4603271484375,1169.3836295269966,1138.759213750055,1165.482433098216,1153750
2022-02-02,1180.0631103515625,1184.988418478376,1156.8022503924449,1163.5318380614835,746085
2022-02-03,1176.8446044921875,1188.6945115794401,1167.481757566416,1184.9883276241071,809138
2022-02-04,1179.6732177734375,1191.8156454259993,1171.3343618302988,1178.1614563621988,858263
2022-02-07,1165.43359375,1187.5729544078135,1155.826921575813,1182.8427776575859,1031295
2022-02-08,1157.4849853515625,1170.9440411014266,1145.9764086890855,1165.2873779213605,608655
2022-02-09,1193.66845703125,1199.1789201328024,1158.4113747506656,1163.239057126553,613698
2022-02-10,1189.182373046875,1198.6427277512773,1170.1640384731159,1198.6427277512773,704743
2022-02-11,1145.732666015625,1177.1860633163305,1136.5648302782035,1176.698413745777,1216283
2022-02-14,1127.494384765625,1136.2232626376901,1113.4012436801384,1127.4455721967122,1094621
2022-02-15,1160.4107666015625,1164.5069746693339,1112.8161290600585,1127.4456136664573,1325941
2022-02-16,1176.6007080078125,1187.4265028262657,1151.0966159841478,1165.482275874651,623551
2022-02-17,1177.136962890625,1189.1819995819687,1163.0439413698375,1180.1116721656213,846963
2022-02-18,1171.6268310546875,1181.52602146105,1161.6300154963883,1167.4329973935708,632744
2022-02-21,1171.48046875,1176.0643266278835,1150.4140332422905,1168.408252955008,578419
2022-02-22,1173.7235107421875,1178.2586748136105,1137.2961176227868,1164.8971263995766,847355
2022-02-23,1171.578125,1187.3779238920183,1168.7497336031372,1177.1860952133195,627290
2022-02-24,1119.0582275390625,1151.096779632238,1111.8898028600977,1121.5939814251842,1658545
2022-02-25,1139.5394287109375,1161.5811633308897,1123.690819219647,1126.763035024355,1201568
2022-02-28,1156.4122314453125,1162.3616519000627,1091.2135027424954,1127.6409046067474,1813314
2022-03-02,1120.4722900390625,1154.9490876534762,1109.695306967121,1145.9763840134374,1512687
2022-03-03,1077.0714111328125,1137.393629592165,1061.7104521068106,1131.6394608201172,1729863
2022-03-04,1057.2239990234375,1069.3177290963374,1036.7427222895885,1065.0263901601418,1210864
2022-03-07,1045.5694580078125,1054.2983374161972,1011.7753200511272,1037.7182525539629,1596458
2022-03-08,1048.7877197265625,1057.8580477362696,1014.3109250746969,1041.6192961344002,1378391
2022-03-09,1065.6605224609375,1083.5572360774881,1049.421769594399,1052.347666721521,1113825
2022-03-10,1099.8447265625,1106.1841705921174,1078.2906406728139,1087.458475849735,1520340
2022-03-11,1065.6116943359375,1095.0657964188326,1061.417979947965,1092.3349115180147,1395420
2022-03-14,1068.635009765625,1075.7547397084707,1048.4463691628341,1075.7547397084707,776057
2022-03-15,1055.322265625,1086.5805252182606,1046.105619209182,1072.7313278925944,1158265
2022-03-16,1108.2811279296875,1110.816881823189,1068.9278323648598,1070.878430599102,1669435
2022-03-17,1118.765625,1147.9270932356062,1115.4008905730373,1130.4692147356222,1955444
2022-03-21,1109.061279296875,1135.4918583295234,1103.1119792205677,1120.228405201049,1000399
2022-03-22,1097.16259765625,1115.7420918248317,1068.9277383216918,1111.7920831259812,1207877
2022-03-23,1113.1575927734375,1133.248730220268,1104.1360761892117,1106.9644673617656,1613189
2022-03-24,1117.8388671875,1124.2270036017162,1098.8205384819714,1106.9642605525612,838633
2022-03-25,1120.1798095703125,1131.3469364503183,1104.7212238583843,1122.0815951604234,778720
2022-03-28,1102.13671875,1124.178453062516,1086.824452514338,1120.179750842268,781636
2022-03-29,1125.10498046875,1128.9086706430521,1096.284964456861,1106.9644416240728,717636
2022-03-30,1122.4715576171875,1141.0997432906672,1108.9148787363151,1136.22324866122,1059088
2022-03-31,1124.0811767578125,1131.2982958260152,1116.9614447466502,1122.4719092150065,547446
2022-04-01,1144.123291015625,1146.9516820698364,1124.519803934117,1125.6901151713478,747142
2022-04-04,1151.145263671875,1161.5321010305177,1145.3421641650627,1148.9020287272192,712219
2022-04-05,1227.56005859375,1233.704370602608,1154.363824096551,1157.6798643682619,3238425
2022-04-06,1220.92822265625,1232.7781311935314,1210.1999319575723,1227.5603045283708,845250
2022-04-07,1218.343505859375,1251.113648651432,1215.2225965720638,1220.8793785922555,1208629
2022-04-08,1236.6304931640625,1247.2612775686082,1221.318344334857,1234.2410579003886,741622
2022-04-11,1243.7012939453125,1255.1610577183803,1228.1453218072993,1236.6303758725685,759966
2022-04-12,1224.7806396484375,1246.4322317325643,1220.1479689905896,1240.580437217388,844897
2022-04-13,1242.23828125,1247.7487443780608,1216.9293199733568,1224.9755366752443,602668
2022-04-18,1248.187744140625,1265.8406327432615,1229.5594374545528,1237.6056544386743,1154240
2022-04-19,1254.0396728515625,1273.5456555118444,1235.6551889501907,1249.3581893910668,1033067
2022-04-20,1267.2547607421875,1272.4725867001835,1246.139513099586,1258.135738695214,732477
2022-04-21,1288.1263427734375,1297.0990472646142,1265.0118007125354,1278.5683635525602,795979
2022-04-22,1283.786376953125,1297.1479282916928,1275.4963338023886,1286.4196371554456,514639
2022-04-25,1269.7418212890625,1280.1287796903966,1255.209842041825,1268.8640283577422,691797
2022-04-26,1293.1978759765625,1296.5627295178424,1264.0365262825785,1275.8863158544802,1014769
2022-04-27,1283.4935302734375,1311.484564960569,1280.5676331679508,1280.9577765930273,1444594
2022-04-28,1284.5665283203125,1302.9997066642272,1275.3986922019294,1288.3702189397038,920708
2022-04-29,1279.3973388671875,1293.2465377276162,1267.8887624780552,1291.2959396314961,875714
2022-05-02,1257.9898681640625,1278.5199675177573,1251.1627725763387,1263.0126837289076,782353
2022-05-04,1222.049560546875,1261.9880041494337,1218.9773451032063,1260.0862188559956,1052210
2022-05-05,1218.24609375,1256.3802651168232,1196.740819820603,1233.753373400594,1569668
2022-05-06,1207.956787109375,1222.781286288209,1175.4792784038796,1195.2778983981113,1004903
2022-05-09,1185.47607421875,1205.4697060751748,1163.7756689111668,1204.6894191611896,858791
2022-05-10,1194.0587158203125,1201.227140274641,1169.383601380173,1169.383601380173,1059607
2022-05-11,1198.88623046875,1210.4434991784278,1173.528457849521,1193.083249356753,612932
2022-05-12,1169.919921875,1206.9812825699382,1161.0934186137908,1194.7412329289323,684197
2022-05-13,1204.445556640625,1225.26828733632,1176.2106957696722,1184.9883875291473,925407
2022-05-16,1205.4697265625,1218.0998026936957,1197.4723213060388,1205.4697265625,335027
2022-05-17,1221.7083740234375,1226.8773875352197,1199.959157671332,1210.394928898622,594675
2022-05-18,1211.80908203125,1244.6766127307171,1207.9566983663342,1222.0497221610917,729101
2022-05-19,1185.0372314453125,1196.9846455450083,1166.7503731294519,1188.011822298319,793986
2022-05-20,1198.98388671875,1226.0972484602098,1192.7907614413305,1192.7907614413305,586525
2022-05-23,1214.68603515625,1242.5308679268658,1200.544200317208,1201.5683118413647,597894
2022-05-24,1187.6217041015625,1225.2683457992034,1180.697104083031,1219.1239136523675,366642
2022-05-25,1199.0814208984375,1211.272659547025,1175.3817243986225,1189.8648921021313,761679
2022-05-26,1143.781982421875,1210.3461438376014,1137.003701518782,1208.3955457008767,1375381
2022-05-27,1152.1695556640625,1162.5565147791,1121.5939530167493,1143.8308198811942,1235041
2022-05-30,1187.5242919921875,1196.5946222497068,1157.6801600348247,1157.6801600348247,615374
2022-05-31,1172.114501953125,1187.3778375713473,1165.628739149516,1184.9884024066278,2007784
2022-06-01,1161.7276611328125,1180.9898202539187,1153.3888053849355,1167.6769624174296,1027857
2022-06-02,1142.270263671875,1161.1423965897131,1140.3684780399542,1158.6553362509862,1052575
2022-06-03,1127.5919189453125,1155.4366328827664,1124.6660220587469,1151.8280743446883,2326132
2022-06-06,1120.7650146484375,1134.9555455011591,1114.279251648398,1127.5921085316224,332039
2022-06-07,1104.8675537109375,1121.496450868868,1084.6789101075547,1111.5483286870767,638957
2022-06-08,1081.7044677734375,1118.7658424738336,1072.3416179759354,1106.1844572513644,1469147
2022-06-09,1104.08740234375,1113.7427682646144,1065.3192628179443,1074.291966985538,1870191
2022-06-10,1095.69970703125,1113.4014091964013,1079.2659412958587,1096.2361691488554,901223
2022-06-13,1065.56298828125,1082.2892711730397,1052.0550016563714,1082.2892711730397,500303
2022-06-14,1099.301025390625,1102.6796756006827,1064.4856978810976,1067.472710624304,1446380
2022-06-15,1090.5848388671875,1106.4500998709618,1084.1212671459957,1101.7492552296706,412426
2022-06-16,1070.802490234375,1104.4915619228827,1062.8699185912496,1102.7287150922064,478120
2022-06-17,1047.5433349609375,1081.1343776802391,1041.6183238064132,1059.6380709182108,1136315
2022-06-20,1049.061279296875,1062.5761201649636,1035.5954528892544,1047.5433851394037,602545
2022-06-21,1083.093017578125,1085.5903639338972,1051.8033837302712,1070.4107061612535,590641
2022-06-22,1078.4903564453125,1083.5828397078358,1067.717694542113,1077.266190319949,410868
2022-06-23,1073.9852294921875,1088.0386298293688,1062.086313276283,1082.16263362867,846567
2022-06-24,1083.974365234375,1089.8993758345082,1064.5836496790666,1082.1136092117958,2337913
2022-06-27,1079.6163330078125,1096.8035492190022,1074.3279128091995,1093.4739138600996,691858
2022-06-28,1083.6807861328125,1086.3249369433036,1052.9786064081406,1080.204106782478,913805
2022-06-29,1075.89501953125,1086.080104838689,1061.5967841705492,1062.7719357436342,933631
2022-06-30,1075.5030517578125,1085.1005593981806,1064.4855596159086,1075.3072330498217,1374865
2022-07-01,1088.2833251953125,1096.8524852362204,1069.6760062493408,1077.1189099182427,1848135
2022-07-04,1109.6820068359375,1112.6200053287769,1087.0104278900342,1088.1856990156487,693543
2022-07-05,1133.185791015625,1139.796286435852,1111.7383819649558,1115.8516508437851,1358545
2022-07-06,1172.4571533203125,1175.1993329161,1135.0466890414666,1138.7682014146842,1415708
2022-07-07,1196.79345703125,1206.3419499241918,1169.8618104101317,1174.170778231561,1067111
2022-07-08,1193.4149169921875,1207.7131518527303,1185.1396027148157,1199.6336563148682,488079
2022-07-11,1198.9970703125,1202.8163721977992,1186.1188214207432,1190.8685610978691,355695
2022-07-12,1195.667236328125,1198.2624917167755,1187.0980757837208,1196.5486596078947,356739
2022-07-13,1203.1593017578125,1217.3106122225113,1197.3322001478236,1208.4966174437482,699876
2022-07-14,1216.08642578125,1223.1865881222316,1204.9710231293416,1209.1820821686244,501292
2022-07-15,1229.6502685546875,1233.7635381394493,1218.2900317182546,1221.2280301870285,377925
2022-07-18,1236.211669921875,1238.8558202964152,1222.9416645020938,1234.4488233072186,519695
2022-07-19,1232.68603515625,1249.6285388705755,1226.5163108072243,1231.8047313545678,907167
2022-07-20,1197.9688720703125,1250.3141634805593,1191.3583755352831,1243.8016958655012,1405925
2022-07-21,1231.0211181640625,1233.959116059442,1172.5550078649842,1175.1991581518496,2812165
2022-07-22,1201.1026611328125,1233.8614149228792,1193.2191038449719,1223.7742392941975,1380188
2022-07-25,1200.955810546875,1205.3137935067714,1165.6018022982303,1194.9328901676972,1023851
2022-07-26,1185.53125,1200.2701354338324,1181.7118285534352,1194.7858962131634,710968
2022-07-27,1195.7652587890625,1200.3680747836022,1175.2482859924569,1182.0546006211289,693406
2022-07-28,1199.9273681640625,1208.300710410956,1177.4027164866307,1189.8892081773809,885351
2022-07-29,1223.529296875,1227.00597581319,1201.7391440855856,1203.1102337885668,1027274
2022-08-01,1261.28271484375,1266.277288126404,1223.1376312262387,1232.7841547745268,1026659
2022-08-02,1263.5350341796875,1280.9181900512394,1248.6492245762688,1262.3598827284789,1040083
2022-08-03,1253.0072021484375,1276.8050350893127,1238.5620445127195,1263.3392101746604,912780
2022-08-04,1282.8280029296875,1289.5854228657756,1245.7112675117871,1253.9865814934924,957136
2022-08-05,1262.751708984375,1293.698600887173,1256.4839552901158,1287.8226042139534,1078846
2022-08-08,1277.9803466796875,1280.9673596722216,1259.4220371089275,1269.9988796408038,576588
2022-08-10,1281.946533203125,1289.732180524683,1268.5297227296053,1278.0292023148038,547484
2022-08-11,1281.1629638671875,1297.5178913479554,1272.397984202149,1292.7191373075518,492587
2022-08-12,1270.341552734375,1288.8019519203995,1267.0608117966533,1282.925955179121,477595
2022-08-16,1274.4547119140625,1288.8019613046436,1262.4089902352082,1273.1326365471402,781060
2022-08-17,1320.630126953125,1324.841305321528,1264.073664341673,1274.454566902857,1200211
2022-08-18,1329.933837890625,1334.781487050701,1314.9011045014254,1320.140510660208,884432
2022-08-19,1322.09912109375,1341.6857747395834,1304.960799153646,1336.789111328125,864242
2022-08-22,1260.5482177734375,1316.2232626757898,1255.8963870459747,1316.2232626757898,858252
2022-08-23,1264.955322265625,1270.1947291974623,1248.6984205739795,1248.6984205739795,537982
2022-08-24,1272.2510986328125,1278.029185526676,1263.143376165575,1263.3391948884382,379795
2022-08-25,1284.05224609375,1301.876055532709,1269.2153300162436,1273.1326612817256,548190
2022-08-26,1296.2935791015625,1301.0433181525877,1281.652485463896,1288.1161760584152,417728
2022-08-29,1315.7333984375,1319.6507289873698,1261.3804370580574,1261.3804370580574,1011777
2022-08-30,1362.7413330078125,1367.588981630367,1320.238273631175,1322.0990295081185,1448064
2022-09-01,1356.3267822265625,1370.086454553387,1346.0928032763622,1356.9633723944223,529228
2022-09-02,1353.7315673828125,1376.501051452739,1346.5823912322028,1366.1690441955802,688481
2022-09-05,1351.2833251953125,1373.0244636045934,1338.160242931827,1357.453049558646,459330
2022-09-06,1349.8634033203125,1361.1257310405163,1341.6859979720925,1351.4793264244436,281833
2022-09-07,1339.1396484375,1359.999364629493,1333.1657424730547,1343.6445552526166,373109
2022-09-08,1321.0218505859375,1344.3298961937448,1316.4679298019246,1343.6444111498909,380987
2022-09-09,1318.2799072265625,1336.2996553266087,1302.8065201392408,1336.2996553266087,321642
2022-09-12,1354.9559326171875,1359.216006354237,1320.8751036258734,1323.7151926330596,484016
2022-09-13,1350.05908203125,1361.272393134133,1342.6650726524433,1357.74681947867,575609
2022-09-14,1340.4127197265625,1349.12880532317,1333.4594809418381,1341.636885693854,404187
2022-09-15,1330.325439453125,1349.2264870709464,1323.1273686892869,1342.3711588106362,458162
2022-09-16,1275.43408203125,1333.3126281383409,1267.6484338835378,1331.6968246134127,1054550
2022-09-19,1286.2066650390625,1292.719251846112,1257.8550292664204,1278.567941188446,370467
2022-09-20,1292.131591796875,1325.3798892331451,1289.0466698740115,1293.0619100454207,580519
2022-09-21,1287.1370849609375,1318.9653994303233,1284.199086702225,1293.6985665864133,383657
2022-09-22,1286.2554931640625,1299.721316753411,1271.173746834504,1279.1063171849235,414650
2022-09-23,1279.44921875,1297.6158890151944,1266.2772411295446,1285.8638960580759,367687
2022-09-26,1266.13037109375,1280.0858633231626,1243.9974739937875,1255.5046342531277,679026
2022-09-27,1286.7451171875,1301.3860916263127,1253.5457183924625,1270.6350243125105,455865
2022-09-28,1292.03369140625,1298.301325108818,1269.2642059113632,1279.889941899487,719495
2022-09-29,1305.9403076171875,1308.8783060595208,1282.925986485576,1298.595311511354,715783
2022-09-30,1320.67919921875,1324.890258224044,1281.603799430834,1304.667013465193,617890
2022-10-03,1295.803955078125,1325.8205232118642,1290.4665206735726,1321.1686933565559,639263
2022-10-04,1315.5377197265625,1340.1189476334048,1308.8291948080464,1321.1198685351944,799269
2022-10-06,1324.5965576171875,1332.5291289754246,1312.6486263496677,1324.2536955170378,457774
2022-10-07,1322.8336181640625,1333.1656257621496,1300.7986328531674,1326.4082063573192,568417
2022-10-10,1317.5943603515625,1321.805419622567,1292.719283561419,1296.6366147237263,391374
2022-10-11,1252.9583740234375,1324.2048332783927,1248.7471952794194,1324.2048332783927,1009006
2022-10-12,1243.948486328125,1259.226173788402,1219.2693473572285,1255.5046612947526,1001404
2022-10-13,1205.509521484375,1241.7938453037514,1198.703207138637,1241.7938453037514,1498795
2022-10-14,1227.5936279296875,1241.3533011754052,1212.5608938106823,1222.1582832339516,929681
2022-10-17,1206.537841796875,1240.8144850297408,1197.8707716317679,1228.0831604003906,868754
2022-10-18,1231.0701904296875,1236.3095963463527,1208.9861907266381,1212.6096738154674,982630
2022-10-19,1222.843994140625,1255.161978377703,1219.2694053079395,1236.9464111717525,702501
2022-10-20,1184.796875,1209.4269994013782,1167.5116270867509,1194.7860217894188,3106479
2022-10-21,1141.85302734375,1193.1700898385393,1135.242530961102,1189.8893488766432,1432485
2022-10-24,1151.646240234375,1165.4059124822413,1148.757256589638,1165.4059124822413,217790
2022-10-25,1151.4503173828125,1161.1946290432836,1137.1520851717055,1155.6124809795608,764317
2022-10-27,1161.9783935546875,1165.40605843243,1151.4015512558112,1162.4680599657936,735441
2022-10-28,1162.810546875,1166.5809535020185,1147.7778152688081,1155.6124761238852,564137
2022-10-31,1191.1624755859375,1194.7859589539469,1163.5452202160698,1168.2460652506084,718591
2022-11-01,1195.5203857421875,1208.251710759307,1189.8892227538463,1194.7858862219691,689552
2022-11-02,1194.9815673828125,1208.496404818066,1187.9304206193792,1194.7857486856083,677069
2022-11-03,1182.152587890625,1194.1984290367081,1173.2406834036453,1191.6521876900654,495954
2022-11-04,1183.964111328125,1188.0773800195868,1173.3873908660184,1188.0773800195868,542314
2022-11-07,1206.978759765625,1210.3575299290678,1185.5803602537035,1189.8894488338717,591151
2022-11-09,1178.1864013671875,1215.3030197473179,1173.436541534288,1210.455370089005,781273
2022-11-10,1201.3963623046875,1204.4812841487678,1158.648467015863,1160.5092230128832,783233
2022-11-11,1210.89599609375,1220.1017483487312,1201.6903633862303,1207.4194363726008,625997
2022-11-14,1214.0787353515625,1217.9960662644303,1203.599922978622,1210.8959039848573,466101
2022-11-15,1213.2462158203125,1222.0602095706197,1202.7674044028124,1217.8001365007929,798880
2022-11-16,1207.07666015625,1215.2050504637164,1192.8273204549844,1213.2463849128872,595800
2022-11-17,1198.3114013671875,1209.1819698249524,1188.958846329232,1204.5791542091463,389060
2022-11-18,1196.303955078125,1205.3137684574442,1185.9719468632663,1202.081922599942,906381
2022-11-21,1209.084228515625,1216.3313150105257,1189.9872392702907,1189.9872392702907,695606
2022-11-22,1215.00927734375,1225.9288621090777,1202.96343593492,1207.7131761645126,685087
2022-11-23,1215.1561279296875,1225.2921980153171,1203.5999536235147,1218.4857636524393,575291
2022-11-24,1217.3106689453125,1223.5784227673146,1208.1539311857468,1220.2486673418016,242093
2022-11-25,1220.73828125,1228.9647003159291,1210.4552873044524,1220.052796139279,329119
2022-11-28,1196.303955078125,1223.0886815787997,1193.3169424053592,1219.2692599874208,684369
2022-11-29,1209.3289794921875,1215.0580519667924,1196.744578010973,1202.1309079447376,298865
2022-11-30,1227.6424560546875,1235.2811787773735,1191.1133014372658,1207.5171228547986,1931733
2022-12-01,1224.5577392578125,1244.3402137117303,1217.898228495476,1233.1269011334505,611094
2022-12-02,1213.3443603515625,1227.0061250409992,1206.5870594712105,1223.1867030994106,444917
2022-12-05,1208.83935546875,1214.3726094130666,1192.5824557360982,1214.3726094130666,658970
2022-12-06,1197.185302734375,1220.003804206181,1192.8273197055014,1205.9504027973032,543852
2022-12-07,1180.8304443359375,1202.0819168504333,1176.374432576066,1198.7032667362118,450207
2022-12-08,1187.3919677734375,1198.409461423002,1176.9131549657232,1180.830486041124,526779
2022-12-09,1157.5711669921875,1195.7161250567528,1155.9063493425622,1193.3658223860912,920352
2022-12-12,1142.88134765625,1159.5300048200513,1135.389428023048,1159.4320954521088,589078
2022-12-13,1127.799560546875,1155.1719823843741,1120.111822440056,1153.6539688169494,1338319
2022-12-14,1131.3741455078125,1137.0053087509805,1126.8202243668902,1136.4177330177058,2024261
2022-12-15,1130.78662109375,1143.7137660022875,1124.8127150306752,1135.046694787646,615540
2022-12-16,1129.9051513671875,1136.0259810062296,1116.4393261612947,1126.2326535837622,712922
2022-12-19,1138.4742431640625,1141.1674080403645,1126.134675276677,1128.2402644530932,523406
2022-12-20,1148.022705078125,1152.6745351904058,1127.4077048668298,1127.4077048668298,535004
2022-12-21,1132.402587890625,1157.473484179899,1127.6038331618372,1153.703076731374,526005
2022-12-22,1114.7744140625,1139.0128973837045,1110.9549927811852,1134.067219634542,697173
2022-12-23,1078.049560546875,1111.2488457968775,1003.3264224107244,1107.625362368501,868844
2022-12-26,1087.5980224609375,1095.089822285593,1067.1788391895634,1075.943938942929,537211
2022-12-27,1086.9124755859375,1099.8886350834503,1079.8123128420154,1093.914728960125,569944
2022-12-28,1087.8428955078125,1098.517527129306,1082.2117320452533,1086.9124576420452,237041
2022-12-29,1080.05712890625,1089.1159570909947,1076.2377071675146,1085.1007166158968,608371
2022-12-30,1077.2169189453125,1093.5718462080888,1073.691345254591,1086.9613507076942,382009
2023-01-02,1077.853515625,1089.507598339196,1076.286607258226,1081.1342561689369,461228
2023-01-03,1104.6383056640625,1110.5633165031884,1078.490169575958,1081.6730009504158,998855
2023-01-04,1125.008544921875,1130.1990565389751,1097.0485458885105,1105.6667222779515,2421079
2023-01-05,1142.979248046875,1147.288336129623,1122.3153505800667,1131.0314361127366,2453274
2023-01-06,1167.854248046875,1173.0936540971763,1142.9791734871626,1142.9791734871626,1198621
2023-01-09,1161.92919921875,1178.2351120937903,1152.6745533005235,1178.2351120937903,570085
2023-01-10,1157.179443359375,1168.3928740081428,1148.9041302284354,1162.9085154921365,509356
2023-01-11,1163.8392333984375,1172.212457901131,1151.5975722417463,1152.6748145140407,420758
2023-01-12,1167.9522705078125,1173.2406915243425,1160.6072745258155,1167.8053466786805,578505
2023-01-13,1148.3656005859375,1177.843493525595,1138.9640297528435,1166.3853477520522,962496
2023-01-16,1154.045654296875,1172.0653995226642,1147.6309774223657,1147.6309774223657,929746
2023-01-17,1153.751953125,1165.3570229493662,1147.8270613859795,1156.9347847397712,725215
2023-01-18,1177.94140625,1185.482220136973,1151.0586522061578,1153.7518171011407,927227
2023-01-19,1180.53662109375,1198.605382142759,1163.8390693579884,1175.199305400704,1825960
2023-01-20,1129.7581787109375,1189.791321034626,1113.109522812405,1188.9098976952139,3037526
2023-01-23,1175.1993408203125,1179.4594145212943,1131.129365539551,1136.0260294596355,1252028
2023-01-24,1168.735595703125,1182.0544956887209,1159.285011823963,1182.0544956887209,530155
2023-01-25,1159.015869140625,1174.0864877725799,1153.9595709429461,1167.361176118766,266216
2023-01-27,1149.8851318359375,1162.8449752385516,1130.3473903878019,1159.5068283083901,505303
2023-01-30,1155.1376953125,1163.0902572453704,1141.2451910313978,1145.2705500493967,457495
2023-01-31,1160.2431640625,1164.415817709435,1136.9253936825683,1158.4758745784206,971218
2023-02-01,1176.197265625,1191.169726644016,1153.7631430842841,1164.5138130568105,774523
2023-02-02,1176.9827880859375,1191.8079554543735,1163.335733679059,1169.717438559733,470914
2023-02-03,1175.1175537109375,1182.5300788018953,1160.0469334484808,1178.1611126154448,353228
2023-02-06,1177.6209716796875,1180.2227678800327,1155.1868464157874,1178.161010082136,429582
2023-02-07,1177.130126953125,1195.391719352409,1169.2267017124589,1184.4936336145327,614821
2023-02-08,1207.90966796875,1212.5240841551888,1174.282987902098,1178.1610534301428,652437
2023-02-09,1212.2784423828125,1220.6728865015866,1201.724084613535,1212.5238925634933,666625
2023-02-10,1179.0938720703125,1217.8750118682956,1174.5285932642382,1212.3279320546771,1706011
2023-02-13,1162.0594482421875,1180.0754696552463,1147.823336086837,1179.0936688169463,1262978
2023-02-14,1180.0264892578125,1187.4390139147768,1156.1196620504538,1160.7832161815115,661062
2023-02-15,1195.9805908203125,1199.5150495010314,1168.3428761254163,1176.2464199916362,728523
2023-02-16,1205.0133056640625,1208.744197008137,1196.7661541684054,1201.8715907365465,471441
2023-02-17,1204.71875,1209.578616143225,1193.8698029465597,1202.509698144219,736168
2023-02-20,1193.5753173828125,1210.560521051582,1190.580896518979,1207.6151183239626,349234
2023-02-21,1194.5570068359375,1201.7242007439195,1188.5190276866758,1194.8515950207109,260195
2023-02-22,1179.781005859375,1194.1152741840467,1172.0247552371682,1191.7099100604364,522972
2023-02-23,1178.2100830078125,1185.0335505416135,1163.433933216083,1184.0517497540895,480624
2023-02-24,1159.4085693359375,1180.1245419003833,1156.610461072392,1180.1245419003833,523520
2023-02-27,1148.0687255859375,1165.397533435324,1131.672700392851,1165.397533435324,384735
2023-02-28,1175.2646484375,1184.0517173055425,1145.712349663912,1153.6158937263785,1124099
2023-03-01,1192.4461669921875,1195.784193713988,1171.0428623770981,1175.264653605812,302995
2023-03-02,1176.2464599609375,1195.3915749681728,1171.5829063053288,1195.3915749681728,673931
2023-03-03,1183.119140625,1187.291794161296,1173.2519943232064,1180.1737381287912,561235
2023-03-06,1202.7060546875,1204.2278939614978,1188.5190801859876,1188.5190801859876,417893
2023-03-08,1199.662353515625,1206.2403705634156,1179.7317504654216,1201.7241111090575,846149
2023-03-09,1188.17529296875,1203.1477553293935,1186.6044356416419,1199.7605904725438,219314
2023-03-10,1193.673583984375,1196.6189866888778,1169.5211859284568,1182.23557951214,355348
2023-03-13,1183.51171875,1197.895124346525,1176.1973507768976,1193.6734528431248,404702
2023-03-14,1155.3831787109375,1187.6843277354078,1143.7978818395106,1187.6843277354078,492822
2023-03-15,1164.8084716796875,1172.1719775443407,1153.665056774258,1168.3429305249754,305378
2023-03-16,1163.4830322265625,1168.3428980225444,1147.7250821750877,1163.7775005437197,419044
2023-03-17,1171.484619140625,1175.1173538626297,1159.0649354029752,1175.1173538626297,520672
2023-03-20,1151.3577880859375,1177.1791979146346,1141.1961734414922,1177.1791979146346,555437
2023-03-21,1180.4681396484375,1185.475299638814,1154.6468511358682,1163.139331973564,524540
2023-03-22,1170.99365234375,1189.9424538805097,1168.8828767080029,1182.038910269621,354856
2023-03-23,1169.226806640625,1179.5847350312963,1162.6486681901908,1168.0485735598186,178081
2023-03-24,1159.948486328125,1175.8537309108865,1152.6341184393598,1169.7174760214093,253493
2023-03-27,1146.6453857421875,1167.7049687728202,1141.1473242372178,1159.556092567754,269418
2023-03-28,1123.18017578125,1151.1123621083432,1111.202253314686,1148.7069979580965,943699
2023-03-29,1158.1322021484375,1162.0103872258403,1115.37484912766,1117.2893127521982,607826
2023-03-31,1166.8702392578125,1172.6628878902602,1156.365018741218,1164.0229929962302,492712
2023-04-03,1167.3121337890625,1176.9829685469217,1152.6833962370836,1168.3430726750378,703176
2023-04-05,1179.044677734375,1187.6844534003915,1160.537755477573,1167.3120855382747,636055
2023-04-06,1172.8101806640625,1179.0936098358827,1157.9848928683398,1178.1609470256456,554814
2023-04-10,1148.4615478515625,1177.7192612118536,1140.9017292225965,1172.8102569466193,795946
2023-04-11,1151.65234375,1161.1267454837596,1137.0726257720162,1149.6396041611576,506156
2023-04-12,1160.34130859375,1166.8211702227836,1149.934243571516,1153.0759583465817,498818
2023-04-13,1164.6119384765625,1175.6571963143474,1158.083059722535,1161.4702241866353,622876
2023-04-17,1193.084228515625,1199.7605215834024,1154.3030987263087,1164.6120066449878,923153
2023-04-18,1187.97900390625,1200.5951205978217,1183.8063503801332,1195.8334105436468,799192
2023-04-19,1193.47705078125,1215.2239628768064,1186.6535830334121,1192.3970938508435,1049172
2023-04-20,1183.904541015625,1202.706051421886,1179.8300434839175,1192.8880428388502,572387
2023-04-21,1186.653564453125,1200.251481604212,1181.4009541270982,1183.315417753355,485085
2023-04-24,1180.0264892578125,1191.2190431420988,1174.921052826148,1186.653645128263,348301
2023-04-25,1193.771728515625,1195.8334864190128,1171.4847763586693,1178.2592264830082,394974
2023-04-26,1197.69873046875,1207.2712875540565,1189.9916187339143,1195.8332851182793,692419
2023-04-27,1198.9752197265625,1206.535158619946,1192.4463395738023,1197.6007943357142,351744
2023-04-28,1207.811279296875,1211.3948761364084,1190.3843153410585,1198.7787600029292,584411
2023-05-02,1203.2950439453125,1220.3784019406153,1197.8461213808823,1210.5603938799507,680387
2023-05-03,1218.70947265625,1227.2510923192965,1189.7953650119637,1199.2697674144165,2137153
2023-05-04,1233.2401123046875,1237.0691598644933,1191.6117293045777,1222.1458338119753,1145568
2023-05-05,1262.399658203125,1271.33402251569,1233.240099262591,1251.5015722215276,1216747
2023-05-08,1235.00732421875,1273.3957138269784,1232.74913430408,1261.6141035217172,792674
2023-05-09,1216.9913330078125,1244.874382218522,1214.4876928155438,1244.874382218522,658368
2023-05-10,1232.8472900390625,1235.0073238369353,1205.1605537697535,1220.4276050584294,482371
2023-05-11,1258.7177734375,1262.59583868838,1232.847226275903,1239.081757283715,600835
2023-05-12,1282.1827392578125,1298.8243351480583,1254.7414541430812,1261.0250033917916,1404037
2023-05-15,1274.6719970703125,1293.0316236657875,1270.9902441555466,1284.1462786919947,478721
2023-05-16,1267.652099609375,1279.43370895583,1264.5102652077503,1275.9974062297806,378732
2023-05-17,1246.1016845703125,1268.4867935728612,1240.2108790274044,1268.4867935728612,436672
2023-05-18,1241.38916015625,1253.5143780655756,1238.1001509037405,1251.0598756609045,261779
2023-05-19,1236.6273193359375,1243.4507873634188,1229.116518798223,1241.9780860755823,314141
2023-05-22,1240.750732421875,1254.1523370029429,1234.1235771745178,1236.6272170963439,444646
2023-05-23,1227.0057373046875,1241.9782017927023,1223.864022204079,1241.4873013176855,520570
2023-05-24,1250.1761474609375,1252.7288058218285,1219.6421635526522,1226.2693196033508,561655
2023-05-25,1255.1341552734375,1259.650414942613,1243.9416022854955,1250.8142078229844,434611
2023-05-26,1265.6885986328125,1268.8794514177134,1251.796092538035,1255.1342394212174,390311
2023-05-29,1273.98486328125,1276.3412094838925,1260.632394597937,1270.9904423528624,319481
2023-05-30,1264.903076171875,1278.3046814797156,1262.1541057553527,1273.9847338551986,408031
2023-05-31,1284.1463623046875,1294.2589589085153,1256.7542147142676,1260.1413796769045,2068480
2023-06-01,1307.6605224609375,1335.1509451336256,1286.551805051552,1287.0427054564213,1247361
2023-06-02,1311.650146484375,1322.388078170658,1306.5275230539573,1314.1622738955546,944335
2023-06-05,1327.166015625,1333.7171488830907,1307.2664538047393,1311.206970621031,953995
2023-06-06,1314.75341796875,1332.7813305911889,1302.2423251194277,1329.8259429648895,796420
2023-06-07,1325.8360595703125,1336.8202737854351,1316.4281482195315,1316.4281482195315,785794
2023-06-08,1335.2933349609375,1346.7209299613246,1321.058266027825,1324.998782854157,810757
2023-06-09,1325.8360595703125,1344.5043293565138,1323.4225412237047,1335.835144622734,659862
2023-06-12,1326.5257568359375,1340.317565474514,1316.2803892248467,1326.476452274503,596601
2023-06-13,1330.219970703125,1339.775675581364,1309.2366712114947,1322.1418393296924,1257080
2023-06-14,1340.7115478515625,1346.228367621728,1324.9987850821542,1333.6679702166741,643835
2023-06-15,1335.1456298828125,1353.2719106468176,1333.1260669555595,1341.4503604502784,414903
2023-06-16,1330.7618408203125,1348.641960994068,1328.5946045438125,1337.8055391014934,844325
2023-06-19,1317.0684814453125,1336.6725772551672,1313.078780200175,1333.864982988952,573868
2023-06-20,1326.7720947265625,1329.8259712877746,1308.202312541787,1316.1326509432713,594117
2023-06-21,1319.4820556640625,1342.9280581357964,1315.147463195036,1329.9244009837441,717308
2023-06-22,1305.690185546875,1328.3481557554196,1301.5525710079537,1321.0581760721009,377770
2023-06-23,1265.841796875,1307.118736996311,1259.1921743577075,1302.784144193291,1287346
2023-06-26,1271.210693359375,1275.9885457390471,1257.0248093904838,1260.916021474283,1013995
2023-06-27,1266.7777099609375,1285.544349773532,1264.314886868337,1277.6141315683792,953208
2023-06-28,1270.2747802734375,1280.6679412835574,1261.9011821958143,1274.4615793122491,1172777
2023-06-30,1263.723876953125,1285.4952097914295,1261.3595426516943,1277.1707952983757,1416091
2023-07-03,1271.4075927734375,1314.950371158929,1263.920635662295,1270.7180505052468,1613382
2023-07-04,1258.5518798828125,1278.2051596693577,1255.0546230587759,1278.2051596693577,635541
2023-07-05,1267.9595947265625,1274.7077047666378,1254.7588412127216,1258.9949442916077,551843
2023-07-06,1289.287841796875,1307.6112208843003,1269.2404866077156,1271.4077227478838,952091
2023-07-07,1265.2999267578125,1292.2924899976733,1257.0248177000049,1290.5685139545894,405412
2023-07-10,1271.94970703125,1289.2879584869238,1259.9803621048904,1265.3000843227214,643139
2023-07-11,1288.2042236328125,1295.9374638090212,1271.2107449169587,1278.8454962240814,659349
2023-07-12,1271.506103515625,1304.2124623609009,1265.8909156493826,1297.0702762609335,875900
2023-07-13,1253.3800048828125,1277.4663671740152,1248.1587717057855,1275.7423909700017,1516583
2023-07-14,1261.7041015625,1264.2162288829215,1239.8834678299745,1255.251457821036,828040
2023-07-17,1279.1903076171875,1282.638259928824,1256.5816398471834,1264.0192933949797,433028
2023-07-18,1314.556396484375,1351.5972294503772,1300.7645880205955,1307.2664165310864,4395179
2023-07-19,1343.71630859375,1364.404023022246,1323.028594165254,1333.8650160087518,3717564
2023-07-20,1328.0035400390625,1387.357577640937,1317.9059651773327,1347.5583316958928,4310236
2023-07-21,1283.86962890625,1327.9541605721274,1262.6400465606705,1317.9550751488612,2337996
2023-07-24,1277.4171142578125,1292.440336071638,1271.4078495832907,1285.1011708941137,699741
2023-07-25,1284.6085205078125,1289.4356778030585,1271.4570692913503,1276.7274866396663,518803
2023-07-26,1281.06201171875,1289.878869791475,1276.727419268992,1289.878869791475,501602
2023-07-27,1295.1986083984375,1300.1735589324035,1274.1661241480122,1285.593598752585,709401
2023-07-28,1305.394775390625,1309.4337813582656,1291.2581943763641,1302.0946163776152,563551
2023-07-31,1314.211669921875,1318.1028821970515,1290.519264333436,1290.519264333436,567110
2023-08-01,1301.3555908203125,1318.1520907190556,1298.5971811329164,1316.1325278848883,346660
2023-08-02,1292.63720703125,1315.147383514559,1280.9141463781311,1301.2077823274267,763382
2023-08-03,1282.096435546875,1290.8641100681082,1264.462717883822,1287.7117445179072,504649
2023-08-04,1294.410400390625,1305.8871790555336,1274.7571219220433,1274.7571219220433,588755
2023-08-07,1300.3212890625,1303.7692413940852,1292.4895597256273,1300.3212890625,451200
2023-08-08,1303.8677978515625,1320.073125053378,1294.2627881730025,1305.2961870863624,731893
2023-08-09,1292.538818359375,1313.029433620216,1289.9282019215073,1312.192097849021,528665
2023-08-10,1271.7032470703125,1295.8880956122584,1267.910523884022,1295.2478578671235,388643
2023-08-11,1281.5052490234375,1291.9475941115254,1272.442108816046,1276.5304188979223,484186
2023-08-14,1256.729248046875,1279.338034902891,1253.1828070464294,1277.5647542751547,749601
2023-08-16,1250.9664306640625,1260.9655172148607,1244.1690143718176,1260.9655172148607,433375
2023-08-17,1277.0230712890625,1278.648438317512,1250.867842082663,1251.803666750863,733247
2023-08-18,1267.02392578125,1282.5888947566693,1263.8714402351325,1275.6929904592612,585202
2023-08-21,1271.210693359375,1273.3779294114868,1262.9355843562698,1267.8119256010334,256366
2023-08-22,1299.631591796875,1301.3555677571892,1276.4810574726555,1277.71246887288,712933
2023-08-23,1319.876220703125,1326.1317674059744,1302.3408719052607,1308.3009519853588,1057129
2023-08-24,1315.5416259765625,1330.6633359300165,1310.7144685951412,1327.4616658639254,579338
2023-08-25,1288.8446044921875,1313.3742258255124,1286.3324768833377,1311.7980431271308,501479
2023-08-28,1296.3314208984375,1303.325813533821,1285.741282957781,1290.5191350939572,483634
2023-08-29,1318.9896240234375,1322.8316522867783,1291.8000798025514,1297.1196817386729,718024
2023-08-30,1333.8157958984375,1344.1104694546211,1315.6402080302876,1327.9543245412412,1357809
2023-08-31,1363.9605712890625,1378.1956389720049,1329.9243120887825,1339.7756032894401,1921612
2023-09-01,1357.261962890625,1368.985026214651,1348.6420810722304,1368.985026214651,848245
2023-09-04,1338.9876708984375,1360.5128418965828,1335.884609866704,1358.493278768117,568970
2023-09-05,1339.1846923828125,1356.9662027392746,1331.8947120675311,1343.6669582030972,611500
2023-09-06,1332.8797607421875,1354.5526023802718,1328.1510926464136,1339.7756648997597,1007504
2023-09-07,1350.02099609375,1351.8434609498377,1331.5005201791291,1334.2589298702503,765717
2023-09-08,1428.6837158203125,1432.3779505621337,1355.5378679322532,1355.9319436890548,4377612
2023-09-11,1424.546142578125,1444.051628787976,1414.9411327782273,1444.051628787976,818704
2023-09-12,1395.533935546875,1433.362919112604,1389.0321071812864,1433.362919112604,717778
2023-09-13,1377.7032470703125,1399.5730681745633,1353.0750159821769,1395.5340623271159,1313648
2023-09-14,1371.2012939453125,1390.953061336361,1365.980061325421,1390.0665413014945,601680
2023-09-15,1409.769287109375,1416.8128651717245,1363.9114715807902,1374.255328895054,1526334
2023-09-18,1404.6956787109375,1419.3741270935454,1394.0070514869155,1413.6603299228584,824119
2023-09-20,1392.1844482421875,1406.4688207280287,1382.8750259999756,1403.8090201602602,524300
2023-09-21,1392.332275390625,1398.8834083610673,1376.6195133775932,1392.7263511059568,406806
2023-09-22,1371.8909912109375,1396.7655051671088,1367.704191832176,1390.4606538163193,350916
2023-09-25,1376.0284423828125,1393.0711044945883,1357.0154017195066,1369.329516072678,466853
2023-09-26,1378.98388671875,1388.884362914139,1374.5508053687176,1376.0284991520618,322754
2023-09-27,1385.73193359375,1388.9827876139075,1367.359251018612,1373.3193304381014,346769
2023-09-28,1354.7003173828125,1395.5338708214397,1347.705924764612,1389.8201941460868,1016134
2023-09-29,1368.295166015625,1374.895603865456,1354.7004550916258,1354.7004550916258,389818
2023-10-03,1367.0638427734375,1380.8064682720774,1348.6419734874214,1364.4040418408172,755516
2023-10-04,1372.8759765625,1388.4410654292153,1354.552598194295,1365.4383235399753,678164
2023-10-05,1390.362060546875,1403.8090980635418,1372.2849639315887,1377.161305328114,539631
2023-10-06,1378.6390380859375,1397.898362428598,1374.2552611613066,1393.2683031990994,313649
2023-10-09,1363.9605712890625,1377.1120209909366,1359.4781856907555,1369.7235525904432,370048
2023-10-10,1378.5897216796875,1385.0915498541724,1365.684554192221,1370.2653084197993,563800
2023-10-11,1370.2655029296875,1398.4894804204723,1365.4384657356402,1382.0870541086517,502182
2023-10-12,1367.457763671875,1379.2793135981588,1364.0591161700781,1379.1808247331114,386010
2023-10-13,1370.3148193359375,1379.180982796774,1359.330603886227,1366.3743022422325,290082
2023-10-16,1393.218994140625,1398.8834871343026,1364.354660001264,1370.3147398618414,622342
2023-10-17,1363.4681396484375,1403.6613395123936,1358.4931890051082,1398.8834868653037,1019606
2023-10-18,1320.4178466796875,1363.4187586013193,1315.6399943006227,1363.4187586013193,1969647
2023-10-19,1342.4354248046875,1359.0841312451562,1311.896421605078,1318.1027832605557,1898484
2023-10-20,1273.722900390625,1354.552808830491,1270.8168170118788,1310.2219896324023,3033731
2023-10-23,1265.6939697265625,1280.6678845827519,1258.6009677512448,1272.7868514468582,1347306
2023-10-25,1248.3065185546875,1281.8994009966577,1243.8241324895355,1268.206080750567,1025370
2023-10-26,1248.0601806640625,1254.3157268983937,1221.8064639982194,1247.1735403521434,758444
2023-10-27,1241.1644287109375,1263.6253045904916,1238.2582251238728,1252.2963176442347,567880
2023-10-30,1250.1783447265625,1253.7739703480552,1230.9683240148659,1243.1346464145995,497634
2023-10-31,1227.6187744140625,1260.6206025544648,1225.2051357254036,1259.0936041952107,1191513
2023-11-01,1222.299072265625,1235.7461100876776,1214.5165274240499,1231.5593109281942,778047
2023-11-02,1247.1734619140625,1249.7347735668316,1223.5303631100044,1231.4113960446905,674945
2023-11-03,1252.0992431640625,1258.0100185055137,1247.1735970461866,1258.0100185055137,422147
2023-11-06,1243.7257080078125,1251.1141775603342,1234.1206975895343,1244.710837281482,1593562
2023-11-07,1234.366943359375,1246.1884942933834,1226.5352139676083,1246.1884942933834,578997
2023-11-08,1233.430908203125,1244.3658169001135,1230.5740098305748,1239.2430735498476,968745
2023-11-09,1234.5147705078125,1241.5091642837556,1228.4562014376856,1241.1150885241873,412408
2023-11-10,1238.7015380859375,1243.2331085669496,1225.7963690131512,1236.337203844312,372182
2023-11-13,1232.10107421875,1244.8092652785817,1225.5007565099777,1243.2330825688036,472505
2023-11-15,1243.2822265625,1251.1139547916694,1235.0563023880059,1242.247792907319,553895
2023-11-16,1260.128173828125,1263.6253107058692,1243.2824867731736,1250.1290873370292,598909
2023-11-17,1261.7041015625,1267.3192893604783,1252.3946796197945,1260.9159501762845,487287
2023-11-20,1256.778564453125,1265.8910094628773,1254.0694591799554,1265.595422603793,338939
2023-11-21,1279.584228515625,1288.1056193913412,1256.7784655059977,1261.162241955432,919344
2023-11-22,1286.5787353515625,1290.1251764209744,1278.697701750634,1285.5443015894289,590510
2023-11-23,1282.096435546875,1295.444985207492,1277.761962979108,1290.322361124656,243581
2023-11-24,1275.052734375,1285.6920572708514,1266.5805272987336,1285.5442638441673,471600
2023-11-28,1262.1968994140625,1275.1020690273076,1258.995229230183,1275.0528847159642,446363
2023-11-29,1268.895751953125,1275.890145430431,1265.1029082161406,1274.658733893756,568761
2023-11-30,1283.2784423828125,1288.6473478599778,1263.2310893079168,1273.4763357136994,1003617
2023-12-01,1292.9327392578125,1300.370512640456,1286.578704173057,1295.4448667592421,406906
2023-12-04,1294.164306640625,1305.1978268968066,1289.140171287517,1301.355798595592,574357
2023-12-05,1297.9569091796875,1301.3555565129334,1285.5934907262515,1294.3118593135061,389012
2023-12-06,1304.7542724609375,1319.9745901896235,1300.4689846508313,1300.4689846508313,658995
2023-12-07,1329.4317626953125,1331.0572498129688,1295.8880676723886,1310.2217446348764,614481
2023-12-08,1323.0284423828125,1336.8202504195656,1312.1920217825066,1336.8202504195656,514463
2023-12-11,1324.998779296875,1328.6437092494343,1318.398461732501,1327.9541669086896,495744
2023-12-12,1321.6492919921875,1343.4206229535214,1309.3844817275187,1325.9838844619394,895136
2023-12-13,1307.56201171875,1322.1418514632155,1291.0117933547326,1322.1418514632155,643534
2023-12-14,1313.8177490234375,1317.8074506387445,1307.611386170678,1316.970114763066,400039
2023-12-15,1312.5863037109375,1324.9496042761143,1307.3158860055808,1315.2954092866391,526573
2023-12-18,1325.8360595703125,1335.6873511973238,1304.8035759976483,1310.5173732433248,488264
2023-12-19,1351.991455078125,1354.5527671686723,1312.3891856595153,1325.9840178974785,889643
2023-12-20,1315.738525390625,1374.2552234734014,1309.1873922098,1359.4782855865906,1453036
2023-12-21,1321.15673828125,1331.6483882504115,1293.0313719400565,1311.5025443311756,671157
2023-12-22,1331.69775390625,1335.7859440456814,1318.2014111736187,1324.9988269764003,592159
2023-12-26,1341.5489501953125,1344.3565442754323,1328.9392487324606,1328.9392487324606,376595
2023-12-27,1341.302734375,1359.4290157754865,1332.8305268993008,1340.8593540740446,570198
2023-12-28,1346.2283935546875,1358.0006397179113,1342.731136696056,1348.3956297525508,602887
2023-12-29,1347.6072998046875,1363.2708764941035,1341.3517540912935,1352.5822498453097,551096
2024-01-01,1341.943115234375,1356.5230773118578,1335.8353615358599,1347.6076088397076,240757
2024-01-02,1359.57666015625,1363.3201988748704,1326.0822704286602,1345.1444946490938,732232
2024-01-03,1376.9151611328125,1400.213492902504,1360.7591369737831,1364.4040672463602,1332808
2024-01-04,1379.131591796875,1391.3472180727792,1366.1772388672375,1383.121413206213,668322
2024-01-05,1384.59912109375,1394.9429779215582,1375.6344692273226,1379.180910374422,488819
2024-01-08,1355.1436767578125,1384.5497587471846,1351.8435180538677,1384.5497587471846,485181
2024-01-09,1359.133544921875,1374.9447966625812,1355.1437235008852,1359.5276206587062,454465
2024-01-10,1370.01904296875,1373.319321782307,1345.0953479512084,1356.6213107541598,1353774
2024-01-11,1408.833251953125,1450.1101896916864,1378.3927354690532,1382.1362745498886,3886984
2024-01-12,1410.75439453125,1425.6298221970694,1398.9820278076274,1425.6298221970694,585322
2024-01-15,1419.1279296875,1425.4819649815702,1401.8388639728917,1413.660414477231,592597
2024-01-16,1408.9317626953125,1421.5414648164874,1404.6957792012693,1419.0786417658696,627295
2024-01-17,1410.064697265625,1422.7235838017696,1392.1353934076265,1406.6167449656227,1089285
2024-01-18,1379.4764404296875,1412.6259411704823,1373.2700784865967,1403.36582307194,603033
2024-01-19,1361.3992919921875,1397.8983780843523,1350.2674038405187,1389.0322150098216,651609
2024-01-23,1293.62255859375,1354.454292598254,1281.2099535199525,1349.6764395655075,1286175
2024-01-24,1286.1845703125,1303.4736346760583,1260.9652885916707,1279.6827420942034,1122451
2024-01-25,1271.161376953125,1292.3909582760737,1264.019190602693,1292.3909582760737,470783
2024-01-29,1298.3018798828125,1303.0797327578118,1270.6689559510062,1271.1615205825533,1195162
2024-01-30,1275.8408203125,1308.2515954866312,1271.2107611112087,1308.2515954866312,702512
2024-01-31,1275.1512451171875,1283.2292563575302,1268.304525106932,1276.7767323285448,824629
2024-02-01,1298.059326171875,1301.3178529007082,1276.6324096046721,1285.5191691912453,759546
2024-02-02,1324.42333984375,1326.8424648682692,1291.739719258374,1308.3283839631306,1097984
2024-02-05,1322.892822265625,1340.715759407831,1317.8570162597532,1333.01385337458,1659511
2024-02-06,1328.0767822265625,1332.8164353136901,1317.2646068229328,1323.1396938167982,436681
2024-02-07,1334.346923828125,1338.93844037434,1321.3130580205382,1333.013934001002,416325
2024-02-08,1332.3720703125,1337.309158890035,1316.8202412932646,1334.495042507718,793521
2024-02-09,1329.952880859375,1337.8522222017316,1309.9576730865351,1323.139674844716,941809
2024-02-12,1316.326416015625,1336.9634685513959,1311.3400293139591,1328.0767098978047,902739
2024-02-13,1345.5047607421875,1349.2075771384611,1298.5037020590303,1316.1290839984158,1032576
2024-02-14,1363.3770751953125,1371.4738526318183,1337.8523501486163,1345.5048378058777,918064
2024-02-15,1363.2783203125,1373.794343300043,1358.686803736599,1370.0421076922464,250907
2024-02-16,1381.49609375,1383.3722115056005,1361.0565953697756,1369.548363567643,458522
2024-02-19,1392.8021240234375,1404.601717655717,1375.077903490557,1383.421655610271,1412922
2024-02-20,1377.64501953125,1396.60351021534,1374.5347504459967,1391.6170030049489,542689
2024-02-21,1397.0479736328125,1401.836925593388,1379.5213086436763,1389.2967684346365,454441
2024-02-22,1413.932861328125,1419.906787193149,1397.1961779404073,1405.9348013068652,1507612
2024-02-23,1411.513671875,1420.696705152372,1404.5030299655705,1412.9947984981636,542609
2024-02-26,1406.1322021484375,1412.0072891588056,1395.5174620376283,1406.082783050447,363708
2024-02-27,1450.664794921875,1463.3530887573256,1414.9696195608958,1420.4991347907524,2867826
2024-02-28,1515.04443359375,1530.4975458246001,1452.6889772166621,1460.3908840481186,6273879
2024-02-29,1512.08203125,1520.9687903176277,1491.9881056872962,1512.773295942557,1253651
2024-03-01,1496.5302734375,1516.8710543777415,1487.051087425332,1509.7122759024203,802788
2024-03-04,1534.397705078125,1568.019326379553,1512.7239345173016,1568.019326379553,1390941
2024-03-05,1520.7713623046875,1538.396743766639,1506.7993780410084,1538.396743766639,1243789
2024-03-06,1498.6038818359375,1551.2332965066028,1489.0259778051923,1550.2458787494375,1660233
2024-03-07,1523.7337646484375,1543.1365480474412,1495.9873492586912,1498.9001834831906,1462696
2024-03-11,1523.04248046875,1541.704700298083,1513.8595675926238,1523.733745223552,766416
2024-03-12,1483.1014404296875,1530.4974917882928,1479.7936151188298,1517.661061212004,565010
2024-03-13,1455.503173828125,1524.721133579031,1445.6289963876422,1489.0753771257664,1611966
2024-03-14,1497.86328125,1505.5157686776306,1439.704473227521,1455.503156949081,848225
2024-03-15,1463.6492919921875,1501.171164260676,1457.4779314217124,1495.78966552259,1050296
2024-03-18,1482.755859375,1486.65611119741,1452.2940464905544,1463.6986489592161,392071
2024-03-19,1438.91455078125,1481.1266606085949,1431.7557719216418,1481.1266606085949,563152
2024-03-20,1442.814697265625,1447.5049313479046,1416.9938207980583,1441.629844237541,487253
2024-03-21,1466.36474609375,1472.7829613297488,1446.9619636195835,1449.0355167427972,434617
2024-03-22,1450.763427734375,1475.8931595007741,1446.616321688143,1466.3152562093223,416340
2024-03-26,1468.833251953125,1477.1274642287917,1430.7682512980048,1431.7556690007639,764041
2024-03-27,1469.672607421875,1486.0637180120057,1460.7858476463878,1469.376333882268,973040
2024-03-28,1495.937744140625,1505.811920669606,1461.970552774054,1469.6724586804119,924279
2024-04-01,1495.394775390625,1519.6359295633035,1491.7413778997795,1509.761751983295,1111418
2024-04-02,1524.7210693359375,1538.5942157346446,1497.6658001820917,1500.9243268139123,3136602
2024-04-03,1531.04052734375,1542.2476938712452,1502.8497044505848,1530.4973994076258,1132164
2024-04-04,1519.3890380859375,1540.3222458315129,1513.3163949153852,1540.2729472654512,797587
2024-04-05,1530.5963134765625,1533.4598492142998,1513.069647460108,1519.6359999618849,786786
2024-04-08,1510.8973388671875,1562.0949266090302,1506.750111874136,1543.3339888052556,1851259
2024-04-09,1493.6666259765625,1517.8583583211534,1487.9396759462265,1514.6986700654081,1062855
2024-04-10,1482.4102783203125,1500.8749415586265,1476.6832073032406,1496.9252706597879,1384698
2024-04-12,1491.6424560546875,1518.2040142160404,1469.622994851537,1481.718860731364,1466807
2024-04-15,1482.706298828125,1499.8873898097138,1457.4284314411702,1471.2522783518589,900584
2024-04-16,1463.35302734375,1487.0510520780617,1454.9105578183967,1478.164292802695,1521805
2024-04-18,1474.90576171875,1510.7490722345399,1467.2532745881504,1481.1265414064117,1182191
2024-04-19,1482.8050537109375,1497.1226097993094,1435.655860385437,1453.7256518003767,628014
2024-04-22,1531.238037109375,1543.9263307692909,1488.0385116387736,1497.9621079892052,1567505
2024-04-23,1528.47314453125,1542.1489757819224,1520.6232222147394,1534.2989329310276,966466
2024-04-24,1548.3697509765625,1559.0339108993317,1528.4239606234648,1528.4732591903705,1214213
2024-04-25,1540.9639892578125,1555.0841101302324,1533.657074404493,1549.2583217795702,1076657
2024-04-26,1619.4144287109375,1631.9051660466002,1548.5177904421862,1548.9620801883866,4166048
2024-04-29,1623.759033203125,1639.607135937688,1610.922602750135,1635.6574650290759,1115405
2024-04-30,1643.0631103515625,1666.761135981633,1605.047527569991,1605.047527569991,2511176
2024-05-02,1646.667236328125,1685.3739639480696,1629.2887080198723,1664.7863279495227,2985962
2024-05-03,1642.618896484375,1678.3633719142676,1627.8076297812045,1656.9364542974397,1770873
2024-05-06,1654.1221923828125,1672.6856945860736,1645.72914137692,1648.9382491144672,1372662
2024-05-07,1651.9005126953125,1681.5724649440494,1641.0883363106343,1656.8870206553818,1702335
2024-05-08,1669.8714599609375,1677.6226647642422,1635.361139180323,1649.9255501899008,1420666
2024-05-09,1652.4930419921875,1683.5472823591901,1644.7911352432966,1670.7108514673018,1304325
2024-05-10,1665.52685546875,1673.6730517382725,1640.2982842627148,1653.9246971454907,802843
2024-05-13,1680.97998046875,1693.3227021878074,1654.517136889334,1668.5878396490596,1539023
2024-05-14,1707.3438720703125,1722.5007092243923,1681.5722949452047,1681.5722949452047,1980463
2024-05-15,1732.078857421875,1735.0904092164012,1708.2326948293726,1718.106872256132,1043231
2024-05-16,1755.33251953125,1762.540717457861,1730.1533664247092,1733.9056021602264,1134916
2024-05-17,1790.8302001953125,1797.1002787092052,1754.88817051425,1767.47774664257,1217585
2024-05-21,1843.36083984375,1851.0133275613584,1799.865159395271,1802.0374302755433,2054011
2024-05-22,1819.7613525390625,1852.790546026942,1809.2454507474008,1852.790546026942,1042740
2024-05-23,1830.8206787109375,1834.079085024819,1801.0500088977712,1816.0094121903965,1157389
2024-05-24,1866.0714111328125,1900.7791691596717,1820.5514769548802,1827.7102556439231,1864447
2024-05-27,1863.5535888671875,1895.3483925630574,1846.5206324870298,1875.1063284591019,998013
2024-05-28,1862.02294921875,1883.005575585394,1852.5437632964617,1866.861320111348,1180720
2024-05-29,1869.7247314453125,1885.7702681897938,1845.779853534317,1865.7256417660126,831300
2024-05-30,1837.1893310546875,1880.8332653005805,1831.067389586618,1868.5892618300552,1204505
2024-05-31,1889.394775390625,1931.743448688031,1838.6753561032176,1854.9710000202188,2634560
2024-06-03,1861.65771484375,1966.7616540563643,1849.1264452585199,1961.4123235345814,1184715
2024-06-04,1756.35546875,1860.3201730284932,1695.1851640713128,1856.4073031232376,1810438
2024-06-05,1775.9696044921875,1799.942371415938,1733.5713538678544,1757.3956257007462,1855495
2024-06-06,1822.42919921875,1857.3978579270592,1793.0080655189213,1793.0080655189213,2087804
2024-06-07,1837.932373046875,1844.3218944721232,1806.331818788601,1823.1227686079164,1165761
2024-06-10,1839.418212890625,1868.1955452558602,1829.2149799321944,1842.538665460547,790525
2024-06-11,1815.6435546875,1853.2868184554843,1808.8578852720868,1842.5387002223886,1206884
2024-06-12,1813.0679931640625,1832.3353522343155,1802.9142180350193,1818.7640133584039,704224
2024-06-13,1821.2406005859375,1835.6540570266714,1815.098853076626,1833.6232535678926,1607614
2024-06-14,1822.231201171875,1855.416710951303,1818.0706781662816,1847.4422341121801,2791525
2024-06-18,1811.037109375,1836.1492244652125,1806.8765866570375,1814.306177885068,3521095
2024-06-19,1798.6051025390625,1822.7264859260963,1790.234356720285,1818.9621111180334,1261356
2024-06-20,1801.2303466796875,1808.7589757792896,1788.6990772252686,1800.9826936111194,1036750
2024-06-21,1869.3348388671875,1906.829487224291,1800.9825956598936,1815.3464728556294,3596315
2024-06-24,1893.9019775390625,1916.8346749670777,1865.818144858135,1873.247736621573,2485454
2024-06-25,1898.85498046875,1950.4658521507745,1893.4066133426866,1897.0223720748515,1895230
2024-06-26,1900.29150390625,1927.0874923808158,1883.3519379024904,1883.3519379024904,1011884
2024-06-27,1835.4559326171875,1900.2915786789324,1827.0853072491846,1897.41877889176,2145795
2024-06-28,1805.291748046875,1851.8999808081746,1795.5836998451314,1845.510580308888,1799112
2024-07-01,1806.777587890625,1856.4072341600904,1799.9423396312084,1804.4496734414074,1346860
2024-07-02,1797.6639404296875,1814.75200115972,1789.788621680366,1812.8203557078011,1235074
2024-07-03,1861.2613525390625,1866.313450752728,1797.6639744970216,1797.6639744970216,1890144
2024-07-04,1864.9266357421875,1890.9797868188655,1857.497043715494,1869.7806600511637,738610
2024-07-05,1875.872802734375,1886.373267791249,1856.4072489645796,1864.678836588065,474114
2024-07-08,1868.49267578125,1886.9181593668725,1849.126279903476,1886.9181593668725,625411
2024-07-09,1903.0157470703125,1920.6981518809425,1848.4824933110897,1879.191473639409,1106006
2024-07-10,1911.336669921875,1926.7407380741581,1880.5782335216197,1916.7850370475346,692263
2024-07-11,1901.9754638671875,1931.3965984541455,1897.2204768377821,1927.7313816070555,584446
2024-07-12,1890.5338134765625,1910.8909426505859,1880.033348292796,1902.1240488248488,525200
2024-07-15,1873.941162109375,1920.8962073740724,1863.8369654366197,1895.0412515972648,483219
2024-07-16,1857.794189453125,1892.0693482256422,1852.4448592575661,1878.2007770868156,1213886
2024-07-18,1845.163818359375,1897.8148803991137,1803.954375474391,1862.350915656765,3379348
2024-07-19,1751.897705078125,1876.219538262917,1748.4305623199834,1852.4448450642317,1992696
2024-07-22,1752.0958251953125,1768.193274138283,1724.210187304351,1751.4024449951999,1315829
2024-07-23,1745.607421875,1758.2871862754935,1671.7077713059136,1756.3059617512586,1604569
2024-07-24,1774.929443359375,1782.5571090757921,1736.7908729286028,1745.4587298446875,852488
2024-07-25,1809.650390625,1822.726423116754,1758.039398970103,1769.2333650470232,1449713
2024-07-26,1821.38916015625,1839.3687959136746,1808.9074705221537,1828.6701356991111,814890
2024-07-29,1820.3489990234375,1845.1638836096356,1814.9006317902824,1837.5856759095605,838188
2024-07-30,1798.753662109375,1827.3327995923057,1794.989287419444,1820.348935286418,875642
2024-07-31,1832.484130859375,1840.1613761503947,1802.0228027691996,1805.8862149069705,831749
2024-08-01,1820.7947998046875,1847.4917501842626,1805.3411527687676,1840.062158695586,504762
2024-08-02,1802.4189453125,1821.7358837206307,1790.4325615620671,1804.895475877645,670205
2024-08-05,1767.549560546875,1789.243872996812,1748.529731990582,1748.529731990582,970438
2024-08-06,1772.6510009765625,1794.989355061888,1764.8252611238804,1766.2616004830832,656243
2024-08-07,1807.223388671875,1812.077412759722,1776.6134467314914,1788.055066301106,352266
2024-08-08,1768.7877197265625,1815.6931847403973,1765.072923855493,1807.8673239204754,811391
2024-08-09,1782.5076904296875,1790.5812043777528,1774.1865234214013,1786.073870311997,789272
2024-08-12,1793.0577392578125,1804.3011640337895,1773.7408005145085,1774.186527654231,618188
2024-08-13,1808.412109375,1827.629888882963,1786.8662945099652,1797.9611025305007,810978
2024-08-14,1828.62060546875,1833.7718616415266,1791.0269195481928,1813.8110009362506,648490
2024-08-16,1858.834228515625,1873.1486474695446,1835.1091145141797,1853.4354403541324,1620998
2024-08-19,1864.18359375,1879.4886251998923,1852.4448630540185,1868.294658673732,622654
2024-08-20,1871.9598388671875,1884.6893024643603,1848.4823779351752,1871.1674216563326,964261
2024-08-21,1902.520263671875,1906.9284394869278,1864.777843013209,1872.2570133144382,948150
2024-08-22,1877.8541259765625,1905.9379589308246,1875.773864447422,1905.9379589308246,767704
2024-08-23,1866.9573974609375,1890.088169267895,1859.3791895785319,1877.8541321894213,543897
2024-08-26,1894.149658203125,1898.3597602637647,1862.6977192795234,1864.4312907162573,580249
2024-08-27,1877.408203125,1939.0738129052593,1874.1392554020972,1901.8763971506476,1032266
2024-08-28,1872.8514404296875,1887.9582767966463,1860.3697506326757,1881.1726072691433,766452
2024-08-29,1875.4766845703125,1884.1445419531149,1846.055548452141,1875.2290315022326,636198
2024-08-30,1881.519287109375,1903.4613718650533,1870.2758626496075,1870.2758626496075,1562361
2024-09-02,1867.7003173828125,1901.975476259707,1862.450024208816,1901.975476259707,663594
2024-09-03,1884.0948486328125,1892.0693253107966,1864.3321833690675,1872.2570810667044,593605
2024-09-04,1883.4510498046875,1898.0130009726847,1860.865042968261,1880.1324021501518,573554
2024-09-05,1861.80615234375,1898.0130785958897,1842.5387923738804,1898.0130785958897,544961
2024-09-06,1854.7728271484375,1870.721660231956,1842.7368640933248,1859.4782353487383,788707
2024-09-09,1874.6346435546875,1882.1632724596568,1841.5977492466466,1854.772819599256,422565
2024-09-10,1904.4024658203125,1923.7689836183408,1876.3186328035442,1876.3186328035442,1335774
2024-09-11,1939.222412109375,1949.5248031401054,1906.8788997016793,1906.9284786812514,1175514
2024-09-12,1977.658203125,1982.1654160413327,1951.8032491139465,1957.3506532010003,1824365
2024-09-13,1969.38671875,2004.0085682851382,1955.4685683612768,1982.2150989315678,1147593
2024-09-16,1971.2193603515625,1990.0904513498836,1965.8700299627126,1969.0895198077008,324013
2024-09-17,1987.7130126953125,1991.0809975280417,1954.4779241057333,1976.2713931023507,596475
2024-09-18,1969.1390380859375,1989.8923159233404,1958.5394146761323,1989.8923159233404,427477
2024-09-19,1979.8375244140625,1983.2056300885915,1949.1285461259774,1969.1389851779795,757558
2024-09-20,2028.8729248046875,2039.522005856248,1971.3182597772468,1981.224381685675,1360503
2024-09-23,2062.850830078125,2086.229375661673,2031.7457025081158,2037.6893759430493,1311899
2024-09-24,2048.734619140625,2067.4077567109607,2034.7671315859095,2067.4077567109607,1097815
2024-09-25,2042.2464599609375,2053.4897647074363,2015.5988433874804,2042.642608150289,676261
2024-09-26,2003.0675048828125,2042.2462668872734,1973.1509430293781,2042.2462668872734,1227890
2024-09-27,2012.230712890625,2017.8771543489615,1981.7693861865355,2017.8771543489615,1325848
2024-09-30,1994.0032958984375,2040.6611057329987,1988.6043869233267,2015.895801051773,749912
2024-10-01,1981.0262451171875,2046.0102576770678,1952.0508394491892,2001.0365623711648,860908
2024-10-03,1954.3790283203125,1991.081141433103,1901.529886368721,1940.609493183299,1327472
2024-10-04,1916.289794921875,1964.9289525342704,1910.7919695570383,1950.4659171238243,1379482
2024-10-07,1896.6260986328125,1931.6937947845386,1883.1042178844525,1925.7501215698169,731944
2024-10-08,1930.1583251953125,1936.3496515494821,1892.069333834199,1896.0317827008673,1086748
2024-10-09,1910.5938720703125,1953.289358435431,1902.272825588092,1915.9432026119912,1281595
2024-10-10,1920.103759765625,1940.9560749347356,1912.1788618183687,1922.7783644530855,517804
2024-10-11,1920.3018798828125,1928.7220841536425,1910.3957572112479,1926.195974502654,329385
2024-10-14,1922.035400390625,1941.5999921482412,1915.2001517436013,1920.945751110513,505739
2024-10-15,1916.537353515625,1933.5759557194913,1903.560358025764,1933.5759557194913,484293
2024-10-16,1921.0943603515625,1951.5061076698778,1896.9728556314965,1915.893646105234,646184
2024-10-17,1788.5999755859375,1927.7809950946057,1769.0353838756441,1926.7408038744468,3142978
2024-10-18,1832.3353271484375,1847.4917420886597,1747.0932203964844,1788.5998955162129,2638593
2024-10-21,1795.6826171875,1847.4916816154036,1784.7858834085353,1837.585559998163,920339
2024-10-22,1754.1761474609375,1802.369334672665,1744.9634055506833,1795.682702264225,1400528
2024-10-23,1733.373291015625,1760.0702416682375,1730.1042223574373,1758.33667030315,1457260
2024-10-24,1707.1221923828125,1742.4870024482063,1689.043518252807,1742.2889283617274,1229222
2024-10-25,1679.0380859375,1714.1057817082415,1661.3556825006776,1707.3201123800236,720139
2024-10-28,1652.7374267578125,1693.6001802079047,1645.5059092926656,1688.9938092704806,694254
2024-10-29,1656.501708984375,1667.24994833077,1630.844949178298,1662.148271203446,1036926
2024-10-30,1646.8929443359375,1669.1817210261984,1634.7083647088539,1658.2849857554043,1154994
2024-10-31,1623.01904296875,1663.3369108981497,1617.2734438733387,1646.8927726612571,1787940
2024-11-01,1631.835693359375,1640.9492781675033,1627.2787800309575,1639.4633597145896,64766
2024-11-04,1613.0140380859375,1637.3830762034797,1591.4186418221889,1637.3830762034797,854857
2024-11-05,1618.214599609375,1625.3965380235572,1575.0733901447925,1609.7448169718791,1191485
2024-11-06,1659.4241943359375,1669.0826641201197,1619.7997029136513,1632.5290465981905,980220
2024-11-07,1650.4095458984375,1684.090361549814,1630.1019952851075,1684.0407825688244,944499
2024-11-08,1645.060302734375,1655.758842776239,1629.7552704931422,1646.3976051240643,743428
2024-11-11,1626.337646484375,1649.9142661873418,1616.6791771356784,1639.4632586761934,511576
2024-11-12,1588.34765625,1639.908949698257,1584.3356283930084,1628.5169091788923,538309
2024-11-13,1598.9471435546875,1606.7730041964933,1571.853923803197,1584.9795355822375,723526
2024-11-14,1603.652587890625,1621.87987714773,1582.5526198996545,1599.838754981575,717761
2024-11-18,1603.850830078125,1618.957667063427,1586.663610604549,1603.8012510953192,458137
2024-11-19,1617.37255859375,1648.3291911457247,1603.206876092574,1607.714089237534,575229
2024-11-21,1620.74072265625,1624.059249600234,1596.272647777426,1609.6953715798218,739900
2024-11-22,1650.1619873046875,1660.2661842087714,1616.2335166548364,1621.136999079746,740554
2024-11-25,1692.1143798828125,1711.778009335272,1670.8656740525998,1674.0357058837565,2342379
2024-11-26,1695.1356201171875,1710.7377629284715,1671.0638151915284,1691.9657093125697,941525
2024-11-27,1712.5208740234375,1717.6225511374287,1677.0074501482973,1696.2253513865599,1127424
2024-11-28,1701.4755859375,1726.0428182447301,1691.8666954284622,1720.693487879923,886719
2024-11-29,1701.871826171875,1711.7283695776957,1686.2201044298924,1701.475557091506,640326
2024-12-02,1723.021240234375,1725.0024645588862,1693.0057642726329,1710.6881671840276,512799
2024-12-03,1740.7037353515625,1744.170878103113,1722.3774093790812,1722.922294466919,891519
2024-12-04,1716.38427734375,1747.3409090415626,1703.2090865234238,1747.3409090415626,603018
2024-12-05,1730.30224609375,1733.670351689951,1698.8998883637016,1717.7215197799758,961207
2024-12-06,1722.427001953125,1755.3648583528038,1719.40558630462,1734.116274548914,698889
2024-12-09,1688.6966552734375,1721.6345126067722,1685.4277074009779,1713.8582306242226,805098
2024-12-10,1692.956298828125,1702.812842133835,1683.991209788759,1688.7957758373723,1160263
2024-12-11,1735.8001708984375,1743.3783781664113,1689.9347791629743,1697.8596765047848,540835
2024-12-12,1741.44677734375,1747.9849150114171,1720.9411518932616,1743.4280018674435,713475
2024-12-13,1741.3477783203125,1765.9150113202138,1724.0616423434276,1748.232606245069,900553
2024-12-16,1752.195068359375,1758.3368161926735,1740.0104888126373,1741.3477912203641,620774
2024-12-17,1716.1365966796875,1754.5722774227042,1703.852981234755,1751.4023667575852,756251
2024-12-18,1681.1185302734375,1718.5141418888081,1675.0756989418094,1708.8060936824972,704084
2024-12-19,1677.255126953125,1699.0980541422148,1659.424106754189,1668.191000833797,997730
2024-12-20,1641.8408203125,1696.8198019615186,1634.510265241094,1677.2552093927236,735134
2024-12-23,1645.25830078125,1665.7144675500672,1637.8782880250599,1652.3907814038678,281353
2024-12-24,1658.4334716796875,1675.1252633955971,1640.1566036728943,1645.4068968066747,409597
2024-12-26,1660.662353515625,1666.8536799045044,1641.1472201832714,1657.3438267560546,255748
2024-12-27,1634.4111328125,1673.7879687225238,1630.6963369719317,1654.867299426098,548906
2024-12-30,1635.4017333984375,1647.3881170405023,1618.0660195991538,1630.795362404045,2215585
2024-12-31,1659.37451171875,1670.6179362727662,1631.5383324179213,1633.5195568653019,614282
2025-01-01,1664.32763671875,1670.1722732477251,1650.904913127151,1660.8604938027554,353971
2025-01-02,1685.427734375,1688.9939143494605,1653.876757872462,1668.092019711589,707455
2025-01-03,1684.0408935546875,1705.041825739864,1674.432002708263,1698.9000779095818,482170
2025-01-06,1630.6964111328125,1688.696686940018,1623.7621252483939,1685.031469913708,442325
2025-01-07,1620.6912841796875,1650.26103682861,1611.131851403658,1632.0337465217367,527750
2025-01-08,1628.2691650390625,1633.7175319391954,1598.402305044167,1620.1957726446983,704620
2025-01-09,1614.89599609375,1633.0242481278733,1600.878929890544,1628.2692610920676,1034497
2025-01-10,1585.227294921875,1628.269349951201,1576.0641313674132,1614.8960842230676,936502
2025-01-13,1517.6676025390625,1574.0333449250893,1506.9689414706315,1565.3654874145761,1242457
2025-01-14,1510.68359375,1540.9468446043672,1493.4469174134927,1520.5897156762296,2260391
2025-01-15,1512.6153564453125,1524.7503567459014,1492.5554579892369,1514.6461599673958,1668330
2025-01-16,1543.62158203125,1557.1929218686835,1510.8323398177665,1520.4412305436165,1557265
2025-01-17,1559.421630859375,1601.076921010068,1519.59906996408,1525.4931640104378,4102106
2025-01-20,1586.0692138671875,1609.695291317158,1561.204871132372,1584.979564601393,1349467
2025-01-21,1561.749755859375,1599.8387476424878,1556.251809626222,1593.8950742766333,1195387
2025-01-22,1542.9794921875,1565.6725332019223,1525.0038279778407,1564.1331301728596,820772
2025-01-23,1584.343505859375,1593.976837631415,1528.132138462653,1537.4676033780333,872416
2025-01-24,1512.7386474609375,1594.9203222837905,1507.1275485220258,1584.3435632347366,999025
2025-01-27,1495.458251953125,1512.7386522050642,1481.2564155008051,1509.8586663176986,912320
2025-01-28,1482.497802734375,1507.574385899033,1471.275362567913,1496.8485117358312,612261
2025-01-29,1517.704345703125,1521.130724004372,1473.7086687610438,1481.7530140951994,569570
2025-01-30,1533.395751953125,1539.6028267262514,1511.4971436607636,1524.4575642798231,597904
2025-01-31,1555.4432373046875,1558.6213323363697,1517.6546387217961,1534.3888881094845,632351
2025-02-01,1644.8250732421875,1658.480637439661,1530.3170331108925,1563.5869531556461,1523321
2025-02-03,1648.748046875,1701.086052649932,1623.9197478865258,1633.702073441599,1872505
2025-02-04,1615.18017578125,1663.7443539805686,1608.3275408543886,1661.509807019544,492523
2025-02-05,1596.85693359375,1633.7021057754919,1594.1258206509642,1615.180170117122,606325
2025-02-06,1591.692626953125,1605.894463215835,1585.187685014448,1597.7508292111631,288020
2025-02-07,1603.0142822265625,1613.8394449033772,1585.7834668612106,1596.6582133971724,422760
2025-02-10,1586.9256591796875,1618.8051723770448,1575.0080750885681,1605.8944562783322,533472
2025-02-11,1537.91455078125,1588.911852867571,1524.5072692721644,1586.1310348766187,566945
2025-02-12,1518.4490966796875,1539.9504283546908,1498.9837340622914,1539.9008444947074,289847
2025-02-13,1512.0931396484375,1539.3545639166405,1497.6430208943832,1518.3995034542259,598449
2025-02-14,1487.9600830078125,1546.4058794755977,1479.7667436553584,1511.5469690224531,896376
2025-02-17,1522.0244140625,1524.8051107752997,1464.9193271026882,1484.7322609551043,473270
2025-02-18,1500.57275390625,1524.4079220174228,1483.6399259664315,1516.810559167534,773114
2025-02-19,1505.2406005859375,1510.5538327532447,1485.9241096698838,1500.5728072590425,904580
2025-02-20,1518.052001953125,1524.45765500745,1478.0287329412622,1497.6927954855987,941417
2025-02-21,1509.858642578125,1534.3889547206916,1488.1586111843915,1517.3071326495847,393223
2025-02-24,1512.39111328125,1516.8106236288438,1482.0510019895048,1499.5796856306488,570593
2025-02-25,1537.26904296875,1541.986419956237,1499.6293160222033,1518.747106971493,550271
2025-02-27,1441.28271484375,1465.862730135659,1392.569545136106,1461.890202411714,6037735
2025-02-28,1412.0350341796875,1453.895448269336,1393.4633942494045,1428.123723039659,1845171
2025-03-03,1419.483642578125,1433.0895027392157,1371.8133056886709,1428.123842646564,1035355
2025-03-04,1397.43603515625,1418.5897955851171,1384.5750240446862,1395.3504821695012,710232
2025-03-05,1433.2880859375,1447.9367832648604,1397.088472221306,1400.2664461995519,768353
2025-03-06,1440.7862548828125,1467.9483909473304,1436.0688778635513,1446.9933299081563,1036317
2025-03-07,1450.51904296875,1459.407526193862,1431.1529682761468,1440.7863005278973,527443
2025-03-10,1459.0101318359375,1487.8606636410711,1453.8954780178249,1459.9039748424307,1125377
2025-03-11,1459.9537353515625,1466.8559542127357,1438.3531144956878,1449.0788672849624,494941
2025-03-12,1469.8851318359375,1476.1914960759043,1442.127018436363,1465.8628985605262,722230
2025-03-13,1448.6319580078125,1483.1928774839896,1439.5944814162804,1479.8163258048162,964862
2025-03-17,1452.10791015625,1456.5770039473073,1425.1443533704855,1440.04133267401,723248
2025-03-18,1452.10791015625,1452.10791015625,1452.10791015625,1452.10791015625,0
2025-03-19,1547.2498779296875,1556.2874756889673,1503.1549161950159,1509.4612798511835,1120632
2025-03-20,1491.0386962890625,1509.5606322402389,1460.946869582907,1509.5606322402389,3969488
2025-03-21,1470.6298828125,1500.4734260385683,1465.8628008211224,1491.0386722392452,2203224
2025-03-24,1473.0133056640625,1484.6330225804293,1464.3731059225008,1479.7666516273491,1347968
2025-03-25,1467.104248046875,1485.03032915244,1460.2020291347233,1475.6948640993917,1302829
2025-03-26,1482.7459716796875,1494.216693965425,1460.400503251829,1462.386767112083,1027318
2025-03-27,1504.9425048828125,1518.0022145207245,1469.3387480427948,1474.552690879716,1077299
2025-03-28,1518.3995361328125,1532.9985280120259,1503.1549842084512,1510.4544801480579,751781
2025-04-01,1490.9891357421875,1507.375813914182,1478.6245694732488,1504.5949957922212,723671
2025-04-02,1500.076171875,1509.1137700061297,1473.9568731714292,1494.415368001858,802612
2025-04-03,1508.26953125,1517.505707412233,1474.9003200454374,1474.9003200454374,452802
2025-04-04,1459.1591796875,1505.6873892803915,1446.0498858819064,1494.6636484122425,753027
2025-04-07,1446.0994873046875,1451.4624243746275,1379.956920060585,1387.4054100932976,857804
2025-04-08,1453.10107421875,1464.3233928028926,1437.5585345555799,1446.0994452986085,1232475
2025-04-09,1459.60595703125,1468.9414214708213,1441.0344383311924,1455.9314173628725,441153
2025-04-11,1522.3223876953125,1527.139053730373,1448.0361855783306,1448.0361855783306,1019197
2025-04-15,1560.905517578125,1566.7650206307842,1489.2014355941415,1518.598118579223,1878333
2025-04-16,1602.8157958984375,1614.8326691283435,1552.4639296015837,1565.1760679866354,1102376
2025-04-17,1627.246826171875,1635.4898704884072,1597.9494313765924,1602.5178144542153,1468556
2025-04-21,1635.886962890625,1650.8833529018443,1619.7982731704237,1628.7364610665206,917439
2025-04-22,1653.266845703125,1662.3044441827476,1633.4042050568116,1645.8183554607574,926695
2025-04-23,1600.9287109375,1628.7364056684244,1572.5251612801558,1628.7364056684244,4912430
2025-04-24,1593.5794677734375,1611.8531194990476,1575.1072381549534,1611.8531194990476,1594861
2025-04-25,1588.8126220703125,1607.5827198845002,1562.4946240706845,1601.9219159773536,2010475
2025-04-28,1598.5452880859375,1603.9082252837381,1579.8744786979578,1588.812666950313,770118
2025-04-29,1611.6546630859375,1621.784561024548,1599.5383799092392,1599.5383799092392,895483
2025-04-30,1590.0042724609375,1609.9662006670594,1582.8537708214676,1607.0860937285208,911924
2025-05-02,1550.8748779296875,1585.237220240225,1545.9092180226176,1575.1073225225748,1112942
2025-05-05,1571.4327392578125,1579.0798068106021,1557.4294817213083,1561.1041426901502,672439
2025-05-06,1569.5458984375,1581.0662058417179,1565.176093220193,1574.1142815698006,723699
2025-05-07,1568.2547607421875,1578.3847801641966,1544.816869134145,1547.2996992034703,343957
2025-05-08,1526.6424560546875,1573.7169369206094,1516.0159921881987,1567.2615789453566,801061
2025-05-09,1537.666259765625,1541.0428114388226,1502.7079420889206,1502.7079420889206,743978
2025-05-12,1572.2271728515625,1574.114147811413,1554.4500866204298,1565.771815147604,570891
2025-05-13,1582.953125,1588.713217882504,1564.182905883017,1573.1210939166342,735186
2025-05-14,1587.2235107421875,1593.9768568214943,1577.192901808576,1588.713208739217,723943
2025-05-15,1582.2578125,1612.5483377073058,1568.2546759128447,1593.9768182860905,963117
2025-05-16,1566.56640625,1589.4084417426354,1558.2240733889123,1589.011164705073,1795856
2025-05-19,1574.1141357421875,1589.8056689950383,1565.0766592723244,1577.0935315827091,1325871
2025-05-20,1549.0872802734375,1583.449621855755,1544.5187762702058,1583.449621855755,1597769
2025-05-21,1566.36767578125,1580.0729452954401,1548.292722637078,1557.2309102597424,662434
2025-05-22,1555.6419677734375,1573.8162103857499,1545.4126598205469,1566.367720487606,619942
2025-05-23,1568.8016357421875,1580.166898341167,1553.2492287795194,1562.2217853000686,701082
2025-05-26,1562.62060546875,1584.4538508921546,1560.3275701003502,1583.9553755249449,566200
2025-05-27,1568.004150390625,1571.4934779313103,1553.249230967921,1565.2126396788422,787007
2025-05-28,1544.077392578125,1570.1974539261037,1537.2980787009853,1568.0042109236656,1504866
2025-05-29,1545.971435546875,1553.9470413209183,1539.6907190186676,1550.2583723296577,282508
2025-05-30,1522.34375,1552.1526008785825,1517.9571424907692,1545.6724211961987,1067726
2025-06-02,1510.1810302734375,1529.1230943414926,1506.392568780591,1525.0354989472835,543472
2025-06-03,1497.7191162109375,1520.1505074240529,1493.930654793488,1516.3620460066034,1180380
2025-06-04,1495.4261474609375,1500.4109012858073,1487.4505413411457,1497.6193904646436,656425
2025-06-05,1483.4627685546875,1503.1026503462344,1477.4810638427734,1500.90940729777,1934068
2025-06-06,1518.5552978515625,1521.3468085648612,1486.4535331390616,1490.4413360448673,707150
2025-06-09,1539.0926513671875,1543.2797959327293,1522.3438297088355,1531.316386661933,616827
2025-06-10,1564.8138427734375,1578.8708237385435,1526.3315689029607,1547.2675342504212,1021695
2025-06-11,1574.284912109375,1577.3754351087423,1565.2126845829391,1572.191339864519,656673
2025-06-12,1552.052978515625,1577.9736980529747,1548.2645169809302,1574.3845779893313,819293
2025-06-13,1536.4007568359375,1541.5849736884888,1480.7709787162555,1480.7709787162555,711058
2025-06-16,1548.3641357421875,1555.2431200358092,1521.5461370891323,1530.8178274455033,428063
2025-06-17,1523.9388427734375,1564.5148100036595,1519.7516984382305,1548.563598520074,870615
2025-06-18,1531.0172119140625,1542.0834625528528,1523.6398737523214,1523.9388859572603,253794
2025-06-19,1513.67041015625,1539.2919963910347,1510.9785700452599,1538.5941795278666,329625
2025-06-20,1528.823974609375,1534.6063376366608,1506.292912006592,1516.2624195032297,1032126
2025-06-23,1558.333740234375,1566.8078218663109,1525.3346937484553,1527.3285953089107,661255
2025-06-24,1568.502685546875,1584.1547638611057,1547.36725633302,1566.0103086370873,1138399
2025-06-25,1564.514892578125,1594.124281778068,1561.8230524793441,1571.59321870794,1082601
2025-06-26,1569.200439453125,1581.861664967699,1547.1678527940674,1567.2065380052811,1376736
2025-06-27,1562.0224609375,1589.1394722617272,1554.844342623613,1570.297079022645,1884791
2025-06-30,1546.3702392578125,1571.7924826474937,1531.415978440353,1567.5056675653402,1565123
2025-07-01,1543.1800537109375,1559.2309360661184,1536.2013986262425,1547.2675273494986,662726
2025-07-02,1545.7720947265625,1547.2675208098194,1530.7181631613935,1543.2797179211343,580598
2025-07-03,1567.8046875,1586.547409829613,1540.4882132656824,1549.2614283344558,1087139
2025-07-04,1572.7894287109375,1587.145543392801,1559.2309232828775,1571.094661169212,639702
2025-07-07,1532.9114990234375,1588.641072111752,1521.9450404145707,1576.8770041975483,1114712
2025-07-08,1527.42822265625,1536.8992547993612,1509.3834383863611,1536.3011086878353,890061
2025-07-09,1519.0538330078125,1533.210606899514,1506.492277699694,1529.3224745736914,888113
2025-07-10,1525.0355224609375,1527.2288871425415,1508.386493518391,1515.2654780729972,736380
2025-07-11,1523.141357421875,1530.817829280223,1514.8666177735583,1530.3193539206397,1687155
2025-07-14,1521.74560546875,1530.0202234374324,1508.3864414625118,1516.8605225943236,981425
2025-07-15,1533.310302734375,1536.3011550804108,1517.9572363517723,1518.3560410041957,705444
2025-07-16,1520.349853515625,1534.7059682753243,1515.4647706302853,1532.412932931771,755182
2025-07-17,1527.9266357421875,1532.313243211362,1517.6581164350287,1520.3498346762049,1502245
2025-07-18,1513.8697509765625,1542.7813234351206,1510.3804232660468,1531.3163895291407,1342857
2025-07-21,1526.9296875,1532.313245689143,1506.9906732424965,1510.3803300058892,847973
2025-07-22,1573.786376953125,1578.7711305363403,1510.4800064462904,1550.2583643799658,5086878
2025-07-23,1567.9044189453125,1578.6715358831777,1543.1801129999092,1578.1730605008338,1664830
2025-07-24,1547.4669189453125,1569.3998356362931,1540.8870682776364,1567.9044094982717,935752
2025-07-25,1518.9541015625,1548.7629526049745,1513.7700064673247,1547.4668679821375,942201
2025-07-28,1503.202392578125,1529.7212582422944,1488.8462774093891,1519.2532753460625,756595
2025-07-29,1505.6947021484375,1512.3742232091518,1486.7526387067935,1502.504386865731,728746
2025-07-30,1523.3406982421875,1527.7273057442821,1501.4077824298,1508.2867667287567,704672
2025-07-31,1496.0242919921875,1530.3194226105038,1492.1361596732984,1505.3956535126129,705250
2025-08-01,1478.0791015625,1496.8218236310229,1471.499251201622,1496.024214382032,721140
2025-08-04,1503.9998779296875,1507.1901933502793,1467.710846270301,1478.0791584155672,418757
2025-08-05,1498.2176513671875,1511.7761573686366,1490.4413867570447,1503.999892758494,494352
2025-08-06,1484.1605224609375,1502.9032451090286,1472.895052083617,1497.4200160223954,881779
2025-08-07,1490.1422119140625,1499.1147685109313,1468.309088220152,1475.3874140847308,822755
2025-08-08,1487.0517578125,1502.2054826741503,1479.574626969016,1500.1117886795003,716786
2025-08-11,1469.7047119140625,1485.4565820675707,1446.974308375102,1485.4565820675707,1445173
2025-08-12,1460.33349609375,1477.4810001831722,1448.0709532834396,1475.8859033350077,1076222
2025-08-13,1461.43017578125,1472.895109775096,1454.5511910453238,1463.5237480839858,557221
2025-08-14,1474.689453125,1490.3416524136774,1458.638570907662,1462.9255076735365,861774
2025-08-18,1547.86572265625,1577.1760992834363,1519.9511014299944,1520.3499060728448,1496208
2025-08-19,1565.212646484375,1568.2034986751094,1537.497367504334,1547.6663379716836,604629
2025-08-20,1563.119140625,1570.097796032869,1555.2432051822152,1555.7416805684916,643628
2025-08-21,1548.8626708984375,1568.2035399134022,1545.8718186290541,1568.2035399134022,442684
2025-08-22,1551.25537109375,1557.0377341382455,1541.2858635674404,1548.2645188358572,457314
2025-08-25,1557.237060546875,1566.309287968446,1546.6694070108226,1555.2431590608994,586960
2025-08-26,1513.2716064453125,1552.750832814822,1504.2990494659653,1550.2584558761143,4779697
2025-08-28,1514.7669677734375,1523.340719735999,1507.5888494783421,1509.8818848430435,655530
2025-08-29,1520.947998046875,1533.6093452426462,1507.38949255924,1507.38949255924,1112664
2025-09-01,1569.3997802734375,1572.2909617112396,1511.8757722060266,1521.446474812125,897681
2025-09-02,1577.9736328125,1600.1058899001089,1570.496502485864,1572.091599282596,1448767
2025-09-03,1561.3245849609375,1593.9249483342585,1558.0347204210857,1577.176126628874,795321
2025-09-04,1579.8677978515625,1592.3296821713927,1569.1008028180827,1588.1425377191654,937677
2025-09-05,1577.674560546875,1584.9523496949842,1559.4303131579975,1579.8678035157927,463270
2025-09-08,1574.384521484375,1591.6318175444542,1568.6022803524227,1577.1760321674453,606915
2025-09-09,1582.260498046875,1586.1486302796986,1559.4303017189447,1579.1699750867647,417622
2025-09-10,1570.59619140625,1594.1242041002574,1566.2095838908722,1583.058075428297,458241
2025-09-11,1569.5992431640625,1578.0733243124414,1560.2278820250615,1575.1821428751418,580706
2025-09-12,1567.8046875,1572.6897703974287,1562.4211292395294,1569.2004428561347,428195
2025-09-15,1590.3358154296875,1596.1181785596714,1570.5962632546127,1579.170015514378,506002
2025-09-16,1609.8760986328125,1613.9635723145038,1589.8372914625593,1597.1150805211983,833915
2025-09-17,1588.6409912109375,1616.156807070518,1587.145565113155,1615.0601856050948,719829
2025-09-18,1589.4385986328125,1594.3235598547683,1578.7711527954798,1591.0336954623137,940785
2025-09-19,1585.9493408203125,1605.090747012278,1581.6624038105458,1595.12123926686,551120
2025-09-22,1576.478271484375,1594.722397211701,1573.1882853263198,1584.0550728535532,396646
2025-09-23,1567.5057373046875,1580.5657679933674,1560.2279480371626,1576.478294194358,436090
2025-09-24,1539.7904052734375,1566.8077457657464,1536.1017362449925,1565.013307467349,732959
2025-09-25,1534.9053955078125,1554.0469234896916,1529.4221662215298,1536.699955589833,727426
2025-09-26,1502.8035888671875,1534.0080744059248,1496.4230797106818,1529.322454547759,953494
2025-09-29,1500.6102294921875,1516.2624293827473,1491.4383312147554,1501.4078387763514,794772
2025-09-30,1497.4200439453125,1509.383453084689,1490.4413886140094,1500.6102377032432,853021
2025-10-01,1480.671142578125,1506.193178056838,1478.6772411624809,1497.4199631487697,786430
2025-10-03,1483.5623779296875,1486.8523640643957,1467.5114952895756,1475.4871012422363,1019221
2025-10-06,1493.133056640625,1496.4230427222471,1480.671172540673,1486.3538647091034,499550
2025-10-07,1497.7191162109375,1503.6010281039078,1493.1330455377872,1495.4260808743622,615736
2025-10-08,1498.9154052734375,1504.3986342252192,1479.5745369948083,1492.5348963353833,416913
2025-10-09,1481.2694091796875,1504.398616903476,1476.1848632153833,1500.4108140753688,561521
2025-10-10,1491.338623046875,1515.3651113276499,1475.6864235491778,1476.6833742803144,817076
2025-10-13,1468.608154296875,1491.3386805220437,1454.2520388756157,1490.9398758746017,720965
2025-10-14,1444.6812744140625,1474.4901254963029,1436.406656397337,1474.4901254963029,1392203
2025-10-15,1459.7352294921875,1463.8228248977168,1444.083151503419,1450.5633313341214,794127
2025-10-16,1471.2999267578125,1475.487071118238,1450.06482766316,1460.134005633201,1288100
2025-10-17,1486.9520263671875,1491.8371093251083,1464.52063475253,1472.3965699257383,905801
2025-10-20,1480.87060546875,1489.444357214841,1435.3098851107304,1475.4870473078745,1277994
2025-10-21,1479.5745849609375,1487.3508494966145,1475.4871112221697,1481.3691449916598,72699
2025-10-23,1491.837158203125,1508.5858581386315,1469.704778066006,1475.4871412175821,1050285
2025-10-24,1490.3416748046875,1507.3895079959768,1486.852347239882,1497.2206592006357,1009492
2025-10-27,1488.0487060546875,1490.2420707838926,1477.5807228916565,1490.2420707838926,589156
2025-10-28,1476.085205078125,1485.1574322498557,1466.6141732805643,1482.4657139971514,954761
2025-10-29,1504.7974853515625,1508.3864837094686,1479.6742534500395,1486.4535672245988,625897
2025-10-30,1501.7069091796875,1511.9754285150518,1495.7252048956786,1509.2837102664819,644881
2025-10-31,1489.3447265625,1505.4952797816588,1483.0638882561118,1505.3956090478296,1154138
2025-11-03,1492.734375,1495.3264225554162,1477.580650902489,1489.3447181822614,349232
2025-11-04,1481.8675537109375,1492.7343407457558,1474.4900941470555,1485.5562226438365,776103
2025-11-06,1437.902099609375,1480.5715182218123,1434.811454959853,1470.602010831324,1209100
2025-11-07,1444.0831298828125,1462.0282429914703,1426.9356260359966,1439.596851605648,586545
2025-11-10,1453.2550048828125,1462.7260366512419,1427.633420251664,1447.572434500989,944575
2025-11-11,1439.1981201171875,1452.5572848944073,1425.141138473957,1451.560334115482,613786
2025-11-12,1453.55419921875,1456.6447222162913,1440.7931808893081,1444.7809839049976,430648
2025-11-13,1461.6295166015625,1467.013075161959,1449.4667657449684,1453.5542396100145,392270
2025-11-14,1464.91943359375,1468.508431898283,1449.1675633096318,1458.7382660210826,247053
2025-11-17,1475.8858642578125,1479.9733378536619,1461.7290910722236,1465.6172232041138,545878
2025-11-18,1463.523681640625,1473.293847540622,1451.560272798876,1469.605056795563,708532
2025-11-19,1436.0079345703125,1461.7291917957994,1433.914362262136,1460.5328995334396,1021976
2025-11-20,1444.0831298828125,1448.8685420576894,1434.4127564979374,1440.593802333907,650084
2025-11-21,1436.7056884765625,1443.5846729288937,1425.63955959138,1442.587722187921,978674
2025-11-24,1420.2559814453125,1442.3883606051343,1411.0840834354967,1436.40665624271,1766273
2025-11-25,1415.0718994140625,1424.7422728767338,1407.69443962598,1420.6547991976074,773716
2025-11-26,1435.4097900390625,1438.599983874307,1413.676214229915,1418.6609681587936,609827
2025-11-27,1430.2254638671875,1439.596824878451,1422.7483335440654,1438.5998741687013,578302
2025-11-28,1437.5032958984375,1441.0922942217035,1420.6548040580612,1431.6212621946497,574515
2025-12-01,1430.9234619140625,1447.6721615158071,1426.8358664755638,1444.5816385266241,418134
2025-12-02,1418.1624755859375,1432.9173957159105,1413.7758678420462,1430.9234941685138,529711
2025-12-03,1416.2681884765625,1421.7514175139333,1405.7005350350653,1420.5551253122874,501288
2025-12-04,1429.12890625,1431.2224784943548,1411.6822680502269,1411.6822680502269,360610
2025-12-05,1432.1197509765625,1434.4127863785593,1415.6700636176254,1426.7361925922016,440018
2025-12-08,1403.0087890625,1432.6181766011177,1395.830670899927,1427.6334230290888,642925
2025-12-09,1415.470703125,1418.4615553318863,1386.7584732596556,1391.7432269377996,730475
2025-12-10,1385.661865234375,1419.4585198397187,1375.7920285162709,1415.470716858512,806272
2025-12-11,1398.123779296875,1401.712777716702,1380.9761530940034,1388.7524177520384,707388
2025-12-12,1405.3017578125,1408.7910854497961,1395.9303963898585,1398.3231025379082,430872
2025-12-15,1407.9935302734375,1411.5825284741727,1394.1358911252391,1405.7004949712011,732814
2025-12-16,1407.6944580078125,1420.6548177486777,1401.513412041405,1405.700556509218,298684
2025-12-17,1392.740234375,1406.8968867180427,1386.060712853584,1405.9997283779217,348931
2025-12-18,1396.9273681640625,1407.5948144060287,1384.9639589418816,1390.7463220785057,223572
2025-12-19,1412.57958984375,1414.5734914112622,1394.7341464748956,1396.8277187811648,705789
2025-12-22,1426.8358154296875,1443.0861607725433,1412.7788346799139,1419.6578189568925,479639
2025-12-23,1422.4493408203125,1432.219384890739,1418.660879392174,1428.6303866261317,274659
2025-12-24,1420.056640625,1432.0200493552895,1415.7697038174115,1421.6517374494213,661762
2025-12-26,1413.87548828125,1431.421918632602,1410.7849653323487,1425.6395556716218,217465
2025-12-29,1410.8846435546875,1423.645661751019,1406.1990237393643,1419.6578587769266,235094
2025-12-30,1408.69140625,1416.5673414950495,1400.715800269816,1410.884649215315,466114
2025-12-31,1420.55517578125,1425.6396003660138,1406.4981942711056,1408.6914372847395,217229
2026-01-01,1413.177734375,1428.5308007670878,1409.4890651585142,1426.2377652878063,320747
2026-01-02,1435.5093994140625,1441.1919699708326,1413.3770198970826,1420.1563336297984,256390
2026-01-05,1446.974365234375,1457.7413604817896,1426.7362160176135,1435.60910216925,454648
2026-01-06,1497.120849609375,1501.4077863905213,1439.5968416652806,1453.5541517645286,1346661
2026-01-07,1491.6376953125,1508.1871754742506,1480.4718953533816,1499.3142892702247,421633
2026-01-08,1479.17578125,1494.4291764264506,1465.0191292586185,1491.9367995478208,761222
2026-01-09,1460.4332275390625,1510.0813035538142,1456.744436620119,1474.689550728652,1297815
2026-01-12,1445.9774169921875,1458.7383137926602,1433.5155324030004,1456.5450707841999,1832938
2026-01-13,1427.3343505859375,1452.5572534255487,1415.6700754044468,1448.5694503962404,684472
2026-01-14,1432.7178955078125,1443.8838169034605,1413.7758312971791,1415.6700620578604,788769
2026-01-15,1432.7178955078125,1432.7178955078125,1432.7178955078125,1432.7178955078125,0
2026-01-16,1421.75146484375,1442.9865648655332,1415.6700895031086,1432.6182525464556,406281
2026-01-19,1442.6873779296875,1449.566362310531,1415.8693789365946,1422.150217218688,1337059
2026-01-20,1342.19482421875,1450.064845147608,1333.1224751649595,1421.6517491787479,4182464
2026-01-21,1311.9871826171875,1344.4877526189985,1290.353400093693,1335.9140005372578,2232518
2026-01-22,1307.800048828125,1350.868272756323,1302.615831884302,1320.9597501122714,808021
2026-01-23,1287.0,1324.0,1280.0,1324.0,783770
2026-01-27,1288.9000244140625,1294.800048828125,1263.4000244140625,1289.0,1086332
2026-01-28,1286.800048828125,1296.5999755859375,1281.0,1290.0,802524
2026-01-29,1273.9000244140625,1286.800048828125,1257.9000244140625,1285.0,1124235
2026-01-30,1285.0,1291.800048828125,1258.5999755859375,1266.0999755859375,2002060
2026-02-02,1278.5,1282.800048828125,1250.0999755859375,1275.0,823663
2026-02-03,1318.0,1335.0999755859375,1305.4000244140625,1309.0,1080071
2026-02-04,1344.199951171875,1358.9000244140625,1307.0,1324.0,410223
2026-02-05,1350.199951171875,1352.9000244140625,1332.0,1349.800048828125,392787
2026-02-06,1355.0,1357.5,1326.0999755859375,1350.9000244140625,417229
2026-02-09,1371.9000244140625,1380.800048828125,1346.0,1358.0,482069
2026-02-10,1373.0999755859375,1390.5999755859375,1367.199951171875,1379.0999755859375,418360
2026-02-11,1383.800048828125,1388.800048828125,1365.0,1374.0999755859375,472510
2026-02-12,1400.5,1405.0,1371.800048828125,1379.0,568421
2026-02-13,1404.0,1419.0,1378.4000244140625,1391.0999755859375,774193
2026-02-16,1420.699951171875,1428.5,1396.199951171875,1404.0,369629
2026-02-17,1434.4000244140625,1438.699951171875,1413.9000244140625,1417.0999755859375,305464
2026-02-18,1434.800048828125,1442.300048828125,1425.0,1437.5,388023
2026-02-19,1396.0999755859375,1438.9000244140625,1392.300048828125,1434.0,270597
2026-02-20,1412.9000244140625,1416.4000244140625,1396.300048828125,1399.0,543595
2026-02-23,1412.800048828125,1423.9000244140625,1402.0,1420.0,221863
2026-02-24,1403.800048828125,1417.800048828125,1392.5999755859375,1410.0,273019
2026-02-25,1417.5999755859375,1420.5999755859375,1395.5,1411.199951171875,1008679
2026-02-26,1413.699951171875,1426.0,1403.0999755859375,1417.5999755859375,312149
2026-02-27,1397.0999755859375,1417.0,1390.0999755859375,1414.9000244140625,1498208
2026-03-02,1354.0,1383.5999755859375,1333.699951171875,1360.0,861596
2026-03-04,1318.699951171875,1340.0,1314.0999755859375,1332.0,932884
2026-03-05,1352.5,1359.300048828125,1327.199951171875,1334.0,320753
2026-03-06,1349.199951171875,1365.0,1340.300048828125,1352.5,489820
2026-03-09,1331.4000244140625,1336.9000244140625,1301.4000244140625,1336.9000244140625,872333
2026-03-10,1358.0,1382.4000244140625,1338.4000244140625,1348.0,1530785
2026-03-11,1365.5,1404.5999755859375,1359.800048828125,1363.0,755141
2026-03-12,1354.0,1364.5999755859375,1334.5,1355.199951171875,853612
2026-03-13,1310.199951171875,1353.199951171875,1303.5,1340.9000244140625,1599343
2026-03-16,1297.300048828125,1316.9000244140625,1273.0,1310.0,963287
2026-03-17,1317.0999755859375,1321.800048828125,1291.5,1300.0,849515
2026-03-18,1343.9000244140625,1349.199951171875,1311.300048828125,1317.800048828125,1048399
2026-03-19,1294.300048828125,1335.800048828125,1290.0,1323.800048828125,506987
2026-03-20,1281.199951171875,1314.5999755859375,1278.0,1301.0999755859375,810727
