Date,Close,High,Low,Open,Volume
2015-01-01,462.6292419433594,465.9992472735868,460.1685817101831,461.6396233837699,489388
2015-01-02,464.8937072753906,466.98882706079127,461.28296892182783,461.28296892182783,1025204
2015-01-05,457.13726806640625,467.11359486393326,455.5770726122547,463.6009349478913,770804
2015-01-06,452.2338562011719,458.0734456701076,448.5072348384742,455.5860567249031,1959932
2015-01-07,450.120849609375,459.10760195987274,448.12380804223375,453.79401306119513,1331532
2015-01-08,457.6544189453125,460.01700101990247,450.76282902365244,450.76282902365244,1760940
2015-01-09,477.9281005859375,479.6309079987656,457.8951695071026,457.8951695071026,3004040
2015-01-12,491.0603942871094,491.9519345817483,478.7571382210925,480.8968349282258,3457052
2015-01-13,492.3264465332031,494.3056400593724,487.67258833219887,492.84352254120574,3020512
2015-01-14,497.7560119628906,498.54055023207576,490.614763468358,492.8436148379216,1642216
2015-01-15,496.0174255371094,499.26262388591863,493.39630546815755,498.73662375648803,2348088
2015-01-16,502.2850036621094,502.81992797283755,494.0204491807105,496.5880684593049,3840948
2015-01-19,499.3070983886719,502.82868224481905,496.24913285812744,501.9371420280729,1066204
2015-01-20,499.58355712890625,502.8198311728822,498.3799776614741,498.3799776614741,1248036
2015-01-21,498.6384582519531,502.09761698427064,497.0871869345167,499.44084447120355,2102312
2015-01-22,491.79150390625,500.15413495299447,490.1688830608848,498.6741692696795,2468964
2015-01-23,495.83026123046875,499.97592465710125,492.13036806476447,494.06502841009376,1997508
2015-01-27,502.2314147949219,502.81091603031695,492.2194339409178,495.66971255532127,1976488
2015-01-28,512.3416137695312,514.4188857914554,500.38604655621174,500.38604655621174,2378628
2015-01-29,517.8779296875,522.4426335918481,512.6356899578714,513.1706141560883,3780160
2015-01-30,511.47674560546875,533.4086402226808,505.8867696864754,522.6210010003936,4703872
2015-02-02,516.2107543945312,534.0504843859634,512.1274737281989,529.9315508143151,7806000
2015-02-03,520.5081787109375,521.551298721284,511.74435122396073,520.4814499033942,2436904
2015-02-04,508.5793151855469,521.5512304032692,506.4128890260042,521.5512304032692,1751448
2015-02-05,511.34295654296875,517.262775630863,507.2864480393152,508.37414465538967,1602784
2015-02-06,510.0234680175781,520.8289101474494,508.1690381062893,511.7441233539382,1711276
2015-02-09,502.9089050292969,512.4573093217497,501.2417509669553,506.39483593380965,1355964
2015-02-10,492.5760498046875,500.4394532072274,490.07973679210266,500.15414287860574,2848392
2015-02-11,506.7069091796875,509.6044150384611,493.88657759284035,493.9133063878717,2885288
2015-02-12,518.7517700195312,519.7681174948033,507.3935526249802,509.96117188169376,1398956
2015-02-13,514.6951293945312,521.0874471031713,513.9373201541147,520.6595251803027,1367488
2015-02-16,517.0133056640625,525.6434010523706,515.6224936549372,516.2019950310515,1739352
2015-02-18,515.7115478515625,519.7680566988693,509.42618798925196,513.3489657756585,4645928
2015-02-19,504.6385498046875,517.0933854852198,503.7381289074811,517.0933854852198,2996608
2015-02-20,501.081298828125,503.9610001010826,498.23729399276965,501.04564592276375,1555608
2015-02-23,495.4735412597656,506.7515264994166,492.5403822635698,501.04566835445485,2152512
2015-02-24,497.7113342285156,500.6979944594097,495.8747523651587,497.48844913665783,1746308
2015-02-25,492.5849304199219,500.6890228851729,490.73942462139127,500.15409871542374,2624308
2015-02-26,490.00836181640625,494.7691779691609,488.56404922150585,494.7691779691609,4260476
2015-02-27,505.6370849609375,508.1779748351131,488.8672030849305,490.8731687750691,2109468
2015-03-02,509.969970703125,516.2018286324993,507.97292915717804,513.3132467953044,1640164
2015-03-03,518.6089477539062,519.5183361943223,505.5122305836048,513.8837845716891,2013832
2015-03-04,513.4381103515625,524.0474409874083,510.9596454814648,518.8765067279204,2200520
2015-03-05,513.1973266601562,519.3757270727558,508.3741284518211,513.5272139848138,1725044
2015-03-09,501.2864074707031,510.31769375760405,495.87474016069075,510.31769375760405,2569948
2015-03-10,506.3592529296875,507.464754228938,490.96233406645007,490.96233406645007,2513260
2015-03-11,520.9536743164062,524.8942994637036,501.9371390200682,506.4126882942076,5020084
2015-03-12,509.4261474609375,524.2346411329552,508.57918414261775,523.9315261254787,4443664
2015-03-13,502.5434265136719,513.1706044637612,500.68904007444104,513.1706044637612,2839984
2015-03-16,504.2462158203125,506.47506633272764,501.93713539589766,506.0382203387416,4702048
2015-03-17,510.4781494140625,513.848198011675,504.7722912498015,507.1081443486931,5144028
2015-03-18,499.35174560546875,513.5272370447241,497.4795108870765,512.4573886342142,15227544
2015-03-19,490.0976257324219,499.90457052525227,488.5641587700983,495.69648225579317,5621879
2015-03-20,483.7854309082031,492.13025701623116,480.0053086549617,491.3813718533071,3616042
2015-03-23,468.45098876953125,488.88511257354884,463.7436727729576,487.8509169816851,3672301
2015-03-24,470.4837951660156,476.08265239172863,465.02754960210797,471.4466415444683,3793847
2015-03-25,468.13006591796875,472.87307876646025,464.3142900105062,472.87307876646025,3053431
2015-03-26,464.4212341308594,474.2994841702284,462.28153720979066,467.8803934070223,3774322
2015-03-27,460.6766052246094,471.73170216079393,455.7552865949641,466.4537675009492,3223159
2015-03-30,447.1610107421875,465.56239585106977,441.24119120572004,462.10323651961323,3887546
2015-03-31,449.122314453125,456.1832869472365,446.8399627605104,451.5472777565848,3125329
2015-04-01,451.26202392578125,455.54141714739654,448.62305606600404,449.69290437140785,4892589
2015-04-06,458.8580017089844,461.8179332889084,452.97383499140363,452.97383499140363,5050758
2015-04-07,465.63372802734375,467.88042737045186,459.99921851220114,460.997717695167,1922672
2015-04-08,479.5060119628906,482.1449798787341,467.8803355036236,468.55791481788935,3505745
2015-04-09,478.15087890625,485.42581243850265,472.7302881279728,484.92658472991775,1882337
2015-04-10,470.8758544921875,480.32618008543363,467.1670387604668,478.4360975538908,1675314
2015-04-13,473.87158203125,481.0039053999789,464.0646373992477,474.0855430258624,1357726
2015-04-15,470.62628173828125,479.04245709598933,467.8803549945787,473.8715232946011,3785304
2015-04-16,467.9160461425781,473.76455976444834,459.6782217059645,472.6590583954214,1850395
2015-04-17,457.21759033203125,465.74072564094536,452.2963132248525,465.0274932892747,2224178
2015-04-20,450.976806640625,457.1819367981572,443.9871383102229,457.1819367981572,2301636
2015-04-21,454.6855163574219,459.4998335894416,443.6304175283394,445.0925347960609,1504719
2015-04-22,449.1937561035156,453.54449985598905,444.0584741251827,452.90257328410337,3464944
2015-04-23,438.78045654296875,454.54287069247107,435.8918748499725,450.97670970550325,3887545
2015-04-24,419.02398681640625,438.4239145720576,412.3195856144454,436.2842176181015,3375425
2015-04-27,418.84564208984375,425.40738754763584,403.04753021583144,421.5915688609331,4643882
2015-04-28,434.0731506347656,436.4981578132926,413.67472472501584,419.3092771815817,1776573
2015-04-29,439.9929504394531,447.0895758237688,429.43707932124437,433.6451666074685,1729917
2015-04-30,443.1669616699219,446.3408547521972,426.7269625420456,439.3511855073939,2983762
2015-05-04,436.3199157714844,445.6632426930451,430.0791323419781,444.27247435455547,2859253
2015-05-05,435.0360107421875,442.203986002391,431.39850022185556,440.06428929592784,2826920
2015-05-06,434.2872009277344,439.60074717795055,427.93941551798486,436.4982038283445,3148933
2015-05-07,438.1028747558594,440.7774954808646,427.9393160008394,429.3657803875089,1954517
2015-05-08,443.2026062011719,445.698919462773,439.3511340418021,443.6305282045469,1400231
2015-05-11,450.2635498046875,456.3973738064929,440.777568762684,445.7701949460801,2019842
2015-05-12,439.4938049316406,455.6128394413133,436.5338731170292,451.476100309227,2539734
2015-05-13,439.6006774902344,443.6304570937738,435.82055529218593,442.8815719417841,2839628
2015-05-14,438.9588623046875,440.3853270170061,432.7180791882937,438.6378990379662,1443799
2015-05-15,441.02716064453125,443.59482295859993,436.5694589175822,436.8904221483713,1245727
2015-05-18,436.9260559082031,442.9172241795673,431.5055082586767,439.63637326520785,2241358
2015-05-19,441.6690368652344,445.0212368890283,434.5723678167454,436.4981034501792,1760702
2015-05-20,457.0392150878906,458.6083347374531,442.8815724004165,442.8815724004165,2353164
2015-05-21,467.5950622558594,470.37668554232016,457.1818884497759,458.71535525450946,2427489
2015-05-22,475.7615966796875,477.1524083701751,462.17453008052837,467.0958503600245,1589768
2015-05-25,462.49554443359375,477.0811552768624,449.80001680579556,474.19252931883204,1795055
2015-05-26,456.6470031738281,466.27563971087875,448.62313939295257,449.33637172903036,2608856
2015-05-27,391.6358337402344,412.67618633360064,388.7829045750322,411.00010786194207,22929044
2015-05-28,388.78289794921875,399.3387705063644,385.85866301762036,392.2777535299283,11498735
2015-05-29,395.416015625,397.1990964250185,390.06677322494454,392.24212309451786,4961544
2015-06-01,392.7056579589844,398.6968262493307,390.8512715288609,398.6968262493307,1842699
2015-06-02,391.84979248046875,397.91226624835076,388.17662919644454,392.9909466003508,2276829
2015-06-03,390.3876953125,395.70128483525366,385.18110805129527,394.34616953836274,3675701
2015-06-04,397.4486389160156,399.2673722988203,390.85124114127694,393.5971676670567,2352012
2015-06-05,394.7740478515625,398.6968252014877,392.99096723796015,397.9835929560467,1385964
2015-06-08,392.6700134277344,396.1648689270132,389.7101256575933,395.7725998890719,1412942
2015-06-09,385.5021057128906,392.91973996096937,370.2032622838846,391.8855442919223,3680213
2015-06-10,396.7711181640625,398.5541989067845,385.50205657650804,385.50205657650804,2135795
2015-06-11,397.6626892089844,402.4770075856846,393.989568714999,396.057916416751,2140594
2015-06-12,393.31201171875,398.3402913815749,387.57049966312013,393.70428082834263,1974142
2015-06-15,395.1663513183594,400.12332456261623,389.42483994864256,392.99100148663376,1749558
2015-06-16,393.31201171875,395.84397800675754,389.67450039609434,395.84397800675754,1591051
2015-06-17,391.6715393066406,396.8424735390537,389.56749529183037,394.7740824331903,1913683
2015-06-18,386.0013122558594,392.02813362859126,385.2167306414945,390.28070586505464,3012586
2015-06-19,388.1053771972656,392.70569075079345,386.6075632334874,388.67595433631413,2307788
2015-06-22,393.31201171875,394.0608970247451,387.32084220628803,388.71165407870785,1939726
2015-06-23,394.8453674316406,398.41152878319895,391.3149025193923,393.7042132120392,760738
2015-06-24,388.9255676269531,394.4174650877891,385.9656796773774,394.4174650877891,3296386
2015-06-25,377.8704528808594,389.03255546522036,376.58664348452,387.99835995374787,5294305
2015-06-26,372.1645812988281,382.1498328512886,370.9164248547705,377.19285998129726,3503690
2015-06-29,344.74078369140625,369.16896445416427,333.15076059376383,367.3145781714367,11484481
2015-06-30,340.7823486328125,350.69629398002365,336.64561043141686,338.7853071078877,12372399
2015-07-01,346.73785400390625,348.3069736604435,339.35589586276416,339.96214762852264,4380793
2015-07-02,341.8521728515625,349.4124382615667,340.46138316965613,348.77053365713925,2751848
2015-07-03,336.3603210449219,343.77793181806265,334.50591291010664,342.3514673706848,2800735
2015-07-06,331.3320617675781,334.9695509112828,327.01701498728124,331.6530250143637,2655385
2015-07-07,336.2176818847656,339.9978259097785,331.3320365669037,331.65299978927726,2972045
2015-07-08,335.4331359863281,337.1805637965348,328.30081311384725,335.0765198427041,3449261
2015-07-09,338.2860107421875,341.5668830892205,336.00368084964356,338.0720497968648,2410385
2015-07-10,338.0720520019531,340.92498071083037,334.50589111585657,340.92498071083037,1847909
2015-07-13,339.3559265136719,340.2118139974732,334.93389922369295,338.1077699633667,2244361
2015-07-14,340.14044189453125,343.06469835430966,338.78530502764465,341.60258100748047,2094711
2015-07-15,342.3158264160156,345.9176405649341,340.60405160650896,340.9250148248217,1691337
2015-07-16,350.7675476074219,353.584823185442,342.4940724354417,344.7764021578057,2547683
2015-07-17,358.1495361328125,360.75282924603107,351.6234660153657,352.30104529527085,5006283
2015-07-20,357.18670654296875,359.6117136360734,350.44667475618184,358.3992100895211,3004605
2015-07-21,363.3205261230469,371.23740893776835,356.43783884082563,358.68451621316115,3506058
2015-07-22,363.85540771484375,366.20908706839896,354.97567975668267,364.10504334166137,2086049
2015-07-23,360.8963623046875,369.7374392893005,360.13856451607194,365.8401526154018,2670981
2015-07-24,368.83526611328125,371.64999378565875,357.25166047755874,359.7776823193193,2285622
2015-07-27,374.9698791503906,378.90326470838045,366.706192592324,368.79917764949033,4208795
2015-07-28,377.8567810058594,382.2953799598985,373.63473345471067,376.7381229756711,6316959
2015-07-29,379.30029296875,381.7902381143452,377.1712081616372,378.14555750574016,2061983
2015-07-30,378.4341125488281,384.53265935818246,374.8616314463063,381.7901303697496,6558111
2015-07-31,383.01715087890625,383.9553788969716,379.2281175345283,380.99634190530435,1229591
2015-08-03,377.89288330078125,385.03793476185444,376.3772876819252,381.79019210688097,811778
2015-08-04,391.2085876464844,396.2245539242606,378.2898171454503,378.9032619494295,2145670
2015-08-05,397.3792724609375,403.2973891145629,391.1724940500143,392.54378056072414,2640419
2015-08-06,385.32666015625,402.0344662315975,383.3058071615345,401.2766683837448,1547635
2015-08-07,386.2287902832031,393.6264263101049,383.5584152975728,385.97616164720915,1367440
2015-08-10,383.1975402832031,391.2808193682458,380.23845955591696,387.16700336466516,600681
2015-08-11,390.19830322265625,393.33777056020483,383.23368104122704,384.17190911506526,1434009
2015-08-12,402.3953552246094,403.6222891873243,386.95055914500443,393.33776952542115,3674098
2015-08-13,397.8846130371094,409.5764971853304,392.25520038806536,401.99842983652695,2714434
2015-08-14,400.5910949707031,405.7514159725746,388.2857649474007,394.05953096892335,2257748
2015-08-17,398.3175964355469,407.5556108341013,396.224589182213,404.0913609409343,2144457
2015-08-18,405.93182373046875,407.05048202525813,398.38983347152924,398.38983347152924,2130201
2015-08-19,404.38006591796875,407.98866911918265,402.03447383717963,407.98866911918265,1599058
2015-08-20,403.36962890625,415.53060242974294,400.62705560392567,414.98931202275674,2873282
2015-08-21,406.36480712890625,410.7673295669699,393.3738353024228,400.26625876696266,1329500
2015-08-24,377.92901611328125,402.6118258046807,374.9699351737316,396.2246160082858,3422600
2015-08-25,381.06854248046875,392.25521370858854,355.5918097193988,382.5119839292584,3057676
2015-08-26,366.12890625,384.641060024857,364.4689574321584,382.5119751268197,2169411
2015-08-27,374.9698791503906,381.06842622099975,370.6034789100064,370.6034789100064,2967588
2015-08-28,372.6242980957031,382.1149406157185,369.5209086495318,379.62499599541746,1642669
2015-08-31,371.6861572265625,378.90336416300056,369.52099514563105,372.69658381779794,2104443
2015-09-01,369.73748779296875,377.8207680493638,365.26283288599416,368.0775390738787,1340532
2015-09-02,386.8423156738281,389.65704417293335,371.1088123911915,374.5730631244716,2308033
2015-09-03,390.0178527832031,398.8950078748868,381.10457641913274,391.1725881909402,2220020
2015-09-04,382.0067138671875,395.17811513085627,379.6971990821219,389.72913328115806,1438221
2015-09-07,388.2856750488281,390.55911251357634,375.294704508161,381.79018977849455,1222028
2015-09-08,387.7082824707031,392.5076976262173,383.23360631757026,388.2856500920015,1074692
2015-09-09,384.9658203125,395.28641701143374,383.0893201533907,395.28641701143374,1271196
2015-09-10,385.25445556640625,387.9248306525925,379.3363377119657,383.95536726917067,929833
2015-09-11,378.93939208984375,389.4043407862511,376.73815307066536,384.6770796679399,873940
2015-09-14,379.4806823730469,382.1510574010236,372.4439065285521,379.62503530299983,1784462
2015-09-15,390.3786926269531,392.1829941383546,380.7436961258714,381.7180453722261,1366805
2015-09-16,392.7242736816406,395.28637294658796,390.2343288550129,392.43556782770486,722804
2015-09-18,405.24615478515625,407.30304106731603,393.518193938747,393.518193938747,1907266
2015-09-21,409.5763854980469,417.8040168532913,396.2245561910621,399.1114382033831,995389
2015-09-22,402.5757751464844,416.79368095178955,399.36410940094504,414.12330570099283,1172885
2015-09-23,401.3488464355469,404.8852953339987,390.1260988419707,397.6680886435531,943910
2015-09-24,409.46820068359375,411.38077806138097,396.9102875729727,404.16357142872516,1226153
2015-09-28,413.83465576171875,420.0414359930283,411.5251407743706,413.79853448743114,1603999
2015-09-29,411.66949462890625,415.78326727599836,406.04003806909367,413.14901321692486,1765081
2015-09-30,402.2509460449219,415.49454506550853,399.255832080017,415.49454506550853,2795413
2015-10-01,406.3287658691406,408.8547883923058,387.60010435160575,403.2253755793194,2014882
2015-10-05,411.3086242675781,414.9893820359374,404.9574471805004,407.411315059629,2111594
2015-10-06,407.59173583984375,417.76797935356075,402.7201214672559,414.9893724796992,1834106
2015-10-07,408.71038818359375,411.12817874928425,404.5965717400048,408.6021565181739,1150506
2015-10-08,406.3287658691406,413.4016201239357,404.45230961492416,411.380810915471,1534024
2015-10-09,405.0295715332031,409.93726234273413,401.4209688717354,405.4625862324491,1124964
2015-10-12,406.1482849121094,411.38075948449995,402.7201119164052,406.0400091973756,758836
2015-10-13,404.88525390625,407.66386057763174,400.7353604838597,405.6069745014483,639491
2015-10-14,395.53900146484375,407.3030394889729,393.4821151906546,403.44185155309725,950851
2015-10-15,393.55419921875,400.55489722353275,389.5486590565798,396.5132798446508,1833925
2015-10-16,393.9150695800781,398.02888554812046,392.07469097736436,396.9463047170739,1934451
2015-10-19,390.8838806152344,404.163557998164,385.4709758206161,393.915116110287,1446786
2015-10-20,395.5750427246094,397.1628368526071,390.4508440914158,393.2655720478813,1060182
2015-10-21,389.3322448730469,396.3690217784395,386.48143926541036,395.50294811847783,1566054
2015-10-23,389.8013000488281,394.7811900850243,389.0074249649508,391.53344720498296,1229160
2015-10-26,391.6416931152344,393.3377188700472,389.44041009046936,389.80127038301066,814364
2015-10-27,388.8629455566406,392.79633057549876,386.9142916523119,392.110687380416,839550
2015-10-28,396.6216125488281,399.8332785603277,387.2031659704257,387.34751892437765,1731286
2015-10-29,396.2245788574219,401.6735601573267,393.44597238173986,396.9462994017888,3049427
2015-10-30,389.11566162109375,397.126742300899,387.6360992173299,396.22459159144677,879393
2015-11-02,401.312744140625,402.35924785542727,384.2801550353976,390.4508575601546,1862983
2015-11-03,401.8179626464844,406.328716605246,395.86376742091903,402.93662081819093,1884815
2015-11-04,391.8221740722656,410.2982058261871,389.8013209317108,409.93734548685006,3424936
2015-11-05,386.0844421386719,394.74508930185215,384.6410009448085,393.69858562623534,1057337
2015-11-06,385.00189208984375,387.8165762131938,379.733340120189,387.56399160416225,1218451
2015-11-09,384.244140625,386.0123212024641,374.60914228999815,378.1816687726317,2136740
2015-11-10,378.8673400878906,384.6411064470155,377.8569133549072,384.24416881989396,860680
2015-11-13,375.3308410644531,379.3003049127559,373.8513224401529,375.29476383953573,860928
2015-11-16,372.37176513671875,374.24822114087027,366.634077360092,373.85128360733796,1347660
2015-11-17,377.8207092285156,380.88802157659813,372.4438823023998,372.4438823023998,2175347
2015-11-18,372.91302490234375,382.8006054570661,371.68609113126246,377.8207159363415,892774
2015-11-19,385.68743896484375,386.69782119835304,375.294646518061,376.3772272291708,1214934
2015-11-20,386.04833984375,389.7290970288923,383.2336120784107,386.08441706118737,1126241
2015-11-23,389.0073547363281,393.15724766718876,386.1926271283104,386.8421932071834,839938
2015-11-24,387.9609680175781,392.4356453353777,384.2802099297399,386.19274342622947,985303
2015-11-26,382.2232666015625,392.61606234252844,380.38288761939907,388.28573812551525,3051131
2015-11-27,385.6153259277344,387.4557047343279,381.4293550606919,382.4397815684025,772320
2015-11-30,385.00189208984375,390.59522716420554,382.51194702086775,386.0483958493071,2080681
2015-12-01,391.2807922363281,391.96639148077855,384.6770319476783,384.6770319476783,1079295
2015-12-02,389.72918701171875,393.7708054050389,387.6723005892916,391.89434916178385,715680
2015-12-03,391.60552978515625,392.97681636966115,386.84219205535055,389.4403682624584,852540
2015-12-04,387.0948181152344,393.0490129410324,385.3987923607446,389.69303865123436,938866
2015-12-07,393.0851745605469,394.42034015961815,386.2288282997667,386.8422732398085,788606
2015-12-08,383.01715087890625,394.059467815313,381.50151111095596,393.30166995650376,1061492
2015-12-09,380.5993347167969,387.9248163100389,378.9754633927084,383.2336324848943,1223560
2015-12-10,388.82696533203125,390.08997635631164,378.03723377168455,382.80061606488204,702931
2015-12-11,387.5279235839844,392.5438910637201,386.1927139107786,389.72916282319676,926348
2015-12-14,392.36346435546875,393.3377696509842,380.3467974423279,380.3467974423279,773988
2015-12-15,375.2586975097656,395.5029549138083,372.8409066654006,395.5029549138083,2697637
2015-12-16,377.71246337890625,383.23364366196495,375.36687139792434,377.13509570134596,1399927
2015-12-17,382.5119323730469,384.06364934148513,375.7277408579962,379.26418955101155,2067366
2015-12-18,377.6403503417969,381.06852361293596,376.3773391366404,379.408574839083,1534964
2015-12-21,376.6298828125,378.47030560877306,371.00047086300964,374.8617025577753,874232
2015-12-22,374.9698791503906,380.2023528058873,374.50078725285067,378.18154420417403,666767
2015-12-23,373.8873291015625,378.9393730459335,372.84082547444876,378.9032958278249,697224
2015-12-24,373.0934753417969,376.5577254336601,372.4078319573907,375.2947143756651,453150
2015-12-28,374.4286193847656,375.65555315229295,369.80963421039974,372.4438878359303,1083432
2015-12-29,374.536865234375,376.7381039666441,373.8512219439112,375.9803062457415,570433
2015-12-30,379.0115966796875,381.0684828019523,374.75342745248815,374.93385760532993,1227498
2015-12-31,376.48553466796875,379.62500137479736,375.5472627322953,377.67634712041297,421683
2016-01-01,375.3308410644531,378.8312128881579,374.21218278999856,378.8312128881579,312042
2016-01-04,372.696533203125,376.2329376915112,364.4689007928188,375.3307869469745,2684305
2016-01-05,376.6660461425781,377.67642867948075,372.8408912411317,373.09351991310876,1707124
2016-01-06,378.9754333496094,380.34671997915206,375.8720438752146,376.73811732280336,1456740
2016-01-07,368.6548767089844,377.0629393884291,363.74718539859316,376.0885901401992,2014798
2016-01-08,376.8464050292969,379.8054416816503,370.06221419908064,372.40780600044,1426135
2016-01-11,366.12890625,373.1296059255958,365.0824244388105,373.1296059255958,1791903
2016-01-12,366.2010498046875,367.5723146211727,359.4168801664188,366.5980093733846,1836753
2016-01-13,364.07196044921875,369.701372241364,358.5147030959445,366.63405973374904,1431164
2016-01-14,370.9643859863281,372.4078271769364,356.56605129994466,358.6951358661577,2022474
2016-01-15,375.691650390625,382.47584166647965,369.412694371172,374.57299226809835,1612782
2016-01-18,373.4183044433594,380.3107282563341,371.1087894140532,372.40787785230816,1035936
2016-01-19,369.88177490234375,376.4494141634063,368.14965002002873,373.8512378525152,978429
2016-01-20,365.91229248046875,370.09826255874077,363.45844719233816,366.092722604966,2002842
2016-01-21,366.1649475097656,372.6243336063597,365.5875578198787,366.63406149049814,1873696
2016-01-22,371.14483642578125,372.9491380126834,363.5306925391203,370.2426856323301,894565
2016-01-25,371.36126708984375,378.00110436804385,370.60346938995804,373.1294910897922,689789
2016-01-27,363.0616149902344,372.1192016054599,361.58209626071243,370.9644660239644,2171390
2016-01-28,360.8963623046875,367.53620036033993,357.90122634350445,364.46888793710684,2091098
2016-01-29,361.8706970214844,364.93800950864573,355.772171291521,360.86029260721705,1583928
2016-02-01,359.1282043457031,374.14000726893397,358.0817005800216,364.4328555947154,2717866
2016-02-02,342.42034912109375,360.3911877421849,340.7243012979326,357.97341931556497,5733789
2016-02-03,340.7965087890625,344.116406247081,335.9609714956004,339.93043517599955,2019903
2016-02-04,338.81170654296875,345.6319522341999,335.6722178794676,345.6319522341999,1465102
2016-02-05,342.8894348144531,343.75548625204163,337.83739100711585,340.5799202638908,1196754
2016-02-08,339.67779541015625,347.8693286113273,337.90959315824733,340.2912623241511,598666
2016-02-09,323.5111999511719,337.65692553644493,322.21211191815286,335.6000177965308,2352111
2016-02-10,317.84576416015625,323.25866893817374,315.21148823988756,323.25866893817374,2686031
2016-02-11,311.7472229003906,319.79440320911414,309.61813831403936,317.8457487732955,1731120
2016-02-12,310.3398132324219,316.94355136477714,306.91164087694744,316.1135771995367,1443312
2016-02-15,310.5564270019531,316.9075827574817,308.9686545819478,311.8916147819631,1888109
2016-02-16,305.1795654296875,314.95887091992665,302.8700506594017,313.91238924680124,979478
2016-02-17,310.0151062011719,311.42247032324406,299.62233291755007,304.8187305719445,1169666
2016-02-18,309.90679931640625,314.5979828846162,305.21561574819634,313.91236157820657,1262032
2016-02-19,317.9179382324219,319.3974567171943,307.84992661113586,309.32946712107406,1644603
2016-02-22,311.5667724609375,318.928308908195,307.8498939818723,317.9539817537329,1155619
2016-02-23,309.3294372558594,312.07196658119557,306.00951826586675,311.56677540293026,1074713
2016-02-24,304.6021728515625,308.89641926590923,301.931819825344,306.73125744862483,822293
2016-02-25,300.4522705078125,305.86517489139186,296.6271602201488,304.49391018591797,2406282
2016-02-26,301.498779296875,306.6951764036195,296.84367263770116,302.5813601920164,1912583
2016-02-29,299.9109802246094,306.00952797666287,294.0289618631097,301.31834417513386,1555018
2016-03-01,311.9637756347656,313.948507579232,300.2358141447368,300.9575348518155,1570024
2016-03-02,328.7798156738281,332.5327716627247,313.2628225305865,316.4384108404983,2339747
2016-03-03,333.2545471191406,334.87841876184353,326.3621229568469,331.77502843252324,2371409
2016-03-04,325.67645263671875,333.43494984634697,324.7382245749235,331.99150850502076,2756908
2016-03-08,323.9443054199219,331.66670285617454,321.16567662164533,328.3828828378621,2050957
2016-03-09,334.986572265625,337.4043403932615,319.0726437373553,320.3717318528687,4030260
2016-03-10,336.42999267578125,341.5181352042312,335.02265097441824,339.10036722476866,3266594
2016-03-11,330.5841064453125,339.2086762799427,328.81590422022845,337.7291578849577,1025718
2016-03-14,339.35302734375,340.8686229497367,330.5480274105219,331.99146857825343,5115313
2016-03-15,332.20794677734375,342.99767736892454,331.26971891075516,341.0851223946248,996244
2016-03-16,336.17742919921875,338.5951974886034,329.4654367780984,329.826297059345,1223337
2016-03-17,351.2975158691406,353.6431079114102,339.93041597198817,339.93041597198817,2474194
2016-03-18,355.4113464355469,357.973445958449,348.699331108726,352.19968070105466,3064899
2016-03-21,353.71527099609375,359.7055431750215,350.7562121266181,355.4113188136731,1653354
2016-03-22,349.4571228027344,355.6278251133569,346.5702404070907,353.7152699312759,2064995
2016-03-23,346.3537292480469,349.7819022733691,342.5646959042697,349.3127882644108,1458923
2016-03-28,342.600830078125,350.2149747636929,334.8784096658496,347.869382454611,3609846
2016-03-29,337.4765930175781,346.31767131206846,334.8783941749802,342.8894980958375,2044000
2016-03-30,341.2655944824219,345.5598188922789,336.14137375181105,339.9304069503017,3203825
2016-03-31,342.78125,348.5910927355251,341.5182387944365,342.81732722437766,4630177
2016-04-01,334.22882080078125,343.575089538446,331.9914824919978,343.5390123178064,2394963
2016-04-04,339.6056213378906,342.0955662312856,336.46615433121644,337.76524260810476,1708093
2016-04-05,333.6153564453125,341.3738531068314,332.0636615180418,341.0129927969933,1430387
2016-04-06,326.939453125,335.8527075214102,323.6195337434215,334.5175199192881,2671558
2016-04-07,320.7687072753906,331.2697324684089,319.6500272077305,328.23849734817514,1891494
2016-04-08,328.996337890625,330.40367983686633,320.4439444282174,320.732628261408,2043759
2016-04-11,338.9200134277344,340.21910175617074,325.49600525817345,328.99635473083885,1008816
2016-04-12,335.2030944824219,341.1572885976053,332.06360590756555,339.0282043160508,1901106
2016-04-13,340.2191162109375,341.08518981680214,336.2496525635301,338.84785135595735,1062026
2016-04-18,344.0442199707031,347.8693303533189,340.8325544799893,342.81728613656946,1780726
2016-04-20,348.9879150390625,352.56044007920246,343.5389344476978,346.42581624977925,1450742
2016-04-21,343.7915344238281,351.11699245123197,342.1676634412685,349.312691359499,1179377
2016-04-22,346.3537292480469,352.0192406528231,342.52861868249056,344.2968210278204,2058353
2016-04-25,340.65216064453125,349.81802208210985,338.55917507950295,347.72501449191435,784214
2016-04-26,343.17816162109375,344.26074257257983,336.1053082147842,340.79649233789064,1123091
2016-04-27,345.8846130371094,349.38496250887175,341.66254293303166,344.26074161439993,955123
2016-04-28,346.5341491699219,349.1684250117879,337.9096010287351,346.4258954826166,4152895
2016-04-29,350.86444091796875,352.9213488901526,343.53898174174367,344.26070229162127,2295767
2016-05-02,344.4051208496094,350.0345334014628,343.25036334469473,350.0345334014628,1076011
2016-05-03,337.18792724609375,348.87978962744745,335.60013286119926,344.4051344043991,1721645
2016-05-04,337.0074462890625,340.00258240343805,331.77497188768604,334.8783616880916,1379336
2016-05-05,345.956787109375,347.8693423667316,335.6000917023448,336.8991800214489,1484568
2016-05-06,341.409912109375,345.7041583773641,339.4973569743243,342.96162897900814,948747
2016-05-09,345.4154968261719,346.8950153029074,342.0955775336811,342.8894746291932,827632
2016-05-10,348.3745422363281,350.46752757013127,343.28639879405887,346.0289502876326,2296911
2016-05-11,342.0233459472656,349.02404371790715,340.29122112493883,344.91022799286424,1749723
2016-05-12,347.2919006347656,349.6013929347128,340.291203232225,340.291203232225,1123199
2016-05-13,346.2815246582031,348.95189960797825,343.683348196455,347.86931874052846,1078921
2016-05-16,351.44189453125,357.1795607318667,344.87423192709394,345.7042063054661,1732776
2016-05-17,349.16845703125,356.45784032218114,347.7250156677059,352.9214133865316,868879
2016-05-18,349.85400390625,350.9365846300445,346.42583161423414,347.1836293108258,1371699
2016-05-19,349.3127746582031,351.8387967889959,347.25586651809596,349.45712759002873,1292336
2016-05-20,343.4307556152344,353.2461602860207,342.7090350074584,348.08584032029046,741237
2016-05-23,343.86376953125,347.14758926831735,341.2294718678149,345.0546040499028,1069529
2016-05-24,346.6062927246094,350.5396785161408,335.31137056818415,343.53898039961285,2610091
2016-05-25,381.4293212890625,383.9553432843543,356.8908219062278,360.2107409336441,10804773
2016-05-26,391.38909912109375,394.7811949812736,375.4751676215861,382.5119439489488,3270866
2016-05-27,386.7701416015625,390.45089955953097,385.1101487476397,389.00745815635344,1572528
2016-05-30,392.29119873046875,407.0503928854038,386.12049679732456,386.6978644310683,2901801
2016-05-31,389.9817199707031,395.50290034195956,387.31138891303857,392.6881722996855,2896981
2016-06-01,389.72918701171875,392.03870211518887,387.7805322665928,390.4509077284071,1093756
2016-06-02,394.1676940917969,398.75060194194936,387.5639334711797,387.5639334711797,1862166
2016-06-03,398.17327880859375,402.3953268572874,394.1677381379788,397.9928486518063,1706048
2016-06-06,389.44036865234375,398.31756614455145,385.5791815531299,397.5236471552397,1614098
2016-06-07,387.05877685546875,393.26560089283527,385.0018906174128,393.26560089283527,1763517
2016-06-08,386.5896301269531,389.7290968985049,384.6770530498206,389.7290968985049,739380
2016-06-09,385.7235107421875,388.2134551527117,381.2849122690651,388.2134551527117,1085142
2016-06-10,387.9609680175781,390.0539757461684,383.05327588368135,386.625802292664,565211
2016-06-13,385.4709777832031,387.13097050227003,381.4654370248582,385.54317627769814,852440
2016-06-14,384.8935852050781,387.85266608016997,381.42933515282886,383.2697138633679,736886
2016-06-15,390.3786926269531,391.17256767183784,382.5119204171108,386.1205234399137,648970
2016-06-16,384.74920654296875,392.14684216043594,382.8727507381808,387.6000115178141,1181394
2016-06-17,386.3009033203125,391.1725167671357,384.1718190038583,384.7491866023058,946013
2016-06-20,392.8325500488281,396.11637027202977,384.02754910560225,385.39883599237527,1592795
2016-06-21,386.12054443359375,392.8325376108776,384.6771031459915,392.54387578355653,1344360
2016-06-22,384.49664306640625,391.17255850209705,382.90884896352753,390.3064849868606,1211966
2016-06-23,383.4861755371094,386.1204730198981,380.0941243788761,384.7491864301651,1027592
2016-06-24,365.9484558105469,373.0935080421468,356.20522679491074,370.24270259417176,3567473
2016-06-27,364.2162780761719,367.35576693338584,360.1385612961877,360.1385612961877,1135682
2016-06-28,361.5820007324219,369.9539416122832,360.93245663314485,364.4688829737985,1518673
2016-06-29,364.4328308105469,366.0927794033942,360.3550917441276,364.1080477259978,1209538
2016-06-30,365.01019287109375,367.8609980466383,362.5563472400185,367.42796128229213,2334281
2016-07-01,369.0879211425781,372.80477793537494,365.40714157076206,366.77842837067635,715389
2016-07-04,374.6451416015625,378.181590121687,368.4744393514367,368.7992224278284,1250195
2016-07-05,371.8666076660156,374.5730604146766,370.27881324340035,372.9852659920613,456205
2016-07-07,364.1441345214844,371.686123903971,363.3863366711639,370.0983297102373,1036078
2016-07-08,362.98944091796875,366.2371841220359,360.13863529544255,361.5820767194724,733349
2016-07-11,366.9227600097656,369.80966452442595,364.0719767664887,365.1545577000493,729356
2016-07-12,366.05670166015625,369.44877530703553,364.4689075104408,367.46404363247376,931824
2016-07-13,365.58758544921875,369.1601114670307,364.43285003250475,367.35580984695724,1194115
2016-07-14,373.9595642089844,374.93386944496467,365.5515012009136,365.87628429635095,753846
2016-07-15,363.7832336425781,378.03721447471725,362.2315388684159,375.7998983946133,2417368
2016-07-18,365.6236572265625,368.0053263760526,363.0254586838322,364.5410763358552,1132642
2016-07-19,366.34539794921875,369.44878786302945,363.783276485337,365.7680082273514,1013525
2016-07-20,364.7215270996094,367.7888397966549,363.8193763063607,363.9276299965174,1424321
2016-07-21,364.6854553222656,366.99497033701,363.1698594955801,365.1906686146058,528981
2016-07-22,364.3967590332031,366.9949578299529,364.03589870102024,365.9123768334044,1008674
2016-07-25,366.9227600097656,369.08792187688675,362.8811201194397,364.46891429872807,1028518
2016-07-26,362.66461181640625,370.0622481768404,360.86031026508084,366.63407522932215,3069751
2016-07-27,363.9275817871094,365.51537578295864,361.6541664943147,362.3758870333075,744952
2016-07-28,358.97412109375,368.91790944119805,356.42349978616795,368.17859499342006,1867921
2016-07-29,360.74853515625,362.9294994898598,356.7562186311005,361.487849688746,1134853
2016-08-01,362.3749694824219,364.48202015598423,351.9876105900321,358.7153765292636,2125956
2016-08-02,369.0658874511719,376.82869138441805,358.6415462283941,359.3069249102537,4792350
2016-08-03,367.3653869628906,372.5775679581858,364.5560007621151,370.54445299228297,1196987
2016-08-04,369.620361328125,372.54064060334696,365.3693021707215,368.84406742299603,793067
2016-08-05,365.9976501464844,375.20212509735353,364.7038497151142,371.1358951701901,1681614
2016-08-08,372.3558044433594,372.9842263837781,366.70005210377394,366.70005210377394,913042
2016-08-09,371.5055847167969,373.9453138602499,366.36733924662366,373.3538712079252,1299439
2016-08-10,367.5872802734375,372.61461124154124,363.37317743098714,372.61461124154124,1326514
2016-08-11,369.73126220703125,371.06201955661993,366.18253833797377,370.3966408818256,1681953
2016-08-12,364.7408447265625,372.61454032214215,361.0812286092769,372.61454032214215,3618973
2016-08-16,357.0520324707031,363.5579926069044,353.5772444621292,362.6708059691981,2087382
2016-08-17,350.9156494140625,360.04618869102706,349.1043422895237,357.16286643569345,913427
2016-08-18,347.1082458496094,353.9099500007864,346.1841024900524,353.13365604150226,1005420
2016-08-19,349.84368896484375,352.80094745968745,347.4778731441321,347.4778731441321,3664586
2016-08-22,344.7793273925781,350.6568642292873,343.7812482883555,348.95644987549207,1107412
2016-08-23,344.37274169921875,350.8047879316537,341.19369785133443,345.0381429082988,1617568
2016-08-24,345.2969055175781,348.7347367620331,342.67234747973345,345.2599488091381,894108
2016-08-25,338.67999267578125,348.18018895396904,337.0534916754831,347.62570305324317,1769817
2016-08-26,340.0477294921875,342.82015899920475,337.86674258849837,340.0846861941121,857182
2016-08-29,332.35888671875,342.08089226487175,331.6195720802369,342.08089226487175,797904
2016-08-30,342.2656555175781,343.5594558877311,333.5787101751227,333.80049549945664,981748
2016-08-31,346.59063720703125,350.2872097990947,341.2306069485393,341.5633075066604,1779070
2016-09-01,346.8494873046875,352.20951888451066,344.7424358953727,347.4779093126718,1046734
2016-09-02,348.8456115722656,350.58300545967745,344.48365978150906,347.44091829213613,1070131
2016-09-06,354.907958984375,355.79514551491076,345.55563395754405,347.4778563989778,1553926
2016-09-07,348.8456115722656,357.4586224720486,347.5887676804124,355.7582078532748,1254946
2016-09-08,339.3823547363281,345.222958068025,336.3881396608862,343.7812855874991,3145694
2016-09-09,338.827880859375,344.1139984348439,333.65267852642825,338.6060954985139,1469794
2016-09-12,342.9310607910156,344.81630388111006,334.9094933582079,335.6488079130825,1746181
2016-09-14,345.0381774902344,349.4001296822206,342.7832541312093,345.0381774902344,1321007
2016-09-15,342.1178283691406,348.8825523917362,340.6761558860226,346.7385445815817,956858
2016-09-16,344.0030517578125,346.73852462295736,339.3453791086086,345.55561682824367,1477056
2016-09-19,344.9642028808594,350.9526557575819,343.30074500188596,346.14711077388097,1134564
2016-09-20,341.71124267578125,346.73857330656165,340.2695700732303,346.73857330656165,913111
2016-09-21,340.9349670410156,344.3358191499774,336.46212216170426,343.04201843390126,2142358
2016-09-22,336.2033386230469,345.11207117139884,335.4640239696702,343.7813138201579,2766927
2016-09-23,336.09246826171875,338.60613373774606,334.7986675323715,338.60613373774606,2221151
2016-09-26,331.9153137207031,335.79671554641493,329.734326527133,334.2071710347831,1027167
2016-09-27,331.1020202636719,335.20520692359554,329.73428385633423,329.73428385633423,1306463
2016-09-28,325.6680908203125,331.95226510401886,324.8548402241204,331.95226510401886,1785763
2016-09-29,315.7981872558594,328.2556412152991,313.691136397803,328.2556412152991,4331711
2016-09-30,310.40118408203125,321.6017937663023,309.55097695575614,321.6017937663023,2210429
2016-10-03,311.0296630859375,314.208706859919,309.1813765749968,310.51213383803764,1754766
2016-10-04,316.9441833496094,319.3099765719516,312.1755950749599,313.94994563223946,2145572
2016-10-05,314.4304504394531,320.12318116161975,312.9148647266872,318.7184881123582,1476240
2016-10-06,311.0666198730469,316.9072007367357,309.8837119933158,314.20870694247157,1559084
2016-10-07,310.3273010253906,313.76510937722037,308.4420578343491,311.9168228910656,1562901
2016-10-10,311.87982177734375,314.0607859832025,308.2941419923533,311.6210571937096,997527
2016-10-13,312.1387023925781,313.98698930261924,308.6639139768625,311.7690450105699,2473032
2016-10-14,309.8467102050781,317.64646912359194,309.0334597459606,313.0996894794601,6379695
2016-10-17,302.0469970703125,311.2514736655441,299.7920963690692,311.2514736655441,3248168
2016-10-18,314.28265380859375,318.4967336634538,299.9769112018893,301.6403691198296,7264158
2016-10-19,314.1347961425781,322.67389404689726,309.8467801172883,316.31578342566957,4525016
2016-10-20,314.20867919921875,317.31380928908203,311.3992929747438,313.6541932947495,2133653
2016-10-21,320.93646240234375,322.41509155640927,312.1386234480718,317.0550608729217,4853235
2016-10-24,317.27685546875,324.1894514779034,316.13092686578534,322.34116498145016,2292196
2016-10-25,320.8994445800781,323.63491721126775,317.3877007611095,318.64454441589123,1684650
2016-10-26,312.76702880859375,321.6018471990121,311.9538008078781,320.86253260775004,2685974
2016-10-27,306.1501159667969,315.3545672631771,305.0781009974831,312.7300100101487,3706854
2016-10-28,322.08233642578125,328.2556166109495,317.1658998335526,317.1658998335526,12710319
2016-11-01,320.52984619140625,322.3411760449359,317.57258769558115,322.3411760449359,4643934
2016-11-02,317.7573547363281,320.455870640182,312.17553943264573,312.17553943264573,3387397
2016-11-03,316.4266662597656,319.383924822941,313.4694076965902,318.6446101821472,2159069
2016-11-04,317.94219970703125,321.52787963474844,306.66765329809976,316.4266139686988,7835863
2016-11-07,328.8841552734375,332.2850074727187,318.3119413183263,321.6019008228461,7039296
2016-11-08,335.75970458984375,336.97956910752316,329.2537454541603,329.8821673457194,5501834
2016-11-09,321.232177734375,328.2556660852992,302.37965637136796,310.4381805984314,4852450
2016-11-10,326.96185302734375,332.06311880523384,321.60182264984627,330.8432543351867,3301285
2016-11-11,317.461669921875,325.2984088288051,316.42663404256496,325.2984088288051,1161656
2016-11-15,318.607666015625,323.22838270246206,315.9091494208376,321.6018814038581,6787283
2016-11-16,327.9599609375,331.21294066374355,320.1232216683057,320.8625362680016,9156138
2016-11-17,326.6661682128906,336.3881509193502,324.9287743495702,330.4736339801089,2616362
2016-11-18,329.2167663574219,331.9522392693325,323.67190712686505,325.2984081926644,2041621
2016-11-21,330.5845642089844,334.170245023089,325.96384732536865,329.66042083226125,2718966
2016-11-22,335.2052001953125,336.388107944458,329.8821491672908,331.21290628377403,2409601
2016-11-23,334.98345947265625,339.3084545203149,331.24990709728775,337.8667819837314,1950811
2016-11-24,339.0867004394531,343.41169617386817,332.76556844752787,333.2091618032286,2574455
2016-11-25,360.2310791015625,361.89453713743427,340.93496137303134,341.4894473849886,4561987
2016-11-28,361.7835998535156,366.5891446981404,356.7192903894544,359.2699347548993,2279428
2016-11-29,357.71734619140625,365.5171055962767,355.8320805692474,361.82053288077617,2029150
2016-11-30,358.7154541015625,362.11628322285605,355.86908836996577,360.2310400116133,2604888
2016-12-01,351.2113952636719,358.7154565793766,348.5129014587487,354.90796830112595,2059534
2016-12-02,349.99151611328125,356.312669281608,348.2171656415386,352.6530531019404,2450542
2016-12-05,341.8590393066406,352.3573148155391,339.6041389810262,345.2598907082619,1727408
2016-12-06,344.114013671875,347.10822898653845,341.85909044684746,342.3026837503031,1073627
2016-12-07,336.8316345214844,347.4777570330591,335.46389841223527,346.62755001231,1540255
2016-12-08,342.85711669921875,344.22485310574666,337.94067953821383,340.01075121797726,1158682
2016-12-09,348.7347106933594,351.13748317676556,343.7812937796547,345.2599230002123,2017058
2016-12-12,347.03424072265625,350.4720488228142,345.0381050009948,350.3981354184517,709914
2016-12-13,358.23486328125,360.4158502718335,345.4816870408621,347.4778453902805,1863492
2016-12-14,352.3943176269531,360.0462286412964,349.9545883468284,357.828284727695,1702307
2016-12-15,352.98577880859375,356.3496513473052,346.0362032430184,351.3592775991842,3292408
2016-12-16,352.7639465332031,356.4235627207257,351.17442470223216,355.9060334910652,2185723
2016-12-19,349.95458984375,351.6180477860664,347.8105818971828,350.4351398480007,1389090
2016-12-20,352.46826171875,355.4255203383095,350.17638177617283,352.5791544045649,1919780
2016-12-21,350.7677917480469,354.5752571081647,349.3261193734162,353.39234933437655,667563
2016-12-22,350.398193359375,352.80096601279257,343.44861748135446,349.1783061164271,932766
2016-12-23,345.3338623046875,352.98577310730064,343.9661257500605,350.43512865239904,942216
2016-12-26,342.7463073730469,346.03624432701054,340.3804912533988,342.4875427096331,572307
2016-12-27,346.1470642089844,350.43507936199626,340.1216328749249,340.45433343080015,1061513
2016-12-28,350.5460205078125,352.65307167489215,346.73855474952705,346.73855474952705,1658315
2016-12-29,356.8671569824219,358.16095749811643,347.1081954963465,348.25412407112555,2079991
2016-12-30,361.4508972167969,364.48209153713026,356.34963107686974,356.34963107686974,1817123
2017-01-02,360.7855529785156,367.36544892000853,359.67658099190135,365.5910982538442,1203138
2017-01-03,363.4100646972656,365.96070896641294,360.19406439541456,361.3030362407673,1006546
2017-01-04,370.100830078125,372.98415201338287,361.19207713202974,362.2640921438208,1989140
2017-01-05,360.8594665527344,374.832508204139,359.2699446496913,373.35387898045406,2295824
2017-01-06,347.2929992675781,360.71155342829826,344.66844171998173,360.4158321297378,3307502
2017-01-09,350.0285339355469,353.3184706271488,341.56337207466026,343.8182727572424,1812454
2017-01-10,350.06549072265625,351.17446271016206,345.7404954589652,350.69391269466144,1634891
2017-01-11,350.4720764160156,353.72507869929194,346.73854671819345,349.9175904671059,2058634
2017-01-12,355.7581481933594,359.8982913642702,349.1043176602823,351.1743892457377,1970093
2017-01-13,361.1551818847656,364.40816161040874,356.2757010152554,357.9761381314966,2754723
2017-01-16,360.1571350097656,362.6708003616094,354.13172499461405,360.9703856547397,1258527
2017-01-17,359.8613586425781,365.96070370431676,358.34577283389103,360.78550183375063,1233813
2017-01-18,357.5694885253906,365.8867774671364,355.9799667067195,360.78551142861704,1336551
2017-01-19,355.906005859375,358.7523712773419,352.98572703898674,354.87097004250205,1586512
2017-01-20,346.4798278808594,357.82831298057533,344.52064844823985,351.91379541064845,1442119
2017-01-23,347.2560729980469,348.8086155920696,340.6761550774745,343.78128538970174,1400660
2017-01-24,347.4039611816406,350.06549852338173,344.0770451449876,348.5129331938583,1255925
2017-01-25,344.2618408203125,350.2502936247851,341.7112189739144,347.66269251093445,3368794
2017-01-27,345.3338623046875,347.92146346562294,342.45053980920636,344.0770184302537,1795089
2017-01-30,348.6608581542969,353.39246827993526,340.97198887987247,345.26000562077354,3024028
2017-01-31,334.3180847167969,358.34581019222526,314.57837507060816,358.34581019222526,7804620
2017-02-01,332.4698181152344,337.86680621372346,322.6738986790597,334.35506151018916,4061099
2017-02-02,340.8979187011719,343.7812407238576,325.2983783193491,332.4697379571336,3771089
2017-02-03,355.2037658691406,356.3496946590778,343.115965697643,343.115965697643,2677019
2017-02-06,353.022705078125,361.2291012687989,348.36503233962657,355.64726276119967,2105323
2017-02-07,348.1062927246094,354.8710169732435,346.81249214189444,354.8710169732435,1794349
2017-02-08,350.878662109375,357.6433851928533,346.5906245222649,347.4778109367257,1754215
2017-02-09,358.5675964355469,359.8613970412422,350.80479280137524,353.3184580371648,3013021
2017-02-10,369.5833435058594,372.2448804304914,359.30687564889536,362.2641338846887,7225481
2017-02-13,369.3985290527344,373.1320812560631,366.3303780276855,369.657293670722,1903851
2017-02-14,373.0581359863281,375.9784149962836,369.9160490684444,370.39659902582036,2664728
2017-02-15,366.4412536621094,378.23332980665407,361.5987523650585,372.0600487770218,2584154
2017-02-16,372.9841613769531,373.7234758692761,365.2583159073427,365.2583159073427,2591411
2017-02-17,372.24493408203125,373.3539060802895,366.7000740907398,371.35774745858737,1688519
2017-02-20,369.620361328125,375.1282418295926,367.4393741268811,372.28187596830395,2610984
2017-02-21,375.4978942871094,380.9318613043053,369.657313250175,369.657313250175,3268863
2017-02-22,375.5348205566406,378.0854421208437,372.31879787282145,375.94143451899384,3036464
2017-02-23,372.3558044433594,380.7470299061362,369.5094386394097,375.5718275578975,5868525
2017-02-27,369.5093994140625,377.08737347668495,365.9606986339628,369.8420999831109,2250245
2017-02-28,369.2137145996094,376.31113942335224,361.1182330942598,374.0931955760633,31171453
2017-03-01,369.4725036621094,371.28383361535515,360.74859964399934,361.4879143086559,1979476
2017-03-02,369.5833435058594,373.39080897202535,367.6611211401757,371.87522315101717,2392413
2017-03-03,372.392822265625,373.6126870044416,369.65734885922905,370.47059953913816,2136886
2017-03-06,369.620361328125,373.9083771924952,365.6650235127311,369.50944608304076,1234125
2017-03-07,369.620361328125,375.0173491466005,368.62228205701183,374.0932058515128,3221133
2017-03-08,363.6688537597656,371.9491864533326,360.8594672541401,369.2876493331081,1430424
2017-03-09,361.48785400390625,366.33035522472534,360.452795596385,364.482068871422,1752351
2017-03-10,351.765869140625,367.6611326558781,350.804769208725,364.8517462687161,3875776
2017-03-14,354.76007080078125,359.2329145446124,352.06157736185463,356.3495924788814,4483127
2017-03-15,354.61224365234375,358.38275262768343,348.6607701425688,357.38467340449193,3941570
2017-03-16,355.68426513671875,357.7173803242407,353.7620426288251,356.34964377658036,4191349
2017-03-17,358.01312255859375,360.63768056542006,346.997338684594,358.93726587960197,5857451
2017-03-20,356.27569580078125,363.0034630707219,354.9449385658878,357.08894636081203,3734239
2017-03-21,352.6161193847656,358.1979357781435,351.21140354772695,356.3496492158208,4422809
2017-03-22,351.47015380859375,354.5013481592874,349.58491061694167,352.653061672534,2797599
2017-03-23,356.4604797363281,357.4585588183523,351.61797881233144,352.5790786323026,3259747
2017-03-24,350.5460205078125,356.3496447532453,348.95649859653895,356.3496447532453,2203312
2017-03-27,346.59063720703125,353.13357520740124,342.4504939535911,350.43508172761267,2457180
2017-03-28,336.9056091308594,348.73464051487605,336.12931540903116,348.73464051487605,5722292
2017-03-29,338.79095458984375,340.0108193083541,333.5787950825298,339.34544060390243,3227158
2017-03-30,340.97186279296875,342.6722771498912,336.7577610394292,339.71501909466025,4028816
2017-03-31,339.456298828125,343.0419792007233,336.0924263758855,341.56334998003047,2581903
2017-04-03,334.98345947265625,339.34541122654866,333.24606559992765,337.8667819837314,1914496
2017-04-05,330.43670654296875,337.57108872044813,329.32773451863227,335.64886603251284,2902998
2017-04-06,330.399658203125,331.50862999563634,326.2594923319983,330.4366374667954,1926091
2017-04-07,327.66424560546875,336.0554484158817,326.8140157505886,331.1759900182801,3125291
2017-04-10,327.5533447265625,331.73049052411005,326.4074160506554,328.9950173104001,2111378
2017-04-11,329.1428527832031,330.25182462875017,325.2984080271373,327.59028768701927,1861086
2017-04-12,323.56103515625,330.73239591143295,322.0084699599423,330.2518459264569,1728894
2017-04-13,317.8683166503906,327.3684910719086,316.31575150065726,323.81979006859586,1543616
2017-04-17,311.95379638671875,317.86831303299215,310.5490806335564,317.86831303299215,2595117
2017-04-18,309.6988830566406,314.87408528386294,308.257233116312,311.9907628411145,2338492
2017-04-19,306.2980041503906,314.5783360030383,304.9302903043966,310.1424487738533,2638642
2017-04-20,310.8818054199219,312.5822200632558,306.4459175899111,306.8155749090787,2818261
2017-04-21,316.1679382324219,319.2360898345617,312.13868651080037,314.2087587198816,2668714
2017-04-24,317.3508605957031,318.8664468282234,313.6912435104134,318.2750040453121,1709076
2017-04-25,323.9306335449219,325.3723057997278,317.3507392128561,319.7535112628079,2575089
2017-04-26,315.7243347167969,326.7401418350833,313.5433698814089,325.2984691401925,3721058
2017-04-27,314.17169189453125,316.94412114682297,312.36036242486585,315.0958349786285,1450414
2017-04-28,308.2572021484375,317.01806127472196,307.55484432046626,314.57833235182306,1945081
2017-05-02,309.1443786621094,314.2086879090616,308.03540682243033,311.1774937015209,1568455
2017-05-03,310.40118408203125,311.54711248326026,309.14434046086836,309.77276227144984,1746287
2017-05-04,309.8467102050781,312.58216030672503,308.0353806625932,310.51208873996046,1009112
2017-05-05,305.33697509765625,310.0685847271865,303.4147523400705,309.6989273723467,1541496
2017-05-08,311.3623046875,312.73004105797264,304.5975813614296,305.6326171740265,1938018
2017-05-09,315.095947265625,319.3839636790708,311.1775656554534,312.43440972254706,4402442
2017-05-10,318.20098876953125,321.0843111014431,315.83519566528395,316.7962955885578,2018816
2017-05-11,321.4169921875,322.2671993852964,315.0958619755256,319.38387722829214,2060011
2017-05-12,326.96185302734375,328.69924669660554,321.34305805023894,321.4169940161395,2696277
2017-05-15,327.2206115722656,329.66034046721666,323.93065292832415,328.9949619106017,1080719
2017-05-16,328.0708312988281,330.3996676170385,326.03771628796216,327.8120666941182,1820495
2017-05-17,318.5336608886719,327.88598492020134,317.16592453385874,327.51632766549983,1754010
2017-05-18,312.2125549316406,326.7031259928322,310.5860763052578,317.16597190937426,3934861
2017-05-19,307.665771484375,314.9480249300347,306.22412152723183,314.20871031752284,2194511
2017-05-22,304.8563232421875,310.5120743700823,303.96913686200963,310.5120743700823,2734184
2017-05-23,307.3699951171875,309.51400259716894,302.00996513619026,306.0761947769468,4828731
2017-05-24,308.40509033203125,310.5121415190431,306.3350184134076,307.92454033971774,2039655
2017-05-25,314.9480285644531,316.3527218320171,307.66577503475816,310.51214083819326,3098044
2017-05-26,317.27685546875,320.8625357842875,310.6230240815182,316.4266481927997,2257516
2017-05-29,280.53289794921875,288.3326569521928,263.67651369783766,285.56022755842173,17135931
2017-05-30,287.0758972167969,287.85219121131286,281.6419520656588,282.1594588332414,2800579
2017-05-31,288.3326721191406,290.6984876844411,285.3754139435597,290.6245517176337,3844462
2017-06-01,294.0253601074219,298.60909607158345,287.77814410082266,288.3326299276065,4032660
2017-06-02,295.4300842285156,297.13049858542956,291.8444043241483,295.7258055216196,4221248
2017-06-05,297.7589416503906,299.42239942497383,293.5078828931225,295.7258265925667,1922945
2017-06-06,302.1208801269531,306.7046392674479,295.3931133480034,298.7200287545302,2846306
2017-06-07,295.6518859863281,302.93413886436906,290.5506200700355,300.75315190262074,4041108
2017-06-08,293.8035888671875,297.8328620689703,292.99033837410144,295.79974711729966,1811760
2017-06-09,285.9668884277344,293.2121853027227,284.6361311252324,293.2121853027227,2790651
2017-06-12,293.72967529296875,295.651897724406,280.9395420104855,284.6361149316761,2889773
2017-06-13,290.8463134765625,292.69459968645685,286.85401977560815,292.0292211633124,1753491
2017-06-14,293.2861328125,295.72586215040377,289.81134490739566,292.0292888735237,1895223
2017-06-15,291.0312194824219,293.13827083438156,289.81135477194846,292.7686134941112,1244822
2017-06-16,288.554443359375,292.7685450785224,286.85402901633,289.81128704742616,1473093
2017-06-19,287.92608642578125,290.77242964968264,285.8190352563012,288.3327004400267,992872
2017-06-20,291.54876708984375,292.17718912018034,285.11671994043724,287.88915016654437,1458439
2017-06-21,289.0350341796875,293.4339422428209,288.33267632789904,292.0292491013337,1121823
2017-06-22,286.0777893066406,291.8444340773802,285.37543142208676,289.8852549284809,918944
2017-06-23,281.4571228027344,288.1109552797532,280.828700778597,287.26072530245835,1741413
2017-06-27,281.0134582519531,284.3403736474488,279.9784224191056,281.45705148377033,4315500
2017-06-28,289.99615478515625,291.2899553482513,280.9395508434911,281.49403679910324,1883908
2017-06-29,287.48248291015625,292.7685777176399,286.85406099607144,289.9961480044047,1631484
2017-06-30,282.4181213378906,286.11469360671117,279.01727033815837,286.11469360671117,2365394
2017-07-03,281.86370849609375,284.82096707703636,279.7566572447536,282.45515118744527,1280684
2017-07-04,279.2391052246094,283.93373441049187,278.2410261030582,282.4181486584951,1328251
2017-07-05,278.8324890136719,281.67885465581406,278.13015370073447,280.3850541423031,1461628
2017-07-06,278.2040710449219,280.5329300518619,275.8382778954284,278.3519429876799,1964709
2017-07-07,280.9394836425781,281.45701276885933,277.2429114893863,277.2429114893863,1642197
2017-07-10,283.970703125,286.1147106562598,282.4181381671608,283.1574526649806,268891
2017-07-11,284.7839660644531,290.7723957095403,283.26835774025477,284.56215816813466,2362955
2017-07-12,286.3365478515625,288.0369850418405,284.37736858984596,286.1147624868746,687924
2017-07-13,287.7781677246094,289.0719680933135,286.3364954317897,286.8540246041065,940852
2017-07-14,287.55633544921875,290.55054964592705,285.04264852220746,288.33260651885894,1034584
2017-07-17,289.700439453125,294.39509182026706,287.81517362775253,287.96304557714745,1534113
2017-07-18,289.29376220703125,293.02731406455257,288.44355502275425,289.6634194664637,1584011
2017-07-19,293.3230895996094,294.24723291907884,288.85024495821426,289.8113449856254,1590684
2017-07-20,289.4416809082031,296.428213265307,288.33270895070046,294.76475532905295,1411026
2017-07-21,291.8074645996094,294.24719361226204,290.4397281570842,290.9202781065958,964314
2017-07-24,295.0234680175781,295.6888691754776,291.9922963519916,292.0292530553905,906007
2017-07-25,289.1459655761719,296.0955188085738,288.36967165252673,294.9865468280173,1358932
2017-07-26,287.8520812988281,291.1420170146894,285.8559232889588,289.88519600580804,1409292
2017-07-27,285.5060729980469,292.92278878386344,284.3708599841381,291.37134023657535,2627365
2017-07-28,288.5711364746094,290.1982935909926,283.2356445924178,287.01968794034593,1712222
2017-07-31,292.0146179199219,292.5443701095376,287.0575074778666,288.49546236845725,1535812
2017-08-01,304.57763671875,313.24308151354995,302.7612775637491,306.50748945098087,12617014
2017-08-02,304.2749328613281,307.5670553716642,300.07465375584445,304.6911915097436,4071990
2017-08-03,308.13458251953125,309.1562786348242,303.51804595499607,305.75064031448954,4650231
2017-08-04,309.53472900390625,311.3889193818028,307.49133646891687,308.47520154337957,1957230
2017-08-07,307.5291748046875,313.9998790032055,305.90204095729064,309.004937695876,1312508
2017-08-08,301.3990173339844,309.8752826781849,300.18811898538934,308.021092416652,2108254
2017-08-09,298.0690612792969,302.98831700683445,297.2743984195773,302.72342938692793,1135609
2017-08-10,305.7506408691406,313.0916927224532,297.4257471821096,297.4257471821096,4990849
2017-08-11,304.84246826171875,312.3727224135253,303.48022213888225,306.88586054193706,2782291
2017-08-14,304.3884582519531,308.7779393275358,302.7234699289567,305.7507046282463,1213339
2017-08-16,317.8217468261719,322.324743657122,302.72340763213396,304.3883956124959,5407314
2017-08-17,321.1895751953125,325.465539298909,319.03266599913684,321.7950359516944,3175256
2017-08-18,324.55731201171875,330.27120663438956,318.38932769480493,318.38932769480493,3610728
2017-08-21,326.26019287109375,330.7253590027385,324.6708901880431,324.6708901880431,2657468
2017-08-22,332.50384521484375,335.0769896977909,327.0926686339481,328.45491480257766,4623000
2017-08-23,325.5790710449219,336.21222270468024,323.5356785734402,332.9957861340671,1576891
2017-08-24,323.68701171875,331.48213019967216,322.0977092150384,326.94127910104646,2607190
2017-08-28,323.72491455078125,329.9685861931984,322.74107250006034,323.27082472123,1888194
2017-08-29,326.7521057128906,328.4170938338901,320.13003061158713,325.38985950186566,3282938
2017-08-30,322.2112121582031,329.96849912149514,321.68143698086175,328.4548821530479,2380800
2017-08-31,324.027587890625,327.31970982248345,322.5518250218367,324.1032733675804,3782413
2017-09-01,320.4327087402344,325.61685149478836,319.827271189088,324.67084088614575,1242275
2017-09-04,314.90802001953125,324.44381169482625,310.70771900628955,321.6436110193318,3250373
2017-09-05,323.800537109375,325.8817605857055,316.3837995906918,316.87574361641356,3651996
2017-09-06,321.3409423828125,323.308649399993,318.6164267510215,321.71934669011773,1553072
2017-09-07,322.4383239746094,325.352041967515,320.24358345516265,322.77889711381994,983408
2017-09-08,326.0330810546875,326.7142271574173,322.4382408065629,322.4382408065629,1434311
2017-09-11,334.1310119628906,334.88782059700816,328.30357624179896,329.21175584112666,2373479
2017-09-12,334.0553283691406,335.98520425463244,328.4549490641979,335.2662268097688,1357481
2017-09-13,333.6011962890625,343.3640449638918,330.95236639036455,333.86608389812505,2339372
2017-09-14,334.0553283691406,335.2662268097688,330.0442518240244,333.75260953297527,1048243
2017-09-15,336.2500915527344,338.974607454503,330.9902850175665,330.9902850175665,1959478
2017-09-18,336.85552978515625,341.5855837781629,335.4932603775903,336.02303566319375,1034355
2017-09-19,338.8610534667969,339.8070642246606,334.8878082837691,337.4609529259654,1001757
2017-09-20,339.7313232421875,340.56381719229444,336.7797747790467,340.56381719229444,755469
2017-09-21,348.32110595703125,349.41848750098416,339.57997717520163,339.8070104827964,2189490
2017-09-22,346.92108154296875,351.3484167774515,342.8343194403566,346.2399583751946,2254484
2017-09-25,342.0396423339844,349.9861323162917,339.9205644811236,344.53710137575223,2490162
2017-09-26,338.5583190917969,343.70460813979463,334.130984329171,342.0774743302045,886702
2017-09-27,340.5260314941406,346.6183313548963,335.79597784573866,339.8070541011975,1908788
2017-09-28,343.931640625,346.88318922928147,338.5582955220469,340.5638334777789,3555144
2017-09-29,346.50482177734375,347.640034676191,340.2232965461428,343.59110405110926,1412345
2017-10-03,350.62939453125,353.278224475549,345.10470131438353,345.710138920409,1901932
2017-10-04,351.9538879394531,354.5648872762465,350.6673269659363,351.9538879394531,1673214
2017-10-05,341.2828674316406,351.68898629217335,339.4665082083013,351.5376153249061,1237068
2017-10-06,345.748046875,346.69405771623843,338.29347682684795,343.89385638778566,1130586
2017-10-09,350.62939453125,351.1591697584955,343.59108420335554,343.59108420335554,997113
2017-10-10,352.89984130859375,354.0350542097743,349.19148378393055,350.40238216438286,1559112
2017-10-11,353.6188659667969,355.6244044076609,349.34290142020694,351.1592376855939,1624889
2017-10-12,358.87860107421875,359.4840386377499,352.29435786499494,352.29435786499494,1762764
2017-10-13,360.3165588378906,363.19242211794864,357.93261650100516,359.02997505178007,2187256
2017-10-16,358.575927734375,360.7706912875965,356.2676705992563,359.37059067135874,1101381
2017-10-17,357.970458984375,359.6354471017581,354.90539346824363,356.4946730123325,787447
2017-10-18,346.9588928222656,357.5163583539228,346.3534321179925,357.4785271643901,1414945
2017-10-19,346.8831481933594,348.1318774825286,345.18032922741224,345.18032922741224,128310
2017-10-23,350.4780578613281,351.91598954349564,343.36406183168486,345.8615209061882,1319264
2017-10-24,344.19647216796875,351.0077481852449,342.9099116667265,350.70502942589144,850860
2017-10-25,354.2621154785156,358.8029671451594,343.5911094427097,344.34791805381695,1583314
2017-10-26,361.1868896484375,363.19242773761204,349.6455589682098,354.9432189525766,2859405
2017-10-27,360.5436096191406,363.26812517716246,357.2136564242097,363.26812517716246,1292782
2017-10-30,367.46832275390625,369.70091685353486,358.7650258371905,358.7650258371905,3746798
2017-10-31,364.819580078125,368.26307310050095,360.3922682001594,367.8089833167192,1509095
2017-11-01,369.70098876953125,376.89067022973705,357.5542203830431,367.01432756752445,3983511
2017-11-02,354.1485900878906,364.7439103825654,348.81307565335015,364.40333727756473,5545465
2017-11-03,350.7429504394531,358.53806968174666,348.9644456329205,354.94322887754976,1278344
2017-11-06,348.4725036621094,353.05118611937706,346.69399896278685,349.64554766806475,1701924
2017-11-07,356.0783386230469,362.09497441202166,348.9264902773568,349.64546746832656,4208801
2017-11-08,370.760498046875,372.4633172569151,358.8029323880899,359.3705387914366,3566147
2017-11-09,371.025390625,375.37703977562467,368.4522461812147,372.34980558388577,1803442
2017-11-10,371.59307861328125,376.7015374333212,366.181900926803,375.37712218368125,1871915
2017-11-13,370.911865234375,379.91788212369215,368.4143832273782,368.56575417178897,2140262
2017-11-14,369.2469177246094,374.62026349699175,364.32766173929537,371.5930290444908,1426995
2017-11-15,375.7933044433594,377.9880678797072,367.05217427378244,367.8089828805325,1718584
2017-11-16,378.3285827636719,379.917885309458,369.4739367445157,377.6474597000389,1376234
2017-11-17,366.7115783691406,379.1610884147574,365.16013006012065,378.4042798550473,2140643
2017-11-20,360.84637451171875,368.94423674114245,359.8625324521297,367.7711925088656,1527038
2017-11-21,373.74993896484375,376.70148794279146,361.75451780342405,361.75451780342405,2242785
2017-11-22,365.23583984375,375.52844156002976,363.0410994937115,373.8634533794676,1932859
2017-11-23,370.5334777832031,373.10662228320473,365.2358178319203,365.2358178319203,1200242
2017-11-24,373.9391174316406,377.64747478933697,370.8361976889281,370.8361976889281,1701291
2017-11-27,377.4582214355469,378.4042320155858,371.6686413049007,373.1065727673676,1469508
2017-11-28,378.17730712890625,380.52339556319964,373.4093985810907,377.79890278841145,2334856
2017-11-29,375.7933044433594,378.4799888549016,372.95527216804663,376.2095630346514,1438175
2017-11-30,370.2685852050781,374.99863866962943,368.71713690709095,372.61469634268843,2729850
2017-12-01,357.894775390625,372.19845303445913,355.0189120046987,370.83620681922355,1962459
2017-12-04,357.819091796875,368.5657830037482,352.6349714367361,357.5920584584621,2507080
2017-12-05,352.2187194824219,359.67328884678244,350.13749582260357,359.3327157367895,2977968
2017-12-06,357.4028015136719,359.25699151162985,351.2348170755081,353.16466944402623,1952199
2017-12-07,376.3609313964844,378.0259196604025,356.57038987129437,357.44071519726504,7475829
2017-12-08,375.45269775390625,378.06367319549184,372.8795534985612,376.1338207779737,2534022
2017-12-11,378.8961486816406,382.1125846179804,373.6363437727322,375.37699398224925,3215999
2017-12-12,379.3125,383.39926204104745,376.9285343047527,379.91793767424156,4481699
2017-12-13,381.12884521484375,384.30742772442323,377.0799142708156,377.72320625002953,2052503
2017-12-14,389.1888122558594,392.140384194562,380.67471573105934,380.67471573105934,4105304
2017-12-15,378.9718322753906,392.0267780701994,374.620183677121,389.75635271458043,7010768
2017-12-18,373.86346435546875,377.2691032008121,370.07942119397615,376.13389025236427,2175527
2017-12-19,374.8851318359375,378.4042870866504,373.86343564161064,375.7176258867211,2168308
2017-12-20,373.06884765625,375.3771048894613,370.34433179189097,375.3771048894613,1690391
2017-12-21,371.3281555175781,377.231276781796,367.2792246643448,376.4366138502454,1483945
2017-12-22,373.44720458984375,376.3230679673976,369.73882405567554,370.8362057396176,1210792
2017-12-26,373.4093017578125,376.81493993919986,370.5334387541369,373.86339146785656,1095301
2017-12-27,380.67474365234375,382.49107975833056,371.78224218531585,374.24187025066396,2160870
2017-12-28,376.1717224121094,384.45878619545715,374.35538630911947,380.8639451828028,1943344
2017-12-29,381.4693298339844,382.18830717497616,375.1121428090785,378.2528935854821,1412805
2018-01-01,380.7503356933594,384.98846763120656,378.44205606401533,379.2367187938397,1115837
2018-01-02,388.9617004394531,389.7563400497141,381.0530431359826,381.0530431359826,2204383
2018-01-03,393.1242370605469,397.3245155580601,390.2862048065607,390.58890053182716,2288877
2018-01-04,395.47027587890625,397.32446595843066,388.9995723859683,393.1620191721995,1460097
2018-01-05,397.66510009765625,398.83814422463627,389.6429009806349,394.29729248773344,1756809
2018-01-08,405.8764343261719,410.83352131256277,394.0702388935516,394.0702388935516,2795379
2018-01-09,404.02227783203125,408.6766694890973,400.351774369875,408.6766694890973,1855191
2018-01-10,410.2658996582031,411.70385439112,403.9843978829008,404.8925773883257,2748547
2018-01-11,417.53131103515625,420.67203898876085,410.7200336812122,411.70387561617355,3485380
2018-01-12,416.812255859375,419.65028756064174,414.73103261177937,416.24464951912165,2790912
2018-01-15,411.5146179199219,419.9530510905899,410.45506755333525,416.96364830593615,1959669
2018-01-16,422.0343322753906,426.08323978951324,414.20133558719215,414.7311108430786,4791310
2018-01-17,419.953125,427.2563005249722,418.6287099046393,423.77499932251146,1636201
2018-01-18,418.25030517578125,423.8128300939918,416.43394599860534,423.8128300939918,2158972
2018-01-19,418.439453125,422.67756240013756,414.01209552615404,418.51511550094193,1951962
2018-01-22,431.0024719238281,433.1972352093424,416.01767177838275,416.24470510641873,4127554
2018-01-23,445.192626953125,447.0468171282469,426.99139066967007,430.7376022088087,4103152
2018-01-24,456.4691162109375,463.5074268082934,442.0897531056583,442.0897531056583,6672393
2018-01-25,452.9121398925781,464.2642694937359,445.0791427526191,457.4908229266584,5104213
2018-01-29,457.7177734375,460.6693450763666,450.64163241026955,453.36612454466547,3352495
2018-01-30,456.3177490234375,462.5992510881709,448.9388652637489,454.08515444237634,6290644
2018-01-31,463.65869140625,473.91343613537526,451.8146212991118,456.2041008438684,7244068
2018-02-01,462.44781494140625,468.8428558700279,459.42058100519944,463.5830276674838,2479739
2018-02-02,468.8050231933594,471.1132798239917,453.3661116910325,457.33935621966856,3994302
2018-02-05,476.0704345703125,477.6975915165048,461.1991734835617,461.57757777877566,3500770
2018-02-06,459.1557312011719,470.1294545709764,454.84191346569116,454.84191346569116,3104038
2018-02-07,456.4311828613281,467.17787268170775,451.7768383525908,463.01542597741405,3653165
2018-02-08,460.3287658691406,470.7348826479333,450.26322215058417,461.65318073189604,2894969
2018-02-09,450.4903259277344,456.3555926659787,446.0630140278969,454.84197544320597,3481551
2018-02-12,446.7818908691406,457.7934917779336,443.60333204178414,452.5714945182601,2343988
2018-02-14,462.7884521484375,465.13454029743826,445.38185460238014,445.38185460238014,5004415
2018-02-15,458.3612060546875,468.1618417324166,457.1124532272092,465.4373488985657,1676641
2018-02-16,442.2410888671875,464.45344908948283,439.85716948192106,461.65324801885106,2887255
2018-02-19,433.23504638671875,445.5710160207553,426.57514065103584,445.5710160207553,3170119
2018-02-20,434.5595397949219,440.61400904684155,430.62412554278717,435.1649774817269,2273116
2018-02-21,450.4524841308594,452.5715389544674,428.7698994483254,439.7436240550809,5590807
2018-02-22,456.0528259277344,458.9665666381747,448.0306735603512,448.0306735603512,4421727
2018-02-23,470.318603515625,472.9674329950205,457.869095724082,459.38271256945086,3490526
2018-02-26,463.5073547363281,474.859481738482,462.44780440602455,470.73486635598147,2923731
2018-02-27,462.0694274902344,467.93469345476933,455.93929702342626,467.7076601396886,1905663
2018-02-28,463.65869140625,465.43717269506493,456.99874043691506,461.8045015611947,2113430
2018-03-01,463.09112548828125,466.1183593958577,458.2853639448494,463.2046190446612,2226114
2018-03-05,477.4326171875,480.4977285239202,459.04218012860065,460.51796592170587,4765322
2018-03-06,467.1400146484375,479.740893787655,465.4371956399985,478.22727689126475,2424505
2018-03-07,460.9342041015625,474.1026903759107,459.04218286627827,469.0698954132847,1787149
2018-03-08,459.5342102050781,466.7617233962565,456.35560471494557,465.4373082913624,1858046
2018-03-09,468.6159362792969,471.5674623681724,459.00445696109784,461.4262539361304,2095483
2018-03-12,468.8807678222656,481.63302069031323,466.72388174795645,470.09168932048846,4336200
2018-03-13,468.5780029296875,472.96748300702063,464.3776787861066,469.2212716802209,2306960
2018-03-14,483.6763000488281,484.92505256654226,467.3292547168784,467.3292547168784,3825750
2018-03-15,478.1894226074219,493.40130086588925,474.55675111904543,485.6440138972844,5855371
2018-03-16,480.3464660644531,483.6007340662616,474.51903014013465,480.3464660644531,3741772
2018-03-19,461.5775451660156,482.3897799322957,460.139590469029,480.459881209517,1731324
2018-03-20,479.3625183105469,480.8004267331947,456.4311840015233,457.8691386160958,3320421
2018-03-21,473.6486511230469,481.97354585117347,470.1673499862394,480.57346839639763,2428150
2018-03-22,468.50238037109375,477.54625287712173,466.5725275732893,474.51901831054727,1785067
2018-03-23,471.7565612792969,473.0053137844579,457.67994161784145,459.7611649984931,3153066
2018-03-26,469.5240783691406,475.7298719944435,466.9509106279675,471.49176227102714,1552991
2018-03-27,470.4700622558594,476.4866533857132,468.4645010846221,473.00535246831794,1135697
2018-03-28,483.37359619140625,485.11424649583006,466.68597807373345,470.1294474961223,5534298
2018-04-02,484.58447265625,489.2766945882891,479.8922507242109,483.3735975346576,2095519
2018-04-03,466.15631103515625,482.84393302433426,464.3021205492619,481.7087200156564,3851192
2018-04-04,458.85302734375,470.7349311464432,456.54477044066215,467.7076968625433,2670676
2018-04-05,467.2157897949219,469.7889576166757,457.52864855808747,466.3454875845736,2809480
2018-04-06,467.8590393066406,470.7349024627221,464.5290633204874,466.19405131356405,1160620
2018-04-09,465.3237609863281,471.1133653993339,464.1128856725164,469.97815247066075,1427650
2018-04-10,474.10272216796875,476.4109789914161,462.78842518387756,469.90244398236325,2085181
2018-04-11,479.3245849609375,481.9355831972847,469.713155168347,473.799892841312,2139871
2018-04-12,494.0446472167969,495.70963538318773,479.85448589857583,481.63301383228503,3614281
2018-04-13,508.2348327636719,509.9754833966347,485.1900004458977,493.8554686090459,5653116
2018-04-16,506.077880859375,516.7488628160659,497.60161595753044,498.05568260558755,3931095
2018-04-17,505.775146484375,508.95375164380744,500.7423973245411,507.81853881486217,1576573
2018-04-18,497.07183837890625,510.0889544671964,495.10415465743574,506.26708058976686,1676060
2018-04-19,503.4291076660156,506.4941733654401,496.42862786978054,501.7262882561206,2662071
2018-04-20,530.1443481445312,534.3067948465939,504.791263686513,504.791263686513,5490181
2018-04-23,531.2796630859375,552.0919005999878,522.6520261487942,525.6414295028353,6998046
2018-04-24,516.6731567382812,529.5767320390399,514.6297646109999,525.9818917715367,2728320
2018-04-25,519.4734497070312,529.7281971603261,512.3594302780958,519.0950454010651,4560558
2018-04-26,523.0304565429688,527.4956461999144,515.1218428468916,515.3867074062292,2852323
2018-04-27,507.4402160644531,526.6252974791537,505.88876752068944,526.0198597781649,3756249
2018-04-30,507.51580810546875,517.7706011732223,505.6237866821827,510.8457842872238,2639069
2018-05-02,501.4234924316406,510.0889595133917,496.08800142585795,510.0889595133917,1745715
2018-05-03,494.1581115722656,504.7912615923095,488.82262096923256,501.4234545816821,2284475
2018-05-04,501.4992370605469,503.73178547608387,481.6708425103144,494.1581844051794,3162498
2018-05-07,497.52593994140625,511.22415568810686,495.10414343699296,508.3861237357302,2770174
2018-05-08,494.46087646484375,504.33726557112135,492.72022593684784,501.76409787447994,1771130
2018-05-09,495.0285339355469,503.8453734421385,490.63905287582753,494.1960628730251,2193797
2018-05-10,502.21826171875,508.4998112184483,496.95847792582964,496.95847792582964,3927593
2018-05-11,504.37518310546875,508.3862601023508,495.1042762409302,501.7641837705375,2880596
2018-05-14,504.98052978515625,507.0617533998572,498.16925250068056,500.70454279090774,1436196
2018-05-15,507.5537414550781,514.6298838816774,501.9911701420788,502.9750121522892,2427422
2018-05-16,509.10516357421875,513.6460152555254,506.3049624656932,507.8185796927954,1690858
2018-05-17,511.45135498046875,515.3867698032578,504.26167170127496,513.8731522707959,2022339
2018-05-18,524.4304809570312,527.8739505357609,508.00772659086664,514.4784302945325,4304706
2018-05-21,518.6787109375,526.6630779345531,513.3053888162679,523.7115061715554,2342450
2018-05-22,519.4734497070312,522.5763465391805,510.8458130542314,517.3543486400756,1797801
2018-05-23,527.836181640625,535.2907280762645,517.0894899904358,519.9275223174964,3516538
2018-05-24,538.3557739257812,541.7992899760175,526.6252407392492,530.484992277073,5914361
2018-05-25,531.84716796875,543.9182726594318,526.7387106456777,541.0802408132804,3547180
2018-05-28,511.0350341796875,540.3235377872026,501.2721842465379,540.3235377872026,8983562
2018-05-29,513.002685546875,519.5490983436363,509.5213845008785,511.64043931982985,2684315
2018-05-30,520.1167602539062,523.1439949443619,513.1162800322277,513.1162800322277,3744400
2018-05-31,539.1124877929688,543.237103136737,516.4839425629898,519.1706033565524,7789699
2018-06-01,530.6363525390625,546.0373886129112,528.4037579972696,538.8477071273635,4585884
2018-06-04,528.4794311523438,542.6317610771207,526.2847139482224,528.2523978128734,2864750
2018-06-05,530.7120361328125,540.9667835284363,527.7604640861034,532.0364511962456,3710175
2018-06-06,523.5222778320312,534.6852031634696,517.8840452906486,533.5499904178996,2793493
2018-06-07,531.1660766601562,532.7175711830246,516.9002535848426,525.6035521444703,3166739
2018-06-08,535.0260009765625,545.8861889945055,532.4150013265509,533.5502145489955,4572713
2018-06-11,540.5126953125,546.3401305978905,533.9284514495764,536.5772814709421,4023019
2018-06-12,536.6528930664062,543.8804512514193,534.5338384882339,541.1937441018865,2200939
2018-06-13,540.2099609375,541.1938028636258,534.6096051008208,541.1181404815894,2429450
2018-06-14,528.8577270507812,543.3127959266711,522.1978220370981,538.0907992295316,4483300
2018-06-15,535.2529296875,538.847770855426,526.1333944893591,531.6580885195741,3273882
2018-06-18,537.7503051757812,540.474843666944,530.7876572876028,538.0908782611676,1693522
2018-06-19,526.5496215820312,538.8477622226465,525.6036107635224,536.5395050638717,2008178
2018-06-20,522.6141357421875,530.1443900642843,520.9113165021523,529.6903234103794,2117024
2018-06-21,518.640869140625,531.8471870434108,516.2947812071009,525.7548877002245,2599578
2018-06-22,523.068359375,524.3170660336809,514.2515194101769,519.1707760344096,1604665
2018-06-25,526.852294921875,529.6903270078753,522.9547123803299,524.4304983034357,1850829
2018-06-26,520.57080078125,529.6903817808229,516.2570285180041,525.9820009948771,1687463
2018-06-27,540.550537109375,542.5560983559616,522.1979287440935,523.711545928859,5570107
2018-06-28,502.7100830078125,546.2265749505286,498.926040230185,541.9127569456476,8192199
2018-06-29,496.05023193359375,511.45126926862514,479.930217152745,510.01336056892393,10890801
2018-07-02,497.3746337890625,506.6833705670688,484.35751630011055,497.94224025347665,4422723
2018-07-03,500.13690185546875,504.18585523269286,495.1798151898273,499.45580188915574,3506534
2018-07-04,495.3312072753906,503.58043913535823,493.4391858572264,503.54256175345165,2070241
2018-07-05,489.3902587890625,501.801891077187,488.14150622659565,501.0072513519478,2864186
2018-07-06,480.497802734375,492.72023401395586,479.0598479052801,491.69856087197314,5193752
2018-07-09,487.2712097167969,490.67684849426223,482.0870891656503,484.35751501729385,1990065
2018-07-10,492.4931640625,500.2504517023627,488.36854822535815,491.16874909959665,3496172
2018-07-11,495.255615234375,506.91044111039184,492.72027845879495,495.70968196245184,5529491
2018-07-12,490.184814453125,502.52078224886225,488.1414225158376,498.9637734975723,3416881
2018-07-13,485.1520690917969,495.709556674626,480.95179124690816,489.65508880684433,3194276
2018-07-16,497.4501647949219,500.66660057712414,482.99514246226323,487.3467908734781,2856991
2018-07-17,489.5038146972656,503.2020786728388,487.8009952726286,494.95284609449067,2658597
2018-07-18,489.1253662109375,495.6339475836288,484.35748149089727,491.92556713919254,2568607
2018-07-19,486.0224304199219,495.67173884418935,484.35744247303575,489.12532680899466,1610766
2018-07-20,499.077392578125,500.81804295257064,487.0062873290203,487.46035396864033,2868824
2018-07-23,490.8282165527344,500.21266182745626,483.9791078458434,497.98006718149327,3696991
2018-07-24,485.49267578125,495.6339286391101,483.6763168183138,494.6879179692324,3855335
2018-07-25,477.81109619140625,489.0119005435245,474.6703681833167,487.3847435595267,2269581
2018-07-26,489.1884460449219,491.16206298973304,473.9799415977777,482.9579878609517,3542338
2018-07-27,499.288818359375,502.8104252247427,482.6871733744341,489.84640720579387,3040306
2018-07-30,507.2994384765625,509.85353401882304,500.21758301717995,501.5333435206031,3393232
2018-07-31,526.880859375,530.09285853726,511.5949291911495,511.5949291911495,9680690
2018-08-01,527.1516723632812,532.105106064606,520.5729183246643,529.7058146639472,2887901
2018-08-02,517.78662109375,528.8930865218821,515.8516935111874,525.3715277695068,1958340
2018-08-03,512.9493408203125,522.391797583189,506.75757208917327,520.1085734156921,2862463
2018-08-06,516.3161010742188,520.8438603455206,512.949345690475,512.949345690475,2226904
2018-08-07,509.853515625,522.2370545244307,504.6292101518026,518.5606914136622,2689721
2018-08-08,506.0998229980469,516.1614493221475,503.4683018328841,510.8210287620346,2074919
2018-08-09,500.14013671875,509.65997184751114,498.3600126279162,506.9510729842366,2146227
2018-08-10,499.9467468261719,502.92651729319795,490.77515901515096,502.1912351453927,3135726
2018-08-13,510.7823791503906,516.780656845965,500.75944116602255,502.3073837971386,5306724
2018-08-14,520.7278442382812,524.3655185380229,511.20800737175523,513.1429354844416,5529769
2018-08-16,517.5157470703125,526.8420885152725,514.110255649346,522.4304442052066,3624795
2018-08-17,532.2599487304688,534.040072858775,510.35657547994776,515.4647659767306,3955484
2018-08-20,532.4534912109375,539.8449066497932,524.9459611974513,530.1702667456751,3577624
2018-08-21,549.0551147460938,555.0146543975127,537.4455482987372,537.9099120608528,7918861
2018-08-23,562.4061889648438,571.1907431514046,548.7455784476232,549.5195496443052,11534012
2018-08-24,556.136962890625,570.4167401203613,551.5318250794837,564.6119564692043,3625878
2018-08-27,571.1520385742188,574.2866123880151,557.2592465220631,557.2592465220631,2968641
2018-08-28,569.72021484375,579.627084576445,568.2883869355409,573.4353146132386,3782709
2018-08-29,568.4430541992188,573.7060479568701,559.1554014835594,571.1906420130457,3627848
2018-08-30,566.4696044921875,570.4168391645715,557.4528200926493,568.4432218283795,4304298
2018-08-31,592.7072143554688,594.9904391470795,565.9665152862464,568.0949363693742,7276056
2018-09-03,577.111572265625,600.9885619146859,573.8995732900703,594.409807534422,3610990
2018-09-04,591.236572265625,593.5584856837551,578.4660484659098,581.4071293476512,4488658
2018-09-05,592.9779663085938,603.1943468500644,586.0896047488799,592.0105024512994,6093648
2018-09-06,599.8661499023438,603.6973153902072,585.3155061074925,593.6356934670371,3982477
2018-09-07,597.6605224609375,599.8276322003521,591.4687533543532,599.8276322003521,2059329
2018-09-10,593.0555419921875,601.0661265021048,587.173378677022,599.0538199046697,2820247
2018-09-11,578.3112182617188,598.898830728959,571.5389711028309,597.5056921898772,3817364
2018-09-12,572.5838623046875,581.9489418084099,563.9153757499727,580.4783776891502,3934021
2018-09-14,588.5663452148438,589.6111873267381,558.4588498757289,572.6612482125907,3591403
2018-09-17,594.0615234375,598.0861827075563,584.3481953338143,587.8310653722277,2233000
2018-09-18,584.115966796875,595.8415999794269,580.478293377156,595.8415999794269,2206998
2018-09-19,595.9191284179688,597.505759912852,581.4071685755257,585.8961920388975,2025718
2018-09-21,571.2294311523438,595.4547201134869,536.3620382575197,592.0879643102489,4434535
2018-09-24,581.6005859375,591.3139136842939,570.8423688739051,572.7386074952584,2811682
2018-09-25,587.2506713867188,598.0475795045863,576.685945190207,581.6006908496041,2812964
2018-09-26,579.58837890625,594.5260625248571,572.0034697476651,587.0959098319806,3224771
2018-09-27,577.4212036132812,587.405450976979,570.5715773973523,579.5883135227679,3479414
2018-09-28,576.9955444335938,585.1222422425176,561.1291344256948,571.1907602843625,2971384
2018-10-01,587.869873046875,590.927069033973,574.0545046705475,579.7044855356199,2233369
2018-10-03,580.594482421875,604.3166700444445,576.144148268339,591.3139640524381,5236214
2018-10-04,557.1431274414062,574.9832006890653,551.8414438263724,574.7122824360829,6561009
2018-10-05,553.00244140625,560.2777898320792,538.2969881008354,555.7113406993527,4769105
2018-10-08,537.83251953125,556.7948108905377,529.1253449274955,553.002333722902,2643927
2018-10-09,538.7612915039062,545.649653543713,534.581875692773,537.9099421459299,2729413
2018-10-10,541.2379760742188,552.6153605931435,534.8527145547602,535.665374754802,3409416
2018-10-11,538.2581176757812,543.3663071548767,524.4814439308349,526.3002568048997,3611423
2018-10-12,536.9811401367188,543.7533872668216,532.4921172012257,535.6266907106982,2727205
2018-10-15,537.5616455078125,549.0551452733987,527.4226424758409,536.7489852592032,4146878
2018-10-16,556.2532348632812,563.1415517348486,537.561807321633,537.9101038871504,2889306
2018-10-17,557.646240234375,568.8688224458926,555.4017048962905,558.0332258278756,3320857
2018-10-19,534.6593627929688,550.7192672139269,532.8018600228947,549.5196211508555,2049802
2018-10-22,523.6302490234375,534.0401719683939,514.4200193288162,532.4922294409494,3293136
2018-10-23,517.2061767578125,529.3188431152591,515.464741819234,523.2044526573607,1656193
2018-10-24,516.54833984375,522.4305014082714,499.9853391255457,517.0127036158893,3180852
2018-10-25,504.1649169921875,515.5809935149415,502.34605611776846,511.40152965489557,2142283
2018-10-26,505.6354064941406,508.42173132854026,495.651205746046,507.68644919559637,1397821
2018-10-29,514.1103515625,517.8254037442672,498.4374353123824,513.1428875964433,1942428
2018-10-30,530.2476196289062,535.9363359643389,509.19564199516884,509.27302021492284,3825436
2018-10-31,575.7572021484375,579.5496327346456,520.4569497332094,537.9099910748702,13010741
2018-11-01,557.801025390625,578.1564574846996,552.6927873824311,578.1564574846996,3999401
2018-11-02,534.7367553710938,563.3349552590233,532.105234226048,558.4976349478774,4445407
2018-11-05,538.9547729492188,548.5133446680378,534.1174534273816,535.5880174577995,2782174
2018-11-06,537.5616455078125,545.2626677939562,535.2784211983297,538.954784111064,1752227
2018-11-07,539.6514282226562,541.0058778453018,536.3620505676598,541.0058778453018,111376
2018-11-09,547.3524780273438,550.2935593325661,538.8387942683307,544.8757605768305,2573761
2018-11-12,560.7807006835938,566.0436942429429,536.4393023272308,547.3523222006099,4696550
2018-11-13,563.48974609375,572.2356115687634,555.711344658881,557.220598009397,4401141
2018-11-14,541.9732055664062,563.3735231182504,535.6653228714631,561.128988269396,3367710
2018-11-15,553.3120727539062,558.7298715747299,539.7288393472757,543.3278246026056,4485617
2018-11-16,563.4509887695312,566.779055216846,550.2934794163966,553.1571820764393,2874046
2018-11-19,566.9725341796875,568.6752800905908,560.5485833352983,564.9989172727204,2212804
2018-11-20,549.287353515625,566.9338868953299,544.914397471778,566.9338868953299,2667937
2018-11-21,534.5432739257812,549.3647953306402,529.58983892605,549.2874170997989,3108345
2018-11-22,534.6593627929688,549.5196211508555,530.518635247686,543.8696401277597,4031353
2018-11-26,537.52294921875,540.8123265177849,519.3346276829104,532.4921368790497,2993915
2018-11-27,537.2521362304688,548.203800547296,530.2089698507154,538.45178216235,2560757
2018-11-28,539.8449096679688,546.3462866156652,535.5880680863575,542.5538088562668,2767316
2018-11-29,532.1051635742188,546.4236297940341,530.3637284934305,546.4236297940341,2351937
2018-11-30,546.3848876953125,549.4420828774282,531.6794373281462,533.1112649154869,3292579
2018-12-03,551.6092529296875,555.440419603949,544.6435125181031,547.0428042085352,2410009
2018-12-04,560.0068359375,560.9356107982333,545.3013835674876,551.6092675588262,2896702
2018-12-05,562.5609130859375,572.6612744138,550.3321783289556,550.3321783289556,4864922
2018-12-06,538.9935302734375,560.3551152174381,534.5044597909088,560.3551152174381,3467903
2018-12-07,537.32958984375,544.8371211086884,530.286469715295,540.2319822987937,2423892
2018-12-10,532.414794921875,545.6496832365117,526.3390928003221,531.718201962388,2334813
2018-12-11,538.14208984375,548.6681250195281,530.1701970584969,534.0400525114786,3495336
2018-12-12,545.9205932617188,550.4483533429994,534.4658283990817,541.7798660384924,2355119
2018-12-13,548.9777221679688,551.8414248443638,539.5352647774403,546.4236268444893,2593714
2018-12-14,551.2222290039062,554.7824771819236,545.7270058289438,548.8616265876482,1982037
2018-12-17,557.0657348632812,559.194155524447,550.6804728797841,551.4544440292989,1435014
2018-12-18,548.7455444335938,554.5890171584451,545.0304923676879,553.3893713258385,1905592
2018-12-19,549.0938720703125,552.6541206607012,535.5106870872727,548.7455755857314,2702676
2018-12-20,547.7781372070312,554.9373710737427,543.3278026412377,543.3278026412377,1817880
2018-12-21,538.4905395507812,552.2285303190549,536.3621184458375,549.5196307309445,2063928
2018-12-24,540.1546020507812,545.572401280019,534.5045736344365,541.0059516053059,1472565
2018-12-26,536.7876586914062,540.1544613936735,530.9441862065561,538.6065191598352,1881689
2018-12-27,548.6680908203125,552.2283387193621,538.7999600303028,543.3276717322946,3018106
2018-12-28,552.615478515625,556.0209709484787,549.519593481924,549.519593481924,1863654
2018-12-31,559.6972045898438,562.2512997022677,553.466699613281,557.2591767955847,1814655
2019-01-01,556.5626220703125,558.3814825740018,553.3893593252063,553.3893593252063,815535
2019-01-02,551.1061401367188,564.7667496373273,548.9390303951741,556.6013635678833,2576769
2019-01-03,535.007568359375,554.1633547129295,530.3637413645739,553.4280726575291,3558015
2019-01-04,527.1516723632812,539.4965202718691,520.4955401141056,537.4842144028936,3926171
2019-01-07,532.1051635742188,534.6979480209459,528.2739969485945,530.1702357066762,1885000
2019-01-08,533.9239501953125,535.8976143131476,530.3250128851815,532.4921225406551,1300906
2019-01-09,536.90380859375,542.8633960341775,529.3962788175985,537.290794177681,2183998
2019-01-10,537.5616455078125,539.4191951384474,533.3822296980579,537.9099419684877,1454656
2019-01-11,541.1605834960938,542.7472147472877,531.7181269609791,537.1359244700429,1849817
2019-01-14,526.184326171875,544.1791574182132,523.9011488160544,544.1017791903552,1558602
2019-01-15,546.6171875,550.1387471892771,527.887074069808,528.5836670806344,2491520
2019-01-16,541.702392578125,545.6496262981198,539.4578574890631,545.6496262981198,1922647
2019-01-17,546.0753173828125,548.8229054265945,538.683902592543,541.392801527994,1434040
2019-01-18,548.8615112304688,552.7700550312454,543.598471044678,545.6495129323262,1888004
2019-01-21,552.5380249023438,558.3428085485816,548.7455473576882,549.790389518231,2586962
2019-01-22,552.7702026367188,557.2592258414404,543.172941518114,552.6153989594284,2839669
2019-01-23,557.801025390625,561.8256848772306,550.2934956782079,552.6154091620823,1965283
2019-01-24,563.257568359375,564.9990036445809,554.5503919333455,560.3551762173652,1849102
2019-01-25,564.2637329101562,569.0236750149121,560.355187527915,566.5469575558477,2528541
2019-01-28,568.9849853515625,571.1907845261043,558.1493878131269,566.7017607080722,1804582
2019-01-29,566.1600341796875,574.5963406661195,558.3429425556978,569.0237375803683,3100457
2019-01-30,553.0798950195312,567.6305938544922,550.8740956188441,566.5470150937743,2139900
2019-01-31,566.4696044921875,570.1846572261003,555.7113846949285,555.7113846949285,3253640
2019-02-01,577.8468017578125,580.9426861438483,563.4509582585245,567.2821246341332,2260029
2019-02-04,579.820556640625,582.2198485197335,570.1071800668448,579.7044420621874,1518373
2019-02-05,581.2523803710938,588.2181212810003,572.8935007270966,582.0263515833055,2446263
2019-02-06,627.9614868164062,630.3995148857781,599.0536826538886,606.7933943160834,14860848
2019-02-07,623.046875,631.7153627087611,617.7064543185027,626.1427600931677,4966655
2019-02-08,623.4723510742188,633.1082998039647,619.1768213241709,619.1768213241709,5242725
2019-02-11,626.4522705078125,629.9351406983909,622.2728073833383,626.1426631506476,2541742
2019-02-12,623.162841796875,630.7090599218029,616.4292838682808,626.8392044731219,2416559
2019-02-14,623.7433471679688,628.2710593435287,619.4865059897866,623.6659217119691,2464657
2019-02-15,618.9061279296875,622.8920515168894,601.5691530627183,622.8920515168894,4312334
2019-02-18,621.8471069335938,636.2042617876019,619.5638826775855,630.7864639378291,3851335
2019-02-19,612.2111206054688,626.142599961851,610.5470638976782,624.5946578111419,2372030
2019-02-20,628.7742309570312,631.75400122476,607.7608936744169,614.5718308859784,3340240
2019-02-21,635.159423828125,650.135746229416,626.2200195259115,630.0124969413627,14193982
2019-02-22,639.3002319335938,642.2026240277232,633.1858403595123,638.4488824817643,4789937
2019-02-25,642.8992309570312,644.640666251244,636.5913464399895,642.5509344502976,2881535
2019-02-26,644.9501953125,648.8974767994314,635.120751566689,638.5262437625373,3319590
2019-02-27,638.9906005859375,648.5491732011684,635.1207446055491,647.3495272951385,3703224
2019-02-28,642.51220703125,648.8974693960246,638.526236477458,644.7180060433001,6409662
2019-03-01,643.7892456054688,647.4269197549113,641.6995138822184,643.1700780828826,3820707
2019-03-05,626.9165649414062,638.29394908638,625.4073119112509,636.5912032892675,4927644
2019-03-06,637.4039306640625,642.1638721288286,628.4645733360518,628.4645733360518,3999053
2019-03-07,625.5621337890625,638.8744459912627,624.0141916083286,637.4038820237871,2306250
2019-03-08,627.9614868164062,629.6255437195586,621.1892391119857,627.0714483189245,1437045
2019-03-11,624.7108154296875,630.3221061127957,621.498816349784,628.4645565081253,2699806
2019-03-12,622.8145751953125,629.8190044450917,620.0669871430116,627.6905838463525,2793702
2019-03-13,611.3985595703125,631.5604999049259,609.8893062807373,626.0653232745736,4815576
2019-03-14,610.2376098632812,615.307111839984,599.8276876427517,613.0625764356039,3112666
2019-03-15,618.6351928710938,624.9817663863132,609.115356217992,614.5331548120529,3854238
2019-03-18,610.3536376953125,623.5885728709734,605.4389397265817,623.0080945011492,3379301
2019-03-19,615.0361328125,617.2032423716792,606.2128436736581,614.146047181676,2413153
2019-03-20,611.3211669921875,623.9756251507224,609.3475497717058,616.8550802718389,3331375
2019-03-22,610.4698486328125,617.6290829907884,606.1743174659185,614.9201835039867,2815749
2019-03-25,611.1276245117188,615.6553842560154,608.6509545285792,612.9851742385254,1861646
2019-03-26,596.5382080078125,612.9077151933932,594.5259021020075,611.5919549136996,3169827
2019-03-27,592.0491333007812,598.2795904807978,589.4563020746964,596.7316484614425,3893738
2019-03-28,597.2736206054688,605.2455149996445,594.4486066588568,595.9578600380131,3908706
2019-04-01,607.9544067382812,615.1523297953755,602.9235936971625,605.9033640641968,3433947
2019-04-02,613.3334350585938,614.5330808693279,607.6060297668027,612.1724783566996,2596840
2019-04-03,601.9172973632812,614.0299159990103,600.7950298885474,613.3333703949799,1467406
2019-04-04,599.440673828125,605.0519648355543,593.8293828206959,602.0721947135966,1751584
2019-04-05,601.569091796875,609.1926889245093,599.4406710796779,602.9235413441822,1367411
2019-04-08,609.2315063476562,611.437305579597,598.5894013454797,603.4654109167673,1368825
2019-04-09,611.0501708984375,617.3967432359622,609.3474250655241,611.7080274241457,2128462
2019-04-10,611.6306762695312,618.3642344469937,608.341299016579,608.3799881246065,2497013
2019-04-11,604.432861328125,615.8876264596914,602.6140005343345,611.7468991392511,1854222
2019-04-12,607.8380737304688,608.6120446894377,599.479196821492,602.9233770367914,3162714
2019-04-15,617.0098266601562,618.7125726833939,607.5673689307937,607.8382399447275,3317405
2019-04-16,617.706298828125,622.8145362896695,615.4231219382061,618.4028916945229,1868910
2019-04-18,619.4478759765625,626.1427462381798,617.7064406501893,622.2728899573505,6307643
2019-04-22,623.317626953125,627.535779034499,618.2481255295795,619.7186895636379,1833972
2019-04-23,623.0081176757812,625.3300312414483,619.2156399560776,624.2077635701521,1214892
2019-04-24,633.6889038085938,634.656367783874,623.8207712607347,624.594742440959,2710117
2019-04-25,631.9474487304688,640.074145866623,629.586846153095,634.6563477758535,5447101
2019-04-26,637.1716918945312,639.9579688879971,631.9473871021983,631.9473871021983,1996703
2019-04-30,647.1173095703125,648.5878737646057,637.0556838436539,639.2615301350936,2783771
2019-05-02,647.8138427734375,655.166568587473,641.6994518849335,646.1885222787463,3241791
2019-05-03,632.6441040039062,645.840304063103,629.2386116869402,642.3961226324236,2329144
2019-05-06,634.7723999023438,638.9131262828992,626.9165745477267,626.9165745477267,1247845
2019-05-07,630.515625,637.984418357558,626.684458306402,636.2042941357253,1810222
2019-05-08,620.95703125,630.0898811816878,618.8672997406815,629.2385318302187,1270071
2019-05-09,626.6458129882812,630.5930472881665,618.5578043453473,619.9509430841625,2024710
2019-05-10,625.6783447265625,629.5482007745015,619.48657504986,627.2262871457381,1429055
2019-05-13,632.566650390625,639.0680273466576,626.2975025854494,628.1550051161352,3719275
2019-05-14,611.475830078125,633.7274981831474,608.8056204576334,633.7274981831474,2701861
2019-05-15,611.6693725585938,617.9385670344312,607.99300970331,612.2111617956832,1662095
2019-05-16,610.9341430664062,615.1136064096388,604.7423735146264,610.3924010221878,1233818
2019-05-17,607.4512939453125,613.7591782926518,601.0273422584884,613.7591782926518,1608854
2019-05-20,603.1945190429688,611.4373323559563,590.5401070729046,611.4373323559563,3754370
2019-05-21,598.3184204101562,607.4125819143695,594.4872535626184,603.6975296413899,1669926
2019-05-22,580.4395751953125,593.9066425833696,575.9892418356916,586.6700324508934,5888740
2019-05-23,575.2927856445312,589.2629564084235,573.1643648366419,588.2181141803318,3764857
2019-05-24,569.5267333984375,580.4010674049025,566.5856520551105,580.4010674049025,3591853
2019-05-27,561.9417724609375,571.1907376196062,556.8722706196567,570.4167664304197,3672605
2019-05-28,570.5328369140625,577.9629408602765,562.6770110551336,562.6770110551336,5583587
2019-05-29,571.8486328125,579.1239813774409,567.8240201487853,570.3781157975137,2058402
2019-05-30,568.8688354492188,577.3825187008397,567.2822039274891,573.8996482797221,3367426
2019-05-31,588.4888916015625,591.1591012746319,571.3067714223938,572.738599024176,5503111
2019-06-03,586.360595703125,591.2366523330913,579.704461898867,591.2366523330913,2826290
2019-06-04,579.1626586914062,590.3078632362672,578.0017018529605,585.3544284964502,2332547
2019-06-06,571.190673828125,579.9365378412895,568.0174112026365,579.1625667385414,3225967
2019-06-07,581.058837890625,582.5680910732958,564.5345728184199,571.2680839974206,1569343
2019-06-10,594.5645751953125,595.4546135668367,583.612865847405,584.6964442225454,2539412
2019-06-11,589.8434448242188,596.538314738473,587.6376457543764,595.9578363264667,2069998
2019-06-12,578.8917236328125,591.5461328765119,575.2927389358964,589.7660087023344,3056823
2019-06-13,575.9120483398438,582.5682301282542,571.5778277832434,575.8346701025499,2385606
2019-06-14,572.9321899414062,577.885624596222,569.1010229923876,575.8345819877153,1348083
2019-06-17,570.0684814453125,575.1767197406446,568.1335534333201,572.7386915497527,1333739
2019-06-18,573.9382934570312,576.14413956522,569.6814521570824,571.113327119826,1645116
2019-06-19,569.3331909179688,576.0667497478327,564.6506746462112,574.2866254510636,1945921
2019-06-20,561.5546875,565.7728391825605,555.5951009499146,558.8070997124605,4139025
2019-06-21,573.0870361328125,575.8346246925265,562.2901274719361,564.2250556463061,7280809
2019-06-24,563.6445922851562,571.1908123672438,562.677128172068,571.1908123672438,1242655
2019-06-25,560.6260375976562,563.5671660424608,557.2592816667018,562.6770802384614,1451025
2019-06-26,555.7886352539062,565.6567669074482,554.4729221583254,558.2653522540573,2781711
2019-06-27,543.2890625,556.485261264288,535.3171690396534,553.7763622177999,8567309
2019-06-28,546.8880615234375,553.3894388617919,544.9531334155291,547.1202906879511,3421172
2019-07-01,545.3787841796875,550.4482857125819,543.5986127612877,549.2873289994251,2073961
2019-07-02,550.7965698242188,551.841411946852,541.9732801062877,543.3664186829483,2432132
2019-07-03,542.6311645507812,552.1897367763019,540.6188584188037,551.8414403043766,2040614
2019-07-04,542.2442016601562,547.0041434169408,539.4579242470573,542.8634164092475,2838357
2019-07-05,527.1516723632812,544.10165754679,524.9845628337434,542.1667298883732,2813644
2019-07-08,526.5712890625,530.7507524544593,515.0778355937917,526.3004180372327,2293102
2019-07-09,523.1271362304688,529.3962838540119,517.4771088597638,527.0743703283365,2180104
2019-07-10,522.3143920898438,530.0154141913704,517.0127088069885,519.3733112780529,2468773
2019-07-11,515.2325439453125,523.7462256029235,509.5825646567868,523.7462256029235,3449721
2019-07-12,515.3098754882812,520.8050978587505,513.1427661650349,514.6907081444166,1792810
2019-07-15,524.6749877929688,526.8420972607197,515.3485989537504,522.4304528774218,1883164
2019-07-16,523.1658325195312,527.5387413758817,518.9476801087878,526.3004063743114,2015642
2019-07-17,534.6593627929688,538.2970373386197,520.9213722641973,523.1659079224281,3271680
2019-07-18,531.873046875,537.3295346824364,526.3778227139045,531.9891142176101,2984256
2019-07-19,522.46923828125,535.2010737052079,514.2264735157955,531.8730070620899,2005513
2019-07-22,520.0698852539062,525.5263720102471,518.5606321750597,519.3346032678583,1286218
2019-07-23,519.489501953125,522.8562579268271,515.2713492779492,521.0761335356806,1462269
2019-07-24,511.1692199707031,526.1455417874938,504.2034801043918,518.8315054799775,3060459
2019-07-25,515.9532470703125,520.0255410456795,507.25518466759456,512.2367925730131,2751865
2019-07-26,508.8365478515625,514.7670437472684,506.8992428731321,513.7391007778458,1637706
2019-07-29,511.0506591796875,517.6533077948557,506.859784498581,506.859784498581,2524484
2019-07-30,506.2666320800781,514.2134863907258,500.6524489832513,510.0226125601724,2882913
2019-07-31,503.1037902832031,505.9108823289425,480.0934829913621,497.37097695581105,9651731
2019-08-01,494.7220153808594,500.88972181465596,489.46362274587466,499.78267654544806,3982949
2019-08-02,503.024658203125,505.3572812055608,488.98915189102604,494.2079687358782,2172845
2019-08-05,512.4343872070312,514.8065856339714,494.44521580273477,499.0710316927685,3140140
2019-08-06,530.265380859375,537.5796590453584,514.0553589336821,514.0553589336821,7226321
2019-08-07,533.3098754882812,536.5123344496642,530.0283142702831,531.2144137569072,3239880
2019-08-08,537.8564453125,540.7821662439501,525.8372974329611,532.9538924358133,2708834
2019-08-09,524.5325317382812,538.2913004035764,521.6859132445973,536.9075181403282,3743407
2019-08-13,505.3968811035156,523.860472411041,502.9060535145993,522.7534272020782,2716622
2019-08-14,521.1719360351562,523.8604466892015,505.1991731008189,505.31775405577866,2627043
2019-08-16,521.0929565429688,522.6744222684406,510.93205856181373,519.4324368362248,3067796
2019-08-19,530.0677490234375,533.2702556900227,523.0697825751656,523.4651490019043,2871173
2019-08-20,528.9212036132812,537.6983186270458,525.5605891218622,532.9539216979836,3913608
2019-08-21,532.0050659179688,533.7446878865443,529.2375008696681,529.7910235318292,2106655
2019-08-22,539.8728637695312,540.8612798511306,528.2886079881861,531.8864811352106,3353812
2019-08-23,540.7425537109375,549.0848225546372,537.2238317010303,541.0588661053652,7015461
2019-08-26,546.51513671875,547.977973475693,529.9492705809433,545.4476182025236,1767289
2019-08-27,534.8121948242188,545.487089317816,532.3214150665507,545.487089317816,3160545
2019-08-28,545.7637939453125,548.333675572307,534.535378414867,534.535378414867,2749273
2019-08-29,546.51513671875,548.7687064821515,538.4891773981919,540.980005673541,2789979
2019-08-30,548.4917602539062,554.0664161729345,534.4166794916863,547.9777646905408,3067856
2019-09-03,557.0712280273438,566.8763335318304,551.931465100193,551.931465100193,5044667
2019-09-04,556.0828857421875,561.222649350185,547.3452972610926,557.466668252033,2027768
2019-09-05,549.9149780273438,561.4201273220807,546.4357353980997,561.4201273220807,2019839
2019-09-06,570.7115478515625,580.7538666938327,566.4415703083885,566.4415703083885,10663234
2019-09-09,563.7135009765625,571.6998839227633,561.4203562726998,571.6998839227633,1754023
2019-09-11,556.438720703125,571.8975383932983,554.5014155524376,567.7461908971839,2702792
2019-09-12,557.9014892578125,560.787683137289,548.7685355308008,554.3827188227308,3282740
2019-09-13,561.02490234375,562.4482116823973,554.303673774445,557.6642880590975,1073430
2019-09-16,568.8927612304688,571.897536421941,561.4993800910862,561.4993800910862,2500556
2019-09-17,558.2178955078125,569.2486290184928,552.8409214875095,569.2486290184928,2948429
2019-09-18,566.7578125,567.8252826220988,555.0154481068862,561.4203653644926,1666369
2019-09-19,556.1619873046875,565.9275679528579,553.5130512927894,565.9275679528579,1570183
2019-09-20,554.1851196289062,566.3228982941006,550.3896114575037,554.5409590773982,3394351
2019-09-23,539.9124145507812,557.4271675934854,533.8237615673409,555.8852287857463,2256769
2019-09-24,556.5572509765625,558.1782917945283,540.6240143289281,542.4822170672071,3128057
2019-09-25,558.1783447265625,561.380803154466,551.9315358326244,556.715459979246,3512690
2019-09-26,564.3460693359375,566.1647453178374,554.9363287051223,557.82252303863,3300104
2019-09-27,556.9131469726562,568.2601925389489,555.1339980270271,561.4203339540842,2434719
2019-09-30,564.9786376953125,566.639157423425,550.5082357735317,557.0713089661969,2136186
2019-10-01,557.4271850585938,565.3740413013064,553.5130474278524,565.3740413013064,1709480
2019-10-03,555.4898681640625,567.548545017446,547.6220660727962,557.6643836622137,2111319
2019-10-04,559.95751953125,564.4251314355389,555.5293863567487,557.4666916041864,2273166
2019-10-07,557.308349609375,566.7971411972617,554.066365121843,559.957332885154,2578403
2019-10-09,562.2506103515625,564.5042280398324,554.9758581295692,555.7270640256593,1115851
2019-10-10,562.4482421875,568.4182652938807,556.2805358771828,559.8783605363261,1507268
2019-10-11,570.4741821289062,572.4114871207466,551.5361221183636,554.5408970738204,3785425
2019-10-14,569.9207153320312,576.167524302136,567.3113065168308,570.1183985492813,1871571
2019-10-15,569.7229614257812,576.4441899783408,568.5368622694472,572.490526123894,1482881
2019-10-16,575.4164428710938,577.0374359506206,567.5091124709481,569.4068428094744,2114943
2019-10-17,572.767333984375,578.0257268648228,566.1252068465773,573.281329653894,2177984
2019-10-18,580.5560302734375,583.3631220554299,571.462603091279,572.846385488564,2907649
2019-10-22,567.469482421875,578.8164801805209,564.8204982613596,575.1791281619844,2825230
2019-10-23,574.5465087890625,580.7142640507793,566.4414965223901,567.4694879076804,2143330
2019-10-24,574.3487548828125,589.0959410338272,572.8068645196371,577.234948932475,2888332
2019-10-25,570.0787963867188,577.9465970483111,554.461824283243,577.9465970483111,2785014
2019-10-27,574.6652221679688,583.0865481342591,568.1416747542972,571.6999733435727,194159
2019-10-29,596.8055419921875,603.3290871679882,573.3602966917355,575.6534409676218,3292048
2019-10-30,596.5288696289062,604.7524621498894,589.5308550863485,602.5384198658747,2232609
2019-10-31,584.3516845703125,600.4430817484009,582.4539060731985,596.9638855203744,4178139
2019-11-01,601.3128051757812,604.1198971395705,585.1423087477516,585.853987617446,4136257
2019-11-04,608.4688720703125,614.8737882607901,595.7776206484413,601.3127500889768,4936914
2019-11-05,611.4342651367188,613.2529413035694,604.752561930508,610.4458489305488,3303839
2019-11-06,610.3668212890625,619.9346712728349,606.9666307830411,619.9346712728349,9486591
2019-11-07,608.626953125,612.8178266742739,604.9500268599572,612.8178266742739,2060900
2019-11-08,609.9318237304688,615.0715877542331,609.1015638099008,610.4458194378483,2368591
2019-11-11,609.1806030273438,612.4225883864932,607.3223518842924,608.8247635946316,1345883
2019-11-13,598.6243286132812,611.8691046068773,589.8867397744847,607.282863467566,2434874
2019-11-14,599.6522216796875,603.7245150548025,591.7053663992465,597.7940188361895,2564424
2019-11-15,594.5916748046875,603.5269478388263,592.4962130997186,599.6523369263404,1787358
2019-11-18,594.4730224609375,599.612786638561,591.0728804267038,594.63117870352,2216434
2019-11-19,603.4478759765625,605.7014456010141,594.6311841931627,596.2126501085701,2725437
2019-11-20,609.9713134765625,611.2364666769737,597.7544818186817,604.831550173328,2343750
2019-11-21,605.0292358398438,616.7715988984876,603.1709847574566,612.8179348029845,2102137
2019-11-22,596.3707885742188,604.9106946103335,587.3564138201202,604.9106946103335,1819912
2019-11-25,603.76416015625,605.4642553765041,593.7218416090177,596.3708260623785,1837243
2019-11-26,603.8035278320312,607.1641421265996,598.0311882256253,605.7013057974928,2968850
2019-11-27,606.9269409179688,608.5084064917306,598.8614568392833,603.2104871671285,1369944
2019-11-28,605.8991088867188,610.5248772319437,602.5384939271513,605.0293219668928,1096867
2019-11-29,602.1035766601562,610.722536316985,599.6918509664453,605.7014017044636,1236902
2019-12-02,591.8241577148438,600.8780607407368,579.0537997216064,599.4547026484452,4333335
2019-12-03,590.0843505859375,598.3475179786359,587.7516791790274,591.5076599700267,1838085
2019-12-04,600.0079345703125,602.1429224112684,587.9492614688393,590.5982448453464,1870954
2019-12-05,604.8316650390625,606.2945017212568,594.710244463574,597.0033893701323,2475102
2019-12-06,598.9801025390625,609.9317326336214,597.4381639097292,603.4872892007675,1092422
2019-12-09,593.3264770507812,600.522176184656,590.2821743580918,600.522176184656,1435556
2019-12-10,589.056396484375,593.010060400288,583.0072713880286,593.010060400288,1582428
2019-12-11,599.3358764648438,600.9568688929111,585.9329471705882,585.9329471705882,1644499
2019-12-12,598.14990234375,605.7013917661401,595.0264977859274,601.7477273290243,1184008
2019-12-13,602.4197998046875,604.0803677398493,591.6658523972233,600.1267035073253,2019424
2019-12-16,611.4736938476562,619.9345448650238,600.1662239190728,603.091945071574,5810893
2019-12-17,614.6762084960938,618.3531358338681,610.9202271722946,613.2528989101028,2421510
2019-12-18,622.0300903320312,627.8419581713086,616.8507509335833,616.8507509335833,5676894
2019-12-19,618.9461669921875,624.6789804200935,615.2692397644596,624.6789804200935,2099931
2019-12-20,619.420654296875,622.8603716825018,615.1902522017771,619.9741770297643,2092547
2019-12-23,613.5691528320312,622.6230534432348,612.7784199972101,615.6645658868063,1887292
2019-12-24,610.4853515625,615.1506951744375,606.9665803564633,613.6087563018474,1413973
2019-12-26,609.1806030273438,616.0204131783549,607.3223518842924,609.6550234292915,1276520
2019-12-27,616.9297485351562,617.8786375604572,608.1525853792484,609.6549970245165,1363474
2019-12-30,618.9065551757812,620.6066016914839,616.0598882166419,618.9065551757812,1055528
2019-12-31,602.7755737304688,617.5227590201094,600.9568980336559,616.8110802305969,3004887
2020-01-01,602.617431640625,606.3338853548547,601.2336492772149,605.7013087840813,746371
2020-01-02,605.7407836914062,608.1920840533362,601.7475931528122,602.6173798300326,1133488
2020-01-03,612.89697265625,616.6925286980832,603.764018488401,605.7013234967326,2121704
2020-01-06,609.1806030273438,615.8227299671263,607.4014541262856,612.6993255772123,1734439
2020-01-07,614.4783935546875,615.5854386967773,601.4313033318272,608.8642104001522,1937143
2020-01-08,608.7061157226562,620.6462102727329,606.571127454265,608.9433259163661,2596664
2020-01-09,611.75048828125,613.9645306072067,602.6965875025579,609.2596605004843,1678891
2020-01-10,613.8064575195312,618.274118029025,610.801681937155,615.9809731500352,1105725
2020-01-13,621.3973999023438,623.6510175151122,612.857494650678,616.6925779864401,1393509
2020-01-14,629.6210327148438,630.8466589815996,619.6973450856221,621.3973917580568,1628535
2020-01-15,628.7510375976562,635.4722646057523,623.4926465745627,629.541770186844,1759644
2020-01-16,619.0252075195312,629.1861538490657,617.6414249980483,627.051165449134,1110008
2020-01-17,615.5459594726562,622.1090320778573,613.213288053865,619.5391504709261,989312
2020-01-20,615.348388671875,621.0812025344944,612.4621941118975,615.5855989033437,1620105
2020-01-21,615.9017944335938,619.4600920174668,612.8179172225706,614.597066014507,976954
2020-01-22,615.7832641601562,625.0348490173753,613.7669048577834,616.7716803145064,1192201
2020-01-23,608.0341186523438,617.1275476834877,606.4131257384244,614.5971925614501,2018777
2020-01-24,622.5439453125,623.6905175646438,603.5663574563333,604.9896668930455,2364265
2020-01-27,625.8651733398438,629.6211551128877,616.4950065373602,621.5161418131613,1175606
2020-01-28,628.03955078125,629.2256500272957,620.4089596600212,626.6557683275299,1506685
2020-01-29,635.8677978515625,638.279523229302,627.4860012479847,630.1349850747639,2565136
2020-01-30,625.7464599609375,638.8726550343375,619.9345924616123,637.0144037652461,2493688
2020-01-31,629.8978271484375,634.5631706990786,619.1438787007833,630.0955103791849,3081521
2020-02-03,627.1697387695312,647.3729521294737,625.0742775473894,638.9121015285144,3383074
2020-02-04,641.3633422851562,642.8657538808984,628.0790411563534,628.0790411563534,1779834
2020-02-05,643.6959838867188,645.2379223978895,638.1213276655599,640.4935259096698,1613898
2020-02-06,646.582275390625,653.1058215473322,640.5331496494039,642.6286110532267,1553656
2020-02-07,651.9197387695312,652.7104716570526,643.8542536643117,646.5822917787617,1397438
2020-02-10,643.3798828125,654.0152023591644,641.6797876683258,653.9361483693228,1098971
2020-02-11,648.3615112304688,649.8638749225119,641.3239684617851,642.8659074125092,1143705
2020-02-12,649.5870361328125,653.5011733919564,645.8705820861254,648.4009368580722,1394424
2020-02-13,654.726806640625,656.3082723571483,643.9332838203525,650.6149861251639,1737974
2020-02-14,659.58984375,662.6341459988114,652.3941456653026,653.9360844164881,2143044
2020-02-17,658.878173828125,661.8434221351823,654.2919327657108,661.0131622617073,793328
2020-02-18,663.2666625976562,664.2155516095985,652.6312967914073,652.6312967914073,1507814
2020-02-19,664.9273071289062,668.0506634373278,661.0922236513102,663.4248953314966,881874
2020-02-20,655.991943359375,668.8809272338771,653.8965302953472,664.3342134135779,1066232
2020-02-24,648.47998046875,667.2994606037064,645.040311932005,655.4779950353206,2917544
2020-02-25,650.0615234375,653.7779778666586,639.7424683377942,649.9824694493828,2479975
2020-02-26,641.64013671875,652.7499228457569,639.0702551327431,648.4008924694375,2212784
2020-02-27,639.8214721679688,648.1636936564244,632.7444038698237,638.1213773223946,1907768
2020-02-28,588.62158203125,638.9121744798606,578.856001892031,624.5208262437785,5959364
2020-03-02,596.7567749023438,604.6916439341773,588.621579803721,594.7129598243486,3784522
2020-03-03,602.9684448242188,607.2564992087966,594.7931349778038,601.1250045940659,2168900
2020-03-04,618.1968994140625,621.0422144423316,599.5219604305744,604.3309601131726,2685540
2020-03-05,606.0140991210938,628.3759675335904,603.0084742763859,617.1149028993533,2126955
2020-03-06,593.4304809570312,600.9244846387443,586.216982641928,597.9989907541969,2004893
2020-03-09,564.8970947265625,585.094901096286,558.28472084431,573.0724031285541,3429034
2020-03-11,567.9027709960938,572.1908250140094,533.798958435536,545.8214574993995,4626185
2020-03-12,520.854736328125,553.0349797156833,510.6356117029439,541.8139801272491,3796919
2020-03-13,525.743896484375,537.0049608800898,421.50883886165957,483.5048397774839,4553639
2020-03-16,483.6250305175781,508.79209653173797,473.68641277971324,508.79209653173797,6499354
2020-03-17,477.2530822753906,495.28682840194665,467.51483979918345,480.8998967081607,3333465
2020-03-18,464.5894470214844,489.9168248615929,457.37594775971854,480.8999507843857,3548257
2020-03-19,424.7949523925781,462.98644268027033,419.1844530213554,440.5444451953794,4931298
2020-03-20,461.9444885253906,477.25316731691385,420.86761502876595,420.86761502876595,6315992
2020-03-23,390.49072265625,434.41290307224057,377.8270108059193,432.8099034299076,2912669
2020-03-24,403.55523681640625,427.96092080304174,390.3304872484406,390.3304872484406,4082147
2020-03-25,422.1500244140625,435.09421897772546,406.40053116576394,407.9634658187489,3664272
2020-03-26,412.93280029296875,452.7673591613353,411.16949054956166,432.28899549627374,5979874
2020-03-27,404.0361022949219,431.848133998474,399.14694803941967,420.78744522227976,4672139
2020-03-30,422.23016357421875,426.6784785096038,389.2484455472644,395.9409750169475,4138337
2020-03-31,453.2481994628906,461.06282359156114,423.07170825969393,430.40545200985366,3652911
2020-04-01,409.72674560546875,449.0803698733545,408.7649359721884,448.839929694952,4114437
2020-04-03,417.50128173828125,427.3196546727938,408.8450688833822,411.77053837598453,5826085
2020-04-07,440.7046813964844,446.95641948197346,429.40355286287473,430.0046777618895,3531972
2020-04-08,447.9582824707031,456.6946014202816,430.4054163156609,432.76985063987604,4113059
2020-04-09,437.017822265625,467.0340034275468,430.8462632264035,456.85494487190505,5917001
2020-04-13,422.2702331542969,441.6264767009851,418.18260293782026,441.6264767009851,3822640
2020-04-15,431.7279357910156,439.7028205695465,423.1919423852626,423.1919423852626,6316254
2020-04-16,414.89642333984375,424.7949270726307,407.4424599436119,422.3904274854271,7001494
2020-04-17,408.6446838378906,426.3978997729363,400.7499058016318,424.0735307514203,10839705
2020-04-20,420.667236328125,426.3178502072526,410.3679813637221,415.13691593108325,4549088
2020-04-21,411.12939453125,416.77995919408136,405.4788054085822,409.56645990033763,2950307
2020-04-22,415.4174499511719,418.30287937059717,406.40057473986576,410.36800961677625,2268496
2020-04-23,419.7454833984375,423.0716784413282,408.20386593091587,415.9784243000333,6094748
2020-04-24,403.51513671875,426.8788295839493,402.4331069556695,418.38295016381716,4817852
2020-04-27,410.1275329589844,415.9784727923601,405.9597234476501,410.1275329589844,4032316
2020-04-28,417.1005859375,423.5927158461755,413.21328189912253,415.1769665247283,4972775
2020-04-29,423.7529602050781,430.32526844456913,418.4630320963661,421.54883572303135,6361689
2020-04-30,437.8193054199219,443.14929914072803,426.6784376226042,433.6114310886549,8931956
2020-05-04,402.71368408203125,416.57962427392823,399.1469993043122,412.7724992805638,14814506
2020-05-05,400.70989990234375,411.97096413813836,399.30727502444154,405.5589646962996,5717678
2020-05-06,406.24029541015625,408.04367047904435,392.73501500229315,403.75564042327585,3781531
2020-05-07,413.8544616699219,421.4687108647684,405.83948697728806,407.1619569454784,6799899
2020-05-08,429.7642822265625,431.68785275141255,416.1387831002576,422.31034248846004,6016020
2020-05-11,424.9552001953125,435.8555778164219,422.55070081539145,434.01213807574874,4272574
2020-05-12,427.3998107910156,432.409185038449,420.78743678440355,420.78743678440355,5691969
2020-05-13,436.61712646484375,440.62462647828886,425.9171209968165,434.41300145744896,3296409
2020-05-14,413.33349609375,428.80243392621975,411.93087130987914,426.71855381519407,6148398
2020-05-15,409.205810546875,416.77999524438627,406.68109046765073,416.77999524438627,3628530
2020-05-18,403.9960021972656,412.772435612177,401.9521873000132,409.96718604976417,3283979
2020-05-19,410.848876953125,416.5395562567439,403.3949368001794,408.7649965386421,3041594
2020-05-20,416.13873291015625,420.6271125131417,409.325984168683,412.7724237480828,2772920
2020-05-21,416.820068359375,417.9822531520748,408.80506829893255,416.73993792664186,2540109
2020-05-22,424.51446533203125,425.59647068964364,412.85260199942866,414.4556018890318,4254552
2020-05-26,417.14068603515625,433.4111263000242,415.8582566795029,427.1995012813923,2719781
2020-05-27,419.7855529785156,421.58892766911544,410.40799480346266,418.10242283515686,2265885
2020-05-28,424.5544738769531,426.2776691764644,414.4956606962512,423.19191436872626,3387672
2020-05-29,425.1556091308594,429.3234181731663,420.34660998658273,424.7147939932345,4081245
2020-06-01,435.6552734375,444.6721475727979,430.4455239371057,431.60770860958985,4913055
2020-06-02,438.8211975097656,439.5024528604052,431.2069484205551,435.6953283157999,3878973
2020-06-03,443.4298095703125,453.2481831215756,440.8249349546713,444.03093448161434,4942023
2020-06-04,466.55303955078125,468.87740866588115,445.35340781606703,446.4354130374287,10915145
2020-06-05,464.74969482421875,475.730253176182,460.86243989902596,471.2819385402213,6207096
2020-06-08,472.88494873046875,480.4591326932217,464.9500800228851,469.51863931150376,4791151
2020-06-09,469.8392639160156,485.1879580657972,468.87745422597646,476.0909535217607,5665593
2020-06-10,473.2857971191406,478.41541719770373,466.87379648077797,474.0872971989359,3438670
2020-06-11,458.3376770019531,473.6864189433665,452.6470475435977,473.6864189433665,3378322
2020-06-12,444.59210205078125,450.36291238334087,440.8250419087157,440.8250419087157,3603893
2020-06-15,439.8631286621094,449.2406871337598,435.53505861958126,446.43543752632337,3944724
2020-06-16,427.43988037109375,446.39537228504577,425.7166849641614,446.39537228504577,4262594
2020-06-17,429.24322509765625,436.81740829141336,423.5125306526061,425.59641064723024,6139224
2020-06-18,429.5238342285156,432.809964390276,425.5964649837714,428.84252993276374,2658663
2020-06-19,431.8882141113281,435.1743931487304,426.3178287800156,431.60770870603653,5570067
2020-06-22,439.62261962890625,443.429743499895,431.4473122693768,434.33274076550305,4352621
2020-06-23,447.8781433105469,448.9200834174907,436.456769506688,439.22195400103044,4438315
2020-06-24,449.6013488769531,453.6489133196346,444.35153466399,447.87810463834865,3500477
2020-06-25,444.151123046875,453.32825640024333,442.4679441555909,447.2368776347328,2386979
2020-06-26,449.52117919921875,460.8223566344936,442.90880532059083,445.23317449427935,5288935
2020-06-29,434.0522766113281,447.9583297263264,432.16877134671876,447.9583297263264,3304988
2020-06-30,435.5350036621094,439.94325248897417,434.05219970491055,438.42038332637316,2356985
2020-07-01,437.538818359375,438.7009540876192,429.64401493155725,436.0159489697369,3662491
2020-07-02,449.52117919921875,450.8436735428121,434.8136762612899,440.7447948233209,5966748
2020-07-03,454.6107177734375,458.658282170299,449.6814742032159,453.5687777682555,4007490
2020-07-06,466.1122131347656,471.2818967865103,459.2994646267974,460.8223338611512,4909636
2020-07-07,470.3602600097656,474.8887546217089,462.54563493371217,467.95575998636457,5126702
2020-07-08,467.6351013183594,476.010784607366,461.7440480180139,472.8448503885004,3391014
2020-07-09,462.7059326171875,471.0415520481653,458.49805768629216,467.63517710410713,2498146
2020-07-10,456.0533752441406,458.4578745863768,449.9218823535724,458.4578745863768,3959401
2020-07-13,480.9400329589844,482.34265786490903,457.25571933144806,458.4179040374349,11008252
2020-07-14,479.5373840332031,483.94563351673025,474.9287595731521,476.8523789156509,5525588
2020-07-15,493.16290283203125,504.9449617228321,482.5029634240396,484.10596330252474,11907668
2020-07-16,480.4190979003906,512.1184116867778,471.36210917312957,502.54047733481866,13009798
2020-07-17,480.65948486328125,484.3864299305537,473.0452360501183,484.3864299305537,3307397
2020-07-20,499.2142028808594,501.69888197110885,479.6976995031933,483.9857044839326,5461610
2020-07-21,497.4909973144531,506.38762662944055,493.2029435010934,504.9449365945333,4218944
2020-07-22,495.2868347167969,502.0995833403576,490.15721618530756,495.3268999247666,2879564
2020-07-23,511.0435791015625,512.7808309932327,490.4790047076542,495.2868400705917,5038587
2020-07-24,527.3255004882812,529.5880460060879,505.2256842091776,511.0839588361533,12276883
2020-07-27,536.9815673828125,542.7994500268966,519.4067433588676,530.8808912060604,11521949
2020-07-28,552.9807739257812,567.8486925401274,538.9613346485451,541.385448597489,23296517
2020-07-29,546.556884765625,561.7883802746366,542.1934601427992,555.0816752066593,5436716
2020-07-30,545.2235717773438,555.4048295665577,541.021764843215,549.4657707426361,5126995
2020-07-31,550.7990112304688,553.8695451468346,544.2134831324854,548.213280288739,3114793
2020-08-03,544.2943115234375,555.0816471155598,541.0217678812933,554.2736092128714,3092967
2020-08-04,527.3660278320312,546.7589401043195,525.3863248404899,545.4256576581092,5559046
2020-08-05,524.0530395507812,534.5171416046708,519.2048115090156,529.2648945594246,5139353
2020-08-06,533.5878295898438,538.8400761569108,524.537844190798,530.0728843070644,8644001
2020-08-07,535.2847900390625,539.7693911345942,528.7800939168295,531.4870015251188,3823897
2020-08-10,550.9607543945312,555.4049639093382,535.4868544933057,539.7694465256462,5362182
2020-08-11,545.2639770507812,560.7379229036594,543.0822648090448,557.6269473289937,4331864
2020-08-12,559.20263671875,560.7783205378961,543.5267305485487,545.425599946801,4355435
2020-08-13,563.2427978515625,570.3131293450119,552.9403148182505,562.3135838750832,7108877
2020-08-14,562.313720703125,574.51507600758,559.1623524574478,559.1623524574478,6476545
2020-08-17,582.6358032226562,585.3427601751563,564.5357812042461,569.5051854254799,7657241
2020-08-18,576.1714477539062,588.2516249150126,573.8685593344064,585.827511076077,4752247
2020-08-19,587.201171875,589.0596492448128,572.898890692143,577.747118257944,6506907
2020-08-20,586.9588012695312,591.4837941750751,578.7168041099043,581.7873385328608,6610632
2020-08-21,591.9686279296875,595.2412213336333,589.8677488257439,590.6757868378339,4207706
2020-08-24,583.8074340820312,593.867516685321,581.1813106761259,593.867516685321,2385907
2020-08-25,596.8167724609375,598.2308387841568,577.2218534106136,587.443552560229,4585917
2020-08-26,592.1705932617188,598.7561222965177,587.4435909710774,598.7157302626714,3157074
2020-08-27,594.3927001953125,603.0791082148477,591.8474102273335,593.9078971496183,3207076
2020-08-28,607.9273681640625,612.7755961528302,597.9481186146727,598.7561566128006,4223327
2020-08-31,598.756103515625,625.9869915014698,591.5645462425373,613.8664226043924,7224350
2020-09-01,588.1304321289062,608.1293724097962,583.9690660657338,597.1400754576861,3563888
2020-09-02,594.0695190429688,602.5943096713906,588.3728612792468,589.9889372019323,3467486
2020-09-03,613.7453002929688,615.7250034091455,592.3726836835904,597.9077740010126,4606227
2020-09-04,604.5740966796875,612.816094896177,600.8166999090331,603.6044411273834,2954845
2020-09-07,603.6851196289062,607.5637411597912,593.1402344737763,605.7860478445891,3367905
2020-09-08,607.8465576171875,621.3811934963339,601.9882823859152,604.8164152561845,5237241
2020-09-09,608.7352905273438,614.068369893156,601.7457927624915,607.6040671360862,3038259
2020-09-10,606.0283813476562,612.8159189462364,597.3823665766865,611.4018527230918,3737568
2020-09-11,618.270263671875,622.6740310907081,604.0083739769044,605.5436658255389,4917946
2020-09-14,638.9560546875,643.6830573057849,622.1892660251343,622.3104914537985,9021887
2020-09-15,639.2792358398438,648.9352497660741,626.2294033837769,638.956000936415,6339704
2020-09-16,639.9661254882812,641.7842110720547,633.5018211904198,639.9661254882812,4279003
2020-09-17,635.8855590820312,655.6824914866924,631.3201243306077,636.7339891784852,7591219
2020-09-18,650.1878051757812,653.5411333296651,636.7339525672692,640.77414262163,6281494
2020-09-21,636.1278686523438,670.6714906083777,633.7441468641479,652.0866179770611,10789179
2020-09-22,646.7940673828125,655.3188589517936,623.8053749824718,640.7741740428758,9053623
2020-09-23,640.8145141601562,656.4904707971269,632.7745263454148,656.4904707971269,6091530
2020-09-24,607.5233154296875,636.6935151335422,604.0487620944218,636.6935151335422,5929066
2020-09-25,624.0880737304688,628.1282633689614,604.9376142989906,610.1090274450285,6986586
2020-09-28,629.7847290039062,633.8249183115558,623.805229101098,629.744287655856,3604366
2020-09-29,620.6944580078125,638.3500699621862,617.3410803178612,634.3098796459699,7041805
2020-09-30,639.7640991210938,642.2286052059677,618.6743266325306,624.6133863222045,5433474
2020-10-01,664.6112060546875,666.914094457601,644.6930510940704,644.9758939644757,10104719
2020-10-05,679.7619018554688,687.5998795623012,664.0859464418038,664.6515828509255,8551125
2020-10-06,684.7313232421875,690.8319994081062,672.6915390323197,690.8319994081062,4902535
2020-10-07,683.8828735351562,685.3373812454323,676.5297481941858,684.4081179103915,3943817
2020-10-08,695.155029296875,717.1740631421928,693.0137583490222,696.5287036573915,11398839
2020-10-09,690.1856689453125,696.8923743991439,682.9941111062044,695.3166904547635,5306496
2020-10-12,692.4077758789062,698.7912464319076,685.539452938905,695.7207119224756,3343240
2020-10-13,701.53857421875,710.9926283153369,687.6403112947587,692.4077550371002,7327471
2020-10-14,685.9031372070312,706.0636981286989,683.2770133217308,702.1851250233865,5346616
2020-10-15,656.4500732421875,693.5793788869131,651.8442469025272,689.2563954308681,8893099
2020-10-16,664.813232421875,669.2978332417418,645.4607133919147,657.0964797579637,7978964
2020-10-19,665.9444580078125,676.0044904530855,660.6517702840312,669.0553842093171,4558879
2020-10-20,686.7110595703125,689.1756148714512,662.2679106043084,663.0759485866557,7382532
2020-10-21,683.519287109375,692.6501056194521,673.8632242308378,687.7210447821751,4818496
2020-10-22,676.6914672851562,689.9837029230762,669.7019185031601,682.6709191971954,3962610
2020-10-23,685.418212890625,692.8521721308434,673.5400447840365,678.7518995910698,7356677
2020-10-26,661.985107421875,690.6300633437284,657.7429080761749,670.6715156059277,9770648
2020-10-27,669.5807495117188,673.7017238370838,659.359048457044,667.7626639001644,5479538
2020-10-28,649.9049072265625,675.8833468029303,647.2383918803132,670.6714922105617,6829067
2020-10-29,675.0433349609375,679.3659829629257,656.2419831627712,663.0826666075731,6477299
2020-10-30,682.639404296875,687.1299316137395,673.742366145944,677.0997467658519,6189261
2020-11-02,683.7725219726562,692.2918441963518,679.3659600960535,689.4381015282883,4433983
2020-11-03,678.2747802734375,692.4597334876144,675.0852790196492,689.1023529616137,4599741
2020-11-04,694.0123901367188,701.6924173495306,682.0517239318972,684.9055174129389,5017595
2020-11-05,705.637451171875,713.1915572362661,699.8039923540164,701.6925188701142,4269675
2020-11-06,714.4086303710938,716.8007435080725,691.7043035421362,700.8531859827173,4123331
2020-11-09,732.5385131835938,736.1057302343303,717.8499723864435,720.9975168429758,4297119
2020-11-10,689.3541259765625,731.9089331377057,687.5075564956701,731.9089331377057,6889383
2020-11-11,702.9515991210938,705.595556970808,681.9260122828474,688.2630582439366,5387431
2020-11-12,707.7776489257812,711.7645375500297,700.4753374101949,702.5317428412438,3150886
2020-11-13,704.0846557617188,709.8342007538957,699.4682574552343,703.3712328789051,2839192
2020-11-14,705.17578125,709.2046273412178,703.3292118495708,708.4072392785828,214282
2020-11-17,709.4564208984375,718.8990529423386,697.4118396275956,712.2262493854037,3635434
2020-11-18,701.7764892578125,709.1627678754754,696.7824263866497,708.4073367165348,2772377
2020-11-19,690.6971435546875,712.604031450201,688.2630221309361,699.1745090671583,5593368
2020-11-20,702.9935913085938,709.2047665392463,693.6349226763471,695.8171997954588,6063818
2020-11-23,726.6630249023438,729.7266550284658,702.3220168490167,703.3711982306255,6251814
2020-11-24,736.6513061523438,747.0171984707587,725.4460174375444,730.2302951343371,7068121
2020-11-25,723.725341796875,738.6237179254856,717.8499258588314,734.4269922554545,4445185
2020-11-26,719.36083984375,728.509723606072,710.6736369548786,727.2926627416063,5169423
2020-11-27,735.9797973632812,743.6178692055204,717.8919190595248,725.1942323394107,16482729
2020-12-01,761.5377807617188,767.287325296877,731.6151594004544,755.4105719242449,5821698
2020-12-02,762.712890625,765.9023917089447,744.666971258707,752.9344998719062,5516684
2020-12-03,768.1266479492188,772.7010375175516,757.8866280273197,766.3220355882671,5705020
2020-12-04,774.799560546875,780.0035112135879,761.3280798647512,768.0008846824962,4302626
2020-12-07,792.5935668945312,798.0912670481428,767.1614206357777,768.4204382845236,3973325
2020-12-08,782.5214233398438,795.0276857714161,774.463730904044,793.1811163129239,4399638
2020-12-09,780.17138671875,788.732718260555,777.1497644002621,787.3058211319931,4157078
2020-12-10,778.32470703125,782.7732258499008,769.7633766988213,776.3942235321631,2608358
2020-12-11,771.6939086914062,781.4302914007084,769.2178303900356,774.0440647354212,2398423
2020-12-14,763.3004760742188,775.7647306708028,760.4886391717572,775.5548943898532,3239051
2020-12-15,778.1148681640625,779.4578510677612,754.1096186892985,755.7043436486438,3490143
2020-12-16,773.49853515625,784.7877379968771,769.6795248589693,784.7877379968771,2799394
2020-12-17,780.6749877929688,782.8992731723938,765.818618017951,773.4985962317272,2706570
2020-12-18,783.7804565429688,794.8598222842901,779.1640584198815,784.7876809248271,5563979
2020-12-21,761.1600952148438,792.8873814691674,747.0171505529408,779.0381871049836,4187948
2020-12-22,792.8873291015625,796.4545455961281,758.0964662204173,763.8040023658109,5537682
2020-12-23,795.8251342773438,805.5615176455744,789.8237958890186,794.4821512830465,5456681
2020-12-24,795.0696411132812,802.4139106933723,784.6197844362684,798.2171852190345,2510775
2020-12-28,794.94384765625,802.7917563025371,792.5517342401242,795.0697699327061,1870669
2020-12-29,810.5136108398438,812.6958875933004,792.2158467996162,795.6991494329448,4392641
2020-12-30,825.2861328125,826.7549868500508,812.3182397779242,814.1648093853292,6389605
2020-12-31,816.8507080078125,827.9300742036397,813.0736548430688,824.1949780503696,2859399
2021-01-01,820.837646484375,823.565518377391,815.1720663988802,819.2009131026523,1268291
2021-01-04,840.9818725585938,843.5418649875191,818.3615108087872,823.0618230969925,3515825
2021-01-05,842.5765380859375,846.0178836517531,832.0427675776021,841.4434427197342,4040321
2021-01-06,836.9529418945312,861.1680262339459,825.3699391545231,842.7024350281497,4677359
2021-01-07,834.9385986328125,847.7386123338936,829.7766054025186,843.9615591106239,3354950
2021-01-08,882.2357177734375,889.7059105329458,843.9196401943568,845.8501239052606,9279370
2021-01-11,904.4781494140625,907.7936236318501,873.3384704779806,891.4683019441838,6488791
2021-01-12,893.231201171875,904.520456602435,883.8305750702632,904.4784483550054,4257926
2021-01-13,897.8056030273438,905.4436237649604,881.3544577942165,901.4567341122294,4671772
2021-01-14,883.4946899414062,893.0632452032663,864.5255099242146,893.0632452032663,4765344
2021-01-15,845.4723510742188,892.0560576728536,841.5694269026552,880.8927263034624,6063896
2021-01-18,837.8763427734375,850.9281503388212,832.5884782790824,837.6665064742205,4659705
2021-01-19,833.0499877929688,846.4375519988782,828.6014691368122,844.8847328707989,4416027
2021-01-20,855.6704711914062,858.9858949649417,836.8271612758416,836.8271612758416,4687853
2021-01-21,843.2901000976562,867.3373084106323,834.7287691425888,861.1681419208609,3911527
2021-01-22,823.2716674804688,843.5418732855738,818.3615188591388,843.2900799872219,3922421
2021-01-25,815.8854370117188,837.5825397227185,807.6179078348149,827.4683897534668,2751784
2021-01-27,836.9110107421875,843.4579437563503,817.2284083776893,820.8795392105744,6975618
2021-01-28,823.901123046875,830.9516423220371,809.9680149906725,830.9516423220371,4274190
2021-01-29,806.9463500976562,835.9037542701144,802.4138663440577,831.0355120053026,4425911
2021-02-01,790.4532470703125,807.3660713088491,773.1627585208319,807.3660713088491,6321189
2021-02-02,803.4212036132812,816.5989329731384,786.8860935874509,801.5746340010833,4971530
2021-02-03,823.7752685546875,839.3451101011518,805.8552197162919,809.9680312476115,5640121
2021-02-04,813.4932861328125,829.2729638632458,809.3804746258775,829.2310068539015,4232910
2021-02-05,805.2677001953125,823.2716114001581,797.4197928625933,816.1371781319909,3077720
2021-02-08,824.6986083984375,833.4697759033535,806.2330141689573,813.9969571972615,3713579
2021-02-09,818.4454345703125,839.177270003421,811.8565956402958,821.3831425927897,3086774
2021-02-10,818.2776489257812,822.7681252152884,803.7569361071642,818.7812355496188,2776301
2021-02-11,827.2584838867188,829.8185273443447,816.5568342004094,818.36144660012,2070435
2021-02-12,831.9589233398438,846.8992567713647,827.8041545993641,830.95169891343,5863879
2021-02-15,821.8867797851562,835.9877680362406,820.4598827865715,835.9877680362406,2487825
2021-02-16,828.2656860351562,839.3450509536558,817.1024071033838,830.9516004441192,3912433
2021-02-17,822.9359130859375,836.4913057057075,815.339850181049,830.112303441058,2227724
2021-02-18,848.2422485351562,852.3550605550178,823.8173234217134,824.2369960266149,6742595
2021-02-19,834.2671508789062,855.4606166477911,816.3891088128489,850.8022611504441,4357699
2021-02-22,797.9653930664062,848.5778921126747,790.5791664670247,838.463793951111,5946290
2021-02-23,793.8106689453125,808.0795363754688,781.4303280867946,799.0565760887523,4120032
2021-02-24,805.8132934570312,809.044802991973,786.1726478689011,797.3778850245262,1686531
2021-02-25,803.9247436523438,813.3254192184276,799.2663884940636,809.1286936290652,3682791
2021-02-26,771.232177734375,796.4125292028257,768.0007197877463,793.181071256197,5254937
2021-03-01,785.6270751953125,803.2533236772587,777.5273738534501,785.1654456000314,3429569
2021-03-02,811.7305908203125,815.0040570614036,790.6630502078705,792.7614128676578,3703190
2021-03-03,819.2008666992188,822.7261265764189,806.9884050081706,816.0113653739663,3203532
2021-03-04,812.5280151367188,834.8965825800916,802.0781583787323,805.7712973165904,5134954
2021-03-05,805.5194091796875,823.3135334793609,803.2531674269296,810.1358066936353,2618145
2021-03-08,812.90576171875,822.5582307530976,807.4500183515102,808.2893634849316,2880739
2021-03-09,829.39892578125,838.086127542874,807.0723141795763,816.6828263387246,2814747
2021-03-10,846.6893310546875,853.4460485559783,833.4696463319005,841.0237518877788,5268496
2021-03-12,842.0729370117188,859.9929336693602,836.113607538146,839.3450655486855,4674919
2021-03-15,861.7136840820312,864.4834614901586,841.0238064748332,843.5418418235603,5203101
2021-03-16,861.6296997070312,877.1155748535763,857.0552077215619,866.2040892333882,4797715
2021-03-17,856.1740112304688,875.6048207428937,852.4389150617388,859.4894348236012,3477295
2021-03-18,836.1556396484375,868.722220870923,821.38313443019,867.8828757299849,3738712
2021-03-19,830.489990234375,839.9745792849106,818.4873659723931,832.6303099181927,6208000
2021-03-22,850.71826171875,853.9497712656865,821.1313453488083,830.8677797714058,3873143
2021-03-23,850.9700317382812,857.3910424155968,839.8067518577838,850.7182384475075,3782337
2021-03-24,832.7562866210938,850.5503622951486,828.6434750149889,842.4926695834846,2749823
2021-03-25,813.0736694335938,836.7432132699807,809.212650947055,833.2179533403805,3654840
2021-03-26,831.7910766601562,837.4986136607511,820.040244093817,820.7956752506218,2761824
2021-03-30,853.530029296875,855.9640992824509,832.210643849158,832.210643849158,4300037
2021-03-31,832.1687622070312,858.650091538882,830.2802356127376,858.650091538882,3780505
2021-04-01,832.7562866210938,845.892007095294,827.5942936082847,839.345125363372,3555291
2021-04-05,837.4146118164062,845.388390221658,821.0473824582579,832.6303345273433,5118272
2021-04-06,832.0848388671875,846.0599568607311,829.7346825662652,844.3812664701344,2395572
2021-04-07,841.3596801757812,844.0875521769512,824.3209310002037,832.6304692802101,2974419
2021-04-08,863.68603515625,881.1863585254657,843.5417544528973,846.0597895408164,6737118
2021-04-09,883.8305053710938,887.0200581500079,853.2363622469504,863.6442121042741,6029994
2021-04-12,872.7930908203125,888.9085802298137,853.44619409335,882.1518103467403,7896295
2021-04-13,840.8978881835938,881.5222124932452,825.0762531595906,877.1156506121793,6448995
2021-04-15,833.5955810546875,845.8919556557697,814.4165153686959,840.8978422176425,4373215
2021-04-16,847.9903564453125,850.6762710497437,835.9877315890919,837.6664218131665,2660763
2021-04-19,839.4290161132812,847.2349665464113,825.3280286439989,838.5896710111864,2777425
2021-04-20,825.4120483398438,845.6402461428501,816.9765885237015,835.9877768320383,4028636
2021-04-22,812.3181762695312,827.1745947623158,806.3168895516092,817.1863675960409,5085190
2021-04-23,797.5457763671875,814.9621883299495,793.5169298699069,811.2270921450349,3916517
2021-04-26,807.6178588867188,814.1647403674732,786.4663522931158,798.2171835973887,5053998
2021-04-27,813.5352783203125,828.9372411735253,792.4677357625217,808.0375778899307,10497935
2021-04-28,820.3759155273438,822.5581922803456,812.4860511503821,818.3614668095274,2968625
2021-04-29,819.9563598632812,826.7550356033196,814.626487017845,826.7550356033196,2747579
2021-04-30,806.1070556640625,819.9562498335148,801.9103301581679,817.3542492821244,3129105
2021-05-03,803.8408813476562,809.9680908564085,801.5746391376892,805.7713649970489,3506839
2021-05-04,806.1070556640625,814.0808341252623,802.0781581947562,809.1286775364829,4064221
2021-05-05,806.1070556640625,816.3470249147979,800.5253902493989,816.3470249147979,3041045
2021-05-06,820.837646484375,826.5032265698698,803.9667772698291,809.9681159262905,4620827
2021-05-07,823.3555908203125,826.1254194203107,815.9273559049086,822.5582027248204,2002597
2021-05-10,831.371337890625,833.1759503829184,816.766712371747,826.7549397498896,2036101
2021-05-11,820.0820922851562,828.3916289891051,814.5843923099138,825.9155507809945,2029457
2021-05-12,807.7437133789062,820.0401392338574,797.7135807045745,820.0401392338574,3070622
2021-05-14,799.2244873046875,811.1851560697448,790.1595696444516,808.2894049649234,2090820
2021-05-17,800.1897583007812,804.0507771147225,791.5025556211565,800.7353531946801,2281200
2021-05-18,814.794189453125,821.718785964058,803.295152273907,806.0649806323692,2000985
2021-05-19,820.5858154296875,827.8461203194366,807.9536297993693,813.3254593103755,2152740
2021-05-20,816.7667846679688,826.5871336461493,810.1359883984501,826.5871336461493,1769194
2021-05-21,822.9779052734375,827.5943035182145,815.7175493602817,819.9982402886301,1534262
2021-05-24,825.6639404296875,834.3091863400133,818.445540474115,822.3904734320993,1830838
2021-05-25,833.1759033203125,840.7719659496317,825.7476687211645,830.9935754029536,2719646
2021-05-26,845.8920288085938,849.4172886715223,833.4697308802586,835.6940160113913,2013788
2021-05-27,855.9641723632812,866.2041934229142,845.1366506832321,845.2205647062738,6393813
2021-05-28,861.3779296875,867.043509249391,849.9208483038518,856.1320226857491,1839013
2021-05-31,857.5169677734375,866.2041693286593,850.2566119476083,860.32875345143,1801746
2021-06-01,864.9452514648438,866.2042692981258,850.550460412491,860.0770081924993,1262702
2021-06-02,853.5719604492188,860.0768333694,834.3089812695684,856.2998318668507,5252186
2021-06-03,851.3897705078125,856.7616002000108,845.2206038710858,853.5720987332027,2024676
2021-06-04,855.4605712890625,861.9654448515777,848.577930940566,855.7543215942994,2315912
2021-06-07,868.2186889648438,872.0376481211833,855.6704680715297,860.2868154078982,1745475
2021-06-08,887.8173828125,890.4613406769182,870.4429782048322,872.0796603565941,4517995
2021-06-09,883.200927734375,893.440897507066,878.1228486297532,887.8173260261678,2163655
2021-06-10,893.8187866210938,901.4568079846294,886.7682659550848,889.4541297996891,3934077
2021-06-11,900.6173706054688,908.5072357232881,885.4252434663912,893.8186951961719,4988857
2021-06-14,897.4697875976562,905.947152988213,888.0271548078749,900.6173318609167,2757666
2021-06-15,895.4553833007812,917.4042802130753,891.090829355697,897.4698322212541,3484298
2021-06-16,897.3858642578125,904.7720399100956,885.5091102026071,898.0992871249191,1881596
2021-06-17,906.7026977539062,910.4377430974955,887.2299291213694,889.6639483560846,3161931
2021-06-18,898.686767578125,916.2291008549878,885.5090903452605,914.4664966172145,4396398
2021-06-21,892.1399536132812,898.1412917472342,885.5091066357485,888.8664871348413,1074790
2021-06-22,887.3557739257812,899.7781248419564,884.4180654957935,890.5873351660789,2437289
2021-06-23,886.72607421875,891.6363249341471,871.6178626861237,889.7057902546647,4130539
2021-06-24,906.4928588867188,908.423393921706,883.4108647946958,886.8102539991753,3617010
2021-06-25,914.4666137695312,925.9656022568671,903.9747985587748,912.7040093059508,3200049
2021-06-28,927.5604248046875,929.9945465465014,907.416138597904,915.7256771500298,2143755
2021-06-29,913.3333740234375,931.1694570658001,909.0107263472298,930.8336985402381,2956332
2021-06-30,919.460693359375,927.4764813081811,909.2627307584527,913.375440427715,1917370
2021-07-01,910.8153686523438,922.7340282574432,907.3320659462026,919.9222426244571,1459518
2021-07-02,914.382568359375,921.1812431472715,902.2959784813821,912.3681196365231,1669409
2021-07-05,902.002197265625,919.0408406601215,899.1063953073296,917.4041587621698,2597359
2021-07-06,880.934814453125,902.0023589311272,879.4239520772132,902.0023589311272,3865594
2021-07-07,877.87109375,889.2861670494665,864.6093996852925,880.9347239725754,3713891
2021-07-08,889.831787109375,892.5596588647936,877.1156875115216,880.4730681335753,2171947
2021-07-09,882.78125,897.0921256045193,880.4730508676016,885.6769497460867,1889035
2021-07-12,886.8521118164062,888.6147162326318,878.0389872761484,887.1878703859564,3224820
2021-07-13,881.4384155273438,891.3846360307755,879.6338027874319,891.3846360307755,1908081
2021-07-14,905.2337036132812,906.4927212817281,879.6336776881955,884.6697483619829,3173326
2021-07-15,933.7294311523438,939.8146832292784,903.4711012659548,904.8140329566266,5922995
2021-07-16,925.9236450195312,938.639744840183,909.0528275899436,933.6875878440621,2323939
2021-07-19,918.411376953125,932.050734969459,911.6127020644994,913.2074782628486,1409001
2021-07-20,912.5359497070312,925.1261261790329,910.6055174567955,919.8802193156989,1230858
2021-07-22,964.0718383789062,967.3453050222168,906.4927804112748,906.4927804112748,7309727
2021-07-23,974.7587890625,983.8082738415948,961.0552624984718,968.6826643423102,2840803
2021-07-26,965.4507446289062,981.2658814066809,962.3050553866332,974.7588285760926,984581
2021-07-27,966.0108032226562,971.9144928884992,951.5316926414989,965.450576055756,1397105
2021-07-28,964.8905639648438,974.5001705848204,953.643305312389,968.7257796395168,2533035
2021-07-29,972.0009155273438,983.6789973181784,961.0552848444071,972.7765015037046,3821405
2021-07-30,1042.457763671875,1066.3742630097252,1012.6806025936572,1021.2991609136033,20425030
2021-08-02,1043.4486083984375,1046.2927741671906,1030.3915792784999,1042.8453515175456,2385223
2021-08-03,1056.8505859375,1060.0825449159022,1042.8454303644241,1043.707286091998,2603616
2021-08-04,1048.447509765625,1060.427325616513,1046.0342716060936,1055.9456126355262,1938175
2021-08-05,1075.7681884765625,1080.7669933675975,1048.8783340736572,1048.9214689392827,5790873
2021-08-06,1089.9027099609375,1097.1423189672423,1071.3297825323118,1079.0433490549783,3894726
2021-08-09,1109.5963134765625,1126.2733089630613,1091.1095468858298,1112.1388514533107,6585101
2021-08-10,1140.278076171875,1146.0093316583764,1105.2436255278778,1110.069995772449,6314469
2021-08-11,1140.7520751953125,1143.466941434009,1118.990220836007,1140.2781177294987,3430349
2021-08-12,1195.0059814453125,1202.1162904855496,1135.7102712451463,1140.2350133616608,8613315
2021-08-13,1192.0758056640625,1197.9794965300225,1177.2087939265496,1189.4471035349193,4760344
2021-08-16,1178.889404296875,1206.5549537152165,1172.339321428804,1191.0415497190993,2912430
2021-08-17,1218.4052734375,1231.419377737741,1181.1731519562595,1182.4659354133441,8042970
2021-08-18,1217.3712158203125,1228.1444124204922,1210.2609060641937,1222.1114223243915,2939739
2021-08-20,1205.9083251953125,1223.8349639328976,1181.302410699584,1181.302410699584,4051399
2021-08-23,1220.3875732421875,1243.6145404100123,1214.3545838264422,1219.9135105624416,3987240
2021-08-24,1261.1966552734375,1264.34244996335,1223.8352276400526,1225.472774690268,5366923
2021-08-25,1260.9810791015625,1273.8227503323749,1249.6907902448872,1260.8949145712209,3105863
2021-08-26,1249.259765625,1264.1267755988056,1244.5195595463952,1258.136920909546,1993944
2021-08-27,1245.7261962890625,1255.8098654629412,1233.4877827507846,1249.5614119064549,3097939
2021-08-30,1223.1455078125,1253.999982453252,1220.3014472651503,1249.6907041630348,2742699
2021-08-31,1247.6656494140625,1253.1384130513918,1212.5880529946744,1227.9722641705791,6392991
2021-09-01,1237.8834228515625,1265.419671248163,1230.2990503706812,1249.6908042294135,1829925
2021-09-02,1239.176025390625,1251.8883955073245,1224.8691382462448,1237.624643225794,3860958
2021-09-03,1242.7530517578125,1249.4324348690611,1228.2308011315338,1244.5198984055303,1919590
2021-09-06,1259.3004150390625,1265.1179407273794,1237.7108887351797,1247.9669921011657,1801171
2021-09-07,1236.935302734375,1269.4273269090252,1234.4360052807083,1266.0229336482403,1940043
2021-09-08,1230.6007080078125,1243.0976163463731,1223.7058620279172,1241.244605447876,2256454
2021-09-09,1235.2548828125,1239.262533510332,1218.6641578907204,1228.6616645943905,2303457
2021-09-13,1232.022705078125,1240.8998607407086,1224.1367044974015,1237.6247670459513,1937241
2021-09-14,1251.45751953125,1255.7236628507278,1232.0226328381025,1236.7628388406276,1554999
2021-09-15,1262.489501953125,1275.5466389267847,1239.3055588933914,1242.8822816588113,2410087
2021-09-16,1248.268798828125,1266.0661417394508,1241.0723241012997,1262.4894192084523,1800078
2021-09-17,1251.0267333984375,1268.6516410847846,1238.1419270444708,1250.5526706617,2861623
2021-09-20,1233.573974609375,1286.8797229571833,1229.3077262228314,1241.072076321021,2526342
2021-09-21,1259.7742919921875,1263.86810610374,1224.179718735932,1240.2102118997723,1713705
2021-09-22,1304.5047607421875,1316.8293392807893,1255.2928215299903,1261.756739251566,5145820
2021-09-23,1311.3134765625,1319.5011058936493,1296.2310014788038,1314.4161361097467,2015302
2021-09-24,1305.495849609375,1334.0232506653995,1302.307025777957,1318.639148309849,3592146
2021-09-27,1262.1015625,1314.3299991289027,1257.6198495427052,1312.6062876546355,2728552
2021-09-28,1218.7071533203125,1262.6186612658364,1213.8376473395597,1262.1015688623493,3995669
2021-09-29,1202.59033203125,1214.3115485301012,1183.112414218998,1206.5979820845728,7948104
2021-09-30,1189.8780517578125,1208.8820135170026,1186.7753920357209,1196.2558054797246,3856630
2021-10-01,1181.81982421875,1192.8084862123974,1176.260896116533,1185.0517836286463,2661824
2021-10-04,1205.779296875,1211.381359100188,1182.509192247296,1193.4115830276405,2538936
2021-10-05,1217.8453369140625,1224.6970481973194,1190.2228174246998,1205.8223858079095,2481825
2021-10-06,1194.230224609375,1229.7817678541908,1189.3175846004478,1226.334345478936,2769341
2021-10-07,1221.4217529296875,1226.6791564218186,1185.6117147394782,1204.8310321041229,1956325
2021-10-08,1241.0291748046875,1247.1053000702777,1222.54241060794,1222.54241060794,2665924
2021-10-11,1206.7703857421875,1236.288945342963,1194.1873127639872,1223.835171769378,3073366
2021-10-12,1184.5775146484375,1209.0542373604442,1172.9855976654012,1205.7361139852287,2965629
2021-10-13,1208.450927734375,1215.2164735849217,1186.7752369691043,1195.3076289952473,1738985
2021-10-14,1233.14306640625,1257.964445203023,1215.6473551916652,1234.1772510701628,4328124
2021-10-18,1275.244873046875,1281.5363568558282,1223.835156859916,1223.835156859916,3579606
2021-10-19,1326.482177734375,1352.9412126618483,1273.0040910086398,1291.059927078235,8645334
2021-10-20,1326.654541015625,1358.7155314542981,1306.4009317614696,1330.7052207836575,5159270
2021-10-21,1313.68359375,1332.5582552395708,1272.142189732258,1332.5582552395708,4261416
2021-10-22,1307.822998046875,1346.1755798688596,1278.7785006375218,1319.501185830528,5223521
2021-10-25,1313.5543212890625,1322.948569960803,1278.8215978533797,1319.5011469771919,3890467
2021-10-26,1347.339111328125,1404.8248467152055,1329.8433978414491,1354.7510496006828,16978043
2021-10-27,1351.260498046875,1367.8512210066283,1316.4846400531553,1346.089363617861,3624131
2021-10-28,1321.483642578125,1364.1885376516223,1315.192052668008,1360.008557739264,3054565
2021-10-29,1273.6934814453125,1329.6279398865754,1265.0318944020448,1316.3553404791064,3795495
2021-11-01,1311.873779296875,1318.5531615039372,1281.622662858548,1284.165095293274,2271900
2021-11-02,1297.4678955078125,1325.6263923753013,1295.2483542772034,1325.017131548248,2041689
2021-11-03,1304.387939453125,1338.4653201104409,1300.0792306171618,1303.9091586088832,2697346
2021-11-04,1310.7420654296875,1318.7065519945286,1306.5204848473843,1313.4839517886096,166444
2021-11-08,1354.568359375,1360.3133045841353,1309.3929527593166,1312.6135137064366,3050392
2021-11-09,1357.1796875,1368.3212772976926,1351.7830430300996,1358.7465100901388,2061369
2021-11-10,1363.620849609375,1369.4962746561682,1346.1687248894905,1354.3507132847317,1299996
2021-11-11,1324.756103515625,1357.8761377094654,1318.706633737077,1357.8761377094654,3027565
2021-11-12,1379.636962890625,1383.5103490860681,1332.8947310028393,1339.161809089733,3713868
2021-11-15,1374.5447998046875,1393.9989632739318,1369.4962440423744,1379.6368134806005,2448280
2021-11-16,1392.6064453125,1397.0456344890326,1371.803065392346,1379.723988237387,2864344
2021-11-17,1408.7528076171875,1414.4541885403166,1388.3411881364955,1391.3877048502745,2304359
2021-11-18,1364.6219482421875,1414.236651511079,1357.4408727690584,1410.2761370818441,2938804
2021-11-22,1341.5989990234375,1376.8515505962223,1323.0587256946396,1376.8515505962223,1951782
2021-11-23,1358.354736328125,1361.7493412136448,1311.1337295419999,1324.7994899259436,1823592
2021-11-24,1338.8134765625,1366.493298812169,1331.7629878774915,1365.5358434050315,1644163
2021-11-25,1357.3101806640625,1362.0541060257865,1331.8065480583373,1332.6334172133743,1557493
2021-11-26,1329.5,1349.1717736422913,1314.4850238094648,1343.9491732281922,1522173
2021-11-29,1337.551513671875,1345.254828058925,1287.719201212235,1318.7066091939641,1995524
2021-11-30,1341.7296142578125,1387.8625876323954,1328.7166765339744,1330.8927601837188,5662900
2021-12-01,1381.9000244140625,1387.8190139492788,1349.1717503026962,1349.1717503026962,2761193
2021-12-02,1418.501708984375,1420.9824227441711,1375.2846725487232,1383.9890059192846,2664202
2021-12-03,1386.8616943359375,1425.9876364260008,1383.7280488314425,1414.4543929145436,2400296
2021-12-06,1350.695068359375,1409.7104971247516,1346.429923322536,1397.916081704628,2911781
2021-12-07,1372.368896484375,1376.459891127066,1336.9857561023348,1361.3578922812835,1758254
2021-12-08,1396.8714599609375,1405.5757933199811,1377.0691015691134,1377.5913403198422,1604565
2021-12-09,1402.4420166015625,1410.1018717397974,1379.6367078441845,1386.6001738774673,1947954
2021-12-10,1395.0001220703125,1402.4422639535358,1374.022698196023,1402.268219773631,1776362
2021-12-13,1425.9005126953125,1441.0025111170312,1390.4738091346728,1397.0456238857355,3163063
2021-12-14,1429.86083984375,1449.2715462988103,1415.0200147887492,1427.5107122702998,2725454
2021-12-15,1428.9034423828125,1432.9945430986345,1406.5333465953445,1426.640336802824,1622068
2021-12-16,1438.52197265625,1451.578475407033,1429.4258786540831,1435.3448690694079,2225836
2021-12-17,1429.991455078125,1457.9759094567212,1416.1080851882118,1452.9273533581666,3405084
2021-12-20,1390.9962158203125,1426.0746200661997,1372.3253545848765,1423.158689262564,2233189
2021-12-21,1421.3740234375,1440.828292814885,1397.4806717078093,1397.4806717078093,2237445
2021-12-22,1444.701904296875,1446.3992070058937,1420.3297679388015,1431.8630110368185,1656110
2021-12-23,1465.6356201171875,1471.989719398716,1448.5315846722033,1453.6235981814873,1715034
2021-12-24,1500.4530029296875,1510.3758577969984,1462.632611337243,1465.243911303181,3343946
2021-12-27,1553.7237548828125,1559.8167892156862,1482.9140128508752,1501.0625295772606,4512000
2021-12-28,1572.0897216796875,1586.8000671957843,1545.9767200253411,1553.7235984336123,3605483
2021-12-29,1555.333984375,1585.0593078571856,1551.7652284911574,1567.2154221838894,1902921
2021-12-30,1566.736572265625,1599.8566059847312,1554.594068709864,1555.464502118996,4650594
2021-12-31,1558.554443359375,1578.095629139145,1552.3742817058785,1566.9540400004623,2378048
2022-01-03,1553.549560546875,1582.4479066597123,1551.9827379396409,1562.471502814896,1779147
2022-01-04,1557.9017333984375,1570.0878009325504,1538.0558094841087,1560.687077761747,2701533
2022-01-05,1512.421630859375,1551.939223109394,1508.4611162982183,1549.3279228503668,3138050
2022-01-06,1472.8603515625,1504.8487793746208,1471.032462652623,1501.4976319974999,4290750
2022-01-07,1483.0880126953125,1501.1060488647504,1475.4717200069722,1481.4777320634514,2103362
2022-01-10,1493.663818359375,1501.4977195046165,1468.8564647327769,1496.2751187411222,2330348
2022-01-11,1512.073486328125,1518.9063676481037,1484.089029707746,1484.089029707746,2704832
2022-01-12,1506.241455078125,1527.610637841297,1498.015901837534,1526.7402044294217,3013194
2022-01-13,1496.1009521484375,1522.3009759176182,1481.3035845291708,1505.849763607736,2768371
2022-01-14,1512.595703125,1520.4731682209535,1476.6903238967416,1492.3581257417998,1889385
2022-01-17,1499.2344970703125,1524.1288708545865,1497.1454356766926,1508.417505612279,2522806
2022-01-18,1445.572265625,1520.2554936696836,1436.2586707686976,1514.554112411561,4878369
2022-01-19,1453.7108154296875,1459.3686325893925,1416.6739376212965,1447.6177815653898,2610709
2022-01-20,1450.9254150390625,1456.4090815529005,1430.600816969609,1453.7107593393541,2440011
2022-01-21,1387.079345703125,1438.8265747494975,1382.9882445028054,1436.2152742508595,4079190
2022-01-24,1317.0963134765625,1382.2482318702616,1307.3473956958123,1382.2482318702616,3250275
2022-01-25,1306.17236328125,1329.7176296943787,1275.18495491102,1304.7796910659513,3910618
2022-01-27,1258.298583984375,1292.1584667070022,1244.7198433081935,1292.1584667070022,4434890
2022-01-28,1227.8768310546875,1290.7656408291389,1224.046903049443,1258.6466288423073,7080683
2022-01-31,1287.37109375,1294.8568002924555,1246.0255041941346,1250.8128882479716,4406035
2022-02-01,1310.655029296875,1318.66297369183,1283.8892035284016,1309.1317709198074,2542754
2022-02-02,1290.8092041015625,1296.945802244688,1256.035431301399,1288.1544459098184,9031146
2022-02-03,1265.8714599609375,1288.0675138323618,1261.3451420856848,1287.2841024449058,2433692
2022-02-04,1260.5616455078125,1275.1414053988208,1249.0719667819037,1274.3145361454406,2406272
2022-02-07,1257.1669921875,1275.837745968333,1248.2014857367146,1262.128420026664,2741520
2022-02-08,1248.375732421875,1267.4818122526822,1236.1896629413777,1259.0821073956636,1981111
2022-02-09,1266.3065185546875,1280.3639325810245,1253.467626252115,1253.467626252115,2282701
2022-02-10,1278.2314453125,1281.2779622063329,1262.389599966199,1275.184928418667,1850405
2022-02-11,1240.28076171875,1262.0850579555715,1236.8860496911575,1261.9980358531398,2426039
2022-02-14,1210.0330810546875,1234.9710206332968,1193.3642592462015,1209.902494786448,2149302
2022-02-15,1253.1195068359375,1255.6872429488824,1214.2981971680606,1222.1320980260928,1955525
2022-02-16,1256.9058837890625,1274.2709883660946,1243.7187959597113,1262.5637011329884,2164650
2022-02-17,1259.9957275390625,1272.0946650372953,1253.641522140976,1272.0946650372953,1669669
2022-02-18,1251.6396484375,1257.7762463277884,1233.4911335388795,1252.074865131731,2374188
2022-02-21,1234.44873046875,1253.4242230132243,1227.3982404651183,1242.2391739406253,2109461
2022-02-22,1229.5308837890625,1236.624831815767,1196.8460633395007,1201.6334475928588,2111878
2022-02-23,1230.18359375,1240.3240580795346,1226.614731728327,1237.7563219947497,1319711
2022-02-24,1160.2877197265625,1218.606757402241,1157.676419532129,1192.9289721569796,4108603
2022-02-25,1209.6412353515625,1218.6067417388426,1175.1720944789074,1179.4372393258084,1885454
2022-02-28,1227.3111572265625,1235.884905407435,1186.6183936802208,1201.1981538813166,4983140
2022-03-02,1213.688720703125,1236.6246182320192,1203.591715090766,1218.6066903829849,2160190
2022-03-03,1241.803955078125,1256.5577601763728,1223.0896351136719,1227.1371720777317,2730530
2022-03-04,1265.261962890625,1270.8327578745893,1217.3011040326116,1231.663255063386,3567738
2022-03-07,1239.584228515625,1274.3145436823747,1228.2251359872982,1242.9789401492014,3341715
2022-03-08,1272.5301513671875,1276.8388607365541,1236.0155103072786,1236.0155103072786,2365949
2022-03-09,1309.7847900390625,1315.224999334789,1272.5301942802937,1272.5301942802937,3667977
2022-03-10,1292.8983154296875,1328.2378925693029,1283.4541336623715,1327.4110232859389,2835942
2022-03-11,1294.160400390625,1298.5560252360674,1281.713160473194,1284.759677323215,1116432
2022-03-14,1308.261474609375,1313.3970532122844,1294.3345394172593,1294.3345394172593,1372791
2022-03-15,1269.6141357421875,1318.7066007434523,1260.3875629547979,1317.8361673436216,2188506
2022-03-16,1296.8587646484375,1300.8627371016482,1278.1444462491834,1284.0633297113839,1453944
2022-03-17,1299.9923095703125,1314.3108967924381,1294.3344923542381,1310.0022938756747,2346185
2022-03-21,1288.0673828125,1323.0587628547921,1284.9337375814246,1301.2979279394171,2110200
2022-03-22,1338.900634765625,1343.9056268955735,1283.9328496808455,1294.247464384793,3030660
2022-03-23,1342.3389892578125,1359.3558997455693,1331.0668121339704,1349.171870707028,3741783
2022-03-24,1365.3184814453125,1368.277870282474,1331.893814467271,1331.893814467271,2085571
2022-03-25,1332.2418212890625,1370.888977459345,1325.147768156168,1367.4508081899044,1755511
2022-03-28,1326.93212890625,1339.5534129663467,1320.0557901802163,1335.2448102198748,1928306
2022-03-29,1325.104248046875,1340.075766085076,1322.275339533578,1337.8561184422438,2311150
2022-03-30,1302.4296875,1335.5061604732928,1292.5937464563062,1335.5061604732928,3792481
2022-03-31,1305.1715087890625,1314.0064303337226,1294.5086980895987,1302.429728183903,2036984
2022-04-01,1294.421630859375,1307.9569142259916,1284.281059378523,1304.7798107142619,2537230
2022-04-04,1304.4749755859375,1309.392945318381,1291.4184751922319,1294.4214277811554,1675276
2022-04-05,1296.118896484375,1325.2348512062913,1288.24143171449,1312.6135669090886,3207223
2022-04-06,1270.266845703125,1289.9821816738527,1265.6100486867624,1289.9821816738527,2627895
2022-04-07,1278.2750244140625,1283.5846469545143,1262.7377030707796,1265.6101758201457,3336784
2022-04-08,1261.0404052734375,1291.2009442414058,1253.4241129206212,1283.8892823318863,5402943
2022-04-11,1261.4320068359375,1272.8782269887597,1249.6376983357434,1267.3074321278425,3268704
2022-04-12,1231.6632080078125,1254.81671420082,1224.2209602563837,1250.246939047434,2021088
2022-04-13,1227.702880859375,1243.5882921475018,1221.5663884703874,1234.3617183487775,1430399
2022-04-18,1170.34130859375,1209.9024654107648,1157.850503893619,1209.9024654107648,3968044
2022-04-19,1132.6080322265625,1185.3998454634436,1119.0728549999021,1185.3998454634436,2677360
2022-04-20,1139.5712890625,1149.7988808329542,1127.8640031119912,1136.2637061147102,3025261
2022-04-21,1142.617919921875,1148.101693027048,1129.3438101275894,1143.6625037892836,3728173
2022-04-22,1137.22119140625,1152.453775294202,1125.3397547228328,1135.9155413587112,1954666
2022-04-25,1105.7987060546875,1129.7790844986673,1099.0092824593266,1127.2113482533155,2686619
2022-04-26,1110.1942138671875,1119.1161560270373,1101.098227532678,1115.3733562392524,2568317
2022-04-27,1097.834228515625,1109.3674721452242,1084.7777262934371,1103.4920461452398,2382463
2022-04-28,1106.5819091796875,1117.984564286526,1088.2156813408276,1108.7579924540485,2576887
2022-04-29,1095.87548828125,1118.332709176565,1086.6053526935073,1117.6363200580818,3811317
2022-05-02,1071.6776123046875,1087.171370088608,1065.5845782049114,1079.3374691031818,2149957
2022-05-04,1055.66162109375,1082.7755352438105,1044.5200315885104,1072.765551607754,2797667
2022-05-05,1099.662109375,1102.0558014312164,1063.8002927071377,1073.1138883878725,3563713
2022-05-06,1123.511962890625,1130.6930387719713,1069.501525426867,1079.0762932686619,5745203
2022-05-09,1097.7471923828125,1114.1548420480942,1053.224499123589,1114.1548420480942,5712061
2022-05-10,1081.3394775390625,1106.712526667121,1074.9852710868768,1092.393939444559,2852416
2022-05-11,1065.80224609375,1101.6641696935874,1050.874396718801,1081.9488298616227,3244609
2022-05-12,1055.66162109375,1073.1137462024312,1041.9522956791507,1052.353931825424,3110220
2022-05-13,1047.0009765625,1074.5937839078263,1040.168094431489,1068.8924016417309,1892084
2022-05-16,1034.98876953125,1062.7990712780543,1007.0477752830949,1035.815638673943,3474480
2022-05-17,1042.953125,1053.2242803179493,1029.8531677451779,1040.8641701084055,4434968
2022-05-18,1020.1915893554688,1071.0683830925673,1017.1015080403615,1052.354063518012,5294021
2022-05-19,964.7448120117188,1004.3930948301332,957.4767145656037,1003.6096835401283,4393100
2022-05-20,984.3731689453125,987.7678805100451,970.3156480612257,981.8488907944047,2461651
2022-05-23,994.818359375,999.0835043083849,971.0990490994868,987.0714808231912,2783695
2022-05-24,956.0404052734375,1002.6085873820981,949.6427416925001,999.2574403877087,3666196
2022-05-25,922.7900390625,953.0376013121402,909.6029511042864,949.6864537957304,4711542
2022-05-26,938.8494262695312,948.3371714012769,919.134088880819,931.3637204216303,2946857
2022-05-27,977.7142944335938,980.2820304038794,950.5132512988955,953.1245514398265,3367600
2022-05-30,1013.1843872070312,1018.8422038022595,988.333473352517,994.8182653564115,2469771
2022-05-31,1027.3289794921875,1037.5565715354269,999.8233063969287,1002.7392369201441,9674664
2022-06-01,998.0390014648438,1041.9088698679977,994.992484301487,1032.4646879124093,2419021
2022-06-02,997.5166625976562,1005.6987576952585,985.0694226482542,992.2940622699199,3206663
2022-06-03,999.1705932617188,1028.8523530942468,995.8629036012369,1009.7028169114435,3229236
2022-06-06,995.9498291015625,1000.1279518196712,967.1385055262406,997.5166516843719,3938875
2022-06-07,983.8509521484375,992.1200697646851,975.4947061855961,983.676801709331,1656444
2022-06-08,978.5411987304688,991.6848282477013,974.7983988133748,987.8548999861923,1303551
2022-06-09,991.0755004882812,993.991431281928,967.6173616172913,976.6263265336974,1323539
2022-06-10,966.0504150390625,978.2800458903525,957.6942762787191,974.0149013005106,3119792
2022-06-13,915.65234375,944.0720146144996,913.9550411751613,941.1125198970224,2012004
2022-06-14,896.6769409179688,919.6564027155121,888.1902157160519,900.0280880802192,5775453
2022-06-15,887.8856201171875,902.6394775550922,885.9271448765907,902.6394775550922,3238141
2022-06-16,848.9336547851562,899.679909609801,845.1908019211087,891.3673346821765,5600443
2022-06-17,840.01171875,848.1067385201071,821.4279874261659,845.2778300485563,7043370
2022-06-20,852.4589233398438,860.1187797102625,825.2143687274022,839.968225384169,2985094
2022-06-21,870.5203857421875,874.4809000484543,853.0246963835036,862.9476579800039,3433536
2022-06-22,853.0247802734375,867.7786378637792,842.5795788823342,867.7786378637792,2719988
2022-06-23,862.6865234375,869.171262907553,845.4084416592941,853.9821894178419,2915172
2022-06-24,854.0692138671875,871.3037835762558,847.8020831201529,871.3037835762558,4056588
2022-06-27,876.7005615234375,891.4108546176031,866.9516964797829,866.9516964797829,3796002
2022-06-28,888.451416015625,895.6760028867768,856.550009433613,872.1743001871238,2755698
2022-06-29,888.799560546875,894.2833336971469,872.6530309290679,877.396903782267,3770663
2022-06-30,870.4334106445312,893.0646793212891,867.8221104125977,884.3603452148437,3264301
2022-07-01,879.7470703125,882.619489979926,861.1197738293661,867.8221218047202,1842102
2022-07-04,870.3899536132812,882.4454358480206,866.0812973378003,879.7471133583882,1814322
2022-07-05,873.21875,889.4958643198897,869.5629192934792,874.785519409356,3045188
2022-07-06,879.0506591796875,883.4028259186165,871.8260198914371,877.3968145680803,2188175
2022-07-07,888.4949340820312,893.8481209900649,884.3603752410911,888.6690313954791,1901699
2022-07-08,893.4999389648438,900.6374507734995,883.0982485823679,897.4168895009781,2841036
2022-07-11,877.005126953125,885.5353633112616,859.988165279728,883.489866152757,2892507
2022-07-12,868.1267700195312,885.056711050723,865.6460559666724,870.4334398860457,2013304
2022-07-13,861.7726440429688,874.0892988613406,859.1613436399537,871.6520957772683,2067142
2022-07-14,849.3689575195312,869.2148297325166,843.2759233147611,868.6925909086389,2212219
2022-07-15,847.6280517578125,860.7716282448257,840.0117593508982,853.0247495744055,2544737
2022-07-18,877.3968505859375,889.5829179551865,856.6805466836214,857.3768827650282,3946821
2022-07-19,877.1357421875,879.9646507193813,862.5994938751945,870.389883380706,2985845
2022-07-20,910.0382080078125,915.4348531098585,885.4484620716856,888.9301960095443,5574762
2022-07-21,925.4967041015625,928.2299988367632,906.0502845648197,918.5515581739061,4935223
2022-07-22,921.8672485351562,935.3094662705364,908.0218080249338,931.9937629863618,2985409
2022-07-25,911.6063842773438,922.046528423666,903.5410537700977,922.046528423666,2888919
2022-07-26,895.5654296875,929.52945878516,890.9055041165169,909.59016694812,5939871
2022-07-27,903.0033569335938,905.0644859442984,888.9786219168813,896.1478043516948,2546052
2022-07-28,930.201416015625,935.08537776639,909.9484976226022,915.1461439211503,3428026
2022-07-29,939.7454223632812,957.0858605994664,935.6679060726112,945.4359390753156,6185909
2022-08-01,940.5968017578125,948.9757626354906,930.0223223108413,948.9757626354906,2540084
2022-08-02,925.3622436523438,940.5071641242838,923.0322811319794,937.3706466641266,2802273
2022-08-03,943.3300170898438,947.2282381971933,918.2826200844703,920.7470265698462,3509019
2022-08-04,946.3770141601562,961.2977888749735,928.5883911952168,952.6051981803138,5360632
2022-08-05,948.3035278320312,957.0409686022025,941.3583826044593,949.916637577586,2641829
2022-08-08,946.8696899414062,954.2629088724257,940.1038400706584,946.3320231704847,2579239
2022-08-10,945.6151123046875,949.1549617411612,934.7270040778849,946.3320743000103,2823021
2022-08-11,965.375244140625,980.2961273002194,959.0573582193863,960.6704680610351,3201408
2022-08-12,955.2040405273438,964.6135932019021,951.7090419410405,961.8355566718332,1771561
2022-08-16,965.7786254882812,967.7949584249078,946.8251833984424,964.2552176933887,2222701
2022-08-17,989.795166015625,991.9459424423869,960.8495506311554,961.118438706888,4280823
2022-08-18,990.3778076171875,994.007140734688,975.098443182375,985.7626243608885,3041422
2022-08-19,989.481689453125,1017.1278292777923,985.7626539256138,994.7241325976648,4577717
2022-08-22,966.6746215820312,985.7626141403305,963.582955322173,982.1780228161838,2157609
2022-08-23,955.2040405273438,958.9678178399467,938.2668238345286,951.7090419410405,2875768
2022-08-24,959.7294921875,961.9251200466487,945.5255707029985,955.2936041057665,2180800
2022-08-25,959.4158935546875,976.4875543388129,954.8904124196065,967.8397054623217,2734931
2022-08-26,972.8133544921875,983.5671288266904,968.7358379664687,970.5281336888858,2624896
2022-08-29,928.005859375,938.804374279175,911.6511080100205,937.3705597375339,6118233
2022-08-30,964.3446655273438,968.2877378887949,934.0549342722496,939.1629331859853,4453769
2022-09-01,943.553955078125,954.3973205978605,934.7716636759741,946.3319911280194,6112823
2022-09-02,946.6906127929688,955.7416842201476,938.3116522548336,948.3036132908446,1645341
2022-09-05,954.4423217773438,959.5951719708706,945.25680621497,946.3321398894428,1677079
2022-09-06,953.232421875,959.7743449206606,941.2241282298334,954.4423089838762,3051076
2022-09-07,946.1976928710938,950.8128762129427,935.578362644969,942.747545500486,2615897
2022-09-08,976.442626953125,979.3999584683677,956.279301330223,958.8781518446723,2634786
2022-09-09,1009.6449584960938,1014.7529572886651,973.4405648610865,988.1374109180352,3394349
2022-09-12,1030.6595458984375,1044.0121697767654,1021.5636239998859,1021.6084751463628,5230075
2022-09-13,1028.2847900390625,1043.5193032418485,1024.3865688334295,1035.946897789447,2483685
2022-09-14,998.9359130859375,1005.3433917613779,981.281845109226,996.5163577730222,5179539
2022-09-15,970.528076171875,1007.539024403606,966.0473371313769,1003.9544331712076,3392174
2022-09-16,925.89990234375,962.4179267374923,921.2399773439757,954.3974473456558,6635089
2022-09-19,931.545654296875,942.6130579406966,916.8488082427311,928.4091369423401,2485826
2022-09-20,946.4664916992188,955.0246372898188,940.955161020349,944.5397521099503,2321528
2022-09-21,950.0512084960938,956.144948518894,938.2668418511577,938.4460276721315,2760138
2022-09-22,939.5214233398438,960.6704906204151,934.0100922100071,940.955238014399,3867282
2022-09-23,927.6026000976562,940.8656317838175,915.8630853634851,930.2014506920718,3230711
2022-09-26,925.631103515625,942.9715419232746,908.2906104114534,922.1361051452121,3314114
2022-09-27,916.3112182617188,936.4745458029303,913.2194970994277,927.4682157439679,4448875
2022-09-28,922.7633666992188,928.7676227303626,903.809873119974,910.4861853197431,1965519
2022-09-29,902.5103759765625,936.0263236617265,897.6264145026074,934.5476579975359,3176310
2022-09-30,903.8546752929688,912.9953940561381,882.3023310201213,897.0439736949726,3848885
2022-10-03,901.0767211914062,912.5026070145692,895.3862038561282,905.109386776052,2431236
2022-10-04,921.5089111328125,928.4092060693503,912.1889512782163,915.8631357170618,2715420
2022-10-06,924.197265625,936.4744466710305,920.6574161955383,926.1238958716604,2397633
2022-10-07,917.5209350585938,928.8123758526503,915.0117320706394,922.942673194354,1539126
2022-10-10,922.44970703125,925.7206683478735,899.2843085063805,903.4065664674628,1660433
2022-10-11,900.4940795898438,927.5129571775366,896.6406550548836,927.0648832851803,2310765
2022-10-12,910.3965454101562,912.9953411366304,894.5347188723599,903.137715623443,2192421
2022-10-13,907.7529907226562,914.9669700960577,898.8811049812148,913.0402303078429,1344162
2022-10-14,913.9363403320312,940.8656263154883,910.5309895255884,927.5130018022383,3492929
2022-10-17,916.9832763671875,921.1951274537761,902.8241514485869,913.1746480509788,1426207
2022-10-18,913.5330200195312,926.571903886311,908.6938003873822,921.5983496087683,2395805
2022-10-19,913.3538818359375,923.0322674877668,910.7550312430424,918.1034544089487,1304927
2022-10-20,933.4722900390625,935.0405485417081,902.4207498080731,905.1091929554656,1852905
2022-10-21,933.0243530273438,935.8919823812766,924.0180234054128,933.4724269509612,1202009
2022-10-24,939.29736328125,941.9858067523256,936.4744757580116,941.8513627001629,231316
2022-10-25,970.0800170898438,973.2165344661157,941.8513607033957,944.0021373543054,3097049
2022-10-27,964.1206665039062,983.9703637533141,956.3242237723707,979.7585125108618,2342818
2022-10-28,940.0142822265625,968.7358657595405,936.5193929820201,968.7358657595405,1542568
2022-10-31,952.9636840820312,966.3163094652788,943.6437241867613,943.8677611583157,2629847
2022-11-01,959.6846923828125,967.8396154118411,938.4011823216724,957.9819896993131,4709472
2022-11-02,969.6320190429688,984.5976450805881,955.6072826560194,959.7743922319959,4104485
2022-11-03,943.50927734375,959.9088273704007,941.0897218153173,958.8782354256786,3460133
2022-11-04,944.2261962890625,948.8413795573306,930.8735715549358,943.6436783127291,2531080
2022-11-07,944.0917358398438,956.996286428556,935.9815542474565,948.9756977402689,2588984
2022-11-09,937.8919677734375,956.3544089602739,934.5642587680459,954.5765887712395,2697639
2022-11-10,930.962890625,942.7241718949925,916.512063633889,925.4013873050459,3285774
2022-11-11,965.2437744140625,971.8994153031234,953.8472052852735,956.4000812879705,5299457
2022-11-14,971.3068237304688,979.6035042438751,962.2807182357102,968.2525652984807,2229790
2022-11-15,972.7654418945312,976.0021118182191,957.3117397563101,970.9876217528289,1577944
2022-11-16,972.6744384765625,980.1050244089141,965.517414743293,971.8994939720022,2335937
2022-11-17,965.1070556640625,968.1156829846744,954.8501439684459,966.429013098096,2089630
2022-11-18,967.2039794921875,970.9876625959685,953.6648780050546,966.4290350720438,1617331
2022-11-21,950.5650024414062,964.5144473792759,946.1887867334647,961.9615714120125,1475958
2022-11-22,957.9043579101562,959.955740154686,944.5931887156845,950.5649235841056,1696991
2022-11-23,951.8871459960938,965.1983173405227,949.4254201282859,962.7365914727148,1704144
2022-11-24,974.907958984375,976.4578475578975,953.6647138614013,956.6734520271781,2208145
2022-11-25,984.80029296875,987.3075380221704,966.4290024093108,975.5462571490212,1943246
2022-11-28,982.1105346679688,994.6923894278855,976.8225942415387,980.1047833501163,1749691
2022-11-29,979.6947631835938,989.6324829361826,978.099243424006,981.1078710510244,1233868
2022-11-30,981.928466796875,986.4870947764333,969.3466090554424,979.8770842060736,3909954
2022-12-01,1004.2656860351562,1010.1462712721207,992.0941722899324,995.0572803059235,4264917
2022-12-02,1016.3460083007812,1017.7592273536059,1002.9436878740025,1004.2656453404894,3418928
2022-12-05,1002.6701049804688,1021.1325461042283,999.479065773893,1021.1325461042283,2760688
2022-12-06,992.686767578125,999.3879277351579,984.7091694638915,992.8690681600324,1838107
2022-12-07,982.8856201171875,991.3190801369398,979.3753882624711,990.1337925892946,1478573
2022-12-08,979.3299560546875,986.8516913372971,975.8198351817261,982.931227217606,1110431
2022-12-09,943.909423828125,980.7430437889915,939.2595348943544,979.1475242161208,3138360
2022-12-12,940.9918823242188,952.2061506831403,931.6011206436754,942.724183062658,1689393
2022-12-13,953.4369506835938,954.9868395304726,939.2140550073856,948.0577479235627,1983827
2022-12-14,971.0787963867188,973.7684533569014,958.2234892466149,958.2234892466149,1983937
2022-12-15,932.4672241210938,966.4289978668877,930.1879104468794,966.4289978668877,5184673
2022-12-16,930.6893920898438,942.2683172287934,921.7544931962362,925.4013952464686,2994364
2022-12-19,936.0684814453125,937.3449193430274,920.6147794792031,929.914390262725,1529622
2022-12-20,928.0910034179688,934.5186571989975,915.3724212954083,934.5186571989975,2149130
2022-12-21,935.4758911132812,939.5786554129543,930.1878392758609,934.0626722255521,2037666
2022-12-22,926.17626953125,943.6358340333986,923.2131618398408,939.077206815846,1925482
2022-12-23,907.8507080078125,925.8572874536114,905.343462768524,916.329744414853,1504806
2022-12-26,912.63720703125,917.6516971797734,905.3434031788524,912.0445632093199,966423
2022-12-27,920.4324340820312,923.2131856269249,905.5257449554771,920.569215161004,1615647
2022-12-28,926.5409545898438,929.4129119109623,913.7312236164878,916.5575501489353,1077963
2022-12-29,923.7601928710938,926.0395063870375,918.107484222093,920.8426604412255,1977329
2022-12-30,926.6777954101562,936.9347070079045,925.4013574857358,932.4672299197402,1317151
2023-01-02,920.3869018554688,931.6466896390564,916.4664932940158,928.045418394319,1348611
2023-01-03,933.424560546875,934.336341698849,919.0648838483966,923.5779362259515,1439615
2023-01-04,930.2335815429688,938.4846867652514,922.7574207909306,933.4246210160193,1702044
2023-01-05,922.3471069335938,934.4729890780657,915.8282474726506,930.8717179388514,1376035
2023-01-06,899.0980834960938,922.3470826965681,898.0495769595029,920.3868507011352,2346808
2023-01-09,925.6292724609375,930.8716938513836,907.5315443545808,909.8564331461,2190779
2023-01-10,914.1416625976562,924.5353006797336,910.859417165964,923.5779999632322,1411099
2023-01-11,917.514892578125,927.1792158231913,914.6885659166967,919.4295494286814,1294200
2023-01-12,913.1386108398438,924.0337410672362,909.2637776878597,920.8427020008965,1948321
2023-01-13,914.5974731445312,919.9310451513512,899.2348648197727,915.7827051852347,2837817
2023-01-16,943.1343994140625,944.3196870824834,914.6886083181283,919.2016606747765,4286551
2023-01-17,953.7105102539062,957.3117814854569,939.8978465764069,942.7241733866309,2466876
2023-01-18,955.807373046875,958.6793305327859,951.3855267817044,953.7104712452068,1138627
2023-01-19,960.3204345703125,960.958597849903,948.2855921848015,951.7501933172837,1768051
2023-01-20,954.1207275390625,964.1497079527554,949.8811817416237,959.591080491986,1160517
2023-01-23,971.2611694335938,975.1815221040605,954.8044804918976,960.5027645721786,1344952
2023-01-24,976.09326171875,982.201889118206,971.261183525331,975.5462486980288,1578750
2023-01-25,958.3601684570312,973.4491569241246,956.3999366044978,970.9875428825455,1049973
2023-01-27,939.16845703125,964.2865401904386,931.3276396416979,958.2235430870529,1651820
2023-01-30,944.6387329101562,955.4426574215779,928.501236682424,939.1683801150454,2654212
2023-01-31,925.4013671875,938.0287428946331,908.1241581189222,934.5186220366379,5797831
2023-02-01,933.3789672851562,943.1800162700798,914.7341699471659,928.1821208799679,1939670
2023-02-02,926.90576171875,952.0693635281796,921.8456406219406,936.615660656223,3860090
2023-02-03,922.0279541015625,936.2509047821484,914.4606438511983,934.0171106101311,2980262
2023-02-06,916.6032104492188,926.6778217561687,908.9903247724849,917.1958542839717,2003960
2023-02-07,913.959228515625,919.4295814552399,908.9903134660133,916.2841173854998,1697633
2023-02-08,921.8001098632812,931.0085713432826,915.6915375245302,918.5634952773742,2611176
2023-02-09,926.3131103515625,927.8630548349588,914.0959663616244,921.8000579856439,1782899
2023-02-10,927.5438232421875,931.4186562331736,915.4634615644073,922.2558269957141,1116554
2023-02-13,914.0048217773438,927.9542109203941,912.181370761329,925.4013906274353,1682312
2023-02-14,922.7117309570312,935.1567499667317,916.9678717489152,917.2413782545768,2440189
2023-02-15,976.82275390625,980.1049435513117,919.2928396452241,925.3102615242509,6712218
2023-02-16,1030.477783203125,1040.324463472881,979.2388527897496,980.1049475278561,14422445
2023-02-17,1029.5205078125,1038.4554632520994,1010.2831198215407,1010.2831198215407,5333732
2023-02-20,1043.1962890625,1054.7296390786264,1021.1325761317856,1029.7939685186177,4590531
2023-02-21,1034.306884765625,1050.2620800254078,1031.2071072936978,1044.8373581549256,3494288
2023-02-22,1026.329345703125,1034.124643207015,1019.3091039060549,1022.9560058878297,2674708
2023-02-23,1029.15576171875,1048.0284345521259,1024.825065708204,1027.5146113442765,2576193
2023-02-24,1020.2210083007812,1040.278972717776,1017.4858313348274,1036.6320700965043,1913493
2023-02-27,1015.616455078125,1019.5369187783916,1000.0259731464706,1011.1034589092209,2247105
2023-02-28,1003.1259765625,1035.2643002833163,999.934937327809,1019.3091041098614,3894204
2023-03-01,1027.4234619140625,1029.3380631561388,1000.1628479028204,1003.1259557019855,2084324
2023-03-02,1011.8330078125,1024.779465438088,1007.4566808799709,1021.1325634258528,1838692
2023-03-03,989.3589477539062,1020.7678466847092,986.8972221292015,1019.3091081448564,2388401
2023-03-06,993.8263549804688,999.2510768010983,989.2220970156859,995.6041750609484,2076844
2023-03-08,983.1135864257812,992.3219911104466,975.1815083213711,984.663475155868,2230530
2023-03-09,966.4290161132812,987.7177839734575,964.0129213140751,986.4869768250663,2550755
2023-03-10,967.5687255859375,969.1186144800995,949.1519142669559,952.7531856181905,1400844
2023-03-13,1033.7144775390625,1061.88670811913,1025.6912481468203,1025.6912481468203,13080169
2023-03-14,1016.8474731445312,1037.7715284087913,1001.4392902617484,1028.426342231598,4325522
2023-03-15,1016.02685546875,1032.255501569887,1012.5167347737435,1025.5999726158275,2583351
2023-03-16,1019.0811767578125,1023.5030231701264,1003.8554054386157,1008.3684021419286,2396839
2023-03-17,1027.6514892578125,1032.5291987545936,1015.8445764555439,1024.1868876050687,2507004
2023-03-20,1011.1035766601562,1036.4495900068146,999.2511451934456,1036.4495900068146,4007438
2023-03-21,998.93212890625,1011.8785872993593,990.5441870040659,1007.4111098105966,3354949
2023-03-22,1002.533447265625,1008.6420755609678,997.0175741636978,1000.1629829651075,1750203
2023-03-23,1002.3965454101562,1013.8387448269033,991.1367578681691,991.1367578681691,1720354
2023-03-24,1004.6759033203125,1019.3091425954568,999.8438247878219,1007.4567107048119,1943460
2023-03-27,1005.6332397460938,1015.3431387079148,993.871958382252,993.871958382252,1455300
2023-03-28,975.8197631835938,1007.0918783653788,972.0815999196267,1001.9862382637207,2431154
2023-03-29,985.6663818359375,991.4102968059125,971.0787743384648,980.7430420466178,1642278
2023-03-31,1004.5846557617188,1008.3683386040102,995.1026889083288,998.3393587444766,2281085
2023-04-03,1005.8156127929688,1007.4567633506665,989.3134020956523,1007.0920508606641,1508662
2023-04-05,1006.0889282226562,1016.5737697945281,1001.621451728765,1004.7213401915425,1947605
2023-04-06,996.2880249023438,1007.4110313145445,987.398701413167,1006.5449366206245,1355815
2023-04-10,1009.508056640625,1013.6108213774801,994.5557362296075,999.5702264635415,940829
2023-04-11,1001.3025512695312,1018.3974047512556,995.9689792421572,1010.1918750800279,1384483
2023-04-12,1011.9241333007812,1015.2063227724203,994.5101988781116,1005.633205224948,1376719
2023-04-13,990.9088745117188,1003.1260189280028,981.016674725318,1003.1260189280028,2725180
2023-04-17,939.0316162109375,946.3710508631264,913.5489334921509,943.6358744155451,4349422
2023-04-18,934.7008666992188,946.1430653682268,921.7544101057839,943.4535198664736,2735592
2023-04-19,924.3984375,938.1654692603507,920.8426860572928,934.7008681018958,1953837
2023-04-20,931.6010131835938,933.4244640043279,920.8882396117808,925.492441804674,1250758
2023-04-21,910.5858154296875,929.5952692675949,906.1183383566416,924.763135394025,4269272
2023-04-24,917.2869873046875,918.5178500966211,903.5199547535414,913.5489350787573,1625433
2023-04-25,908.9903564453125,917.2870365370928,906.619892318321,917.1958862427125,1984203
2023-04-26,908.3519897460938,914.0046982613097,905.0698006197367,908.9902086449135,1589700
2023-04-27,914.5974731445312,919.6119634798458,905.3434369031633,910.8137899962338,3543950
2023-04-28,933.3333129882812,936.0684335699287,894.4482020077827,895.268777135389,5146250
2023-05-02,960.4570922851562,971.7169901769967,930.3246341472689,930.3246341472689,4762884
2023-05-03,947.8297119140625,957.9954724723572,946.5989048721625,948.1032740543094,2217136
2023-05-04,953.163330078125,954.622179838242,938.0287098211037,941.8123927090118,1744298
2023-05-05,944.9122924804688,957.9498998296838,940.4904462421174,953.6648346697582,1222282
2023-05-08,951.248779296875,954.5765996347543,943.9094557899205,949.0606158353505,1487285
2023-05-09,955.3060302734375,958.6337393366249,948.0577457196515,955.8530433184397,1747630
2023-05-10,953.8015747070312,958.2234207551148,946.5077713140332,955.4882444827406,1186977
2023-05-11,951.8871459960938,965.335098437839,950.8841588121937,961.8704966807586,1451786
2023-05-12,953.9840087890625,960.5028687428245,942.7698512796126,951.8871067968677,1140016
2023-05-15,970.4861450195312,975.4551156743391,950.017952461785,953.6648543906209,2122222
2023-05-16,963.876220703125,977.1875029588645,960.0470178563057,975.4552021302084,1343911
2023-05-17,961.095458984375,972.264096369839,947.2827953875105,964.6055799037404,2803566
2023-05-18,956.12646484375,966.3833764775042,952.7987558827122,965.5172817907217,909923
2023-05-19,977.5064086914062,983.5237740652368,956.3999434479105,963.2835147274602,2624323
2023-05-22,1006.955078125,1012.4254305500597,975.6373327504549,977.3696332773114,2996190
2023-05-23,994.2366333007812,1020.4031099894762,990.4985811016269,1006.5449272481087,1414119
2023-05-24,1001.7584228515625,1005.952338017091,989.2221968545578,989.4501282363215,1782245
2023-05-25,1001.1656494140625,1002.8979499501703,986.0766606711211,1000.1627737230335,1200289
2023-05-26,1016.3460083007812,1021.4972796710745,1001.9863315743967,1001.9863315743967,2104054
2023-05-29,1015.7079467773438,1028.4721051469257,1012.1065638891488,1028.4721051469257,1432241
2023-05-30,1001.4393920898438,1021.8620671930994,998.3395028813328,1016.574014349485,2822485
2023-05-31,1017.0753173828125,1027.9247606380104,999.2510412442363,1001.4392044693855,7599886
2023-06-01,1021.8618774414062,1036.3582223310298,1018.9442893714995,1022.9559034084931,1412280
2023-06-02,1023.9588623046875,1038.6376202447443,1018.9443721746013,1028.426339406778,1907589
2023-06-05,1011.4225463867188,1034.3980931561528,1009.7358766620506,1024.8704959856038,1754521
2023-06-06,990.36181640625,1004.7214929157077,976.9594961819358,1002.8980419303798,3284841
2023-06-07,998.9775390625,1001.986277589485,988.4926963033744,998.3393757602239,2086377
2023-06-08,976.7315673828125,1004.2656328159807,974.6345542263126,1003.8097700684473,4054486
2023-06-09,969.2098999023438,983.751878048887,966.5202427268259,983.751878048887,2782697
2023-06-12,979.876953125,983.7517863892766,968.3892344121851,971.89935522796,1767945
2023-06-13,984.1165161132812,991.8661827778745,980.4696141534725,984.2532971956971,1846534
2023-06-14,982.4752197265625,989.1763788230559,976.503485431491,984.6633828362294,1321534
2023-06-15,986.0311889648438,987.8546400771227,974.9537011988243,983.7062442788387,1389325
2023-06-16,982.1105346679688,990.9998571216094,976.8681137337705,987.8544490789312,4392418
2023-06-19,997.06298828125,999.0688511655444,979.2388214661582,983.7518181902407,2188899
2023-06-20,1009.59912109375,1012.8813103452541,992.1395570502044,997.062896574764,3318866
2023-06-21,1021.0413818359375,1021.8163262308593,1006.6360748113353,1009.5991826054467,1985965
2023-06-22,1020.2666015625,1026.8309815214102,1012.3801526752405,1018.3063692167626,2360795
2023-06-23,1017.02978515625,1019.3090988836284,997.4733178931895,1015.662196919823,3492348
2023-06-26,1013.74755859375,1026.6028652873604,1010.4653692052173,1014.021009454271,1432154
2023-06-27,1020.8589477539062,1022.0442353636085,1009.0065168353274,1011.103529900305,1227245
2023-06-28,1010.2828369140625,1027.4688374828756,1007.1829484687082,1021.1323908255031,1876800
2023-06-30,1031.024658203125,1032.5290273893684,1012.5622186405336,1016.2547510708943,2478834
2023-07-03,1022.4544677734375,1036.5406928407212,1016.6650333886845,1035.720117671672,1899656
2023-07-04,1046.6607666015625,1053.9545698531413,1021.2236055027603,1024.369124931767,2773593
2023-07-05,1071.2774658203125,1080.3490900555823,1045.2932889897772,1049.2137531697751,3732838
2023-07-06,1075.1522216796875,1079.4829175058298,1059.4249578900121,1071.2773885720862,2520085
2023-07-07,1053.95458984375,1079.7564638534427,1049.6238940809837,1066.7187457761138,2261102
2023-07-10,1045.8857421875,1057.5557597197562,1035.355270031449,1057.5557597197562,2088505
2023-07-11,1058.9234619140625,1063.2541577301126,1044.0167733114217,1052.7237957331138,1212566
2023-07-12,1057.0545654296875,1065.8071079581018,1051.6297319357657,1063.071931462059,1274203
2023-07-13,1071.50537109375,1086.6856226049263,1051.6753418903556,1057.054544484912,3215610
2023-07-14,1120.191650390625,1123.245908809062,1078.5713556177925,1079.4374503965075,6033106
2023-07-17,1132.727783203125,1158.5751788633647,1112.8977535826032,1126.8015674544633,4880073
2023-07-18,1137.4229736328125,1147.3151711493715,1116.863523037829,1133.2745788865482,2666872
2023-07-19,1134.824462890625,1150.3237933525386,1122.425020780013,1144.21527821774,2293881
2023-07-20,1142.3463134765625,1144.6712578011695,1126.52789979534,1135.0981409497858,2000345
2023-07-21,1118.16064453125,1139.539561735368,1104.9684111523504,1122.277399811384,5032086
2023-07-24,1087.0513916015625,1126.4410184972426,1080.8763149600095,1119.4706867341713,2669308
2023-07-25,1082.0457763671875,1089.7178235197553,1071.2861339735666,1089.0629344499837,2557865
2023-07-26,1069.60205078125,1091.869879789781,1066.0934714760128,1083.449289457212,3170213
2023-07-27,1029.089599609375,1052.573664754021,1012.6226922297559,1039.4749702593042,17594818
2023-07-28,1020.8094482421875,1029.1832114140689,1015.1957216344745,1029.1832114140689,4244321
2023-07-31,1043.685302734375,1046.959976476706,1017.1604682638045,1024.5050708150072,4766331
2023-08-01,1069.882568359375,1080.1743989251408,1047.8019365333134,1047.8954757870574,3805214
2023-08-02,1071.894287109375,1078.396807772814,1053.13503922639,1069.4148684652855,2357217
2023-08-03,1069.227783203125,1073.110519197114,1049.111930598428,1066.6079985746358,2348236
2023-08-04,1099.5418701171875,1105.7637732693038,1069.2278378717497,1079.6599217587902,3580506
2023-08-07,1107.4478759765625,1116.0555439309687,1096.6414071907705,1104.0328363100723,1694290
2023-08-08,1127.797607421875,1131.072281012408,1099.4482446534976,1109.6465366777534,5137402
2023-08-09,1148.942626953125,1156.8954057227515,1122.9323165866665,1129.2477585507818,3396984
2023-08-10,1156.24072265625,1159.4217433615217,1137.341105921808,1141.457862037043,3715680
2023-08-11,1141.878662109375,1169.8537542810648,1137.0603050824207,1156.2405365624295,2933959
2023-08-14,1141.2237548828125,1142.5803596959004,1125.5521025816956,1134.066231138798,1842625
2023-08-16,1148.80224609375,1159.2344433047836,1141.457643932071,1142.3932649516873,2341456
2023-08-17,1152.4512939453125,1154.462902159642,1136.3586566537977,1146.1358514982812,2636308
2023-08-18,1132.8499755859375,1147.02454265575,1127.563693985829,1147.02454265575,1794430
2023-08-21,1140.3817138671875,1145.2001852011538,1126.8152084052458,1127.4233849406785,1175945
2023-08-22,1135.0953369140625,1144.2644682807343,1131.3996796962208,1140.381618338372,1003208
2023-08-23,1123.6807861328125,1140.381597622286,1121.996622700452,1135.0953162940068,1569035
2023-08-24,1121.903076171875,1138.1829038034814,1119.657563013801,1128.5459621803716,1218843
2023-08-25,1112.9212646484375,1120.125501215007,1102.5826061228186,1113.3890751842293,1213340
2023-08-28,1108.4769287109375,1119.2833964479803,1106.1847030511005,1112.9679549887705,950013
2023-08-29,1120.8741455078125,1130.1368177996478,1111.7518392317681,1115.6346898736285,1419344
2023-08-30,1120.1253662109375,1142.9545404483777,1117.646062039307,1130.1832915182188,2016339
2023-08-31,1124.569580078125,1136.3116689453398,1120.8739229283794,1121.8095438991045,2817747
2023-09-01,1148.989501953125,1150.7203780922043,1126.5345962485983,1127.4233905814465,1686038
2023-09-04,1175.8416748046875,1184.4961689299657,1146.6503457099893,1155.4919183479524,3466873
2023-09-05,1173.7835693359375,1185.0577357617676,1168.263381661977,1177.713132514517,2199985
2023-09-06,1168.5438232421875,1178.5082099133701,1156.2872107644757,1173.7833923054825,1753376
2023-09-07,1187.5369873046875,1192.7764422082164,1158.9070067500913,1168.5438347914003,2554884
2023-09-08,1181.6424560546875,1195.7235973101324,1177.9936256480935,1190.1098715011647,1731105
2023-09-11,1187.1627197265625,1192.9168118968457,1182.1571700640507,1183.5606016074587,1293853
2023-09-12,1184.49609375,1201.1501919375776,1170.9764170375481,1189.9227408119852,2335224
2023-09-13,1179.2567138671875,1187.0691262597702,1173.1751774567927,1179.1631746108753,1204376
2023-09-14,1197.4544677734375,1206.3428669302525,1180.7536564105728,1180.7536564105728,3288631
2023-09-15,1216.3541259765625,1219.769051255196,1191.981153257133,1195.9107157700648,4316210
2023-09-18,1206.7640380859375,1218.1785688529346,1200.4017694610716,1217.2429478323104,1967717
2023-09-20,1192.3087158203125,1206.1559536673774,1187.349992559347,1199.466240016859,2843560
2023-09-21,1208.494873046875,1212.5648015059166,1184.4026325848554,1193.8055549955313,2960250
2023-09-22,1221.3128662109375,1235.0197368907086,1201.337380430053,1206.9979332420885,3252940
2023-09-25,1215.792724609375,1229.7803277978142,1212.6117044168036,1221.3129116324812,2100302
2023-09-26,1199.7469482421875,1219.1610855174504,1196.7997190183303,1216.3073955586324,1141475
2023-09-27,1205.68798828125,1210.599998383725,1182.6249084816059,1188.1918075797932,1568115
2023-09-28,1150.3460693359375,1192.0280323763259,1143.3289115319362,1192.0280323763259,6570797
2023-09-29,1144.0775146484375,1152.3577384534349,1132.1015190106434,1145.2002142719236,2861162
2023-10-03,1137.9022216796875,1151.4687262651032,1134.4872963774253,1142.0189769479164,1622290
2023-10-04,1127.4234619140625,1137.2474837813634,1109.6934871810352,1132.1015675651581,2340603
2023-10-05,1127.984619140625,1145.1532411062017,1122.2773540631463,1135.8438581347725,2497613
2023-10-06,1138.5572509765625,1144.2645164008468,1127.4233379092564,1129.2945799638776,1446719
2023-10-09,1134.5806884765625,1148.7085409907702,1124.7566691889201,1125.7858293196043,1451064
2023-10-10,1148.708740234375,1152.170492422991,1134.9083297937664,1136.966650412151,1503359
2023-10-11,1152.3109130859375,1159.1409927363586,1143.32897345268,1150.9074814491298,1622663
2023-10-12,1121.57568359375,1152.6850821167884,1112.734110750769,1152.6850821167884,2452842
2023-10-13,1117.2249755859375,1125.5051983144267,1104.0327427730765,1110.5820895522388,3266079
2023-10-16,1108.3365478515625,1121.1077965844424,1104.781256789903,1118.3477604831844,2638043
2023-10-17,1120.499755859375,1125.5521324132667,1111.9388003391077,1113.3890586631649,1163897
2023-10-18,1110.6756591796875,1124.6164348331567,1102.2083577105757,1122.7451928450814,2337078
2023-10-19,1096.688232421875,1109.1319238125373,1092.6183037121907,1095.1912615898887,3107691
2023-10-20,1095.3314208984375,1100.290257710492,1074.467141851432,1094.6765319058466,2962470
2023-10-23,1081.5311279296875,1095.5654439504624,1077.4144865995052,1089.1564624766197,1203959
2023-10-25,1068.61962890625,1090.8406293387839,1063.3333470136727,1087.1916843201827,1555285
2023-10-26,1043.638427734375,1047.895549087162,1027.4522525120128,1029.2299553036673,7099401
2023-10-27,1048.4102783203125,1053.462540934583,1042.328741117928,1047.8488142862282,1382498
2023-10-30,1054.3514404296875,1065.5788936296597,1043.685337047402,1048.4102692870144,2255915
2023-10-31,1060.19921875,1063.9417036669402,1043.7323079577784,1054.351586067281,1194765
2023-11-01,1052.6671142578125,1064.73664742684,1047.848643494372,1058.1404740055277,1288497
2023-11-02,1054.9368896484375,1068.649650652384,1053.3292328113134,1063.921112375161,2493118
2023-11-03,1071.581298828125,1074.3238740599772,1055.4097213476537,1062.975382432583,1108121
2023-11-06,1080.1400146484375,1082.6461630074436,1072.763448807368,1075.7424509909856,572330
2023-11-07,1086.6181640625,1087.8476302686,1074.8441491930043,1079.9982100603786,902481
2023-11-08,1077.3028564453125,1090.2590046385355,1075.3168935355022,1089.2187493469992,806162
2023-11-09,1062.927978515625,1079.0523387823575,1056.5444524097697,1078.1066312111195,6042108
2023-11-10,1076.357177734375,1077.8702868756855,1060.611122378663,1061.0839762004991,706806
2023-11-13,1069.9263916015625,1080.140081017883,1066.7582938705673,1078.6741878943842,435537
2023-11-15,1110.0244140625,1114.847500249093,1081.4167561068957,1082.8353176584133,2816201
2023-11-16,1141.6583251953125,1148.9875601009921,1104.0192268163637,1111.206582474011,2294942
2023-11-17,1137.4498291015625,1148.0417081673659,1132.9577179494258,1146.3867198481576,1176628
2023-11-20,1146.008544921875,1156.1275703213819,1137.4498447476826,1139.483139227815,1077366
2023-11-21,1139.1048583984375,1154.8509137761969,1135.227480142517,1153.7159953365042,1129326
2023-11-22,1149.4132080078125,1151.8720250383742,1138.6321167045999,1139.5778244427265,750622
2023-11-23,1145.157470703125,1154.61454765097,1141.4218560430259,1149.0348491631746,651637
2023-11-24,1132.8157958984375,1148.9873723462745,1130.2151000665601,1146.2449127323684,884921
2023-11-28,1137.1190185546875,1143.3606665989175,1121.6093884088637,1130.2153058215779,910795
2023-11-29,1155.37109375,1167.5707466208876,1141.1382616029969,1141.4692362217013,1898448
2023-11-30,1154.6617431640625,1161.6127869509482,1143.0768241096953,1155.654782402998,2978406
2023-12-01,1154.2835693359375,1160.1942424093409,1145.7722001102366,1160.1942424093409,1017856
2023-12-04,1157.4515380859375,1181.3778707562149,1151.8718402376016,1170.7859919656412,1581599
2023-12-05,1154.3306884765625,1159.673959574584,1143.2186240321168,1157.5461174469242,1499843
2023-12-06,1158.6810302734375,1179.2975043534627,1152.486714091251,1156.6005195062428,2637916
2023-12-07,1156.8369140625,1164.1661485476702,1153.8579117960903,1159.4376101701412,1076885
2023-12-08,1158.7755126953125,1170.7386209053739,1151.1625207045308,1163.2202920242948,2642571
2023-12-11,1166.3414306640625,1173.1504803827384,1158.775768557604,1164.166256631319,1558876
2023-12-12,1159.57958984375,1177.4061579824665,1152.486781663133,1170.7388721155496,1114846
2023-12-13,1150.0750732421875,1166.9559320461499,1132.0594114124983,1159.4376022543408,3025706
2023-12-14,1196.0364990234375,1200.8597007163028,1163.362366789432,1167.9490261110986,5287733
2023-12-15,1235.1885986328125,1252.873398949868,1193.955772852949,1201.0485794243527,5900381
2023-12-18,1221.617919921875,1260.675694059352,1216.6056229411138,1234.1485469309441,2671348
2023-12-19,1211.877197265625,1230.318499108954,1200.2922768768672,1229.4201228885966,1717860
2023-12-20,1180.8106689453125,1242.6599786420943,1170.9752852951935,1220.908700477126,2860865
2023-12-21,1182.2291259765625,1190.2204249915608,1159.4375943955265,1165.111840371361,3337533
2023-12-22,1205.9190673828125,1211.3568860744895,1175.0416912015082,1191.5915741761773,2297352
2023-12-26,1212.397216796875,1218.780743484378,1192.111833722608,1205.77726319502,1720830
2023-12-27,1210.647705078125,1221.3814641171075,1198.448052963534,1217.976939570504,1584695
2023-12-28,1216.1326904296875,1219.0171449015813,1201.5688851644886,1215.2343143510723,2284964
2023-12-29,1203.5548095703125,1221.806897126288,1199.2517937797845,1216.1326514822458,1187193
2024-01-01,1226.7247314453125,1233.0137105609938,1196.5566335800588,1203.8858680477492,1776828
2024-01-02,1208.708984375,1228.5688460108147,1203.7440189660463,1227.5285906327438,1615064
2024-01-03,1176.6494140625,1204.8315482601595,1172.67748810251,1196.3201793948992,2231707
2024-01-04,1179.770263671875,1186.579312403312,1164.8280370009447,1182.2290804114036,3355191
2024-01-05,1180.527099609375,1202.79844915992,1177.926403144632,1186.7687480361885,1756868
2024-01-08,1162.2274169921875,1186.1538676757561,1155.0873932134768,1182.3237053622172,1320667
2024-01-09,1168.563720703125,1183.269405896946,1165.679266095025,1173.1977114348845,994439
2024-01-10,1173.528564453125,1178.7771722803277,1161.612671979441,1169.3674279936172,808638
2024-01-11,1181.5672607421875,1193.294059680687,1173.5287450386052,1173.5287450386052,930492
2024-01-12,1237.0330810546875,1240.5321535878807,1198.2117313480808,1202.7511747710507,5023455
2024-01-15,1265.0260009765625,1325.409418016689,1261.4322653320958,1262.5198523384086,6012767
2024-01-16,1248.71240234375,1259.871683331924,1239.3498735337164,1257.88572035836,1883106
2024-01-17,1254.7176513671875,1262.0468858108247,1234.3849364590326,1235.0942172116427,2313059
2024-01-18,1281.5758056640625,1295.1466879955292,1235.0942493772627,1254.6703524819893,4533782
2024-01-19,1314.439208984375,1321.9575393291989,1281.4339858182736,1299.3078851665946,4463826
2024-01-23,1292.451416015625,1339.4058251275537,1283.0888869526118,1320.6807670015276,2683661
2024-01-24,1331.509033203125,1333.9206338760973,1291.411121391243,1298.4092656131475,2008135
2024-01-25,1250.2728271484375,1282.7105298182323,1240.815750782405,1274.8138941411607,8424862
2024-01-29,1242.9908447265625,1265.3568540621918,1239.8227471416544,1265.3568540621918,2495791
2024-01-30,1246.3009033203125,1268.1467286970826,1243.6056593904293,1252.0696973589552,2293154
2024-01-31,1261.2430419921875,1263.4654319013523,1241.0522065694556,1246.5372417236888,1798462
2024-02-01,1241.2413330078125,1263.7964381419024,1238.6406368815105,1257.7912174479168,2286420
2024-02-02,1265.451416015625,1280.4881911270272,1251.2185847817213,1251.6441070580654,1838847
2024-02-05,1260.3919677734375,1279.637096847083,1255.8998560893829,1272.7334997351857,953919
2024-02-06,1277.6983642578125,1288.4321229761495,1255.994304466264,1257.7911720863817,2713529
2024-02-07,1246.442626953125,1284.9328804095255,1242.7071280798257,1278.12383181119,2004588
2024-02-08,1238.167724609375,1257.4601835062515,1231.3113442363233,1254.0083275402187,2308756
2024-02-09,1239.8701171875,1249.705384841248,1235.0469155985336,1245.4970317841828,1085349
2024-02-12,1247.1993408203125,1258.736928397082,1239.9173223820678,1246.8210346578473,1149683
2024-02-13,1256.3253173828125,1262.3306534862634,1229.4199801482393,1250.1782174820712,1127361
2024-02-14,1222.70556640625,1248.286891638762,1213.0120620215287,1238.8771457546318,3426103
2024-02-15,1229.7509765625,1236.985663508744,1221.4288181226368,1233.8647819420244,1703763
2024-02-16,1231.83154296875,1238.1204064731219,1227.5285269936057,1234.2430282052362,1994659
2024-02-19,1238.8770751953125,1246.4427367232229,1217.551320586382,1232.2097897967083,1496111
2024-02-20,1248.8543701171875,1251.7860409472255,1231.3114458142054,1238.8771075396382,2113200
2024-02-21,1226.20458984375,1253.0627118119082,1222.0434528442604,1248.334173276769,1769508
2024-02-22,1255.9942626953125,1258.263984064038,1228.805168714222,1236.0398550707987,2201424
2024-02-23,1250.4619140625,1269.6598251331593,1244.834999839803,1266.20796919428,1660506
2024-02-26,1227.7650146484375,1252.9681478008447,1224.6914646406522,1250.4619993213146,1196507
2024-02-27,1225.6845703125,1234.1959400260282,1214.0049872957752,1224.691531002119,1488661
2024-02-28,1216.038330078125,1235.1416965666551,1201.994592584569,1231.3115338671196,1289779
2024-02-29,1204.6898193359375,1215.423579433394,1195.611047835445,1210.5059452081232,2251498
2024-03-01,1202.7510986328125,1217.1258094908464,1199.1573631968868,1217.1258094908464,1560034
2024-03-04,1210.5531005859375,1215.7071610034932,1201.1432403813194,1206.3446323576081,1843831
2024-03-05,1203.4129638671875,1210.4112234450395,1190.7404584872113,1205.6826852766026,1420379
2024-03-06,1201.9945068359375,1205.1626045954429,1182.22919248626,1198.6845298304884,2064350
2024-03-07,1218.2132568359375,1222.8944632357989,1196.8402883608712,1205.7771789216324,2073691
2024-03-11,1219.0172119140625,1225.9209242253871,1206.2501581042566,1218.2133834664562,1577732
2024-03-12,1222.13818359375,1236.6547746113063,1208.3307579528694,1224.6915483668763,1963068
2024-03-13,1207.8577880859375,1228.8525675932897,1197.5496668530836,1222.1380662352008,2001399
2024-03-14,1223.131103515625,1227.0084822278664,1189.7476889841148,1202.9402660072942,2129097
2024-03-15,1212.5863037109375,1222.799992516981,1199.6301550717637,1222.799992516981,2499025
2024-03-18,1203.5548095703125,1217.5512128932564,1199.2045776651114,1212.3971526103805,630807
2024-03-19,1184.2625732421875,1203.5550351362192,1181.0944752524083,1201.0488864185093,1243420
2024-03-20,1195.658203125,1202.9401057009334,1179.2974149442327,1184.0259530955727,1139621
2024-03-21,1213.1064453125,1217.5512249338258,1201.6634062390838,1205.777211283132,1420041
2024-03-22,1194.0977783203125,1210.4112351593,1168.9891942257832,1190.1730685139617,2990908
2024-03-26,1186.2484130859375,1202.5618706727435,1183.080315425762,1193.719526895418,2144358
2024-03-27,1185.7283935546875,1194.5707377080885,1178.8720125381878,1189.7003198284901,2128854
2024-03-28,1180.337646484375,1196.2727966449922,1174.5688531444525,1191.591590146546,2436133
2024-04-01,1176.98046875,1192.6791922081463,1174.5688681334655,1184.1204920401888,1397037
2024-04-02,1169.6512451171875,1183.978623383837,1168.0434728775283,1176.4602938886085,1320357
2024-04-03,1187.0050048828125,1194.4287870024564,1172.6775105962358,1172.6775105962358,1819093
2024-04-04,1209.796630859375,1219.0172813584009,1179.2030084460466,1191.5917567971956,2460669
2024-04-05,1194.80712890625,1206.6756912520832,1191.7807950065328,1205.7773151159934,1184658
2024-04-08,1196.462158203125,1201.0488176069935,1187.9034570658769,1201.0488176069935,686932
2024-04-09,1183.4586181640625,1211.4515425057618,1175.2782236136109,1196.414767250262,1198161
2024-04-10,1197.5498046875,1204.3115229415714,1184.0261372936695,1192.0173218354869,1994380
2024-04-12,1174.6634521484375,1200.8122918301142,1170.786073861533,1196.2728489207248,2887322
2024-04-15,1152.5811767578125,1173.2921969918104,1145.251942608173,1167.94892578125,2153147
2024-04-16,1130.8773193359375,1147.2853249221532,1126.337876176731,1139.577784041109,2085459
2024-04-18,1115.6041259765625,1142.2730372880403,1112.199601300626,1134.4237325411364,3242357
2024-04-19,1128.8441162109375,1139.4359971841122,1099.8108180599993,1099.9054811924025,2572144
2024-04-22,1142.462158203125,1150.6424369171345,1130.2151750259711,1131.1608826639215,1364143
2024-04-23,1135.085693359375,1151.872005425302,1133.714463339575,1151.872005425302,1460983
2024-04-24,1121.325439453125,1142.3674332587025,1117.3535137658298,1142.3674332587025,1375843
2024-04-25,1125.6759033203125,1128.7494532957098,1109.1260188374042,1120.66360641407,3357065
2024-04-26,1209.3238525390625,1273.8684100646078,1173.623382991966,1182.1347532151149,20431926
2024-04-29,1218.355224609375,1239.822742315199,1215.2343431541042,1219.9628814543148,4120529
2024-04-30,1194.901611328125,1221.0031192824215,1191.6389661248984,1218.355207137973,2613213
2024-05-02,1198.1171875,1205.1626641540772,1185.444680392872,1194.6179995127522,2124221
2024-05-03,1182.5601806640625,1202.9402283513962,1175.5620358408166,1201.0488128980135,2322455
2024-05-06,1193.719482421875,1196.9821276405492,1177.5005731193776,1189.700224905303,1363667
2024-05-07,1222.27978515625,1224.502290449993,1188.65994803957,1199.15727968643,2350444
2024-05-08,1217.1256103515625,1229.4198084359216,1210.836632089077,1223.7455631662174,1332284
2024-05-09,1200.1976318359375,1216.0855675432363,1192.9157286450798,1212.3972843851666,2420777
2024-05-10,1195.7528076171875,1204.0749658932887,1180.4796055740678,1197.2659168089485,1322206
2024-05-13,1193.5303955078125,1197.5968691699877,1182.1819036160744,1195.752785414712,593453
2024-05-14,1206.2501220703125,1214.2886371919099,1186.011955028548,1195.3271524044214,1386032
2024-05-15,1205.304443359375,1213.295627112714,1196.3202203606193,1205.7772972014147,1008105
2024-05-16,1236.9383544921875,1241.3359184371423,1211.7353363469435,1217.1258241228006,4868225
2024-05-17,1234.52685546875,1248.3341648091325,1227.3395000326584,1238.0259277838843,1925387
2024-05-21,1252.0224609375,1254.9541317512908,1233.2974020936922,1236.0399775425299,1453689
2024-05-22,1258.16943359375,1262.8979716669053,1239.8700143392034,1257.7911274593328,1411627
2024-05-23,1264.884033203125,1270.9838016160181,1253.157234778694,1263.4654716705609,1440740
2024-05-24,1249.989013671875,1271.9767152552843,1246.44261019068,1264.8839082928941,1288301
2024-05-27,1257.5074462890625,1269.896309156456,1246.6791396131168,1251.171251058717,980450
2024-05-28,1243.7000732421875,1258.1221145082843,1240.1064535366584,1256.8454323044407,1608944
2024-05-29,1216.6055908203125,1242.6598834114368,1214.3832008753805,1242.6598834114368,1405567
2024-05-30,1173.4814453125,1217.8351621335985,1168.2800526572994,1210.5532585934538,2610479
2024-05-31,1161.7545166015625,1187.099527801665,1157.5934952953373,1178.3044004785027,4649449
2024-06-03,1177.7369384765625,1193.293897787421,1169.4147808487937,1186.8630399198894,1091287
2024-06-04,1172.0157470703125,1185.633847319004,1128.844162014686,1177.7372101134902,2471911
2024-06-05,1198.1171875,1215.187143348847,1169.6040753696725,1191.591780849636,2709585
2024-06-06,1245.922607421875,1251.7387330719318,1205.0207479447356,1215.2344376444862,3205121
2024-06-07,1302.806884765625,1306.0223139856553,1254.9540989565276,1257.7912220137011,5790599
2024-06-10,1267.5792236328125,1303.1851396889313,1262.6615900375327,1302.8068335409494,2532308
2024-06-11,1276.1851806640625,1286.0205636097176,1268.335876197662,1275.6651107065502,1465705
2024-06-12,1296.1868896484375,1306.0222723550282,1283.4671678580276,1290.701854511775,2786009
2024-06-13,1313.5406494140625,1321.011763251159,1300.6790479228816,1305.0766117684943,1953367
2024-06-14,1296.9908447265625,1319.971589178488,1290.0399158678179,1319.2623083675378,1733356
2024-06-18,1296.896240234375,1315.9049420466656,1295.7614371636967,1305.502157275052,950760
2024-06-19,1306.1641845703125,1311.6492198454628,1287.1081517406917,1302.2394746120005,1313197
2024-06-20,1317.46533203125,1323.0450303729974,1296.9907378865184,1310.750830662598,1987190
2024-06-21,1323.8016357421875,1362.1027961775244,1310.7981553474742,1331.5563924186297,6836535
2024-06-24,1325.5985107421875,1332.5022235138242,1306.0224064390286,1314.53377621307,1111433
2024-06-25,1350.234130859375,1354.2533884718089,1319.0257776334186,1322.8559398882821,2201375
2024-06-26,1336.332275390625,1356.9014173073253,1333.4478208067828,1355.0100019586632,1565878
2024-06-27,1354.48974609375,1365.412715341142,1316.4250141822308,1328.1044802640324,4286657
2024-06-28,1352.69287109375,1374.113171773974,1349.193799077099,1362.7646803346845,2222285
2024-07-01,1392.17626953125,1398.2288218452543,1346.8296319021745,1352.6929734121838,3837301
2024-07-02,1392.2236328125,1416.6701541055268,1390.1903381409375,1399.647415271148,2092643
2024-07-03,1399.458251953125,1404.3758856449178,1381.6789016344949,1399.600015748926,896602
2024-07-04,1379.929443359375,1410.9959188870541,1374.3970762834053,1401.5388416827172,1322999
2024-07-05,1382.0098876953125,1390.1902821721708,1371.2287971123499,1387.3531591473297,1334838
2024-07-08,1387.9205322265625,1398.654291028721,1380.8750563696947,1382.0098593792475,807698
2024-07-09,1386.171142578125,1389.6229989741537,1376.0047842068373,1386.4075695169922,1049695
2024-07-10,1383.9012451171875,1392.8382515370463,1363.2375563731114,1392.1761869265977,802718
2024-07-11,1381.3006591796875,1395.8645810132439,1363.0012380659468,1395.8645810132439,1408434
2024-07-12,1423.33740234375,1429.720929239285,1381.7262640617453,1394.918840135384,4372156
2024-07-15,1417.6630859375,1444.568422156675,1410.9958008888768,1437.5701625221461,2374623
2024-07-16,1433.8819580078125,1436.5299857254536,1408.2533026150363,1421.7296372408348,1794159
2024-07-18,1455.775146484375,1461.7803673798192,1423.2901095964387,1425.1815250244738,2752497
2024-07-19,1436.5587158203125,1483.3233794213972,1431.8388736153217,1481.4451312615975,2504915
2024-07-22,1440.55615234375,1450.4773334311253,1421.8212910834902,1425.5296965768678,2225781
2024-07-23,1438.485107421875,1447.4430596935554,1406.3132600121319,1436.1733360808826,1640492
2024-07-24,1476.91796875,1483.37155119334,1419.2205712619436,1438.485136861857,2561617
2024-07-25,1473.7392578125,1490.6439610376856,1449.5622516745057,1468.9231164470996,3283912
2024-07-26,1484.479248046875,1487.85054693787,1391.142406662727,1473.7392294921046,7133745
2024-07-29,1469.2603759765625,1497.5311052219822,1454.5230524112199,1488.8139589909106,1755979
2024-07-30,1481.493408203125,1494.8821881798383,1464.1070894828815,1464.1070894828815,1622543
2024-07-31,1497.2421875,1504.3218924353553,1478.5555337847097,1481.445218867025,2398955
2024-08-01,1487.6578369140625,1511.305137694558,1481.0597468591804,1497.2420286357674,1315921
2024-08-02,1452.25927734375,1477.1588232463362,1447.0579385300384,1469.4047883107855,2894949
2024-08-05,1402.7974853515625,1429.671577942904,1374.285951713012,1415.9455749207132,2186582
2024-08-06,1428.8529052734375,1447.7321567216889,1411.6110949272354,1411.6110949272354,1665788
2024-08-07,1419.4613037109375,1459.53157453595,1416.9087253868224,1445.6129736543437,3002937
2024-08-08,1412.526123046875,1433.4282481430132,1408.2398040548537,1415.9456306160293,2333194
2024-08-09,1451.2960205078125,1453.752299685017,1426.1076947375523,1430.3458051570428,1521252
2024-08-12,1456.8828125,1468.4415521694216,1434.6322621526797,1451.2960412938141,1809860
2024-08-13,1448.1173095703125,1467.622680757351,1440.1706768644822,1452.837151299786,580901
2024-08-14,1468.34521484375,1473.2094471130952,1449.6585626789483,1456.4011606448971,2833790
2024-08-16,1527.005859375,1530.5697570251837,1474.9915315717526,1501.094994786326,3224481
2024-08-19,1536.0120849609375,1543.766002493779,1517.9033452652377,1529.4620852629396,1640507
2024-08-20,1568.713623046875,1573.5779731098064,1536.589981996765,1542.1285448530452,2442281
2024-08-21,1545.644287109375,1568.1356439905903,1543.0917086443033,1556.5769045999964,1935929
2024-08-22,1552.0015869140625,1561.0559563835154,1537.312355447537,1546.0296185307952,1562554
2024-08-23,1539.6241455078125,1557.4919600082528,1534.4708975947901,1553.735463685775,1020913
2024-08-26,1579.8389892578125,1582.5841665172559,1549.8344028766066,1550.7976312189787,1510157
2024-08-27,1564.8607177734375,1584.5105991761943,1562.4526469540208,1583.5473708484278,1083351
2024-08-28,1567.509521484375,1603.7750898246534,1556.7695026217864,1560.4298171266898,3033590
2024-08-29,1586.7740478515625,1595.3468028670572,1560.4779869479664,1560.4779869479664,2194339
2024-08-30,1576.3231201171875,1602.5710914115311,1571.1216637572218,1586.437017313173,1926984
2024-09-02,1586.099853515625,1600.8853839363878,1575.4080432403073,1576.3230630637174,1582818
2024-09-03,1583.6435546875,1598.2364863053829,1572.0848155971491,1578.7311140904158,1739553
2024-09-04,1584.799560546875,1589.3266865000314,1549.7380270980736,1560.1890305808643,1643875
2024-09-05,1579.2127685546875,1596.9361924622235,1572.8554854089348,1592.2163503634636,1080904
2024-09-06,1563.560302734375,1590.482486079952,1554.6022327136463,1579.2127622565888,1672937
2024-09-09,1521.130126953125,1571.3144168546742,1516.8438079306438,1563.5121733407727,2965098
2024-09-10,1548.293212890625,1554.3614807098847,1520.4558911455433,1533.4594733631327,2541973
2024-09-11,1543.6695556640625,1567.1723482631182,1539.3350285791307,1552.723924646679,1395340
2024-09-12,1582.8248291015625,1588.9413050009148,1546.9445766238305,1560.3334728768023,2356422
2024-09-13,1595.154296875,1598.8627023686129,1577.7679787698426,1589.2304192259398,1373924
2024-09-16,1588.363525390625,1608.5913204380495,1585.955454551646,1590.3862813790506,1060407
2024-09-17,1590.8197021484375,1610.517673309091,1580.75389614131,1588.363423018356,1499644
2024-09-18,1546.36669921875,1587.5447080553508,1530.56973196161,1587.5447080553508,2930297
2024-09-19,1536.6861572265625,1575.2152870286218,1528.691433341579,1560.4297569833961,3032379
2024-09-20,1562.404541015625,1569.3879463245714,1524.2125146717597,1548.871136108413,3984683
2024-09-23,1548.052490234375,1571.025463221947,1535.8676279015292,1565.197884581407,1535902
2024-09-24,1576.9010009765625,1583.0656855134355,1539.3350978825413,1542.6583060128821,1781972
2024-09-25,1543.8140869140625,1582.6803235175307,1531.581135098582,1576.9009539829906,2505756
2024-09-26,1547.859619140625,1560.2852873214506,1537.31231663245,1550.7975123923836,2173853
2024-09-27,1550.0751953125,1603.5825762582044,1545.548069178771,1565.2460415614805,3539822
2024-09-30,1519.20361328125,1546.9446350900923,1510.1974522782054,1546.9446350900923,3460691
2024-10-01,1565.6312255859375,1582.4877200095984,1521.9006393933826,1521.9006393933826,5176596
2024-10-03,1545.06640625,1571.16986974144,1537.4568791410172,1555.613709133786,2332279
2024-10-04,1557.0103759765625,1587.7855914512095,1532.4962621841876,1532.4962621841876,2927576
2024-10-07,1559.033203125,1572.0367851009953,1541.3578698553288,1565.197770144653,1619326
2024-10-08,1569.1951904296875,1574.8782608812937,1544.632868929704,1565.2459779401236,1311331
2024-10-09,1597.8031005859375,1608.3986115511452,1572.0367443750918,1578.7311338159334,2177241
2024-10-10,1560.1407470703125,1614.3223360486977,1552.0978147116134,1611.4808597482383,1518162
2024-10-11,1586.485107421875,1589.3265836752112,1544.0548567462808,1544.0548567462808,1019027
2024-10-14,1630.2640380859375,1634.598565809061,1587.4003750461595,1587.4003750461595,2070051
2024-10-15,1613.7445068359375,1640.8111985151918,1602.3302750117728,1637.4881079170507,2503380
2024-10-16,1599.248046875,1615.7673187058342,1592.0238343839937,1608.591314664068,1070524
2024-10-17,1636.52490234375,1647.024114462507,1595.1060849212772,1599.6332109557522,3771316
2024-10-18,1625.8331298828125,1639.799940737907,1585.0885242866962,1632.6720275438179,3119646
2024-10-21,1638.6439208984375,1697.0637402383009,1627.904019523757,1680.8333670583795,5898020
2024-10-22,1634.1650390625,1663.4470856696043,1629.2524806081205,1640.7631294805826,2484594
2024-10-23,1672.1162109375,1684.6863879661078,1623.6176869214594,1634.1651079268026,4198781
2024-10-24,1671.9234619140625,1683.7230081669488,1664.5066513020213,1671.2492491608134,1570443
2024-10-25,1653.3331298828125,1678.328974232892,1647.457460906376,1671.9234826711995,1743714
2024-10-28,1639.9443359375,1664.4102398976622,1630.9380575597313,1647.1203395068146,1271473
2024-10-29,1636.043212890625,1660.701833030477,1618.5605963133944,1646.1571097027247,1499121
2024-10-30,1622.991455078125,1649.1913350323437,1620.3907857359682,1641.4373002896964,1305424
2024-10-31,1563.415283203125,1622.8457878413305,1550.683674879492,1619.7356996690896,3638913
2024-11-01,1558.5557861328125,1573.474124237912,1553.8421906493916,1573.474124237912,249236
2024-11-04,1592.3287353515625,1594.1266902107493,1562.8321914535059,1568.6148318854744,2746587
2024-11-05,1586.7403564453125,1607.4899766117576,1578.1392397296818,1592.2315037326264,1376651
2024-11-06,1645.9278564453125,1650.0097060689966,1589.0242199515885,1603.553782336422,3164061
2024-11-07,1604.5743408203125,1667.2606188232864,1598.111313236646,1647.337073101411,1285140
2024-11-08,1634.0709228515625,1639.0274886666773,1603.6511405664967,1613.3213021211056,1883257
2024-11-11,1656.229736328125,1667.21191186813,1619.201122875796,1625.7613145021517,1587351
2024-11-12,1639.56201171875,1662.4011980112164,1636.6463709154564,1661.9152578773342,1414446
2024-11-13,1628.4825439453125,1641.5057631889813,1616.8686222647561,1632.758840827406,1063556
2024-11-14,1640.0479736328125,1644.4214348958333,1616.2369067563657,1616.2369067563657,1919974
2024-11-18,1614.0987548828125,1640.5338500349203,1587.3234067355056,1637.3752392454574,1617013
2024-11-19,1651.8564453125,1675.9104837523128,1617.3060517347653,1618.083603462662,1982317
2024-11-21,1654.3831787109375,1676.4934547078085,1637.4239155662306,1663.859011281025,2212146
2024-11-22,1698.3121337890625,1700.6446701693226,1654.383192951364,1666.5316963509188,2344087
2024-11-25,1683.8797607421875,1718.0900180112476,1679.2633293810936,1710.509304321096,3913302
2024-11-26,1696.3199462890625,1712.453135987963,1682.3734873256747,1683.87983064972,1291712
2024-11-27,1707.3992919921875,1717.31242321098,1686.746836421597,1692.0435363951985,2088228
2024-11-28,1665.171142578125,1710.5093837791362,1658.8053975881794,1707.5937427840581,1787990
2024-11-29,1664.150634765625,1681.3528680997624,1652.6824001177145,1659.9715021470488,1556942
2024-12-02,1696.8543701171875,1698.846772196424,1657.930635106196,1661.9153206269364,1370756
2024-12-03,1700.3045654296875,1711.4811887520318,1688.7391662642372,1710.5093084631321,1824151
2024-12-04,1710.1204833984375,1724.6986873123326,1691.654758440837,1693.1125788322265,1811165
2024-12-05,1736.701416015625,1743.5045779643617,1705.7470528764188,1710.1205141291782,2762694
2024-12-06,1732.668212890625,1746.4688654294666,1725.6706036828944,1746.4688654294666,1180840
2024-12-09,1727.857421875,1750.113505171295,1721.3943939495414,1729.0722722881412,1069659
2024-12-10,1713.9595947265625,1727.0313376436163,1703.9978213946283,1716.5349826778015,1625591
2024-12-11,1713.2305908203125,1719.9851112551623,1700.8391173531543,1715.3686799634759,1285654
2024-12-12,1739.27685546875,1756.867864102321,1711.5297457723873,1718.3329074590067,3018243
2024-12-13,1745.8857421875,1753.855112952945,1711.4811568737362,1730.9187622896786,1503188
2024-12-16,1725.6220703125,1743.0672737995337,1716.3405662280327,1743.0672737995337,1075193
2024-12-17,1720.95703125,1738.8396523938952,1711.4811983799236,1727.468581767165,1160899
2024-12-18,1728.8778076171875,1737.6732527335012,1711.0438286833269,1712.5016490643682,1337600
2024-12-19,1705.0181884765625,1719.1590943621682,1686.212328311984,1691.0230883641789,2402819
2024-12-20,1638.6387939453125,1721.0541705266028,1632.8560350952766,1720.228096015949,2921154
2024-12-23,1664.247802734375,1676.4934704431093,1638.4443340385506,1643.3523768708812,1301223
2024-12-24,1656.958740234375,1676.8336448307605,1648.017370329311,1669.301572537413,711026
2024-12-26,1650.9329833984375,1666.4345450397282,1643.1094183307832,1659.096801474114,659638
2024-12-27,1663.5189208984375,1668.2325165739696,1650.9329999694357,1657.007251777526,647945
2024-12-30,1691.897705078125,1723.7267831827207,1646.1708106173637,1666.7746244086075,6781500
2024-12-31,1658.22216796875,1680.3810868994412,1635.1400101816698,1680.3810868994412,1459630
2025-01-01,1655.9381103515625,1669.3014635479046,1643.6924431500954,1652.7794995960635,721479
2025-01-02,1678.388671875,1686.8926246785775,1648.3090234134393,1660.9434675787545,1238954
2025-01-03,1641.943115234375,1681.20710283931,1634.0709085805636,1664.053391922756,2448088
2025-01-06,1638.8817138671875,1663.1787201295979,1627.8994195814878,1656.812857033756,945693
2025-01-07,1624.15771484375,1657.0558378081735,1614.7790466382876,1645.3932747268257,1305847
2025-01-08,1616.9658203125,1622.9914306100377,1588.0523819027048,1621.0476700446734,673344
2025-01-09,1596.60498046875,1622.5541366364146,1592.134236245282,1616.9171835254429,774065
2025-01-10,1657.6390380859375,1665.8028564424906,1590.287803579275,1606.6153216546477,2208899
2025-01-13,1612.9810791015625,1653.168303673186,1603.5052466731006,1650.3013043935111,1401093
2025-01-14,1601.1727294921875,1623.4773340200074,1575.7095141171142,1622.9428710592624,2480288
2025-01-15,1628.8226318359375,1631.786914006763,1603.74819296415,1611.377429078745,1079742
2025-01-16,1640.19384765625,1674.403987504383,1623.963375110999,1647.337144288894,2334315
2025-01-17,1613.6129150390625,1652.0993513225533,1603.9912763087566,1637.375340999875,2502285
2025-01-20,1627.5107421875,1639.707887524018,1579.3055025749138,1616.236954327435,4856268
2025-01-21,1594.3695068359375,1655.6466023897806,1590.093210124499,1627.5105987335717,2500061
2025-01-22,1636.59765625,1641.2627287817152,1589.2671367818207,1596.507596997745,2478559
2025-01-23,1665.2196044921875,1680.8668524176783,1624.0118591442267,1624.0118591442267,2255334
2025-01-24,1674.598388671875,1687.572966874188,1657.396036278861,1670.662226024578,1257165
2025-01-27,1607.392822265625,1665.7056391906415,1598.743064027535,1661.9152823629695,1174799
2025-01-28,1601.998779296875,1617.8404747571208,1591.9398424812694,1609.3850454367646,1820874
2025-01-29,1633.8765869140625,1637.6183023342828,1607.5386545625233,1617.1601746037381,1146508
2025-01-30,1623.13720703125,1656.9586877121396,1610.4055992858657,1637.618246708922,868832
2025-01-31,1627.3648681640625,1647.3370551371886,1618.4236171487926,1627.8994497668384,1065425
2025-02-01,1600.103759765625,1638.4930318583754,1590.6764496133733,1627.4135726407692,410470
2025-02-03,1608.1702880859375,1617.2574638188153,1560.013690309818,1584.164892084293,1415698
2025-02-04,1612.3980712890625,1629.7946338796314,1598.7917469867957,1615.993980970997,1467006
2025-02-05,1614.293212890625,1624.0120160988768,1598.1600232924739,1616.0911677566046,1449280
2025-02-06,1622.6513671875,1637.3267363701214,1603.6025365415833,1623.0401430451177,1288106
2025-02-07,1644.5185546875,1647.9201355777857,1611.2802974432261,1627.899426065363,1582031
2025-02-10,1651.2733154296875,1655.8411055070267,1626.150114091117,1635.6745887414972,1235699
2025-02-11,1622.165283203125,1660.943328467147,1616.4311660654243,1658.0276877501187,1800036
2025-02-12,1632.9532470703125,1642.4777215497772,1621.8739064623524,1632.7589184636838,1889477
2025-02-13,1628.1910400390625,1641.943050748808,1594.4182011491364,1627.8994285072242,1555491
2025-02-14,1612.446533203125,1646.3651783741523,1605.5948484781245,1637.6182559388706,961944
2025-02-17,1618.1319580078125,1621.0475987275872,1585.1366713174532,1609.3365130191273,1114005
2025-02-18,1657.055908203125,1660.8947879253944,1617.2574574524008,1621.0963371746702,2654136
2025-02-19,1638.395751953125,1664.247742544982,1627.9480393992314,1646.41376391309,1113961
2025-02-20,1611.231689453125,1646.0250507374942,1608.4618543981724,1632.7588612621932,1485087
2025-02-21,1603.116455078125,1618.1319573235244,1596.021681874584,1611.1344670541143,1479239
2025-02-24,1568.3232421875,1597.722622191025,1559.139020517526,1584.1649390329235,1672609
2025-02-25,1549.1285400390625,1568.6147872992037,1544.317780060988,1562.8321470316007,1425126
2025-02-27,1543.5888671875,1550.829327876936,1525.7548876328863,1530.7114533734064,2208643
2025-02-28,1446.0120849609375,1528.6705521787455,1436.8278635535064,1525.8520755727525,4155992
2025-03-03,1451.06591796875,1488.4346677550427,1434.6896401322365,1457.8204385455854,2851006
2025-03-04,1446.4007568359375,1457.2857679910026,1392.753015426694,1433.5233437480315,2386196
2025-03-05,1494.84912109375,1505.4426404838368,1445.6719998190492,1446.400910071059,1967418
2025-03-06,1461.17333984375,1507.1919653925304,1458.7436391764534,1497.6674913216364,2246380
2025-03-07,1450.3856201171875,1464.8180196221888,1440.3266821978073,1459.7156477722976,893696
2025-03-10,1445.0401611328125,1457.820410458713,1440.812505670028,1450.3855026378278,798491
2025-03-11,1437.6053466796875,1445.5748366237578,1412.7252337861894,1423.318753184416,1769157
2025-03-12,1397.85546875,1447.1297520045314,1369.185000191146,1439.3547096834864,2665932
2025-03-13,1400.1392822265625,1415.3005901427791,1382.0136921428543,1401.4512968143433,995812
2025-03-17,1399.604736328125,1407.2826140966672,1385.1236967511043,1402.3745713368885,1747569
2025-03-18,1399.604736328125,1399.604736328125,1399.604736328125,1399.604736328125,0
2025-03-19,1356.890625,1391.5381793906993,1355.18983457474,1390.4204933836977,5557840
2025-03-20,1370.8858642578125,1381.0419663795412,1360.6811206638752,1363.693925997395,2863413
2025-03-21,1369.622314453125,1390.8578753065974,1343.1872177158282,1350.9622601253545,4056023
2025-03-24,1417.6331787109375,1426.38010113568,1373.8499251186634,1376.036655724849,3072831
2025-03-25,1414.5716552734375,1442.1730771526586,1408.6917325078682,1432.5514392806917,2056315
2025-03-26,1376.4739990234375,1422.832637927037,1369.8651660916385,1422.832637927037,2231144
2025-03-27,1383.8603515625,1389.7887975307144,1366.4636708588703,1367.5813569061088,2541022
2025-03-28,1378.3692626953125,1389.7888564458287,1368.9420710542352,1375.307815962308,1642693
2025-04-01,1355.918701171875,1377.1056186057253,1346.4428691071635,1362.5760568949229,1578367
2025-04-02,1383.0343017578125,1385.9499426438729,1357.862578380612,1357.862578380612,1617949
2025-04-03,1330.84423828125,1360.6323926040195,1322.0001514568698,1357.7167517627254,1943422
2025-04-04,1283.80517578125,1320.9795955464115,1281.7642509726688,1312.0383446527574,1757493
2025-04-07,1251.7818603515625,1257.418813699544,1175.3920904272206,1209.9910063180864,3044730
2025-04-08,1277.439453125,1304.311966370835,1254.843236803111,1277.0506772886906,2868814
2025-04-09,1236.960693359375,1263.3957909519136,1228.7968748377057,1253.725629097304,3724878
2025-04-11,1246.1934814453125,1275.447053967721,1238.3697977838378,1239.1473494581971,1803181
2025-04-15,1265.0965576171875,1277.245061545438,1250.6156358449,1277.245061545438,1511866
2025-04-16,1271.899658203125,1277.6337755070315,1247.4083229252851,1255.6693051963134,1093342
2025-04-17,1270.0531005859375,1272.0940252908808,1240.0219784946473,1258.6820309937314,3027966
2025-04-21,1334.8775634765625,1349.9417078041101,1266.3600037932006,1267.331884072397,3759267
2025-04-22,1337.793212890625,1356.7448784564565,1322.923397068496,1335.3635121770567,2471135
2025-04-23,1399.118896484375,1408.6433711540267,1368.4075018466147,1379.0010211495367,5944062
2025-04-24,1404.561279296875,1426.2342561642047,1393.9678795616105,1404.3669507034247,2501415
2025-04-25,1420.8890380859375,1432.4544377048817,1336.3354496362272,1414.4746516552307,8211667
2025-04-28,1420.4029541015625,1438.3827383306962,1396.591888500818,1427.983667339746,2079431
2025-04-29,1453.252685546875,1462.5827128630526,1422.152515401127,1424.970873410398,2652788
2025-04-30,1460.736083984375,1468.316797743578,1448.1016401441907,1453.2526531648969,1858465
2025-05-02,1452.0863037109375,1476.286146428657,1447.907289686437,1462.6798224984389,1582577
2025-05-05,1452.572265625,1464.1376648665937,1448.587580141824,1456.848562651858,846022
2025-05-06,1454.1273193359375,1462.4855851821,1444.3113516154235,1454.8077067575541,1545773
2025-05-07,1453.1553955078125,1462.58270571984,1438.9659666756625,1447.2269493302804,1272555
2025-05-08,1460.5416259765625,1475.800097807332,1446.1577514239775,1458.6950298513666,2829448
2025-05-09,1451.697509765625,1459.083894717233,1436.536201302876,1438.382797540778,923174
2025-05-12,1528.8648681640625,1532.169284894235,1474.7311831937768,1479.2018088227248,1891418
2025-05-13,1528.28173828125,1555.8831619243363,1521.0898004912042,1555.3000574846526,3724272
2025-05-14,1558.118408203125,1564.1441370860373,1533.724237047299,1539.4583543928486,2354571
2025-05-15,1583.2901611328125,1590.3849347247171,1555.202796945832,1560.8397500986657,2972408
2025-05-16,1571.5303955078125,1589.8989563257092,1556.2719227344112,1589.0242403557659,1159095
2025-05-19,1552.870361328125,1580.4716664141824,1548.3024528221656,1571.5304152789427,681874
2025-05-20,1531.6832275390625,1573.96001713167,1529.059198398748,1566.670915477772,1869716
2025-05-21,1553.259033203125,1557.924106053762,1525.2689520124957,1532.6552184945617,930031
2025-05-22,1521.57568359375,1544.997973705272,1514.1894174799295,1544.997973705272,1789310
2025-05-23,1535.8624267578125,1558.8959415310796,1523.7139234728133,1530.711413909882,1159290
2025-05-26,1556.369140625,1559.284781533388,1538.486519326008,1538.486519326008,711029
2025-05-27,1547.6221923828125,1559.1875915229418,1534.1130326691398,1556.369114963758,1394001
2025-05-28,1535.8624267578125,1556.9521810054798,1533.7242189970161,1555.785972145211,820958
2025-05-29,1555.008544921875,1559.7707823182457,1539.9443996429443,1547.330666503776,1799251
2025-05-30,1529.642333984375,1550.1489833278124,1523.9082168388777,1550.1489833278124,2780942
2025-06-02,1505.539794921875,1524.8802372093107,1498.7366326143765,1520.99271589074,2120693
2025-06-03,1500.388916015625,1520.8955674575473,1490.7672769242033,1512.1486443994797,2316285
2025-06-04,1512.9259033203125,1522.5475413040892,1500.5830718810435,1501.3606235184543,1439090
2025-06-05,1518.8546142578125,1526.1437166708022,1503.4988577193535,1516.1333019018691,1529586
2025-06-06,1526.921142578125,1529.2536790668796,1511.662669053651,1520.798367762595,828051
2025-06-09,1534.6961669921875,1546.7475065103267,1526.921124546644,1530.711481466393,598108
2025-06-10,1565.6019287109375,1587.5663987773116,1534.5989248052495,1534.696089103341,3324373
2025-06-11,1591.4539794921875,1602.6306028596136,1559.4790941308745,1572.5023137822043,2660949
2025-06-12,1598.159912109375,1611.3774598255131,1566.5738038799848,1589.996094254849,2316173
2025-06-13,1612.349365234375,1622.0681679181266,1559.4790549072213,1559.867830742117,2511076
2025-06-16,1646.26806640625,1658.027794326624,1604.768706350371,1611.377539855535,2160406
2025-06-17,1670.2734375,1676.4934950643064,1636.8407318998673,1644.8102214358546,2105126
2025-06-18,1662.595458984375,1684.0741069385192,1660.3602056420714,1668.8155161726156,1299278
2025-06-19,1636.6463623046875,1646.3651649311998,1614.0015047298227,1636.6463623046875,3056884
2025-06-20,1648.4061279296875,1660.4574671931982,1622.2625245313793,1632.7588790661825,3425550
2025-06-23,1634.50830078125,1644.4214321725888,1628.5797361687896,1632.758868823847,732380
2025-06-24,1629.9403076171875,1660.457370522017,1627.6077713410605,1651.0301797599195,1923989
2025-06-25,1657.055908203125,1665.8028308857222,1628.6770509546805,1642.2833751276091,1416375
2025-06-26,1642.6719970703125,1655.5980522121797,1623.3316744641927,1647.3370698559697,2528268
2025-06-27,1627.3162841796875,1653.9458262638905,1615.848049987059,1650.2526339272208,6183785
2025-06-30,1639.56201171875,1641.9917123881614,1613.321244489108,1633.3419542775116,1546996
2025-07-01,1624.206298828125,1649.669633697109,1622.359821180903,1642.4776957986103,1689051
2025-07-02,1629.9403076171875,1651.2245083505454,1620.610281150403,1627.8993828647226,1931642
2025-07-03,1624.88671875,1645.3933696231911,1623.040122428074,1637.5211628168054,1713273
2025-07-04,1638.048828125,1646.658751517565,1623.501197324542,1627.9545684845302,1310544
2025-07-07,1607.0732421875,1630.824555219481,1598.7602584652216,1630.824555219481,1550115
2025-07-08,1618.4541015625,1626.767085397165,1602.2240132768072,1606.1825655023213,1318755
2025-07-09,1598.0675048828125,1619.4436617111448,1595.29647013609,1617.8602650581981,1173847
2025-07-10,1583.519775390625,1600.6405614993353,1573.623395167191,1598.067526802327,1631315
2025-07-11,1585.8948974609375,1590.348268467848,1561.450887145174,1563.6280424263846,2559235
2025-07-14,1560.3621826171875,1581.4415202899029,1547.892768007525,1581.4415202899029,2068336
2025-07-15,1562.638427734375,1578.373696354596,1536.9078393106297,1538.491235975622,2574760
2025-07-16,1591.239013671875,1594.3068674058604,1560.9561140945243,1563.628088455158,2207039
2025-07-17,1547.4969482421875,1587.2804697641882,1544.726034225231,1566.9928900304992,7617296
2025-07-18,1532.850341796875,1557.6902317507486,1522.0632632990162,1556.7005937382005,3619191
2025-07-21,1527.80322265625,1537.3037234813082,1515.4327474138765,1534.9285680736882,988104
2025-07-22,1531.16796875,1536.710038568854,1525.2301403487377,1533.939003659427,1404790
2025-07-23,1530.5740966796875,1536.8088643612866,1518.5995011186883,1534.9285280124377,2887100
2025-07-24,1483.071533203125,1537.8975044334593,1480.0036794596128,1537.8975044334593,2207437
2025-07-25,1446.7518310546875,1485.7435928117823,1440.6160029091184,1474.659574615958,1179664
2025-07-28,1435.56884765625,1450.8092969007384,1430.1258386978911,1446.850744931023,1070496
2025-07-29,1438.73583984375,1443.9808490051942,1421.5161136793113,1435.5689256127514,1458817
2025-07-30,1448.038330078125,1450.9083045517857,1433.589638872449,1436.261734060516,1299448
2025-07-31,1448.5330810546875,1458.0337024254131,1432.2040541812037,1434.975088881902,1382994
2025-08-01,1423.8912353515625,1444.6736338278047,1417.5575278453375,1441.5067196719808,1620011
2025-08-04,1459.716064453125,1461.6953404727226,1404.395275544292,1420.130544061176,1581473
2025-08-05,1470.00830078125,1472.3834561284712,1446.0589888377804,1454.8667911474568,2929677
2025-08-06,1443.8818359375,1466.148690844007,1438.2409476833525,1464.7631734887404,1039973
2025-08-07,1466.6435546875,1476.5399349485492,1434.9751378521423,1439.923327982667,1587489
2025-08-08,1465.0601806640625,1480.4985099489693,1458.5285937518431,1458.5285937518431,1371665
2025-08-11,1465.7528076171875,1506.921723974621,1454.4709103332407,1465.0601093440916,888886
2025-08-12,1493.6607666015625,1501.6768106960017,1465.653961287868,1467.2373580167628,2532937
2025-08-13,1490.6917724609375,1502.9631870556111,1483.7643064389158,1499.3015747661393,1815196
2025-08-14,1471.2947998046875,1514.0472348621527,1469.6124634885196,1494.2544744111287,1715172
2025-08-18,1455.9554443359375,1484.4570683708275,1452.887590555723,1484.4570683708275,1249405
2025-08-19,1481.191162109375,1484.0611365011343,1449.2259268509702,1456.747151570276,1807647
2025-08-20,1508.3072509765625,1516.1254153342131,1471.9875847146798,1472.5813433533351,2329633
2025-08-21,1505.536376953125,1515.8285157769797,1493.4627205552604,1512.166903403734,1251760
2025-08-22,1489.4052734375,1513.7503454402436,1483.4674451048588,1513.7503454402436,969599
2025-08-25,1511.2762451171875,1523.7456604118722,1489.4052683280731,1500.2912869005706,1386218
2025-08-26,1486.6341552734375,1510.6824069955344,1483.368422356699,1505.2393979955505,1510822
2025-08-28,1480.1026611328125,1493.5617146128054,1467.2373663288404,1484.4570927660116,1771867
2025-08-29,1466.0498046875,1489.1082983486128,1463.3777095179885,1483.269530604464,2279980
2025-09-01,1489.9000244140625,1494.2544558201962,1469.6124452041734,1469.6124452041734,1241192
2025-09-02,1497.12451171875,1504.150917812897,1483.0715787250285,1486.4363723041126,1137022
2025-09-03,1492.572021484375,1500.3901860455867,1481.7850636525886,1497.1244530452432,1431929
2025-09-04,1484.8529052734375,1495.145164814133,1479.8057755464433,1490.4937936497095,1038934
2025-09-05,1462.5860595703125,1491.7803812731152,1446.949730471727,1483.4673977119105,1875965
2025-09-08,1445.564208984375,1472.4824356394215,1443.881872670807,1467.0394265238017,1308412
2025-09-09,1482.6756591796875,1484.45705596902,1450.5124229670255,1451.4031213616918,1749566
2025-09-10,1510.1876220703125,1520.0840022935781,1486.2384302521791,1487.425947556802,1660976
2025-09-11,1505.4373779296875,1515.6306983333695,1490.097987904113,1510.187688969456,896908
2025-09-12,1509.69287109375,1514.1462423949115,1496.8275762237279,1513.1566043279868,770698
2025-09-15,1504.0518798828125,1512.067923517255,1489.998947807403,1512.067923517255,825515
2025-09-16,1515.630615234375,1518.1047102641405,1494.3533979783913,1507.1197524930658,1011289
2025-09-17,1531.16796875,1533.3452449803865,1509.7918106665413,1522.3602865991368,1946337
2025-09-18,1534.631591796875,1550.6637998124208,1525.8239102784069,1539.876721496892,2246114
2025-09-19,1537.6995849609375,1541.2622576282095,1525.6259287815897,1534.9285502167145,2621234
2025-09-22,1489.8011474609375,1494.3534583384994,1438.2410291190852,1483.4674397678216,5723501
2025-09-23,1456.648193359375,1496.0357131949572,1452.9864602836687,1496.0357131949572,1380054
2025-09-24,1437.350341796875,1454.7679474832075,1424.0891676383237,1454.7679474832075,2122106
2025-09-25,1429.334228515625,1445.0693762561637,1422.1098227085765,1436.9543928829876,1581629
2025-09-26,1393.1134033203125,1426.563216979923,1388.956971925995,1424.9798202966317,1851067
2025-09-29,1396.082275390625,1410.2341470835258,1377.4771535123537,1400.3377671039923,2708118
2025-09-30,1385.7901611328125,1411.9165080921323,1378.0709362913815,1393.4103255283771,2225340
2025-10-01,1401.327392578125,1408.8486171342686,1378.9615981853487,1386.4828227414923,1683484
2025-10-03,1386.0870361328125,1409.046711499703,1382.8213030334825,1408.254952733269,2568702
2025-10-06,1424.3861083984375,1427.0580828388636,1382.6233097738498,1390.3425349657455,3036770
2025-10-07,1423.990234375,1430.8187611773226,1411.8176378662758,1425.0788120842565,1105550
2025-10-08,1443.090087890625,1457.5388993811462,1417.2605601691457,1417.2605601691457,1154614
2025-10-09,1451.403076171875,1460.1119389512437,1436.9543854380586,1443.0900927561904,1354036
2025-10-10,1442.1004638671875,1462.388043128704,1435.0740581376979,1461.6953448419429,937053
2025-10-13,1435.8658447265625,1446.355983704215,1424.2870072694188,1439.923336496499,1229414
2025-10-14,1452.78857421875,1464.4663508622946,1442.79325464713,1444.8714702720538,1430713
2025-10-15,1443.8818359375,1463.6745958543952,1425.4745933758713,1454.7678538917924,2810322
2025-10-16,1448.6322021484375,1451.502055802019,1432.8969332504778,1450.8093575005526,1619438
2025-10-17,1432.5999755859375,1449.819701319002,1425.1776904256014,1449.819701319002,1433539
2025-10-20,1444.4000244140625,1455.0,1439.0,1440.0,1800507
2025-10-21,1448.699951171875,1457.300048828125,1442.0,1450.0,114229
2025-10-23,1463.4000244140625,1487.5,1460.9000244140625,1465.0,3244860
2025-10-24,1453.699951171875,1468.0,1450.0,1465.4000244140625,969361
2025-10-27,1462.800048828125,1475.5999755859375,1457.0,1457.9000244140625,1036807
2025-10-28,1447.4000244140625,1469.5999755859375,1435.300048828125,1469.0,1432913
2025-10-29,1452.199951171875,1461.199951171875,1442.5999755859375,1453.0,1311858
2025-10-30,1433.800048828125,1458.0999755859375,1432.5,1453.199951171875,1797868
2025-10-31,1424.4000244140625,1437.5,1420.300048828125,1433.800048828125,1757591
2025-11-03,1419.800048828125,1424.0,1414.0,1419.0999755859375,2136091
2025-11-04,1409.199951171875,1425.300048828125,1405.5999755859375,1419.9000244140625,1191278
2025-11-06,1413.5999755859375,1420.9000244140625,1410.0,1412.0,2502412
2025-11-07,1386.699951171875,1409.800048828125,1385.0,1400.0999755859375,1209479
2025-11-10,1397.800048828125,1404.300048828125,1383.5999755859375,1386.699951171875,2883323
2025-11-11,1408.0,1410.4000244140625,1392.199951171875,1405.0,2488036
2025-11-12,1456.0999755859375,1460.199951171875,1414.0,1415.0,2958869
2025-11-13,1451.4000244140625,1463.800048828125,1442.300048828125,1463.0,1178211
2025-11-14,1439.199951171875,1445.800048828125,1422.9000244140625,1444.199951171875,1220596
2025-11-17,1452.800048828125,1455.9000244140625,1438.300048828125,1440.0,999416
2025-11-18,1422.0,1451.0999755859375,1419.5,1444.0,1553597
2025-11-19,1433.9000244140625,1443.5,1417.800048828125,1427.5,5777445
2025-11-20,1456.0,1464.699951171875,1430.699951171875,1445.300048828125,2818268
2025-11-21,1461.5,1469.0,1440.0,1455.0,2615232
2025-11-24,1494.699951171875,1513.800048828125,1461.800048828125,1470.0,6808658
2025-11-25,1494.699951171875,1502.0,1483.5,1501.199951171875,1675981
2025-11-26,1520.4000244140625,1522.699951171875,1496.199951171875,1498.0,1592891
2025-11-27,1509.800048828125,1532.0,1505.0,1523.0,1426194
2025-11-28,1517.300048828125,1525.300048828125,1503.699951171875,1515.800048828125,1247146
2025-12-01,1529.5,1532.0,1509.699951171875,1515.300048828125,1527101
2025-12-02,1536.699951171875,1539.0,1520.0,1523.0999755859375,1754978
2025-12-03,1541.699951171875,1550.800048828125,1530.300048828125,1537.9000244140625,2142830
2025-12-04,1562.300048828125,1577.9000244140625,1541.0999755859375,1545.0999755859375,2422663
2025-12-05,1570.800048828125,1583.0,1556.5999755859375,1567.0999755859375,2223397
2025-12-08,1591.800048828125,1595.699951171875,1572.699951171875,1581.0,2833786
2025-12-09,1561.5999755859375,1586.0,1559.0,1579.0999755859375,1533609
2025-12-10,1550.800048828125,1572.9000244140625,1548.199951171875,1563.0,735586
2025-12-11,1568.199951171875,1572.0,1541.0,1550.0,1248064
2025-12-12,1578.4000244140625,1580.5,1558.699951171875,1575.0,754479
2025-12-15,1575.4000244140625,1588.699951171875,1567.699951171875,1571.0,784781
2025-12-16,1578.199951171875,1580.300048828125,1564.699951171875,1570.0,999338
2025-12-17,1579.4000244140625,1586.199951171875,1570.300048828125,1578.199951171875,582251
2025-12-18,1605.5999755859375,1608.800048828125,1574.5999755859375,1581.0,1748780
2025-12-19,1612.5,1624.0,1595.0,1611.0,1802793
2025-12-22,1646.699951171875,1649.800048828125,1612.800048828125,1615.9000244140625,1466208
2025-12-23,1633.0,1646.5,1628.800048828125,1646.5,1161166
2025-12-24,1631.5,1636.5999755859375,1615.300048828125,1630.0,955523
2025-12-26,1612.300048828125,1633.699951171875,1608.0,1630.5,461192
2025-12-29,1612.4000244140625,1629.800048828125,1610.0999755859375,1614.0,891096
2025-12-30,1604.5999755859375,1616.199951171875,1599.0,1614.9000244140625,1973547
2025-12-31,1590.9000244140625,1614.800048828125,1588.300048828125,1614.800048828125,729913
2026-01-01,1607.699951171875,1613.5,1587.199951171875,1591.0,565878
2026-01-02,1612.0,1619.0999755859375,1601.9000244140625,1611.0,637080
2026-01-05,1596.9000244140625,1610.0999755859375,1576.0999755859375,1601.9000244140625,907810
2026-01-06,1601.800048828125,1625.4000244140625,1596.0999755859375,1603.9000244140625,570335
2026-01-07,1625.199951171875,1633.9000244140625,1595.800048828125,1599.0,1309781
2026-01-08,1577.9000244140625,1632.800048828125,1574.5,1625.0,1657201
2026-01-09,1582.199951171875,1606.4000244140625,1578.0999755859375,1583.0,1410053
2026-01-12,1586.0999755859375,1594.0,1562.800048828125,1572.0999755859375,652320
2026-01-13,1614.800048828125,1622.9000244140625,1582.0,1582.0,2573438
2026-01-14,1588.5,1613.0,1583.0999755859375,1612.9000244140625,1570385
2026-01-15,1588.5,1588.5,1588.5,1588.5,0
2026-01-16,1670.5,1680.699951171875,1600.0,1600.0,3733401
2026-01-19,1718.300048828125,1736.0,1673.5,1690.0,10621562
2026-01-20,1678.5,1716.699951171875,1675.0,1715.0,1825981
2026-01-21,1686.699951171875,1694.300048828125,1660.0999755859375,1678.5,1766163
2026-01-22,1687.4000244140625,1712.5999755859375,1682.699951171875,1695.0,3123567
2026-01-23,1701.0999755859375,1709.699951171875,1689.199951171875,1699.0,1831521
2026-01-27,1745.0999755859375,1749.0,1700.0,1720.0,2932973
2026-01-28,1762.9000244140625,1765.699951171875,1739.9000244140625,1748.0,2534826
2026-01-29,1768.4000244140625,1776.5999755859375,1736.0999755859375,1751.0999755859375,1893136
2026-01-30,1743.0999755859375,1760.0,1731.0,1757.0999755859375,1672787
2026-02-02,1724.0,1729.5999755859375,1709.199951171875,1713.699951171875,1030696
2026-02-03,1716.5,1854.0,1712.699951171875,1845.0,2711705
2026-02-04,1645.300048828125,1656.0,1598.0,1651.0,4823180
2026-02-05,1646.199951171875,1659.0999755859375,1630.0,1630.0999755859375,1720981
2026-02-06,1619.9000244140625,1645.9000244140625,1600.0,1645.0,1988639
2026-02-09,1621.699951171875,1636.0,1613.5999755859375,1625.0,933821
2026-02-10,1644.5999755859375,1658.5,1611.0999755859375,1625.0,1527966
2026-02-11,1634.4000244140625,1658.0,1625.0,1655.0,1521823
2026-02-12,1536.5999755859375,1611.0,1528.0,1605.0,5343729
2026-02-13,1534.4000244140625,1548.0,1464.4000244140625,1482.5999755859375,7058376
2026-02-16,1512.699951171875,1541.9000244140625,1494.699951171875,1526.0,1873472
2026-02-17,1523.800048828125,1547.5,1506.0,1512.699951171875,1781501
2026-02-18,1504.800048828125,1528.5999755859375,1481.699951171875,1524.5999755859375,1989222
2026-02-19,1479.300048828125,1532.800048828125,1472.300048828125,1506.800048828125,1108260
2026-02-20,1456.9000244140625,1477.300048828125,1453.0999755859375,1465.0,1599813
2026-02-23,1440.9000244140625,1470.0,1430.0,1459.5,2660793
2026-02-24,1345.4000244140625,1423.199951171875,1335.300048828125,1420.0,7441035
2026-02-25,1361.800048828125,1397.699951171875,1351.4000244140625,1355.0999755859375,2683571
2026-02-26,1361.800048828125,1396.5999755859375,1360.4000244140625,1366.4000244140625,1587449
2026-02-27,1357.800048828125,1410.4000244140625,1354.0,1391.0,2601590
2026-03-02,1345.4000244140625,1362.800048828125,1322.199951171875,1335.0,1564363
2026-03-04,1351.199951171875,1362.199951171875,1321.0,1321.0,1820421
2026-03-05,1333.300048828125,1366.699951171875,1319.300048828125,1358.0,1210010
2026-03-06,1331.699951171875,1359.5,1326.5999755859375,1330.0,1033627
2026-03-09,1336.300048828125,1340.4000244140625,1304.0999755859375,1305.0,1032250
2026-03-10,1336.5999755859375,1347.9000244140625,1316.699951171875,1340.0,1069187
2026-03-11,1334.4000244140625,1355.4000244140625,1330.199951171875,1343.9000244140625,1499971
2026-03-12,1349.800048828125,1356.5,1327.0,1334.4000244140625,3067753
2026-03-13,1332.800048828125,1342.5,1319.800048828125,1342.5,1150005
2026-03-16,1339.5,1346.4000244140625,1315.9000244140625,1324.0,2062060
2026-03-17,1341.800048828125,1354.800048828125,1318.199951171875,1340.9000244140625,1634005
2026-03-18,1385.199951171875,1404.699951171875,1344.300048828125,1346.800048828125,2969039
2026-03-19,1340.5999755859375,1379.300048828125,1331.0999755859375,1364.0999755859375,1219405
2026-03-20,1384.800048828125,1391.0,1355.5999755859375,1360.699951171875,3396834
